<?xml version="1.0" encoding="UTF-8"?>
<gpx version="1.1" creator="Apple Health Export" xmlns="http://www.topografix.com/GPX/1/1" xmlns:xsi="http://www.w3.org/2001/XMLSchema-instance" xsi:schemaLocation="http://www.topografix.com/GPX/1/1 http://www.topografix.com/GPX/1/1/gpx.xsd">
  <metadata>
    <time>2026-06-04T15:24:52Z</time>
  </metadata>
  <trk>
    <name>Route 2022-07-17 4:41pm</name>
    <trkseg>
      <trkpt lon="35.000274" lat="31.901563"><ele>243.019852</ele><time>2022-07-17T13:25:28Z</time><extensions><speed>0.100958</speed><course>269.895142</course><hAcc>6.099892</hAcc><vAcc>0.599488</vAcc></extensions></trkpt>
      <trkpt lon="35.000268" lat="31.901562"><ele>243.026108</ele><time>2022-07-17T13:25:28Z</time><extensions><speed>0.124005</speed><course>267.221466</course><hAcc>5.977560</hAcc><vAcc>0.576901</vAcc></extensions></trkpt>
      <trkpt lon="35.000263" lat="31.901560"><ele>243.028427</ele><time>2022-07-17T13:25:29Z</time><extensions><speed>0.203448</speed><course>264.703430</course><hAcc>5.668872</hAcc><vAcc>0.499783</vAcc></extensions></trkpt>
      <trkpt lon="35.000258" lat="31.901559"><ele>243.041061</ele><time>2022-07-17T13:25:30Z</time><extensions><speed>0.344811</speed><course>264.375519</course><hAcc>5.316089</hAcc><vAcc>0.441458</vAcc></extensions></trkpt>
      <trkpt lon="35.000252" lat="31.901559"><ele>243.052292</ele><time>2022-07-17T13:25:31Z</time><extensions><speed>0.511617</speed><course>264.462616</course><hAcc>4.952014</hAcc><vAcc>0.412609</vAcc></extensions></trkpt>
      <trkpt lon="35.000245" lat="31.901558"><ele>243.062515</ele><time>2022-07-17T13:25:32Z</time><extensions><speed>0.667682</speed><course>264.210938</course><hAcc>4.595868</hAcc><vAcc>0.402614</vAcc></extensions></trkpt>
      <trkpt lon="35.000238" lat="31.901557"><ele>243.071594</ele><time>2022-07-17T13:25:33Z</time><extensions><speed>0.789087</speed><course>263.434204</course><hAcc>4.264893</hAcc><vAcc>0.402863</vAcc></extensions></trkpt>
      <trkpt lon="35.000229" lat="31.901557"><ele>243.079773</ele><time>2022-07-17T13:25:34Z</time><extensions><speed>0.839272</speed><course>261.893372</course><hAcc>3.967648</hAcc><vAcc>0.408625</vAcc></extensions></trkpt>
      <trkpt lon="35.000219" lat="31.901555"><ele>243.088425</ele><time>2022-07-17T13:25:35Z</time><extensions><speed>0.994791</speed><course>259.252869</course><hAcc>3.650119</hAcc><vAcc>0.418452</vAcc></extensions></trkpt>
      <trkpt lon="35.000208" lat="31.901553"><ele>243.098068</ele><time>2022-07-17T13:25:36Z</time><extensions><speed>1.118746</speed><course>256.856415</course><hAcc>3.300276</hAcc><vAcc>0.432835</vAcc></extensions></trkpt>
      <trkpt lon="35.000197" lat="31.901551"><ele>243.107819</ele><time>2022-07-17T13:25:37Z</time><extensions><speed>1.131396</speed><course>256.137482</course><hAcc>2.943750</hAcc><vAcc>0.452902</vAcc></extensions></trkpt>
      <trkpt lon="35.000186" lat="31.901549"><ele>243.123337</ele><time>2022-07-17T13:25:38Z</time><extensions><speed>1.021899</speed><course>256.872375</course><hAcc>2.611837</hAcc><vAcc>0.479205</vAcc></extensions></trkpt>
      <trkpt lon="35.000176" lat="31.901547"><ele>243.143204</ele><time>2022-07-17T13:25:39Z</time><extensions><speed>0.834461</speed><course>259.075928</course><hAcc>2.337805</hAcc><vAcc>0.510798</vAcc></extensions></trkpt>
      <trkpt lon="35.000169" lat="31.901546"><ele>243.161621</ele><time>2022-07-17T13:25:40Z</time><extensions><speed>0.647157</speed><course>262.380951</course><hAcc>2.141302</hAcc><vAcc>0.545061</vAcc></extensions></trkpt>
      <trkpt lon="35.000163" lat="31.901545"><ele>243.184036</ele><time>2022-07-17T13:25:41Z</time><extensions><speed>0.492402</speed><course>264.162842</course><hAcc>2.013809</hAcc><vAcc>0.579160</vAcc></extensions></trkpt>
      <trkpt lon="35.000158" lat="31.901544"><ele>243.219589</ele><time>2022-07-17T13:25:42Z</time><extensions><speed>0.393923</speed><course>262.614441</course><hAcc>1.923341</hAcc><vAcc>0.611329</vAcc></extensions></trkpt>
      <trkpt lon="35.000154" lat="31.901544"><ele>243.229843</ele><time>2022-07-17T13:25:43Z</time><extensions><speed>0.310935</speed><course>257.783997</course><hAcc>1.864194</hAcc><vAcc>0.640709</vAcc></extensions></trkpt>
      <trkpt lon="35.000152" lat="31.901543"><ele>243.255127</ele><time>2022-07-17T13:25:44Z</time><extensions><speed>0.207695</speed><course>247.350311</course><hAcc>1.837933</hAcc><vAcc>0.666264</vAcc></extensions></trkpt>
      <trkpt lon="35.000151" lat="31.901543"><ele>243.291458</ele><time>2022-07-17T13:25:45Z</time><extensions><speed>0.091932</speed><course>205.150711</course><hAcc>1.846464</hAcc><vAcc>0.687686</vAcc></extensions></trkpt>
      <trkpt lon="35.000151" lat="31.901542"><ele>243.312500</ele><time>2022-07-17T13:25:46Z</time><extensions><speed>0.142819</speed><course>132.432938</course><hAcc>1.853196</hAcc><vAcc>0.705236</vAcc></extensions></trkpt>
      <trkpt lon="35.000153" lat="31.901541"><ele>243.334427</ele><time>2022-07-17T13:25:47Z</time><extensions><speed>0.301911</speed><course>120.583275</course><hAcc>1.832057</hAcc><vAcc>0.719341</vAcc></extensions></trkpt>
      <trkpt lon="35.000156" lat="31.901539"><ele>243.354660</ele><time>2022-07-17T13:25:48Z</time><extensions><speed>0.420318</speed><course>120.730202</course><hAcc>1.830098</hAcc><vAcc>0.730646</vAcc></extensions></trkpt>
      <trkpt lon="35.000160" lat="31.901537"><ele>243.372620</ele><time>2022-07-17T13:25:49Z</time><extensions><speed>0.498342</speed><course>124.570343</course><hAcc>1.844712</hAcc><vAcc>0.739838</vAcc></extensions></trkpt>
      <trkpt lon="35.000165" lat="31.901534"><ele>243.396057</ele><time>2022-07-17T13:25:50Z</time><extensions><speed>0.540682</speed><course>131.650116</course><hAcc>1.858871</hAcc><vAcc>0.747620</vAcc></extensions></trkpt>
      <trkpt lon="35.000169" lat="31.901530"><ele>243.418243</ele><time>2022-07-17T13:25:51Z</time><extensions><speed>0.572325</speed><course>141.679169</course><hAcc>1.863029</hAcc><vAcc>0.754605</vAcc></extensions></trkpt>
      <trkpt lon="35.000172" lat="31.901526"><ele>243.435242</ele><time>2022-07-17T13:25:52Z</time><extensions><speed>0.633485</speed><course>154.767029</course><hAcc>1.855770</hAcc><vAcc>0.761240</vAcc></extensions></trkpt>
      <trkpt lon="35.000174" lat="31.901520"><ele>243.450272</ele><time>2022-07-17T13:25:53Z</time><extensions><speed>0.744343</speed><course>170.462418</course><hAcc>1.845630</hAcc><vAcc>0.767651</vAcc></extensions></trkpt>
      <trkpt lon="35.000175" lat="31.901512"><ele>243.465179</ele><time>2022-07-17T13:25:54Z</time><extensions><speed>0.882121</speed><course>181.205093</course><hAcc>1.827535</hAcc><vAcc>0.773799</vAcc></extensions></trkpt>
      <trkpt lon="35.000174" lat="31.901505"><ele>243.476883</ele><time>2022-07-17T13:25:55Z</time><extensions><speed>0.791443</speed><course>191.253265</course><hAcc>1.804409</hAcc><vAcc>0.779583</vAcc></extensions></trkpt>
      <trkpt lon="35.000172" lat="31.901499"><ele>243.488052</ele><time>2022-07-17T13:25:56Z</time><extensions><speed>0.474223</speed><course>199.927841</course><hAcc>1.786458</hAcc><vAcc>0.784861</vAcc></extensions></trkpt>
      <trkpt lon="35.000170" lat="31.901497"><ele>243.501984</ele><time>2022-07-17T13:25:57Z</time><extensions><speed>0.191762</speed><course>210.551010</course><hAcc>1.782624</hAcc><vAcc>0.789552</vAcc></extensions></trkpt>
      <trkpt lon="35.000170" lat="31.901496"><ele>243.509171</ele><time>2022-07-17T13:25:58Z</time><extensions><speed>0.087918</speed><course>245.169525</course><hAcc>1.773744</hAcc><vAcc>0.793601</vAcc></extensions></trkpt>
      <trkpt lon="35.000169" lat="31.901496"><ele>243.525558</ele><time>2022-07-17T13:25:59Z</time><extensions><speed>0.087641</speed><course>284.511627</course><hAcc>1.766703</hAcc><vAcc>0.797045</vAcc></extensions></trkpt>
      <trkpt lon="35.000168" lat="31.901496"><ele>243.533218</ele><time>2022-07-17T13:26:00Z</time><extensions><speed>0.112634</speed><course>294.064392</course><hAcc>1.761270</hAcc><vAcc>0.800023</vAcc></extensions></trkpt>
      <trkpt lon="35.000166" lat="31.901496"><ele>243.538040</ele><time>2022-07-17T13:26:01Z</time><extensions><speed>0.134850</speed><course>293.805328</course><hAcc>1.757648</hAcc><vAcc>0.802568</vAcc></extensions></trkpt>
      <trkpt lon="35.000165" lat="31.901497"><ele>243.533661</ele><time>2022-07-17T13:26:02Z</time><extensions><speed>0.156882</speed><course>292.048340</course><hAcc>1.754100</hAcc><vAcc>0.804751</vAcc></extensions></trkpt>
      <trkpt lon="35.000163" lat="31.901497"><ele>243.537720</ele><time>2022-07-17T13:26:03Z</time><extensions><speed>0.171612</speed><course>289.145294</course><hAcc>1.754138</hAcc><vAcc>0.806560</vAcc></extensions></trkpt>
      <trkpt lon="35.000162" lat="31.901498"><ele>243.533737</ele><time>2022-07-17T13:26:04Z</time><extensions><speed>0.175980</speed><course>281.735382</course><hAcc>1.755340</hAcc><vAcc>0.808081</vAcc></extensions></trkpt>
      <trkpt lon="35.000160" lat="31.901498"><ele>243.535553</ele><time>2022-07-17T13:26:05Z</time><extensions><speed>0.171477</speed><course>268.123260</course><hAcc>1.760738</hAcc><vAcc>0.809283</vAcc></extensions></trkpt>
      <trkpt lon="35.000158" lat="31.901498"><ele>243.533417</ele><time>2022-07-17T13:26:06Z</time><extensions><speed>0.188445</speed><course>253.371979</course><hAcc>1.757169</hAcc><vAcc>0.810314</vAcc></extensions></trkpt>
      <trkpt lon="35.000156" lat="31.901497"><ele>243.530136</ele><time>2022-07-17T13:26:07Z</time><extensions><speed>0.192674</speed><course>239.392685</course><hAcc>1.757731</hAcc><vAcc>0.811190</vAcc></extensions></trkpt>
      <trkpt lon="35.000155" lat="31.901496"><ele>243.520279</ele><time>2022-07-17T13:26:08Z</time><extensions><speed>0.192404</speed><course>225.119568</course><hAcc>1.757657</hAcc><vAcc>0.811854</vAcc></extensions></trkpt>
      <trkpt lon="35.000153" lat="31.901495"><ele>243.512558</ele><time>2022-07-17T13:26:09Z</time><extensions><speed>0.215045</speed><course>213.263962</course><hAcc>1.755562</hAcc><vAcc>0.812389</vAcc></extensions></trkpt>
      <trkpt lon="35.000153" lat="31.901493"><ele>243.503448</ele><time>2022-07-17T13:26:10Z</time><extensions><speed>0.122266</speed><course>167.033615</course><hAcc>1.769461</hAcc><vAcc>0.812830</vAcc></extensions></trkpt>
      <trkpt lon="35.000153" lat="31.901492"><ele>243.501251</ele><time>2022-07-17T13:26:11Z</time><extensions><speed>0.125939</speed><course>134.698929</course><hAcc>1.764563</hAcc><vAcc>0.813170</vAcc></extensions></trkpt>
      <trkpt lon="35.000154" lat="31.901492"><ele>243.509293</ele><time>2022-07-17T13:26:12Z</time><extensions><speed>0.101819</speed><course>124.335861</course><hAcc>1.755772</hAcc><vAcc>0.813372</vAcc></extensions></trkpt>
      <trkpt lon="35.000155" lat="31.901491"><ele>243.526993</ele><time>2022-07-17T13:26:13Z</time><extensions><speed>0.051767</speed><course>115.632607</course><hAcc>1.742563</hAcc><vAcc>0.813475</vAcc></extensions></trkpt>
      <trkpt lon="35.000155" lat="31.901491"><ele>243.546219</ele><time>2022-07-17T13:26:14Z</time><extensions><speed>0.011029</speed><course>310.488251</course><hAcc>1.728732</hAcc><vAcc>0.813519</vAcc></extensions></trkpt>
      <trkpt lon="35.000154" lat="31.901491"><ele>243.563583</ele><time>2022-07-17T13:26:15Z</time><extensions><speed>0.075077</speed><course>281.600861</course><hAcc>1.730444</hAcc><vAcc>0.813532</vAcc></extensions></trkpt>
      <trkpt lon="35.000153" lat="31.901491"><ele>243.588623</ele><time>2022-07-17T13:26:16Z</time><extensions><speed>0.140292</speed><course>270.154724</course><hAcc>1.762346</hAcc><vAcc>0.813557</vAcc></extensions></trkpt>
      <trkpt lon="35.000151" lat="31.901491"><ele>243.622040</ele><time>2022-07-17T13:26:17Z</time><extensions><speed>0.264706</speed><course>261.583557</course><hAcc>1.775588</hAcc><vAcc>0.813591</vAcc></extensions></trkpt>
      <trkpt lon="35.000146" lat="31.901490"><ele>243.647156</ele><time>2022-07-17T13:26:18Z</time><extensions><speed>0.648558</speed><course>255.932373</course><hAcc>1.734243</hAcc><vAcc>0.813666</vAcc></extensions></trkpt>
      <trkpt lon="35.000139" lat="31.901489"><ele>243.675461</ele><time>2022-07-17T13:26:19Z</time><extensions><speed>0.796360</speed><course>256.924103</course><hAcc>1.738972</hAcc><vAcc>0.813766</vAcc></extensions></trkpt>
      <trkpt lon="35.000131" lat="31.901488"><ele>243.702560</ele><time>2022-07-17T13:26:20Z</time><extensions><speed>0.728369</speed><course>267.070099</course><hAcc>1.757229</hAcc><vAcc>0.813900</vAcc></extensions></trkpt>
      <trkpt lon="35.000124" lat="31.901488"><ele>243.739334</ele><time>2022-07-17T13:26:21Z</time><extensions><speed>0.665709</speed><course>277.996307</course><hAcc>1.766796</hAcc><vAcc>0.814028</vAcc></extensions></trkpt>
      <trkpt lon="35.000116" lat="31.901489"><ele>243.753891</ele><time>2022-07-17T13:26:22Z</time><extensions><speed>0.777297</speed><course>280.789429</course><hAcc>1.765483</hAcc><vAcc>0.814154</vAcc></extensions></trkpt>
      <trkpt lon="35.000108" lat="31.901491"><ele>243.783920</ele><time>2022-07-17T13:26:23Z</time><extensions><speed>0.775076</speed><course>282.793335</course><hAcc>1.784603</hAcc><vAcc>0.814334</vAcc></extensions></trkpt>
      <trkpt lon="35.000101" lat="31.901492"><ele>243.814774</ele><time>2022-07-17T13:26:24Z</time><extensions><speed>0.649561</speed><course>283.973999</course><hAcc>1.795709</hAcc><vAcc>0.814488</vAcc></extensions></trkpt>
      <trkpt lon="35.000095" lat="31.901493"><ele>243.821899</ele><time>2022-07-17T13:26:25Z</time><extensions><speed>0.427235</speed><course>283.142334</course><hAcc>1.800228</hAcc><vAcc>0.814646</vAcc></extensions></trkpt>
      <trkpt lon="35.000091" lat="31.901494"><ele>243.843597</ele><time>2022-07-17T13:26:26Z</time><extensions><speed>0.392287</speed><course>281.588959</course><hAcc>1.796623</hAcc><vAcc>0.814790</vAcc></extensions></trkpt>
      <trkpt lon="35.000086" lat="31.901495"><ele>243.868011</ele><time>2022-07-17T13:26:27Z</time><extensions><speed>0.529844</speed><course>281.100006</course><hAcc>1.778713</hAcc><vAcc>0.814946</vAcc></extensions></trkpt>
      <trkpt lon="35.000080" lat="31.901496"><ele>243.878448</ele><time>2022-07-17T13:26:28Z</time><extensions><speed>0.630297</speed><course>281.492432</course><hAcc>1.772437</hAcc><vAcc>0.815067</vAcc></extensions></trkpt>
      <trkpt lon="35.000073" lat="31.901497"><ele>243.887589</ele><time>2022-07-17T13:26:29Z</time><extensions><speed>0.719550</speed><course>280.498535</course><hAcc>1.778334</hAcc><vAcc>0.815181</vAcc></extensions></trkpt>
      <trkpt lon="35.000065" lat="31.901498"><ele>243.887131</ele><time>2022-07-17T13:26:30Z</time><extensions><speed>0.827851</speed><course>279.704224</course><hAcc>1.782238</hAcc><vAcc>0.815287</vAcc></extensions></trkpt>
      <trkpt lon="35.000057" lat="31.901500"><ele>243.894226</ele><time>2022-07-17T13:26:31Z</time><extensions><speed>0.828803</speed><course>278.620575</course><hAcc>1.775214</hAcc><vAcc>0.815383</vAcc></extensions></trkpt>
      <trkpt lon="35.000049" lat="31.901501"><ele>243.900818</ele><time>2022-07-17T13:26:32Z</time><extensions><speed>0.695865</speed><course>279.479736</course><hAcc>1.766919</hAcc><vAcc>0.815498</vAcc></extensions></trkpt>
      <trkpt lon="35.000042" lat="31.901502"><ele>243.906235</ele><time>2022-07-17T13:26:33Z</time><extensions><speed>0.628194</speed><course>279.369080</course><hAcc>1.766904</hAcc><vAcc>0.815612</vAcc></extensions></trkpt>
      <trkpt lon="35.000035" lat="31.901502"><ele>243.940613</ele><time>2022-07-17T13:26:34Z</time><extensions><speed>0.582987</speed><course>278.509979</course><hAcc>1.758122</hAcc><vAcc>0.815693</vAcc></extensions></trkpt>
      <trkpt lon="35.000030" lat="31.901503"><ele>243.951920</ele><time>2022-07-17T13:26:35Z</time><extensions><speed>0.491981</speed><course>278.528900</course><hAcc>1.749814</hAcc><vAcc>0.815707</vAcc></extensions></trkpt>
      <trkpt lon="35.000025" lat="31.901504"><ele>243.978394</ele><time>2022-07-17T13:26:36Z</time><extensions><speed>0.371493</speed><course>278.463684</course><hAcc>1.746954</hAcc><vAcc>0.815791</vAcc></extensions></trkpt>
      <trkpt lon="35.000022" lat="31.901504"><ele>244.027466</ele><time>2022-07-17T13:26:37Z</time><extensions><speed>0.241946</speed><course>276.493927</course><hAcc>1.758418</hAcc><vAcc>0.815894</vAcc></extensions></trkpt>
      <trkpt lon="35.000019" lat="31.901504"><ele>244.068283</ele><time>2022-07-17T13:26:38Z</time><extensions><speed>0.270224</speed><course>270.331818</course><hAcc>1.765327</hAcc><vAcc>0.815990</vAcc></extensions></trkpt>
      <trkpt lon="35.000015" lat="31.901504"><ele>244.130234</ele><time>2022-07-17T13:26:39Z</time><extensions><speed>0.404867</speed><course>267.120392</course><hAcc>1.766323</hAcc><vAcc>0.816081</vAcc></extensions></trkpt>
      <trkpt lon="35.000010" lat="31.901504"><ele>244.186234</ele><time>2022-07-17T13:26:40Z</time><extensions><speed>0.638589</speed><course>266.833069</course><hAcc>1.760625</hAcc><vAcc>0.816160</vAcc></extensions></trkpt>
      <trkpt lon="35.000001" lat="31.901504"><ele>244.240295</ele><time>2022-07-17T13:26:41Z</time><extensions><speed>1.011724</speed><course>267.248535</course><hAcc>1.750994</hAcc><vAcc>0.816254</vAcc></extensions></trkpt>
      <trkpt lon="34.999989" lat="31.901503"><ele>244.321182</ele><time>2022-07-17T13:26:42Z</time><extensions><speed>1.214899</speed><course>268.788849</course><hAcc>1.760946</hAcc><vAcc>0.816372</vAcc></extensions></trkpt>
      <trkpt lon="34.999976" lat="31.901503"><ele>244.379990</ele><time>2022-07-17T13:26:43Z</time><extensions><speed>1.371132</speed><course>273.507599</course><hAcc>1.754964</hAcc><vAcc>0.816504</vAcc></extensions></trkpt>
      <trkpt lon="34.999961" lat="31.901505"><ele>244.432968</ele><time>2022-07-17T13:26:44Z</time><extensions><speed>1.439574</speed><course>279.066376</course><hAcc>1.737944</hAcc><vAcc>0.816648</vAcc></extensions></trkpt>
      <trkpt lon="34.999947" lat="31.901507"><ele>244.488922</ele><time>2022-07-17T13:26:45Z</time><extensions><speed>1.321174</speed><course>284.348969</course><hAcc>1.724274</hAcc><vAcc>0.816834</vAcc></extensions></trkpt>
      <trkpt lon="34.999934" lat="31.901510"><ele>244.533707</ele><time>2022-07-17T13:26:46Z</time><extensions><speed>1.143623</speed><course>287.878601</course><hAcc>1.736207</hAcc><vAcc>0.817024</vAcc></extensions></trkpt>
      <trkpt lon="34.999924" lat="31.901513"><ele>244.584793</ele><time>2022-07-17T13:26:47Z</time><extensions><speed>0.876181</speed><course>291.359802</course><hAcc>1.767455</hAcc><vAcc>0.817211</vAcc></extensions></trkpt>
      <trkpt lon="34.999916" lat="31.901516"><ele>244.633438</ele><time>2022-07-17T13:26:48Z</time><extensions><speed>0.828169</speed><course>289.643066</course><hAcc>1.738982</hAcc><vAcc>0.817422</vAcc></extensions></trkpt>
      <trkpt lon="34.999908" lat="31.901518"><ele>244.649551</ele><time>2022-07-17T13:26:49Z</time><extensions><speed>0.759527</speed><course>284.204987</course><hAcc>1.731773</hAcc><vAcc>0.817603</vAcc></extensions></trkpt>
      <trkpt lon="34.999900" lat="31.901519"><ele>244.643860</ele><time>2022-07-17T13:26:50Z</time><extensions><speed>0.651389</speed><course>277.524048</course><hAcc>1.739386</hAcc><vAcc>0.817709</vAcc></extensions></trkpt>
      <trkpt lon="34.999894" lat="31.901520"><ele>244.657425</ele><time>2022-07-17T13:26:51Z</time><extensions><speed>0.540900</speed><course>271.154663</course><hAcc>1.751198</hAcc><vAcc>0.817708</vAcc></extensions></trkpt>
      <trkpt lon="34.999889" lat="31.901520"><ele>244.664276</ele><time>2022-07-17T13:26:52Z</time><extensions><speed>0.468743</speed><course>266.557648</course><hAcc>1.767135</hAcc><vAcc>0.817576</vAcc></extensions></trkpt>
      <trkpt lon="34.999884" lat="31.901519"><ele>244.672913</ele><time>2022-07-17T13:26:53Z</time><extensions><speed>0.465774</speed><course>266.155670</course><hAcc>1.769132</hAcc><vAcc>0.817375</vAcc></extensions></trkpt>
      <trkpt lon="34.999879" lat="31.901519"><ele>244.679352</ele><time>2022-07-17T13:26:54Z</time><extensions><speed>0.523391</speed><course>267.409454</course><hAcc>1.774449</hAcc><vAcc>0.817112</vAcc></extensions></trkpt>
      <trkpt lon="34.999873" lat="31.901519"><ele>244.678268</ele><time>2022-07-17T13:26:55Z</time><extensions><speed>0.609149</speed><course>270.548981</course><hAcc>1.776540</hAcc><vAcc>0.816800</vAcc></extensions></trkpt>
      <trkpt lon="34.999866" lat="31.901519"><ele>244.689468</ele><time>2022-07-17T13:26:56Z</time><extensions><speed>0.648021</speed><course>273.626160</course><hAcc>1.772609</hAcc><vAcc>0.816423</vAcc></extensions></trkpt>
      <trkpt lon="34.999859" lat="31.901520"><ele>244.683868</ele><time>2022-07-17T13:26:57Z</time><extensions><speed>0.665636</speed><course>276.458740</course><hAcc>1.771432</hAcc><vAcc>0.815952</vAcc></extensions></trkpt>
      <trkpt lon="34.999852" lat="31.901521"><ele>244.684311</ele><time>2022-07-17T13:26:58Z</time><extensions><speed>0.687304</speed><course>277.058777</course><hAcc>1.770427</hAcc><vAcc>0.815385</vAcc></extensions></trkpt>
      <trkpt lon="34.999845" lat="31.901521"><ele>244.688354</ele><time>2022-07-17T13:26:59Z</time><extensions><speed>0.722455</speed><course>276.468231</course><hAcc>1.766706</hAcc><vAcc>0.814813</vAcc></extensions></trkpt>
      <trkpt lon="34.999836" lat="31.901522"><ele>244.695099</ele><time>2022-07-17T13:27:00Z</time><extensions><speed>0.809566</speed><course>273.964722</course><hAcc>1.765644</hAcc><vAcc>0.814253</vAcc></extensions></trkpt>
      <trkpt lon="34.999827" lat="31.901522"><ele>244.704971</ele><time>2022-07-17T13:27:01Z</time><extensions><speed>0.989204</speed><course>272.172302</course><hAcc>1.766306</hAcc><vAcc>0.813697</vAcc></extensions></trkpt>
      <trkpt lon="34.999816" lat="31.901523"><ele>244.717590</ele><time>2022-07-17T13:27:02Z</time><extensions><speed>1.123878</speed><course>271.992279</course><hAcc>1.767491</hAcc><vAcc>0.813166</vAcc></extensions></trkpt>
      <trkpt lon="34.999804" lat="31.901523"><ele>244.744202</ele><time>2022-07-17T13:27:03Z</time><extensions><speed>1.073182</speed><course>274.707977</course><hAcc>1.771825</hAcc><vAcc>0.812711</vAcc></extensions></trkpt>
      <trkpt lon="34.999794" lat="31.901525"><ele>244.772400</ele><time>2022-07-17T13:27:04Z</time><extensions><speed>0.964688</speed><course>280.962250</course><hAcc>1.776692</hAcc><vAcc>0.812200</vAcc></extensions></trkpt>
      <trkpt lon="34.999784" lat="31.901527"><ele>244.801819</ele><time>2022-07-17T13:27:05Z</time><extensions><speed>0.858519</speed><course>289.520630</course><hAcc>1.775839</hAcc><vAcc>0.811879</vAcc></extensions></trkpt>
      <trkpt lon="34.999776" lat="31.901530"><ele>244.838226</ele><time>2022-07-17T13:27:06Z</time><extensions><speed>0.849178</speed><course>295.625488</course><hAcc>1.771920</hAcc><vAcc>0.811711</vAcc></extensions></trkpt>
      <trkpt lon="34.999769" lat="31.901533"><ele>244.859573</ele><time>2022-07-17T13:27:07Z</time><extensions><speed>0.748408</speed><course>300.361877</course><hAcc>1.765257</hAcc><vAcc>0.811679</vAcc></extensions></trkpt>
      <trkpt lon="34.999763" lat="31.901536"><ele>244.890976</ele><time>2022-07-17T13:27:08Z</time><extensions><speed>0.504942</speed><course>310.665375</course><hAcc>1.764890</hAcc><vAcc>0.811818</vAcc></extensions></trkpt>
      <trkpt lon="34.999761" lat="31.901539"><ele>244.926270</ele><time>2022-07-17T13:27:09Z</time><extensions><speed>0.230582</speed><course>355.353485</course><hAcc>1.768122</hAcc><vAcc>0.812092</vAcc></extensions></trkpt>
      <trkpt lon="34.999762" lat="31.901541"><ele>244.966553</ele><time>2022-07-17T13:27:10Z</time><extensions><speed>0.244553</speed><course>38.446110</course><hAcc>1.763018</hAcc><vAcc>0.812509</vAcc></extensions></trkpt>
      <trkpt lon="34.999764" lat="31.901543"><ele>245.007721</ele><time>2022-07-17T13:27:11Z</time><extensions><speed>0.288741</speed><course>51.443230</course><hAcc>1.761953</hAcc><vAcc>0.813025</vAcc></extensions></trkpt>
      <trkpt lon="34.999766" lat="31.901544"><ele>245.046661</ele><time>2022-07-17T13:27:12Z</time><extensions><speed>0.302960</speed><course>52.697258</course><hAcc>1.766562</hAcc><vAcc>0.813617</vAcc></extensions></trkpt>
      <trkpt lon="34.999768" lat="31.901546"><ele>245.081711</ele><time>2022-07-17T13:27:13Z</time><extensions><speed>0.249209</speed><course>45.859882</course><hAcc>1.773449</hAcc><vAcc>0.814252</vAcc></extensions></trkpt>
      <trkpt lon="34.999770" lat="31.901547"><ele>245.116028</ele><time>2022-07-17T13:27:14Z</time><extensions><speed>0.199628</speed><course>19.166151</course><hAcc>1.766233</hAcc><vAcc>0.814900</vAcc></extensions></trkpt>
      <trkpt lon="34.999770" lat="31.901549"><ele>245.145432</ele><time>2022-07-17T13:27:15Z</time><extensions><speed>0.262427</speed><course>342.183960</course><hAcc>1.758842</hAcc><vAcc>0.815512</vAcc></extensions></trkpt>
      <trkpt lon="34.999768" lat="31.901552"><ele>245.175430</ele><time>2022-07-17T13:27:16Z</time><extensions><speed>0.448073</speed><course>327.546509</course><hAcc>1.747675</hAcc><vAcc>0.816111</vAcc></extensions></trkpt>
      <trkpt lon="34.999765" lat="31.901556"><ele>245.198410</ele><time>2022-07-17T13:27:17Z</time><extensions><speed>0.503540</speed><course>331.964233</course><hAcc>1.740191</hAcc><vAcc>0.816534</vAcc></extensions></trkpt>
      <trkpt lon="34.999763" lat="31.901560"><ele>245.218384</ele><time>2022-07-17T13:27:18Z</time><extensions><speed>0.467927</speed><course>331.849182</course><hAcc>1.715493</hAcc><vAcc>0.817002</vAcc></extensions></trkpt>
      <trkpt lon="34.999761" lat="31.901563"><ele>245.235260</ele><time>2022-07-17T13:27:19Z</time><extensions><speed>0.302536</speed><course>327.288757</course><hAcc>1.707195</hAcc><vAcc>0.817384</vAcc></extensions></trkpt>
      <trkpt lon="34.999759" lat="31.901564"><ele>245.258026</ele><time>2022-07-17T13:27:20Z</time><extensions><speed>0.178155</speed><course>315.941193</course><hAcc>1.724249</hAcc><vAcc>0.817528</vAcc></extensions></trkpt>
      <trkpt lon="34.999758" lat="31.901565"><ele>245.276215</ele><time>2022-07-17T13:27:21Z</time><extensions><speed>0.146026</speed><course>294.775421</course><hAcc>1.729067</hAcc><vAcc>0.817284</vAcc></extensions></trkpt>
      <trkpt lon="34.999756" lat="31.901565"><ele>245.287430</ele><time>2022-07-17T13:27:22Z</time><extensions><speed>0.173170</speed><course>272.805511</course><hAcc>1.722813</hAcc><vAcc>0.817002</vAcc></extensions></trkpt>
      <trkpt lon="34.999754" lat="31.901565"><ele>245.307373</ele><time>2022-07-17T13:27:23Z</time><extensions><speed>0.273723</speed><course>258.311920</course><hAcc>1.697780</hAcc><vAcc>0.816406</vAcc></extensions></trkpt>
      <trkpt lon="34.999750" lat="31.901564"><ele>245.326462</ele><time>2022-07-17T13:27:24Z</time><extensions><speed>0.360736</speed><course>249.688522</course><hAcc>1.693592</hAcc><vAcc>0.815662</vAcc></extensions></trkpt>
      <trkpt lon="34.999747" lat="31.901563"><ele>245.345184</ele><time>2022-07-17T13:27:25Z</time><extensions><speed>0.422029</speed><course>243.253235</course><hAcc>1.701272</hAcc><vAcc>0.814810</vAcc></extensions></trkpt>
      <trkpt lon="34.999743" lat="31.901561"><ele>245.363907</ele><time>2022-07-17T13:27:26Z</time><extensions><speed>0.445501</speed><course>239.059601</course><hAcc>1.707402</hAcc><vAcc>0.813937</vAcc></extensions></trkpt>
      <trkpt lon="34.999739" lat="31.901559"><ele>245.383011</ele><time>2022-07-17T13:27:27Z</time><extensions><speed>0.414336</speed><course>238.135529</course><hAcc>1.724617</hAcc><vAcc>0.813062</vAcc></extensions></trkpt>
      <trkpt lon="34.999735" lat="31.901557"><ele>245.395386</ele><time>2022-07-17T13:27:28Z</time><extensions><speed>0.298098</speed><course>241.576569</course><hAcc>1.765829</hAcc><vAcc>0.812254</vAcc></extensions></trkpt>
      <trkpt lon="34.999732" lat="31.901556"><ele>245.400284</ele><time>2022-07-17T13:27:29Z</time><extensions><speed>0.311425</speed><course>248.533829</course><hAcc>1.765959</hAcc><vAcc>0.811544</vAcc></extensions></trkpt>
      <trkpt lon="34.999729" lat="31.901555"><ele>245.411682</ele><time>2022-07-17T13:27:30Z</time><extensions><speed>0.410281</speed><course>254.912201</course><hAcc>1.737314</hAcc><vAcc>0.810943</vAcc></extensions></trkpt>
      <trkpt lon="34.999724" lat="31.901555"><ele>245.420151</ele><time>2022-07-17T13:27:31Z</time><extensions><speed>0.462498</speed><course>261.494965</course><hAcc>1.734931</hAcc><vAcc>0.810331</vAcc></extensions></trkpt>
      <trkpt lon="34.999721" lat="31.901554"><ele>245.424591</ele><time>2022-07-17T13:27:32Z</time><extensions><speed>0.229615</speed><course>251.476639</course><hAcc>1.760436</hAcc><vAcc>0.809808</vAcc></extensions></trkpt>
      <trkpt lon="34.999719" lat="31.901553"><ele>245.430725</ele><time>2022-07-17T13:27:33Z</time><extensions><speed>0.102538</speed><course>240.866043</course><hAcc>1.772924</hAcc><vAcc>0.809414</vAcc></extensions></trkpt>
      <trkpt lon="34.999719" lat="31.901553"><ele>245.430374</ele><time>2022-07-17T13:27:34Z</time><extensions><speed>0.023572</speed><course>250.612946</course><hAcc>1.779950</hAcc><vAcc>0.809159</vAcc></extensions></trkpt>
      <trkpt lon="34.999718" lat="31.901553"><ele>245.433273</ele><time>2022-07-17T13:27:35Z</time><extensions><speed>0.036077</speed><course>13.359425</course><hAcc>1.783536</hAcc><vAcc>0.809038</vAcc></extensions></trkpt>
      <trkpt lon="34.999719" lat="31.901554"><ele>245.432861</ele><time>2022-07-17T13:27:36Z</time><extensions><speed>0.070393</speed><course>13.044689</course><hAcc>1.784126</hAcc><vAcc>0.809004</vAcc></extensions></trkpt>
      <trkpt lon="34.999719" lat="31.901554"><ele>245.435226</ele><time>2022-07-17T13:27:37Z</time><extensions><speed>0.072217</speed><course>3.483547</course><hAcc>1.787717</hAcc><vAcc>0.809096</vAcc></extensions></trkpt>
      <trkpt lon="34.999718" lat="31.901555"><ele>245.444901</ele><time>2022-07-17T13:27:38Z</time><extensions><speed>0.033342</speed><course>289.364807</course><hAcc>1.791067</hAcc><vAcc>0.809261</vAcc></extensions></trkpt>
      <trkpt lon="34.999718" lat="31.901554"><ele>245.465500</ele><time>2022-07-17T13:27:39Z</time><extensions><speed>0.128519</speed><course>224.531815</course><hAcc>1.796929</hAcc><vAcc>0.809507</vAcc></extensions></trkpt>
      <trkpt lon="34.999717" lat="31.901553"><ele>245.467575</ele><time>2022-07-17T13:27:40Z</time><extensions><speed>0.227370</speed><course>223.833603</course><hAcc>1.803424</hAcc><vAcc>0.809730</vAcc></extensions></trkpt>
      <trkpt lon="34.999715" lat="31.901551"><ele>245.500381</ele><time>2022-07-17T13:27:41Z</time><extensions><speed>0.293777</speed><course>231.138885</course><hAcc>1.807122</hAcc><vAcc>0.810080</vAcc></extensions></trkpt>
      <trkpt lon="34.999712" lat="31.901550"><ele>245.513535</ele><time>2022-07-17T13:27:42Z</time><extensions><speed>0.344718</speed><course>244.867737</course><hAcc>1.802356</hAcc><vAcc>0.810583</vAcc></extensions></trkpt>
      <trkpt lon="34.999708" lat="31.901549"><ele>245.516205</ele><time>2022-07-17T13:27:43Z</time><extensions><speed>0.427717</speed><course>262.600311</course><hAcc>1.785519</hAcc><vAcc>0.811120</vAcc></extensions></trkpt>
      <trkpt lon="34.999703" lat="31.901549"><ele>245.534058</ele><time>2022-07-17T13:27:44Z</time><extensions><speed>0.411361</speed><course>284.147461</course><hAcc>1.786277</hAcc><vAcc>0.811667</vAcc></extensions></trkpt>
      <trkpt lon="34.999700" lat="31.901551"><ele>245.553909</ele><time>2022-07-17T13:27:45Z</time><extensions><speed>0.456692</speed><course>322.166870</course><hAcc>1.781423</hAcc><vAcc>0.812277</vAcc></extensions></trkpt>
      <trkpt lon="34.999698" lat="31.901555"><ele>245.568420</ele><time>2022-07-17T13:27:46Z</time><extensions><speed>0.599288</speed><course>352.344879</course><hAcc>1.769186</hAcc><vAcc>0.812927</vAcc></extensions></trkpt>
      <trkpt lon="34.999698" lat="31.901562"><ele>245.593613</ele><time>2022-07-17T13:27:47Z</time><extensions><speed>0.776755</speed><course>6.966290</course><hAcc>1.757862</hAcc><vAcc>0.813525</vAcc></extensions></trkpt>
      <trkpt lon="34.999699" lat="31.901569"><ele>245.618332</ele><time>2022-07-17T13:27:48Z</time><extensions><speed>0.843191</speed><course>12.420180</course><hAcc>1.739038</hAcc><vAcc>0.814074</vAcc></extensions></trkpt>
      <trkpt lon="34.999701" lat="31.901576"><ele>245.643478</ele><time>2022-07-17T13:27:49Z</time><extensions><speed>0.777898</speed><course>12.122696</course><hAcc>1.730036</hAcc><vAcc>0.814436</vAcc></extensions></trkpt>
      <trkpt lon="34.999702" lat="31.901582"><ele>245.671371</ele><time>2022-07-17T13:27:50Z</time><extensions><speed>0.646768</speed><course>6.706095</course><hAcc>1.710544</hAcc><vAcc>0.814618</vAcc></extensions></trkpt>
      <trkpt lon="34.999702" lat="31.901586"><ele>245.698807</ele><time>2022-07-17T13:27:51Z</time><extensions><speed>0.346473</speed><course>354.303925</course><hAcc>1.714785</hAcc><vAcc>0.814600</vAcc></extensions></trkpt>
      <trkpt lon="34.999701" lat="31.901588"><ele>245.727798</ele><time>2022-07-17T13:27:52Z</time><extensions><speed>0.132724</speed><course>257.577362</course><hAcc>1.736407</hAcc><vAcc>0.814300</vAcc></extensions></trkpt>
      <trkpt lon="34.999699" lat="31.901587"><ele>245.765427</ele><time>2022-07-17T13:27:53Z</time><extensions><speed>0.346969</speed><course>223.809723</course><hAcc>1.726324</hAcc><vAcc>0.813728</vAcc></extensions></trkpt>
      <trkpt lon="34.999696" lat="31.901584"><ele>245.783752</ele><time>2022-07-17T13:27:54Z</time><extensions><speed>0.488453</speed><course>222.214584</course><hAcc>1.727386</hAcc><vAcc>0.812929</vAcc></extensions></trkpt>
      <trkpt lon="34.999692" lat="31.901580"><ele>245.820206</ele><time>2022-07-17T13:27:55Z</time><extensions><speed>0.593048</speed><course>226.475662</course><hAcc>1.734485</hAcc><vAcc>0.812144</vAcc></extensions></trkpt>
      <trkpt lon="34.999687" lat="31.901577"><ele>245.867401</ele><time>2022-07-17T13:27:56Z</time><extensions><speed>0.665913</speed><course>233.292725</course><hAcc>1.742400</hAcc><vAcc>0.811443</vAcc></extensions></trkpt>
      <trkpt lon="34.999680" lat="31.901573"><ele>245.912872</ele><time>2022-07-17T13:27:57Z</time><extensions><speed>0.763580</speed><course>240.234390</course><hAcc>1.737014</hAcc><vAcc>0.810822</vAcc></extensions></trkpt>
      <trkpt lon="34.999673" lat="31.901570"><ele>245.959717</ele><time>2022-07-17T13:27:58Z</time><extensions><speed>0.890332</speed><course>245.309662</course><hAcc>1.722878</hAcc><vAcc>0.810301</vAcc></extensions></trkpt>
      <trkpt lon="34.999665" lat="31.901567"><ele>246.035248</ele><time>2022-07-17T13:27:59Z</time><extensions><speed>0.682919</speed><course>252.403564</course><hAcc>1.744197</hAcc><vAcc>0.809845</vAcc></extensions></trkpt>
      <trkpt lon="34.999659" lat="31.901566"><ele>246.079941</ele><time>2022-07-17T13:28:00Z</time><extensions><speed>0.520778</speed><course>259.642578</course><hAcc>1.777640</hAcc><vAcc>0.809512</vAcc></extensions></trkpt>
      <trkpt lon="34.999653" lat="31.901565"><ele>246.150513</ele><time>2022-07-17T13:28:01Z</time><extensions><speed>0.577745</speed><course>265.127258</course><hAcc>1.775930</hAcc><vAcc>0.809345</vAcc></extensions></trkpt>
      <trkpt lon="34.999646" lat="31.901565"><ele>246.212158</ele><time>2022-07-17T13:28:02Z</time><extensions><speed>0.786432</speed><course>267.967834</course><hAcc>1.753919</hAcc><vAcc>0.809398</vAcc></extensions></trkpt>
      <trkpt lon="34.999636" lat="31.901565"><ele>246.290421</ele><time>2022-07-17T13:28:03Z</time><extensions><speed>0.988568</speed><course>269.613892</course><hAcc>1.749337</hAcc><vAcc>0.809694</vAcc></extensions></trkpt>
      <trkpt lon="34.999625" lat="31.901565"><ele>246.378448</ele><time>2022-07-17T13:28:04Z</time><extensions><speed>1.232669</speed><course>270.737518</course><hAcc>1.758516</hAcc><vAcc>0.810251</vAcc></extensions></trkpt>
      <trkpt lon="34.999611" lat="31.901565"><ele>246.443222</ele><time>2022-07-17T13:28:05Z</time><extensions><speed>1.375793</speed><course>273.186829</course><hAcc>1.772644</hAcc><vAcc>0.811045</vAcc></extensions></trkpt>
      <trkpt lon="34.999597" lat="31.901566"><ele>246.525040</ele><time>2022-07-17T13:28:06Z</time><extensions><speed>1.341259</speed><course>275.637390</course><hAcc>1.776116</hAcc><vAcc>0.812053</vAcc></extensions></trkpt>
      <trkpt lon="34.999583" lat="31.901567"><ele>246.617798</ele><time>2022-07-17T13:28:07Z</time><extensions><speed>1.190281</speed><course>277.846039</course><hAcc>1.769853</hAcc><vAcc>0.813207</vAcc></extensions></trkpt>
      <trkpt lon="34.999572" lat="31.901569"><ele>246.717255</ele><time>2022-07-17T13:28:08Z</time><extensions><speed>1.035525</speed><course>278.830109</course><hAcc>1.762598</hAcc><vAcc>0.814414</vAcc></extensions></trkpt>
      <trkpt lon="34.999561" lat="31.901570"><ele>246.797516</ele><time>2022-07-17T13:28:09Z</time><extensions><speed>0.984180</speed><course>278.661774</course><hAcc>1.754852</hAcc><vAcc>0.815600</vAcc></extensions></trkpt>
      <trkpt lon="34.999551" lat="31.901572"><ele>246.882965</ele><time>2022-07-17T13:28:10Z</time><extensions><speed>0.897713</speed><course>279.618744</course><hAcc>1.748155</hAcc><vAcc>0.816730</vAcc></extensions></trkpt>
      <trkpt lon="34.999542" lat="31.901573"><ele>246.951477</ele><time>2022-07-17T13:28:11Z</time><extensions><speed>0.856160</speed><course>276.655365</course><hAcc>1.747990</hAcc><vAcc>0.817862</vAcc></extensions></trkpt>
      <trkpt lon="34.999533" lat="31.901573"><ele>247.002808</ele><time>2022-07-17T13:28:12Z</time><extensions><speed>0.858803</speed><course>272.758270</course><hAcc>1.743095</hAcc><vAcc>0.818844</vAcc></extensions></trkpt>
      <trkpt lon="34.999524" lat="31.901574"><ele>247.043396</ele><time>2022-07-17T13:28:13Z</time><extensions><speed>0.929621</speed><course>271.277893</course><hAcc>1.738455</hAcc><vAcc>0.819734</vAcc></extensions></trkpt>
      <trkpt lon="34.999514" lat="31.901574"><ele>247.089951</ele><time>2022-07-17T13:28:14Z</time><extensions><speed>0.830035</speed><course>273.131989</course><hAcc>1.734841</hAcc><vAcc>0.820416</vAcc></extensions></trkpt>
      <trkpt lon="34.999506" lat="31.901574"><ele>247.145096</ele><time>2022-07-17T13:28:15Z</time><extensions><speed>0.797339</speed><course>274.612274</course><hAcc>1.730087</hAcc><vAcc>0.820897</vAcc></extensions></trkpt>
      <trkpt lon="34.999497" lat="31.901575"><ele>247.191116</ele><time>2022-07-17T13:28:16Z</time><extensions><speed>0.858418</speed><course>273.207245</course><hAcc>1.732367</hAcc><vAcc>0.821096</vAcc></extensions></trkpt>
      <trkpt lon="34.999488" lat="31.901575"><ele>247.228989</ele><time>2022-07-17T13:28:17Z</time><extensions><speed>0.874137</speed><course>273.382294</course><hAcc>1.734756</hAcc><vAcc>0.821132</vAcc></extensions></trkpt>
      <trkpt lon="34.999479" lat="31.901576"><ele>247.257675</ele><time>2022-07-17T13:28:18Z</time><extensions><speed>0.879849</speed><course>275.137970</course><hAcc>1.729816</hAcc><vAcc>0.820945</vAcc></extensions></trkpt>
      <trkpt lon="34.999470" lat="31.901577"><ele>247.276123</ele><time>2022-07-17T13:28:19Z</time><extensions><speed>0.833151</speed><course>279.797699</course><hAcc>1.727224</hAcc><vAcc>0.820619</vAcc></extensions></trkpt>
      <trkpt lon="34.999461" lat="31.901578"><ele>247.282822</ele><time>2022-07-17T13:28:20Z</time><extensions><speed>0.828571</speed><course>282.829529</course><hAcc>1.731605</hAcc><vAcc>0.820173</vAcc></extensions></trkpt>
      <trkpt lon="34.999453" lat="31.901580"><ele>247.295868</ele><time>2022-07-17T13:28:21Z</time><extensions><speed>0.792369</speed><course>285.254425</course><hAcc>1.744921</hAcc><vAcc>0.819627</vAcc></extensions></trkpt>
      <trkpt lon="34.999445" lat="31.901582"><ele>247.312485</ele><time>2022-07-17T13:28:22Z</time><extensions><speed>0.698150</speed><course>283.822052</course><hAcc>1.754009</hAcc><vAcc>0.818971</vAcc></extensions></trkpt>
      <trkpt lon="34.999439" lat="31.901583"><ele>247.319000</ele><time>2022-07-17T13:28:23Z</time><extensions><speed>0.518319</speed><course>282.891144</course><hAcc>1.758132</hAcc><vAcc>0.818268</vAcc></extensions></trkpt>
      <trkpt lon="34.999434" lat="31.901584"><ele>247.329697</ele><time>2022-07-17T13:28:24Z</time><extensions><speed>0.383451</speed><course>276.943237</course><hAcc>1.764237</hAcc><vAcc>0.817528</vAcc></extensions></trkpt>
      <trkpt lon="34.999429" lat="31.901584"><ele>247.327652</ele><time>2022-07-17T13:28:25Z</time><extensions><speed>0.476627</speed><course>267.585663</course><hAcc>1.766004</hAcc><vAcc>0.816853</vAcc></extensions></trkpt>
      <trkpt lon="34.999423" lat="31.901584"><ele>247.327286</ele><time>2022-07-17T13:28:26Z</time><extensions><speed>0.754951</speed><course>263.562683</course><hAcc>1.764740</hAcc><vAcc>0.816234</vAcc></extensions></trkpt>
      <trkpt lon="34.999414" lat="31.901582"><ele>247.322906</ele><time>2022-07-17T13:28:27Z</time><extensions><speed>0.976313</speed><course>260.789276</course><hAcc>1.782300</hAcc><vAcc>0.815683</vAcc></extensions></trkpt>
      <trkpt lon="34.999403" lat="31.901581"><ele>247.313446</ele><time>2022-07-17T13:28:28Z</time><extensions><speed>1.071205</speed><course>261.824860</course><hAcc>1.783965</hAcc><vAcc>0.815320</vAcc></extensions></trkpt>
      <trkpt lon="34.999392" lat="31.901580"><ele>247.298737</ele><time>2022-07-17T13:28:29Z</time><extensions><speed>0.968280</speed><course>262.480713</course><hAcc>1.779363</hAcc><vAcc>0.814892</vAcc></extensions></trkpt>
      <trkpt lon="34.999383" lat="31.901579"><ele>247.284378</ele><time>2022-07-17T13:28:30Z</time><extensions><speed>0.835295</speed><course>264.005066</course><hAcc>1.776108</hAcc><vAcc>0.814624</vAcc></extensions></trkpt>
      <trkpt lon="34.999375" lat="31.901578"><ele>247.274780</ele><time>2022-07-17T13:28:31Z</time><extensions><speed>0.673349</speed><course>267.000732</course><hAcc>1.769275</hAcc><vAcc>0.814191</vAcc></extensions></trkpt>
      <trkpt lon="34.999369" lat="31.901578"><ele>247.305023</ele><time>2022-07-17T13:28:32Z</time><extensions><speed>0.483699</speed><course>274.315613</course><hAcc>1.761783</hAcc><vAcc>0.813658</vAcc></extensions></trkpt>
      <trkpt lon="34.999365" lat="31.901579"><ele>247.329681</ele><time>2022-07-17T13:28:33Z</time><extensions><speed>0.276388</speed><course>289.801514</course><hAcc>1.767555</hAcc><vAcc>0.813130</vAcc></extensions></trkpt>
      <trkpt lon="34.999363" lat="31.901580"><ele>247.365585</ele><time>2022-07-17T13:28:34Z</time><extensions><speed>0.240505</speed><course>306.884583</course><hAcc>1.764592</hAcc><vAcc>0.812525</vAcc></extensions></trkpt>
      <trkpt lon="34.999361" lat="31.901582"><ele>247.417603</ele><time>2022-07-17T13:28:35Z</time><extensions><speed>0.259056</speed><course>315.496887</course><hAcc>1.767365</hAcc><vAcc>0.811867</vAcc></extensions></trkpt>
      <trkpt lon="34.999359" lat="31.901584"><ele>247.476135</ele><time>2022-07-17T13:28:36Z</time><extensions><speed>0.302243</speed><course>319.748657</course><hAcc>1.773736</hAcc><vAcc>0.811182</vAcc></extensions></trkpt>
      <trkpt lon="34.999356" lat="31.901586"><ele>247.525375</ele><time>2022-07-17T13:28:37Z</time><extensions><speed>0.350593</speed><course>325.031830</course><hAcc>1.783710</hAcc><vAcc>0.810516</vAcc></extensions></trkpt>
      <trkpt lon="34.999354" lat="31.901589"><ele>247.575775</ele><time>2022-07-17T13:28:38Z</time><extensions><speed>0.433463</speed><course>332.004486</course><hAcc>1.790709</hAcc><vAcc>0.809810</vAcc></extensions></trkpt>
      <trkpt lon="34.999352" lat="31.901593"><ele>247.632797</ele><time>2022-07-17T13:28:39Z</time><extensions><speed>0.569836</speed><course>337.510162</course><hAcc>1.795059</hAcc><vAcc>0.809132</vAcc></extensions></trkpt>
      <trkpt lon="34.999350" lat="31.901599"><ele>247.704773</ele><time>2022-07-17T13:28:40Z</time><extensions><speed>0.754623</speed><course>340.048859</course><hAcc>1.797166</hAcc><vAcc>0.808393</vAcc></extensions></trkpt>
      <trkpt lon="34.999346" lat="31.901606"><ele>247.778625</ele><time>2022-07-17T13:28:41Z</time><extensions><speed>1.026839</speed><course>339.374603</course><hAcc>1.793786</hAcc><vAcc>0.807711</vAcc></extensions></trkpt>
      <trkpt lon="34.999342" lat="31.901615"><ele>247.864731</ele><time>2022-07-17T13:28:42Z</time><extensions><speed>1.133688</speed><course>340.797638</course><hAcc>1.805861</hAcc><vAcc>0.807116</vAcc></extensions></trkpt>
      <trkpt lon="34.999338" lat="31.901624"><ele>247.941650</ele><time>2022-07-17T13:28:43Z</time><extensions><speed>1.008140</speed><course>338.542206</course><hAcc>1.803286</hAcc><vAcc>0.806727</vAcc></extensions></trkpt>
      <trkpt lon="34.999335" lat="31.901632"><ele>248.032822</ele><time>2022-07-17T13:28:44Z</time><extensions><speed>0.792697</speed><course>335.029755</course><hAcc>1.788566</hAcc><vAcc>0.806453</vAcc></extensions></trkpt>
      <trkpt lon="34.999331" lat="31.901636"><ele>248.114883</ele><time>2022-07-17T13:28:45Z</time><extensions><speed>0.453725</speed><course>323.158081</course><hAcc>1.776837</hAcc><vAcc>0.806310</vAcc></extensions></trkpt>
      <trkpt lon="34.999329" lat="31.901638"><ele>248.182724</ele><time>2022-07-17T13:28:46Z</time><extensions><speed>0.229488</speed><course>269.689026</course><hAcc>1.780152</hAcc><vAcc>0.806185</vAcc></extensions></trkpt>
      <trkpt lon="34.999326" lat="31.901637"><ele>248.241653</ele><time>2022-07-17T13:28:47Z</time><extensions><speed>0.312751</speed><course>227.447540</course><hAcc>1.779040</hAcc><vAcc>0.805970</vAcc></extensions></trkpt>
      <trkpt lon="34.999323" lat="31.901635"><ele>248.290237</ele><time>2022-07-17T13:28:48Z</time><extensions><speed>0.416063</speed><course>217.488251</course><hAcc>1.772718</hAcc><vAcc>0.805841</vAcc></extensions></trkpt>
      <trkpt lon="34.999321" lat="31.901631"><ele>248.336411</ele><time>2022-07-17T13:28:49Z</time><extensions><speed>0.484063</speed><course>214.968430</course><hAcc>1.767733</hAcc><vAcc>0.805603</vAcc></extensions></trkpt>
      <trkpt lon="34.999317" lat="31.901628"><ele>248.380463</ele><time>2022-07-17T13:28:50Z</time><extensions><speed>0.498252</speed><course>215.510574</course><hAcc>1.768663</hAcc><vAcc>0.805258</vAcc></extensions></trkpt>
      <trkpt lon="34.999314" lat="31.901624"><ele>248.422440</ele><time>2022-07-17T13:28:51Z</time><extensions><speed>0.461017</speed><course>219.219833</course><hAcc>1.769313</hAcc><vAcc>0.805052</vAcc></extensions></trkpt>
      <trkpt lon="34.999311" lat="31.901622"><ele>248.464478</ele><time>2022-07-17T13:28:52Z</time><extensions><speed>0.360149</speed><course>223.748856</course><hAcc>1.769171</hAcc><vAcc>0.804972</vAcc></extensions></trkpt>
      <trkpt lon="34.999309" lat="31.901620"><ele>248.511276</ele><time>2022-07-17T13:28:53Z</time><extensions><speed>0.223908</speed><course>220.719360</course><hAcc>1.761504</hAcc><vAcc>0.805083</vAcc></extensions></trkpt>
      <trkpt lon="34.999307" lat="31.901619"><ele>248.555374</ele><time>2022-07-17T13:28:54Z</time><extensions><speed>0.331522</speed><course>245.858505</course><hAcc>1.758943</hAcc><vAcc>0.805286</vAcc></extensions></trkpt>
      <trkpt lon="34.999303" lat="31.901618"><ele>248.600845</ele><time>2022-07-17T13:28:55Z</time><extensions><speed>0.410246</speed><course>274.048676</course><hAcc>1.768631</hAcc><vAcc>0.805513</vAcc></extensions></trkpt>
      <trkpt lon="34.999298" lat="31.901619"><ele>248.645706</ele><time>2022-07-17T13:28:56Z</time><extensions><speed>0.489160</speed><course>288.655609</course><hAcc>1.758046</hAcc><vAcc>0.805770</vAcc></extensions></trkpt>
      <trkpt lon="34.999294" lat="31.901621"><ele>248.690460</ele><time>2022-07-17T13:28:57Z</time><extensions><speed>0.529835</speed><course>301.190796</course><hAcc>1.747808</hAcc><vAcc>0.806039</vAcc></extensions></trkpt>
      <trkpt lon="34.999289" lat="31.901624"><ele>248.726196</ele><time>2022-07-17T13:28:58Z</time><extensions><speed>0.560440</speed><course>313.046082</course><hAcc>1.744946</hAcc><vAcc>0.806134</vAcc></extensions></trkpt>
      <trkpt lon="34.999285" lat="31.901628"><ele>248.780304</ele><time>2022-07-17T13:28:59Z</time><extensions><speed>0.641535</speed><course>323.573395</course><hAcc>1.735593</hAcc><vAcc>0.806238</vAcc></extensions></trkpt>
      <trkpt lon="34.999281" lat="31.901634"><ele>248.818085</ele><time>2022-07-17T13:29:00Z</time><extensions><speed>0.705993</speed><course>331.883484</course><hAcc>1.725492</hAcc><vAcc>0.806360</vAcc></extensions></trkpt>
      <trkpt lon="34.999278" lat="31.901639"><ele>248.868057</ele><time>2022-07-17T13:29:01Z</time><extensions><speed>0.727161</speed><course>338.270569</course><hAcc>1.715980</hAcc><vAcc>0.806459</vAcc></extensions></trkpt>
      <trkpt lon="34.999275" lat="31.901646"><ele>248.904251</ele><time>2022-07-17T13:29:02Z</time><extensions><speed>0.702900</speed><course>342.395050</course><hAcc>1.711215</hAcc><vAcc>0.806504</vAcc></extensions></trkpt>
      <trkpt lon="34.999273" lat="31.901651"><ele>248.933701</ele><time>2022-07-17T13:29:03Z</time><extensions><speed>0.572634</speed><course>344.348297</course><hAcc>1.724089</hAcc><vAcc>0.806381</vAcc></extensions></trkpt>
      <trkpt lon="34.999272" lat="31.901656"><ele>248.959366</ele><time>2022-07-17T13:29:04Z</time><extensions><speed>0.489351</speed><course>343.874756</course><hAcc>1.725627</hAcc><vAcc>0.806206</vAcc></extensions></trkpt>
      <trkpt lon="34.999270" lat="31.901660"><ele>248.996201</ele><time>2022-07-17T13:29:05Z</time><extensions><speed>0.467778</speed><course>339.509064</course><hAcc>1.710077</hAcc><vAcc>0.805922</vAcc></extensions></trkpt>
      <trkpt lon="34.999268" lat="31.901663"><ele>249.003937</ele><time>2022-07-17T13:29:06Z</time><extensions><speed>0.362163</speed><course>328.503052</course><hAcc>1.722811</hAcc><vAcc>0.805433</vAcc></extensions></trkpt>
      <trkpt lon="34.999266" lat="31.901665"><ele>249.047531</ele><time>2022-07-17T13:29:07Z</time><extensions><speed>0.283814</speed><course>307.827332</course><hAcc>1.749708</hAcc><vAcc>0.804905</vAcc></extensions></trkpt>
      <trkpt lon="34.999263" lat="31.901667"><ele>249.070648</ele><time>2022-07-17T13:29:08Z</time><extensions><speed>0.373219</speed><course>294.080963</course><hAcc>1.742109</hAcc><vAcc>0.804345</vAcc></extensions></trkpt>
      <trkpt lon="34.999258" lat="31.901668"><ele>249.084579</ele><time>2022-07-17T13:29:09Z</time><extensions><speed>0.501396</speed><course>292.668732</course><hAcc>1.742105</hAcc><vAcc>0.803795</vAcc></extensions></trkpt>
      <trkpt lon="34.999253" lat="31.901669"><ele>249.093018</ele><time>2022-07-17T13:29:10Z</time><extensions><speed>0.501098</speed><course>284.160645</course><hAcc>1.771693</hAcc><vAcc>0.803250</vAcc></extensions></trkpt>
      <trkpt lon="34.999248" lat="31.901670"><ele>249.135117</ele><time>2022-07-17T13:29:11Z</time><extensions><speed>0.479611</speed><course>258.237976</course><hAcc>1.788943</hAcc><vAcc>0.802711</vAcc></extensions></trkpt>
      <trkpt lon="34.999244" lat="31.901668"><ele>249.147598</ele><time>2022-07-17T13:29:12Z</time><extensions><speed>0.498512</speed><course>234.388336</course><hAcc>1.807674</hAcc><vAcc>0.802139</vAcc></extensions></trkpt>
      <trkpt lon="34.999239" lat="31.901665"><ele>249.160095</ele><time>2022-07-17T13:29:13Z</time><extensions><speed>0.622131</speed><course>226.942169</course><hAcc>1.804280</hAcc><vAcc>0.801757</vAcc></extensions></trkpt>
      <trkpt lon="34.999234" lat="31.901660"><ele>249.194519</ele><time>2022-07-17T13:29:14Z</time><extensions><speed>0.718988</speed><course>226.849289</course><hAcc>1.797292</hAcc><vAcc>0.801546</vAcc></extensions></trkpt>
      <trkpt lon="34.999228" lat="31.901656"><ele>249.218857</ele><time>2022-07-17T13:29:15Z</time><extensions><speed>0.759623</speed><course>229.698547</course><hAcc>1.791852</hAcc><vAcc>0.801581</vAcc></extensions></trkpt>
      <trkpt lon="34.999222" lat="31.901652"><ele>249.257568</ele><time>2022-07-17T13:29:16Z</time><extensions><speed>0.753955</speed><course>234.731003</course><hAcc>1.791375</hAcc><vAcc>0.801743</vAcc></extensions></trkpt>
      <trkpt lon="34.999216" lat="31.901649"><ele>249.292389</ele><time>2022-07-17T13:29:17Z</time><extensions><speed>0.494797</speed><course>244.628815</course><hAcc>1.805602</hAcc><vAcc>0.802093</vAcc></extensions></trkpt>
      <trkpt lon="34.999211" lat="31.901648"><ele>249.332825</ele><time>2022-07-17T13:29:18Z</time><extensions><speed>0.400644</speed><course>268.331970</course><hAcc>1.784245</hAcc><vAcc>0.802664</vAcc></extensions></trkpt>
      <trkpt lon="34.999208" lat="31.901649"><ele>249.354065</ele><time>2022-07-17T13:29:19Z</time><extensions><speed>0.401142</speed><course>308.539581</course><hAcc>1.767505</hAcc><vAcc>0.803248</vAcc></extensions></trkpt>
      <trkpt lon="34.999204" lat="31.901653"><ele>249.384796</ele><time>2022-07-17T13:29:20Z</time><extensions><speed>0.585424</speed><course>326.729401</course><hAcc>1.777414</hAcc><vAcc>0.803842</vAcc></extensions></trkpt>
      <trkpt lon="34.999200" lat="31.901657"><ele>249.416122</ele><time>2022-07-17T13:29:21Z</time><extensions><speed>0.707591</speed><course>315.522675</course><hAcc>1.778587</hAcc><vAcc>0.804392</vAcc></extensions></trkpt>
      <trkpt lon="34.999194" lat="31.901662"><ele>249.436249</ele><time>2022-07-17T13:29:22Z</time><extensions><speed>0.822046</speed><course>308.346985</course><hAcc>1.767809</hAcc><vAcc>0.804558</vAcc></extensions></trkpt>
      <trkpt lon="34.999187" lat="31.901666"><ele>249.466522</ele><time>2022-07-17T13:29:23Z</time><extensions><speed>0.872029</speed><course>310.008667</course><hAcc>1.763515</hAcc><vAcc>0.804503</vAcc></extensions></trkpt>
      <trkpt lon="34.999180" lat="31.901671"><ele>249.491089</ele><time>2022-07-17T13:29:24Z</time><extensions><speed>0.813091</speed><course>312.549744</course><hAcc>1.774480</hAcc><vAcc>0.804261</vAcc></extensions></trkpt>
      <trkpt lon="34.999175" lat="31.901676"><ele>249.520081</ele><time>2022-07-17T13:29:25Z</time><extensions><speed>0.650580</speed><course>316.466156</course><hAcc>1.773638</hAcc><vAcc>0.803971</vAcc></extensions></trkpt>
      <trkpt lon="34.999171" lat="31.901679"><ele>249.547226</ele><time>2022-07-17T13:29:26Z</time><extensions><speed>0.428983</speed><course>316.578400</course><hAcc>1.783673</hAcc><vAcc>0.803532</vAcc></extensions></trkpt>
      <trkpt lon="34.999168" lat="31.901682"><ele>249.572418</ele><time>2022-07-17T13:29:27Z</time><extensions><speed>0.321621</speed><course>310.751373</course><hAcc>1.796237</hAcc><vAcc>0.803008</vAcc></extensions></trkpt>
      <trkpt lon="34.999165" lat="31.901683"><ele>249.586197</ele><time>2022-07-17T13:29:28Z</time><extensions><speed>0.284809</speed><course>292.173553</course><hAcc>1.805028</hAcc><vAcc>0.802406</vAcc></extensions></trkpt>
      <trkpt lon="34.999162" lat="31.901684"><ele>249.603241</ele><time>2022-07-17T13:29:29Z</time><extensions><speed>0.387346</speed><course>272.222992</course><hAcc>1.794049</hAcc><vAcc>0.801722</vAcc></extensions></trkpt>
      <trkpt lon="34.999157" lat="31.901683"><ele>249.618973</ele><time>2022-07-17T13:29:30Z</time><extensions><speed>0.457760</speed><course>249.188766</course><hAcc>1.804365</hAcc><vAcc>0.801007</vAcc></extensions></trkpt>
      <trkpt lon="34.999153" lat="31.901681"><ele>249.634048</ele><time>2022-07-17T13:29:31Z</time><extensions><speed>0.519430</speed><course>227.397903</course><hAcc>1.813953</hAcc><vAcc>0.800519</vAcc></extensions></trkpt>
      <trkpt lon="34.999149" lat="31.901677"><ele>249.655762</ele><time>2022-07-17T13:29:32Z</time><extensions><speed>0.640576</speed><course>219.292221</course><hAcc>1.799494</hAcc><vAcc>0.800082</vAcc></extensions></trkpt>
      <trkpt lon="34.999144" lat="31.901672"><ele>249.682953</ele><time>2022-07-17T13:29:33Z</time><extensions><speed>0.712003</speed><course>217.381561</course><hAcc>1.781668</hAcc><vAcc>0.799945</vAcc></extensions></trkpt>
      <trkpt lon="34.999141" lat="31.901668"><ele>249.712799</ele><time>2022-07-17T13:29:34Z</time><extensions><speed>0.533100</speed><course>213.401733</course><hAcc>1.789048</hAcc><vAcc>0.800114</vAcc></extensions></trkpt>
      <trkpt lon="34.999138" lat="31.901664"><ele>249.734314</ele><time>2022-07-17T13:29:35Z</time><extensions><speed>0.368458</speed><course>212.792465</course><hAcc>1.804857</hAcc><vAcc>0.800444</vAcc></extensions></trkpt>
      <trkpt lon="34.999136" lat="31.901662"><ele>249.755890</ele><time>2022-07-17T13:29:36Z</time><extensions><speed>0.309459</speed><course>217.871826</course><hAcc>1.799315</hAcc><vAcc>0.800921</vAcc></extensions></trkpt>
      <trkpt lon="34.999134" lat="31.901660"><ele>249.769806</ele><time>2022-07-17T13:29:37Z</time><extensions><speed>0.306918</speed><course>227.900238</course><hAcc>1.789512</hAcc><vAcc>0.801450</vAcc></extensions></trkpt>
      <trkpt lon="34.999131" lat="31.901658"><ele>249.783020</ele><time>2022-07-17T13:29:38Z</time><extensions><speed>0.356800</speed><course>239.551712</course><hAcc>1.780558</hAcc><vAcc>0.801862</vAcc></extensions></trkpt>
      <trkpt lon="34.999127" lat="31.901656"><ele>249.794800</ele><time>2022-07-17T13:29:39Z</time><extensions><speed>0.411303</speed><course>249.208328</course><hAcc>1.786591</hAcc><vAcc>0.801950</vAcc></extensions></trkpt>
      <trkpt lon="34.999123" lat="31.901655"><ele>249.821686</ele><time>2022-07-17T13:29:40Z</time><extensions><speed>0.458234</speed><course>255.578537</course><hAcc>1.799646</hAcc><vAcc>0.802069</vAcc></extensions></trkpt>
      <trkpt lon="34.999118" lat="31.901654"><ele>249.857010</ele><time>2022-07-17T13:29:41Z</time><extensions><speed>0.499175</speed><course>259.952148</course><hAcc>1.805363</hAcc><vAcc>0.802365</vAcc></extensions></trkpt>
      <trkpt lon="34.999112" lat="31.901654"><ele>249.875031</ele><time>2022-07-17T13:29:42Z</time><extensions><speed>0.556589</speed><course>262.851898</course><hAcc>1.801312</hAcc><vAcc>0.802643</vAcc></extensions></trkpt>
      <trkpt lon="34.999107" lat="31.901653"><ele>249.920502</ele><time>2022-07-17T13:29:43Z</time><extensions><speed>0.427184</speed><course>268.910736</course><hAcc>1.811860</hAcc><vAcc>0.802895</vAcc></extensions></trkpt>
      <trkpt lon="34.999103" lat="31.901653"><ele>249.974564</ele><time>2022-07-17T13:29:44Z</time><extensions><speed>0.368955</speed><course>274.891663</course><hAcc>1.814598</hAcc><vAcc>0.803132</vAcc></extensions></trkpt>
      <trkpt lon="34.999099" lat="31.901654"><ele>250.017578</ele><time>2022-07-17T13:29:45Z</time><extensions><speed>0.347851</speed><course>280.760437</course><hAcc>1.811886</hAcc><vAcc>0.803384</vAcc></extensions></trkpt>
      <trkpt lon="34.999096" lat="31.901655"><ele>250.057312</ele><time>2022-07-17T13:29:46Z</time><extensions><speed>0.344284</speed><course>287.348145</course><hAcc>1.812288</hAcc><vAcc>0.803576</vAcc></extensions></trkpt>
      <trkpt lon="34.999092" lat="31.901656"><ele>250.100555</ele><time>2022-07-17T13:29:47Z</time><extensions><speed>0.358020</speed><course>297.640289</course><hAcc>1.813924</hAcc><vAcc>0.803706</vAcc></extensions></trkpt>
      <trkpt lon="34.999089" lat="31.901658"><ele>250.130951</ele><time>2022-07-17T13:29:48Z</time><extensions><speed>0.402987</speed><course>312.103088</course><hAcc>1.813417</hAcc><vAcc>0.803799</vAcc></extensions></trkpt>
      <trkpt lon="34.999086" lat="31.901661"><ele>250.154694</ele><time>2022-07-17T13:29:49Z</time><extensions><speed>0.515290</speed><course>324.711426</course><hAcc>1.805581</hAcc><vAcc>0.803879</vAcc></extensions></trkpt>
      <trkpt lon="34.999082" lat="31.901665"><ele>250.209396</ele><time>2022-07-17T13:29:50Z</time><extensions><speed>0.683246</speed><course>331.000793</course><hAcc>1.798911</hAcc><vAcc>0.804150</vAcc></extensions></trkpt>
      <trkpt lon="34.999079" lat="31.901671"><ele>250.263458</ele><time>2022-07-17T13:29:51Z</time><extensions><speed>0.727732</speed><course>336.464722</course><hAcc>1.803964</hAcc><vAcc>0.804521</vAcc></extensions></trkpt>
      <trkpt lon="34.999076" lat="31.901677"><ele>250.303711</ele><time>2022-07-17T13:29:52Z</time><extensions><speed>0.729561</speed><course>336.435272</course><hAcc>1.802204</hAcc><vAcc>0.804878</vAcc></extensions></trkpt>
      <trkpt lon="34.999073" lat="31.901682"><ele>250.347855</ele><time>2022-07-17T13:29:53Z</time><extensions><speed>0.574977</speed><course>333.780609</course><hAcc>1.794448</hAcc><vAcc>0.805157</vAcc></extensions></trkpt>
      <trkpt lon="34.999070" lat="31.901686"><ele>250.369888</ele><time>2022-07-17T13:29:54Z</time><extensions><speed>0.388296</speed><course>318.224976</course><hAcc>1.791943</hAcc><vAcc>0.805421</vAcc></extensions></trkpt>
      <trkpt lon="34.999067" lat="31.901687"><ele>250.389404</ele><time>2022-07-17T13:29:55Z</time><extensions><speed>0.330282</speed><course>270.524597</course><hAcc>1.796085</hAcc><vAcc>0.805330</vAcc></extensions></trkpt>
      <trkpt lon="34.999063" lat="31.901687"><ele>250.405365</ele><time>2022-07-17T13:29:56Z</time><extensions><speed>0.504976</speed><course>251.593933</course><hAcc>1.796230</hAcc><vAcc>0.805040</vAcc></extensions></trkpt>
      <trkpt lon="34.999057" lat="31.901685"><ele>250.359863</ele><time>2022-07-17T13:29:57Z</time><extensions><speed>0.710921</speed><course>249.646622</course><hAcc>1.797571</hAcc><vAcc>0.804654</vAcc></extensions></trkpt>
      <trkpt lon="34.999049" lat="31.901682"><ele>250.295486</ele><time>2022-07-17T13:29:58Z</time><extensions><speed>0.928418</speed><course>252.291107</course><hAcc>1.795063</hAcc><vAcc>0.803888</vAcc></extensions></trkpt>
      <trkpt lon="34.999038" lat="31.901680"><ele>250.246552</ele><time>2022-07-17T13:29:59Z</time><extensions><speed>1.228646</speed><course>255.738785</course><hAcc>1.782675</hAcc><vAcc>0.803122</vAcc></extensions></trkpt>
      <trkpt lon="34.999025" lat="31.901677"><ele>250.185852</ele><time>2022-07-17T13:30:00Z</time><extensions><speed>1.247059</speed><course>257.142487</course><hAcc>1.792794</hAcc><vAcc>0.802285</vAcc></extensions></trkpt>
      <trkpt lon="34.999013" lat="31.901675"><ele>250.114822</ele><time>2022-07-17T13:30:01Z</time><extensions><speed>1.020753</speed><course>254.906189</course><hAcc>1.789275</hAcc><vAcc>0.801563</vAcc></extensions></trkpt>
      <trkpt lon="34.999005" lat="31.901672"><ele>250.088730</ele><time>2022-07-17T13:30:02Z</time><extensions><speed>0.611948</speed><course>245.738220</course><hAcc>1.780993</hAcc><vAcc>0.800918</vAcc></extensions></trkpt>
      <trkpt lon="34.999002" lat="31.901670"><ele>250.050949</ele><time>2022-07-17T13:30:03Z</time><extensions><speed>0.207235</speed><course>192.406647</course><hAcc>1.787635</hAcc><vAcc>0.800288</vAcc></extensions></trkpt>
      <trkpt lon="34.999003" lat="31.901669"><ele>249.996689</ele><time>2022-07-17T13:30:04Z</time><extensions><speed>0.270554</speed><course>134.811920</course><hAcc>1.775702</hAcc><vAcc>0.799704</vAcc></extensions></trkpt>
      <trkpt lon="34.999005" lat="31.901667"><ele>249.946396</ele><time>2022-07-17T13:30:05Z</time><extensions><speed>0.314324</speed><course>125.506729</course><hAcc>1.759488</hAcc><vAcc>0.799191</vAcc></extensions></trkpt>
      <trkpt lon="34.999007" lat="31.901665"><ele>249.915054</ele><time>2022-07-17T13:30:06Z</time><extensions><speed>0.230255</speed><course>129.545349</course><hAcc>1.756997</hAcc><vAcc>0.798842</vAcc></extensions></trkpt>
      <trkpt lon="34.999008" lat="31.901664"><ele>249.898346</ele><time>2022-07-17T13:30:07Z</time><extensions><speed>0.086580</speed><course>180.521240</course><hAcc>1.765880</hAcc><vAcc>0.798791</vAcc></extensions></trkpt>
      <trkpt lon="34.999006" lat="31.901664"><ele>249.918823</ele><time>2022-07-17T13:30:08Z</time><extensions><speed>0.231139</speed><course>266.452850</course><hAcc>1.777586</hAcc><vAcc>0.799049</vAcc></extensions></trkpt>
      <trkpt lon="34.999003" lat="31.901664"><ele>249.947311</ele><time>2022-07-17T13:30:09Z</time><extensions><speed>0.499907</speed><course>281.241272</course><hAcc>1.784076</hAcc><vAcc>0.799600</vAcc></extensions></trkpt>
      <trkpt lon="34.998995" lat="31.901666"><ele>249.991074</ele><time>2022-07-17T13:30:10Z</time><extensions><speed>1.022650</speed><course>287.101562</course><hAcc>1.753559</hAcc><vAcc>0.800480</vAcc></extensions></trkpt>
      <trkpt lon="34.998983" lat="31.901670"><ele>250.049973</ele><time>2022-07-17T13:30:11Z</time><extensions><speed>1.344223</speed><course>290.997070</course><hAcc>1.760240</hAcc><vAcc>0.801669</vAcc></extensions></trkpt>
      <trkpt lon="34.998969" lat="31.901674"><ele>250.126297</ele><time>2022-07-17T13:30:12Z</time><extensions><speed>1.588320</speed><course>290.093842</course><hAcc>1.776896</hAcc><vAcc>0.803049</vAcc></extensions></trkpt>
      <trkpt lon="34.998952" lat="31.901679"><ele>250.213562</ele><time>2022-07-17T13:30:13Z</time><extensions><speed>1.748565</speed><course>289.472137</course><hAcc>1.776297</hAcc><vAcc>0.804594</vAcc></extensions></trkpt>
      <trkpt lon="34.998934" lat="31.901685"><ele>250.291016</ele><time>2022-07-17T13:30:14Z</time><extensions><speed>1.771186</speed><course>289.831146</course><hAcc>1.776621</hAcc><vAcc>0.806133</vAcc></extensions></trkpt>
      <trkpt lon="34.998918" lat="31.901690"><ele>250.368500</ele><time>2022-07-17T13:30:15Z</time><extensions><speed>1.633221</speed><course>290.671844</course><hAcc>1.775977</hAcc><vAcc>0.807655</vAcc></extensions></trkpt>
      <trkpt lon="34.998902" lat="31.901695"><ele>250.474762</ele><time>2022-07-17T13:30:16Z</time><extensions><speed>1.454341</speed><course>290.724304</course><hAcc>1.778819</hAcc><vAcc>0.808960</vAcc></extensions></trkpt>
      <trkpt lon="34.998890" lat="31.901699"><ele>250.573242</ele><time>2022-07-17T13:30:17Z</time><extensions><speed>1.101840</speed><course>291.599152</course><hAcc>1.779643</hAcc><vAcc>0.810013</vAcc></extensions></trkpt>
      <trkpt lon="34.998880" lat="31.901703"><ele>250.672745</ele><time>2022-07-17T13:30:18Z</time><extensions><speed>0.922528</speed><course>293.708954</course><hAcc>1.772343</hAcc><vAcc>0.810868</vAcc></extensions></trkpt>
      <trkpt lon="34.998871" lat="31.901706"><ele>250.778671</ele><time>2022-07-17T13:30:19Z</time><extensions><speed>0.840483</speed><course>295.831299</course><hAcc>1.760749</hAcc><vAcc>0.811325</vAcc></extensions></trkpt>
      <trkpt lon="34.998864" lat="31.901709"><ele>250.878677</ele><time>2022-07-17T13:30:20Z</time><extensions><speed>0.801206</speed><course>295.062256</course><hAcc>1.764313</hAcc><vAcc>0.811476</vAcc></extensions></trkpt>
      <trkpt lon="34.998856" lat="31.901712"><ele>250.968552</ele><time>2022-07-17T13:30:21Z</time><extensions><speed>0.807301</speed><course>294.983154</course><hAcc>1.775570</hAcc><vAcc>0.811341</vAcc></extensions></trkpt>
      <trkpt lon="34.998848" lat="31.901715"><ele>251.052338</ele><time>2022-07-17T13:30:22Z</time><extensions><speed>0.868484</speed><course>295.128815</course><hAcc>1.763939</hAcc><vAcc>0.810918</vAcc></extensions></trkpt>
      <trkpt lon="34.998839" lat="31.901719"><ele>251.131805</ele><time>2022-07-17T13:30:23Z</time><extensions><speed>0.893709</speed><course>295.656891</course><hAcc>1.757328</hAcc><vAcc>0.810074</vAcc></extensions></trkpt>
      <trkpt lon="34.998831" lat="31.901722"><ele>251.210770</ele><time>2022-07-17T13:30:24Z</time><extensions><speed>0.808449</speed><course>294.490875</course><hAcc>1.750332</hAcc><vAcc>0.808768</vAcc></extensions></trkpt>
      <trkpt lon="34.998824" lat="31.901725"><ele>251.288483</ele><time>2022-07-17T13:30:25Z</time><extensions><speed>0.647864</speed><course>294.454681</course><hAcc>1.751947</hAcc><vAcc>0.807189</vAcc></extensions></trkpt>
      <trkpt lon="34.998819" lat="31.901727"><ele>251.357162</ele><time>2022-07-17T13:30:26Z</time><extensions><speed>0.400049</speed><course>294.140045</course><hAcc>1.757619</hAcc><vAcc>0.805443</vAcc></extensions></trkpt>
      <trkpt lon="34.998817" lat="31.901728"><ele>251.430725</ele><time>2022-07-17T13:30:27Z</time><extensions><speed>0.124319</speed><course>308.498199</course><hAcc>1.763720</hAcc><vAcc>0.803593</vAcc></extensions></trkpt>
      <trkpt lon="34.998816" lat="31.901728"><ele>251.498566</ele><time>2022-07-17T13:30:28Z</time><extensions><speed>0.052038</speed><course>6.185763</course><hAcc>1.766884</hAcc><vAcc>0.801696</vAcc></extensions></trkpt>
      <trkpt lon="34.998816" lat="31.901729"><ele>251.563965</ele><time>2022-07-17T13:30:29Z</time><extensions><speed>0.052005</speed><course>25.952291</course><hAcc>1.749517</hAcc><vAcc>0.799948</vAcc></extensions></trkpt>
      <trkpt lon="34.998816" lat="31.901729"><ele>251.622635</ele><time>2022-07-17T13:30:30Z</time><extensions><speed>0.029975</speed><course>1.670932</course><hAcc>1.751265</hAcc><vAcc>0.798418</vAcc></extensions></trkpt>
      <trkpt lon="34.998816" lat="31.901729"><ele>251.694748</ele><time>2022-07-17T13:30:31Z</time><extensions><speed>0.024374</speed><course>294.317230</course><hAcc>1.778956</hAcc><vAcc>0.796965</vAcc></extensions></trkpt>
      <trkpt lon="34.998816" lat="31.901729"><ele>251.734467</ele><time>2022-07-17T13:30:32Z</time><extensions><speed>0.036687</speed><course>268.559448</course><hAcc>1.795646</hAcc><vAcc>0.795686</vAcc></extensions></trkpt>
      <trkpt lon="34.998815" lat="31.901729"><ele>251.804382</ele><time>2022-07-17T13:30:33Z</time><extensions><speed>0.063697</speed><course>270.859558</course><hAcc>1.772207</hAcc><vAcc>0.794677</vAcc></extensions></trkpt>
      <trkpt lon="34.998815" lat="31.901729"><ele>251.850403</ele><time>2022-07-17T13:30:34Z</time><extensions><speed>0.090575</speed><course>276.494507</course><hAcc>1.770124</hAcc><vAcc>0.794083</vAcc></extensions></trkpt>
      <trkpt lon="34.998814" lat="31.901729"><ele>251.894714</ele><time>2022-07-17T13:30:35Z</time><extensions><speed>0.128547</speed><course>271.758759</course><hAcc>1.787553</hAcc><vAcc>0.793788</vAcc></extensions></trkpt>
      <trkpt lon="34.998812" lat="31.901729"><ele>251.938797</ele><time>2022-07-17T13:30:36Z</time><extensions><speed>0.186581</speed><course>264.931519</course><hAcc>1.804373</hAcc><vAcc>0.793713</vAcc></extensions></trkpt>
      <trkpt lon="34.998810" lat="31.901729"><ele>251.973221</ele><time>2022-07-17T13:30:37Z</time><extensions><speed>0.256508</speed><course>261.269928</course><hAcc>1.817399</hAcc><vAcc>0.793780</vAcc></extensions></trkpt>
      <trkpt lon="34.998806" lat="31.901729"><ele>251.992233</ele><time>2022-07-17T13:30:38Z</time><extensions><speed>0.337168</speed><course>258.707794</course><hAcc>1.826187</hAcc><vAcc>0.794068</vAcc></extensions></trkpt>
      <trkpt lon="34.998802" lat="31.901728"><ele>252.004623</ele><time>2022-07-17T13:30:39Z</time><extensions><speed>0.438600</speed><course>259.183441</course><hAcc>1.824440</hAcc><vAcc>0.794444</vAcc></extensions></trkpt>
      <trkpt lon="34.998797" lat="31.901727"><ele>252.026016</ele><time>2022-07-17T13:30:40Z</time><extensions><speed>0.615406</speed><course>263.020172</course><hAcc>1.811859</hAcc><vAcc>0.794880</vAcc></extensions></trkpt>
      <trkpt lon="34.998790" lat="31.901727"><ele>252.044220</ele><time>2022-07-17T13:30:41Z</time><extensions><speed>0.695897</speed><course>265.269440</course><hAcc>1.812976</hAcc><vAcc>0.795318</vAcc></extensions></trkpt>
      <trkpt lon="34.998783" lat="31.901727"><ele>252.047470</ele><time>2022-07-17T13:30:42Z</time><extensions><speed>0.717818</speed><course>271.445190</course><hAcc>1.809644</hAcc><vAcc>0.795746</vAcc></extensions></trkpt>
      <trkpt lon="34.998775" lat="31.901727"><ele>252.045593</ele><time>2022-07-17T13:30:43Z</time><extensions><speed>0.772725</speed><course>274.874512</course><hAcc>1.809482</hAcc><vAcc>0.796159</vAcc></extensions></trkpt>
      <trkpt lon="34.998766" lat="31.901728"><ele>252.047012</ele><time>2022-07-17T13:30:44Z</time><extensions><speed>0.811552</speed><course>279.597107</course><hAcc>1.801881</hAcc><vAcc>0.796493</vAcc></extensions></trkpt>
      <trkpt lon="34.998758" lat="31.901729"><ele>252.058746</ele><time>2022-07-17T13:30:45Z</time><extensions><speed>0.859018</speed><course>282.667358</course><hAcc>1.790199</hAcc><vAcc>0.796682</vAcc></extensions></trkpt>
      <trkpt lon="34.998749" lat="31.901731"><ele>252.077286</ele><time>2022-07-17T13:30:46Z</time><extensions><speed>0.860827</speed><course>282.923798</course><hAcc>1.769148</hAcc><vAcc>0.796644</vAcc></extensions></trkpt>
      <trkpt lon="34.998740" lat="31.901733"><ele>252.054352</ele><time>2022-07-17T13:30:47Z</time><extensions><speed>0.787990</speed><course>283.931244</course><hAcc>1.762190</hAcc><vAcc>0.796427</vAcc></extensions></trkpt>
      <trkpt lon="34.998732" lat="31.901735"><ele>252.041992</ele><time>2022-07-17T13:30:48Z</time><extensions><speed>0.857535</speed><course>289.800751</course><hAcc>1.776496</hAcc><vAcc>0.795833</vAcc></extensions></trkpt>
      <trkpt lon="34.998723" lat="31.901738"><ele>252.052094</ele><time>2022-07-17T13:30:49Z</time><extensions><speed>1.003437</speed><course>297.541748</course><hAcc>1.765635</hAcc><vAcc>0.795136</vAcc></extensions></trkpt>
      <trkpt lon="34.998713" lat="31.901743"><ele>252.046646</ele><time>2022-07-17T13:30:50Z</time><extensions><speed>1.182055</speed><course>299.921326</course><hAcc>1.762144</hAcc><vAcc>0.794191</vAcc></extensions></trkpt>
      <trkpt lon="34.998701" lat="31.901749"><ele>252.047562</ele><time>2022-07-17T13:30:51Z</time><extensions><speed>1.310532</speed><course>297.579712</course><hAcc>1.766741</hAcc><vAcc>0.792903</vAcc></extensions></trkpt>
      <trkpt lon="34.998688" lat="31.901754"><ele>252.082733</ele><time>2022-07-17T13:30:52Z</time><extensions><speed>1.374364</speed><course>292.267944</course><hAcc>1.768616</hAcc><vAcc>0.791335</vAcc></extensions></trkpt>
      <trkpt lon="34.998675" lat="31.901758"><ele>252.080078</ele><time>2022-07-17T13:30:53Z</time><extensions><speed>1.403337</speed><course>287.957550</course><hAcc>1.773693</hAcc><vAcc>0.789702</vAcc></extensions></trkpt>
      <trkpt lon="34.998660" lat="31.901761"><ele>252.070450</ele><time>2022-07-17T13:30:54Z</time><extensions><speed>1.409347</speed><course>284.347321</course><hAcc>1.785095</hAcc><vAcc>0.788082</vAcc></extensions></trkpt>
      <trkpt lon="34.998646" lat="31.901764"><ele>252.093887</ele><time>2022-07-17T13:30:55Z</time><extensions><speed>1.370244</speed><course>280.917358</course><hAcc>1.796072</hAcc><vAcc>0.786492</vAcc></extensions></trkpt>
      <trkpt lon="34.998632" lat="31.901766"><ele>252.116776</ele><time>2022-07-17T13:30:56Z</time><extensions><speed>1.324653</speed><course>278.623383</course><hAcc>1.798577</hAcc><vAcc>0.785090</vAcc></extensions></trkpt>
      <trkpt lon="34.998618" lat="31.901768"><ele>252.131195</ele><time>2022-07-17T13:30:57Z</time><extensions><speed>1.243832</speed><course>276.756409</course><hAcc>1.801984</hAcc><vAcc>0.783947</vAcc></extensions></trkpt>
      <trkpt lon="34.998605" lat="31.901769"><ele>252.139236</ele><time>2022-07-17T13:30:58Z</time><extensions><speed>1.239664</speed><course>276.499390</course><hAcc>1.805498</hAcc><vAcc>0.783128</vAcc></extensions></trkpt>
      <trkpt lon="34.998592" lat="31.901770"><ele>252.136642</ele><time>2022-07-17T13:30:59Z</time><extensions><speed>1.283635</speed><course>277.343323</course><hAcc>1.813154</hAcc><vAcc>0.782689</vAcc></extensions></trkpt>
      <trkpt lon="34.998578" lat="31.901772"><ele>252.141479</ele><time>2022-07-17T13:31:00Z</time><extensions><speed>1.336316</speed><course>275.464050</course><hAcc>1.806870</hAcc><vAcc>0.782698</vAcc></extensions></trkpt>
      <trkpt lon="34.998564" lat="31.901773"><ele>252.148422</ele><time>2022-07-17T13:31:01Z</time><extensions><speed>1.439596</speed><course>273.085052</course><hAcc>1.792467</hAcc><vAcc>0.783185</vAcc></extensions></trkpt>
      <trkpt lon="34.998548" lat="31.901773"><ele>252.147171</ele><time>2022-07-17T13:31:02Z</time><extensions><speed>1.449393</speed><course>271.439972</course><hAcc>1.786460</hAcc><vAcc>0.784041</vAcc></extensions></trkpt>
      <trkpt lon="34.998534" lat="31.901773"><ele>252.142044</ele><time>2022-07-17T13:31:03Z</time><extensions><speed>1.269728</speed><course>270.381714</course><hAcc>1.790110</hAcc><vAcc>0.785258</vAcc></extensions></trkpt>
      <trkpt lon="34.998521" lat="31.901773"><ele>252.137100</ele><time>2022-07-17T13:31:04Z</time><extensions><speed>1.127336</speed><course>269.310608</course><hAcc>1.778096</hAcc><vAcc>0.786741</vAcc></extensions></trkpt>
      <trkpt lon="34.998511" lat="31.901773"><ele>252.129425</ele><time>2022-07-17T13:31:05Z</time><extensions><speed>0.912279</speed><course>268.861023</course><hAcc>1.765372</hAcc><vAcc>0.788320</vAcc></extensions></trkpt>
      <trkpt lon="34.998503" lat="31.901773"><ele>252.127716</ele><time>2022-07-17T13:31:06Z</time><extensions><speed>0.536883</speed><course>265.869232</course><hAcc>1.755139</hAcc><vAcc>0.789851</vAcc></extensions></trkpt>
      <trkpt lon="34.998499" lat="31.901772"><ele>252.104431</ele><time>2022-07-17T13:31:07Z</time><extensions><speed>0.165100</speed><course>244.407425</course><hAcc>1.754571</hAcc><vAcc>0.791328</vAcc></extensions></trkpt>
      <trkpt lon="34.998499" lat="31.901772"><ele>252.086212</ele><time>2022-07-17T13:31:08Z</time><extensions><speed>0.084931</speed><course>166.328171</course><hAcc>1.744132</hAcc><vAcc>0.792666</vAcc></extensions></trkpt>
      <trkpt lon="34.998499" lat="31.901771"><ele>252.080917</ele><time>2022-07-17T13:31:09Z</time><extensions><speed>0.103779</speed><course>140.232712</course><hAcc>1.733404</hAcc><vAcc>0.793846</vAcc></extensions></trkpt>
      <trkpt lon="34.998500" lat="31.901770"><ele>252.084808</ele><time>2022-07-17T13:31:10Z</time><extensions><speed>0.084134</speed><course>141.391342</course><hAcc>1.741134</hAcc><vAcc>0.794870</vAcc></extensions></trkpt>
      <trkpt lon="34.998500" lat="31.901770"><ele>252.089935</ele><time>2022-07-17T13:31:11Z</time><extensions><speed>0.033815</speed><course>182.973633</course><hAcc>1.765114</hAcc><vAcc>0.795711</vAcc></extensions></trkpt>
      <trkpt lon="34.998499" lat="31.901770"><ele>252.067993</ele><time>2022-07-17T13:31:12Z</time><extensions><speed>0.103860</speed><course>268.346649</course><hAcc>1.751372</hAcc><vAcc>0.796375</vAcc></extensions></trkpt>
      <trkpt lon="34.998498" lat="31.901770"><ele>252.045868</ele><time>2022-07-17T13:31:13Z</time><extensions><speed>0.233340</speed><course>279.030121</course><hAcc>1.755731</hAcc><vAcc>0.796902</vAcc></extensions></trkpt>
      <trkpt lon="34.998494" lat="31.901770"><ele>252.028702</ele><time>2022-07-17T13:31:14Z</time><extensions><speed>0.399570</speed><course>283.687195</course><hAcc>1.764287</hAcc><vAcc>0.797315</vAcc></extensions></trkpt>
      <trkpt lon="34.998489" lat="31.901772"><ele>252.011307</ele><time>2022-07-17T13:31:15Z</time><extensions><speed>0.680549</speed><course>287.087036</course><hAcc>1.759812</hAcc><vAcc>0.797558</vAcc></extensions></trkpt>
      <trkpt lon="34.998482" lat="31.901774"><ele>252.007660</ele><time>2022-07-17T13:31:16Z</time><extensions><speed>0.785872</speed><course>291.872925</course><hAcc>1.765895</hAcc><vAcc>0.797617</vAcc></extensions></trkpt>
      <trkpt lon="34.998474" lat="31.901777"><ele>252.014359</ele><time>2022-07-17T13:31:17Z</time><extensions><speed>0.783399</speed><course>294.416046</course><hAcc>1.775122</hAcc><vAcc>0.797595</vAcc></extensions></trkpt>
      <trkpt lon="34.998466" lat="31.901780"><ele>252.023697</ele><time>2022-07-17T13:31:18Z</time><extensions><speed>0.894503</speed><course>294.375305</course><hAcc>1.778951</hAcc><vAcc>0.797163</vAcc></extensions></trkpt>
      <trkpt lon="34.998457" lat="31.901783"><ele>252.018860</ele><time>2022-07-17T13:31:19Z</time><extensions><speed>0.976701</speed><course>294.199982</course><hAcc>1.785193</hAcc><vAcc>0.796127</vAcc></extensions></trkpt>
      <trkpt lon="34.998447" lat="31.901787"><ele>252.013458</ele><time>2022-07-17T13:31:20Z</time><extensions><speed>0.966856</speed><course>293.117737</course><hAcc>1.788254</hAcc><vAcc>0.794636</vAcc></extensions></trkpt>
      <trkpt lon="34.998439" lat="31.901790"><ele>252.002121</ele><time>2022-07-17T13:31:21Z</time><extensions><speed>0.826428</speed><course>292.722473</course><hAcc>1.779189</hAcc><vAcc>0.792650</vAcc></extensions></trkpt>
      <trkpt lon="34.998431" lat="31.901792"><ele>251.989288</ele><time>2022-07-17T13:31:22Z</time><extensions><speed>0.726509</speed><course>292.228302</course><hAcc>1.772774</hAcc><vAcc>0.790121</vAcc></extensions></trkpt>
      <trkpt lon="34.998424" lat="31.901795"><ele>251.976669</ele><time>2022-07-17T13:31:23Z</time><extensions><speed>0.767178</speed><course>286.730316</course><hAcc>1.773261</hAcc><vAcc>0.786861</vAcc></extensions></trkpt>
      <trkpt lon="34.998416" lat="31.901796"><ele>251.976746</ele><time>2022-07-17T13:31:24Z</time><extensions><speed>0.829223</speed><course>280.694824</course><hAcc>1.782841</hAcc><vAcc>0.783487</vAcc></extensions></trkpt>
      <trkpt lon="34.998407" lat="31.901797"><ele>251.989075</ele><time>2022-07-17T13:31:25Z</time><extensions><speed>0.862557</speed><course>274.216248</course><hAcc>1.791340</hAcc><vAcc>0.779540</vAcc></extensions></trkpt>
      <trkpt lon="34.998398" lat="31.901797"><ele>251.988602</ele><time>2022-07-17T13:31:26Z</time><extensions><speed>0.812623</speed><course>262.835693</course><hAcc>1.787041</hAcc><vAcc>0.774878</vAcc></extensions></trkpt>
      <trkpt lon="34.998391" lat="31.901795"><ele>251.988510</ele><time>2022-07-17T13:31:27Z</time><extensions><speed>0.702459</speed><course>242.172180</course><hAcc>1.791089</hAcc><vAcc>0.770201</vAcc></extensions></trkpt>
      <trkpt lon="34.998385" lat="31.901791"><ele>252.001923</ele><time>2022-07-17T13:31:28Z</time><extensions><speed>0.689728</speed><course>215.161057</course><hAcc>1.794735</hAcc><vAcc>0.765568</vAcc></extensions></trkpt>
      <trkpt lon="34.998382" lat="31.901786"><ele>252.004562</ele><time>2022-07-17T13:31:29Z</time><extensions><speed>0.735155</speed><course>196.372055</course><hAcc>1.813602</hAcc><vAcc>0.761342</vAcc></extensions></trkpt>
      <trkpt lon="34.998381" lat="31.901779"><ele>251.997528</ele><time>2022-07-17T13:31:30Z</time><extensions><speed>0.709172</speed><course>181.133636</course><hAcc>1.844670</hAcc><vAcc>0.757774</vAcc></extensions></trkpt>
      <trkpt lon="34.998381" lat="31.901774"><ele>251.985947</ele><time>2022-07-17T13:31:31Z</time><extensions><speed>0.561936</speed><course>175.792755</course><hAcc>1.847426</hAcc><vAcc>0.755201</vAcc></extensions></trkpt>
      <trkpt lon="34.998381" lat="31.901770"><ele>251.978058</ele><time>2022-07-17T13:31:32Z</time><extensions><speed>0.189495</speed><course>181.820328</course><hAcc>1.843230</hAcc><vAcc>0.753769</vAcc></extensions></trkpt>
      <trkpt lon="34.998381" lat="31.901770"><ele>251.958023</ele><time>2022-07-17T13:31:33Z</time><extensions><speed>0.154285</speed><course>357.068390</course><hAcc>1.849276</hAcc><vAcc>0.753674</vAcc></extensions></trkpt>
      <trkpt lon="34.998381" lat="31.901772"><ele>251.935837</ele><time>2022-07-17T13:31:34Z</time><extensions><speed>0.350939</speed><course>357.602753</course><hAcc>1.851365</hAcc><vAcc>0.754862</vAcc></extensions></trkpt>
      <trkpt lon="34.998380" lat="31.901776"><ele>251.917252</ele><time>2022-07-17T13:31:35Z</time><extensions><speed>0.468346</speed><course>349.342957</course><hAcc>1.847333</hAcc><vAcc>0.757222</vAcc></extensions></trkpt>
      <trkpt lon="34.998378" lat="31.901781"><ele>251.899475</ele><time>2022-07-17T13:31:36Z</time><extensions><speed>0.643844</speed><course>331.388062</course><hAcc>1.831333</hAcc><vAcc>0.760404</vAcc></extensions></trkpt>
      <trkpt lon="34.998373" lat="31.901786"><ele>251.877579</ele><time>2022-07-17T13:31:37Z</time><extensions><speed>0.899943</speed><course>312.860962</course><hAcc>1.824206</hAcc><vAcc>0.764430</vAcc></extensions></trkpt>
      <trkpt lon="34.998365" lat="31.901791"><ele>251.855850</ele><time>2022-07-17T13:31:38Z</time><extensions><speed>1.042519</speed><course>299.851257</course><hAcc>1.822819</hAcc><vAcc>0.768899</vAcc></extensions></trkpt>
      <trkpt lon="34.998354" lat="31.901795"><ele>251.817581</ele><time>2022-07-17T13:31:39Z</time><extensions><speed>1.061498</speed><course>291.761597</course><hAcc>1.820747</hAcc><vAcc>0.773445</vAcc></extensions></trkpt>
      <trkpt lon="34.998344" lat="31.901798"><ele>251.791183</ele><time>2022-07-17T13:31:40Z</time><extensions><speed>1.108744</speed><course>286.542328</course><hAcc>1.798245</hAcc><vAcc>0.777665</vAcc></extensions></trkpt>
      <trkpt lon="34.998332" lat="31.901801"><ele>251.767929</ele><time>2022-07-17T13:31:41Z</time><extensions><speed>1.106807</speed><course>284.124023</course><hAcc>1.784127</hAcc><vAcc>0.781421</vAcc></extensions></trkpt>
      <trkpt lon="34.998321" lat="31.901803"><ele>251.762375</ele><time>2022-07-17T13:31:42Z</time><extensions><speed>1.147092</speed><course>282.282379</course><hAcc>1.777796</hAcc><vAcc>0.784537</vAcc></extensions></trkpt>
      <trkpt lon="34.998309" lat="31.901805"><ele>251.736862</ele><time>2022-07-17T13:31:43Z</time><extensions><speed>1.089321</speed><course>279.992645</course><hAcc>1.780539</hAcc><vAcc>0.786986</vAcc></extensions></trkpt>
      <trkpt lon="34.998298" lat="31.901807"><ele>251.749283</ele><time>2022-07-17T13:31:44Z</time><extensions><speed>0.975250</speed><course>277.149933</course><hAcc>1.785193</hAcc><vAcc>0.788997</vAcc></extensions></trkpt>
      <trkpt lon="34.998289" lat="31.901808"><ele>251.742691</ele><time>2022-07-17T13:31:45Z</time><extensions><speed>0.746881</speed><course>275.493958</course><hAcc>1.797762</hAcc><vAcc>0.790701</vAcc></extensions></trkpt>
      <trkpt lon="34.998281" lat="31.901808"><ele>251.747314</ele><time>2022-07-17T13:31:46Z</time><extensions><speed>0.861696</speed><course>277.189301</course><hAcc>1.788397</hAcc><vAcc>0.792091</vAcc></extensions></trkpt>
      <trkpt lon="34.998271" lat="31.901810"><ele>251.756622</ele><time>2022-07-17T13:31:47Z</time><extensions><speed>1.071680</speed><course>280.842926</course><hAcc>1.786295</hAcc><vAcc>0.793166</vAcc></extensions></trkpt>
      <trkpt lon="34.998259" lat="31.901812"><ele>251.777634</ele><time>2022-07-17T13:31:48Z</time><extensions><speed>1.105480</speed><course>282.815399</course><hAcc>1.786070</hAcc><vAcc>0.793971</vAcc></extensions></trkpt>
      <trkpt lon="34.998248" lat="31.901814"><ele>251.810867</ele><time>2022-07-17T13:31:49Z</time><extensions><speed>1.070478</speed><course>284.199219</course><hAcc>1.784158</hAcc><vAcc>0.794503</vAcc></extensions></trkpt>
      <trkpt lon="34.998237" lat="31.901816"><ele>251.836594</ele><time>2022-07-17T13:31:50Z</time><extensions><speed>1.117070</speed><course>282.504395</course><hAcc>1.775553</hAcc><vAcc>0.795008</vAcc></extensions></trkpt>
      <trkpt lon="34.998225" lat="31.901818"><ele>251.875229</ele><time>2022-07-17T13:31:51Z</time><extensions><speed>1.200456</speed><course>279.955719</course><hAcc>1.757656</hAcc><vAcc>0.795434</vAcc></extensions></trkpt>
      <trkpt lon="34.998212" lat="31.901820"><ele>251.899109</ele><time>2022-07-17T13:31:52Z</time><extensions><speed>1.324512</speed><course>278.912018</course><hAcc>1.730882</hAcc><vAcc>0.795819</vAcc></extensions></trkpt>
      <trkpt lon="34.998197" lat="31.901822"><ele>251.928375</ele><time>2022-07-17T13:31:53Z</time><extensions><speed>1.431982</speed><course>278.462219</course><hAcc>1.719211</hAcc><vAcc>0.796294</vAcc></extensions></trkpt>
      <trkpt lon="34.998182" lat="31.901824"><ele>251.956207</ele><time>2022-07-17T13:31:54Z</time><extensions><speed>1.450669</speed><course>276.959900</course><hAcc>1.750173</hAcc><vAcc>0.796896</vAcc></extensions></trkpt>
      <trkpt lon="34.998168" lat="31.901826"><ele>251.979141</ele><time>2022-07-17T13:31:55Z</time><extensions><speed>1.224995</speed><course>278.697540</course><hAcc>1.769885</hAcc><vAcc>0.797639</vAcc></extensions></trkpt>
      <trkpt lon="34.998156" lat="31.901827"><ele>251.995941</ele><time>2022-07-17T13:31:56Z</time><extensions><speed>1.180618</speed><course>281.622375</course><hAcc>1.728641</hAcc><vAcc>0.798447</vAcc></extensions></trkpt>
      <trkpt lon="34.998144" lat="31.901830"><ele>252.012604</ele><time>2022-07-17T13:31:57Z</time><extensions><speed>1.046930</speed><course>282.023621</course><hAcc>1.698909</hAcc><vAcc>0.799285</vAcc></extensions></trkpt>
      <trkpt lon="34.998134" lat="31.901831"><ele>252.008698</ele><time>2022-07-17T13:31:58Z</time><extensions><speed>0.958333</speed><course>281.729401</course><hAcc>1.705296</hAcc><vAcc>0.800195</vAcc></extensions></trkpt>
      <trkpt lon="34.998124" lat="31.901833"><ele>252.012177</ele><time>2022-07-17T13:31:59Z</time><extensions><speed>0.956498</speed><course>282.298401</course><hAcc>1.733513</hAcc><vAcc>0.801251</vAcc></extensions></trkpt>
      <trkpt lon="34.998114" lat="31.901835"><ele>252.007950</ele><time>2022-07-17T13:32:00Z</time><extensions><speed>0.930525</speed><course>283.619537</course><hAcc>1.767556</hAcc><vAcc>0.802460</vAcc></extensions></trkpt>
      <trkpt lon="34.998104" lat="31.901837"><ele>252.010498</ele><time>2022-07-17T13:32:01Z</time><extensions><speed>0.947740</speed><course>285.706818</course><hAcc>1.759015</hAcc><vAcc>0.803773</vAcc></extensions></trkpt>
      <trkpt lon="34.998095" lat="31.901840"><ele>251.978058</ele><time>2022-07-17T13:32:02Z</time><extensions><speed>0.937553</speed><course>287.224823</course><hAcc>1.749235</hAcc><vAcc>0.805214</vAcc></extensions></trkpt>
      <trkpt lon="34.998085" lat="31.901842"><ele>251.970947</ele><time>2022-07-17T13:32:03Z</time><extensions><speed>0.935512</speed><course>288.222198</course><hAcc>1.752666</hAcc><vAcc>0.806724</vAcc></extensions></trkpt>
      <trkpt lon="34.998076" lat="31.901845"><ele>251.933609</ele><time>2022-07-17T13:32:04Z</time><extensions><speed>0.883848</speed><course>290.613861</course><hAcc>1.760291</hAcc><vAcc>0.808248</vAcc></extensions></trkpt>
      <trkpt lon="34.998068" lat="31.901848"><ele>251.903931</ele><time>2022-07-17T13:32:05Z</time><extensions><speed>0.884962</speed><course>293.745209</course><hAcc>1.761999</hAcc><vAcc>0.809714</vAcc></extensions></trkpt>
      <trkpt lon="34.998059" lat="31.901851"><ele>251.872589</ele><time>2022-07-17T13:32:06Z</time><extensions><speed>0.891081</speed><course>296.395081</course><hAcc>1.755254</hAcc><vAcc>0.811129</vAcc></extensions></trkpt>
      <trkpt lon="34.998051" lat="31.901855"><ele>251.840057</ele><time>2022-07-17T13:32:07Z</time><extensions><speed>0.954319</speed><course>299.888336</course><hAcc>1.745514</hAcc><vAcc>0.812408</vAcc></extensions></trkpt>
      <trkpt lon="34.998042" lat="31.901860"><ele>251.802139</ele><time>2022-07-17T13:32:08Z</time><extensions><speed>1.008546</speed><course>303.433868</course><hAcc>1.740133</hAcc><vAcc>0.813552</vAcc></extensions></trkpt>
      <trkpt lon="34.998033" lat="31.901865"><ele>251.763779</ele><time>2022-07-17T13:32:09Z</time><extensions><speed>1.005043</speed><course>307.142700</course><hAcc>1.739150</hAcc><vAcc>0.814533</vAcc></extensions></trkpt>
      <trkpt lon="34.998024" lat="31.901871"><ele>251.725433</ele><time>2022-07-17T13:32:10Z</time><extensions><speed>1.058162</speed><course>309.026245</course><hAcc>1.729605</hAcc><vAcc>0.815344</vAcc></extensions></trkpt>
      <trkpt lon="34.998016" lat="31.901877"><ele>251.687408</ele><time>2022-07-17T13:32:11Z</time><extensions><speed>0.979598</speed><course>312.071411</course><hAcc>1.730249</hAcc><vAcc>0.815972</vAcc></extensions></trkpt>
      <trkpt lon="34.998009" lat="31.901883"><ele>251.650146</ele><time>2022-07-17T13:32:12Z</time><extensions><speed>0.832475</speed><course>316.101990</course><hAcc>1.741010</hAcc><vAcc>0.816382</vAcc></extensions></trkpt>
      <trkpt lon="34.998004" lat="31.901888"><ele>251.613190</ele><time>2022-07-17T13:32:13Z</time><extensions><speed>0.760048</speed><course>318.477539</course><hAcc>1.730331</hAcc><vAcc>0.816577</vAcc></extensions></trkpt>
      <trkpt lon="34.997998" lat="31.901893"><ele>251.584717</ele><time>2022-07-17T13:32:14Z</time><extensions><speed>0.716915</speed><course>318.130676</course><hAcc>1.720038</hAcc><vAcc>0.816672</vAcc></extensions></trkpt>
      <trkpt lon="34.997993" lat="31.901898"><ele>251.548462</ele><time>2022-07-17T13:32:15Z</time><extensions><speed>0.701227</speed><course>316.096710</course><hAcc>1.714979</hAcc><vAcc>0.816615</vAcc></extensions></trkpt>
      <trkpt lon="34.997989" lat="31.901902"><ele>251.522766</ele><time>2022-07-17T13:32:16Z</time><extensions><speed>0.536308</speed><course>313.730164</course><hAcc>1.714266</hAcc><vAcc>0.816458</vAcc></extensions></trkpt>
      <trkpt lon="34.997985" lat="31.901904"><ele>251.499847</ele><time>2022-07-17T13:32:17Z</time><extensions><speed>0.270251</speed><course>306.143188</course><hAcc>1.712822</hAcc><vAcc>0.816186</vAcc></extensions></trkpt>
      <trkpt lon="34.997983" lat="31.901905"><ele>251.479736</ele><time>2022-07-17T13:32:18Z</time><extensions><speed>0.151031</speed><course>294.955139</course><hAcc>1.721306</hAcc><vAcc>0.815871</vAcc></extensions></trkpt>
      <trkpt lon="34.997982" lat="31.901906"><ele>251.462723</ele><time>2022-07-17T13:32:19Z</time><extensions><speed>0.126533</speed><course>287.303040</course><hAcc>1.719922</hAcc><vAcc>0.815522</vAcc></extensions></trkpt>
      <trkpt lon="34.997981" lat="31.901906"><ele>251.457794</ele><time>2022-07-17T13:32:20Z</time><extensions><speed>0.146106</speed><course>286.078339</course><hAcc>1.719988</hAcc><vAcc>0.815145</vAcc></extensions></trkpt>
      <trkpt lon="34.997979" lat="31.901906"><ele>251.455444</ele><time>2022-07-17T13:32:21Z</time><extensions><speed>0.191148</speed><course>287.496307</course><hAcc>1.726005</hAcc><vAcc>0.814723</vAcc></extensions></trkpt>
      <trkpt lon="34.997976" lat="31.901907"><ele>251.450912</ele><time>2022-07-17T13:32:22Z</time><extensions><speed>0.244212</speed><course>288.976257</course><hAcc>1.732212</hAcc><vAcc>0.814207</vAcc></extensions></trkpt>
      <trkpt lon="34.997974" lat="31.901908"><ele>251.445679</ele><time>2022-07-17T13:32:23Z</time><extensions><speed>0.318083</speed><course>289.179077</course><hAcc>1.713835</hAcc><vAcc>0.813707</vAcc></extensions></trkpt>
      <trkpt lon="34.997970" lat="31.901909"><ele>251.442169</ele><time>2022-07-17T13:32:24Z</time><extensions><speed>0.319802</speed><course>288.674011</course><hAcc>1.705317</hAcc><vAcc>0.813199</vAcc></extensions></trkpt>
      <trkpt lon="34.997967" lat="31.901909"><ele>251.448486</ele><time>2022-07-17T13:32:25Z</time><extensions><speed>0.291158</speed><course>287.558044</course><hAcc>1.706339</hAcc><vAcc>0.812566</vAcc></extensions></trkpt>
      <trkpt lon="34.997965" lat="31.901910"><ele>251.456558</ele><time>2022-07-17T13:32:26Z</time><extensions><speed>0.245387</speed><course>284.779266</course><hAcc>1.720334</hAcc><vAcc>0.811810</vAcc></extensions></trkpt>
      <trkpt lon="34.997962" lat="31.901910"><ele>251.469330</ele><time>2022-07-17T13:32:27Z</time><extensions><speed>0.209823</speed><course>278.374115</course><hAcc>1.744271</hAcc><vAcc>0.811027</vAcc></extensions></trkpt>
      <trkpt lon="34.997960" lat="31.901911"><ele>251.487259</ele><time>2022-07-17T13:32:28Z</time><extensions><speed>0.185096</speed><course>267.284027</course><hAcc>1.767471</hAcc><vAcc>0.810309</vAcc></extensions></trkpt>
      <trkpt lon="34.997958" lat="31.901910"><ele>251.499374</ele><time>2022-07-17T13:32:29Z</time><extensions><speed>0.297402</speed><course>258.010925</course><hAcc>1.732738</hAcc><vAcc>0.809579</vAcc></extensions></trkpt>
      <trkpt lon="34.997954" lat="31.901909"><ele>251.516083</ele><time>2022-07-17T13:32:30Z</time><extensions><speed>0.336056</speed><course>251.758392</course><hAcc>1.727221</hAcc><vAcc>0.808925</vAcc></extensions></trkpt>
      <trkpt lon="34.997951" lat="31.901908"><ele>251.531036</ele><time>2022-07-17T13:32:31Z</time><extensions><speed>0.328276</speed><course>243.540985</course><hAcc>1.747615</hAcc><vAcc>0.808198</vAcc></extensions></trkpt>
      <trkpt lon="34.997948" lat="31.901907"><ele>251.550522</ele><time>2022-07-17T13:32:32Z</time><extensions><speed>0.342247</speed><course>230.102707</course><hAcc>1.769671</hAcc><vAcc>0.807434</vAcc></extensions></trkpt>
      <trkpt lon="34.997945" lat="31.901904"><ele>251.564896</ele><time>2022-07-17T13:32:33Z</time><extensions><speed>0.403310</speed><course>216.836563</course><hAcc>1.788605</hAcc><vAcc>0.806497</vAcc></extensions></trkpt>
      <trkpt lon="34.997943" lat="31.901901"><ele>251.584213</ele><time>2022-07-17T13:32:34Z</time><extensions><speed>0.500885</speed><course>209.087006</course><hAcc>1.796619</hAcc><vAcc>0.805420</vAcc></extensions></trkpt>
      <trkpt lon="34.997940" lat="31.901896"><ele>251.603546</ele><time>2022-07-17T13:32:35Z</time><extensions><speed>0.578756</speed><course>204.482986</course><hAcc>1.799017</hAcc><vAcc>0.804327</vAcc></extensions></trkpt>
      <trkpt lon="34.997938" lat="31.901891"><ele>251.623398</ele><time>2022-07-17T13:32:36Z</time><extensions><speed>0.617269</speed><course>200.731888</course><hAcc>1.800063</hAcc><vAcc>0.803351</vAcc></extensions></trkpt>
      <trkpt lon="34.997936" lat="31.901886"><ele>251.641602</ele><time>2022-07-17T13:32:37Z</time><extensions><speed>0.610134</speed><course>196.615753</course><hAcc>1.802061</hAcc><vAcc>0.802205</vAcc></extensions></trkpt>
      <trkpt lon="34.997934" lat="31.901881"><ele>251.663742</ele><time>2022-07-17T13:32:38Z</time><extensions><speed>0.569986</speed><course>191.710266</course><hAcc>1.804765</hAcc><vAcc>0.801178</vAcc></extensions></trkpt>
      <trkpt lon="34.997933" lat="31.901876"><ele>251.683563</ele><time>2022-07-17T13:32:39Z</time><extensions><speed>0.495684</speed><course>187.273788</course><hAcc>1.810769</hAcc><vAcc>0.800244</vAcc></extensions></trkpt>
      <trkpt lon="34.997933" lat="31.901872"><ele>251.702805</ele><time>2022-07-17T13:32:40Z</time><extensions><speed>0.417653</speed><course>186.360489</course><hAcc>1.814149</hAcc><vAcc>0.799323</vAcc></extensions></trkpt>
      <trkpt lon="34.997932" lat="31.901869"><ele>251.721405</ele><time>2022-07-17T13:32:41Z</time><extensions><speed>0.358531</speed><course>188.793610</course><hAcc>1.812696</hAcc><vAcc>0.798433</vAcc></extensions></trkpt>
      <trkpt lon="34.997932" lat="31.901865"><ele>251.739288</ele><time>2022-07-17T13:32:42Z</time><extensions><speed>0.326779</speed><course>190.539429</course><hAcc>1.809767</hAcc><vAcc>0.797635</vAcc></extensions></trkpt>
      <trkpt lon="34.997931" lat="31.901863"><ele>251.756393</ele><time>2022-07-17T13:32:43Z</time><extensions><speed>0.318783</speed><course>186.891281</course><hAcc>1.806651</hAcc><vAcc>0.797029</vAcc></extensions></trkpt>
      <trkpt lon="34.997931" lat="31.901860"><ele>251.772430</ele><time>2022-07-17T13:32:44Z</time><extensions><speed>0.342637</speed><course>176.410950</course><hAcc>1.796025</hAcc><vAcc>0.796703</vAcc></extensions></trkpt>
      <trkpt lon="34.997932" lat="31.901856"><ele>251.781326</ele><time>2022-07-17T13:32:45Z</time><extensions><speed>0.367693</speed><course>163.392212</course><hAcc>1.780840</hAcc><vAcc>0.796640</vAcc></extensions></trkpt>
      <trkpt lon="34.997933" lat="31.901853"><ele>251.808929</ele><time>2022-07-17T13:32:46Z</time><extensions><speed>0.365149</speed><course>151.604324</course><hAcc>1.762353</hAcc><vAcc>0.796783</vAcc></extensions></trkpt>
      <trkpt lon="34.997935" lat="31.901851"><ele>251.840973</ele><time>2022-07-17T13:32:47Z</time><extensions><speed>0.357656</speed><course>143.952301</course><hAcc>1.726501</hAcc><vAcc>0.797204</vAcc></extensions></trkpt>
      <trkpt lon="34.997937" lat="31.901848"><ele>251.874283</ele><time>2022-07-17T13:32:48Z</time><extensions><speed>0.295504</speed><course>140.875565</course><hAcc>1.709062</hAcc><vAcc>0.798041</vAcc></extensions></trkpt>
      <trkpt lon="34.997939" lat="31.901847"><ele>251.909180</ele><time>2022-07-17T13:32:49Z</time><extensions><speed>0.151545</speed><course>140.285294</course><hAcc>1.735793</hAcc><vAcc>0.799139</vAcc></extensions></trkpt>
      <trkpt lon="34.997940" lat="31.901846"><ele>251.938751</ele><time>2022-07-17T13:32:50Z</time><extensions><speed>0.093107</speed><course>142.493332</course><hAcc>1.729910</hAcc><vAcc>0.800356</vAcc></extensions></trkpt>
      <trkpt lon="34.997940" lat="31.901846"><ele>251.967911</ele><time>2022-07-17T13:32:51Z</time><extensions><speed>0.038432</speed><course>155.804565</course><hAcc>1.720491</hAcc><vAcc>0.801696</vAcc></extensions></trkpt>
      <trkpt lon="34.997940" lat="31.901845"><ele>251.991592</ele><time>2022-07-17T13:32:52Z</time><extensions><speed>0.034980</speed><course>282.671997</course><hAcc>1.694070</hAcc><vAcc>0.803030</vAcc></extensions></trkpt>
      <trkpt lon="34.997939" lat="31.901846"><ele>252.010529</ele><time>2022-07-17T13:32:53Z</time><extensions><speed>0.116743</speed><course>307.203674</course><hAcc>1.700826</hAcc><vAcc>0.804205</vAcc></extensions></trkpt>
      <trkpt lon="34.997938" lat="31.901847"><ele>252.027710</ele><time>2022-07-17T13:32:54Z</time><extensions><speed>0.210941</speed><course>315.333221</course><hAcc>1.719813</hAcc><vAcc>0.805288</vAcc></extensions></trkpt>
      <trkpt lon="34.997936" lat="31.901849"><ele>252.042725</ele><time>2022-07-17T13:32:55Z</time><extensions><speed>0.299080</speed><course>318.678589</course><hAcc>1.727366</hAcc><vAcc>0.806277</vAcc></extensions></trkpt>
      <trkpt lon="34.997934" lat="31.901851"><ele>252.055054</ele><time>2022-07-17T13:32:56Z</time><extensions><speed>0.372588</speed><course>318.223267</course><hAcc>1.728221</hAcc><vAcc>0.807233</vAcc></extensions></trkpt>
      <trkpt lon="34.997931" lat="31.901853"><ele>252.058090</ele><time>2022-07-17T13:32:57Z</time><extensions><speed>0.221202</speed><course>309.943634</course><hAcc>1.754509</hAcc><vAcc>0.808143</vAcc></extensions></trkpt>
      <trkpt lon="34.997929" lat="31.901854"><ele>252.056320</ele><time>2022-07-17T13:32:58Z</time><extensions><speed>0.191100</speed><course>297.399139</course><hAcc>1.739303</hAcc><vAcc>0.809123</vAcc></extensions></trkpt>
      <trkpt lon="34.997928" lat="31.901854"><ele>252.049332</ele><time>2022-07-17T13:32:59Z</time><extensions><speed>0.181507</speed><course>287.668243</course><hAcc>1.722457</hAcc><vAcc>0.810098</vAcc></extensions></trkpt>
      <trkpt lon="34.997926" lat="31.901855"><ele>252.033249</ele><time>2022-07-17T13:33:00Z</time><extensions><speed>0.166394</speed><course>283.611938</course><hAcc>1.711965</hAcc><vAcc>0.811015</vAcc></extensions></trkpt>
      <trkpt lon="34.997924" lat="31.901855"><ele>252.011993</ele><time>2022-07-17T13:33:01Z</time><extensions><speed>0.136780</speed><course>284.795990</course><hAcc>1.707462</hAcc><vAcc>0.811842</vAcc></extensions></trkpt>
      <trkpt lon="34.997923" lat="31.901855"><ele>251.986343</ele><time>2022-07-17T13:33:02Z</time><extensions><speed>0.118032</speed><course>285.578674</course><hAcc>1.703116</hAcc><vAcc>0.812549</vAcc></extensions></trkpt>
      <trkpt lon="34.997922" lat="31.901856"><ele>251.957184</ele><time>2022-07-17T13:33:03Z</time><extensions><speed>0.112275</speed><course>283.216888</course><hAcc>1.697675</hAcc><vAcc>0.813195</vAcc></extensions></trkpt>
      <trkpt lon="34.997921" lat="31.901856"><ele>251.925369</ele><time>2022-07-17T13:33:04Z</time><extensions><speed>0.113105</speed><course>279.733459</course><hAcc>1.694497</hAcc><vAcc>0.813723</vAcc></extensions></trkpt>
      <trkpt lon="34.997919" lat="31.901856"><ele>251.891739</ele><time>2022-07-17T13:33:05Z</time><extensions><speed>0.120871</speed><course>275.574280</course><hAcc>1.688339</hAcc><vAcc>0.814237</vAcc></extensions></trkpt>
      <trkpt lon="34.997918" lat="31.901856"><ele>251.857071</ele><time>2022-07-17T13:33:06Z</time><extensions><speed>0.133852</speed><course>270.463257</course><hAcc>1.670084</hAcc><vAcc>0.814731</vAcc></extensions></trkpt>
      <trkpt lon="34.997916" lat="31.901856"><ele>251.793839</ele><time>2022-07-17T13:33:07Z</time><extensions><speed>0.142963</speed><course>264.437256</course><hAcc>1.640606</hAcc><vAcc>0.815211</vAcc></extensions></trkpt>
      <trkpt lon="34.997915" lat="31.901856"><ele>251.725922</ele><time>2022-07-17T13:33:08Z</time><extensions><speed>0.131205</speed><course>255.934143</course><hAcc>1.617884</hAcc><vAcc>0.815705</vAcc></extensions></trkpt>
      <trkpt lon="34.997913" lat="31.901856"><ele>251.653275</ele><time>2022-07-17T13:33:09Z</time><extensions><speed>0.108687</speed><course>248.199203</course><hAcc>1.625437</hAcc><vAcc>0.816171</vAcc></extensions></trkpt>
      <trkpt lon="34.997913" lat="31.901856"><ele>251.581314</ele><time>2022-07-17T13:33:10Z</time><extensions><speed>0.051960</speed><course>249.148438</course><hAcc>1.672169</hAcc><vAcc>0.816615</vAcc></extensions></trkpt>
      <trkpt lon="34.997912" lat="31.901856"><ele>251.502213</ele><time>2022-07-17T13:33:11Z</time><extensions><speed>0.062239</speed><course>270.550476</course><hAcc>1.652447</hAcc><vAcc>0.817048</vAcc></extensions></trkpt>
      <trkpt lon="34.997911" lat="31.901856"><ele>251.414276</ele><time>2022-07-17T13:33:12Z</time><extensions><speed>0.113989</speed><course>292.953186</course><hAcc>1.613254</hAcc><vAcc>0.817443</vAcc></extensions></trkpt>
      <trkpt lon="34.997910" lat="31.901857"><ele>251.324890</ele><time>2022-07-17T13:33:13Z</time><extensions><speed>0.168945</speed><course>307.993896</course><hAcc>1.618728</hAcc><vAcc>0.817765</vAcc></extensions></trkpt>
      <trkpt lon="34.997908" lat="31.901858"><ele>251.228317</ele><time>2022-07-17T13:33:14Z</time><extensions><speed>0.241299</speed><course>317.153931</course><hAcc>1.643837</hAcc><vAcc>0.818015</vAcc></extensions></trkpt>
      <trkpt lon="34.997906" lat="31.901860"><ele>251.129379</ele><time>2022-07-17T13:33:15Z</time><extensions><speed>0.321249</speed><course>322.721802</course><hAcc>1.668758</hAcc><vAcc>0.818210</vAcc></extensions></trkpt>
      <trkpt lon="34.997904" lat="31.901863"><ele>251.028229</ele><time>2022-07-17T13:33:16Z</time><extensions><speed>0.415854</speed><course>326.715820</course><hAcc>1.681350</hAcc><vAcc>0.818337</vAcc></extensions></trkpt>
      <trkpt lon="34.997902" lat="31.901866"><ele>250.930862</ele><time>2022-07-17T13:33:17Z</time><extensions><speed>0.484690</speed><course>331.214325</course><hAcc>1.686001</hAcc><vAcc>0.818426</vAcc></extensions></trkpt>
      <trkpt lon="34.997899" lat="31.901870"><ele>250.836197</ele><time>2022-07-17T13:33:18Z</time><extensions><speed>0.483203</speed><course>336.633881</course><hAcc>1.691982</hAcc><vAcc>0.818442</vAcc></extensions></trkpt>
      <trkpt lon="34.997898" lat="31.901874"><ele>250.742996</ele><time>2022-07-17T13:33:19Z</time><extensions><speed>0.455169</speed><course>342.129517</course><hAcc>1.694452</hAcc><vAcc>0.818421</vAcc></extensions></trkpt>
      <trkpt lon="34.997897" lat="31.901878"><ele>250.654282</ele><time>2022-07-17T13:33:20Z</time><extensions><speed>0.407990</speed><course>347.354034</course><hAcc>1.696116</hAcc><vAcc>0.818389</vAcc></extensions></trkpt>
      <trkpt lon="34.997896" lat="31.901881"><ele>250.578491</ele><time>2022-07-17T13:33:21Z</time><extensions><speed>0.346586</speed><course>352.730194</course><hAcc>1.698835</hAcc><vAcc>0.818325</vAcc></extensions></trkpt>
      <trkpt lon="34.997896" lat="31.901884"><ele>250.511414</ele><time>2022-07-17T13:33:22Z</time><extensions><speed>0.292660</speed><course>359.535828</course><hAcc>1.698143</hAcc><vAcc>0.818255</vAcc></extensions></trkpt>
      <trkpt lon="34.997896" lat="31.901887"><ele>250.457153</ele><time>2022-07-17T13:33:23Z</time><extensions><speed>0.237640</speed><course>8.869583</course><hAcc>1.697247</hAcc><vAcc>0.818180</vAcc></extensions></trkpt>
      <trkpt lon="34.997896" lat="31.901889"><ele>250.412903</ele><time>2022-07-17T13:33:24Z</time><extensions><speed>0.190409</speed><course>20.930063</course><hAcc>1.700524</hAcc><vAcc>0.818134</vAcc></extensions></trkpt>
      <trkpt lon="34.997897" lat="31.901890"><ele>250.387161</ele><time>2022-07-17T13:33:25Z</time><extensions><speed>0.180103</speed><course>29.926245</course><hAcc>1.699177</hAcc><vAcc>0.818112</vAcc></extensions></trkpt>
      <trkpt lon="34.997898" lat="31.901891"><ele>250.372208</ele><time>2022-07-17T13:33:26Z</time><extensions><speed>0.184819</speed><course>34.367416</course><hAcc>1.697060</hAcc><vAcc>0.818117</vAcc></extensions></trkpt>
      <trkpt lon="34.997899" lat="31.901893"><ele>250.371704</ele><time>2022-07-17T13:33:27Z</time><extensions><speed>0.176508</speed><course>40.335739</course><hAcc>1.698359</hAcc><vAcc>0.818170</vAcc></extensions></trkpt>
      <trkpt lon="34.997901" lat="31.901894"><ele>250.382904</ele><time>2022-07-17T13:33:28Z</time><extensions><speed>0.159066</speed><course>49.755527</course><hAcc>1.700195</hAcc><vAcc>0.818255</vAcc></extensions></trkpt>
      <trkpt lon="34.997902" lat="31.901895"><ele>250.403244</ele><time>2022-07-17T13:33:29Z</time><extensions><speed>0.139896</speed><course>58.385441</course><hAcc>1.702728</hAcc><vAcc>0.818365</vAcc></extensions></trkpt>
      <trkpt lon="34.997903" lat="31.901895"><ele>250.437500</ele><time>2022-07-17T13:33:30Z</time><extensions><speed>0.125486</speed><course>61.358273</course><hAcc>1.699477</hAcc><vAcc>0.818505</vAcc></extensions></trkpt>
      <trkpt lon="34.997904" lat="31.901896"><ele>250.479584</ele><time>2022-07-17T13:33:31Z</time><extensions><speed>0.113912</speed><course>52.689220</course><hAcc>1.695263</hAcc><vAcc>0.818644</vAcc></extensions></trkpt>
      <trkpt lon="34.997905" lat="31.901896"><ele>250.524490</ele><time>2022-07-17T13:33:32Z</time><extensions><speed>0.107493</speed><course>40.638870</course><hAcc>1.691675</hAcc><vAcc>0.818798</vAcc></extensions></trkpt>
      <trkpt lon="34.997906" lat="31.901897"><ele>250.568192</ele><time>2022-07-17T13:33:33Z</time><extensions><speed>0.098257</speed><course>38.464741</course><hAcc>1.685833</hAcc><vAcc>0.818942</vAcc></extensions></trkpt>
      <trkpt lon="34.997907" lat="31.901898"><ele>250.613754</ele><time>2022-07-17T13:33:34Z</time><extensions><speed>0.084830</speed><course>46.476490</course><hAcc>1.677187</hAcc><vAcc>0.819084</vAcc></extensions></trkpt>
      <trkpt lon="34.997907" lat="31.901898"><ele>250.656113</ele><time>2022-07-17T13:33:35Z</time><extensions><speed>0.073795</speed><course>69.652496</course><hAcc>1.666350</hAcc><vAcc>0.819201</vAcc></extensions></trkpt>
      <trkpt lon="34.997908" lat="31.901898"><ele>250.695999</ele><time>2022-07-17T13:33:36Z</time><extensions><speed>0.082009</speed><course>98.944672</course><hAcc>1.659350</hAcc><vAcc>0.819292</vAcc></extensions></trkpt>
      <trkpt lon="34.997909" lat="31.901898"><ele>250.732941</ele><time>2022-07-17T13:33:37Z</time><extensions><speed>0.098968</speed><course>114.657219</course><hAcc>1.663945</hAcc><vAcc>0.819346</vAcc></extensions></trkpt>
      <trkpt lon="34.997910" lat="31.901897"><ele>250.772339</ele><time>2022-07-17T13:33:38Z</time><extensions><speed>0.093125</speed><course>125.944405</course><hAcc>1.685730</hAcc><vAcc>0.819388</vAcc></extensions></trkpt>
      <trkpt lon="34.997911" lat="31.901896"><ele>250.804459</ele><time>2022-07-17T13:33:39Z</time><extensions><speed>0.149966</speed><course>138.880707</course><hAcc>1.660195</hAcc><vAcc>0.819419</vAcc></extensions></trkpt>
      <trkpt lon="34.997912" lat="31.901895"><ele>250.831711</ele><time>2022-07-17T13:33:40Z</time><extensions><speed>0.210405</speed><course>148.625381</course><hAcc>1.650279</hAcc><vAcc>0.819424</vAcc></extensions></trkpt>
      <trkpt lon="34.997913" lat="31.901893"><ele>250.854309</ele><time>2022-07-17T13:33:41Z</time><extensions><speed>0.267651</speed><course>154.852097</course><hAcc>1.654269</hAcc><vAcc>0.819393</vAcc></extensions></trkpt>
      <trkpt lon="34.997915" lat="31.901891"><ele>250.872757</ele><time>2022-07-17T13:33:42Z</time><extensions><speed>0.299707</speed><course>159.024078</course><hAcc>1.660222</hAcc><vAcc>0.819333</vAcc></extensions></trkpt>
      <trkpt lon="34.997916" lat="31.901888"><ele>250.886322</ele><time>2022-07-17T13:33:43Z</time><extensions><speed>0.310674</speed><course>161.256592</course><hAcc>1.655073</hAcc><vAcc>0.819248</vAcc></extensions></trkpt>
      <trkpt lon="34.997917" lat="31.901885"><ele>250.899490</ele><time>2022-07-17T13:33:44Z</time><extensions><speed>0.292300</speed><course>161.932373</course><hAcc>1.646886</hAcc><vAcc>0.819148</vAcc></extensions></trkpt>
      <trkpt lon="34.997918" lat="31.901883"><ele>250.907639</ele><time>2022-07-17T13:33:45Z</time><extensions><speed>0.260260</speed><course>161.450012</course><hAcc>1.646113</hAcc><vAcc>0.819062</vAcc></extensions></trkpt>
      <trkpt lon="34.997918" lat="31.901881"><ele>250.907379</ele><time>2022-07-17T13:33:46Z</time><extensions><speed>0.192947</speed><course>161.026062</course><hAcc>1.658998</hAcc><vAcc>0.818987</vAcc></extensions></trkpt>
      <trkpt lon="34.997919" lat="31.901879"><ele>250.904465</ele><time>2022-07-17T13:33:47Z</time><extensions><speed>0.181934</speed><course>161.046371</course><hAcc>1.643595</hAcc><vAcc>0.818926</vAcc></extensions></trkpt>
      <trkpt lon="34.997920" lat="31.901877"><ele>250.899277</ele><time>2022-07-17T13:33:48Z</time><extensions><speed>0.188353</speed><course>160.615021</course><hAcc>1.628120</hAcc><vAcc>0.818885</vAcc></extensions></trkpt>
      <trkpt lon="34.997920" lat="31.901876"><ele>250.892120</ele><time>2022-07-17T13:33:49Z</time><extensions><speed>0.157735</speed><course>159.469788</course><hAcc>1.650190</hAcc><vAcc>0.818898</vAcc></extensions></trkpt>
      <trkpt lon="34.997921" lat="31.901875"><ele>250.900055</ele><time>2022-07-17T13:33:50Z</time><extensions><speed>0.171271</speed><course>158.806686</course><hAcc>1.653033</hAcc><vAcc>0.818954</vAcc></extensions></trkpt>
      <trkpt lon="34.997922" lat="31.901873"><ele>250.916046</ele><time>2022-07-17T13:33:51Z</time><extensions><speed>0.228666</speed><course>160.348282</course><hAcc>1.635000</hAcc><vAcc>0.819058</vAcc></extensions></trkpt>
      <trkpt lon="34.997923" lat="31.901871"><ele>250.938171</ele><time>2022-07-17T13:33:52Z</time><extensions><speed>0.262546</speed><course>162.321121</course><hAcc>1.632195</hAcc><vAcc>0.819218</vAcc></extensions></trkpt>
      <trkpt lon="34.997923" lat="31.901869"><ele>250.963470</ele><time>2022-07-17T13:33:53Z</time><extensions><speed>0.263607</speed><course>163.490799</course><hAcc>1.636506</hAcc><vAcc>0.819444</vAcc></extensions></trkpt>
      <trkpt lon="34.997924" lat="31.901867"><ele>250.992111</ele><time>2022-07-17T13:33:54Z</time><extensions><speed>0.242718</speed><course>163.845352</course><hAcc>1.624169</hAcc><vAcc>0.819729</vAcc></extensions></trkpt>
      <trkpt lon="34.997925" lat="31.901865"><ele>251.025497</ele><time>2022-07-17T13:33:55Z</time><extensions><speed>0.165844</speed><course>164.309250</course><hAcc>1.610376</hAcc><vAcc>0.820050</vAcc></extensions></trkpt>
      <trkpt lon="34.997925" lat="31.901864"><ele>251.062500</ele><time>2022-07-17T13:33:56Z</time><extensions><speed>0.070479</speed><course>166.903320</course><hAcc>1.610541</hAcc><vAcc>0.820435</vAcc></extensions></trkpt>
      <trkpt lon="34.997925" lat="31.901863"><ele>251.106323</ele><time>2022-07-17T13:33:57Z</time><extensions><speed>0.006051</speed><course>234.483353</course><hAcc>1.620955</hAcc><vAcc>0.820819</vAcc></extensions></trkpt>
      <trkpt lon="34.997925" lat="31.901864"><ele>251.152725</ele><time>2022-07-17T13:33:58Z</time><extensions><speed>0.045764</speed><course>334.407715</course><hAcc>1.632968</hAcc><vAcc>0.821202</vAcc></extensions></trkpt>
      <trkpt lon="34.997924" lat="31.901864"><ele>251.198776</ele><time>2022-07-17T13:33:59Z</time><extensions><speed>0.095095</speed><course>336.913330</course><hAcc>1.628365</hAcc><vAcc>0.821575</vAcc></extensions></trkpt>
      <trkpt lon="34.997924" lat="31.901865"><ele>251.242966</ele><time>2022-07-17T13:34:00Z</time><extensions><speed>0.163816</speed><course>337.175903</course><hAcc>1.601913</hAcc><vAcc>0.821905</vAcc></extensions></trkpt>
      <trkpt lon="34.997923" lat="31.901867"><ele>251.288177</ele><time>2022-07-17T13:34:01Z</time><extensions><speed>0.172764</speed><course>336.756165</course><hAcc>1.611662</hAcc><vAcc>0.822182</vAcc></extensions></trkpt>
      <trkpt lon="34.997922" lat="31.901868"><ele>251.334198</ele><time>2022-07-17T13:34:02Z</time><extensions><speed>0.164216</speed><course>335.325653</course><hAcc>1.634524</hAcc><vAcc>0.822382</vAcc></extensions></trkpt>
      <trkpt lon="34.997922" lat="31.901870"><ele>251.373657</ele><time>2022-07-17T13:34:03Z</time><extensions><speed>0.162781</speed><course>332.431091</course><hAcc>1.650161</hAcc><vAcc>0.822502</vAcc></extensions></trkpt>
      <trkpt lon="34.997921" lat="31.901871"><ele>251.406357</ele><time>2022-07-17T13:34:04Z</time><extensions><speed>0.176003</speed><course>329.810760</course><hAcc>1.658084</hAcc><vAcc>0.822532</vAcc></extensions></trkpt>
      <trkpt lon="34.997919" lat="31.901873"><ele>251.429840</ele><time>2022-07-17T13:34:05Z</time><extensions><speed>0.211252</speed><course>329.494995</course><hAcc>1.658908</hAcc><vAcc>0.822487</vAcc></extensions></trkpt>
      <trkpt lon="34.997918" lat="31.901875"><ele>251.444870</ele><time>2022-07-17T13:34:06Z</time><extensions><speed>0.259551</speed><course>330.272247</course><hAcc>1.656212</hAcc><vAcc>0.822417</vAcc></extensions></trkpt>
      <trkpt lon="34.997917" lat="31.901877"><ele>251.446945</ele><time>2022-07-17T13:34:07Z</time><extensions><speed>0.287589</speed><course>330.239227</course><hAcc>1.665956</hAcc><vAcc>0.822245</vAcc></extensions></trkpt>
      <trkpt lon="34.997915" lat="31.901879"><ele>251.443634</ele><time>2022-07-17T13:34:08Z</time><extensions><speed>0.268193</speed><course>329.135742</course><hAcc>1.689627</hAcc><vAcc>0.822017</vAcc></extensions></trkpt>
      <trkpt lon="34.997913" lat="31.901882"><ele>251.429199</ele><time>2022-07-17T13:34:09Z</time><extensions><speed>0.347148</speed><course>327.409424</course><hAcc>1.673507</hAcc><vAcc>0.821710</vAcc></extensions></trkpt>
      <trkpt lon="34.997911" lat="31.901884"><ele>251.410217</ele><time>2022-07-17T13:34:10Z</time><extensions><speed>0.379354</speed><course>325.601776</course><hAcc>1.669225</hAcc><vAcc>0.821372</vAcc></extensions></trkpt>
      <trkpt lon="34.997909" lat="31.901887"><ele>251.384109</ele><time>2022-07-17T13:34:11Z</time><extensions><speed>0.374069</speed><course>323.322357</course><hAcc>1.678932</hAcc><vAcc>0.821034</vAcc></extensions></trkpt>
      <trkpt lon="34.997906" lat="31.901890"><ele>251.350876</ele><time>2022-07-17T13:34:12Z</time><extensions><speed>0.380046</speed><course>321.361633</course><hAcc>1.683486</hAcc><vAcc>0.820641</vAcc></extensions></trkpt>
      <trkpt lon="34.997904" lat="31.901893"><ele>251.314697</ele><time>2022-07-17T13:34:13Z</time><extensions><speed>0.381015</speed><course>320.736694</course><hAcc>1.684643</hAcc><vAcc>0.820290</vAcc></extensions></trkpt>
      <trkpt lon="34.997901" lat="31.901895"><ele>251.289200</ele><time>2022-07-17T13:34:14Z</time><extensions><speed>0.376314</speed><course>321.333954</course><hAcc>1.678713</hAcc><vAcc>0.820011</vAcc></extensions></trkpt>
      <trkpt lon="34.997899" lat="31.901898"><ele>251.264496</ele><time>2022-07-17T13:34:15Z</time><extensions><speed>0.359606</speed><course>322.033203</course><hAcc>1.667719</hAcc><vAcc>0.819788</vAcc></extensions></trkpt>
      <trkpt lon="34.997897" lat="31.901900"><ele>251.241821</ele><time>2022-07-17T13:34:16Z</time><extensions><speed>0.312932</speed><course>321.662140</course><hAcc>1.661201</hAcc><vAcc>0.819609</vAcc></extensions></trkpt>
      <trkpt lon="34.997895" lat="31.901902"><ele>251.223938</ele><time>2022-07-17T13:34:17Z</time><extensions><speed>0.246654</speed><course>320.088806</course><hAcc>1.671751</hAcc><vAcc>0.819548</vAcc></extensions></trkpt>
      <trkpt lon="34.997894" lat="31.901903"><ele>251.218765</ele><time>2022-07-17T13:34:18Z</time><extensions><speed>0.128276</speed><course>316.141327</course><hAcc>1.702824</hAcc><vAcc>0.819582</vAcc></extensions></trkpt>
      <trkpt lon="34.997893" lat="31.901904"><ele>251.219772</ele><time>2022-07-17T13:34:19Z</time><extensions><speed>0.100992</speed><course>303.952057</course><hAcc>1.669430</hAcc><vAcc>0.819688</vAcc></extensions></trkpt>
      <trkpt lon="34.997892" lat="31.901904"><ele>251.227295</ele><time>2022-07-17T13:34:20Z</time><extensions><speed>0.053640</speed><course>255.317551</course><hAcc>1.656462</hAcc><vAcc>0.819871</vAcc></extensions></trkpt>
      <trkpt lon="34.997892" lat="31.901903"><ele>251.241516</ele><time>2022-07-17T13:34:21Z</time><extensions><speed>0.096915</speed><course>185.101089</course><hAcc>1.667445</hAcc><vAcc>0.820120</vAcc></extensions></trkpt>
      <trkpt lon="34.997892" lat="31.901902"><ele>251.262283</ele><time>2022-07-17T13:34:22Z</time><extensions><speed>0.186692</speed><course>168.232285</course><hAcc>1.679759</hAcc><vAcc>0.820423</vAcc></extensions></trkpt>
      <trkpt lon="34.997893" lat="31.901900"><ele>251.289108</ele><time>2022-07-17T13:34:23Z</time><extensions><speed>0.285453</speed><course>162.798737</course><hAcc>1.683881</hAcc><vAcc>0.820765</vAcc></extensions></trkpt>
      <trkpt lon="34.997894" lat="31.901897"><ele>251.321121</ele><time>2022-07-17T13:34:24Z</time><extensions><speed>0.352099</speed><course>160.014984</course><hAcc>1.687977</hAcc><vAcc>0.821132</vAcc></extensions></trkpt>
      <trkpt lon="34.997895" lat="31.901894"><ele>251.357162</ele><time>2022-07-17T13:34:25Z</time><extensions><speed>0.409127</speed><course>157.966125</course><hAcc>1.685586</hAcc><vAcc>0.821503</vAcc></extensions></trkpt>
      <trkpt lon="34.997897" lat="31.901890"><ele>251.395981</ele><time>2022-07-17T13:34:26Z</time><extensions><speed>0.437948</speed><course>156.722107</course><hAcc>1.681282</hAcc><vAcc>0.821856</vAcc></extensions></trkpt>
      <trkpt lon="34.997899" lat="31.901887"><ele>251.436386</ele><time>2022-07-17T13:34:27Z</time><extensions><speed>0.396422</speed><course>155.381989</course><hAcc>1.681238</hAcc><vAcc>0.822178</vAcc></extensions></trkpt>
      <trkpt lon="34.997900" lat="31.901884"><ele>251.477188</ele><time>2022-07-17T13:34:28Z</time><extensions><speed>0.322369</speed><course>153.886078</course><hAcc>1.679143</hAcc><vAcc>0.822456</vAcc></extensions></trkpt>
      <trkpt lon="34.997902" lat="31.901882"><ele>251.517273</ele><time>2022-07-17T13:34:29Z</time><extensions><speed>0.243518</speed><course>153.117477</course><hAcc>1.675863</hAcc><vAcc>0.822671</vAcc></extensions></trkpt>
      <trkpt lon="34.997903" lat="31.901880"><ele>251.566071</ele><time>2022-07-17T13:34:30Z</time><extensions><speed>0.182488</speed><course>152.617813</course><hAcc>1.672019</hAcc><vAcc>0.822861</vAcc></extensions></trkpt>
      <trkpt lon="34.997904" lat="31.901878"><ele>251.613647</ele><time>2022-07-17T13:34:31Z</time><extensions><speed>0.139105</speed><course>152.358871</course><hAcc>1.666891</hAcc><vAcc>0.823040</vAcc></extensions></trkpt>
      <trkpt lon="34.997904" lat="31.901877"><ele>251.655579</ele><time>2022-07-17T13:34:32Z</time><extensions><speed>0.111369</speed><course>152.810486</course><hAcc>1.660857</hAcc><vAcc>0.823200</vAcc></extensions></trkpt>
      <trkpt lon="34.997905" lat="31.901876"><ele>251.689896</ele><time>2022-07-17T13:34:33Z</time><extensions><speed>0.096820</speed><course>153.394958</course><hAcc>1.656064</hAcc><vAcc>0.823332</vAcc></extensions></trkpt>
      <trkpt lon="34.997905" lat="31.901876"><ele>251.729340</ele><time>2022-07-17T13:34:34Z</time><extensions><speed>0.091826</speed><course>154.070145</course><hAcc>1.653895</hAcc><vAcc>0.823418</vAcc></extensions></trkpt>
      <trkpt lon="34.997906" lat="31.901875"><ele>251.756470</ele><time>2022-07-17T13:34:35Z</time><extensions><speed>0.094961</speed><course>154.083542</course><hAcc>1.653883</hAcc><vAcc>0.823455</vAcc></extensions></trkpt>
      <trkpt lon="34.997906" lat="31.901874"><ele>251.784973</ele><time>2022-07-17T13:34:36Z</time><extensions><speed>0.114008</speed><course>153.880234</course><hAcc>1.650456</hAcc><vAcc>0.823420</vAcc></extensions></trkpt>
      <trkpt lon="34.997907" lat="31.901873"><ele>251.808014</ele><time>2022-07-17T13:34:37Z</time><extensions><speed>0.136525</speed><course>153.541733</course><hAcc>1.654356</hAcc><vAcc>0.823448</vAcc></extensions></trkpt>
      <trkpt lon="34.997908" lat="31.901872"><ele>251.832687</ele><time>2022-07-17T13:34:38Z</time><extensions><speed>0.180255</speed><course>153.107742</course><hAcc>1.653542</hAcc><vAcc>0.823452</vAcc></extensions></trkpt>
      <trkpt lon="34.997909" lat="31.901870"><ele>251.860138</ele><time>2022-07-17T13:34:39Z</time><extensions><speed>0.216121</speed><course>152.741562</course><hAcc>1.658409</hAcc><vAcc>0.823459</vAcc></extensions></trkpt>
      <trkpt lon="34.997910" lat="31.901868"><ele>251.883804</ele><time>2022-07-17T13:34:40Z</time><extensions><speed>0.252897</speed><course>152.465546</course><hAcc>1.655092</hAcc><vAcc>0.823432</vAcc></extensions></trkpt>
      <trkpt lon="34.997911" lat="31.901866"><ele>251.904541</ele><time>2022-07-17T13:34:41Z</time><extensions><speed>0.246673</speed><course>151.312256</course><hAcc>1.659578</hAcc><vAcc>0.823372</vAcc></extensions></trkpt>
      <trkpt lon="34.997912" lat="31.901864"><ele>251.925598</ele><time>2022-07-17T13:34:42Z</time><extensions><speed>0.219635</speed><course>147.353668</course><hAcc>1.667568</hAcc><vAcc>0.823294</vAcc></extensions></trkpt>
      <trkpt lon="34.997913" lat="31.901863"><ele>251.944183</ele><time>2022-07-17T13:34:43Z</time><extensions><speed>0.175575</speed><course>138.960617</course><hAcc>1.675850</hAcc><vAcc>0.823169</vAcc></extensions></trkpt>
      <trkpt lon="34.997915" lat="31.901862"><ele>251.952499</ele><time>2022-07-17T13:34:44Z</time><extensions><speed>0.119931</speed><course>123.145592</course><hAcc>1.684040</hAcc><vAcc>0.823009</vAcc></extensions></trkpt>
      <trkpt lon="34.997916" lat="31.901862"><ele>251.958328</ele><time>2022-07-17T13:34:45Z</time><extensions><speed>0.084300</speed><course>93.918404</course><hAcc>1.677130</hAcc><vAcc>0.822852</vAcc></extensions></trkpt>
      <trkpt lon="34.997916" lat="31.901862"><ele>251.962021</ele><time>2022-07-17T13:34:46Z</time><extensions><speed>0.073187</speed><course>42.398582</course><hAcc>1.670319</hAcc><vAcc>0.822714</vAcc></extensions></trkpt>
      <trkpt lon="34.997916" lat="31.901863"><ele>251.963760</ele><time>2022-07-17T13:34:47Z</time><extensions><speed>0.105276</speed><course>1.498552</course><hAcc>1.665669</hAcc><vAcc>0.822639</vAcc></extensions></trkpt>
      <trkpt lon="34.997916" lat="31.901864"><ele>251.963547</ele><time>2022-07-17T13:34:48Z</time><extensions><speed>0.144421</speed><course>342.157135</course><hAcc>1.658187</hAcc><vAcc>0.822600</vAcc></extensions></trkpt>
      <trkpt lon="34.997916" lat="31.901865"><ele>251.953934</ele><time>2022-07-17T13:34:49Z</time><extensions><speed>0.149422</speed><course>329.872833</course><hAcc>1.655448</hAcc><vAcc>0.822571</vAcc></extensions></trkpt>
      <trkpt lon="34.997915" lat="31.901866"><ele>251.940720</ele><time>2022-07-17T13:34:50Z</time><extensions><speed>0.144624</speed><course>321.299866</course><hAcc>1.648429</hAcc><vAcc>0.822552</vAcc></extensions></trkpt>
      <trkpt lon="34.997914" lat="31.901867"><ele>251.930420</ele><time>2022-07-17T13:34:51Z</time><extensions><speed>0.108841</speed><course>316.319550</course><hAcc>1.665105</hAcc><vAcc>0.822567</vAcc></extensions></trkpt>
      <trkpt lon="34.997913" lat="31.901868"><ele>251.920364</ele><time>2022-07-17T13:34:52Z</time><extensions><speed>0.100723</speed><course>313.423523</course><hAcc>1.659519</hAcc><vAcc>0.822557</vAcc></extensions></trkpt>
      <trkpt lon="34.997912" lat="31.901868"><ele>251.908798</ele><time>2022-07-17T13:34:53Z</time><extensions><speed>0.098042</speed><course>309.767975</course><hAcc>1.643110</hAcc><vAcc>0.822541</vAcc></extensions></trkpt>
      <trkpt lon="34.997911" lat="31.901869"><ele>251.887497</ele><time>2022-07-17T13:34:54Z</time><extensions><speed>0.082604</speed><course>302.936218</course><hAcc>1.646035</hAcc><vAcc>0.822522</vAcc></extensions></trkpt>
      <trkpt lon="34.997911" lat="31.901869"><ele>251.864426</ele><time>2022-07-17T13:34:55Z</time><extensions><speed>0.065137</speed><course>291.632477</course><hAcc>1.660355</hAcc><vAcc>0.822512</vAcc></extensions></trkpt>
      <trkpt lon="34.997910" lat="31.901869"><ele>251.840134</ele><time>2022-07-17T13:34:56Z</time><extensions><speed>0.056778</speed><course>275.041107</course><hAcc>1.668419</hAcc><vAcc>0.822490</vAcc></extensions></trkpt>
      <trkpt lon="34.997909" lat="31.901869"><ele>251.815094</ele><time>2022-07-17T13:34:57Z</time><extensions><speed>0.059069</speed><course>258.557617</course><hAcc>1.668224</hAcc><vAcc>0.822464</vAcc></extensions></trkpt>
      <trkpt lon="34.997909" lat="31.901869"><ele>251.789749</ele><time>2022-07-17T13:34:58Z</time><extensions><speed>0.062827</speed><course>248.381271</course><hAcc>1.668506</hAcc><vAcc>0.822423</vAcc></extensions></trkpt>
      <trkpt lon="34.997908" lat="31.901869"><ele>251.770462</ele><time>2022-07-17T13:34:59Z</time><extensions><speed>0.062238</speed><course>255.753937</course><hAcc>1.663062</hAcc><vAcc>0.822331</vAcc></extensions></trkpt>
      <trkpt lon="34.997907" lat="31.901869"><ele>251.757248</ele><time>2022-07-17T13:35:00Z</time><extensions><speed>0.058592</speed><course>274.549286</course><hAcc>1.651314</hAcc><vAcc>0.822177</vAcc></extensions></trkpt>
      <trkpt lon="34.997907" lat="31.901869"><ele>251.743530</ele><time>2022-07-17T13:35:01Z</time><extensions><speed>0.066867</speed><course>291.107483</course><hAcc>1.630160</hAcc><vAcc>0.822009</vAcc></extensions></trkpt>
      <trkpt lon="34.997906" lat="31.901870"><ele>251.731766</ele><time>2022-07-17T13:35:02Z</time><extensions><speed>0.077729</speed><course>298.259949</course><hAcc>1.610202</hAcc><vAcc>0.821803</vAcc></extensions></trkpt>
      <trkpt lon="34.997905" lat="31.901870"><ele>251.704742</ele><time>2022-07-17T13:35:03Z</time><extensions><speed>0.081620</speed><course>298.125244</course><hAcc>1.598420</hAcc><vAcc>0.821539</vAcc></extensions></trkpt>
      <trkpt lon="34.997904" lat="31.901870"><ele>251.681580</ele><time>2022-07-17T13:35:04Z</time><extensions><speed>0.073610</speed><course>299.669189</course><hAcc>1.601891</hAcc><vAcc>0.821302</vAcc></extensions></trkpt>
      <trkpt lon="34.997904" lat="31.901870"><ele>251.663651</ele><time>2022-07-17T13:35:05Z</time><extensions><speed>0.077002</speed><course>303.686066</course><hAcc>1.593743</hAcc><vAcc>0.821064</vAcc></extensions></trkpt>
      <trkpt lon="34.997903" lat="31.901871"><ele>251.645844</ele><time>2022-07-17T13:35:06Z</time><extensions><speed>0.091667</speed><course>306.929016</course><hAcc>1.582938</hAcc><vAcc>0.820793</vAcc></extensions></trkpt>
      <trkpt lon="34.997902" lat="31.901871"><ele>251.629639</ele><time>2022-07-17T13:35:07Z</time><extensions><speed>0.100539</speed><course>309.550262</course><hAcc>1.595092</hAcc><vAcc>0.820475</vAcc></extensions></trkpt>
      <trkpt lon="34.997901" lat="31.901872"><ele>251.614975</ele><time>2022-07-17T13:35:08Z</time><extensions><speed>0.105850</speed><course>309.815582</course><hAcc>1.609629</hAcc><vAcc>0.820100</vAcc></extensions></trkpt>
      <trkpt lon="34.997901" lat="31.901873"><ele>251.604233</ele><time>2022-07-17T13:35:09Z</time><extensions><speed>0.127672</speed><course>305.807648</course><hAcc>1.590082</hAcc><vAcc>0.819634</vAcc></extensions></trkpt>
      <trkpt lon="34.997900" lat="31.901873"><ele>251.596069</ele><time>2022-07-17T13:35:10Z</time><extensions><speed>0.079179</speed><course>291.867462</course><hAcc>1.605392</hAcc><vAcc>0.819143</vAcc></extensions></trkpt>
      <trkpt lon="34.997899" lat="31.901873"><ele>251.593246</ele><time>2022-07-17T13:35:11Z</time><extensions><speed>0.036201</speed><course>221.721146</course><hAcc>1.641017</hAcc><vAcc>0.818633</vAcc></extensions></trkpt>
      <trkpt lon="34.997899" lat="31.901873"><ele>251.594498</ele><time>2022-07-17T13:35:12Z</time><extensions><speed>0.078071</speed><course>160.870407</course><hAcc>1.663488</hAcc><vAcc>0.818049</vAcc></extensions></trkpt>
      <trkpt lon="34.997900" lat="31.901872"><ele>251.603912</ele><time>2022-07-17T13:35:13Z</time><extensions><speed>0.109922</speed><course>139.604355</course><hAcc>1.671872</hAcc><vAcc>0.817488</vAcc></extensions></trkpt>
      <trkpt lon="34.997901" lat="31.901872"><ele>251.620071</ele><time>2022-07-17T13:35:14Z</time><extensions><speed>0.117416</speed><course>116.751373</course><hAcc>1.680110</hAcc><vAcc>0.816883</vAcc></extensions></trkpt>
      <trkpt lon="34.997902" lat="31.901871"><ele>251.635803</ele><time>2022-07-17T13:35:15Z</time><extensions><speed>0.117805</speed><course>95.733673</course><hAcc>1.688674</hAcc><vAcc>0.816205</vAcc></extensions></trkpt>
      <trkpt lon="34.997903" lat="31.901871"><ele>251.651138</ele><time>2022-07-17T13:35:16Z</time><extensions><speed>0.112449</speed><course>74.288620</course><hAcc>1.695215</hAcc><vAcc>0.815640</vAcc></extensions></trkpt>
      <trkpt lon="34.997904" lat="31.901872"><ele>251.670059</ele><time>2022-07-17T13:35:17Z</time><extensions><speed>0.111060</speed><course>59.700253</course><hAcc>1.700274</hAcc><vAcc>0.815132</vAcc></extensions></trkpt>
      <trkpt lon="34.997905" lat="31.901872"><ele>251.692307</ele><time>2022-07-17T13:35:18Z</time><extensions><speed>0.105103</speed><course>53.098381</course><hAcc>1.707353</hAcc><vAcc>0.814650</vAcc></extensions></trkpt>
      <trkpt lon="34.997906" lat="31.901873"><ele>251.717026</ele><time>2022-07-17T13:35:19Z</time><extensions><speed>0.099122</speed><course>44.353996</course><hAcc>1.708182</hAcc><vAcc>0.814178</vAcc></extensions></trkpt>
      <trkpt lon="34.997906" lat="31.901873"><ele>251.747269</ele><time>2022-07-17T13:35:20Z</time><extensions><speed>0.083045</speed><course>33.485359</course><hAcc>1.708678</hAcc><vAcc>0.813938</vAcc></extensions></trkpt>
      <trkpt lon="34.997907" lat="31.901874"><ele>251.779114</ele><time>2022-07-17T13:35:21Z</time><extensions><speed>0.056741</speed><course>18.475098</course><hAcc>1.710400</hAcc><vAcc>0.813934</vAcc></extensions></trkpt>
      <trkpt lon="34.997907" lat="31.901874"><ele>251.806488</ele><time>2022-07-17T13:35:22Z</time><extensions><speed>0.022443</speed><course>348.738251</course><hAcc>1.713314</hAcc><vAcc>0.814120</vAcc></extensions></trkpt>
      <trkpt lon="34.997907" lat="31.901874"><ele>251.830551</ele><time>2022-07-17T13:35:23Z</time><extensions><speed>0.049720</speed><course>183.707779</course><hAcc>1.710759</hAcc><vAcc>0.814491</vAcc></extensions></trkpt>
      <trkpt lon="34.997907" lat="31.901873"><ele>251.855209</ele><time>2022-07-17T13:35:24Z</time><extensions><speed>0.153939</speed><course>171.888458</course><hAcc>1.707683</hAcc><vAcc>0.815030</vAcc></extensions></trkpt>
      <trkpt lon="34.997907" lat="31.901871"><ele>251.873184</ele><time>2022-07-17T13:35:25Z</time><extensions><speed>0.251327</speed><course>166.815948</course><hAcc>1.700638</hAcc><vAcc>0.815714</vAcc></extensions></trkpt>
      <trkpt lon="34.997908" lat="31.901869"><ele>251.891891</ele><time>2022-07-17T13:35:26Z</time><extensions><speed>0.286959</speed><course>163.045013</course><hAcc>1.700920</hAcc><vAcc>0.816497</vAcc></extensions></trkpt>
      <trkpt lon="34.997909" lat="31.901866"><ele>251.908173</ele><time>2022-07-17T13:35:27Z</time><extensions><speed>0.271026</speed><course>160.486160</course><hAcc>1.701928</hAcc><vAcc>0.817318</vAcc></extensions></trkpt>
      <trkpt lon="34.997910" lat="31.901864"><ele>251.922043</ele><time>2022-07-17T13:35:28Z</time><extensions><speed>0.238969</speed><course>158.461594</course><hAcc>1.697466</hAcc><vAcc>0.818137</vAcc></extensions></trkpt>
      <trkpt lon="34.997911" lat="31.901862"><ele>251.933502</ele><time>2022-07-17T13:35:29Z</time><extensions><speed>0.208466</speed><course>155.339600</course><hAcc>1.690362</hAcc><vAcc>0.818933</vAcc></extensions></trkpt>
      <trkpt lon="34.997912" lat="31.901861"><ele>251.942596</ele><time>2022-07-17T13:35:30Z</time><extensions><speed>0.177540</speed><course>149.047806</course><hAcc>1.685406</hAcc><vAcc>0.819674</vAcc></extensions></trkpt>
      <trkpt lon="34.997913" lat="31.901859"><ele>251.946655</ele><time>2022-07-17T13:35:31Z</time><extensions><speed>0.154242</speed><course>138.978699</course><hAcc>1.680610</hAcc><vAcc>0.820338</vAcc></extensions></trkpt>
      <trkpt lon="34.997914" lat="31.901858"><ele>251.955841</ele><time>2022-07-17T13:35:32Z</time><extensions><speed>0.151373</speed><course>128.319244</course><hAcc>1.668867</hAcc><vAcc>0.820894</vAcc></extensions></trkpt>
      <trkpt lon="34.997916" lat="31.901858"><ele>251.965271</ele><time>2022-07-17T13:35:33Z</time><extensions><speed>0.159600</speed><course>120.911522</course><hAcc>1.652770</hAcc><vAcc>0.821338</vAcc></extensions></trkpt>
      <trkpt lon="34.997917" lat="31.901857"><ele>251.974274</ele><time>2022-07-17T13:35:34Z</time><extensions><speed>0.163503</speed><course>119.254913</course><hAcc>1.638735</hAcc><vAcc>0.821689</vAcc></extensions></trkpt>
      <trkpt lon="34.997919" lat="31.901856"><ele>251.983170</ele><time>2022-07-17T13:35:35Z</time><extensions><speed>0.145466</speed><course>123.146492</course><hAcc>1.650019</hAcc><vAcc>0.821949</vAcc></extensions></trkpt>
      <trkpt lon="34.997920" lat="31.901856"><ele>251.992233</ele><time>2022-07-17T13:35:36Z</time><extensions><speed>0.086360</speed><course>128.284393</course><hAcc>1.685155</hAcc><vAcc>0.822131</vAcc></extensions></trkpt>
      <trkpt lon="34.997920" lat="31.901855"><ele>252.016174</ele><time>2022-07-17T13:35:37Z</time><extensions><speed>0.112920</speed><course>132.977936</course><hAcc>1.646272</hAcc><vAcc>0.822262</vAcc></extensions></trkpt>
      <trkpt lon="34.997921" lat="31.901854"><ele>252.040985</ele><time>2022-07-17T13:35:38Z</time><extensions><speed>0.116205</speed><course>136.406174</course><hAcc>1.630740</hAcc><vAcc>0.822390</vAcc></extensions></trkpt>
      <trkpt lon="34.997922" lat="31.901853"><ele>252.069962</ele><time>2022-07-17T13:35:39Z</time><extensions><speed>0.117539</speed><course>140.285858</course><hAcc>1.636282</hAcc><vAcc>0.822489</vAcc></extensions></trkpt>
      <trkpt lon="34.997923" lat="31.901852"><ele>252.101624</ele><time>2022-07-17T13:35:40Z</time><extensions><speed>0.117775</speed><course>143.550552</course><hAcc>1.641133</hAcc><vAcc>0.822575</vAcc></extensions></trkpt>
      <trkpt lon="34.997924" lat="31.901852"><ele>252.135880</ele><time>2022-07-17T13:35:41Z</time><extensions><speed>0.109448</speed><course>145.504807</course><hAcc>1.637418</hAcc><vAcc>0.822642</vAcc></extensions></trkpt>
      <trkpt lon="34.997924" lat="31.901851"><ele>252.172470</ele><time>2022-07-17T13:35:42Z</time><extensions><speed>0.099602</speed><course>147.017075</course><hAcc>1.627703</hAcc><vAcc>0.822701</vAcc></extensions></trkpt>
      <trkpt lon="34.997925" lat="31.901850"><ele>252.210953</ele><time>2022-07-17T13:35:43Z</time><extensions><speed>0.098709</speed><course>148.623642</course><hAcc>1.620782</hAcc><vAcc>0.822779</vAcc></extensions></trkpt>
      <trkpt lon="34.997926" lat="31.901849"><ele>252.250839</ele><time>2022-07-17T13:35:44Z</time><extensions><speed>0.102885</speed><course>149.728882</course><hAcc>1.622702</hAcc><vAcc>0.822870</vAcc></extensions></trkpt>
      <trkpt lon="34.997926" lat="31.901848"><ele>252.295776</ele><time>2022-07-17T13:35:45Z</time><extensions><speed>0.109376</speed><course>150.040924</course><hAcc>1.636067</hAcc><vAcc>0.822962</vAcc></extensions></trkpt>
      <trkpt lon="34.997927" lat="31.901847"><ele>252.331711</ele><time>2022-07-17T13:35:46Z</time><extensions><speed>0.122886</speed><course>149.969742</course><hAcc>1.644477</hAcc><vAcc>0.823045</vAcc></extensions></trkpt>
      <trkpt lon="34.997928" lat="31.901846"><ele>252.376053</ele><time>2022-07-17T13:35:47Z</time><extensions><speed>0.184564</speed><course>149.556473</course><hAcc>1.618964</hAcc><vAcc>0.823125</vAcc></extensions></trkpt>
      <trkpt lon="34.997929" lat="31.901845"><ele>252.414017</ele><time>2022-07-17T13:35:48Z</time><extensions><speed>0.191211</speed><course>149.334335</course><hAcc>1.619077</hAcc><vAcc>0.823258</vAcc></extensions></trkpt>
      <trkpt lon="34.997930" lat="31.901843"><ele>252.451294</ele><time>2022-07-17T13:35:49Z</time><extensions><speed>0.169540</speed><course>148.320618</course><hAcc>1.633461</hAcc><vAcc>0.823414</vAcc></extensions></trkpt>
      <trkpt lon="34.997930" lat="31.901842"><ele>252.482346</ele><time>2022-07-17T13:35:50Z</time><extensions><speed>0.126211</speed><course>144.996826</course><hAcc>1.650306</hAcc><vAcc>0.823578</vAcc></extensions></trkpt>
      <trkpt lon="34.997931" lat="31.901842"><ele>252.519104</ele><time>2022-07-17T13:35:51Z</time><extensions><speed>0.085911</speed><course>136.901550</course><hAcc>1.659621</hAcc><vAcc>0.823746</vAcc></extensions></trkpt>
      <trkpt lon="34.997932" lat="31.901841"><ele>252.553650</ele><time>2022-07-17T13:35:52Z</time><extensions><speed>0.053248</speed><course>116.724426</course><hAcc>1.664771</hAcc><vAcc>0.823830</vAcc></extensions></trkpt>
      <trkpt lon="34.997932" lat="31.901841"><ele>252.582077</ele><time>2022-07-17T13:35:53Z</time><extensions><speed>0.041800</speed><course>67.143417</course><hAcc>1.669632</hAcc><vAcc>0.823940</vAcc></extensions></trkpt>
      <trkpt lon="34.997932" lat="31.901842"><ele>252.603058</ele><time>2022-07-17T13:35:54Z</time><extensions><speed>0.064722</speed><course>23.436251</course><hAcc>1.675533</hAcc><vAcc>0.824071</vAcc></extensions></trkpt>
      <trkpt lon="34.997932" lat="31.901843"><ele>252.619888</ele><time>2022-07-17T13:35:55Z</time><extensions><speed>0.112620</speed><course>1.929635</course><hAcc>1.672765</hAcc><vAcc>0.824204</vAcc></extensions></trkpt>
      <trkpt lon="34.997932" lat="31.901844"><ele>252.633347</ele><time>2022-07-17T13:35:56Z</time><extensions><speed>0.165383</speed><course>351.055664</course><hAcc>1.668293</hAcc><vAcc>0.824370</vAcc></extensions></trkpt>
      <trkpt lon="34.997932" lat="31.901845"><ele>252.643585</ele><time>2022-07-17T13:35:57Z</time><extensions><speed>0.206726</speed><course>345.013123</course><hAcc>1.666802</hAcc><vAcc>0.824524</vAcc></extensions></trkpt>
      <trkpt lon="34.997931" lat="31.901847"><ele>252.650772</ele><time>2022-07-17T13:35:58Z</time><extensions><speed>0.232153</speed><course>341.146576</course><hAcc>1.663272</hAcc><vAcc>0.824564</vAcc></extensions></trkpt>
      <trkpt lon="34.997930" lat="31.901849"><ele>252.655151</ele><time>2022-07-17T13:35:59Z</time><extensions><speed>0.233763</speed><course>337.344208</course><hAcc>1.653325</hAcc><vAcc>0.824498</vAcc></extensions></trkpt>
      <trkpt lon="34.997929" lat="31.901851"><ele>252.657013</ele><time>2022-07-17T13:36:00Z</time><extensions><speed>0.216229</speed><course>332.801544</course><hAcc>1.636522</hAcc><vAcc>0.824389</vAcc></extensions></trkpt>
      <trkpt lon="34.997928" lat="31.901853"><ele>252.656464</ele><time>2022-07-17T13:36:01Z</time><extensions><speed>0.184861</speed><course>328.517792</course><hAcc>1.619123</hAcc><vAcc>0.824159</vAcc></extensions></trkpt>
      <trkpt lon="34.997927" lat="31.901854"><ele>252.647202</ele><time>2022-07-17T13:36:02Z</time><extensions><speed>0.147337</speed><course>325.409332</course><hAcc>1.615918</hAcc><vAcc>0.823829</vAcc></extensions></trkpt>
      <trkpt lon="34.997927" lat="31.901855"><ele>252.634735</ele><time>2022-07-17T13:36:03Z</time><extensions><speed>0.092501</speed><course>321.231323</course><hAcc>1.633391</hAcc><vAcc>0.823404</vAcc></extensions></trkpt>
      <trkpt lon="34.997926" lat="31.901855"><ele>252.619736</ele><time>2022-07-17T13:36:04Z</time><extensions><speed>0.085361</speed><course>314.641266</course><hAcc>1.620790</hAcc><vAcc>0.822883</vAcc></extensions></trkpt>
      <trkpt lon="34.997925" lat="31.901856"><ele>252.604843</ele><time>2022-07-17T13:36:05Z</time><extensions><speed>0.045893</speed><course>308.960815</course><hAcc>1.646889</hAcc><vAcc>0.822238</vAcc></extensions></trkpt>
      <trkpt lon="34.997925" lat="31.901856"><ele>252.594193</ele><time>2022-07-17T13:36:06Z</time><extensions><speed>0.042779</speed><course>301.998413</course><hAcc>1.624001</hAcc><vAcc>0.821580</vAcc></extensions></trkpt>
      <trkpt lon="34.997925" lat="31.901856"><ele>252.580124</ele><time>2022-07-17T13:36:07Z</time><extensions><speed>0.028430</speed><course>288.972046</course><hAcc>1.624520</hAcc><vAcc>0.820895</vAcc></extensions></trkpt>
      <trkpt lon="34.997925" lat="31.901856"><ele>252.563873</ele><time>2022-07-17T13:36:08Z</time><extensions><speed>0.016337</speed><course>243.591019</course><hAcc>1.642184</hAcc><vAcc>0.820176</vAcc></extensions></trkpt>
      <trkpt lon="34.997925" lat="31.901856"><ele>252.553040</ele><time>2022-07-17T13:36:09Z</time><extensions><speed>0.024915</speed><course>180.892792</course><hAcc>1.661815</hAcc><vAcc>0.819468</vAcc></extensions></trkpt>
      <trkpt lon="34.997925" lat="31.901856"><ele>252.552948</ele><time>2022-07-17T13:36:10Z</time><extensions><speed>0.045230</speed><course>161.879425</course><hAcc>1.677490</hAcc><vAcc>0.818827</vAcc></extensions></trkpt>
      <trkpt lon="34.997925" lat="31.901855"><ele>252.556351</ele><time>2022-07-17T13:36:10Z</time><extensions><speed>0.067700</speed><course>154.198929</course><hAcc>1.686756</hAcc><vAcc>0.818270</vAcc></extensions></trkpt>
      <trkpt lon="34.997925" lat="31.901855"><ele>252.571548</ele><time>2022-07-17T13:36:11Z</time><extensions><speed>0.094505</speed><course>148.320389</course><hAcc>1.687902</hAcc><vAcc>0.817915</vAcc></extensions></trkpt>
      <trkpt lon="34.997926" lat="31.901854"><ele>252.592072</ele><time>2022-07-17T13:36:12Z</time><extensions><speed>0.120433</speed><course>143.836456</course><hAcc>1.688987</hAcc><vAcc>0.817682</vAcc></extensions></trkpt>
      <trkpt lon="34.997927" lat="31.901853"><ele>252.617691</ele><time>2022-07-17T13:36:13Z</time><extensions><speed>0.145552</speed><course>140.931839</course><hAcc>1.688249</hAcc><vAcc>0.817565</vAcc></extensions></trkpt>
      <trkpt lon="34.997928" lat="31.901852"><ele>252.634842</ele><time>2022-07-17T13:36:14Z</time><extensions><speed>0.168865</speed><course>140.657867</course><hAcc>1.679688</hAcc><vAcc>0.817534</vAcc></extensions></trkpt>
      <trkpt lon="34.997929" lat="31.901850"><ele>252.651428</ele><time>2022-07-17T13:36:16Z</time><extensions><speed>0.154184</speed><course>139.997696</course><hAcc>1.677468</hAcc><vAcc>0.817590</vAcc></extensions></trkpt>
      <trkpt lon="34.997930" lat="31.901849"><ele>252.670837</ele><time>2022-07-17T13:36:17Z</time><extensions><speed>0.119462</speed><course>135.445297</course><hAcc>1.673523</hAcc><vAcc>0.817729</vAcc></extensions></trkpt>
      <trkpt lon="34.997931" lat="31.901849"><ele>252.686813</ele><time>2022-07-17T13:36:18Z</time><extensions><speed>0.089678</speed><course>125.616692</course><hAcc>1.666301</hAcc><vAcc>0.817944</vAcc></extensions></trkpt>
      <trkpt lon="34.997931" lat="31.901848"><ele>252.697464</ele><time>2022-07-17T13:36:19Z</time><extensions><speed>0.070546</speed><course>116.448944</course><hAcc>1.671792</hAcc><vAcc>0.818166</vAcc></extensions></trkpt>
      <trkpt lon="34.997932" lat="31.901848"><ele>252.706085</ele><time>2022-07-17T13:36:20Z</time><extensions><speed>0.060903</speed><course>118.918930</course><hAcc>1.685853</hAcc><vAcc>0.818396</vAcc></extensions></trkpt>
      <trkpt lon="34.997933" lat="31.901848"><ele>252.711655</ele><time>2022-07-17T13:36:21Z</time><extensions><speed>0.082347</speed><course>132.781830</course><hAcc>1.666349</hAcc><vAcc>0.818628</vAcc></extensions></trkpt>
      <trkpt lon="34.997933" lat="31.901847"><ele>252.713257</ele><time>2022-07-17T13:36:22Z</time><extensions><speed>0.096091</speed><course>151.762100</course><hAcc>1.659865</hAcc><vAcc>0.818856</vAcc></extensions></trkpt>
      <trkpt lon="34.997933" lat="31.901846"><ele>252.715942</ele><time>2022-07-17T13:36:23Z</time><extensions><speed>0.105780</speed><course>173.841949</course><hAcc>1.667596</hAcc><vAcc>0.819053</vAcc></extensions></trkpt>
      <trkpt lon="34.997933" lat="31.901845"><ele>252.714050</ele><time>2022-07-17T13:36:24Z</time><extensions><speed>0.118466</speed><course>193.223816</course><hAcc>1.671260</hAcc><vAcc>0.819225</vAcc></extensions></trkpt>
      <trkpt lon="34.997933" lat="31.901844"><ele>252.711227</ele><time>2022-07-17T13:36:25Z</time><extensions><speed>0.122232</speed><course>212.604797</course><hAcc>1.655781</hAcc><vAcc>0.819382</vAcc></extensions></trkpt>
      <trkpt lon="34.997932" lat="31.901844"><ele>252.706223</ele><time>2022-07-17T13:36:26Z</time><extensions><speed>0.101902</speed><course>243.290710</course><hAcc>1.643148</hAcc><vAcc>0.819545</vAcc></extensions></trkpt>
      <trkpt lon="34.997931" lat="31.901844"><ele>252.695450</ele><time>2022-07-17T13:36:27Z</time><extensions><speed>0.099548</speed><course>279.094574</course><hAcc>1.631058</hAcc><vAcc>0.819695</vAcc></extensions></trkpt>
      <trkpt lon="34.997930" lat="31.901844"><ele>252.682434</ele><time>2022-07-17T13:36:28Z</time><extensions><speed>0.103923</speed><course>297.566956</course><hAcc>1.611003</hAcc><vAcc>0.819822</vAcc></extensions></trkpt>
      <trkpt lon="34.997929" lat="31.901845"><ele>252.662842</ele><time>2022-07-17T13:36:29Z</time><extensions><speed>0.086211</speed><course>311.194366</course><hAcc>1.607513</hAcc><vAcc>0.819927</vAcc></extensions></trkpt>
      <trkpt lon="34.997929" lat="31.901846"><ele>252.627930</ele><time>2022-07-17T13:36:30Z</time><extensions><speed>0.073337</speed><course>325.073639</course><hAcc>1.613374</hAcc><vAcc>0.820014</vAcc></extensions></trkpt>
      <trkpt lon="34.997928" lat="31.901846"><ele>252.581299</ele><time>2022-07-17T13:36:31Z</time><extensions><speed>0.064963</speed><course>338.893188</course><hAcc>1.630011</hAcc><vAcc>0.820104</vAcc></extensions></trkpt>
      <trkpt lon="34.997928" lat="31.901847"><ele>252.535919</ele><time>2022-07-17T13:36:32Z</time><extensions><speed>0.096769</speed><course>348.128235</course><hAcc>1.618287</hAcc><vAcc>0.820224</vAcc></extensions></trkpt>
      <trkpt lon="34.997928" lat="31.901848"><ele>252.482086</ele><time>2022-07-17T13:36:33Z</time><extensions><speed>0.163490</speed><course>351.273315</course><hAcc>1.590165</hAcc><vAcc>0.820387</vAcc></extensions></trkpt>
      <trkpt lon="34.997927" lat="31.901850"><ele>252.424530</ele><time>2022-07-17T13:36:34Z</time><extensions><speed>0.206445</speed><course>351.363678</course><hAcc>1.594604</hAcc><vAcc>0.820588</vAcc></extensions></trkpt>
      <trkpt lon="34.997927" lat="31.901852"><ele>252.364822</ele><time>2022-07-17T13:36:35Z</time><extensions><speed>0.238226</speed><course>349.835205</course><hAcc>1.615537</hAcc><vAcc>0.820822</vAcc></extensions></trkpt>
      <trkpt lon="34.997926" lat="31.901854"><ele>252.301498</ele><time>2022-07-17T13:36:36Z</time><extensions><speed>0.279432</speed><course>347.829926</course><hAcc>1.624384</hAcc><vAcc>0.821087</vAcc></extensions></trkpt>
      <trkpt lon="34.997925" lat="31.901857"><ele>252.235336</ele><time>2022-07-17T13:36:37Z</time><extensions><speed>0.304511</speed><course>345.182770</course><hAcc>1.625974</hAcc><vAcc>0.821366</vAcc></extensions></trkpt>
      <trkpt lon="34.997925" lat="31.901859"><ele>252.167068</ele><time>2022-07-17T13:36:38Z</time><extensions><speed>0.260645</speed><course>341.223633</course><hAcc>1.645935</hAcc><vAcc>0.821657</vAcc></extensions></trkpt>
      <trkpt lon="34.997924" lat="31.901861"><ele>252.102646</ele><time>2022-07-17T13:36:39Z</time><extensions><speed>0.225736</speed><course>335.918030</course><hAcc>1.656869</hAcc><vAcc>0.821961</vAcc></extensions></trkpt>
      <trkpt lon="34.997922" lat="31.901863"><ele>252.039154</ele><time>2022-07-17T13:36:40Z</time><extensions><speed>0.262348</speed><course>331.290955</course><hAcc>1.633834</hAcc><vAcc>0.822267</vAcc></extensions></trkpt>
      <trkpt lon="34.997921" lat="31.901866"><ele>251.978043</ele><time>2022-07-17T13:36:41Z</time><extensions><speed>0.253198</speed><course>328.486908</course><hAcc>1.628843</hAcc><vAcc>0.822561</vAcc></extensions></trkpt>
      <trkpt lon="34.997920" lat="31.901867"><ele>251.920593</ele><time>2022-07-17T13:36:42Z</time><extensions><speed>0.237986</speed><course>326.055176</course><hAcc>1.627167</hAcc><vAcc>0.822841</vAcc></extensions></trkpt>
      <trkpt lon="34.997918" lat="31.901869"><ele>251.879135</ele><time>2022-07-17T13:36:43Z</time><extensions><speed>0.222293</speed><course>323.905731</course><hAcc>1.627177</hAcc><vAcc>0.823098</vAcc></extensions></trkpt>
      <trkpt lon="34.997917" lat="31.901871"><ele>251.844681</ele><time>2022-07-17T13:36:44Z</time><extensions><speed>0.200744</speed><course>322.340088</course><hAcc>1.643035</hAcc><vAcc>0.823315</vAcc></extensions></trkpt>
      <trkpt lon="34.997915" lat="31.901872"><ele>251.822830</ele><time>2022-07-17T13:36:45Z</time><extensions><speed>0.149817</speed><course>321.938995</course><hAcc>1.675030</hAcc><vAcc>0.823486</vAcc></extensions></trkpt>
      <trkpt lon="34.997914" lat="31.901873"><ele>251.804535</ele><time>2022-07-17T13:36:46Z</time><extensions><speed>0.214348</speed><course>323.645325</course><hAcc>1.647368</hAcc><vAcc>0.823598</vAcc></extensions></trkpt>
      <trkpt lon="34.997913" lat="31.901875"><ele>251.785004</ele><time>2022-07-17T13:36:47Z</time><extensions><speed>0.249592</speed><course>325.752136</course><hAcc>1.639607</hAcc><vAcc>0.823719</vAcc></extensions></trkpt>
      <trkpt lon="34.997911" lat="31.901877"><ele>251.769455</ele><time>2022-07-17T13:36:48Z</time><extensions><speed>0.272594</speed><course>327.243042</course><hAcc>1.650346</hAcc><vAcc>0.823820</vAcc></extensions></trkpt>
      <trkpt lon="34.997910" lat="31.901879"><ele>251.763977</ele><time>2022-07-17T13:36:49Z</time><extensions><speed>0.276710</speed><course>327.105560</course><hAcc>1.659479</hAcc><vAcc>0.823929</vAcc></extensions></trkpt>
      <trkpt lon="34.997908" lat="31.901881"><ele>251.763412</ele><time>2022-07-17T13:36:50Z</time><extensions><speed>0.262218</speed><course>325.131653</course><hAcc>1.663677</hAcc><vAcc>0.824051</vAcc></extensions></trkpt>
      <trkpt lon="34.997907" lat="31.901883"><ele>251.766922</ele><time>2022-07-17T13:36:51Z</time><extensions><speed>0.240910</speed><course>321.900452</course><hAcc>1.668615</hAcc><vAcc>0.824179</vAcc></extensions></trkpt>
      <trkpt lon="34.997905" lat="31.901885"><ele>251.790436</ele><time>2022-07-17T13:36:52Z</time><extensions><speed>0.222744</speed><course>317.645233</course><hAcc>1.672839</hAcc><vAcc>0.824318</vAcc></extensions></trkpt>
      <trkpt lon="34.997903" lat="31.901886"><ele>251.822556</ele><time>2022-07-17T13:36:53Z</time><extensions><speed>0.184814</speed><course>310.414246</course><hAcc>1.674001</hAcc><vAcc>0.824471</vAcc></extensions></trkpt>
      <trkpt lon="34.997902" lat="31.901887"><ele>251.851624</ele><time>2022-07-17T13:36:54Z</time><extensions><speed>0.135344</speed><course>295.883392</course><hAcc>1.670103</hAcc><vAcc>0.824640</vAcc></extensions></trkpt>
      <trkpt lon="34.997901" lat="31.901887"><ele>251.878860</ele><time>2022-07-17T13:36:55Z</time><extensions><speed>0.099109</speed><course>272.070862</course><hAcc>1.667662</hAcc><vAcc>0.824817</vAcc></extensions></trkpt>
      <trkpt lon="34.997900" lat="31.901887"><ele>251.910431</ele><time>2022-07-17T13:36:56Z</time><extensions><speed>0.082852</speed><course>248.729721</course><hAcc>1.666975</hAcc><vAcc>0.825010</vAcc></extensions></trkpt>
      <trkpt lon="34.997899" lat="31.901886"><ele>251.943283</ele><time>2022-07-17T13:36:57Z</time><extensions><speed>0.073864</speed><course>237.628372</course><hAcc>1.664737</hAcc><vAcc>0.825199</vAcc></extensions></trkpt>
      <trkpt lon="34.997898" lat="31.901886"><ele>251.985657</ele><time>2022-07-17T13:36:58Z</time><extensions><speed>0.066102</speed><course>243.288895</course><hAcc>1.659182</hAcc><vAcc>0.825390</vAcc></extensions></trkpt>
      <trkpt lon="34.997898" lat="31.901886"><ele>252.028610</ele><time>2022-07-17T13:36:59Z</time><extensions><speed>0.063783</speed><course>257.337616</course><hAcc>1.652052</hAcc><vAcc>0.825504</vAcc></extensions></trkpt>
      <trkpt lon="34.997897" lat="31.901886"><ele>252.071793</ele><time>2022-07-17T13:37:00Z</time><extensions><speed>0.067256</speed><course>266.402985</course><hAcc>1.648676</hAcc><vAcc>0.825594</vAcc></extensions></trkpt>
      <trkpt lon="34.997896" lat="31.901886"><ele>252.115204</ele><time>2022-07-17T13:37:01Z</time><extensions><speed>0.066141</speed><course>266.172241</course><hAcc>1.654117</hAcc><vAcc>0.825510</vAcc></extensions></trkpt>
      <trkpt lon="34.997896" lat="31.901886"><ele>252.158386</ele><time>2022-07-17T13:37:02Z</time><extensions><speed>0.060480</speed><course>242.218826</course><hAcc>1.653728</hAcc><vAcc>0.825386</vAcc></extensions></trkpt>
      <trkpt lon="34.997895" lat="31.901885"><ele>252.200546</ele><time>2022-07-17T13:37:03Z</time><extensions><speed>0.076027</speed><course>205.313614</course><hAcc>1.637680</hAcc><vAcc>0.825207</vAcc></extensions></trkpt>
      <trkpt lon="34.997895" lat="31.901884"><ele>252.241058</ele><time>2022-07-17T13:37:04Z</time><extensions><speed>0.091062</speed><course>186.072205</course><hAcc>1.632088</hAcc><vAcc>0.825005</vAcc></extensions></trkpt>
      <trkpt lon="34.997895" lat="31.901884"><ele>252.279510</ele><time>2022-07-17T13:37:05Z</time><extensions><speed>0.087257</speed><course>177.725754</course><hAcc>1.644500</hAcc><vAcc>0.824744</vAcc></extensions></trkpt>
      <trkpt lon="34.997895" lat="31.901883"><ele>252.313309</ele><time>2022-07-17T13:37:06Z</time><extensions><speed>0.066160</speed><course>171.668015</course><hAcc>1.669294</hAcc><vAcc>0.824444</vAcc></extensions></trkpt>
      <trkpt lon="34.997895" lat="31.901882"><ele>252.344223</ele><time>2022-07-17T13:37:07Z</time><extensions><speed>0.081136</speed><course>166.051804</course><hAcc>1.652416</hAcc><vAcc>0.824116</vAcc></extensions></trkpt>
      <trkpt lon="34.997896" lat="31.901881"><ele>252.371994</ele><time>2022-07-17T13:37:08Z</time><extensions><speed>0.095461</speed><course>159.009857</course><hAcc>1.651005</hAcc><vAcc>0.823785</vAcc></extensions></trkpt>
      <trkpt lon="34.997896" lat="31.901881"><ele>252.397339</ele><time>2022-07-17T13:37:09Z</time><extensions><speed>0.112839</speed><course>151.500122</course><hAcc>1.657433</hAcc><vAcc>0.823466</vAcc></extensions></trkpt>
      <trkpt lon="34.997897" lat="31.901880"><ele>252.412460</ele><time>2022-07-17T13:37:10Z</time><extensions><speed>0.111668</speed><course>143.523529</course><hAcc>1.663758</hAcc><vAcc>0.823169</vAcc></extensions></trkpt>
      <trkpt lon="34.997898" lat="31.901879"><ele>252.423050</ele><time>2022-07-17T13:37:11Z</time><extensions><speed>0.100016</speed><course>130.958023</course><hAcc>1.660932</hAcc><vAcc>0.822981</vAcc></extensions></trkpt>
      <trkpt lon="34.997899" lat="31.901879"><ele>252.429413</ele><time>2022-07-17T13:37:12Z</time><extensions><speed>0.088076</speed><course>112.555534</course><hAcc>1.653909</hAcc><vAcc>0.822883</vAcc></extensions></trkpt>
      <trkpt lon="34.997900" lat="31.901879"><ele>252.436539</ele><time>2022-07-17T13:37:13Z</time><extensions><speed>0.093351</speed><course>94.174942</course><hAcc>1.639565</hAcc><vAcc>0.822854</vAcc></extensions></trkpt>
      <trkpt lon="34.997901" lat="31.901879"><ele>252.440674</ele><time>2022-07-17T13:37:14Z</time><extensions><speed>0.108397</speed><course>80.766968</course><hAcc>1.621779</hAcc><vAcc>0.822879</vAcc></extensions></trkpt>
      <trkpt lon="34.997902" lat="31.901879"><ele>252.437271</ele><time>2022-07-17T13:37:15Z</time><extensions><speed>0.117397</speed><course>73.545441</course><hAcc>1.612221</hAcc><vAcc>0.822929</vAcc></extensions></trkpt>
      <trkpt lon="34.997903" lat="31.901879"><ele>252.430359</ele><time>2022-07-17T13:37:16Z</time><extensions><speed>0.119420</speed><course>68.729507</course><hAcc>1.607573</hAcc><vAcc>0.823028</vAcc></extensions></trkpt>
      <trkpt lon="34.997904" lat="31.901879"><ele>252.419968</ele><time>2022-07-17T13:37:17Z</time><extensions><speed>0.108592</speed><course>65.132278</course><hAcc>1.617120</hAcc><vAcc>0.823171</vAcc></extensions></trkpt>
      <trkpt lon="34.997905" lat="31.901880"><ele>252.407303</ele><time>2022-07-17T13:37:18Z</time><extensions><speed>0.099715</speed><course>63.827721</course><hAcc>1.630082</hAcc><vAcc>0.823332</vAcc></extensions></trkpt>
      <trkpt lon="34.997907" lat="31.901880"><ele>252.392822</ele><time>2022-07-17T13:37:19Z</time><extensions><speed>0.124138</speed><course>68.848724</course><hAcc>1.614240</hAcc><vAcc>0.823512</vAcc></extensions></trkpt>
      <trkpt lon="34.997908" lat="31.901880"><ele>252.388489</ele><time>2022-07-17T13:37:20Z</time><extensions><speed>0.143860</speed><course>83.247147</course><hAcc>1.601008</hAcc><vAcc>0.823702</vAcc></extensions></trkpt>
      <trkpt lon="34.997910" lat="31.901880"><ele>252.388031</ele><time>2022-07-17T13:37:21Z</time><extensions><speed>0.152031</speed><course>104.948494</course><hAcc>1.618346</hAcc><vAcc>0.823921</vAcc></extensions></trkpt>
      <trkpt lon="34.997911" lat="31.901880"><ele>252.387360</ele><time>2022-07-17T13:37:22Z</time><extensions><speed>0.173174</speed><course>124.334976</course><hAcc>1.640004</hAcc><vAcc>0.824131</vAcc></extensions></trkpt>
      <trkpt lon="34.997913" lat="31.901879"><ele>252.395004</ele><time>2022-07-17T13:37:23Z</time><extensions><speed>0.193567</speed><course>136.153275</course><hAcc>1.646737</hAcc><vAcc>0.824283</vAcc></extensions></trkpt>
      <trkpt lon="34.997914" lat="31.901877"><ele>252.399277</ele><time>2022-07-17T13:37:24Z</time><extensions><speed>0.186171</speed><course>143.774200</course><hAcc>1.649754</hAcc><vAcc>0.824436</vAcc></extensions></trkpt>
      <trkpt lon="34.997915" lat="31.901876"><ele>252.399673</ele><time>2022-07-17T13:37:25Z</time><extensions><speed>0.160717</speed><course>146.149506</course><hAcc>1.649251</hAcc><vAcc>0.824573</vAcc></extensions></trkpt>
      <trkpt lon="34.997916" lat="31.901875"><ele>252.400864</ele><time>2022-07-17T13:37:26Z</time><extensions><speed>0.118016</speed><course>141.775681</course><hAcc>1.648933</hAcc><vAcc>0.824712</vAcc></extensions></trkpt>
      <trkpt lon="34.997916" lat="31.901875"><ele>252.402603</ele><time>2022-07-17T13:37:27Z</time><extensions><speed>0.080491</speed><course>128.995605</course><hAcc>1.647285</hAcc><vAcc>0.824858</vAcc></extensions></trkpt>
      <trkpt lon="34.997917" lat="31.901874"><ele>252.404633</ele><time>2022-07-17T13:37:28Z</time><extensions><speed>0.054620</speed><course>101.345337</course><hAcc>1.652864</hAcc><vAcc>0.824999</vAcc></extensions></trkpt>
      <trkpt lon="34.997918" lat="31.901874"><ele>252.406265</ele><time>2022-07-17T13:37:29Z</time><extensions><speed>0.050608</speed><course>60.709377</course><hAcc>1.663557</hAcc><vAcc>0.825130</vAcc></extensions></trkpt>
      <trkpt lon="34.997918" lat="31.901875"><ele>252.401932</ele><time>2022-07-17T13:37:30Z</time><extensions><speed>0.072544</speed><course>33.350395</course><hAcc>1.652035</hAcc><vAcc>0.825251</vAcc></extensions></trkpt>
      <trkpt lon="34.997918" lat="31.901875"><ele>252.399033</ele><time>2022-07-17T13:37:31Z</time><extensions><speed>0.090145</speed><course>14.092016</course><hAcc>1.651048</hAcc><vAcc>0.825359</vAcc></extensions></trkpt>
      <trkpt lon="34.997918" lat="31.901876"><ele>252.394699</ele><time>2022-07-17T13:37:32Z</time><extensions><speed>0.102979</speed><course>0.678435</course><hAcc>1.660906</hAcc><vAcc>0.825469</vAcc></extensions></trkpt>
      <trkpt lon="34.997918" lat="31.901877"><ele>252.390411</ele><time>2022-07-17T13:37:33Z</time><extensions><speed>0.100974</speed><course>353.353729</course><hAcc>1.670021</hAcc><vAcc>0.825578</vAcc></extensions></trkpt>
      <trkpt lon="34.997918" lat="31.901878"><ele>252.382339</ele><time>2022-07-17T13:37:34Z</time><extensions><speed>0.086324</speed><course>346.005188</course><hAcc>1.678054</hAcc><vAcc>0.825683</vAcc></extensions></trkpt>
      <trkpt lon="34.997918" lat="31.901879"><ele>252.376968</ele><time>2022-07-17T13:37:35Z</time><extensions><speed>0.071530</speed><course>333.710938</course><hAcc>1.680827</hAcc><vAcc>0.825810</vAcc></extensions></trkpt>
      <trkpt lon="34.997918" lat="31.901879"><ele>252.373810</ele><time>2022-07-17T13:37:36Z</time><extensions><speed>0.048732</speed><course>312.925598</course><hAcc>1.683639</hAcc><vAcc>0.825936</vAcc></extensions></trkpt>
      <trkpt lon="34.997917" lat="31.901879"><ele>252.374069</ele><time>2022-07-17T13:37:37Z</time><extensions><speed>0.031048</speed><course>265.807648</course><hAcc>1.684783</hAcc><vAcc>0.826096</vAcc></extensions></trkpt>
      <trkpt lon="34.997917" lat="31.901879"><ele>252.373642</ele><time>2022-07-17T13:37:38Z</time><extensions><speed>0.042193</speed><course>211.305008</course><hAcc>1.683518</hAcc><vAcc>0.826255</vAcc></extensions></trkpt>
      <trkpt lon="34.997917" lat="31.901879"><ele>252.378555</ele><time>2022-07-17T13:37:39Z</time><extensions><speed>0.065658</speed><course>188.955933</course><hAcc>1.682233</hAcc><vAcc>0.826394</vAcc></extensions></trkpt>
      <trkpt lon="34.997917" lat="31.901878"><ele>252.375443</ele><time>2022-07-17T13:37:40Z</time><extensions><speed>0.079385</speed><course>179.277283</course><hAcc>1.680941</hAcc><vAcc>0.826493</vAcc></extensions></trkpt>
      <trkpt lon="34.997917" lat="31.901877"><ele>252.374924</ele><time>2022-07-17T13:37:41Z</time><extensions><speed>0.072899</speed><course>173.647751</course><hAcc>1.678905</hAcc><vAcc>0.826605</vAcc></extensions></trkpt>
      <trkpt lon="34.997917" lat="31.901877"><ele>252.366440</ele><time>2022-07-17T13:37:42Z</time><extensions><speed>0.049037</speed><course>169.326706</course><hAcc>1.679281</hAcc><vAcc>0.826691</vAcc></extensions></trkpt>
      <trkpt lon="34.997917" lat="31.901876"><ele>252.353104</ele><time>2022-07-17T13:37:43Z</time><extensions><speed>0.023158</speed><course>149.713974</course><hAcc>1.677797</hAcc><vAcc>0.826753</vAcc></extensions></trkpt>
      <trkpt lon="34.997917" lat="31.901876"><ele>252.339142</ele><time>2022-07-17T13:37:44Z</time><extensions><speed>0.022892</speed><course>62.904655</course><hAcc>1.677994</hAcc><vAcc>0.826791</vAcc></extensions></trkpt>
      <trkpt lon="34.997918" lat="31.901877"><ele>252.324387</ele><time>2022-07-17T13:37:45Z</time><extensions><speed>0.053923</speed><course>43.554733</course><hAcc>1.680084</hAcc><vAcc>0.826796</vAcc></extensions></trkpt>
      <trkpt lon="34.997918" lat="31.901877"><ele>252.306046</ele><time>2022-07-17T13:37:46Z</time><extensions><speed>0.083837</speed><course>47.074146</course><hAcc>1.680174</hAcc><vAcc>0.826789</vAcc></extensions></trkpt>
      <trkpt lon="34.997919" lat="31.901878"><ele>252.279892</ele><time>2022-07-17T13:37:47Z</time><extensions><speed>0.101113</speed><course>55.516228</course><hAcc>1.679760</hAcc><vAcc>0.826750</vAcc></extensions></trkpt>
      <trkpt lon="34.997920" lat="31.901878"><ele>252.248062</ele><time>2022-07-17T13:37:48Z</time><extensions><speed>0.108750</speed><course>58.589306</course><hAcc>1.677936</hAcc><vAcc>0.826690</vAcc></extensions></trkpt>
      <trkpt lon="34.997920" lat="31.901879"><ele>252.212509</ele><time>2022-07-17T13:37:49Z</time><extensions><speed>0.110150</speed><course>48.813179</course><hAcc>1.676462</hAcc><vAcc>0.826628</vAcc></extensions></trkpt>
      <trkpt lon="34.997921" lat="31.901880"><ele>252.173477</ele><time>2022-07-17T13:37:50Z</time><extensions><speed>0.117368</speed><course>29.131668</course><hAcc>1.673733</hAcc><vAcc>0.826555</vAcc></extensions></trkpt>
      <trkpt lon="34.997921" lat="31.901881"><ele>252.130844</ele><time>2022-07-17T13:37:51Z</time><extensions><speed>0.137414</speed><course>5.437258</course><hAcc>1.671765</hAcc><vAcc>0.826418</vAcc></extensions></trkpt>
      <trkpt lon="34.997921" lat="31.901882"><ele>252.073364</ele><time>2022-07-17T13:37:52Z</time><extensions><speed>0.173184</speed><course>346.848785</course><hAcc>1.665663</hAcc><vAcc>0.826166</vAcc></extensions></trkpt>
      <trkpt lon="34.997921" lat="31.901884"><ele>252.013855</ele><time>2022-07-17T13:37:53Z</time><extensions><speed>0.206084</speed><course>334.744232</course><hAcc>1.661426</hAcc><vAcc>0.825817</vAcc></extensions></trkpt>
      <trkpt lon="34.997919" lat="31.901886"><ele>251.957611</ele><time>2022-07-17T13:37:54Z</time><extensions><speed>0.228490</speed><course>326.837036</course><hAcc>1.668336</hAcc><vAcc>0.825319</vAcc></extensions></trkpt>
      <trkpt lon="34.997918" lat="31.901887"><ele>251.904205</ele><time>2022-07-17T13:37:55Z</time><extensions><speed>0.224582</speed><course>321.723022</course><hAcc>1.687501</hAcc><vAcc>0.824698</vAcc></extensions></trkpt>
      <trkpt lon="34.997916" lat="31.901889"><ele>251.858978</ele><time>2022-07-17T13:37:56Z</time><extensions><speed>0.283964</speed><course>318.950104</course><hAcc>1.682094</hAcc><vAcc>0.824038</vAcc></extensions></trkpt>
      <trkpt lon="34.997914" lat="31.901891"><ele>251.834457</ele><time>2022-07-17T13:37:57Z</time><extensions><speed>0.345141</speed><course>318.504761</course><hAcc>1.685112</hAcc><vAcc>0.823229</vAcc></extensions></trkpt>
      <trkpt lon="34.997911" lat="31.901894"><ele>251.771469</ele><time>2022-07-17T13:37:58Z</time><extensions><speed>0.444738</speed><course>319.500519</course><hAcc>1.695491</hAcc><vAcc>0.822203</vAcc></extensions></trkpt>
      <trkpt lon="34.997908" lat="31.901898"><ele>251.699463</ele><time>2022-07-17T13:37:59Z</time><extensions><speed>0.666067</speed><course>320.754608</course><hAcc>1.704393</hAcc><vAcc>0.820949</vAcc></extensions></trkpt>
      <trkpt lon="34.997903" lat="31.901902"><ele>251.654861</ele><time>2022-07-17T13:38:00Z</time><extensions><speed>0.720235</speed><course>316.923706</course><hAcc>1.737348</hAcc><vAcc>0.819574</vAcc></extensions></trkpt>
      <trkpt lon="34.997898" lat="31.901907"><ele>251.615753</ele><time>2022-07-17T13:38:01Z</time><extensions><speed>0.665705</speed><course>315.646423</course><hAcc>1.755253</hAcc><vAcc>0.818139</vAcc></extensions></trkpt>
      <trkpt lon="34.997893" lat="31.901911"><ele>251.581146</ele><time>2022-07-17T13:38:02Z</time><extensions><speed>0.578204</speed><course>316.042572</course><hAcc>1.753439</hAcc><vAcc>0.816802</vAcc></extensions></trkpt>
      <trkpt lon="34.997889" lat="31.901914"><ele>251.549744</ele><time>2022-07-17T13:38:03Z</time><extensions><speed>0.474858</speed><course>312.622192</course><hAcc>1.748944</hAcc><vAcc>0.815514</vAcc></extensions></trkpt>
      <trkpt lon="34.997886" lat="31.901917"><ele>251.523193</ele><time>2022-07-17T13:38:04Z</time><extensions><speed>0.355498</speed><course>303.153046</course><hAcc>1.748519</hAcc><vAcc>0.814366</vAcc></extensions></trkpt>
      <trkpt lon="34.997884" lat="31.901918"><ele>251.498169</ele><time>2022-07-17T13:38:05Z</time><extensions><speed>0.094268</speed><course>295.144073</course><hAcc>1.753987</hAcc><vAcc>0.813327</vAcc></extensions></trkpt>
      <trkpt lon="34.997884" lat="31.901918"><ele>251.485458</ele><time>2022-07-17T13:38:06Z</time><extensions><speed>0.145557</speed><course>127.991280</course><hAcc>1.772507</hAcc><vAcc>0.812353</vAcc></extensions></trkpt>
      <trkpt lon="34.997886" lat="31.901917"><ele>251.477310</ele><time>2022-07-17T13:38:07Z</time><extensions><speed>0.240692</speed><course>122.100594</course><hAcc>1.762055</hAcc><vAcc>0.811562</vAcc></extensions></trkpt>
      <trkpt lon="34.997888" lat="31.901916"><ele>251.473480</ele><time>2022-07-17T13:38:08Z</time><extensions><speed>0.208294</speed><course>113.119751</course><hAcc>1.756893</hAcc><vAcc>0.810995</vAcc></extensions></trkpt>
      <trkpt lon="34.997890" lat="31.901915"><ele>251.476700</ele><time>2022-07-17T13:38:09Z</time><extensions><speed>0.138073</speed><course>92.131004</course><hAcc>1.755689</hAcc><vAcc>0.810678</vAcc></extensions></trkpt>
      <trkpt lon="34.997891" lat="31.901915"><ele>251.479660</ele><time>2022-07-17T13:38:10Z</time><extensions><speed>0.106430</speed><course>54.954868</course><hAcc>1.743467</hAcc><vAcc>0.810587</vAcc></extensions></trkpt>
      <trkpt lon="34.997891" lat="31.901916"><ele>251.490860</ele><time>2022-07-17T13:38:11Z</time><extensions><speed>0.093037</speed><course>25.316166</course><hAcc>1.747215</hAcc><vAcc>0.810705</vAcc></extensions></trkpt>
      <trkpt lon="34.997892" lat="31.901917"><ele>251.508987</ele><time>2022-07-17T13:38:12Z</time><extensions><speed>0.079290</speed><course>9.978771</course><hAcc>1.755284</hAcc><vAcc>0.811037</vAcc></extensions></trkpt>
      <trkpt lon="34.997892" lat="31.901917"><ele>251.526611</ele><time>2022-07-17T13:38:13Z</time><extensions><speed>0.057398</speed><course>4.044923</course><hAcc>1.757274</hAcc><vAcc>0.811416</vAcc></extensions></trkpt>
      <trkpt lon="34.997892" lat="31.901918"><ele>251.545517</ele><time>2022-07-17T13:38:14Z</time><extensions><speed>0.036477</speed><course>12.198427</course><hAcc>1.758371</hAcc><vAcc>0.811756</vAcc></extensions></trkpt>
      <trkpt lon="34.997892" lat="31.901918"><ele>251.570160</ele><time>2022-07-17T13:38:15Z</time><extensions><speed>0.036148</speed><course>27.841251</course><hAcc>1.757755</hAcc><vAcc>0.812033</vAcc></extensions></trkpt>
      <trkpt lon="34.997892" lat="31.901918"><ele>251.596237</ele><time>2022-07-17T13:38:16Z</time><extensions><speed>0.040387</speed><course>37.959988</course><hAcc>1.760119</hAcc><vAcc>0.812309</vAcc></extensions></trkpt>
      <trkpt lon="34.997892" lat="31.901919"><ele>251.623016</ele><time>2022-07-17T13:38:16Z</time><extensions><speed>0.039091</speed><course>51.827293</course><hAcc>1.767612</hAcc><vAcc>0.812555</vAcc></extensions></trkpt>
      <trkpt lon="34.997893" lat="31.901919"><ele>251.650055</ele><time>2022-07-17T13:38:18Z</time><extensions><speed>0.037908</speed><course>64.700546</course><hAcc>1.769673</hAcc><vAcc>0.812935</vAcc></extensions></trkpt>
      <trkpt lon="34.997893" lat="31.901919"><ele>251.676819</ele><time>2022-07-17T13:38:18Z</time><extensions><speed>0.035212</speed><course>68.346519</course><hAcc>1.755473</hAcc><vAcc>0.813295</vAcc></extensions></trkpt>
      <trkpt lon="34.997893" lat="31.901919"><ele>251.702911</ele><time>2022-07-17T13:38:20Z</time><extensions><speed>0.025663</speed><course>68.629204</course><hAcc>1.744926</hAcc><vAcc>0.813631</vAcc></extensions></trkpt>
      <trkpt lon="34.997894" lat="31.901919"><ele>251.732635</ele><time>2022-07-17T13:38:21Z</time><extensions><speed>0.020044</speed><course>80.326111</course><hAcc>1.727788</hAcc><vAcc>0.813973</vAcc></extensions></trkpt>
      <trkpt lon="34.997894" lat="31.901919"><ele>251.759460</ele><time>2022-07-17T13:38:22Z</time><extensions><speed>0.013308</speed><course>79.638443</course><hAcc>1.712530</hAcc><vAcc>0.814230</vAcc></extensions></trkpt>
      <trkpt lon="34.997894" lat="31.901919"><ele>251.786011</ele><time>2022-07-17T13:38:23Z</time><extensions><speed>0.006651</speed><course>52.126240</course><hAcc>1.722274</hAcc><vAcc>0.814399</vAcc></extensions></trkpt>
      <trkpt lon="34.997894" lat="31.901919"><ele>251.808075</ele><time>2022-07-17T13:38:24Z</time><extensions><speed>0.005411</speed><course>11.614780</course><hAcc>1.748194</hAcc><vAcc>0.814481</vAcc></extensions></trkpt>
      <trkpt lon="34.997894" lat="31.901919"><ele>251.827866</ele><time>2022-07-17T13:38:25Z</time><extensions><speed>0.007581</speed><course>52.846146</course><hAcc>1.747316</hAcc><vAcc>0.814572</vAcc></extensions></trkpt>
      <trkpt lon="34.997894" lat="31.901919"><ele>251.840271</ele><time>2022-07-17T13:38:26Z</time><extensions><speed>0.025205</speed><course>93.190010</course><hAcc>1.717084</hAcc><vAcc>0.814645</vAcc></extensions></trkpt>
      <trkpt lon="34.997895" lat="31.901919"><ele>251.851807</ele><time>2022-07-17T13:38:27Z</time><extensions><speed>0.053339</speed><course>101.929962</course><hAcc>1.713931</hAcc><vAcc>0.814511</vAcc></extensions></trkpt>
      <trkpt lon="34.997896" lat="31.901919"><ele>251.861069</ele><time>2022-07-17T13:38:28Z</time><extensions><speed>0.086344</speed><course>103.994926</course><hAcc>1.732330</hAcc><vAcc>0.814301</vAcc></extensions></trkpt>
      <trkpt lon="34.997897" lat="31.901919"><ele>251.867615</ele><time>2022-07-17T13:38:29Z</time><extensions><speed>0.126383</speed><course>103.880165</course><hAcc>1.741719</hAcc><vAcc>0.813972</vAcc></extensions></trkpt>
      <trkpt lon="34.997898" lat="31.901919"><ele>251.871643</ele><time>2022-07-17T13:38:30Z</time><extensions><speed>0.164235</speed><course>101.481514</course><hAcc>1.737216</hAcc><vAcc>0.813614</vAcc></extensions></trkpt>
      <trkpt lon="34.997900" lat="31.901918"><ele>251.876282</ele><time>2022-07-17T13:38:31Z</time><extensions><speed>0.171461</speed><course>95.463905</course><hAcc>1.728782</hAcc><vAcc>0.813089</vAcc></extensions></trkpt>
      <trkpt lon="34.997902" lat="31.901918"><ele>251.881134</ele><time>2022-07-17T13:38:32Z</time><extensions><speed>0.160547</speed><course>89.538002</course><hAcc>1.721501</hAcc><vAcc>0.812440</vAcc></extensions></trkpt>
      <trkpt lon="34.997903" lat="31.901918"><ele>251.882629</ele><time>2022-07-17T13:38:33Z</time><extensions><speed>0.141276</speed><course>93.231056</course><hAcc>1.738441</hAcc><vAcc>0.811766</vAcc></extensions></trkpt>
      <trkpt lon="34.997905" lat="31.901918"><ele>251.887665</ele><time>2022-07-17T13:38:34Z</time><extensions><speed>0.107965</speed><course>108.889091</course><hAcc>1.773123</hAcc><vAcc>0.810993</vAcc></extensions></trkpt>
      <trkpt lon="34.997906" lat="31.901917"><ele>251.891434</ele><time>2022-07-17T13:38:35Z</time><extensions><speed>0.180995</speed><course>124.809273</course><hAcc>1.729585</hAcc><vAcc>0.810157</vAcc></extensions></trkpt>
      <trkpt lon="34.997908" lat="31.901916"><ele>251.890839</ele><time>2022-07-17T13:38:36Z</time><extensions><speed>0.222251</speed><course>134.438675</course><hAcc>1.699076</hAcc><vAcc>0.809259</vAcc></extensions></trkpt>
      <trkpt lon="34.997909" lat="31.901914"><ele>251.889130</ele><time>2022-07-17T13:38:37Z</time><extensions><speed>0.230946</speed><course>142.946457</course><hAcc>1.694837</hAcc><vAcc>0.808163</vAcc></extensions></trkpt>
      <trkpt lon="34.997910" lat="31.901913"><ele>251.886978</ele><time>2022-07-17T13:38:38Z</time><extensions><speed>0.222531</speed><course>151.399185</course><hAcc>1.708417</hAcc><vAcc>0.807012</vAcc></extensions></trkpt>
      <trkpt lon="34.997911" lat="31.901911"><ele>251.880463</ele><time>2022-07-17T13:38:39Z</time><extensions><speed>0.197847</speed><course>158.844208</course><hAcc>1.740850</hAcc><vAcc>0.805892</vAcc></extensions></trkpt>
      <trkpt lon="34.997912" lat="31.901909"><ele>251.866776</ele><time>2022-07-17T13:38:40Z</time><extensions><speed>0.173409</speed><course>165.290176</course><hAcc>1.767290</hAcc><vAcc>0.804716</vAcc></extensions></trkpt>
      <trkpt lon="34.997912" lat="31.901907"><ele>251.848419</ele><time>2022-07-17T13:38:41Z</time><extensions><speed>0.254276</speed><course>168.779694</course><hAcc>1.733208</hAcc><vAcc>0.803587</vAcc></extensions></trkpt>
      <trkpt lon="34.997913" lat="31.901905"><ele>251.848190</ele><time>2022-07-17T13:38:42Z</time><extensions><speed>0.277913</speed><course>170.154678</course><hAcc>1.725029</hAcc><vAcc>0.802645</vAcc></extensions></trkpt>
      <trkpt lon="34.997913" lat="31.901902"><ele>251.847076</ele><time>2022-07-17T13:38:43Z</time><extensions><speed>0.283029</speed><course>173.207336</course><hAcc>1.741828</hAcc><vAcc>0.801951</vAcc></extensions></trkpt>
      <trkpt lon="34.997914" lat="31.901900"><ele>251.845581</ele><time>2022-07-17T13:38:44Z</time><extensions><speed>0.294143</speed><course>180.597946</course><hAcc>1.759574</hAcc><vAcc>0.801462</vAcc></extensions></trkpt>
      <trkpt lon="34.997913" lat="31.901897"><ele>251.847458</ele><time>2022-07-17T13:38:45Z</time><extensions><speed>0.315001</speed><course>191.045563</course><hAcc>1.771952</hAcc><vAcc>0.801226</vAcc></extensions></trkpt>
      <trkpt lon="34.997912" lat="31.901894"><ele>251.850220</ele><time>2022-07-17T13:38:46Z</time><extensions><speed>0.337261</speed><course>200.876831</course><hAcc>1.781784</hAcc><vAcc>0.801289</vAcc></extensions></trkpt>
      <trkpt lon="34.997911" lat="31.901891"><ele>251.858795</ele><time>2022-07-17T13:38:47Z</time><extensions><speed>0.359218</speed><course>204.145142</course><hAcc>1.784906</hAcc><vAcc>0.801728</vAcc></extensions></trkpt>
      <trkpt lon="34.997910" lat="31.901888"><ele>251.877380</ele><time>2022-07-17T13:38:48Z</time><extensions><speed>0.380586</speed><course>198.677170</course><hAcc>1.783365</hAcc><vAcc>0.802562</vAcc></extensions></trkpt>
      <trkpt lon="34.997909" lat="31.901885"><ele>251.899185</ele><time>2022-07-17T13:38:49Z</time><extensions><speed>0.414187</speed><course>188.043289</course><hAcc>1.783424</hAcc><vAcc>0.803804</vAcc></extensions></trkpt>
      <trkpt lon="34.997908" lat="31.901881"><ele>251.921478</ele><time>2022-07-17T13:38:50Z</time><extensions><speed>0.473194</speed><course>177.277527</course><hAcc>1.778323</hAcc><vAcc>0.805451</vAcc></extensions></trkpt>
      <trkpt lon="34.997909" lat="31.901876"><ele>251.950394</ele><time>2022-07-17T13:38:51Z</time><extensions><speed>0.536759</speed><course>169.449966</course><hAcc>1.766706</hAcc><vAcc>0.807435</vAcc></extensions></trkpt>
      <trkpt lon="34.997910" lat="31.901871"><ele>251.983551</ele><time>2022-07-17T13:38:52Z</time><extensions><speed>0.572651</speed><course>164.238327</course><hAcc>1.758210</hAcc><vAcc>0.809645</vAcc></extensions></trkpt>
      <trkpt lon="34.997912" lat="31.901867"><ele>252.018616</ele><time>2022-07-17T13:38:53Z</time><extensions><speed>0.409798</speed><course>151.304764</course><hAcc>1.751268</hAcc><vAcc>0.811981</vAcc></extensions></trkpt>
      <trkpt lon="34.997915" lat="31.901865"><ele>252.059296</ele><time>2022-07-17T13:38:54Z</time><extensions><speed>0.303720</speed><course>135.318314</course><hAcc>1.739801</hAcc><vAcc>0.814302</vAcc></extensions></trkpt>
      <trkpt lon="34.997917" lat="31.901863"><ele>252.106491</ele><time>2022-07-17T13:38:55Z</time><extensions><speed>0.230215</speed><course>118.273636</course><hAcc>1.729753</hAcc><vAcc>0.816504</vAcc></extensions></trkpt>
      <trkpt lon="34.997919" lat="31.901863"><ele>252.155960</ele><time>2022-07-17T13:38:56Z</time><extensions><speed>0.187146</speed><course>101.966110</course><hAcc>1.724745</hAcc><vAcc>0.818531</vAcc></extensions></trkpt>
      <trkpt lon="34.997921" lat="31.901862"><ele>252.200027</ele><time>2022-07-17T13:38:57Z</time><extensions><speed>0.160609</speed><course>91.168053</course><hAcc>1.726299</hAcc><vAcc>0.820320</vAcc></extensions></trkpt>
      <trkpt lon="34.997922" lat="31.901862"><ele>252.243271</ele><time>2022-07-17T13:38:58Z</time><extensions><speed>0.157379</speed><course>87.887192</course><hAcc>1.716314</hAcc><vAcc>0.821874</vAcc></extensions></trkpt>
      <trkpt lon="34.997924" lat="31.901862"><ele>252.283127</ele><time>2022-07-17T13:38:59Z</time><extensions><speed>0.145777</speed><course>86.961250</course><hAcc>1.714232</hAcc><vAcc>0.823186</vAcc></extensions></trkpt>
      <trkpt lon="34.997925" lat="31.901862"><ele>252.317032</ele><time>2022-07-17T13:39:00Z</time><extensions><speed>0.123529</speed><course>85.669289</course><hAcc>1.722126</hAcc><vAcc>0.824264</vAcc></extensions></trkpt>
      <trkpt lon="34.997927" lat="31.901862"><ele>252.350327</ele><time>2022-07-17T13:39:01Z</time><extensions><speed>0.116842</speed><course>88.589989</course><hAcc>1.711380</hAcc><vAcc>0.825115</vAcc></extensions></trkpt>
      <trkpt lon="34.997928" lat="31.901862"><ele>252.380844</ele><time>2022-07-17T13:39:02Z</time><extensions><speed>0.105609</speed><course>96.911613</course><hAcc>1.703212</hAcc><vAcc>0.825794</vAcc></extensions></trkpt>
      <trkpt lon="34.997929" lat="31.901862"><ele>252.394882</ele><time>2022-07-17T13:39:03Z</time><extensions><speed>0.090082</speed><course>106.835503</course><hAcc>1.700799</hAcc><vAcc>0.826336</vAcc></extensions></trkpt>
      <trkpt lon="34.997930" lat="31.901862"><ele>252.393616</ele><time>2022-07-17T13:39:04Z</time><extensions><speed>0.076576</speed><course>118.575584</course><hAcc>1.700483</hAcc><vAcc>0.826739</vAcc></extensions></trkpt>
      <trkpt lon="34.997930" lat="31.901862"><ele>252.381989</ele><time>2022-07-17T13:39:05Z</time><extensions><speed>0.069005</speed><course>128.425858</course><hAcc>1.704524</hAcc><vAcc>0.826949</vAcc></extensions></trkpt>
      <trkpt lon="34.997931" lat="31.901861"><ele>252.359833</ele><time>2022-07-17T13:39:06Z</time><extensions><speed>0.049861</speed><course>132.981689</course><hAcc>1.721852</hAcc><vAcc>0.826961</vAcc></extensions></trkpt>
      <trkpt lon="34.997931" lat="31.901861"><ele>252.340591</ele><time>2022-07-17T13:39:07Z</time><extensions><speed>0.040186</speed><course>128.156815</course><hAcc>1.705394</hAcc><vAcc>0.826423</vAcc></extensions></trkpt>
      <trkpt lon="34.997932" lat="31.901861"><ele>252.309631</ele><time>2022-07-17T13:39:08Z</time><extensions><speed>0.031676</speed><course>100.993195</course><hAcc>1.698651</hAcc><vAcc>0.825694</vAcc></extensions></trkpt>
      <trkpt lon="34.997932" lat="31.901861"><ele>252.279083</ele><time>2022-07-17T13:39:09Z</time><extensions><speed>0.051684</speed><course>63.378735</course><hAcc>1.705045</hAcc><vAcc>0.824747</vAcc></extensions></trkpt>
      <trkpt lon="34.997933" lat="31.901862"><ele>252.246216</ele><time>2022-07-17T13:39:10Z</time><extensions><speed>0.099106</speed><course>51.606777</course><hAcc>1.714020</hAcc><vAcc>0.823588</vAcc></extensions></trkpt>
      <trkpt lon="34.997934" lat="31.901862"><ele>252.215027</ele><time>2022-07-17T13:39:11Z</time><extensions><speed>0.156244</speed><course>47.993305</course><hAcc>1.720577</hAcc><vAcc>0.821960</vAcc></extensions></trkpt>
      <trkpt lon="34.997935" lat="31.901863"><ele>252.182678</ele><time>2022-07-17T13:39:12Z</time><extensions><speed>0.206679</speed><course>47.325188</course><hAcc>1.728250</hAcc><vAcc>0.819833</vAcc></extensions></trkpt>
      <trkpt lon="34.997937" lat="31.901865"><ele>252.150314</ele><time>2022-07-17T13:39:13Z</time><extensions><speed>0.248884</speed><course>50.958988</course><hAcc>1.733135</hAcc><vAcc>0.817185</vAcc></extensions></trkpt>
      <trkpt lon="34.997939" lat="31.901866"><ele>252.118881</ele><time>2022-07-17T13:39:14Z</time><extensions><speed>0.282339</speed><course>56.543007</course><hAcc>1.732003</hAcc><vAcc>0.815610</vAcc></extensions></trkpt>
      <trkpt lon="34.997942" lat="31.901867"><ele>252.090210</ele><time>2022-07-17T13:39:15Z</time><extensions><speed>0.297548</speed><course>62.055714</course><hAcc>1.729321</hAcc><vAcc>0.813825</vAcc></extensions></trkpt>
      <trkpt lon="34.997945" lat="31.901868"><ele>252.069672</ele><time>2022-07-17T13:39:16Z</time><extensions><speed>0.284834</speed><course>69.549332</course><hAcc>1.733101</hAcc><vAcc>0.811682</vAcc></extensions></trkpt>
      <trkpt lon="34.997948" lat="31.901869"><ele>252.051376</ele><time>2022-07-17T13:39:17Z</time><extensions><speed>0.250293</speed><course>79.220909</course><hAcc>1.748621</hAcc><vAcc>0.809553</vAcc></extensions></trkpt>
      <trkpt lon="34.997950" lat="31.901869"><ele>252.036835</ele><time>2022-07-17T13:39:18Z</time><extensions><speed>0.166341</speed><course>89.360222</course><hAcc>1.783057</hAcc><vAcc>0.807677</vAcc></extensions></trkpt>
      <trkpt lon="34.997951" lat="31.901869"><ele>252.028381</ele><time>2022-07-17T13:39:19Z</time><extensions><speed>0.147002</speed><course>99.797455</course><hAcc>1.778337</hAcc><vAcc>0.806287</vAcc></extensions></trkpt>
      <trkpt lon="34.997953" lat="31.901869"><ele>252.024292</ele><time>2022-07-17T13:39:20Z</time><extensions><speed>0.128106</speed><course>114.763840</course><hAcc>1.795096</hAcc><vAcc>0.805790</vAcc></extensions></trkpt>
      <trkpt lon="34.997954" lat="31.901868"><ele>252.023849</ele><time>2022-07-17T13:39:21Z</time><extensions><speed>0.134500</speed><course>131.356049</course><hAcc>1.831261</hAcc><vAcc>0.806806</vAcc></extensions></trkpt>
      <trkpt lon="34.997955" lat="31.901867"><ele>252.025146</ele><time>2022-07-17T13:39:22Z</time><extensions><speed>0.167968</speed><course>143.580383</course><hAcc>1.870124</hAcc><vAcc>0.810170</vAcc></extensions></trkpt>
      <trkpt lon="34.997956" lat="31.901865"><ele>252.027924</ele><time>2022-07-17T13:39:23Z</time><extensions><speed>0.223372</speed><course>150.287842</course><hAcc>1.918877</hAcc><vAcc>0.817023</vAcc></extensions></trkpt>
      <trkpt lon="34.997959" lat="31.901861"><ele>252.046341</ele><time>2022-07-17T13:39:25Z</time><extensions><speed>0.354283</speed><course>156.495178</course><hAcc>1.945624</hAcc><vAcc>0.807479</vAcc></extensions></trkpt>
      <trkpt lon="34.997960" lat="31.901858"><ele>252.053345</ele><time>2022-07-17T13:39:26Z</time><extensions><speed>0.401863</speed><course>157.929245</course><hAcc>1.906136</hAcc><vAcc>0.789353</vAcc></extensions></trkpt>
      <trkpt lon="34.997962" lat="31.901854"><ele>252.060547</ele><time>2022-07-17T13:39:27Z</time><extensions><speed>0.454022</speed><course>159.394821</course><hAcc>1.858852</hAcc><vAcc>0.775333</vAcc></extensions></trkpt>
      <trkpt lon="34.997964" lat="31.901850"><ele>252.067261</ele><time>2022-07-17T13:39:28Z</time><extensions><speed>0.434678</speed><course>160.318558</course><hAcc>1.826739</hAcc><vAcc>0.764487</vAcc></extensions></trkpt>
      <trkpt lon="34.997965" lat="31.901847"><ele>252.071167</ele><time>2022-07-17T13:39:29Z</time><extensions><speed>0.371569</speed><course>160.693863</course><hAcc>1.816291</hAcc><vAcc>0.756009</vAcc></extensions></trkpt>
      <trkpt lon="34.997966" lat="31.901844"><ele>252.071869</ele><time>2022-07-17T13:39:30Z</time><extensions><speed>0.334337</speed><course>160.957565</course><hAcc>1.806577</hAcc><vAcc>0.749193</vAcc></extensions></trkpt>
      <trkpt lon="34.997968" lat="31.901841"><ele>252.071945</ele><time>2022-07-17T13:39:31Z</time><extensions><speed>0.318869</speed><course>161.087463</course><hAcc>1.802090</hAcc><vAcc>0.743530</vAcc></extensions></trkpt>
      <trkpt lon="34.997969" lat="31.901839"><ele>252.071045</ele><time>2022-07-17T13:39:32Z</time><extensions><speed>0.269764</speed><course>159.918381</course><hAcc>1.808165</hAcc><vAcc>0.738770</vAcc></extensions></trkpt>
      <trkpt lon="34.997970" lat="31.901836"><ele>252.066772</ele><time>2022-07-17T13:39:33Z</time><extensions><speed>0.271263</speed><course>155.132797</course><hAcc>1.785273</hAcc><vAcc>0.734628</vAcc></extensions></trkpt>
      <trkpt lon="34.997971" lat="31.901834"><ele>252.060150</ele><time>2022-07-17T13:39:34Z</time><extensions><speed>0.224840</speed><course>146.104279</course><hAcc>1.781367</hAcc><vAcc>0.731137</vAcc></extensions></trkpt>
      <trkpt lon="34.997972" lat="31.901833"><ele>252.051666</ele><time>2022-07-17T13:39:35Z</time><extensions><speed>0.147772</speed><course>133.050781</course><hAcc>1.806246</hAcc><vAcc>0.728211</vAcc></extensions></trkpt>
      <trkpt lon="34.997973" lat="31.901833"><ele>252.041641</ele><time>2022-07-17T13:39:36Z</time><extensions><speed>0.093884</speed><course>97.678093</course><hAcc>1.834255</hAcc><vAcc>0.725894</vAcc></extensions></trkpt>
      <trkpt lon="34.997975" lat="31.901833"><ele>252.032288</ele><time>2022-07-17T13:39:37Z</time><extensions><speed>0.149194</speed><course>65.650986</course><hAcc>1.819750</hAcc><vAcc>0.724191</vAcc></extensions></trkpt>
      <trkpt lon="34.997976" lat="31.901834"><ele>252.021698</ele><time>2022-07-17T13:39:38Z</time><extensions><speed>0.206126</speed><course>59.591225</course><hAcc>1.816133</hAcc><vAcc>0.723069</vAcc></extensions></trkpt>
      <trkpt lon="34.997978" lat="31.901835"><ele>252.012756</ele><time>2022-07-17T13:39:39Z</time><extensions><speed>0.254181</speed><course>57.549667</course><hAcc>1.807573</hAcc><vAcc>0.722422</vAcc></extensions></trkpt>
      <trkpt lon="34.997980" lat="31.901836"><ele>252.008774</ele><time>2022-07-17T13:39:40Z</time><extensions><speed>0.258985</speed><course>51.249722</course><hAcc>1.787544</hAcc><vAcc>0.722208</vAcc></extensions></trkpt>
      <trkpt lon="34.997982" lat="31.901838"><ele>252.010376</ele><time>2022-07-17T13:39:41Z</time><extensions><speed>0.220521</speed><course>37.126137</course><hAcc>1.772453</hAcc><vAcc>0.722410</vAcc></extensions></trkpt>
      <trkpt lon="34.997982" lat="31.901839"><ele>252.013031</ele><time>2022-07-17T13:39:42Z</time><extensions><speed>0.160078</speed><course>13.937784</course><hAcc>1.768357</hAcc><vAcc>0.722866</vAcc></extensions></trkpt>
      <trkpt lon="34.997982" lat="31.901841"><ele>252.022446</ele><time>2022-07-17T13:39:43Z</time><extensions><speed>0.152173</speed><course>346.705780</course><hAcc>1.747860</hAcc><vAcc>0.723520</vAcc></extensions></trkpt>
      <trkpt lon="34.997982" lat="31.901842"><ele>252.032288</ele><time>2022-07-17T13:39:44Z</time><extensions><speed>0.132761</speed><course>323.398193</course><hAcc>1.766934</hAcc><vAcc>0.724313</vAcc></extensions></trkpt>
      <trkpt lon="34.997981" lat="31.901843"><ele>252.048615</ele><time>2022-07-17T13:39:45Z</time><extensions><speed>0.139586</speed><course>305.841034</course><hAcc>1.791353</hAcc><vAcc>0.725236</vAcc></extensions></trkpt>
      <trkpt lon="34.997979" lat="31.901844"><ele>252.065353</ele><time>2022-07-17T13:39:46Z</time><extensions><speed>0.219254</speed><course>297.003967</course><hAcc>1.783041</hAcc><vAcc>0.726145</vAcc></extensions></trkpt>
      <trkpt lon="34.997976" lat="31.901845"><ele>252.083344</ele><time>2022-07-17T13:39:47Z</time><extensions><speed>0.381761</speed><course>294.192230</course><hAcc>1.748719</hAcc><vAcc>0.727042</vAcc></extensions></trkpt>
      <trkpt lon="34.997972" lat="31.901846"><ele>252.100693</ele><time>2022-07-17T13:39:48Z</time><extensions><speed>0.466380</speed><course>293.273285</course><hAcc>1.752602</hAcc><vAcc>0.727761</vAcc></extensions></trkpt>
      <trkpt lon="34.997967" lat="31.901848"><ele>252.119080</ele><time>2022-07-17T13:39:49Z</time><extensions><speed>0.523642</speed><course>292.340240</course><hAcc>1.779536</hAcc><vAcc>0.728032</vAcc></extensions></trkpt>
      <trkpt lon="34.997962" lat="31.901850"><ele>252.139908</ele><time>2022-07-17T13:39:50Z</time><extensions><speed>0.523480</speed><course>290.786682</course><hAcc>1.807240</hAcc><vAcc>0.728118</vAcc></extensions></trkpt>
      <trkpt lon="34.997957" lat="31.901851"><ele>252.156860</ele><time>2022-07-17T13:39:51Z</time><extensions><speed>0.492216</speed><course>287.272766</course><hAcc>1.819858</hAcc><vAcc>0.727834</vAcc></extensions></trkpt>
      <trkpt lon="34.997952" lat="31.901852"><ele>252.171341</ele><time>2022-07-17T13:39:52Z</time><extensions><speed>0.423250</speed><course>280.974823</course><hAcc>1.827325</hAcc><vAcc>0.727128</vAcc></extensions></trkpt>
      <trkpt lon="34.997948" lat="31.901853"><ele>252.186478</ele><time>2022-07-17T13:39:53Z</time><extensions><speed>0.380384</speed><course>274.129303</course><hAcc>1.827379</hAcc><vAcc>0.725838</vAcc></extensions></trkpt>
      <trkpt lon="34.997944" lat="31.901853"><ele>252.198196</ele><time>2022-07-17T13:39:54Z</time><extensions><speed>0.354613</speed><course>269.843506</course><hAcc>1.825870</hAcc><vAcc>0.724007</vAcc></extensions></trkpt>
      <trkpt lon="34.997940" lat="31.901853"><ele>252.210297</ele><time>2022-07-17T13:39:55Z</time><extensions><speed>0.326459</speed><course>270.275696</course><hAcc>1.823652</hAcc><vAcc>0.721706</vAcc></extensions></trkpt>
      <trkpt lon="34.997937" lat="31.901853"><ele>252.221008</ele><time>2022-07-17T13:39:56Z</time><extensions><speed>0.286513</speed><course>273.825806</course><hAcc>1.816331</hAcc><vAcc>0.718963</vAcc></extensions></trkpt>
      <trkpt lon="34.997934" lat="31.901854"><ele>252.227158</ele><time>2022-07-17T13:39:57Z</time><extensions><speed>0.234735</speed><course>280.638947</course><hAcc>1.807827</hAcc><vAcc>0.716073</vAcc></extensions></trkpt>
      <trkpt lon="34.997932" lat="31.901854"><ele>252.233505</ele><time>2022-07-17T13:39:58Z</time><extensions><speed>0.202727</speed><course>291.389954</course><hAcc>1.801377</hAcc><vAcc>0.713209</vAcc></extensions></trkpt>
      <trkpt lon="34.997930" lat="31.901855"><ele>252.237839</ele><time>2022-07-17T13:39:59Z</time><extensions><speed>0.183687</speed><course>302.624359</course><hAcc>1.814363</hAcc><vAcc>0.710634</vAcc></extensions></trkpt>
      <trkpt lon="34.997929" lat="31.901856"><ele>252.244232</ele><time>2022-07-17T13:40:00Z</time><extensions><speed>0.145500</speed><course>311.671539</course><hAcc>1.847012</hAcc><vAcc>0.708493</vAcc></extensions></trkpt>
      <trkpt lon="34.997928" lat="31.901857"><ele>252.247742</ele><time>2022-07-17T13:40:01Z</time><extensions><speed>0.200139</speed><course>318.883423</course><hAcc>1.822070</hAcc><vAcc>0.706864</vAcc></extensions></trkpt>
      <trkpt lon="34.997926" lat="31.901858"><ele>252.257553</ele><time>2022-07-17T13:40:02Z</time><extensions><speed>0.213772</speed><course>324.315643</course><hAcc>1.815176</hAcc><vAcc>0.705784</vAcc></extensions></trkpt>
      <trkpt lon="34.997925" lat="31.901860"><ele>252.263367</ele><time>2022-07-17T13:40:03Z</time><extensions><speed>0.222137</speed><course>330.018280</course><hAcc>1.803324</hAcc><vAcc>0.705243</vAcc></extensions></trkpt>
      <trkpt lon="34.997924" lat="31.901862"><ele>252.267181</ele><time>2022-07-17T13:40:04Z</time><extensions><speed>0.177091</speed><course>340.117523</course><hAcc>1.800901</hAcc><vAcc>0.705379</vAcc></extensions></trkpt>
      <trkpt lon="34.997924" lat="31.901863"><ele>252.270401</ele><time>2022-07-17T13:40:05Z</time><extensions><speed>0.108205</speed><course>358.290588</course><hAcc>1.805960</hAcc><vAcc>0.706279</vAcc></extensions></trkpt>
      <trkpt lon="34.997924" lat="31.901864"><ele>252.272095</ele><time>2022-07-17T13:40:06Z</time><extensions><speed>0.068190</speed><course>36.236168</course><hAcc>1.793159</hAcc><vAcc>0.707741</vAcc></extensions></trkpt>
      <trkpt lon="34.997925" lat="31.901864"><ele>252.272308</ele><time>2022-07-17T13:40:07Z</time><extensions><speed>0.068401</speed><course>75.428299</course><hAcc>1.784391</hAcc><vAcc>0.709859</vAcc></extensions></trkpt>
      <trkpt lon="34.997926" lat="31.901864"><ele>252.272079</ele><time>2022-07-17T13:40:08Z</time><extensions><speed>0.073920</speed><course>88.512863</course><hAcc>1.799522</hAcc><vAcc>0.712336</vAcc></extensions></trkpt>
      <trkpt lon="34.997927" lat="31.901864"><ele>252.272263</ele><time>2022-07-17T13:40:09Z</time><extensions><speed>0.069898</speed><course>87.109993</course><hAcc>1.828755</hAcc><vAcc>0.715162</vAcc></extensions></trkpt>
      <trkpt lon="34.997928" lat="31.901864"><ele>252.268188</ele><time>2022-07-17T13:40:10Z</time><extensions><speed>0.144573</speed><course>88.474411</course><hAcc>1.780871</hAcc><vAcc>0.718358</vAcc></extensions></trkpt>
      <trkpt lon="34.997930" lat="31.901864"><ele>252.265350</ele><time>2022-07-17T13:40:11Z</time><extensions><speed>0.211189</speed><course>91.850006</course><hAcc>1.751652</hAcc><vAcc>0.721631</vAcc></extensions></trkpt>
      <trkpt lon="34.997933" lat="31.901864"><ele>252.261475</ele><time>2022-07-17T13:40:12Z</time><extensions><speed>0.284833</speed><course>94.049026</course><hAcc>1.746062</hAcc><vAcc>0.725206</vAcc></extensions></trkpt>
      <trkpt lon="34.997936" lat="31.901863"><ele>252.254135</ele><time>2022-07-17T13:40:13Z</time><extensions><speed>0.341957</speed><course>95.160637</course><hAcc>1.753464</hAcc><vAcc>0.728918</vAcc></extensions></trkpt>
      <trkpt lon="34.997940" lat="31.901863"><ele>252.245087</ele><time>2022-07-17T13:40:14Z</time><extensions><speed>0.319666</speed><course>98.060143</course><hAcc>1.775109</hAcc><vAcc>0.732770</vAcc></extensions></trkpt>
      <trkpt lon="34.997943" lat="31.901863"><ele>252.239334</ele><time>2022-07-17T13:40:15Z</time><extensions><speed>0.280836</speed><course>102.701973</course><hAcc>1.782078</hAcc><vAcc>0.736592</vAcc></extensions></trkpt>
      <trkpt lon="34.997946" lat="31.901862"><ele>252.229843</ele><time>2022-07-17T13:40:16Z</time><extensions><speed>0.336741</speed><course>105.057091</course><hAcc>1.743633</hAcc><vAcc>0.740212</vAcc></extensions></trkpt>
      <trkpt lon="34.997949" lat="31.901861"><ele>252.223526</ele><time>2022-07-17T13:40:17Z</time><extensions><speed>0.314131</speed><course>104.263687</course><hAcc>1.728364</hAcc><vAcc>0.743592</vAcc></extensions></trkpt>
      <trkpt lon="34.997952" lat="31.901861"><ele>252.215424</ele><time>2022-07-17T13:40:18Z</time><extensions><speed>0.285039</speed><course>103.500694</course><hAcc>1.730783</hAcc><vAcc>0.746700</vAcc></extensions></trkpt>
      <trkpt lon="34.997954" lat="31.901860"><ele>252.208664</ele><time>2022-07-17T13:40:19Z</time><extensions><speed>0.193579</speed><course>103.826462</course><hAcc>1.760888</hAcc><vAcc>0.749536</vAcc></extensions></trkpt>
      <trkpt lon="34.997956" lat="31.901860"><ele>252.209961</ele><time>2022-07-17T13:40:20Z</time><extensions><speed>0.121369</speed><course>102.943642</course><hAcc>1.766428</hAcc><vAcc>0.752077</vAcc></extensions></trkpt>
      <trkpt lon="34.997957" lat="31.901860"><ele>252.210861</ele><time>2022-07-17T13:40:21Z</time><extensions><speed>0.058246</speed><course>92.903847</course><hAcc>1.738765</hAcc><vAcc>0.754279</vAcc></extensions></trkpt>
      <trkpt lon="34.997957" lat="31.901860"><ele>252.213165</ele><time>2022-07-17T13:40:22Z</time><extensions><speed>0.033726</speed><course>309.852814</course><hAcc>1.725567</hAcc><vAcc>0.756305</vAcc></extensions></trkpt>
      <trkpt lon="34.997956" lat="31.901860"><ele>252.217087</ele><time>2022-07-17T13:40:22Z</time><extensions><speed>0.111369</speed><course>287.474854</course><hAcc>1.749185</hAcc><vAcc>0.758006</vAcc></extensions></trkpt>
      <trkpt lon="34.997955" lat="31.901860"><ele>252.222641</ele><time>2022-07-17T13:40:23Z</time><extensions><speed>0.133617</speed><course>281.129364</course><hAcc>1.794649</hAcc><vAcc>0.759395</vAcc></extensions></trkpt>
      <trkpt lon="34.997953" lat="31.901860"><ele>252.228607</ele><time>2022-07-17T13:40:24Z</time><extensions><speed>0.183563</speed><course>276.002777</course><hAcc>1.774659</hAcc><vAcc>0.760333</vAcc></extensions></trkpt>
      <trkpt lon="34.997952" lat="31.901860"><ele>252.235275</ele><time>2022-07-17T13:40:25Z</time><extensions><speed>0.177046</speed><course>266.638611</course><hAcc>1.768799</hAcc><vAcc>0.760828</vAcc></extensions></trkpt>
      <trkpt lon="34.997950" lat="31.901860"><ele>252.246552</ele><time>2022-07-17T13:40:26Z</time><extensions><speed>0.156996</speed><course>251.124954</course><hAcc>1.785079</hAcc><vAcc>0.760973</vAcc></extensions></trkpt>
      <trkpt lon="34.997948" lat="31.901860"><ele>252.253403</ele><time>2022-07-17T13:40:27Z</time><extensions><speed>0.141899</speed><course>235.841949</course><hAcc>1.797829</hAcc><vAcc>0.760994</vAcc></extensions></trkpt>
      <trkpt lon="34.997947" lat="31.901859"><ele>252.259018</ele><time>2022-07-17T13:40:28Z</time><extensions><speed>0.108863</speed><course>226.437485</course><hAcc>1.803940</hAcc><vAcc>0.760940</vAcc></extensions></trkpt>
      <trkpt lon="34.997947" lat="31.901858"><ele>252.266693</ele><time>2022-07-17T13:40:30Z</time><extensions><speed>0.060985</speed><course>214.282990</course><hAcc>1.803105</hAcc><vAcc>0.760923</vAcc></extensions></trkpt>
      <trkpt lon="34.997947" lat="31.901858"><ele>252.270966</ele><time>2022-07-17T13:40:31Z</time><extensions><speed>0.019788</speed><course>153.581360</course><hAcc>1.802490</hAcc><vAcc>0.760970</vAcc></extensions></trkpt>
      <trkpt lon="34.997947" lat="31.901858"><ele>252.275284</ele><time>2022-07-17T13:40:32Z</time><extensions><speed>0.040452</speed><course>69.274094</course><hAcc>1.806384</hAcc><vAcc>0.761202</vAcc></extensions></trkpt>
      <trkpt lon="34.997947" lat="31.901858"><ele>252.277130</ele><time>2022-07-17T13:40:33Z</time><extensions><speed>0.072858</speed><course>55.858753</course><hAcc>1.805477</hAcc><vAcc>0.761560</vAcc></extensions></trkpt>
      <trkpt lon="34.997948" lat="31.901859"><ele>252.275131</ele><time>2022-07-17T13:40:34Z</time><extensions><speed>0.095061</speed><course>51.916405</course><hAcc>1.800258</hAcc><vAcc>0.762076</vAcc></extensions></trkpt>
      <trkpt lon="34.997949" lat="31.901859"><ele>252.274002</ele><time>2022-07-17T13:40:35Z</time><extensions><speed>0.087814</speed><course>53.983421</course><hAcc>1.792619</hAcc><vAcc>0.762603</vAcc></extensions></trkpt>
      <trkpt lon="34.997950" lat="31.901859"><ele>252.270447</ele><time>2022-07-17T13:40:36Z</time><extensions><speed>0.052807</speed><course>76.975883</course><hAcc>1.787631</hAcc><vAcc>0.763154</vAcc></extensions></trkpt>
      <trkpt lon="34.997950" lat="31.901859"><ele>252.265900</ele><time>2022-07-17T13:40:37Z</time><extensions><speed>0.069066</speed><course>143.894241</course><hAcc>1.785783</hAcc><vAcc>0.763632</vAcc></extensions></trkpt>
      <trkpt lon="34.997951" lat="31.901858"><ele>252.266144</ele><time>2022-07-17T13:40:38Z</time><extensions><speed>0.120321</speed><course>159.283142</course><hAcc>1.782989</hAcc><vAcc>0.764188</vAcc></extensions></trkpt>
      <trkpt lon="34.997951" lat="31.901857"><ele>252.262604</ele><time>2022-07-17T13:40:39Z</time><extensions><speed>0.157469</speed><course>158.436218</course><hAcc>1.776552</hAcc><vAcc>0.764702</vAcc></extensions></trkpt>
      <trkpt lon="34.997952" lat="31.901856"><ele>252.258682</ele><time>2022-07-17T13:40:40Z</time><extensions><speed>0.185683</speed><course>155.896561</course><hAcc>1.772379</hAcc><vAcc>0.765001</vAcc></extensions></trkpt>
      <trkpt lon="34.997953" lat="31.901854"><ele>252.252274</ele><time>2022-07-17T13:40:41Z</time><extensions><speed>0.205613</speed><course>153.167618</course><hAcc>1.770917</hAcc><vAcc>0.765043</vAcc></extensions></trkpt>
      <trkpt lon="34.997954" lat="31.901852"><ele>252.247589</ele><time>2022-07-17T13:40:42Z</time><extensions><speed>0.193809</speed><course>149.991699</course><hAcc>1.785523</hAcc><vAcc>0.764674</vAcc></extensions></trkpt>
      <trkpt lon="34.997955" lat="31.901851"><ele>252.247284</ele><time>2022-07-17T13:40:43Z</time><extensions><speed>0.225851</speed><course>148.741348</course><hAcc>1.778006</hAcc><vAcc>0.763954</vAcc></extensions></trkpt>
      <trkpt lon="34.997956" lat="31.901849"><ele>252.247299</ele><time>2022-07-17T13:40:44Z</time><extensions><speed>0.232204</speed><course>149.344833</course><hAcc>1.781165</hAcc><vAcc>0.762608</vAcc></extensions></trkpt>
      <trkpt lon="34.997957" lat="31.901847"><ele>252.248657</ele><time>2022-07-17T13:40:45Z</time><extensions><speed>0.240066</speed><course>152.059723</course><hAcc>1.779087</hAcc><vAcc>0.761021</vAcc></extensions></trkpt>
      <trkpt lon="34.997958" lat="31.901845"><ele>252.252762</ele><time>2022-07-17T13:40:46Z</time><extensions><speed>0.228077</speed><course>157.703293</course><hAcc>1.781173</hAcc><vAcc>0.758855</vAcc></extensions></trkpt>
      <trkpt lon="34.997959" lat="31.901843"><ele>252.259491</ele><time>2022-07-17T13:40:47Z</time><extensions><speed>0.191954</speed><course>169.219437</course><hAcc>1.795296</hAcc><vAcc>0.756342</vAcc></extensions></trkpt>
      <trkpt lon="34.997959" lat="31.901842"><ele>252.262726</ele><time>2022-07-17T13:40:48Z</time><extensions><speed>0.156235</speed><course>192.413162</course><hAcc>1.809163</hAcc><vAcc>0.753525</vAcc></extensions></trkpt>
      <trkpt lon="34.997958" lat="31.901841"><ele>252.270676</ele><time>2022-07-17T13:40:49Z</time><extensions><speed>0.160220</speed><course>225.899307</course><hAcc>1.814795</hAcc><vAcc>0.750443</vAcc></extensions></trkpt>
      <trkpt lon="34.997957" lat="31.901840"><ele>252.281509</ele><time>2022-07-17T13:40:50Z</time><extensions><speed>0.194941</speed><course>250.331223</course><hAcc>1.815574</hAcc><vAcc>0.747056</vAcc></extensions></trkpt>
      <trkpt lon="34.997954" lat="31.901840"><ele>252.291214</ele><time>2022-07-17T13:40:51Z</time><extensions><speed>0.227325</speed><course>262.634857</course><hAcc>1.814348</hAcc><vAcc>0.743322</vAcc></extensions></trkpt>
      <trkpt lon="34.997952" lat="31.901839"><ele>252.301682</ele><time>2022-07-17T13:40:52Z</time><extensions><speed>0.232040</speed><course>270.039307</course><hAcc>1.820417</hAcc><vAcc>0.739620</vAcc></extensions></trkpt>
      <trkpt lon="34.997950" lat="31.901840"><ele>252.307251</ele><time>2022-07-17T13:40:53Z</time><extensions><speed>0.217883</speed><course>278.033386</course><hAcc>1.825203</hAcc><vAcc>0.735908</vAcc></extensions></trkpt>
      <trkpt lon="34.997948" lat="31.901840"><ele>252.310867</ele><time>2022-07-17T13:40:54Z</time><extensions><speed>0.192695</speed><course>287.188782</course><hAcc>1.824612</hAcc><vAcc>0.732456</vAcc></extensions></trkpt>
      <trkpt lon="34.997946" lat="31.901841"><ele>252.317078</ele><time>2022-07-17T13:40:55Z</time><extensions><speed>0.151696</speed><course>298.942810</course><hAcc>1.827744</hAcc><vAcc>0.733056</vAcc></extensions></trkpt>
      <trkpt lon="34.997945" lat="31.901841"><ele>252.322372</ele><time>2022-07-17T13:40:56Z</time><extensions><speed>0.114803</speed><course>320.395355</course><hAcc>1.831287</hAcc><vAcc>0.737006</vAcc></extensions></trkpt>
      <trkpt lon="34.997944" lat="31.901842"><ele>252.326508</ele><time>2022-07-17T13:40:57Z</time><extensions><speed>0.097625</speed><course>352.550446</course><hAcc>1.832115</hAcc><vAcc>0.746469</vAcc></extensions></trkpt>
      <trkpt lon="34.997945" lat="31.901843"><ele>252.329361</ele><time>2022-07-17T13:40:58Z</time><extensions><speed>0.106899</speed><course>24.980160</course><hAcc>1.838672</hAcc><vAcc>0.764382</vAcc></extensions></trkpt>
      <trkpt lon="34.997945" lat="31.901844"><ele>252.330887</ele><time>2022-07-17T13:40:59Z</time><extensions><speed>0.125212</speed><course>43.845474</course><hAcc>1.858849</hAcc><vAcc>0.794418</vAcc></extensions></trkpt>
      <trkpt lon="34.997946" lat="31.901845"><ele>252.331039</ele><time>2022-07-17T13:41:00Z</time><extensions><speed>0.131191</speed><course>53.053883</course><hAcc>1.883276</hAcc><vAcc>0.840735</vAcc></extensions></trkpt>
      <trkpt lon="34.997947" lat="31.901845"><ele>252.329910</ele><time>2022-07-17T13:41:01Z</time><extensions><speed>0.108541</speed><course>56.659855</course><hAcc>1.943844</hAcc><vAcc>0.907464</vAcc></extensions></trkpt>
      <trkpt lon="34.997948" lat="31.901846"><ele>252.327713</ele><time>2022-07-17T13:41:02Z</time><extensions><speed>0.078624</speed><course>55.357925</course><hAcc>2.070732</hAcc><vAcc>0.998075</vAcc></extensions></trkpt>
      <trkpt lon="34.997949" lat="31.901846"><ele>252.324844</ele><time>2022-07-17T13:41:03Z</time><extensions><speed>0.052568</speed><course>52.329876</course><hAcc>2.291368</hAcc><vAcc>1.114882</vAcc></extensions></trkpt>
      <trkpt lon="34.997949" lat="31.901846"><ele>252.321686</ele><time>2022-07-17T13:41:04Z</time><extensions><speed>0.032244</speed><course>50.863159</course><hAcc>2.655404</hAcc><vAcc>1.258883</vAcc></extensions></trkpt>
    </trkseg>
  </trk>
</gpx>