<?xml version="1.0" encoding="UTF-8"?>
<gpx version="1.1" creator="Apple Health Export" xmlns="http://www.topografix.com/GPX/1/1" xmlns:xsi="http://www.w3.org/2001/XMLSchema-instance" xsi:schemaLocation="http://www.topografix.com/GPX/1/1 http://www.topografix.com/GPX/1/1/gpx.xsd">
  <metadata>
    <time>2026-06-04T15:24:55Z</time>
  </metadata>
  <trk>
    <name>Route 2026-03-14 8:05pm</name>
    <trkseg>
      <trkpt lon="34.991698" lat="31.904858"><ele>236.080761</ele><time>2026-03-14T17:38:01Z</time><extensions><speed>1.382857</speed><course>174.371375</course><hAcc>3.628105</hAcc><vAcc>2.212752</vAcc></extensions></trkpt>
      <trkpt lon="34.991697" lat="31.904845"><ele>236.031843</ele><time>2026-03-14T17:38:02Z</time><extensions><speed>1.523248</speed><course>194.244431</course><hAcc>3.391564</hAcc><vAcc>1.999201</vAcc></extensions></trkpt>
      <trkpt lon="34.991691" lat="31.904830"><ele>235.909818</ele><time>2026-03-14T17:38:03Z</time><extensions><speed>1.976756</speed><course>208.166946</course><hAcc>3.128422</hAcc><vAcc>1.824255</vAcc></extensions></trkpt>
      <trkpt lon="34.991680" lat="31.904814"><ele>235.792917</ele><time>2026-03-14T17:38:04Z</time><extensions><speed>2.142094</speed><course>211.565482</course><hAcc>2.830384</hAcc><vAcc>1.682383</vAcc></extensions></trkpt>
      <trkpt lon="34.991669" lat="31.904797"><ele>235.618789</ele><time>2026-03-14T17:38:05Z</time><extensions><speed>2.176933</speed><course>205.794393</course><hAcc>2.493034</hAcc><vAcc>1.568936</vAcc></extensions></trkpt>
      <trkpt lon="34.991661" lat="31.904778"><ele>235.412651</ele><time>2026-03-14T17:38:06Z</time><extensions><speed>2.159520</speed><course>195.604767</course><hAcc>2.174910</hAcc><vAcc>1.479821</vAcc></extensions></trkpt>
      <trkpt lon="34.991658" lat="31.904759"><ele>235.185426</ele><time>2026-03-14T17:38:07Z</time><extensions><speed>2.163698</speed><course>178.589036</course><hAcc>1.951353</hAcc><vAcc>1.411087</vAcc></extensions></trkpt>
      <trkpt lon="34.991663" lat="31.904739"><ele>234.954325</ele><time>2026-03-14T17:38:08Z</time><extensions><speed>2.309459</speed><course>161.319492</course><hAcc>1.801339</hAcc><vAcc>1.358992</vAcc></extensions></trkpt>
      <trkpt lon="34.991673" lat="31.904720"><ele>234.710692</ele><time>2026-03-14T17:38:09Z</time><extensions><speed>2.454476</speed><course>151.980169</course><hAcc>1.726763</hAcc><vAcc>1.320142</vAcc></extensions></trkpt>
      <trkpt lon="34.991686" lat="31.904700"><ele>234.511218</ele><time>2026-03-14T17:38:10Z</time><extensions><speed>2.501770</speed><course>147.263795</course><hAcc>1.690296</hAcc><vAcc>1.291541</vAcc></extensions></trkpt>
      <trkpt lon="34.991701" lat="31.904681"><ele>234.467572</ele><time>2026-03-14T17:38:11Z</time><extensions><speed>2.571803</speed><course>144.501269</course><hAcc>1.648595</hAcc><vAcc>1.258070</vAcc></extensions></trkpt>
      <trkpt lon="34.991717" lat="31.904662"><ele>234.374754</ele><time>2026-03-14T17:38:12Z</time><extensions><speed>2.589809</speed><course>143.797909</course><hAcc>1.624173</hAcc><vAcc>1.230032</vAcc></extensions></trkpt>
      <trkpt lon="34.991733" lat="31.904644"><ele>234.276808</ele><time>2026-03-14T17:38:13Z</time><extensions><speed>2.520376</speed><course>144.616176</course><hAcc>1.631053</hAcc><vAcc>1.205678</vAcc></extensions></trkpt>
      <trkpt lon="34.991748" lat="31.904626"><ele>234.189114</ele><time>2026-03-14T17:38:14Z</time><extensions><speed>2.359590</speed><course>144.403345</course><hAcc>1.639977</hAcc><vAcc>1.191926</vAcc></extensions></trkpt>
      <trkpt lon="34.991763" lat="31.904608"><ele>234.131300</ele><time>2026-03-14T17:38:15Z</time><extensions><speed>2.321467</speed><course>143.192454</course><hAcc>1.641072</hAcc><vAcc>1.180397</vAcc></extensions></trkpt>
      <trkpt lon="34.991778" lat="31.904592"><ele>233.977590</ele><time>2026-03-14T17:38:16Z</time><extensions><speed>2.328071</speed><course>141.155174</course><hAcc>1.632529</hAcc><vAcc>1.148760</vAcc></extensions></trkpt>
      <trkpt lon="34.991795" lat="31.904575"><ele>233.850697</ele><time>2026-03-14T17:38:17Z</time><extensions><speed>2.395175</speed><course>139.453023</course><hAcc>1.613488</hAcc><vAcc>1.120906</vAcc></extensions></trkpt>
      <trkpt lon="34.991811" lat="31.904558"><ele>233.752282</ele><time>2026-03-14T17:38:18Z</time><extensions><speed>2.410220</speed><course>139.190279</course><hAcc>1.617699</hAcc><vAcc>1.094357</vAcc></extensions></trkpt>
      <trkpt lon="34.991828" lat="31.904541"><ele>233.661538</ele><time>2026-03-14T17:38:19Z</time><extensions><speed>2.381974</speed><course>140.358229</course><hAcc>1.628995</hAcc><vAcc>1.067961</vAcc></extensions></trkpt>
      <trkpt lon="34.991844" lat="31.904525"><ele>233.621287</ele><time>2026-03-14T17:38:20Z</time><extensions><speed>2.313010</speed><course>142.165571</course><hAcc>1.633934</hAcc><vAcc>1.041198</vAcc></extensions></trkpt>
      <trkpt lon="34.991858" lat="31.904508"><ele>233.594611</ele><time>2026-03-14T17:38:21Z</time><extensions><speed>2.255494</speed><course>143.702847</course><hAcc>1.657623</hAcc><vAcc>1.013958</vAcc></extensions></trkpt>
      <trkpt lon="34.991872" lat="31.904492"><ele>233.579456</ele><time>2026-03-14T17:38:22Z</time><extensions><speed>2.296178</speed><course>144.938152</course><hAcc>1.664611</hAcc><vAcc>0.986384</vAcc></extensions></trkpt>
      <trkpt lon="34.991887" lat="31.904474"><ele>233.566904</ele><time>2026-03-14T17:38:23Z</time><extensions><speed>2.471441</speed><course>145.802907</course><hAcc>1.656271</hAcc><vAcc>0.958699</vAcc></extensions></trkpt>
      <trkpt lon="34.991902" lat="31.904455"><ele>233.560749</ele><time>2026-03-14T17:38:24Z</time><extensions><speed>2.583248</speed><course>146.165950</course><hAcc>1.665825</hAcc><vAcc>0.931145</vAcc></extensions></trkpt>
      <trkpt lon="34.991917" lat="31.904435"><ele>233.564331</ele><time>2026-03-14T17:38:25Z</time><extensions><speed>2.702652</speed><course>145.518509</course><hAcc>1.678400</hAcc><vAcc>0.904090</vAcc></extensions></trkpt>
      <trkpt lon="34.991934" lat="31.904415"><ele>233.584059</ele><time>2026-03-14T17:38:26Z</time><extensions><speed>2.709815</speed><course>144.782090</course><hAcc>1.679654</hAcc><vAcc>0.878198</vAcc></extensions></trkpt>
      <trkpt lon="34.991950" lat="31.904395"><ele>233.610414</ele><time>2026-03-14T17:38:27Z</time><extensions><speed>2.789789</speed><course>145.130335</course><hAcc>1.664470</hAcc><vAcc>0.854329</vAcc></extensions></trkpt>
      <trkpt lon="34.991967" lat="31.904375"><ele>233.619544</ele><time>2026-03-14T17:38:28Z</time><extensions><speed>2.827109</speed><course>144.242443</course><hAcc>1.638387</hAcc><vAcc>0.833179</vAcc></extensions></trkpt>
      <trkpt lon="34.991985" lat="31.904354"><ele>233.647479</ele><time>2026-03-14T17:38:29Z</time><extensions><speed>2.821210</speed><course>142.892218</course><hAcc>1.627078</hAcc><vAcc>0.815106</vAcc></extensions></trkpt>
      <trkpt lon="34.992003" lat="31.904335"><ele>233.689535</ele><time>2026-03-14T17:38:30Z</time><extensions><speed>2.681879</speed><course>141.195078</course><hAcc>1.619975</hAcc><vAcc>0.800180</vAcc></extensions></trkpt>
      <trkpt lon="34.992019" lat="31.904316"><ele>233.747616</ele><time>2026-03-14T17:38:31Z</time><extensions><speed>2.509847</speed><course>143.341759</course><hAcc>1.633541</hAcc><vAcc>0.788248</vAcc></extensions></trkpt>
      <trkpt lon="34.992034" lat="31.904299"><ele>233.825191</ele><time>2026-03-14T17:38:32Z</time><extensions><speed>2.382090</speed><course>145.123649</course><hAcc>1.652232</hAcc><vAcc>0.779002</vAcc></extensions></trkpt>
      <trkpt lon="34.992048" lat="31.904280"><ele>233.904159</ele><time>2026-03-14T17:38:33Z</time><extensions><speed>2.425441</speed><course>148.003829</course><hAcc>1.663667</hAcc><vAcc>0.772057</vAcc></extensions></trkpt>
      <trkpt lon="34.992061" lat="31.904262"><ele>234.001227</ele><time>2026-03-14T17:38:34Z</time><extensions><speed>2.424846</speed><course>153.525444</course><hAcc>1.680081</hAcc><vAcc>0.766998</vAcc></extensions></trkpt>
      <trkpt lon="34.992071" lat="31.904241"><ele>234.091983</ele><time>2026-03-14T17:38:35Z</time><extensions><speed>2.440587</speed><course>162.079082</course><hAcc>1.688587</hAcc><vAcc>0.763429</vAcc></extensions></trkpt>
      <trkpt lon="34.992077" lat="31.904220"><ele>234.187230</ele><time>2026-03-14T17:38:36Z</time><extensions><speed>2.399372</speed><course>170.404460</course><hAcc>1.692385</hAcc><vAcc>0.760994</vAcc></extensions></trkpt>
      <trkpt lon="34.992078" lat="31.904200"><ele>234.290772</ele><time>2026-03-14T17:38:37Z</time><extensions><speed>2.257935</speed><course>185.217128</course><hAcc>1.696143</hAcc><vAcc>0.759392</vAcc></extensions></trkpt>
      <trkpt lon="34.992073" lat="31.904180"><ele>234.395752</ele><time>2026-03-14T17:38:38Z</time><extensions><speed>2.256079</speed><course>198.557893</course><hAcc>1.702613</hAcc><vAcc>0.758381</vAcc></extensions></trkpt>
      <trkpt lon="34.992064" lat="31.904161"><ele>234.512607</ele><time>2026-03-14T17:38:39Z</time><extensions><speed>2.411562</speed><course>204.960516</course><hAcc>1.705165</hAcc><vAcc>0.757771</vAcc></extensions></trkpt>
      <trkpt lon="34.992053" lat="31.904141"><ele>234.621718</ele><time>2026-03-14T17:38:40Z</time><extensions><speed>2.523774</speed><course>205.149976</course><hAcc>1.703758</hAcc><vAcc>0.757423</vAcc></extensions></trkpt>
      <trkpt lon="34.992041" lat="31.904120"><ele>234.732687</ele><time>2026-03-14T17:38:41Z</time><extensions><speed>2.615142</speed><course>205.466185</course><hAcc>1.705411</hAcc><vAcc>0.757237</vAcc></extensions></trkpt>
      <trkpt lon="34.992030" lat="31.904098"><ele>234.843778</ele><time>2026-03-14T17:38:42Z</time><extensions><speed>2.547077</speed><course>203.681563</course><hAcc>1.707790</hAcc><vAcc>0.757144</vAcc></extensions></trkpt>
      <trkpt lon="34.992020" lat="31.904077"><ele>234.952319</ele><time>2026-03-14T17:38:43Z</time><extensions><speed>2.504311</speed><course>199.349708</course><hAcc>1.710844</hAcc><vAcc>0.757101</vAcc></extensions></trkpt>
      <trkpt lon="34.992011" lat="31.904056"><ele>235.052709</ele><time>2026-03-14T17:38:44Z</time><extensions><speed>2.402449</speed><course>199.306448</course><hAcc>1.714295</hAcc><vAcc>0.757078</vAcc></extensions></trkpt>
      <trkpt lon="34.992002" lat="31.904036"><ele>235.150830</ele><time>2026-03-14T17:38:45Z</time><extensions><speed>2.429969</speed><course>204.238266</course><hAcc>1.710012</hAcc><vAcc>0.757062</vAcc></extensions></trkpt>
      <trkpt lon="34.991990" lat="31.904017"><ele>235.234056</ele><time>2026-03-14T17:38:46Z</time><extensions><speed>2.445324</speed><course>211.708565</course><hAcc>1.710733</hAcc><vAcc>0.757044</vAcc></extensions></trkpt>
      <trkpt lon="34.991975" lat="31.903999"><ele>235.315605</ele><time>2026-03-14T17:38:47Z</time><extensions><speed>2.395358</speed><course>217.535387</course><hAcc>1.720038</hAcc><vAcc>0.757023</vAcc></extensions></trkpt>
      <trkpt lon="34.991959" lat="31.903982"><ele>235.386203</ele><time>2026-03-14T17:38:48Z</time><extensions><speed>2.428111</speed><course>219.287648</course><hAcc>1.724517</hAcc><vAcc>0.756997</vAcc></extensions></trkpt>
      <trkpt lon="34.991943" lat="31.903965"><ele>235.455555</ele><time>2026-03-14T17:38:49Z</time><extensions><speed>2.530260</speed><course>217.503720</course><hAcc>1.731665</hAcc><vAcc>0.756968</vAcc></extensions></trkpt>
      <trkpt lon="34.991927" lat="31.903946"><ele>235.518695</ele><time>2026-03-14T17:38:50Z</time><extensions><speed>2.673832</speed><course>216.688893</course><hAcc>1.743164</hAcc><vAcc>0.756938</vAcc></extensions></trkpt>
      <trkpt lon="34.991909" lat="31.903926"><ele>235.576001</ele><time>2026-03-14T17:38:51Z</time><extensions><speed>2.892704</speed><course>218.170868</course><hAcc>1.756357</hAcc><vAcc>0.756909</vAcc></extensions></trkpt>
      <trkpt lon="34.991889" lat="31.903906"><ele>235.627039</ele><time>2026-03-14T17:38:52Z</time><extensions><speed>3.021376</speed><course>222.078703</course><hAcc>1.775111</hAcc><vAcc>0.756881</vAcc></extensions></trkpt>
      <trkpt lon="34.991867" lat="31.903886"><ele>235.670288</ele><time>2026-03-14T17:38:53Z</time><extensions><speed>3.021236</speed><course>226.338462</course><hAcc>1.789158</hAcc><vAcc>0.756857</vAcc></extensions></trkpt>
      <trkpt lon="34.991843" lat="31.903869"><ele>235.709110</ele><time>2026-03-14T17:38:54Z</time><extensions><speed>2.960999</speed><course>231.856586</course><hAcc>1.795958</hAcc><vAcc>0.756835</vAcc></extensions></trkpt>
      <trkpt lon="34.991819" lat="31.903853"><ele>235.748113</ele><time>2026-03-14T17:38:56Z</time><extensions><speed>2.710991</speed><course>235.366431</course><hAcc>1.789010</hAcc><vAcc>0.756817</vAcc></extensions></trkpt>
      <trkpt lon="34.991796" lat="31.903841"><ele>235.785238</ele><time>2026-03-14T17:38:57Z</time><extensions><speed>2.467712</speed><course>239.504624</course><hAcc>1.784567</hAcc><vAcc>0.756802</vAcc></extensions></trkpt>
      <trkpt lon="34.991775" lat="31.903831"><ele>235.805776</ele><time>2026-03-14T17:38:58Z</time><extensions><speed>2.222532</speed><course>241.899051</course><hAcc>1.784125</hAcc><vAcc>0.756790</vAcc></extensions></trkpt>
      <trkpt lon="34.991755" lat="31.903821"><ele>235.842883</ele><time>2026-03-14T17:38:59Z</time><extensions><speed>2.138635</speed><course>240.275752</course><hAcc>1.781872</hAcc><vAcc>0.756781</vAcc></extensions></trkpt>
      <trkpt lon="34.991737" lat="31.903811"><ele>235.878142</ele><time>2026-03-14T17:39:00Z</time><extensions><speed>2.187731</speed><course>231.537740</course><hAcc>1.776185</hAcc><vAcc>0.756774</vAcc></extensions></trkpt>
      <trkpt lon="34.991719" lat="31.903798"><ele>235.915144</ele><time>2026-03-14T17:39:01Z</time><extensions><speed>2.283376</speed><course>227.929067</course><hAcc>1.772649</hAcc><vAcc>0.756768</vAcc></extensions></trkpt>
      <trkpt lon="34.991701" lat="31.903784"><ele>235.967143</ele><time>2026-03-14T17:39:02Z</time><extensions><speed>2.371825</speed><course>226.784730</course><hAcc>1.771153</hAcc><vAcc>0.756764</vAcc></extensions></trkpt>
      <trkpt lon="34.991682" lat="31.903768"><ele>236.003239</ele><time>2026-03-14T17:39:03Z</time><extensions><speed>2.612382</speed><course>224.772957</course><hAcc>1.767429</hAcc><vAcc>0.756760</vAcc></extensions></trkpt>
      <trkpt lon="34.991663" lat="31.903750"><ele>236.060921</ele><time>2026-03-14T17:39:04Z</time><extensions><speed>2.768636</speed><course>218.580052</course><hAcc>1.757352</hAcc><vAcc>0.756758</vAcc></extensions></trkpt>
      <trkpt lon="34.991647" lat="31.903730"><ele>236.111487</ele><time>2026-03-14T17:39:05Z</time><extensions><speed>2.800619</speed><course>210.334230</course><hAcc>1.746644</hAcc><vAcc>0.756756</vAcc></extensions></trkpt>
      <trkpt lon="34.991634" lat="31.903707"><ele>236.177484</ele><time>2026-03-14T17:39:06Z</time><extensions><speed>2.782859</speed><course>201.013326</course><hAcc>1.738801</hAcc><vAcc>0.756754</vAcc></extensions></trkpt>
      <trkpt lon="34.991626" lat="31.903683"><ele>236.229569</ele><time>2026-03-14T17:39:07Z</time><extensions><speed>2.724634</speed><course>192.291065</course><hAcc>1.733823</hAcc><vAcc>0.756753</vAcc></extensions></trkpt>
      <trkpt lon="34.991621" lat="31.903660"><ele>236.289471</ele><time>2026-03-14T17:39:08Z</time><extensions><speed>2.597218</speed><course>189.665034</course><hAcc>1.731074</hAcc><vAcc>0.756752</vAcc></extensions></trkpt>
      <trkpt lon="34.991616" lat="31.903637"><ele>236.352652</ele><time>2026-03-14T17:39:09Z</time><extensions><speed>2.446861</speed><course>189.939911</course><hAcc>1.727907</hAcc><vAcc>0.756751</vAcc></extensions></trkpt>
      <trkpt lon="34.991612" lat="31.903616"><ele>236.406620</ele><time>2026-03-14T17:39:10Z</time><extensions><speed>2.389205</speed><course>191.253474</course><hAcc>1.716978</hAcc><vAcc>0.756750</vAcc></extensions></trkpt>
      <trkpt lon="34.991607" lat="31.903594"><ele>236.466911</ele><time>2026-03-14T17:39:11Z</time><extensions><speed>2.453980</speed><course>189.199622</course><hAcc>1.713848</hAcc><vAcc>0.756749</vAcc></extensions></trkpt>
      <trkpt lon="34.991605" lat="31.903572"><ele>236.536810</ele><time>2026-03-14T17:39:12Z</time><extensions><speed>2.696699</speed><course>181.167953</course><hAcc>1.702471</hAcc><vAcc>0.756749</vAcc></extensions></trkpt>
      <trkpt lon="34.991607" lat="31.903547"><ele>236.602704</ele><time>2026-03-14T17:39:13Z</time><extensions><speed>2.816603</speed><course>171.602529</course><hAcc>1.692987</hAcc><vAcc>0.756748</vAcc></extensions></trkpt>
      <trkpt lon="34.991612" lat="31.903522"><ele>236.646850</ele><time>2026-03-14T17:39:14Z</time><extensions><speed>2.957900</speed><course>167.228232</course><hAcc>1.694375</hAcc><vAcc>0.756747</vAcc></extensions></trkpt>
      <trkpt lon="34.991621" lat="31.903496"><ele>236.691489</ele><time>2026-03-14T17:39:15Z</time><extensions><speed>3.015602</speed><course>161.931023</course><hAcc>1.690813</hAcc><vAcc>0.756747</vAcc></extensions></trkpt>
      <trkpt lon="34.991631" lat="31.903470"><ele>236.730568</ele><time>2026-03-14T17:39:16Z</time><extensions><speed>3.071457</speed><course>158.483843</course><hAcc>1.689430</hAcc><vAcc>0.756746</vAcc></extensions></trkpt>
      <trkpt lon="34.991644" lat="31.903445"><ele>236.754271</ele><time>2026-03-14T17:39:17Z</time><extensions><speed>3.096285</speed><course>154.901804</course><hAcc>1.695522</hAcc><vAcc>0.756746</vAcc></extensions></trkpt>
      <trkpt lon="34.991659" lat="31.903419"><ele>236.767499</ele><time>2026-03-14T17:39:18Z</time><extensions><speed>3.204234</speed><course>153.727983</course><hAcc>1.696430</hAcc><vAcc>0.756745</vAcc></extensions></trkpt>
      <trkpt lon="34.991674" lat="31.903393"><ele>236.782976</ele><time>2026-03-14T17:39:19Z</time><extensions><speed>3.303063</speed><course>154.778138</course><hAcc>1.691407</hAcc><vAcc>0.756745</vAcc></extensions></trkpt>
      <trkpt lon="34.991688" lat="31.903367"><ele>236.792671</ele><time>2026-03-14T17:39:20Z</time><extensions><speed>3.176461</speed><course>155.354722</course><hAcc>1.686068</hAcc><vAcc>0.756744</vAcc></extensions></trkpt>
      <trkpt lon="34.991701" lat="31.903342"><ele>236.799988</ele><time>2026-03-14T17:39:21Z</time><extensions><speed>2.772455</speed><course>156.154297</course><hAcc>1.687418</hAcc><vAcc>0.756744</vAcc></extensions></trkpt>
      <trkpt lon="34.991712" lat="31.903321"><ele>236.787645</ele><time>2026-03-14T17:39:22Z</time><extensions><speed>2.477826</speed><course>156.920696</course><hAcc>1.689938</hAcc><vAcc>0.756744</vAcc></extensions></trkpt>
      <trkpt lon="34.991723" lat="31.903300"><ele>236.781368</ele><time>2026-03-14T17:39:23Z</time><extensions><speed>2.451002</speed><course>154.878880</course><hAcc>1.678751</hAcc><vAcc>0.756743</vAcc></extensions></trkpt>
      <trkpt lon="34.991734" lat="31.903280"><ele>236.778944</ele><time>2026-03-14T17:39:24Z</time><extensions><speed>2.545847</speed><course>154.288549</course><hAcc>1.669429</hAcc><vAcc>0.756743</vAcc></extensions></trkpt>
      <trkpt lon="34.991746" lat="31.903260"><ele>236.750847</ele><time>2026-03-14T17:39:25Z</time><extensions><speed>2.535117</speed><course>152.911428</course><hAcc>1.663531</hAcc><vAcc>0.756743</vAcc></extensions></trkpt>
      <trkpt lon="34.991759" lat="31.903239"><ele>236.745472</ele><time>2026-03-14T17:39:26Z</time><extensions><speed>2.743264</speed><course>152.658051</course><hAcc>1.651458</hAcc><vAcc>0.756742</vAcc></extensions></trkpt>
      <trkpt lon="34.991772" lat="31.903215"><ele>236.707170</ele><time>2026-03-14T17:39:27Z</time><extensions><speed>3.018192</speed><course>154.310292</course><hAcc>1.644435</hAcc><vAcc>0.756742</vAcc></extensions></trkpt>
      <trkpt lon="34.991786" lat="31.903191"><ele>236.694921</ele><time>2026-03-14T17:39:28Z</time><extensions><speed>2.918565</speed><course>155.263312</course><hAcc>1.644477</hAcc><vAcc>0.756741</vAcc></extensions></trkpt>
      <trkpt lon="34.991798" lat="31.903168"><ele>236.677354</ele><time>2026-03-14T17:39:29Z</time><extensions><speed>2.867516</speed><course>154.829017</course><hAcc>1.642665</hAcc><vAcc>0.756741</vAcc></extensions></trkpt>
      <trkpt lon="34.991811" lat="31.903144"><ele>236.668868</ele><time>2026-03-14T17:39:30Z</time><extensions><speed>2.916732</speed><course>157.309237</course><hAcc>1.644388</hAcc><vAcc>0.756741</vAcc></extensions></trkpt>
      <trkpt lon="34.991823" lat="31.903120"><ele>236.671566</ele><time>2026-03-14T17:39:31Z</time><extensions><speed>2.907016</speed><course>157.501342</course><hAcc>1.641017</hAcc><vAcc>0.756741</vAcc></extensions></trkpt>
      <trkpt lon="34.991835" lat="31.903096"><ele>236.672798</ele><time>2026-03-14T17:39:32Z</time><extensions><speed>2.935898</speed><course>157.041447</course><hAcc>1.634792</hAcc><vAcc>0.756741</vAcc></extensions></trkpt>
      <trkpt lon="34.991847" lat="31.903072"><ele>236.681534</ele><time>2026-03-14T17:39:33Z</time><extensions><speed>2.930409</speed><course>156.893886</course><hAcc>1.626569</hAcc><vAcc>0.756741</vAcc></extensions></trkpt>
      <trkpt lon="34.991859" lat="31.903047"><ele>236.680224</ele><time>2026-03-14T17:39:34Z</time><extensions><speed>3.055694</speed><course>158.256755</course><hAcc>1.623549</hAcc><vAcc>0.756740</vAcc></extensions></trkpt>
      <trkpt lon="34.991870" lat="31.903021"><ele>236.684422</ele><time>2026-03-14T17:39:35Z</time><extensions><speed>3.037792</speed><course>160.959912</course><hAcc>1.630667</hAcc><vAcc>0.756740</vAcc></extensions></trkpt>
      <trkpt lon="34.991880" lat="31.902996"><ele>236.705365</ele><time>2026-03-14T17:39:36Z</time><extensions><speed>2.900562</speed><course>160.804194</course><hAcc>1.632153</hAcc><vAcc>0.756740</vAcc></extensions></trkpt>
      <trkpt lon="34.991890" lat="31.902972"><ele>236.735896</ele><time>2026-03-14T17:39:37Z</time><extensions><speed>2.784802</speed><course>160.549154</course><hAcc>1.628568</hAcc><vAcc>0.756740</vAcc></extensions></trkpt>
      <trkpt lon="34.991899" lat="31.902950"><ele>236.778387</ele><time>2026-03-14T17:39:38Z</time><extensions><speed>2.499063</speed><course>159.492934</course><hAcc>1.626445</hAcc><vAcc>0.756740</vAcc></extensions></trkpt>
      <trkpt lon="34.991909" lat="31.902929"><ele>236.826859</ele><time>2026-03-14T17:39:39Z</time><extensions><speed>2.559265</speed><course>158.406595</course><hAcc>1.623714</hAcc><vAcc>0.756740</vAcc></extensions></trkpt>
      <trkpt lon="34.991918" lat="31.902907"><ele>236.877661</ele><time>2026-03-14T17:39:40Z</time><extensions><speed>2.660067</speed><course>162.572384</course><hAcc>1.627095</hAcc><vAcc>0.756740</vAcc></extensions></trkpt>
      <trkpt lon="34.991926" lat="31.902884"><ele>236.927870</ele><time>2026-03-14T17:39:41Z</time><extensions><speed>2.652153</speed><course>164.892850</course><hAcc>1.628656</hAcc><vAcc>0.756739</vAcc></extensions></trkpt>
      <trkpt lon="34.991932" lat="31.902860"><ele>236.990980</ele><time>2026-03-14T17:39:42Z</time><extensions><speed>2.698640</speed><course>167.376353</course><hAcc>1.632604</hAcc><vAcc>0.756739</vAcc></extensions></trkpt>
      <trkpt lon="34.991939" lat="31.902837"><ele>237.046850</ele><time>2026-03-14T17:39:43Z</time><extensions><speed>2.599088</speed><course>167.132471</course><hAcc>1.638503</hAcc><vAcc>0.756739</vAcc></extensions></trkpt>
      <trkpt lon="34.991945" lat="31.902815"><ele>237.107658</ele><time>2026-03-14T17:39:44Z</time><extensions><speed>2.661944</speed><course>164.622214</course><hAcc>1.645887</hAcc><vAcc>0.756739</vAcc></extensions></trkpt>
      <trkpt lon="34.991953" lat="31.902792"><ele>237.165759</ele><time>2026-03-14T17:39:45Z</time><extensions><speed>2.667717</speed><course>165.022780</course><hAcc>1.651369</hAcc><vAcc>0.756739</vAcc></extensions></trkpt>
      <trkpt lon="34.991960" lat="31.902769"><ele>237.233860</ele><time>2026-03-14T17:39:46Z</time><extensions><speed>2.623983</speed><course>167.427706</course><hAcc>1.653323</hAcc><vAcc>0.756739</vAcc></extensions></trkpt>
      <trkpt lon="34.991965" lat="31.902746"><ele>237.313094</ele><time>2026-03-14T17:39:47Z</time><extensions><speed>2.492483</speed><course>169.649756</course><hAcc>1.649807</hAcc><vAcc>0.756739</vAcc></extensions></trkpt>
      <trkpt lon="34.991969" lat="31.902725"><ele>237.364015</ele><time>2026-03-14T17:39:48Z</time><extensions><speed>2.423227</speed><course>171.628805</course><hAcc>1.644631</hAcc><vAcc>0.756739</vAcc></extensions></trkpt>
      <trkpt lon="34.991973" lat="31.902702"><ele>237.414401</ele><time>2026-03-14T17:39:49Z</time><extensions><speed>2.765284</speed><course>172.442251</course><hAcc>1.646776</hAcc><vAcc>0.756739</vAcc></extensions></trkpt>
      <trkpt lon="34.991977" lat="31.902676"><ele>237.476539</ele><time>2026-03-14T17:39:50Z</time><extensions><speed>2.904247</speed><course>171.109648</course><hAcc>1.653694</hAcc><vAcc>0.756739</vAcc></extensions></trkpt>
      <trkpt lon="34.991983" lat="31.902651"><ele>237.534283</ele><time>2026-03-14T17:39:51Z</time><extensions><speed>2.799981</speed><course>168.391990</course><hAcc>1.658071</hAcc><vAcc>0.756739</vAcc></extensions></trkpt>
      <trkpt lon="34.991989" lat="31.902627"><ele>237.562996</ele><time>2026-03-14T17:39:52Z</time><extensions><speed>2.657681</speed><course>166.331874</course><hAcc>1.660962</hAcc><vAcc>0.756739</vAcc></extensions></trkpt>
      <trkpt lon="34.991996" lat="31.902605"><ele>237.580465</ele><time>2026-03-14T17:39:53Z</time><extensions><speed>2.523056</speed><course>164.793817</course><hAcc>1.662873</hAcc><vAcc>0.756739</vAcc></extensions></trkpt>
      <trkpt lon="34.992003" lat="31.902583"><ele>237.587750</ele><time>2026-03-14T17:39:54Z</time><extensions><speed>2.559036</speed><course>162.885735</course><hAcc>1.666009</hAcc><vAcc>0.756738</vAcc></extensions></trkpt>
      <trkpt lon="34.992011" lat="31.902560"><ele>237.575939</ele><time>2026-03-14T17:39:55Z</time><extensions><speed>2.691085</speed><course>165.090879</course><hAcc>1.667157</hAcc><vAcc>0.756738</vAcc></extensions></trkpt>
      <trkpt lon="34.992018" lat="31.902537"><ele>237.576737</ele><time>2026-03-14T17:39:56Z</time><extensions><speed>2.663232</speed><course>167.397450</course><hAcc>1.663806</hAcc><vAcc>0.756741</vAcc></extensions></trkpt>
      <trkpt lon="34.992024" lat="31.902514"><ele>237.535192</ele><time>2026-03-14T17:39:57Z</time><extensions><speed>2.595767</speed><course>168.350737</course><hAcc>1.659488</hAcc><vAcc>0.756745</vAcc></extensions></trkpt>
      <trkpt lon="34.992029" lat="31.902491"><ele>237.474701</ele><time>2026-03-14T17:39:58Z</time><extensions><speed>2.553315</speed><course>169.424200</course><hAcc>1.650201</hAcc><vAcc>0.756748</vAcc></extensions></trkpt>
      <trkpt lon="34.992034" lat="31.902468"><ele>237.416631</ele><time>2026-03-14T17:39:59Z</time><extensions><speed>2.565502</speed><course>169.577763</course><hAcc>1.642993</hAcc><vAcc>0.756753</vAcc></extensions></trkpt>
      <trkpt lon="34.992038" lat="31.902445"><ele>237.308496</ele><time>2026-03-14T17:40:00Z</time><extensions><speed>2.729636</speed><course>171.533800</course><hAcc>1.638103</hAcc><vAcc>0.756757</vAcc></extensions></trkpt>
      <trkpt lon="34.992042" lat="31.902421"><ele>237.218060</ele><time>2026-03-14T17:40:01Z</time><extensions><speed>2.660131</speed><course>172.739392</course><hAcc>1.626839</hAcc><vAcc>0.756763</vAcc></extensions></trkpt>
      <trkpt lon="34.992046" lat="31.902397"><ele>237.108801</ele><time>2026-03-14T17:40:02Z</time><extensions><speed>2.630182</speed><course>172.224955</course><hAcc>1.615698</hAcc><vAcc>0.756770</vAcc></extensions></trkpt>
      <trkpt lon="34.992051" lat="31.902373"><ele>237.002843</ele><time>2026-03-14T17:40:03Z</time><extensions><speed>2.922043</speed><course>168.426063</course><hAcc>1.610903</hAcc><vAcc>0.756778</vAcc></extensions></trkpt>
      <trkpt lon="34.992057" lat="31.902347"><ele>236.897307</ele><time>2026-03-14T17:40:04Z</time><extensions><speed>3.003465</speed><course>167.080024</course><hAcc>1.608020</hAcc><vAcc>0.756789</vAcc></extensions></trkpt>
      <trkpt lon="34.992064" lat="31.902320"><ele>236.802021</ele><time>2026-03-14T17:40:05Z</time><extensions><speed>2.985183</speed><course>168.316744</course><hAcc>1.605568</hAcc><vAcc>0.756803</vAcc></extensions></trkpt>
      <trkpt lon="34.992070" lat="31.902294"><ele>236.702981</ele><time>2026-03-14T17:40:06Z</time><extensions><speed>2.954606</speed><course>167.552818</course><hAcc>1.608101</hAcc><vAcc>0.756807</vAcc></extensions></trkpt>
      <trkpt lon="34.992078" lat="31.902268"><ele>236.602635</ele><time>2026-03-14T17:40:07Z</time><extensions><speed>3.052160</speed><course>164.502795</course><hAcc>1.611768</hAcc><vAcc>0.756786</vAcc></extensions></trkpt>
      <trkpt lon="34.992086" lat="31.902242"><ele>236.516210</ele><time>2026-03-14T17:40:08Z</time><extensions><speed>2.908031</speed><course>166.573735</course><hAcc>1.621052</hAcc><vAcc>0.756770</vAcc></extensions></trkpt>
      <trkpt lon="34.992093" lat="31.902219"><ele>236.422696</ele><time>2026-03-14T17:40:09Z</time><extensions><speed>2.609676</speed><course>164.362775</course><hAcc>1.636061</hAcc><vAcc>0.756759</vAcc></extensions></trkpt>
      <trkpt lon="34.992101" lat="31.902196"><ele>236.352792</ele><time>2026-03-14T17:40:10Z</time><extensions><speed>2.759058</speed><course>161.197235</course><hAcc>1.639370</hAcc><vAcc>0.756750</vAcc></extensions></trkpt>
      <trkpt lon="34.992110" lat="31.902172"><ele>236.331384</ele><time>2026-03-14T17:40:11Z</time><extensions><speed>2.819576</speed><course>162.980787</course><hAcc>1.641343</hAcc><vAcc>0.751304</vAcc></extensions></trkpt>
      <trkpt lon="34.992118" lat="31.902147"><ele>236.303369</ele><time>2026-03-14T17:40:12Z</time><extensions><speed>2.891512</speed><course>167.363799</course><hAcc>1.647840</hAcc><vAcc>0.747089</vAcc></extensions></trkpt>
      <trkpt lon="34.992123" lat="31.902122"><ele>236.279229</ele><time>2026-03-14T17:40:13Z</time><extensions><speed>2.838887</speed><course>171.489049</course><hAcc>1.651446</hAcc><vAcc>0.741919</vAcc></extensions></trkpt>
      <trkpt lon="34.992126" lat="31.902096"><ele>236.252539</ele><time>2026-03-14T17:40:14Z</time><extensions><speed>2.790264</speed><course>175.913983</course><hAcc>1.658137</hAcc><vAcc>0.735851</vAcc></extensions></trkpt>
      <trkpt lon="34.992128" lat="31.902071"><ele>236.232294</ele><time>2026-03-14T17:40:15Z</time><extensions><speed>2.830039</speed><course>178.955935</course><hAcc>1.659596</hAcc><vAcc>0.729026</vAcc></extensions></trkpt>
      <trkpt lon="34.992127" lat="31.902046"><ele>236.192660</ele><time>2026-03-14T17:40:16Z</time><extensions><speed>2.803209</speed><course>182.926754</course><hAcc>1.660617</hAcc><vAcc>0.721684</vAcc></extensions></trkpt>
      <trkpt lon="34.992126" lat="31.902021"><ele>236.149480</ele><time>2026-03-14T17:40:17Z</time><extensions><speed>2.680241</speed><course>183.880632</course><hAcc>1.657400</hAcc><vAcc>0.714170</vAcc></extensions></trkpt>
      <trkpt lon="34.992125" lat="31.901996"><ele>236.109130</ele><time>2026-03-14T17:40:18Z</time><extensions><speed>2.861716</speed><course>179.915967</course><hAcc>1.654793</hAcc><vAcc>0.706945</vAcc></extensions></trkpt>
      <trkpt lon="34.992126" lat="31.901971"><ele>236.074111</ele><time>2026-03-14T17:40:19Z</time><extensions><speed>2.794473</speed><course>176.766642</course><hAcc>1.644918</hAcc><vAcc>0.700578</vAcc></extensions></trkpt>
      <trkpt lon="34.992127" lat="31.901946"><ele>235.999091</ele><time>2026-03-14T17:40:20Z</time><extensions><speed>2.719703</speed><course>178.740642</course><hAcc>1.623376</hAcc><vAcc>0.695698</vAcc></extensions></trkpt>
      <trkpt lon="34.992127" lat="31.901925"><ele>235.945184</ele><time>2026-03-14T17:40:20Z</time><extensions><speed>2.797439</speed><course>180.238237</course><hAcc>1.604160</hAcc><vAcc>0.693585</vAcc></extensions></trkpt>
      <trkpt lon="34.992127" lat="31.901921"><ele>235.919478</ele><time>2026-03-14T17:40:21Z</time><extensions><speed>2.797698</speed><course>180.209895</course><hAcc>1.603819</hAcc><vAcc>0.690512</vAcc></extensions></trkpt>
      <trkpt lon="34.992127" lat="31.901896"><ele>235.821768</ele><time>2026-03-14T17:40:22Z</time><extensions><speed>2.909275</speed><course>180.485136</course><hAcc>1.629751</hAcc><vAcc>0.695102</vAcc></extensions></trkpt>
      <trkpt lon="34.992127" lat="31.901869"><ele>235.717915</ele><time>2026-03-14T17:40:23Z</time><extensions><speed>2.937026</speed><course>177.964368</course><hAcc>1.655283</hAcc><vAcc>0.701465</vAcc></extensions></trkpt>
      <trkpt lon="34.992130" lat="31.901843"><ele>235.611328</ele><time>2026-03-14T17:40:24Z</time><extensions><speed>2.985908</speed><course>173.981491</course><hAcc>1.674828</hAcc><vAcc>0.708821</vAcc></extensions></trkpt>
      <trkpt lon="34.992133" lat="31.901816"><ele>235.500150</ele><time>2026-03-14T17:40:25Z</time><extensions><speed>3.006099</speed><course>173.504425</course><hAcc>1.685551</hAcc><vAcc>0.716461</vAcc></extensions></trkpt>
      <trkpt lon="34.992137" lat="31.901790"><ele>235.395201</ele><time>2026-03-14T17:40:26Z</time><extensions><speed>2.801112</speed><course>173.843610</course><hAcc>1.687893</hAcc><vAcc>0.723832</vAcc></extensions></trkpt>
      <trkpt lon="34.992141" lat="31.901766"><ele>235.283377</ele><time>2026-03-14T17:40:27Z</time><extensions><speed>2.725313</speed><course>170.839473</course><hAcc>1.687193</hAcc><vAcc>0.730565</vAcc></extensions></trkpt>
      <trkpt lon="34.992146" lat="31.901741"><ele>235.175372</ele><time>2026-03-14T17:40:28Z</time><extensions><speed>2.881677</speed><course>168.339869</course><hAcc>1.685500</hAcc><vAcc>0.736448</vAcc></extensions></trkpt>
      <trkpt lon="34.992153" lat="31.901715"><ele>235.081858</ele><time>2026-03-14T17:40:29Z</time><extensions><speed>2.925582</speed><course>166.464762</course><hAcc>1.683216</hAcc><vAcc>0.741401</vAcc></extensions></trkpt>
      <trkpt lon="34.992159" lat="31.901691"><ele>234.984326</ele><time>2026-03-14T17:40:30Z</time><extensions><speed>2.716119</speed><course>167.411026</course><hAcc>1.680824</hAcc><vAcc>0.745435</vAcc></extensions></trkpt>
      <trkpt lon="34.992165" lat="31.901667"><ele>234.894325</ele><time>2026-03-14T17:40:31Z</time><extensions><speed>2.778382</speed><course>168.097303</course><hAcc>1.677379</hAcc><vAcc>0.748621</vAcc></extensions></trkpt>
      <trkpt lon="34.992171" lat="31.901641"><ele>234.808825</ele><time>2026-03-14T17:40:32Z</time><extensions><speed>2.952414</speed><course>170.548674</course><hAcc>1.670460</hAcc><vAcc>0.751065</vAcc></extensions></trkpt>
      <trkpt lon="34.992176" lat="31.901615"><ele>234.703197</ele><time>2026-03-14T17:40:33Z</time><extensions><speed>2.915760</speed><course>171.808326</course><hAcc>1.662945</hAcc><vAcc>0.752885</vAcc></extensions></trkpt>
      <trkpt lon="34.992180" lat="31.901589"><ele>234.589415</ele><time>2026-03-14T17:40:34Z</time><extensions><speed>2.958171</speed><course>173.664932</course><hAcc>1.660611</hAcc><vAcc>0.754200</vAcc></extensions></trkpt>
      <trkpt lon="34.992183" lat="31.901564"><ele>234.468621</ele><time>2026-03-14T17:40:35Z</time><extensions><speed>2.779851</speed><course>175.521302</course><hAcc>1.665083</hAcc><vAcc>0.755121</vAcc></extensions></trkpt>
      <trkpt lon="34.992184" lat="31.901538"><ele>234.336997</ele><time>2026-03-14T17:40:36Z</time><extensions><speed>2.911238</speed><course>179.816572</course><hAcc>1.680219</hAcc><vAcc>0.755743</vAcc></extensions></trkpt>
      <trkpt lon="34.992182" lat="31.901511"><ele>234.226156</ele><time>2026-03-14T17:40:37Z</time><extensions><speed>3.022782</speed><course>185.135275</course><hAcc>1.696259</hAcc><vAcc>0.756148</vAcc></extensions></trkpt>
      <trkpt lon="34.992178" lat="31.901485"><ele>234.114290</ele><time>2026-03-14T17:40:38Z</time><extensions><speed>2.978198</speed><course>188.082400</course><hAcc>1.707554</hAcc><vAcc>0.756398</vAcc></extensions></trkpt>
      <trkpt lon="34.992174" lat="31.901458"><ele>233.978574</ele><time>2026-03-14T17:40:39Z</time><extensions><speed>2.919064</speed><course>186.604627</course><hAcc>1.725355</hAcc><vAcc>0.756545</vAcc></extensions></trkpt>
      <trkpt lon="34.992172" lat="31.901433"><ele>233.854774</ele><time>2026-03-14T17:40:40Z</time><extensions><speed>2.826484</speed><course>182.599618</course><hAcc>1.744491</hAcc><vAcc>0.756624</vAcc></extensions></trkpt>
      <trkpt lon="34.992172" lat="31.901407"><ele>233.714099</ele><time>2026-03-14T17:40:41Z</time><extensions><speed>2.764749</speed><course>176.577842</course><hAcc>1.759561</hAcc><vAcc>0.756662</vAcc></extensions></trkpt>
      <trkpt lon="34.992175" lat="31.901383"><ele>233.553627</ele><time>2026-03-14T17:40:42Z</time><extensions><speed>2.808049</speed><course>169.798268</course><hAcc>1.764230</hAcc><vAcc>0.756677</vAcc></extensions></trkpt>
      <trkpt lon="34.992182" lat="31.901358"><ele>233.372289</ele><time>2026-03-14T17:40:43Z</time><extensions><speed>2.807665</speed><course>162.833863</course><hAcc>1.767859</hAcc><vAcc>0.756680</vAcc></extensions></trkpt>
      <trkpt lon="34.992190" lat="31.901334"><ele>233.201426</ele><time>2026-03-14T17:40:44Z</time><extensions><speed>2.767477</speed><course>165.035619</course><hAcc>1.776168</hAcc><vAcc>0.756679</vAcc></extensions></trkpt>
      <trkpt lon="34.992198" lat="31.901311"><ele>233.017165</ele><time>2026-03-14T17:40:45Z</time><extensions><speed>2.643767</speed><course>162.149263</course><hAcc>1.786803</hAcc><vAcc>0.756678</vAcc></extensions></trkpt>
      <trkpt lon="34.992206" lat="31.901288"><ele>232.833977</ele><time>2026-03-14T17:40:46Z</time><extensions><speed>2.641975</speed><course>166.921887</course><hAcc>1.799409</hAcc><vAcc>0.756678</vAcc></extensions></trkpt>
      <trkpt lon="34.992209" lat="31.901264"><ele>232.645367</ele><time>2026-03-14T17:40:47Z</time><extensions><speed>2.713871</speed><course>179.837800</course><hAcc>1.812392</hAcc><vAcc>0.756680</vAcc></extensions></trkpt>
      <trkpt lon="34.992208" lat="31.901239"><ele>232.463229</ele><time>2026-03-14T17:40:48Z</time><extensions><speed>2.912642</speed><course>184.294831</course><hAcc>1.822646</hAcc><vAcc>0.756684</vAcc></extensions></trkpt>
      <trkpt lon="34.992205" lat="31.901212"><ele>232.279767</ele><time>2026-03-14T17:40:49Z</time><extensions><speed>3.080670</speed><course>184.763430</course><hAcc>1.827929</hAcc><vAcc>0.756689</vAcc></extensions></trkpt>
      <trkpt lon="34.992202" lat="31.901185"><ele>232.077220</ele><time>2026-03-14T17:40:50Z</time><extensions><speed>3.043458</speed><course>184.959385</course><hAcc>1.831945</hAcc><vAcc>0.756695</vAcc></extensions></trkpt>
      <trkpt lon="34.992199" lat="31.901158"><ele>231.871415</ele><time>2026-03-14T17:40:51Z</time><extensions><speed>2.931022</speed><course>184.197848</course><hAcc>1.834347</hAcc><vAcc>0.756701</vAcc></extensions></trkpt>
      <trkpt lon="34.992198" lat="31.901132"><ele>231.673959</ele><time>2026-03-14T17:40:52Z</time><extensions><speed>2.906645</speed><course>180.983590</course><hAcc>1.839046</hAcc><vAcc>0.756707</vAcc></extensions></trkpt>
      <trkpt lon="34.992199" lat="31.901106"><ele>231.492336</ele><time>2026-03-14T17:40:53Z</time><extensions><speed>2.818771</speed><course>175.534541</course><hAcc>1.840915</hAcc><vAcc>0.756713</vAcc></extensions></trkpt>
      <trkpt lon="34.992202" lat="31.901080"><ele>231.294807</ele><time>2026-03-14T17:40:54Z</time><extensions><speed>3.001501</speed><course>172.265342</course><hAcc>1.836989</hAcc><vAcc>0.756718</vAcc></extensions></trkpt>
      <trkpt lon="34.992206" lat="31.901053"><ele>231.118339</ele><time>2026-03-14T17:40:55Z</time><extensions><speed>3.001366</speed><course>170.669177</course><hAcc>1.828802</hAcc><vAcc>0.756722</vAcc></extensions></trkpt>
      <trkpt lon="34.992210" lat="31.901027"><ele>230.909853</ele><time>2026-03-14T17:40:56Z</time><extensions><speed>2.873330</speed><course>174.472040</course><hAcc>1.820023</hAcc><vAcc>0.756726</vAcc></extensions></trkpt>
      <trkpt lon="34.992212" lat="31.901001"><ele>230.709117</ele><time>2026-03-14T17:40:56Z</time><extensions><speed>2.792220</speed><course>180.696021</course><hAcc>1.813144</hAcc><vAcc>0.756728</vAcc></extensions></trkpt>
      <trkpt lon="34.992210" lat="31.900976"><ele>230.503578</ele><time>2026-03-14T17:40:57Z</time><extensions><speed>2.938968</speed><course>186.607402</course><hAcc>1.805628</hAcc><vAcc>0.756730</vAcc></extensions></trkpt>
      <trkpt lon="34.992205" lat="31.900949"><ele>230.288006</ele><time>2026-03-14T17:40:58Z</time><extensions><speed>2.982447</speed><course>189.111056</course><hAcc>1.796098</hAcc><vAcc>0.756732</vAcc></extensions></trkpt>
      <trkpt lon="34.992200" lat="31.900923"><ele>230.086508</ele><time>2026-03-14T17:40:59Z</time><extensions><speed>2.972840</speed><course>188.647686</course><hAcc>1.787586</hAcc><vAcc>0.756733</vAcc></extensions></trkpt>
      <trkpt lon="34.992196" lat="31.900897"><ele>229.858229</ele><time>2026-03-14T17:41:00Z</time><extensions><speed>2.896318</speed><course>187.898229</course><hAcc>1.781844</hAcc><vAcc>0.756734</vAcc></extensions></trkpt>
      <trkpt lon="34.992192" lat="31.900872"><ele>229.642758</ele><time>2026-03-14T17:41:01Z</time><extensions><speed>2.708386</speed><course>188.445415</course><hAcc>1.778990</hAcc><vAcc>0.756735</vAcc></extensions></trkpt>
      <trkpt lon="34.992188" lat="31.900847"><ele>229.423761</ele><time>2026-03-14T17:41:02Z</time><extensions><speed>2.891337</speed><course>185.481078</course><hAcc>1.780056</hAcc><vAcc>0.756735</vAcc></extensions></trkpt>
      <trkpt lon="34.992186" lat="31.900820"><ele>229.212054</ele><time>2026-03-14T17:41:03Z</time><extensions><speed>3.106015</speed><course>180.606488</course><hAcc>1.782162</hAcc><vAcc>0.756735</vAcc></extensions></trkpt>
      <trkpt lon="34.992186" lat="31.900792"><ele>228.991926</ele><time>2026-03-14T17:41:04Z</time><extensions><speed>3.275598</speed><course>180.470439</course><hAcc>1.782694</hAcc><vAcc>0.756735</vAcc></extensions></trkpt>
      <trkpt lon="34.992185" lat="31.900762"><ele>228.773718</ele><time>2026-03-14T17:41:05Z</time><extensions><speed>3.481864</speed><course>182.203709</course><hAcc>1.785822</hAcc><vAcc>0.756736</vAcc></extensions></trkpt>
      <trkpt lon="34.992183" lat="31.900731"><ele>228.560398</ele><time>2026-03-14T17:41:06Z</time><extensions><speed>3.296847</speed><course>185.126256</course><hAcc>1.795817</hAcc><vAcc>0.756736</vAcc></extensions></trkpt>
      <trkpt lon="34.992180" lat="31.900703"><ele>228.347386</ele><time>2026-03-14T17:41:07Z</time><extensions><speed>3.008017</speed><course>188.314601</course><hAcc>1.809023</hAcc><vAcc>0.756736</vAcc></extensions></trkpt>
      <trkpt lon="34.992175" lat="31.900677"><ele>228.138755</ele><time>2026-03-14T17:41:08Z</time><extensions><speed>2.885091</speed><course>188.712534</course><hAcc>1.815093</hAcc><vAcc>0.756736</vAcc></extensions></trkpt>
      <trkpt lon="34.992171" lat="31.900652"><ele>227.942012</ele><time>2026-03-14T17:41:09Z</time><extensions><speed>2.874265</speed><course>187.678245</course><hAcc>1.811512</hAcc><vAcc>0.756736</vAcc></extensions></trkpt>
      <trkpt lon="34.992167" lat="31.900626"><ele>227.755239</ele><time>2026-03-14T17:41:10Z</time><extensions><speed>2.943566</speed><course>186.916859</course><hAcc>1.813389</hAcc><vAcc>0.756736</vAcc></extensions></trkpt>
      <trkpt lon="34.992163" lat="31.900600"><ele>227.558369</ele><time>2026-03-14T17:41:11Z</time><extensions><speed>2.887038</speed><course>185.555608</course><hAcc>1.811666</hAcc><vAcc>0.756736</vAcc></extensions></trkpt>
      <trkpt lon="34.992160" lat="31.900574"><ele>227.377069</ele><time>2026-03-14T17:41:12Z</time><extensions><speed>2.870868</speed><course>185.546039</course><hAcc>1.806460</hAcc><vAcc>0.756736</vAcc></extensions></trkpt>
      <trkpt lon="34.992157" lat="31.900548"><ele>227.210929</ele><time>2026-03-14T17:41:13Z</time><extensions><speed>2.905654</speed><course>185.984516</course><hAcc>1.799148</hAcc><vAcc>0.756736</vAcc></extensions></trkpt>
      <trkpt lon="34.992154" lat="31.900522"><ele>227.050779</ele><time>2026-03-14T17:41:14Z</time><extensions><speed>2.895339</speed><course>186.645775</course><hAcc>1.788169</hAcc><vAcc>0.756736</vAcc></extensions></trkpt>
      <trkpt lon="34.992150" lat="31.900497"><ele>226.891209</ele><time>2026-03-14T17:41:15Z</time><extensions><speed>2.787974</speed><course>187.455556</course><hAcc>1.781166</hAcc><vAcc>0.756736</vAcc></extensions></trkpt>
      <trkpt lon="34.992146" lat="31.900472"><ele>226.738667</ele><time>2026-03-14T17:41:16Z</time><extensions><speed>2.784016</speed><course>187.055408</course><hAcc>1.776527</hAcc><vAcc>0.756736</vAcc></extensions></trkpt>
      <trkpt lon="34.992142" lat="31.900447"><ele>226.583622</ele><time>2026-03-14T17:41:17Z</time><extensions><speed>2.859557</speed><course>186.878673</course><hAcc>1.777130</hAcc><vAcc>0.756736</vAcc></extensions></trkpt>
      <trkpt lon="34.992138" lat="31.900422"><ele>226.431002</ele><time>2026-03-14T17:41:18Z</time><extensions><speed>2.836134</speed><course>189.100401</course><hAcc>1.789799</hAcc><vAcc>0.756736</vAcc></extensions></trkpt>
      <trkpt lon="34.992133" lat="31.900396"><ele>226.279682</ele><time>2026-03-14T17:41:19Z</time><extensions><speed>2.879929</speed><course>189.840870</course><hAcc>1.804905</hAcc><vAcc>0.756736</vAcc></extensions></trkpt>
      <trkpt lon="34.992127" lat="31.900371"><ele>226.121763</ele><time>2026-03-14T17:41:20Z</time><extensions><speed>2.937973</speed><course>192.075225</course><hAcc>1.824533</hAcc><vAcc>0.756736</vAcc></extensions></trkpt>
      <trkpt lon="34.992120" lat="31.900345"><ele>225.954217</ele><time>2026-03-14T17:41:21Z</time><extensions><speed>2.985664</speed><course>195.237245</course><hAcc>1.842560</hAcc><vAcc>0.756736</vAcc></extensions></trkpt>
      <trkpt lon="34.992111" lat="31.900319"><ele>225.780388</ele><time>2026-03-14T17:41:22Z</time><extensions><speed>3.054500</speed><course>197.807032</course><hAcc>1.855318</hAcc><vAcc>0.756736</vAcc></extensions></trkpt>
      <trkpt lon="34.992101" lat="31.900293"><ele>225.598495</ele><time>2026-03-14T17:41:23Z</time><extensions><speed>3.144829</speed><course>199.227640</course><hAcc>1.876900</hAcc><vAcc>0.756736</vAcc></extensions></trkpt>
      <trkpt lon="34.992091" lat="31.900267"><ele>225.405699</ele><time>2026-03-14T17:41:24Z</time><extensions><speed>3.001394</speed><course>197.722209</course><hAcc>1.897240</hAcc><vAcc>0.756736</vAcc></extensions></trkpt>
      <trkpt lon="34.992082" lat="31.900241"><ele>225.218638</ele><time>2026-03-14T17:41:25Z</time><extensions><speed>2.926854</speed><course>196.803452</course><hAcc>1.908141</hAcc><vAcc>0.756736</vAcc></extensions></trkpt>
      <trkpt lon="34.992074" lat="31.900216"><ele>225.034850</ele><time>2026-03-14T17:41:26Z</time><extensions><speed>2.872540</speed><course>195.362240</course><hAcc>1.910748</hAcc><vAcc>0.756736</vAcc></extensions></trkpt>
      <trkpt lon="34.992067" lat="31.900192"><ele>224.855463</ele><time>2026-03-14T17:41:27Z</time><extensions><speed>2.769057</speed><course>192.141288</course><hAcc>1.915163</hAcc><vAcc>0.756736</vAcc></extensions></trkpt>
      <trkpt lon="34.992062" lat="31.900168"><ele>224.686363</ele><time>2026-03-14T17:41:28Z</time><extensions><speed>2.753684</speed><course>190.356483</course><hAcc>1.913055</hAcc><vAcc>0.756736</vAcc></extensions></trkpt>
      <trkpt lon="34.992057" lat="31.900143"><ele>224.493262</ele><time>2026-03-14T17:41:29Z</time><extensions><speed>2.817111</speed><course>189.349887</course><hAcc>1.909588</hAcc><vAcc>0.756736</vAcc></extensions></trkpt>
      <trkpt lon="34.992053" lat="31.900118"><ele>224.294704</ele><time>2026-03-14T17:41:30Z</time><extensions><speed>2.825070</speed><course>187.173971</course><hAcc>1.907165</hAcc><vAcc>0.756736</vAcc></extensions></trkpt>
      <trkpt lon="34.992050" lat="31.900093"><ele>224.097235</ele><time>2026-03-14T17:41:31Z</time><extensions><speed>2.726214</speed><course>184.526219</course><hAcc>1.913131</hAcc><vAcc>0.756736</vAcc></extensions></trkpt>
      <trkpt lon="34.992049" lat="31.900069"><ele>223.886711</ele><time>2026-03-14T17:41:32Z</time><extensions><speed>2.828246</speed><course>180.012209</course><hAcc>1.926365</hAcc><vAcc>0.756736</vAcc></extensions></trkpt>
      <trkpt lon="34.992050" lat="31.900043"><ele>223.685481</ele><time>2026-03-14T17:41:33Z</time><extensions><speed>2.940281</speed><course>179.640819</course><hAcc>1.934641</hAcc><vAcc>0.756736</vAcc></extensions></trkpt>
      <trkpt lon="34.992049" lat="31.900016"><ele>223.498061</ele><time>2026-03-14T17:41:34Z</time><extensions><speed>3.021829</speed><course>181.369425</course><hAcc>1.934847</hAcc><vAcc>0.756736</vAcc></extensions></trkpt>
      <trkpt lon="34.992048" lat="31.899989"><ele>223.321900</ele><time>2026-03-14T17:41:35Z</time><extensions><speed>3.053618</speed><course>184.106012</course><hAcc>1.931969</hAcc><vAcc>0.756736</vAcc></extensions></trkpt>
      <trkpt lon="34.992045" lat="31.899962"><ele>223.111945</ele><time>2026-03-14T17:41:36Z</time><extensions><speed>2.918987</speed><course>186.873628</course><hAcc>1.931435</hAcc><vAcc>0.756736</vAcc></extensions></trkpt>
      <trkpt lon="34.992041" lat="31.899937"><ele>222.901925</ele><time>2026-03-14T17:41:37Z</time><extensions><speed>2.832164</speed><course>187.721375</course><hAcc>1.926472</hAcc><vAcc>0.756736</vAcc></extensions></trkpt>
      <trkpt lon="34.992037" lat="31.899912"><ele>222.713830</ele><time>2026-03-14T17:41:38Z</time><extensions><speed>2.839366</speed><course>187.672583</course><hAcc>1.915507</hAcc><vAcc>0.756736</vAcc></extensions></trkpt>
      <trkpt lon="34.992033" lat="31.899886"><ele>222.520304</ele><time>2026-03-14T17:41:39Z</time><extensions><speed>2.803598</speed><course>188.107677</course><hAcc>1.906927</hAcc><vAcc>0.756736</vAcc></extensions></trkpt>
      <trkpt lon="34.992029" lat="31.899862"><ele>222.323036</ele><time>2026-03-14T17:41:40Z</time><extensions><speed>2.723417</speed><course>187.646225</course><hAcc>1.900397</hAcc><vAcc>0.756736</vAcc></extensions></trkpt>
      <trkpt lon="34.992025" lat="31.899838"><ele>222.116401</ele><time>2026-03-14T17:41:41Z</time><extensions><speed>2.671048</speed><course>189.213266</course><hAcc>1.894882</hAcc><vAcc>0.756736</vAcc></extensions></trkpt>
      <trkpt lon="34.992020" lat="31.899815"><ele>221.919642</ele><time>2026-03-14T17:41:42Z</time><extensions><speed>2.531325</speed><course>191.238544</course><hAcc>1.887848</hAcc><vAcc>0.756736</vAcc></extensions></trkpt>
      <trkpt lon="34.992015" lat="31.899792"><ele>221.717477</ele><time>2026-03-14T17:41:43Z</time><extensions><speed>2.714587</speed><course>191.681828</course><hAcc>1.880514</hAcc><vAcc>0.756736</vAcc></extensions></trkpt>
      <trkpt lon="34.992008" lat="31.899767"><ele>221.516128</ele><time>2026-03-14T17:41:44Z</time><extensions><speed>2.870503</speed><course>192.464736</course><hAcc>1.877120</hAcc><vAcc>0.756737</vAcc></extensions></trkpt>
      <trkpt lon="34.992002" lat="31.899741"><ele>221.316342</ele><time>2026-03-14T17:41:45Z</time><extensions><speed>2.954871</speed><course>191.822902</course><hAcc>1.873509</hAcc><vAcc>0.757038</vAcc></extensions></trkpt>
      <trkpt lon="34.991996" lat="31.899715"><ele>221.118622</ele><time>2026-03-14T17:41:46Z</time><extensions><speed>3.000248</speed><course>191.086222</course><hAcc>1.874180</hAcc><vAcc>0.757442</vAcc></extensions></trkpt>
      <trkpt lon="34.991989" lat="31.899688"><ele>220.919747</ele><time>2026-03-14T17:41:47Z</time><extensions><speed>3.061428</speed><course>191.980615</course><hAcc>1.874741</hAcc><vAcc>0.758132</vAcc></extensions></trkpt>
      <trkpt lon="34.991982" lat="31.899661"><ele>220.724416</ele><time>2026-03-14T17:41:48Z</time><extensions><speed>3.072150</speed><course>192.051991</course><hAcc>1.874572</hAcc><vAcc>0.758640</vAcc></extensions></trkpt>
      <trkpt lon="34.991976" lat="31.899635"><ele>220.527596</ele><time>2026-03-14T17:41:49Z</time><extensions><speed>2.989722</speed><course>192.469247</course><hAcc>1.880218</hAcc><vAcc>0.759228</vAcc></extensions></trkpt>
      <trkpt lon="34.991968" lat="31.899608"><ele>220.322813</ele><time>2026-03-14T17:41:50Z</time><extensions><speed>3.018238</speed><course>194.086115</course><hAcc>1.881155</hAcc><vAcc>0.759887</vAcc></extensions></trkpt>
      <trkpt lon="34.991960" lat="31.899582"><ele>220.110807</ele><time>2026-03-14T17:41:51Z</time><extensions><speed>3.048562</speed><course>195.918495</course><hAcc>1.878010</hAcc><vAcc>0.760598</vAcc></extensions></trkpt>
      <trkpt lon="34.991951" lat="31.899556"><ele>219.893333</ele><time>2026-03-14T17:41:52Z</time><extensions><speed>3.063744</speed><course>197.740307</course><hAcc>1.870742</hAcc><vAcc>0.761329</vAcc></extensions></trkpt>
      <trkpt lon="34.991941" lat="31.899530"><ele>219.663391</ele><time>2026-03-14T17:41:53Z</time><extensions><speed>3.009421</speed><course>199.395047</course><hAcc>1.867539</hAcc><vAcc>0.762028</vAcc></extensions></trkpt>
      <trkpt lon="34.991930" lat="31.899505"><ele>219.433974</ele><time>2026-03-14T17:41:54Z</time><extensions><speed>2.991808</speed><course>201.358233</course><hAcc>1.866925</hAcc><vAcc>0.762624</vAcc></extensions></trkpt>
      <trkpt lon="34.991919" lat="31.899480"><ele>219.202598</ele><time>2026-03-14T17:41:55Z</time><extensions><speed>2.941963</speed><course>200.419218</course><hAcc>1.867640</hAcc><vAcc>0.763025</vAcc></extensions></trkpt>
      <trkpt lon="34.991908" lat="31.899455"><ele>218.980137</ele><time>2026-03-14T17:41:56Z</time><extensions><speed>2.960250</speed><course>200.545450</course><hAcc>1.866058</hAcc><vAcc>0.763148</vAcc></extensions></trkpt>
      <trkpt lon="34.991897" lat="31.899430"><ele>218.722320</ele><time>2026-03-14T17:41:57Z</time><extensions><speed>2.977142</speed><course>200.090352</course><hAcc>1.860439</hAcc><vAcc>0.762954</vAcc></extensions></trkpt>
      <trkpt lon="34.991887" lat="31.899405"><ele>218.465693</ele><time>2026-03-14T17:41:58Z</time><extensions><speed>2.942361</speed><course>198.949743</course><hAcc>1.854843</hAcc><vAcc>0.762479</vAcc></extensions></trkpt>
      <trkpt lon="34.991877" lat="31.899379"><ele>218.206629</ele><time>2026-03-14T17:41:59Z</time><extensions><speed>2.935884</speed><course>198.509403</course><hAcc>1.852247</hAcc><vAcc>0.761815</vAcc></extensions></trkpt>
      <trkpt lon="34.991867" lat="31.899354"><ele>217.938972</ele><time>2026-03-14T17:42:00Z</time><extensions><speed>2.910266</speed><course>198.574260</course><hAcc>1.853327</hAcc><vAcc>0.761063</vAcc></extensions></trkpt>
      <trkpt lon="34.991858" lat="31.899330"><ele>217.663734</ele><time>2026-03-14T17:42:01Z</time><extensions><speed>2.851528</speed><course>197.098423</course><hAcc>1.853502</hAcc><vAcc>0.760303</vAcc></extensions></trkpt>
      <trkpt lon="34.991850" lat="31.899305"><ele>217.377008</ele><time>2026-03-14T17:42:02Z</time><extensions><speed>2.880132</speed><course>195.846210</course><hAcc>1.849915</hAcc><vAcc>0.759589</vAcc></extensions></trkpt>
      <trkpt lon="34.991842" lat="31.899280"><ele>217.100177</ele><time>2026-03-14T17:42:03Z</time><extensions><speed>2.924096</speed><course>194.829486</course><hAcc>1.841946</hAcc><vAcc>0.758953</vAcc></extensions></trkpt>
      <trkpt lon="34.991834" lat="31.899254"><ele>216.817972</ele><time>2026-03-14T17:42:04Z</time><extensions><speed>2.961184</speed><course>193.269338</course><hAcc>1.831285</hAcc><vAcc>0.758412</vAcc></extensions></trkpt>
      <trkpt lon="34.991827" lat="31.899228"><ele>216.526592</ele><time>2026-03-14T17:42:05Z</time><extensions><speed>2.983469</speed><course>193.544201</course><hAcc>1.826172</hAcc><vAcc>0.757971</vAcc></extensions></trkpt>
      <trkpt lon="34.991820" lat="31.899202"><ele>216.228184</ele><time>2026-03-14T17:42:06Z</time><extensions><speed>2.967558</speed><course>194.284322</course><hAcc>1.823196</hAcc><vAcc>0.757624</vAcc></extensions></trkpt>
      <trkpt lon="34.991812" lat="31.899177"><ele>215.924443</ele><time>2026-03-14T17:42:07Z</time><extensions><speed>2.910662</speed><course>192.599017</course><hAcc>1.824143</hAcc><vAcc>0.757362</vAcc></extensions></trkpt>
      <trkpt lon="34.991806" lat="31.899151"><ele>215.630955</ele><time>2026-03-14T17:42:08Z</time><extensions><speed>2.970171</speed><course>191.023241</course><hAcc>1.827487</hAcc><vAcc>0.757172</vAcc></extensions></trkpt>
      <trkpt lon="34.991800" lat="31.899125"><ele>215.336048</ele><time>2026-03-14T17:42:09Z</time><extensions><speed>2.942494</speed><course>190.097057</course><hAcc>1.829599</hAcc><vAcc>0.757042</vAcc></extensions></trkpt>
      <trkpt lon="34.991795" lat="31.899099"><ele>215.044545</ele><time>2026-03-14T17:42:10Z</time><extensions><speed>2.933690</speed><course>190.682436</course><hAcc>1.837185</hAcc><vAcc>0.756961</vAcc></extensions></trkpt>
      <trkpt lon="34.991789" lat="31.899073"><ele>214.752579</ele><time>2026-03-14T17:42:12Z</time><extensions><speed>2.960247</speed><course>191.162496</course><hAcc>1.846326</hAcc><vAcc>0.756904</vAcc></extensions></trkpt>
      <trkpt lon="34.991783" lat="31.899047"><ele>214.473616</ele><time>2026-03-14T17:42:13Z</time><extensions><speed>2.898695</speed><course>190.994097</course><hAcc>1.850763</hAcc><vAcc>0.756845</vAcc></extensions></trkpt>
      <trkpt lon="34.991776" lat="31.899021"><ele>214.193932</ele><time>2026-03-14T17:42:14Z</time><extensions><speed>2.868285</speed><course>192.214100</course><hAcc>1.849822</hAcc><vAcc>0.756808</vAcc></extensions></trkpt>
      <trkpt lon="34.991770" lat="31.898996"><ele>213.919139</ele><time>2026-03-14T17:42:15Z</time><extensions><speed>2.929550</speed><course>193.167827</course><hAcc>1.851973</hAcc><vAcc>0.756786</vAcc></extensions></trkpt>
      <trkpt lon="34.991762" lat="31.898970"><ele>213.644639</ele><time>2026-03-14T17:42:16Z</time><extensions><speed>3.012848</speed><course>193.051870</course><hAcc>1.852540</hAcc><vAcc>0.756773</vAcc></extensions></trkpt>
      <trkpt lon="34.991755" lat="31.898942"><ele>213.371600</ele><time>2026-03-14T17:42:17Z</time><extensions><speed>3.177197</speed><course>190.437813</course><hAcc>1.849398</hAcc><vAcc>0.756765</vAcc></extensions></trkpt>
      <trkpt lon="34.991748" lat="31.898914"><ele>213.102220</ele><time>2026-03-14T17:42:18Z</time><extensions><speed>3.140923</speed><course>193.410177</course><hAcc>1.845237</hAcc><vAcc>0.756761</vAcc></extensions></trkpt>
      <trkpt lon="34.991739" lat="31.898887"><ele>212.844306</ele><time>2026-03-14T17:42:19Z</time><extensions><speed>3.144670</speed><course>199.470745</course><hAcc>1.840264</hAcc><vAcc>0.756758</vAcc></extensions></trkpt>
      <trkpt lon="34.991726" lat="31.898861"><ele>212.586601</ele><time>2026-03-14T17:42:20Z</time><extensions><speed>3.169882</speed><course>205.562439</course><hAcc>1.837338</hAcc><vAcc>0.756756</vAcc></extensions></trkpt>
      <trkpt lon="34.991711" lat="31.898835"><ele>212.317020</ele><time>2026-03-14T17:42:21Z</time><extensions><speed>3.252494</speed><course>207.929980</course><hAcc>1.832789</hAcc><vAcc>0.756755</vAcc></extensions></trkpt>
      <trkpt lon="34.991694" lat="31.898809"><ele>212.061135</ele><time>2026-03-14T17:42:22Z</time><extensions><speed>3.294544</speed><course>208.660147</course><hAcc>1.831675</hAcc><vAcc>0.756753</vAcc></extensions></trkpt>
      <trkpt lon="34.991678" lat="31.898783"><ele>211.794085</ele><time>2026-03-14T17:42:23Z</time><extensions><speed>3.281815</speed><course>207.779595</course><hAcc>1.835506</hAcc><vAcc>0.756751</vAcc></extensions></trkpt>
      <trkpt lon="34.991662" lat="31.898756"><ele>211.535816</ele><time>2026-03-14T17:42:24Z</time><extensions><speed>3.315026</speed><course>205.657355</course><hAcc>1.838131</hAcc><vAcc>0.756749</vAcc></extensions></trkpt>
      <trkpt lon="34.991648" lat="31.898728"><ele>211.254326</ele><time>2026-03-14T17:42:25Z</time><extensions><speed>3.431046</speed><course>200.621686</course><hAcc>1.842426</hAcc><vAcc>0.756747</vAcc></extensions></trkpt>
      <trkpt lon="34.991635" lat="31.898699"><ele>210.960487</ele><time>2026-03-14T17:42:26Z</time><extensions><speed>3.352271</speed><course>200.111851</course><hAcc>1.847917</hAcc><vAcc>0.756745</vAcc></extensions></trkpt>
      <trkpt lon="34.991623" lat="31.898672"><ele>210.647480</ele><time>2026-03-14T17:42:27Z</time><extensions><speed>3.207898</speed><course>202.345293</course><hAcc>1.851818</hAcc><vAcc>0.756743</vAcc></extensions></trkpt>
      <trkpt lon="34.991610" lat="31.898645"><ele>210.331818</ele><time>2026-03-14T17:42:28Z</time><extensions><speed>3.136218</speed><course>203.058001</course><hAcc>1.855244</hAcc><vAcc>0.756741</vAcc></extensions></trkpt>
      <trkpt lon="34.991597" lat="31.898619"><ele>209.986602</ele><time>2026-03-14T17:42:29Z</time><extensions><speed>3.102847</speed><course>203.214975</course><hAcc>1.862435</hAcc><vAcc>0.756740</vAcc></extensions></trkpt>
      <trkpt lon="34.991584" lat="31.898594"><ele>209.615662</ele><time>2026-03-14T17:42:30Z</time><extensions><speed>3.089290</speed><course>202.616733</course><hAcc>1.873980</hAcc><vAcc>0.756739</vAcc></extensions></trkpt>
      <trkpt lon="34.991572" lat="31.898568"><ele>209.229573</ele><time>2026-03-14T17:42:31Z</time><extensions><speed>3.074299</speed><course>202.472785</course><hAcc>1.882411</hAcc><vAcc>0.756738</vAcc></extensions></trkpt>
      <trkpt lon="34.991559" lat="31.898543"><ele>208.807663</ele><time>2026-03-14T17:42:32Z</time><extensions><speed>3.078943</speed><course>204.307942</course><hAcc>1.882684</hAcc><vAcc>0.756737</vAcc></extensions></trkpt>
      <trkpt lon="34.991545" lat="31.898517"><ele>208.375786</ele><time>2026-03-14T17:42:33Z</time><extensions><speed>3.143116</speed><course>205.871476</course><hAcc>1.885470</hAcc><vAcc>0.756737</vAcc></extensions></trkpt>
      <trkpt lon="34.991530" lat="31.898492"><ele>207.912394</ele><time>2026-03-14T17:42:34Z</time><extensions><speed>3.228625</speed><course>207.871228</course><hAcc>1.892639</hAcc><vAcc>0.756736</vAcc></extensions></trkpt>
      <trkpt lon="34.991514" lat="31.898466"><ele>207.430350</ele><time>2026-03-14T17:42:35Z</time><extensions><speed>3.212922</speed><course>207.148418</course><hAcc>1.897243</hAcc><vAcc>0.756736</vAcc></extensions></trkpt>
      <trkpt lon="34.991499" lat="31.898440"><ele>206.916921</ele><time>2026-03-14T17:42:36Z</time><extensions><speed>3.189891</speed><course>206.004217</course><hAcc>1.897963</hAcc><vAcc>0.756736</vAcc></extensions></trkpt>
      <trkpt lon="34.991485" lat="31.898414"><ele>206.382053</ele><time>2026-03-14T17:42:37Z</time><extensions><speed>3.208090</speed><course>203.426806</course><hAcc>1.891992</hAcc><vAcc>0.756736</vAcc></extensions></trkpt>
      <trkpt lon="34.991472" lat="31.898387"><ele>205.825080</ele><time>2026-03-14T17:42:38Z</time><extensions><speed>3.179714</speed><course>201.176155</course><hAcc>1.884561</hAcc><vAcc>0.756736</vAcc></extensions></trkpt>
      <trkpt lon="34.991461" lat="31.898360"><ele>205.250235</ele><time>2026-03-14T17:42:39Z</time><extensions><speed>3.177123</speed><course>198.031788</course><hAcc>1.876240</hAcc><vAcc>0.756736</vAcc></extensions></trkpt>
      <trkpt lon="34.991451" lat="31.898333"><ele>204.664783</ele><time>2026-03-14T17:42:40Z</time><extensions><speed>3.152180</speed><course>195.105623</course><hAcc>1.865478</hAcc><vAcc>0.756736</vAcc></extensions></trkpt>
      <trkpt lon="34.991443" lat="31.898306"><ele>204.064180</ele><time>2026-03-14T17:42:41Z</time><extensions><speed>3.010739</speed><course>192.207981</course><hAcc>1.857416</hAcc><vAcc>0.756736</vAcc></extensions></trkpt>
      <trkpt lon="34.991437" lat="31.898280"><ele>203.434974</ele><time>2026-03-14T17:42:42Z</time><extensions><speed>2.942573</speed><course>191.750209</course><hAcc>1.850968</hAcc><vAcc>0.756736</vAcc></extensions></trkpt>
      <trkpt lon="34.991430" lat="31.898254"><ele>202.787945</ele><time>2026-03-14T17:42:43Z</time><extensions><speed>2.956284</speed><course>193.099205</course><hAcc>1.842561</hAcc><vAcc>0.756736</vAcc></extensions></trkpt>
      <trkpt lon="34.991423" lat="31.898228"><ele>202.133341</ele><time>2026-03-14T17:42:44Z</time><extensions><speed>2.997228</speed><course>192.779922</course><hAcc>1.841449</hAcc><vAcc>0.756736</vAcc></extensions></trkpt>
      <trkpt lon="34.991417" lat="31.898202"><ele>201.453864</ele><time>2026-03-14T17:42:45Z</time><extensions><speed>3.058035</speed><course>191.872495</course><hAcc>1.839325</hAcc><vAcc>0.756736</vAcc></extensions></trkpt>
      <trkpt lon="34.991410" lat="31.898175"><ele>200.767425</ele><time>2026-03-14T17:42:46Z</time><extensions><speed>3.021799</speed><course>193.730402</course><hAcc>1.840517</hAcc><vAcc>0.756736</vAcc></extensions></trkpt>
      <trkpt lon="34.991401" lat="31.898149"><ele>200.073779</ele><time>2026-03-14T17:42:47Z</time><extensions><speed>2.988109</speed><course>198.832407</course><hAcc>1.841908</hAcc><vAcc>0.756736</vAcc></extensions></trkpt>
      <trkpt lon="34.991390" lat="31.898124"><ele>199.361913</ele><time>2026-03-14T17:42:48Z</time><extensions><speed>2.978232</speed><course>202.706976</course><hAcc>1.849942</hAcc><vAcc>0.756736</vAcc></extensions></trkpt>
      <trkpt lon="34.991377" lat="31.898100"><ele>198.641018</ele><time>2026-03-14T17:42:49Z</time><extensions><speed>3.032412</speed><course>204.897278</course><hAcc>1.856110</hAcc><vAcc>0.756736</vAcc></extensions></trkpt>
      <trkpt lon="34.991364" lat="31.898075"><ele>197.905598</ele><time>2026-03-14T17:42:50Z</time><extensions><speed>2.940338</speed><course>204.035495</course><hAcc>1.858607</hAcc><vAcc>0.756736</vAcc></extensions></trkpt>
      <trkpt lon="34.991351" lat="31.898052"><ele>197.167840</ele><time>2026-03-14T17:42:51Z</time><extensions><speed>2.859880</speed><course>204.939064</course><hAcc>1.858518</hAcc><vAcc>0.756736</vAcc></extensions></trkpt>
      <trkpt lon="34.991339" lat="31.898029"><ele>196.409626</ele><time>2026-03-14T17:42:52Z</time><extensions><speed>2.813697</speed><course>204.522796</course><hAcc>1.856497</hAcc><vAcc>0.756736</vAcc></extensions></trkpt>
      <trkpt lon="34.991327" lat="31.898006"><ele>195.646121</ele><time>2026-03-14T17:42:53Z</time><extensions><speed>2.798423</speed><course>203.916292</course><hAcc>1.851280</hAcc><vAcc>0.756736</vAcc></extensions></trkpt>
      <trkpt lon="34.991315" lat="31.897983"><ele>194.883205</ele><time>2026-03-14T17:42:54Z</time><extensions><speed>2.761748</speed><course>203.226355</course><hAcc>1.849382</hAcc><vAcc>0.756736</vAcc></extensions></trkpt>
      <trkpt lon="34.991304" lat="31.897960"><ele>194.123570</ele><time>2026-03-14T17:42:55Z</time><extensions><speed>2.771295</speed><course>202.202595</course><hAcc>1.850198</hAcc><vAcc>0.756736</vAcc></extensions></trkpt>
      <trkpt lon="34.991293" lat="31.897937"><ele>193.354287</ele><time>2026-03-14T17:42:55Z</time><extensions><speed>2.777506</speed><course>201.192819</course><hAcc>1.854992</hAcc><vAcc>0.756736</vAcc></extensions></trkpt>
      <trkpt lon="34.991283" lat="31.897914"><ele>192.593301</ele><time>2026-03-14T17:42:56Z</time><extensions><speed>2.714188</speed><course>199.387496</course><hAcc>1.858842</hAcc><vAcc>0.756736</vAcc></extensions></trkpt>
      <trkpt lon="34.991274" lat="31.897891"><ele>191.854365</ele><time>2026-03-14T17:42:57Z</time><extensions><speed>2.679244</speed><course>200.031899</course><hAcc>1.863484</hAcc><vAcc>0.756736</vAcc></extensions></trkpt>
      <trkpt lon="34.991264" lat="31.897869"><ele>191.126272</ele><time>2026-03-14T17:42:58Z</time><extensions><speed>2.682806</speed><course>200.054325</course><hAcc>1.871964</hAcc><vAcc>0.756736</vAcc></extensions></trkpt>
      <trkpt lon="34.991254" lat="31.897846"><ele>190.428099</ele><time>2026-03-14T17:42:59Z</time><extensions><speed>2.749337</speed><course>199.859780</course><hAcc>1.881286</hAcc><vAcc>0.756736</vAcc></extensions></trkpt>
      <trkpt lon="34.991244" lat="31.897823"><ele>189.756343</ele><time>2026-03-14T17:43:00Z</time><extensions><speed>2.738241</speed><course>201.812187</course><hAcc>1.895302</hAcc><vAcc>0.756736</vAcc></extensions></trkpt>
      <trkpt lon="34.991233" lat="31.897800"><ele>189.117177</ele><time>2026-03-14T17:43:01Z</time><extensions><speed>2.797416</speed><course>202.273309</course><hAcc>1.912271</hAcc><vAcc>0.756736</vAcc></extensions></trkpt>
      <trkpt lon="34.991222" lat="31.897776"><ele>188.508705</ele><time>2026-03-14T17:43:02Z</time><extensions><speed>2.909297</speed><course>201.878160</course><hAcc>1.922288</hAcc><vAcc>0.756736</vAcc></extensions></trkpt>
      <trkpt lon="34.991211" lat="31.897752"><ele>187.936364</ele><time>2026-03-14T17:43:03Z</time><extensions><speed>2.935507</speed><course>202.412995</course><hAcc>1.930692</hAcc><vAcc>0.756736</vAcc></extensions></trkpt>
      <trkpt lon="34.991199" lat="31.897728"><ele>187.402160</ele><time>2026-03-14T17:43:04Z</time><extensions><speed>2.944457</speed><course>203.174015</course><hAcc>1.935172</hAcc><vAcc>0.756736</vAcc></extensions></trkpt>
      <trkpt lon="34.991187" lat="31.897704"><ele>186.909113</ele><time>2026-03-14T17:43:05Z</time><extensions><speed>2.943103</speed><course>203.081277</course><hAcc>1.938709</hAcc><vAcc>0.756736</vAcc></extensions></trkpt>
      <trkpt lon="34.991175" lat="31.897680"><ele>186.462798</ele><time>2026-03-14T17:43:06Z</time><extensions><speed>2.905765</speed><course>202.480429</course><hAcc>1.941604</hAcc><vAcc>0.756736</vAcc></extensions></trkpt>
      <trkpt lon="34.991164" lat="31.897656"><ele>186.074290</ele><time>2026-03-14T17:43:07Z</time><extensions><speed>2.891038</speed><course>201.501392</course><hAcc>1.938855</hAcc><vAcc>0.756736</vAcc></extensions></trkpt>
      <trkpt lon="34.991153" lat="31.897632"><ele>185.741522</ele><time>2026-03-14T17:43:08Z</time><extensions><speed>2.872052</speed><course>201.816915</course><hAcc>1.938173</hAcc><vAcc>0.756736</vAcc></extensions></trkpt>
      <trkpt lon="34.991141" lat="31.897609"><ele>185.470317</ele><time>2026-03-14T17:43:09Z</time><extensions><speed>2.783012</speed><course>204.958090</course><hAcc>1.939843</hAcc><vAcc>0.756736</vAcc></extensions></trkpt>
      <trkpt lon="34.991128" lat="31.897586"><ele>185.250683</ele><time>2026-03-14T17:43:10Z</time><extensions><speed>2.781684</speed><course>205.963930</course><hAcc>1.939044</hAcc><vAcc>0.756736</vAcc></extensions></trkpt>
      <trkpt lon="34.991116" lat="31.897564"><ele>185.105888</ele><time>2026-03-14T17:43:11Z</time><extensions><speed>2.772956</speed><course>204.764489</course><hAcc>1.937372</hAcc><vAcc>0.756736</vAcc></extensions></trkpt>
      <trkpt lon="34.991105" lat="31.897541"><ele>185.023181</ele><time>2026-03-14T17:43:12Z</time><extensions><speed>2.735347</speed><course>200.562881</course><hAcc>1.942653</hAcc><vAcc>0.756736</vAcc></extensions></trkpt>
      <trkpt lon="34.991095" lat="31.897518"><ele>185.011794</ele><time>2026-03-14T17:43:13Z</time><extensions><speed>2.698487</speed><course>197.982353</course><hAcc>1.955167</hAcc><vAcc>0.756736</vAcc></extensions></trkpt>
      <trkpt lon="34.991087" lat="31.897495"><ele>185.075807</ele><time>2026-03-14T17:43:14Z</time><extensions><speed>2.729801</speed><course>198.091632</course><hAcc>1.964361</hAcc><vAcc>0.756736</vAcc></extensions></trkpt>
      <trkpt lon="34.991077" lat="31.897472"><ele>185.228281</ele><time>2026-03-14T17:43:15Z</time><extensions><speed>2.765897</speed><course>201.727780</course><hAcc>1.971423</hAcc><vAcc>0.756736</vAcc></extensions></trkpt>
      <trkpt lon="34.991065" lat="31.897448"><ele>185.446412</ele><time>2026-03-14T17:43:16Z</time><extensions><speed>2.873596</speed><course>204.693763</course><hAcc>1.979708</hAcc><vAcc>0.756736</vAcc></extensions></trkpt>
      <trkpt lon="34.991052" lat="31.897425"><ele>185.756422</ele><time>2026-03-14T17:43:17Z</time><extensions><speed>2.886908</speed><course>208.945117</course><hAcc>1.990377</hAcc><vAcc>0.756736</vAcc></extensions></trkpt>
      <trkpt lon="34.991036" lat="31.897402"><ele>186.142841</ele><time>2026-03-14T17:43:18Z</time><extensions><speed>3.001074</speed><course>210.355441</course><hAcc>2.001812</hAcc><vAcc>0.756736</vAcc></extensions></trkpt>
      <trkpt lon="34.991019" lat="31.897379"><ele>186.606327</ele><time>2026-03-14T17:43:19Z</time><extensions><speed>3.107187</speed><course>210.917861</course><hAcc>2.012204</hAcc><vAcc>0.756736</vAcc></extensions></trkpt>
      <trkpt lon="34.991002" lat="31.897354"><ele>187.150212</ele><time>2026-03-14T17:43:20Z</time><extensions><speed>3.198057</speed><course>210.023159</course><hAcc>2.019865</hAcc><vAcc>0.756736</vAcc></extensions></trkpt>
      <trkpt lon="34.990986" lat="31.897329"><ele>187.773451</ele><time>2026-03-14T17:43:21Z</time><extensions><speed>3.161559</speed><course>208.250236</course><hAcc>2.029373</hAcc><vAcc>0.756736</vAcc></extensions></trkpt>
      <trkpt lon="34.990971" lat="31.897304"><ele>188.449626</ele><time>2026-03-14T17:43:22Z</time><extensions><speed>3.117642</speed><course>205.486728</course><hAcc>2.032089</hAcc><vAcc>0.756736</vAcc></extensions></trkpt>
      <trkpt lon="34.990957" lat="31.897279"><ele>189.187327</ele><time>2026-03-14T17:43:23Z</time><extensions><speed>3.096448</speed><course>203.119692</course><hAcc>2.037358</hAcc><vAcc>0.756736</vAcc></extensions></trkpt>
      <trkpt lon="34.990945" lat="31.897254"><ele>189.975155</ele><time>2026-03-14T17:43:24Z</time><extensions><speed>3.040547</speed><course>199.426888</course><hAcc>2.042241</hAcc><vAcc>0.756736</vAcc></extensions></trkpt>
      <trkpt lon="34.990936" lat="31.897228"><ele>190.819245</ele><time>2026-03-14T17:43:25Z</time><extensions><speed>2.954588</speed><course>195.394496</course><hAcc>2.041882</hAcc><vAcc>0.756736</vAcc></extensions></trkpt>
      <trkpt lon="34.990928" lat="31.897203"><ele>191.687520</ele><time>2026-03-14T17:43:26Z</time><extensions><speed>2.882521</speed><course>192.940991</course><hAcc>2.037606</hAcc><vAcc>0.756736</vAcc></extensions></trkpt>
      <trkpt lon="34.990921" lat="31.897178"><ele>192.579712</ele><time>2026-03-14T17:43:27Z</time><extensions><speed>2.811492</speed><course>193.511057</course><hAcc>2.029852</hAcc><vAcc>0.756736</vAcc></extensions></trkpt>
      <trkpt lon="34.990913" lat="31.897153"><ele>193.493569</ele><time>2026-03-14T17:43:28Z</time><extensions><speed>2.893628</speed><course>196.872259</course><hAcc>2.024776</hAcc><vAcc>0.756736</vAcc></extensions></trkpt>
      <trkpt lon="34.990903" lat="31.897128"><ele>194.417246</ele><time>2026-03-14T17:43:29Z</time><extensions><speed>3.040300</speed><course>200.949797</course><hAcc>2.025142</hAcc><vAcc>0.756736</vAcc></extensions></trkpt>
      <trkpt lon="34.990890" lat="31.897103"><ele>195.347119</ele><time>2026-03-14T17:43:30Z</time><extensions><speed>3.093491</speed><course>204.750912</course><hAcc>2.025816</hAcc><vAcc>0.756736</vAcc></extensions></trkpt>
      <trkpt lon="34.990876" lat="31.897077"><ele>196.245242</ele><time>2026-03-14T17:43:31Z</time><extensions><speed>3.164655</speed><course>206.060408</course><hAcc>2.024818</hAcc><vAcc>0.756736</vAcc></extensions></trkpt>
      <trkpt lon="34.990861" lat="31.897052"><ele>197.139482</ele><time>2026-03-14T17:43:32Z</time><extensions><speed>3.119585</speed><course>205.507504</course><hAcc>2.023242</hAcc><vAcc>0.756736</vAcc></extensions></trkpt>
      <trkpt lon="34.990848" lat="31.897026"><ele>198.013870</ele><time>2026-03-14T17:43:33Z</time><extensions><speed>3.083564</speed><course>202.830525</course><hAcc>2.024382</hAcc><vAcc>0.756736</vAcc></extensions></trkpt>
      <trkpt lon="34.990836" lat="31.897001"><ele>198.842100</ele><time>2026-03-14T17:43:34Z</time><extensions><speed>3.021132</speed><course>200.343438</course><hAcc>2.022152</hAcc><vAcc>0.756736</vAcc></extensions></trkpt>
      <trkpt lon="34.990825" lat="31.896975"><ele>199.617303</ele><time>2026-03-14T17:43:35Z</time><extensions><speed>2.959417</speed><course>201.257296</course><hAcc>2.014345</hAcc><vAcc>0.756736</vAcc></extensions></trkpt>
      <trkpt lon="34.990813" lat="31.896951"><ele>200.357999</ele><time>2026-03-14T17:43:36Z</time><extensions><speed>2.978559</speed><course>204.867166</course><hAcc>2.004983</hAcc><vAcc>0.756736</vAcc></extensions></trkpt>
      <trkpt lon="34.990798" lat="31.896926"><ele>201.041323</ele><time>2026-03-14T17:43:37Z</time><extensions><speed>3.070930</speed><course>208.109309</course><hAcc>1.999754</hAcc><vAcc>0.756736</vAcc></extensions></trkpt>
      <trkpt lon="34.990782" lat="31.896902"><ele>201.663865</ele><time>2026-03-14T17:43:38Z</time><extensions><speed>3.094463</speed><course>210.581862</course><hAcc>1.995970</hAcc><vAcc>0.756736</vAcc></extensions></trkpt>
      <trkpt lon="34.990765" lat="31.896879"><ele>202.259201</ele><time>2026-03-14T17:43:39Z</time><extensions><speed>3.112966</speed><course>212.057966</course><hAcc>1.997810</hAcc><vAcc>0.756736</vAcc></extensions></trkpt>
      <trkpt lon="34.990748" lat="31.896855"><ele>202.786836</ele><time>2026-03-14T17:43:40Z</time><extensions><speed>3.159591</speed><course>211.593727</course><hAcc>1.995867</hAcc><vAcc>0.756736</vAcc></extensions></trkpt>
      <trkpt lon="34.990730" lat="31.896830"><ele>203.278646</ele><time>2026-03-14T17:43:41Z</time><extensions><speed>3.261047</speed><course>209.872319</course><hAcc>1.995704</hAcc><vAcc>0.756736</vAcc></extensions></trkpt>
      <trkpt lon="34.990714" lat="31.896804"><ele>203.723788</ele><time>2026-03-14T17:43:42Z</time><extensions><speed>3.206838</speed><course>207.368031</course><hAcc>2.001214</hAcc><vAcc>0.756736</vAcc></extensions></trkpt>
      <trkpt lon="34.990698" lat="31.896779"><ele>204.119671</ele><time>2026-03-14T17:43:43Z</time><extensions><speed>3.127862</speed><course>204.859231</course><hAcc>2.015554</hAcc><vAcc>0.756736</vAcc></extensions></trkpt>
      <trkpt lon="34.990685" lat="31.896753"><ele>204.480444</ele><time>2026-03-14T17:43:44Z</time><extensions><speed>3.140942</speed><course>200.694554</course><hAcc>2.026590</hAcc><vAcc>0.756736</vAcc></extensions></trkpt>
      <trkpt lon="34.990674" lat="31.896726"><ele>204.802865</ele><time>2026-03-14T17:43:45Z</time><extensions><speed>3.158707</speed><course>198.924664</course><hAcc>2.035532</hAcc><vAcc>0.756736</vAcc></extensions></trkpt>
      <trkpt lon="34.990663" lat="31.896699"><ele>205.087438</ele><time>2026-03-14T17:43:46Z</time><extensions><speed>3.143884</speed><course>198.834507</course><hAcc>2.046540</hAcc><vAcc>0.756736</vAcc></extensions></trkpt>
      <trkpt lon="34.990652" lat="31.896673"><ele>205.358578</ele><time>2026-03-14T17:43:47Z</time><extensions><speed>3.110397</speed><course>200.323752</course><hAcc>2.059244</hAcc><vAcc>0.756736</vAcc></extensions></trkpt>
      <trkpt lon="34.990640" lat="31.896647"><ele>205.597171</ele><time>2026-03-14T17:43:48Z</time><extensions><speed>3.076672</speed><course>203.162186</course><hAcc>2.070091</hAcc><vAcc>0.756736</vAcc></extensions></trkpt>
      <trkpt lon="34.990627" lat="31.896622"><ele>205.809890</ele><time>2026-03-14T17:43:49Z</time><extensions><speed>3.030183</speed><course>207.085046</course><hAcc>2.075164</hAcc><vAcc>0.756736</vAcc></extensions></trkpt>
      <trkpt lon="34.990612" lat="31.896598"><ele>206.000910</ele><time>2026-03-14T17:43:50Z</time><extensions><speed>3.106748</speed><course>209.986382</course><hAcc>2.067152</hAcc><vAcc>0.756736</vAcc></extensions></trkpt>
      <trkpt lon="34.990595" lat="31.896574"><ele>206.165353</ele><time>2026-03-14T17:43:51Z</time><extensions><speed>3.194126</speed><course>211.808757</course><hAcc>2.055394</hAcc><vAcc>0.756736</vAcc></extensions></trkpt>
      <trkpt lon="34.990578" lat="31.896550"><ele>206.319941</ele><time>2026-03-14T17:43:52Z</time><extensions><speed>3.228916</speed><course>212.363633</course><hAcc>2.047241</hAcc><vAcc>0.756736</vAcc></extensions></trkpt>
      <trkpt lon="34.990560" lat="31.896526"><ele>206.454097</ele><time>2026-03-14T17:43:53Z</time><extensions><speed>3.149896</speed><course>211.608324</course><hAcc>2.037544</hAcc><vAcc>0.756736</vAcc></extensions></trkpt>
      <trkpt lon="34.990544" lat="31.896502"><ele>206.588216</ele><time>2026-03-14T17:43:54Z</time><extensions><speed>3.076111</speed><course>209.652209</course><hAcc>2.029660</hAcc><vAcc>0.756736</vAcc></extensions></trkpt>
      <trkpt lon="34.990529" lat="31.896479"><ele>206.706896</ele><time>2026-03-14T17:43:55Z</time><extensions><speed>2.963276</speed><course>207.970942</course><hAcc>2.018772</hAcc><vAcc>0.756736</vAcc></extensions></trkpt>
      <trkpt lon="34.990515" lat="31.896456"><ele>206.814881</ele><time>2026-03-14T17:43:56Z</time><extensions><speed>2.895100</speed><course>206.393210</course><hAcc>2.008837</hAcc><vAcc>0.756736</vAcc></extensions></trkpt>
      <trkpt lon="34.990502" lat="31.896433"><ele>206.912931</ele><time>2026-03-14T17:43:57Z</time><extensions><speed>2.795144</speed><course>205.407150</course><hAcc>2.008811</hAcc><vAcc>0.756736</vAcc></extensions></trkpt>
      <trkpt lon="34.990490" lat="31.896411"><ele>207.004890</ele><time>2026-03-14T17:43:58Z</time><extensions><speed>2.744564</speed><course>202.262014</course><hAcc>2.013863</hAcc><vAcc>0.756736</vAcc></extensions></trkpt>
      <trkpt lon="34.990479" lat="31.896388"><ele>207.074993</ele><time>2026-03-14T17:43:59Z</time><extensions><speed>2.762860</speed><course>200.650600</course><hAcc>2.016796</hAcc><vAcc>0.756736</vAcc></extensions></trkpt>
      <trkpt lon="34.990469" lat="31.896365"><ele>207.157699</ele><time>2026-03-14T17:44:00Z</time><extensions><speed>2.765062</speed><course>200.770121</course><hAcc>2.015975</hAcc><vAcc>0.756736</vAcc></extensions></trkpt>
      <trkpt lon="34.990458" lat="31.896342"><ele>207.200653</ele><time>2026-03-14T17:44:01Z</time><extensions><speed>2.757381</speed><course>201.497583</course><hAcc>2.019036</hAcc><vAcc>0.756736</vAcc></extensions></trkpt>
      <trkpt lon="34.990448" lat="31.896319"><ele>207.220137</ele><time>2026-03-14T17:44:02Z</time><extensions><speed>2.773729</speed><course>201.450256</course><hAcc>2.021004</hAcc><vAcc>0.756736</vAcc></extensions></trkpt>
      <trkpt lon="34.990437" lat="31.896296"><ele>207.250873</ele><time>2026-03-14T17:44:03Z</time><extensions><speed>2.804808</speed><course>201.778490</course><hAcc>2.026818</hAcc><vAcc>0.756736</vAcc></extensions></trkpt>
      <trkpt lon="34.990425" lat="31.896273"><ele>207.262342</ele><time>2026-03-14T17:44:04Z</time><extensions><speed>2.772984</speed><course>204.608687</course><hAcc>2.044147</hAcc><vAcc>0.756736</vAcc></extensions></trkpt>
      <trkpt lon="34.990413" lat="31.896250"><ele>207.245448</ele><time>2026-03-14T17:44:05Z</time><extensions><speed>2.787743</speed><course>204.658745</course><hAcc>2.062601</hAcc><vAcc>0.756736</vAcc></extensions></trkpt>
      <trkpt lon="34.990401" lat="31.896228"><ele>207.213984</ele><time>2026-03-14T17:44:06Z</time><extensions><speed>2.805152</speed><course>205.695786</course><hAcc>2.082178</hAcc><vAcc>0.756736</vAcc></extensions></trkpt>
      <trkpt lon="34.990387" lat="31.896205"><ele>207.170486</ele><time>2026-03-14T17:44:07Z</time><extensions><speed>2.864389</speed><course>208.745230</course><hAcc>2.099172</hAcc><vAcc>0.756739</vAcc></extensions></trkpt>
      <trkpt lon="34.990371" lat="31.896183"><ele>207.122537</ele><time>2026-03-14T17:44:08Z</time><extensions><speed>2.995810</speed><course>211.857969</course><hAcc>2.112184</hAcc><vAcc>0.756743</vAcc></extensions></trkpt>
      <trkpt lon="34.990354" lat="31.896159"><ele>207.060409</ele><time>2026-03-14T17:44:09Z</time><extensions><speed>3.112737</speed><course>212.063141</course><hAcc>2.123788</hAcc><vAcc>0.756747</vAcc></extensions></trkpt>
      <trkpt lon="34.990338" lat="31.896134"><ele>206.991245</ele><time>2026-03-14T17:44:10Z</time><extensions><speed>3.338073</speed><course>207.108001</course><hAcc>2.132537</hAcc><vAcc>0.756752</vAcc></extensions></trkpt>
      <trkpt lon="34.990323" lat="31.896108"><ele>206.909799</ele><time>2026-03-14T17:44:11Z</time><extensions><speed>3.278952</speed><course>203.426103</course><hAcc>2.131662</hAcc><vAcc>0.756758</vAcc></extensions></trkpt>
      <trkpt lon="34.990309" lat="31.896082"><ele>206.825881</ele><time>2026-03-14T17:44:12Z</time><extensions><speed>3.101713</speed><course>205.045103</course><hAcc>2.128045</hAcc><vAcc>0.756764</vAcc></extensions></trkpt>
      <trkpt lon="34.990295" lat="31.896058"><ele>206.738379</ele><time>2026-03-14T17:44:13Z</time><extensions><speed>2.999703</speed><course>208.089117</course><hAcc>2.121124</hAcc><vAcc>0.756773</vAcc></extensions></trkpt>
      <trkpt lon="34.990280" lat="31.896035"><ele>206.649276</ele><time>2026-03-14T17:44:14Z</time><extensions><speed>2.933635</speed><course>210.945260</course><hAcc>2.115402</hAcc><vAcc>0.756783</vAcc></extensions></trkpt>
      <trkpt lon="34.990264" lat="31.896012"><ele>206.567531</ele><time>2026-03-14T17:44:15Z</time><extensions><speed>2.958514</speed><course>209.140663</course><hAcc>2.117184</hAcc><vAcc>0.756796</vAcc></extensions></trkpt>
      <trkpt lon="34.990249" lat="31.895989"><ele>206.466906</ele><time>2026-03-14T17:44:16Z</time><extensions><speed>2.946844</speed><course>207.165135</course><hAcc>2.117239</hAcc><vAcc>0.756814</vAcc></extensions></trkpt>
      <trkpt lon="34.990235" lat="31.895966"><ele>206.379475</ele><time>2026-03-14T17:44:18Z</time><extensions><speed>2.902872</speed><course>206.418301</course><hAcc>2.112609</hAcc><vAcc>0.756821</vAcc></extensions></trkpt>
      <trkpt lon="34.990222" lat="31.895943"><ele>206.293378</ele><time>2026-03-14T17:44:19Z</time><extensions><speed>2.777873</speed><course>206.349333</course><hAcc>2.109588</hAcc><vAcc>0.756803</vAcc></extensions></trkpt>
      <trkpt lon="34.990209" lat="31.895921"><ele>206.198140</ele><time>2026-03-14T17:44:20Z</time><extensions><speed>2.719564</speed><course>206.707016</course><hAcc>2.113996</hAcc><vAcc>0.756790</vAcc></extensions></trkpt>
      <trkpt lon="34.990196" lat="31.895899"><ele>206.112533</ele><time>2026-03-14T17:44:21Z</time><extensions><speed>2.643430</speed><course>205.086625</course><hAcc>2.121726</hAcc><vAcc>0.756780</vAcc></extensions></trkpt>
      <trkpt lon="34.990185" lat="31.895879"><ele>206.031762</ele><time>2026-03-14T17:44:22Z</time><extensions><speed>2.411662</speed><course>203.845142</course><hAcc>2.130964</hAcc><vAcc>0.756772</vAcc></extensions></trkpt>
      <trkpt lon="34.990174" lat="31.895858"><ele>205.948809</ele><time>2026-03-14T17:44:23Z</time><extensions><speed>2.522956</speed><course>206.029011</course><hAcc>2.137926</hAcc><vAcc>0.756766</vAcc></extensions></trkpt>
      <trkpt lon="34.990161" lat="31.895838"><ele>205.859281</ele><time>2026-03-14T17:44:24Z</time><extensions><speed>2.668955</speed><course>211.587479</course><hAcc>2.147911</hAcc><vAcc>0.756761</vAcc></extensions></trkpt>
      <trkpt lon="34.990145" lat="31.895817"><ele>205.776848</ele><time>2026-03-14T17:44:25Z</time><extensions><speed>2.810503</speed><course>215.654828</course><hAcc>2.160476</hAcc><vAcc>0.756757</vAcc></extensions></trkpt>
      <trkpt lon="34.990128" lat="31.895796"><ele>205.686162</ele><time>2026-03-14T17:44:26Z</time><extensions><speed>2.884481</speed><course>219.000910</course><hAcc>2.170885</hAcc><vAcc>0.756754</vAcc></extensions></trkpt>
      <trkpt lon="34.990109" lat="31.895776"><ele>205.595674</ele><time>2026-03-14T17:44:27Z</time><extensions><speed>2.929937</speed><course>220.306927</course><hAcc>2.176772</hAcc><vAcc>0.756751</vAcc></extensions></trkpt>
      <trkpt lon="34.990090" lat="31.895756"><ele>205.509906</ele><time>2026-03-14T17:44:28Z</time><extensions><speed>2.995180</speed><course>220.093515</course><hAcc>2.179453</hAcc><vAcc>0.756748</vAcc></extensions></trkpt>
      <trkpt lon="34.990070" lat="31.895735"><ele>205.431402</ele><time>2026-03-14T17:44:29Z</time><extensions><speed>3.066980</speed><course>218.722983</course><hAcc>2.186744</hAcc><vAcc>0.757407</vAcc></extensions></trkpt>
      <trkpt lon="34.990052" lat="31.895714"><ele>205.361446</ele><time>2026-03-14T17:44:30Z</time><extensions><speed>3.048991</speed><course>216.836607</course><hAcc>2.203674</hAcc><vAcc>0.758691</vAcc></extensions></trkpt>
      <trkpt lon="34.990034" lat="31.895692"><ele>205.301368</ele><time>2026-03-14T17:44:31Z</time><extensions><speed>2.994929</speed><course>215.948834</course><hAcc>2.226578</hAcc><vAcc>0.760758</vAcc></extensions></trkpt>
      <trkpt lon="34.990018" lat="31.895671"><ele>205.243047</ele><time>2026-03-14T17:44:32Z</time><extensions><speed>2.959413</speed><course>212.374857</course><hAcc>2.254267</hAcc><vAcc>0.763713</vAcc></extensions></trkpt>
      <trkpt lon="34.990004" lat="31.895648"><ele>205.188839</ele><time>2026-03-14T17:44:33Z</time><extensions><speed>2.962066</speed><course>204.643983</course><hAcc>2.279243</hAcc><vAcc>0.767934</vAcc></extensions></trkpt>
      <trkpt lon="34.989994" lat="31.895624"><ele>205.139575</ele><time>2026-03-14T17:44:34Z</time><extensions><speed>2.951542</speed><course>198.374427</course><hAcc>2.301161</hAcc><vAcc>0.773659</vAcc></extensions></trkpt>
      <trkpt lon="34.989987" lat="31.895599"><ele>205.092058</ele><time>2026-03-14T17:44:35Z</time><extensions><speed>2.888659</speed><course>193.563576</course><hAcc>2.322264</hAcc><vAcc>0.781439</vAcc></extensions></trkpt>
      <trkpt lon="34.989982" lat="31.895575"><ele>205.044487</ele><time>2026-03-14T17:44:36Z</time><extensions><speed>2.756012</speed><course>189.045206</course><hAcc>2.335335</hAcc><vAcc>0.791688</vAcc></extensions></trkpt>
      <trkpt lon="34.989979" lat="31.895551"><ele>205.003085</ele><time>2026-03-14T17:44:37Z</time><extensions><speed>2.651825</speed><course>187.530611</course><hAcc>2.343411</hAcc><vAcc>0.804285</vAcc></extensions></trkpt>
      <trkpt lon="34.989974" lat="31.895528"><ele>204.961877</ele><time>2026-03-14T17:44:38Z</time><extensions><speed>2.766494</speed><course>193.558381</course><hAcc>2.340701</hAcc><vAcc>0.819183</vAcc></extensions></trkpt>
      <trkpt lon="34.989967" lat="31.895505"><ele>204.919990</ele><time>2026-03-14T17:44:39Z</time><extensions><speed>2.699088</speed><course>202.344296</course><hAcc>2.329057</hAcc><vAcc>0.836284</vAcc></extensions></trkpt>
      <trkpt lon="34.989957" lat="31.895483"><ele>204.870478</ele><time>2026-03-14T17:44:40Z</time><extensions><speed>2.796940</speed><course>202.945046</course><hAcc>2.317186</hAcc><vAcc>0.855216</vAcc></extensions></trkpt>
      <trkpt lon="34.989946" lat="31.895461"><ele>204.829733</ele><time>2026-03-14T17:44:41Z</time><extensions><speed>2.702752</speed><course>202.670440</course><hAcc>2.300169</hAcc><vAcc>0.874116</vAcc></extensions></trkpt>
      <trkpt lon="34.989936" lat="31.895439"><ele>204.782899</ele><time>2026-03-14T17:44:42Z</time><extensions><speed>2.675228</speed><course>201.746003</course><hAcc>2.281344</hAcc><vAcc>0.893115</vAcc></extensions></trkpt>
      <trkpt lon="34.989927" lat="31.895417"><ele>204.728463</ele><time>2026-03-14T17:44:43Z</time><extensions><speed>2.620830</speed><course>197.819257</course><hAcc>2.261467</hAcc><vAcc>0.911789</vAcc></extensions></trkpt>
      <trkpt lon="34.989920" lat="31.895395"><ele>204.706145</ele><time>2026-03-14T17:44:44Z</time><extensions><speed>2.674933</speed><course>195.199597</course><hAcc>2.240446</hAcc><vAcc>0.928910</vAcc></extensions></trkpt>
      <trkpt lon="34.989913" lat="31.895372"><ele>204.689856</ele><time>2026-03-14T17:44:45Z</time><extensions><speed>2.689648</speed><course>195.314158</course><hAcc>2.217848</hAcc><vAcc>0.944185</vAcc></extensions></trkpt>
      <trkpt lon="34.989906" lat="31.895350"><ele>204.665401</ele><time>2026-03-14T17:44:46Z</time><extensions><speed>2.516699</speed><course>196.352357</course><hAcc>2.199478</hAcc><vAcc>0.957780</vAcc></extensions></trkpt>
      <trkpt lon="34.989899" lat="31.895329"><ele>204.617040</ele><time>2026-03-14T17:44:47Z</time><extensions><speed>2.505146</speed><course>198.095803</course><hAcc>2.182963</hAcc><vAcc>0.969829</vAcc></extensions></trkpt>
      <trkpt lon="34.989891" lat="31.895308"><ele>204.591670</ele><time>2026-03-14T17:44:48Z</time><extensions><speed>2.443926</speed><course>198.295104</course><hAcc>2.161802</hAcc><vAcc>0.980327</vAcc></extensions></trkpt>
      <trkpt lon="34.989882" lat="31.895288"><ele>204.564126</ele><time>2026-03-14T17:44:49Z</time><extensions><speed>2.398300</speed><course>204.448124</course><hAcc>2.141537</hAcc><vAcc>0.989111</vAcc></extensions></trkpt>
      <trkpt lon="34.989872" lat="31.895269"><ele>204.556560</ele><time>2026-03-14T17:44:50Z</time><extensions><speed>2.385748</speed><course>204.654795</course><hAcc>2.123359</hAcc><vAcc>0.996500</vAcc></extensions></trkpt>
      <trkpt lon="34.989862" lat="31.895249"><ele>204.527569</ele><time>2026-03-14T17:44:51Z</time><extensions><speed>2.349304</speed><course>202.263356</course><hAcc>2.102910</hAcc><vAcc>1.002144</vAcc></extensions></trkpt>
      <trkpt lon="34.989852" lat="31.895230"><ele>204.521789</ele><time>2026-03-14T17:44:52Z</time><extensions><speed>2.469819</speed><course>205.511671</course><hAcc>2.082603</hAcc><vAcc>1.006456</vAcc></extensions></trkpt>
      <trkpt lon="34.989840" lat="31.895210"><ele>204.517742</ele><time>2026-03-14T17:44:53Z</time><extensions><speed>2.573844</speed><course>209.096505</course><hAcc>2.064885</hAcc><vAcc>1.009678</vAcc></extensions></trkpt>
      <trkpt lon="34.989827" lat="31.895190"><ele>204.511469</ele><time>2026-03-14T17:44:54Z</time><extensions><speed>2.645568</speed><course>209.454131</course><hAcc>2.052262</hAcc><vAcc>1.011239</vAcc></extensions></trkpt>
      <trkpt lon="34.989815" lat="31.895169"><ele>204.511138</ele><time>2026-03-14T17:44:55Z</time><extensions><speed>2.553419</speed><course>205.020649</course><hAcc>2.041745</hAcc><vAcc>1.012358</vAcc></extensions></trkpt>
      <trkpt lon="34.989803" lat="31.895149"><ele>204.502786</ele><time>2026-03-14T17:44:56Z</time><extensions><speed>2.456932</speed><course>206.833381</course><hAcc>2.029968</hAcc><vAcc>1.013027</vAcc></extensions></trkpt>
      <trkpt lon="34.989791" lat="31.895130"><ele>204.493604</ele><time>2026-03-14T17:44:57Z</time><extensions><speed>2.410399</speed><course>211.945949</course><hAcc>2.019638</hAcc><vAcc>1.013215</vAcc></extensions></trkpt>
      <trkpt lon="34.989777" lat="31.895112"><ele>204.503257</ele><time>2026-03-14T17:44:58Z</time><extensions><speed>2.433366</speed><course>217.747170</course><hAcc>2.008890</hAcc><vAcc>1.012906</vAcc></extensions></trkpt>
      <trkpt lon="34.989760" lat="31.895095"><ele>204.536901</ele><time>2026-03-14T17:44:58Z</time><extensions><speed>2.495052</speed><course>222.547845</course><hAcc>1.999429</hAcc><vAcc>1.011866</vAcc></extensions></trkpt>
      <trkpt lon="34.989742" lat="31.895079"><ele>204.590688</ele><time>2026-03-14T17:44:59Z</time><extensions><speed>2.496034</speed><course>223.521361</course><hAcc>1.985601</hAcc><vAcc>1.009620</vAcc></extensions></trkpt>
      <trkpt lon="34.989724" lat="31.895062"><ele>204.624757</ele><time>2026-03-14T17:45:00Z</time><extensions><speed>2.568169</speed><course>222.722731</course><hAcc>1.971158</hAcc><vAcc>1.006711</vAcc></extensions></trkpt>
      <trkpt lon="34.989706" lat="31.895045"><ele>204.661327</ele><time>2026-03-14T17:45:01Z</time><extensions><speed>2.642194</speed><course>220.507200</course><hAcc>1.956233</hAcc><vAcc>1.003426</vAcc></extensions></trkpt>
      <trkpt lon="34.989689" lat="31.895026"><ele>204.667468</ele><time>2026-03-14T17:45:02Z</time><extensions><speed>2.663816</speed><course>218.337453</course><hAcc>1.938603</hAcc><vAcc>0.999878</vAcc></extensions></trkpt>
      <trkpt lon="34.989672" lat="31.895008"><ele>204.683291</ele><time>2026-03-14T17:45:03Z</time><extensions><speed>2.680071</speed><course>215.748968</course><hAcc>1.923758</hAcc><vAcc>0.995958</vAcc></extensions></trkpt>
      <trkpt lon="34.989657" lat="31.894989"><ele>204.698553</ele><time>2026-03-14T17:45:04Z</time><extensions><speed>2.688936</speed><course>212.728570</course><hAcc>1.910225</hAcc><vAcc>0.992943</vAcc></extensions></trkpt>
      <trkpt lon="34.989643" lat="31.894969"><ele>204.723494</ele><time>2026-03-14T17:45:05Z</time><extensions><speed>2.734606</speed><course>210.245635</course><hAcc>1.897090</hAcc><vAcc>0.990476</vAcc></extensions></trkpt>
      <trkpt lon="34.989629" lat="31.894948"><ele>204.759700</ele><time>2026-03-14T17:45:06Z</time><extensions><speed>2.706162</speed><course>206.018606</course><hAcc>1.882542</hAcc><vAcc>0.987599</vAcc></extensions></trkpt>
      <trkpt lon="34.989618" lat="31.894927"><ele>204.777431</ele><time>2026-03-14T17:45:07Z</time><extensions><speed>2.689004</speed><course>201.804869</course><hAcc>1.870750</hAcc><vAcc>0.983368</vAcc></extensions></trkpt>
      <trkpt lon="34.989608" lat="31.894905"><ele>204.797365</ele><time>2026-03-14T17:45:08Z</time><extensions><speed>2.538574</speed><course>198.067415</course><hAcc>1.858907</hAcc><vAcc>0.979678</vAcc></extensions></trkpt>
      <trkpt lon="34.989602" lat="31.894885"><ele>204.815193</ele><time>2026-03-14T17:45:09Z</time><extensions><speed>2.292760</speed><course>189.177482</course><hAcc>1.848583</hAcc><vAcc>0.975994</vAcc></extensions></trkpt>
      <trkpt lon="34.989602" lat="31.894865"><ele>204.834116</ele><time>2026-03-14T17:45:10Z</time><extensions><speed>2.203024</speed><course>175.824152</course><hAcc>1.839559</hAcc><vAcc>0.973554</vAcc></extensions></trkpt>
      <trkpt lon="34.989606" lat="31.894846"><ele>204.834666</ele><time>2026-03-14T17:45:11Z</time><extensions><speed>2.109986</speed><course>159.989586</course><hAcc>1.834670</hAcc><vAcc>0.971823</vAcc></extensions></trkpt>
      <trkpt lon="34.989618" lat="31.894831"><ele>204.849401</ele><time>2026-03-14T17:45:12Z</time><extensions><speed>1.962007</speed><course>137.274943</course><hAcc>1.837852</hAcc><vAcc>0.970779</vAcc></extensions></trkpt>
      <trkpt lon="34.989635" lat="31.894824"><ele>204.866337</ele><time>2026-03-14T17:45:13Z</time><extensions><speed>1.872927</speed><course>95.148081</course><hAcc>1.840794</hAcc><vAcc>0.970421</vAcc></extensions></trkpt>
      <trkpt lon="34.989653" lat="31.894830"><ele>204.889350</ele><time>2026-03-14T17:45:14Z</time><extensions><speed>2.148862</speed><course>48.177166</course><hAcc>1.838806</hAcc><vAcc>0.971154</vAcc></extensions></trkpt>
      <trkpt lon="34.989668" lat="31.894847"><ele>204.920761</ele><time>2026-03-14T17:45:15Z</time><extensions><speed>2.618534</speed><course>23.944368</course><hAcc>1.824972</hAcc><vAcc>0.972080</vAcc></extensions></trkpt>
      <trkpt lon="34.989678" lat="31.894871"><ele>204.955622</ele><time>2026-03-14T17:45:16Z</time><extensions><speed>2.894968</speed><course>15.992537</course><hAcc>1.809173</hAcc><vAcc>0.973185</vAcc></extensions></trkpt>
      <trkpt lon="34.989687" lat="31.894896"><ele>204.985140</ele><time>2026-03-14T17:45:17Z</time><extensions><speed>3.007838</speed><course>17.037318</course><hAcc>1.794919</hAcc><vAcc>0.974495</vAcc></extensions></trkpt>
      <trkpt lon="34.989697" lat="31.894922"><ele>204.999931</ele><time>2026-03-14T17:45:18Z</time><extensions><speed>3.015296</speed><course>21.312657</course><hAcc>1.786921</hAcc><vAcc>0.975895</vAcc></extensions></trkpt>
      <trkpt lon="34.989711" lat="31.894946"><ele>205.005536</ele><time>2026-03-14T17:45:19Z</time><extensions><speed>3.025235</speed><course>28.965707</course><hAcc>1.776517</hAcc><vAcc>0.977003</vAcc></extensions></trkpt>
      <trkpt lon="34.989728" lat="31.894969"><ele>205.009586</ele><time>2026-03-14T17:45:20Z</time><extensions><speed>2.963197</speed><course>34.371315</course><hAcc>1.762234</hAcc><vAcc>0.979965</vAcc></extensions></trkpt>
      <trkpt lon="34.989746" lat="31.894991"><ele>205.019360</ele><time>2026-03-14T17:45:21Z</time><extensions><speed>2.938317</speed><course>37.343863</course><hAcc>1.746540</hAcc><vAcc>0.981753</vAcc></extensions></trkpt>
      <trkpt lon="34.989765" lat="31.895012"><ele>205.023884</ele><time>2026-03-14T17:45:22Z</time><extensions><speed>2.899845</speed><course>38.234834</course><hAcc>1.733333</hAcc><vAcc>0.984461</vAcc></extensions></trkpt>
      <trkpt lon="34.989784" lat="31.895032"><ele>205.011871</ele><time>2026-03-14T17:45:23Z</time><extensions><speed>2.893675</speed><course>39.082117</course><hAcc>1.723850</hAcc><vAcc>0.986585</vAcc></extensions></trkpt>
      <trkpt lon="34.989803" lat="31.895052"><ele>205.027661</ele><time>2026-03-14T17:45:24Z</time><extensions><speed>2.841232</speed><course>40.166421</course><hAcc>1.717902</hAcc><vAcc>0.987231</vAcc></extensions></trkpt>
      <trkpt lon="34.989822" lat="31.895071"><ele>205.050688</ele><time>2026-03-14T17:45:25Z</time><extensions><speed>2.770332</speed><course>38.524653</course><hAcc>1.708985</hAcc><vAcc>0.988447</vAcc></extensions></trkpt>
      <trkpt lon="34.989840" lat="31.895091"><ele>205.079500</ele><time>2026-03-14T17:45:26Z</time><extensions><speed>2.706525</speed><course>36.834080</course><hAcc>1.697953</hAcc><vAcc>0.989509</vAcc></extensions></trkpt>
      <trkpt lon="34.989857" lat="31.895110"><ele>205.095155</ele><time>2026-03-14T17:45:27Z</time><extensions><speed>2.683397</speed><course>36.555365</course><hAcc>1.688225</hAcc><vAcc>0.989950</vAcc></extensions></trkpt>
      <trkpt lon="34.989874" lat="31.895129"><ele>205.100916</ele><time>2026-03-14T17:45:28Z</time><extensions><speed>2.657428</speed><course>37.295149</course><hAcc>1.681676</hAcc><vAcc>0.990142</vAcc></extensions></trkpt>
      <trkpt lon="34.989891" lat="31.895148"><ele>205.130541</ele><time>2026-03-14T17:45:29Z</time><extensions><speed>2.683865</speed><course>38.164406</course><hAcc>1.672907</hAcc><vAcc>0.990716</vAcc></extensions></trkpt>
      <trkpt lon="34.989908" lat="31.895167"><ele>205.159763</ele><time>2026-03-14T17:45:30Z</time><extensions><speed>2.695070</speed><course>36.678332</course><hAcc>1.664069</hAcc><vAcc>0.989854</vAcc></extensions></trkpt>
      <trkpt lon="34.989925" lat="31.895187"><ele>205.198200</ele><time>2026-03-14T17:45:31Z</time><extensions><speed>2.682913</speed><course>33.806728</course><hAcc>1.654953</hAcc><vAcc>0.989077</vAcc></extensions></trkpt>
      <trkpt lon="34.989940" lat="31.895208"><ele>205.219029</ele><time>2026-03-14T17:45:32Z</time><extensions><speed>2.704589</speed><course>31.280417</course><hAcc>1.647104</hAcc><vAcc>0.987011</vAcc></extensions></trkpt>
      <trkpt lon="34.989954" lat="31.895229"><ele>205.249111</ele><time>2026-03-14T17:45:33Z</time><extensions><speed>2.692785</speed><course>29.574028</course><hAcc>1.639620</hAcc><vAcc>0.983397</vAcc></extensions></trkpt>
      <trkpt lon="34.989968" lat="31.895250"><ele>205.276956</ele><time>2026-03-14T17:45:34Z</time><extensions><speed>2.639910</speed><course>29.193262</course><hAcc>1.634914</hAcc><vAcc>0.979638</vAcc></extensions></trkpt>
      <trkpt lon="34.989982" lat="31.895270"><ele>205.305737</ele><time>2026-03-14T17:45:35Z</time><extensions><speed>2.544495</speed><course>29.831361</course><hAcc>1.631075</hAcc><vAcc>0.975208</vAcc></extensions></trkpt>
      <trkpt lon="34.989996" lat="31.895290"><ele>205.350182</ele><time>2026-03-14T17:45:36Z</time><extensions><speed>2.600506</speed><course>31.062885</course><hAcc>1.626756</hAcc><vAcc>0.970851</vAcc></extensions></trkpt>
      <trkpt lon="34.990010" lat="31.895310"><ele>205.380591</ele><time>2026-03-14T17:45:37Z</time><extensions><speed>2.615134</speed><course>31.523088</course><hAcc>1.624728</hAcc><vAcc>0.966404</vAcc></extensions></trkpt>
      <trkpt lon="34.990025" lat="31.895330"><ele>205.425301</ele><time>2026-03-14T17:45:38Z</time><extensions><speed>2.741223</speed><course>30.309974</course><hAcc>1.622363</hAcc><vAcc>0.961917</vAcc></extensions></trkpt>
      <trkpt lon="34.990038" lat="31.895352"><ele>205.466957</ele><time>2026-03-14T17:45:39Z</time><extensions><speed>2.743734</speed><course>26.030526</course><hAcc>1.619630</hAcc><vAcc>0.956795</vAcc></extensions></trkpt>
      <trkpt lon="34.990051" lat="31.895374"><ele>205.534434</ele><time>2026-03-14T17:45:40Z</time><extensions><speed>2.756675</speed><course>24.939057</course><hAcc>1.619086</hAcc><vAcc>0.952791</vAcc></extensions></trkpt>
      <trkpt lon="34.990063" lat="31.895397"><ele>205.610642</ele><time>2026-03-14T17:45:41Z</time><extensions><speed>2.769159</speed><course>26.475159</course><hAcc>1.618357</hAcc><vAcc>0.948756</vAcc></extensions></trkpt>
      <trkpt lon="34.990077" lat="31.895419"><ele>205.698927</ele><time>2026-03-14T17:45:42Z</time><extensions><speed>2.794881</speed><course>28.338902</course><hAcc>1.613650</hAcc><vAcc>0.943203</vAcc></extensions></trkpt>
      <trkpt lon="34.990091" lat="31.895441"><ele>205.780803</ele><time>2026-03-14T17:45:43Z</time><extensions><speed>2.808915</speed><course>28.145184</course><hAcc>1.606618</hAcc><vAcc>0.936583</vAcc></extensions></trkpt>
      <trkpt lon="34.990105" lat="31.895463"><ele>205.845893</ele><time>2026-03-14T17:45:44Z</time><extensions><speed>2.842173</speed><course>29.338018</course><hAcc>1.604923</hAcc><vAcc>0.930049</vAcc></extensions></trkpt>
      <trkpt lon="34.990120" lat="31.895485"><ele>205.900860</ele><time>2026-03-14T17:45:45Z</time><extensions><speed>2.738148</speed><course>31.832604</course><hAcc>1.604131</hAcc><vAcc>0.924836</vAcc></extensions></trkpt>
      <trkpt lon="34.990135" lat="31.895506"><ele>205.965765</ele><time>2026-03-14T17:45:46Z</time><extensions><speed>2.652568</speed><course>32.234329</course><hAcc>1.607085</hAcc><vAcc>0.919252</vAcc></extensions></trkpt>
      <trkpt lon="34.990151" lat="31.895526"><ele>206.039185</ele><time>2026-03-14T17:45:47Z</time><extensions><speed>2.777517</speed><course>35.201465</course><hAcc>1.610177</hAcc><vAcc>0.912427</vAcc></extensions></trkpt>
      <trkpt lon="34.990169" lat="31.895546"><ele>206.115610</ele><time>2026-03-14T17:45:48Z</time><extensions><speed>2.853807</speed><course>38.040167</course><hAcc>1.618619</hAcc><vAcc>0.907150</vAcc></extensions></trkpt>
      <trkpt lon="34.990186" lat="31.895566"><ele>206.190926</ele><time>2026-03-14T17:45:49Z</time><extensions><speed>2.738000</speed><course>36.645721</course><hAcc>1.625799</hAcc><vAcc>0.902550</vAcc></extensions></trkpt>
      <trkpt lon="34.990203" lat="31.895586"><ele>206.268578</ele><time>2026-03-14T17:45:50Z</time><extensions><speed>2.679827</speed><course>33.568582</course><hAcc>1.636309</hAcc><vAcc>0.898387</vAcc></extensions></trkpt>
      <trkpt lon="34.990218" lat="31.895606"><ele>206.343380</ele><time>2026-03-14T17:45:51Z</time><extensions><speed>2.644835</speed><course>29.450405</course><hAcc>1.642351</hAcc><vAcc>0.893826</vAcc></extensions></trkpt>
      <trkpt lon="34.990231" lat="31.895627"><ele>206.397283</ele><time>2026-03-14T17:45:52Z</time><extensions><speed>2.750542</speed><course>27.006205</course><hAcc>1.651978</hAcc><vAcc>0.890034</vAcc></extensions></trkpt>
      <trkpt lon="34.990244" lat="31.895649"><ele>206.455778</ele><time>2026-03-14T17:45:53Z</time><extensions><speed>2.674024</speed><course>26.193863</course><hAcc>1.664858</hAcc><vAcc>0.886205</vAcc></extensions></trkpt>
      <trkpt lon="34.990256" lat="31.895670"><ele>206.506728</ele><time>2026-03-14T17:45:54Z</time><extensions><speed>2.572820</speed><course>27.357770</course><hAcc>1.689597</hAcc><vAcc>0.883173</vAcc></extensions></trkpt>
      <trkpt lon="34.990269" lat="31.895690"><ele>206.556093</ele><time>2026-03-14T17:45:55Z</time><extensions><speed>2.558620</speed><course>30.787276</course><hAcc>1.721006</hAcc><vAcc>0.879987</vAcc></extensions></trkpt>
      <trkpt lon="34.990284" lat="31.895710"><ele>206.626206</ele><time>2026-03-14T17:45:56Z</time><extensions><speed>2.559767</speed><course>31.174219</course><hAcc>1.753849</hAcc><vAcc>0.876816</vAcc></extensions></trkpt>
      <trkpt lon="34.990297" lat="31.895729"><ele>206.718066</ele><time>2026-03-14T17:45:57Z</time><extensions><speed>2.441127</speed><course>29.636626</course><hAcc>1.789919</hAcc><vAcc>0.874199</vAcc></extensions></trkpt>
      <trkpt lon="34.990309" lat="31.895748"><ele>206.804113</ele><time>2026-03-14T17:45:58Z</time><extensions><speed>2.313144</speed><course>27.759070</course><hAcc>1.834230</hAcc><vAcc>0.872671</vAcc></extensions></trkpt>
      <trkpt lon="34.990321" lat="31.895767"><ele>206.891145</ele><time>2026-03-14T17:45:59Z</time><extensions><speed>2.406301</speed><course>27.756943</course><hAcc>1.879822</hAcc><vAcc>0.872495</vAcc></extensions></trkpt>
      <trkpt lon="34.990333" lat="31.895786"><ele>206.991299</ele><time>2026-03-14T17:46:00Z</time><extensions><speed>2.482978</speed><course>26.828070</course><hAcc>1.920678</hAcc><vAcc>0.872718</vAcc></extensions></trkpt>
      <trkpt lon="34.990345" lat="31.895807"><ele>207.094638</ele><time>2026-03-14T17:46:01Z</time><extensions><speed>2.544952</speed><course>25.941661</course><hAcc>1.957374</hAcc><vAcc>0.872795</vAcc></extensions></trkpt>
      <trkpt lon="34.990357" lat="31.895827"><ele>207.196647</ele><time>2026-03-14T17:46:02Z</time><extensions><speed>2.557793</speed><course>25.843973</course><hAcc>1.991133</hAcc><vAcc>0.873021</vAcc></extensions></trkpt>
      <trkpt lon="34.990369" lat="31.895848"><ele>207.303119</ele><time>2026-03-14T17:46:03Z</time><extensions><speed>2.626298</speed><course>27.102373</course><hAcc>2.018552</hAcc><vAcc>0.873367</vAcc></extensions></trkpt>
      <trkpt lon="34.990382" lat="31.895869"><ele>207.417671</ele><time>2026-03-14T17:46:04Z</time><extensions><speed>2.727379</speed><course>31.713247</course><hAcc>2.045574</hAcc><vAcc>0.874002</vAcc></extensions></trkpt>
      <trkpt lon="34.990398" lat="31.895890"><ele>207.542803</ele><time>2026-03-14T17:46:05Z</time><extensions><speed>2.707715</speed><course>34.842563</course><hAcc>2.070218</hAcc><vAcc>0.875320</vAcc></extensions></trkpt>
      <trkpt lon="34.990414" lat="31.895910"><ele>207.672425</ele><time>2026-03-14T17:46:06Z</time><extensions><speed>2.718586</speed><course>36.152706</course><hAcc>2.088053</hAcc><vAcc>0.877758</vAcc></extensions></trkpt>
      <trkpt lon="34.990430" lat="31.895929"><ele>207.816727</ele><time>2026-03-14T17:46:07Z</time><extensions><speed>2.659399</speed><course>37.297044</course><hAcc>2.110455</hAcc><vAcc>0.880789</vAcc></extensions></trkpt>
      <trkpt lon="34.990446" lat="31.895948"><ele>207.970188</ele><time>2026-03-14T17:46:08Z</time><extensions><speed>2.468764</speed><course>37.207866</course><hAcc>2.137792</hAcc><vAcc>0.884912</vAcc></extensions></trkpt>
      <trkpt lon="34.990461" lat="31.895966"><ele>208.119746</ele><time>2026-03-14T17:46:09Z</time><extensions><speed>2.607879</speed><course>33.660710</course><hAcc>2.161442</hAcc><vAcc>0.889669</vAcc></extensions></trkpt>
      <trkpt lon="34.990475" lat="31.895986"><ele>208.248308</ele><time>2026-03-14T17:46:10Z</time><extensions><speed>2.585511</speed><course>30.526602</course><hAcc>2.168236</hAcc><vAcc>0.894149</vAcc></extensions></trkpt>
      <trkpt lon="34.990487" lat="31.896005"><ele>208.368100</ele><time>2026-03-14T17:46:11Z</time><extensions><speed>2.381312</speed><course>29.194637</course><hAcc>2.163395</hAcc><vAcc>0.898427</vAcc></extensions></trkpt>
      <trkpt lon="34.990498" lat="31.896024"><ele>208.476802</ele><time>2026-03-14T17:46:12Z</time><extensions><speed>2.467114</speed><course>24.478888</course><hAcc>2.151185</hAcc><vAcc>0.903146</vAcc></extensions></trkpt>
      <trkpt lon="34.990508" lat="31.896045"><ele>208.580853</ele><time>2026-03-14T17:46:13Z</time><extensions><speed>2.638582</speed><course>21.767549</course><hAcc>2.137278</hAcc><vAcc>0.906853</vAcc></extensions></trkpt>
      <trkpt lon="34.990518" lat="31.896067"><ele>208.697376</ele><time>2026-03-14T17:46:14Z</time><extensions><speed>2.687674</speed><course>20.469838</course><hAcc>2.123828</hAcc><vAcc>0.910628</vAcc></extensions></trkpt>
      <trkpt lon="34.990527" lat="31.896090"><ele>208.797524</ele><time>2026-03-14T17:46:15Z</time><extensions><speed>2.601441</speed><course>19.852800</course><hAcc>2.107305</hAcc><vAcc>0.914036</vAcc></extensions></trkpt>
      <trkpt lon="34.990536" lat="31.896111"><ele>208.884860</ele><time>2026-03-14T17:46:16Z</time><extensions><speed>2.514448</speed><course>20.281567</course><hAcc>2.086487</hAcc><vAcc>0.916924</vAcc></extensions></trkpt>
      <trkpt lon="34.990545" lat="31.896133"><ele>208.964103</ele><time>2026-03-14T17:46:17Z</time><extensions><speed>2.627293</speed><course>19.257079</course><hAcc>2.064538</hAcc><vAcc>0.919568</vAcc></extensions></trkpt>
      <trkpt lon="34.990553" lat="31.896155"><ele>209.019824</ele><time>2026-03-14T17:46:18Z</time><extensions><speed>2.638904</speed><course>15.374003</course><hAcc>2.040470</hAcc><vAcc>0.921805</vAcc></extensions></trkpt>
      <trkpt lon="34.990560" lat="31.896178"><ele>209.068552</ele><time>2026-03-14T17:46:19Z</time><extensions><speed>2.553858</speed><course>13.606541</course><hAcc>2.015288</hAcc><vAcc>0.923649</vAcc></extensions></trkpt>
      <trkpt lon="34.990566" lat="31.896200"><ele>209.093309</ele><time>2026-03-14T17:46:20Z</time><extensions><speed>2.493811</speed><course>13.843806</course><hAcc>1.990321</hAcc><vAcc>0.925428</vAcc></extensions></trkpt>
      <trkpt lon="34.990572" lat="31.896222"><ele>209.115399</ele><time>2026-03-14T17:46:21Z</time><extensions><speed>2.525388</speed><course>14.218582</course><hAcc>1.966638</hAcc><vAcc>0.926908</vAcc></extensions></trkpt>
      <trkpt lon="34.990579" lat="31.896244"><ele>209.123551</ele><time>2026-03-14T17:46:22Z</time><extensions><speed>2.581095</speed><course>14.897884</course><hAcc>1.946417</hAcc><vAcc>0.928573</vAcc></extensions></trkpt>
      <trkpt lon="34.990586" lat="31.896266"><ele>209.126564</ele><time>2026-03-14T17:46:24Z</time><extensions><speed>2.573711</speed><course>17.030336</course><hAcc>1.928169</hAcc><vAcc>0.929967</vAcc></extensions></trkpt>
      <trkpt lon="34.990594" lat="31.896288"><ele>209.127122</ele><time>2026-03-14T17:46:25Z</time><extensions><speed>2.525975</speed><course>17.283039</course><hAcc>1.913618</hAcc><vAcc>0.931006</vAcc></extensions></trkpt>
      <trkpt lon="34.990602" lat="31.896310"><ele>209.106617</ele><time>2026-03-14T17:46:26Z</time><extensions><speed>2.603783</speed><course>17.072499</course><hAcc>1.900244</hAcc><vAcc>0.932301</vAcc></extensions></trkpt>
      <trkpt lon="34.990610" lat="31.896332"><ele>209.081586</ele><time>2026-03-14T17:46:27Z</time><extensions><speed>2.621666</speed><course>18.187389</course><hAcc>1.887638</hAcc><vAcc>0.932900</vAcc></extensions></trkpt>
      <trkpt lon="34.990619" lat="31.896354"><ele>209.049156</ele><time>2026-03-14T17:46:28Z</time><extensions><speed>2.641537</speed><course>22.274179</course><hAcc>1.878763</hAcc><vAcc>0.932731</vAcc></extensions></trkpt>
      <trkpt lon="34.990630" lat="31.896376"><ele>209.003796</ele><time>2026-03-14T17:46:29Z</time><extensions><speed>2.679014</speed><course>24.795862</course><hAcc>1.868857</hAcc><vAcc>0.931531</vAcc></extensions></trkpt>
      <trkpt lon="34.990642" lat="31.896399"><ele>208.937382</ele><time>2026-03-14T17:46:30Z</time><extensions><speed>2.772362</speed><course>24.095101</course><hAcc>1.857113</hAcc><vAcc>0.929502</vAcc></extensions></trkpt>
      <trkpt lon="34.990654" lat="31.896422"><ele>208.859037</ele><time>2026-03-14T17:46:31Z</time><extensions><speed>2.860422</speed><course>24.922492</course><hAcc>1.846572</hAcc><vAcc>0.927102</vAcc></extensions></trkpt>
      <trkpt lon="34.990667" lat="31.896445"><ele>208.790731</ele><time>2026-03-14T17:46:32Z</time><extensions><speed>2.802559</speed><course>23.906222</course><hAcc>1.837529</hAcc><vAcc>0.923101</vAcc></extensions></trkpt>
      <trkpt lon="34.990678" lat="31.896468"><ele>208.698069</ele><time>2026-03-14T17:46:33Z</time><extensions><speed>2.745826</speed><course>21.683251</course><hAcc>1.830995</hAcc><vAcc>0.917425</vAcc></extensions></trkpt>
      <trkpt lon="34.990688" lat="31.896491"><ele>208.607708</ele><time>2026-03-14T17:46:34Z</time><extensions><speed>2.705462</speed><course>19.489513</course><hAcc>1.825571</hAcc><vAcc>0.911016</vAcc></extensions></trkpt>
      <trkpt lon="34.990696" lat="31.896514"><ele>208.482929</ele><time>2026-03-14T17:46:35Z</time><extensions><speed>2.653214</speed><course>17.073718</course><hAcc>1.820042</hAcc><vAcc>0.903082</vAcc></extensions></trkpt>
      <trkpt lon="34.990705" lat="31.896536"><ele>208.350194</ele><time>2026-03-14T17:46:36Z</time><extensions><speed>2.630402</speed><course>18.331028</course><hAcc>1.811313</hAcc><vAcc>0.894093</vAcc></extensions></trkpt>
      <trkpt lon="34.990713" lat="31.896559"><ele>208.226064</ele><time>2026-03-14T17:46:37Z</time><extensions><speed>2.671277</speed><course>16.357009</course><hAcc>1.802983</hAcc><vAcc>0.884229</vAcc></extensions></trkpt>
      <trkpt lon="34.990721" lat="31.896582"><ele>208.087605</ele><time>2026-03-14T17:46:38Z</time><extensions><speed>2.683643</speed><course>15.352296</course><hAcc>1.791084</hAcc><vAcc>0.873579</vAcc></extensions></trkpt>
      <trkpt lon="34.990728" lat="31.896605"><ele>207.951978</ele><time>2026-03-14T17:46:39Z</time><extensions><speed>2.713061</speed><course>17.029565</course><hAcc>1.782057</hAcc><vAcc>0.862302</vAcc></extensions></trkpt>
      <trkpt lon="34.990737" lat="31.896629"><ele>207.811565</ele><time>2026-03-14T17:46:40Z</time><extensions><speed>2.779267</speed><course>18.250780</course><hAcc>1.771640</hAcc><vAcc>0.850609</vAcc></extensions></trkpt>
      <trkpt lon="34.990747" lat="31.896653"><ele>207.664415</ele><time>2026-03-14T17:46:41Z</time><extensions><speed>2.786288</speed><course>19.199689</course><hAcc>1.760037</hAcc><vAcc>0.838742</vAcc></extensions></trkpt>
      <trkpt lon="34.990756" lat="31.896676"><ele>207.520265</ele><time>2026-03-14T17:46:42Z</time><extensions><speed>2.776344</speed><course>19.034428</course><hAcc>1.746932</hAcc><vAcc>0.826980</vAcc></extensions></trkpt>
      <trkpt lon="34.990765" lat="31.896700"><ele>207.376571</ele><time>2026-03-14T17:46:43Z</time><extensions><speed>2.761931</speed><course>16.876052</course><hAcc>1.734402</hAcc><vAcc>0.815636</vAcc></extensions></trkpt>
      <trkpt lon="34.990772" lat="31.896723"><ele>207.228558</ele><time>2026-03-14T17:46:44Z</time><extensions><speed>2.640215</speed><course>13.295756</course><hAcc>1.724294</hAcc><vAcc>0.805024</vAcc></extensions></trkpt>
      <trkpt lon="34.990779" lat="31.896746"><ele>207.082637</ele><time>2026-03-14T17:46:45Z</time><extensions><speed>2.548294</speed><course>14.472943</course><hAcc>1.713481</hAcc><vAcc>0.795405</vAcc></extensions></trkpt>
      <trkpt lon="34.990786" lat="31.896768"><ele>206.925018</ele><time>2026-03-14T17:46:46Z</time><extensions><speed>2.570809</speed><course>15.598149</course><hAcc>1.700128</hAcc><vAcc>0.786971</vAcc></extensions></trkpt>
      <trkpt lon="34.990793" lat="31.896790"><ele>206.772581</ele><time>2026-03-14T17:46:47Z</time><extensions><speed>2.578625</speed><course>16.338656</course><hAcc>1.688036</hAcc><vAcc>0.779819</vAcc></extensions></trkpt>
      <trkpt lon="34.990801" lat="31.896813"><ele>206.612193</ele><time>2026-03-14T17:46:48Z</time><extensions><speed>2.596801</speed><course>16.968207</course><hAcc>1.680655</hAcc><vAcc>0.773944</vAcc></extensions></trkpt>
      <trkpt lon="34.990809" lat="31.896835"><ele>206.452204</ele><time>2026-03-14T17:46:49Z</time><extensions><speed>2.580184</speed><course>18.468175</course><hAcc>1.672344</hAcc><vAcc>0.769259</vAcc></extensions></trkpt>
      <trkpt lon="34.990818" lat="31.896857"><ele>206.266075</ele><time>2026-03-14T17:46:50Z</time><extensions><speed>2.643708</speed><course>18.598523</course><hAcc>1.661691</hAcc><vAcc>0.765629</vAcc></extensions></trkpt>
      <trkpt lon="34.990827" lat="31.896880"><ele>206.075388</ele><time>2026-03-14T17:46:51Z</time><extensions><speed>2.686585</speed><course>19.160651</course><hAcc>1.654934</hAcc><vAcc>0.762926</vAcc></extensions></trkpt>
      <trkpt lon="34.990836" lat="31.896903"><ele>205.859372</ele><time>2026-03-14T17:46:52Z</time><extensions><speed>2.720694</speed><course>19.813292</course><hAcc>1.646959</hAcc><vAcc>0.761081</vAcc></extensions></trkpt>
      <trkpt lon="34.990846" lat="31.896925"><ele>205.634094</ele><time>2026-03-14T17:46:53Z</time><extensions><speed>2.684264</speed><course>21.111225</course><hAcc>1.638039</hAcc><vAcc>0.760064</vAcc></extensions></trkpt>
      <trkpt lon="34.990856" lat="31.896948"><ele>205.389713</ele><time>2026-03-14T17:46:54Z</time><extensions><speed>2.613558</speed><course>18.700276</course><hAcc>1.630714</hAcc><vAcc>0.759894</vAcc></extensions></trkpt>
      <trkpt lon="34.990864" lat="31.896970"><ele>205.121449</ele><time>2026-03-14T17:46:55Z</time><extensions><speed>2.554311</speed><course>15.314469</course><hAcc>1.628600</hAcc><vAcc>0.760173</vAcc></extensions></trkpt>
      <trkpt lon="34.990871" lat="31.896992"><ele>204.821913</ele><time>2026-03-14T17:46:56Z</time><extensions><speed>2.560346</speed><course>15.947259</course><hAcc>1.634773</hAcc><vAcc>0.761004</vAcc></extensions></trkpt>
      <trkpt lon="34.990878" lat="31.897014"><ele>204.496133</ele><time>2026-03-14T17:46:57Z</time><extensions><speed>2.549987</speed><course>16.251062</course><hAcc>1.643772</hAcc><vAcc>0.762435</vAcc></extensions></trkpt>
      <trkpt lon="34.990886" lat="31.897036"><ele>204.132653</ele><time>2026-03-14T17:46:58Z</time><extensions><speed>2.515455</speed><course>17.776632</course><hAcc>1.650302</hAcc><vAcc>0.764472</vAcc></extensions></trkpt>
      <trkpt lon="34.990894" lat="31.897057"><ele>203.734259</ele><time>2026-03-14T17:46:59Z</time><extensions><speed>2.471559</speed><course>17.816211</course><hAcc>1.657196</hAcc><vAcc>0.766896</vAcc></extensions></trkpt>
      <trkpt lon="34.990902" lat="31.897078"><ele>203.288478</ele><time>2026-03-14T17:47:00Z</time><extensions><speed>2.478855</speed><course>17.947190</course><hAcc>1.663961</hAcc><vAcc>0.769393</vAcc></extensions></trkpt>
      <trkpt lon="34.990910" lat="31.897100"><ele>202.812857</ele><time>2026-03-14T17:47:01Z</time><extensions><speed>2.590219</speed><course>18.192837</course><hAcc>1.672699</hAcc><vAcc>0.772220</vAcc></extensions></trkpt>
      <trkpt lon="34.990919" lat="31.897122"><ele>202.286890</ele><time>2026-03-14T17:47:02Z</time><extensions><speed>2.607942</speed><course>21.175237</course><hAcc>1.676806</hAcc><vAcc>0.774994</vAcc></extensions></trkpt>
      <trkpt lon="34.990929" lat="31.897144"><ele>201.713695</ele><time>2026-03-14T17:47:03Z</time><extensions><speed>2.555961</speed><course>20.902039</course><hAcc>1.679714</hAcc><vAcc>0.777373</vAcc></extensions></trkpt>
      <trkpt lon="34.990938" lat="31.897165"><ele>201.113439</ele><time>2026-03-14T17:47:04Z</time><extensions><speed>2.505679</speed><course>21.267828</course><hAcc>1.685339</hAcc><vAcc>0.780199</vAcc></extensions></trkpt>
      <trkpt lon="34.990947" lat="31.897186"><ele>200.483507</ele><time>2026-03-14T17:47:04Z</time><extensions><speed>2.475104</speed><course>19.990179</course><hAcc>1.685869</hAcc><vAcc>0.782881</vAcc></extensions></trkpt>
      <trkpt lon="34.990956" lat="31.897207"><ele>199.817027</ele><time>2026-03-14T17:47:05Z</time><extensions><speed>2.555922</speed><course>18.958286</course><hAcc>1.687681</hAcc><vAcc>0.785351</vAcc></extensions></trkpt>
      <trkpt lon="34.990964" lat="31.897229"><ele>199.138238</ele><time>2026-03-14T17:47:06Z</time><extensions><speed>2.562349</speed><course>16.044393</course><hAcc>1.690008</hAcc><vAcc>0.787877</vAcc></extensions></trkpt>
      <trkpt lon="34.990971" lat="31.897252"><ele>198.423204</ele><time>2026-03-14T17:47:07Z</time><extensions><speed>2.578729</speed><course>12.884836</course><hAcc>1.689837</hAcc><vAcc>0.790338</vAcc></extensions></trkpt>
      <trkpt lon="34.990977" lat="31.897274"><ele>197.678665</ele><time>2026-03-14T17:47:08Z</time><extensions><speed>2.563939</speed><course>12.276956</course><hAcc>1.690560</hAcc><vAcc>0.792797</vAcc></extensions></trkpt>
      <trkpt lon="34.990983" lat="31.897297"><ele>196.919427</ele><time>2026-03-14T17:47:09Z</time><extensions><speed>2.572392</speed><course>12.443622</course><hAcc>1.692138</hAcc><vAcc>0.795374</vAcc></extensions></trkpt>
      <trkpt lon="34.990989" lat="31.897320"><ele>196.119163</ele><time>2026-03-14T17:47:10Z</time><extensions><speed>2.603023</speed><course>13.344323</course><hAcc>1.694431</hAcc><vAcc>0.797570</vAcc></extensions></trkpt>
      <trkpt lon="34.990995" lat="31.897342"><ele>195.329332</ele><time>2026-03-14T17:47:11Z</time><extensions><speed>2.588357</speed><course>12.531198</course><hAcc>1.695092</hAcc><vAcc>0.799697</vAcc></extensions></trkpt>
      <trkpt lon="34.991001" lat="31.897365"><ele>194.534673</ele><time>2026-03-14T17:47:12Z</time><extensions><speed>2.574449</speed><course>13.567565</course><hAcc>1.698789</hAcc><vAcc>0.801989</vAcc></extensions></trkpt>
      <trkpt lon="34.991008" lat="31.897387"><ele>193.763264</ele><time>2026-03-14T17:47:13Z</time><extensions><speed>2.560233</speed><course>15.127726</course><hAcc>1.704237</hAcc><vAcc>0.804566</vAcc></extensions></trkpt>
      <trkpt lon="34.991015" lat="31.897409"><ele>193.005306</ele><time>2026-03-14T17:47:14Z</time><extensions><speed>2.503240</speed><course>17.062944</course><hAcc>1.707268</hAcc><vAcc>0.806609</vAcc></extensions></trkpt>
      <trkpt lon="34.991024" lat="31.897431"><ele>192.262039</ele><time>2026-03-14T17:47:15Z</time><extensions><speed>2.604486</speed><course>18.754544</course><hAcc>1.711282</hAcc><vAcc>0.808368</vAcc></extensions></trkpt>
      <trkpt lon="34.991033" lat="31.897454"><ele>191.538283</ele><time>2026-03-14T17:47:16Z</time><extensions><speed>2.736041</speed><course>20.478194</course><hAcc>1.715825</hAcc><vAcc>0.809790</vAcc></extensions></trkpt>
      <trkpt lon="34.991044" lat="31.897477"><ele>190.845470</ele><time>2026-03-14T17:47:17Z</time><extensions><speed>2.789314</speed><course>22.591086</course><hAcc>1.718928</hAcc><vAcc>0.810667</vAcc></extensions></trkpt>
      <trkpt lon="34.991055" lat="31.897500"><ele>190.202051</ele><time>2026-03-14T17:47:18Z</time><extensions><speed>2.756338</speed><course>21.713060</course><hAcc>1.722896</hAcc><vAcc>0.810010</vAcc></extensions></trkpt>
      <trkpt lon="34.991065" lat="31.897523"><ele>189.600498</ele><time>2026-03-14T17:47:19Z</time><extensions><speed>2.760941</speed><course>19.709304</course><hAcc>1.723488</hAcc><vAcc>0.808428</vAcc></extensions></trkpt>
      <trkpt lon="34.991074" lat="31.897546"><ele>189.052797</ele><time>2026-03-14T17:47:20Z</time><extensions><speed>2.703838</speed><course>19.647725</course><hAcc>1.724968</hAcc><vAcc>0.806114</vAcc></extensions></trkpt>
      <trkpt lon="34.991084" lat="31.897569"><ele>188.533133</ele><time>2026-03-14T17:47:21Z</time><extensions><speed>2.634012</speed><course>19.994775</course><hAcc>1.725172</hAcc><vAcc>0.803248</vAcc></extensions></trkpt>
      <trkpt lon="34.991094" lat="31.897591"><ele>188.060803</ele><time>2026-03-14T17:47:22Z</time><extensions><speed>2.649225</speed><course>21.071980</course><hAcc>1.727597</hAcc><vAcc>0.800000</vAcc></extensions></trkpt>
      <trkpt lon="34.991104" lat="31.897613"><ele>187.638623</ele><time>2026-03-14T17:47:23Z</time><extensions><speed>2.694790</speed><course>21.116211</course><hAcc>1.734733</hAcc><vAcc>0.796489</vAcc></extensions></trkpt>
      <trkpt lon="34.991114" lat="31.897636"><ele>187.270972</ele><time>2026-03-14T17:47:24Z</time><extensions><speed>2.688550</speed><course>21.634919</course><hAcc>1.740873</hAcc><vAcc>0.792793</vAcc></extensions></trkpt>
      <trkpt lon="34.991124" lat="31.897658"><ele>186.968762</ele><time>2026-03-14T17:47:25Z</time><extensions><speed>2.651227</speed><course>20.358288</course><hAcc>1.751026</hAcc><vAcc>0.788967</vAcc></extensions></trkpt>
      <trkpt lon="34.991134" lat="31.897681"><ele>186.717039</ele><time>2026-03-14T17:47:26Z</time><extensions><speed>2.696599</speed><course>18.872236</course><hAcc>1.761574</hAcc><vAcc>0.785043</vAcc></extensions></trkpt>
      <trkpt lon="34.991143" lat="31.897704"><ele>186.524980</ele><time>2026-03-14T17:47:27Z</time><extensions><speed>2.692254</speed><course>19.196404</course><hAcc>1.768280</hAcc><vAcc>0.781062</vAcc></extensions></trkpt>
      <trkpt lon="34.991153" lat="31.897726"><ele>186.393989</ele><time>2026-03-14T17:47:28Z</time><extensions><speed>2.685308</speed><course>21.386780</course><hAcc>1.770095</hAcc><vAcc>0.777157</vAcc></extensions></trkpt>
      <trkpt lon="34.991164" lat="31.897748"><ele>186.321415</ele><time>2026-03-14T17:47:29Z</time><extensions><speed>2.689046</speed><course>23.400513</course><hAcc>1.772522</hAcc><vAcc>0.773462</vAcc></extensions></trkpt>
      <trkpt lon="34.991175" lat="31.897770"><ele>186.303189</ele><time>2026-03-14T17:47:30Z</time><extensions><speed>2.654433</speed><course>24.629980</course><hAcc>1.775103</hAcc><vAcc>0.770584</vAcc></extensions></trkpt>
      <trkpt lon="34.991187" lat="31.897792"><ele>186.342891</ele><time>2026-03-14T17:47:31Z</time><extensions><speed>2.684424</speed><course>25.127922</course><hAcc>1.778553</hAcc><vAcc>0.768295</vAcc></extensions></trkpt>
      <trkpt lon="34.991199" lat="31.897814"><ele>186.433096</ele><time>2026-03-14T17:47:32Z</time><extensions><speed>2.680353</speed><course>25.907071</course><hAcc>1.785601</hAcc><vAcc>0.767370</vAcc></extensions></trkpt>
      <trkpt lon="34.991211" lat="31.897835"><ele>186.575458</ele><time>2026-03-14T17:47:33Z</time><extensions><speed>2.628204</speed><course>25.612013</course><hAcc>1.789312</hAcc><vAcc>0.767653</vAcc></extensions></trkpt>
      <trkpt lon="34.991223" lat="31.897856"><ele>186.772527</ele><time>2026-03-14T17:47:34Z</time><extensions><speed>2.556863</speed><course>23.258921</course><hAcc>1.789913</hAcc><vAcc>0.768898</vAcc></extensions></trkpt>
      <trkpt lon="34.991233" lat="31.897877"><ele>187.033779</ele><time>2026-03-14T17:47:35Z</time><extensions><speed>2.526473</speed><course>23.471264</course><hAcc>1.795356</hAcc><vAcc>0.771145</vAcc></extensions></trkpt>
      <trkpt lon="34.991244" lat="31.897898"><ele>187.337850</ele><time>2026-03-14T17:47:36Z</time><extensions><speed>2.512668</speed><course>24.014973</course><hAcc>1.800458</hAcc><vAcc>0.774603</vAcc></extensions></trkpt>
      <trkpt lon="34.991254" lat="31.897918"><ele>187.694969</ele><time>2026-03-14T17:47:37Z</time><extensions><speed>2.440380</speed><course>24.393987</course><hAcc>1.807864</hAcc><vAcc>0.778810</vAcc></extensions></trkpt>
      <trkpt lon="34.991265" lat="31.897937"><ele>188.082678</ele><time>2026-03-14T17:47:38Z</time><extensions><speed>2.422354</speed><course>23.873196</course><hAcc>1.815786</hAcc><vAcc>0.784030</vAcc></extensions></trkpt>
      <trkpt lon="34.991275" lat="31.897957"><ele>188.507653</ele><time>2026-03-14T17:47:39Z</time><extensions><speed>2.478274</speed><course>23.519797</course><hAcc>1.824007</hAcc><vAcc>0.789653</vAcc></extensions></trkpt>
      <trkpt lon="34.991285" lat="31.897978"><ele>188.987491</ele><time>2026-03-14T17:47:40Z</time><extensions><speed>2.484882</speed><course>24.518181</course><hAcc>1.828145</hAcc><vAcc>0.794762</vAcc></extensions></trkpt>
      <trkpt lon="34.991296" lat="31.897998"><ele>189.491358</ele><time>2026-03-14T17:47:41Z</time><extensions><speed>2.447977</speed><course>26.086399</course><hAcc>1.832226</hAcc><vAcc>0.800026</vAcc></extensions></trkpt>
      <trkpt lon="34.991307" lat="31.898017"><ele>190.028180</ele><time>2026-03-14T17:47:42Z</time><extensions><speed>2.413344</speed><course>24.665032</course><hAcc>1.837272</hAcc><vAcc>0.804548</vAcc></extensions></trkpt>
      <trkpt lon="34.991317" lat="31.898037"><ele>190.581656</ele><time>2026-03-14T17:47:43Z</time><extensions><speed>2.351059</speed><course>22.826153</course><hAcc>1.838061</hAcc><vAcc>0.808096</vAcc></extensions></trkpt>
      <trkpt lon="34.991327" lat="31.898056"><ele>191.155913</ele><time>2026-03-14T17:47:44Z</time><extensions><speed>2.345015</speed><course>22.539949</course><hAcc>1.837555</hAcc><vAcc>0.810089</vAcc></extensions></trkpt>
      <trkpt lon="34.991336" lat="31.898075"><ele>191.732472</ele><time>2026-03-14T17:47:45Z</time><extensions><speed>2.346407</speed><course>24.362767</course><hAcc>1.836816</hAcc><vAcc>0.810837</vAcc></extensions></trkpt>
      <trkpt lon="34.991346" lat="31.898094"><ele>192.313958</ele><time>2026-03-14T17:47:46Z</time><extensions><speed>2.356310</speed><course>23.809180</course><hAcc>1.838143</hAcc><vAcc>0.810328</vAcc></extensions></trkpt>
      <trkpt lon="34.991356" lat="31.898114"><ele>192.899625</ele><time>2026-03-14T17:47:47Z</time><extensions><speed>2.382417</speed><course>21.645583</course><hAcc>1.836548</hAcc><vAcc>0.808784</vAcc></extensions></trkpt>
      <trkpt lon="34.991364" lat="31.898133"><ele>193.510773</ele><time>2026-03-14T17:47:48Z</time><extensions><speed>2.232658</speed><course>19.710231</course><hAcc>1.826058</hAcc><vAcc>0.805994</vAcc></extensions></trkpt>
      <trkpt lon="34.991372" lat="31.898152"><ele>194.108766</ele><time>2026-03-14T17:47:49Z</time><extensions><speed>2.181298</speed><course>19.607751</course><hAcc>1.818236</hAcc><vAcc>0.802442</vAcc></extensions></trkpt>
      <trkpt lon="34.991380" lat="31.898170"><ele>194.701058</ele><time>2026-03-14T17:47:50Z</time><extensions><speed>2.265880</speed><course>19.981196</course><hAcc>1.816917</hAcc><vAcc>0.798339</vAcc></extensions></trkpt>
      <trkpt lon="34.991388" lat="31.898190"><ele>195.292285</ele><time>2026-03-14T17:47:51Z</time><extensions><speed>2.356254</speed><course>19.701595</course><hAcc>1.823233</hAcc><vAcc>0.793729</vAcc></extensions></trkpt>
      <trkpt lon="34.991396" lat="31.898210"><ele>195.880898</ele><time>2026-03-14T17:47:52Z</time><extensions><speed>2.401915</speed><course>20.805496</course><hAcc>1.822899</hAcc><vAcc>0.788990</vAcc></extensions></trkpt>
      <trkpt lon="34.991406" lat="31.898230"><ele>196.470014</ele><time>2026-03-14T17:47:53Z</time><extensions><speed>2.399493</speed><course>21.395615</course><hAcc>1.814729</hAcc><vAcc>0.784340</vAcc></extensions></trkpt>
      <trkpt lon="34.991415" lat="31.898250"><ele>197.060354</ele><time>2026-03-14T17:47:54Z</time><extensions><speed>2.393557</speed><course>21.235262</course><hAcc>1.807497</hAcc><vAcc>0.780487</vAcc></extensions></trkpt>
      <trkpt lon="34.991424" lat="31.898270"><ele>197.651417</ele><time>2026-03-14T17:47:55Z</time><extensions><speed>2.442367</speed><course>21.634159</course><hAcc>1.800775</hAcc><vAcc>0.777868</vAcc></extensions></trkpt>
      <trkpt lon="34.991433" lat="31.898290"><ele>198.242263</ele><time>2026-03-14T17:47:56Z</time><extensions><speed>2.481919</speed><course>20.015986</course><hAcc>1.798228</hAcc><vAcc>0.776201</vAcc></extensions></trkpt>
      <trkpt lon="34.991442" lat="31.898311"><ele>198.830410</ele><time>2026-03-14T17:47:57Z</time><extensions><speed>2.387422</speed><course>18.807131</course><hAcc>1.794692</hAcc><vAcc>0.775200</vAcc></extensions></trkpt>
      <trkpt lon="34.991450" lat="31.898331"><ele>199.417015</ele><time>2026-03-14T17:47:58Z</time><extensions><speed>2.362801</speed><course>18.589628</course><hAcc>1.788200</hAcc><vAcc>0.775451</vAcc></extensions></trkpt>
      <trkpt lon="34.991458" lat="31.898351"><ele>200.005303</ele><time>2026-03-14T17:47:59Z</time><extensions><speed>2.345658</speed><course>18.079045</course><hAcc>1.780284</hAcc><vAcc>0.776717</vAcc></extensions></trkpt>
      <trkpt lon="34.991465" lat="31.898371"><ele>200.592672</ele><time>2026-03-14T17:48:00Z</time><extensions><speed>2.276700</speed><course>18.074267</course><hAcc>1.771315</hAcc><vAcc>0.779089</vAcc></extensions></trkpt>
      <trkpt lon="34.991474" lat="31.898390"><ele>201.167950</ele><time>2026-03-14T17:48:01Z</time><extensions><speed>2.331785</speed><course>21.934434</course><hAcc>1.764379</hAcc><vAcc>0.782318</vAcc></extensions></trkpt>
      <trkpt lon="34.991484" lat="31.898410"><ele>201.745821</ele><time>2026-03-14T17:48:02Z</time><extensions><speed>2.410685</speed><course>24.127088</course><hAcc>1.755269</hAcc><vAcc>0.785970</vAcc></extensions></trkpt>
      <trkpt lon="34.991494" lat="31.898429"><ele>202.315746</ele><time>2026-03-14T17:48:03Z</time><extensions><speed>2.393294</speed><course>24.481170</course><hAcc>1.749688</hAcc><vAcc>0.790006</vAcc></extensions></trkpt>
      <trkpt lon="34.991504" lat="31.898449"><ele>202.880684</ele><time>2026-03-14T17:48:04Z</time><extensions><speed>2.378719</speed><course>22.501019</course><hAcc>1.749502</hAcc><vAcc>0.794099</vAcc></extensions></trkpt>
      <trkpt lon="34.991514" lat="31.898468"><ele>203.447933</ele><time>2026-03-14T17:48:05Z</time><extensions><speed>2.345819</speed><course>22.619347</course><hAcc>1.747172</hAcc><vAcc>0.797925</vAcc></extensions></trkpt>
      <trkpt lon="34.991523" lat="31.898488"><ele>204.008706</ele><time>2026-03-14T17:48:06Z</time><extensions><speed>2.328420</speed><course>22.697293</course><hAcc>1.738399</hAcc><vAcc>0.801171</vAcc></extensions></trkpt>
      <trkpt lon="34.991533" lat="31.898507"><ele>204.556504</ele><time>2026-03-14T17:48:07Z</time><extensions><speed>2.345460</speed><course>23.338303</course><hAcc>1.730368</hAcc><vAcc>0.803542</vAcc></extensions></trkpt>
      <trkpt lon="34.991542" lat="31.898526"><ele>205.094752</ele><time>2026-03-14T17:48:08Z</time><extensions><speed>2.310950</speed><course>23.936668</course><hAcc>1.726726</hAcc><vAcc>0.804670</vAcc></extensions></trkpt>
      <trkpt lon="34.991553" lat="31.898545"><ele>205.634003</ele><time>2026-03-14T17:48:09Z</time><extensions><speed>2.324217</speed><course>26.038596</course><hAcc>1.726428</hAcc><vAcc>0.804819</vAcc></extensions></trkpt>
      <trkpt lon="34.991564" lat="31.898564"><ele>206.155884</ele><time>2026-03-14T17:48:10Z</time><extensions><speed>2.359217</speed><course>27.032171</course><hAcc>1.722060</hAcc><vAcc>0.803965</vAcc></extensions></trkpt>
      <trkpt lon="34.991574" lat="31.898583"><ele>206.661362</ele><time>2026-03-14T17:48:11Z</time><extensions><speed>2.396969</speed><course>24.768623</course><hAcc>1.716488</hAcc><vAcc>0.802142</vAcc></extensions></trkpt>
      <trkpt lon="34.991584" lat="31.898602"><ele>207.147879</ele><time>2026-03-14T17:48:12Z</time><extensions><speed>2.395087</speed><course>22.382934</course><hAcc>1.712370</hAcc><vAcc>0.799455</vAcc></extensions></trkpt>
      <trkpt lon="34.991594" lat="31.898622"><ele>207.618656</ele><time>2026-03-14T17:48:13Z</time><extensions><speed>2.366269</speed><course>21.366669</course><hAcc>1.711314</hAcc><vAcc>0.796062</vAcc></extensions></trkpt>
      <trkpt lon="34.991602" lat="31.898642"><ele>208.083007</ele><time>2026-03-14T17:48:14Z</time><extensions><speed>2.258736</speed><course>18.798187</course><hAcc>1.709122</hAcc><vAcc>0.792146</vAcc></extensions></trkpt>
      <trkpt lon="34.991609" lat="31.898661"><ele>208.523914</ele><time>2026-03-14T17:48:15Z</time><extensions><speed>2.210532</speed><course>17.967259</course><hAcc>1.710305</hAcc><vAcc>0.787895</vAcc></extensions></trkpt>
      <trkpt lon="34.991617" lat="31.898679"><ele>208.944810</ele><time>2026-03-14T17:48:16Z</time><extensions><speed>2.210550</speed><course>20.107923</course><hAcc>1.711146</hAcc><vAcc>0.783496</vAcc></extensions></trkpt>
      <trkpt lon="34.991625" lat="31.898698"><ele>209.362421</ele><time>2026-03-14T17:48:17Z</time><extensions><speed>2.238134</speed><course>18.955687</course><hAcc>1.707805</hAcc><vAcc>0.779135</vAcc></extensions></trkpt>
      <trkpt lon="34.991632" lat="31.898717"><ele>209.752969</ele><time>2026-03-14T17:48:18Z</time><extensions><speed>2.277469</speed><course>16.851657</course><hAcc>1.703226</hAcc><vAcc>0.774996</vAcc></extensions></trkpt>
      <trkpt lon="34.991639" lat="31.898737"><ele>210.129830</ele><time>2026-03-14T17:48:19Z</time><extensions><speed>2.294331</speed><course>14.957958</course><hAcc>1.696757</hAcc><vAcc>0.771242</vAcc></extensions></trkpt>
      <trkpt lon="34.991644" lat="31.898757"><ele>210.493071</ele><time>2026-03-14T17:48:20Z</time><extensions><speed>2.235160</speed><course>12.637035</course><hAcc>1.684591</hAcc><vAcc>0.767971</vAcc></extensions></trkpt>
      <trkpt lon="34.991649" lat="31.898776"><ele>210.836611</ele><time>2026-03-14T17:48:21Z</time><extensions><speed>2.191208</speed><course>11.560326</course><hAcc>1.671701</hAcc><vAcc>0.765223</vAcc></extensions></trkpt>
      <trkpt lon="34.991654" lat="31.898795"><ele>211.156453</ele><time>2026-03-14T17:48:22Z</time><extensions><speed>2.233342</speed><course>11.616527</course><hAcc>1.655337</hAcc><vAcc>0.762990</vAcc></extensions></trkpt>
      <trkpt lon="34.991659" lat="31.898815"><ele>211.469138</ele><time>2026-03-14T17:48:23Z</time><extensions><speed>2.322044</speed><course>14.851446</course><hAcc>1.641367</hAcc><vAcc>0.761231</vAcc></extensions></trkpt>
      <trkpt lon="34.991666" lat="31.898835"><ele>211.763563</ele><time>2026-03-14T17:48:24Z</time><extensions><speed>2.315332</speed><course>17.959424</course><hAcc>1.624755</hAcc><vAcc>0.759887</vAcc></extensions></trkpt>
      <trkpt lon="34.991674" lat="31.898854"><ele>212.034023</ele><time>2026-03-14T17:48:25Z</time><extensions><speed>2.249637</speed><course>21.258698</course><hAcc>1.606008</hAcc><vAcc>0.758892</vAcc></extensions></trkpt>
      <trkpt lon="34.991683" lat="31.898873"><ele>212.280334</ele><time>2026-03-14T17:48:26Z</time><extensions><speed>2.212123</speed><course>22.393802</course><hAcc>1.593105</hAcc><vAcc>0.758179</vAcc></extensions></trkpt>
      <trkpt lon="34.991692" lat="31.898891"><ele>212.499247</ele><time>2026-03-14T17:48:27Z</time><extensions><speed>2.215839</speed><course>22.644781</course><hAcc>1.578666</hAcc><vAcc>0.757688</vAcc></extensions></trkpt>
      <trkpt lon="34.991701" lat="31.898910"><ele>212.724088</ele><time>2026-03-14T17:48:28Z</time><extensions><speed>2.281186</speed><course>22.678192</course><hAcc>1.566914</hAcc><vAcc>0.757366</vAcc></extensions></trkpt>
      <trkpt lon="34.991710" lat="31.898929"><ele>212.923490</ele><time>2026-03-14T17:48:30Z</time><extensions><speed>2.302471</speed><course>22.095318</course><hAcc>1.560936</hAcc><vAcc>0.757153</vAcc></extensions></trkpt>
      <trkpt lon="34.991719" lat="31.898948"><ele>213.110580</ele><time>2026-03-14T17:48:31Z</time><extensions><speed>2.348236</speed><course>21.183483</course><hAcc>1.558409</hAcc><vAcc>0.756998</vAcc></extensions></trkpt>
      <trkpt lon="34.991728" lat="31.898968"><ele>213.293018</ele><time>2026-03-14T17:48:32Z</time><extensions><speed>2.342362</speed><course>19.400779</course><hAcc>1.558146</hAcc><vAcc>0.756905</vAcc></extensions></trkpt>
      <trkpt lon="34.991736" lat="31.898988"><ele>213.459686</ele><time>2026-03-14T17:48:33Z</time><extensions><speed>2.263554</speed><course>18.625474</course><hAcc>1.564131</hAcc><vAcc>0.756852</vAcc></extensions></trkpt>
      <trkpt lon="34.991743" lat="31.899007"><ele>213.622065</ele><time>2026-03-14T17:48:34Z</time><extensions><speed>2.251190</speed><course>19.071187</course><hAcc>1.574022</hAcc><vAcc>0.756822</vAcc></extensions></trkpt>
      <trkpt lon="34.991751" lat="31.899026"><ele>213.783764</ele><time>2026-03-14T17:48:35Z</time><extensions><speed>2.239213</speed><course>18.844810</course><hAcc>1.581128</hAcc><vAcc>0.756807</vAcc></extensions></trkpt>
      <trkpt lon="34.991759" lat="31.899045"><ele>213.929930</ele><time>2026-03-14T17:48:36Z</time><extensions><speed>2.284438</speed><course>19.855519</course><hAcc>1.586373</hAcc><vAcc>0.756799</vAcc></extensions></trkpt>
      <trkpt lon="34.991768" lat="31.899065"><ele>214.075103</ele><time>2026-03-14T17:48:37Z</time><extensions><speed>2.391118</speed><course>21.386360</course><hAcc>1.596128</hAcc><vAcc>0.756794</vAcc></extensions></trkpt>
      <trkpt lon="34.991777" lat="31.899084"><ele>214.223177</ele><time>2026-03-14T17:48:38Z</time><extensions><speed>2.267359</speed><course>23.546066</course><hAcc>1.611704</hAcc><vAcc>0.756790</vAcc></extensions></trkpt>
      <trkpt lon="34.991787" lat="31.899102"><ele>214.387171</ele><time>2026-03-14T17:48:39Z</time><extensions><speed>2.152818</speed><course>23.651696</course><hAcc>1.620765</hAcc><vAcc>0.756786</vAcc></extensions></trkpt>
      <trkpt lon="34.991796" lat="31.899119"><ele>214.561514</ele><time>2026-03-14T17:48:40Z</time><extensions><speed>2.064417</speed><course>24.323739</course><hAcc>1.614010</hAcc><vAcc>0.756781</vAcc></extensions></trkpt>
      <trkpt lon="34.991804" lat="31.899136"><ele>214.746829</ele><time>2026-03-14T17:48:41Z</time><extensions><speed>1.956814</speed><course>24.290570</course><hAcc>1.604895</hAcc><vAcc>0.756776</vAcc></extensions></trkpt>
      <trkpt lon="34.991813" lat="31.899152"><ele>214.942704</ele><time>2026-03-14T17:48:42Z</time><extensions><speed>1.965587</speed><course>23.174788</course><hAcc>1.603866</hAcc><vAcc>0.756858</vAcc></extensions></trkpt>
      <trkpt lon="34.991822" lat="31.899168"><ele>215.144020</ele><time>2026-03-14T17:48:43Z</time><extensions><speed>2.111668</speed><course>24.067294</course><hAcc>1.602227</hAcc><vAcc>0.757228</vAcc></extensions></trkpt>
      <trkpt lon="34.991831" lat="31.899186"><ele>215.341522</ele><time>2026-03-14T17:48:44Z</time><extensions><speed>2.179699</speed><course>25.541170</course><hAcc>1.591914</hAcc><vAcc>0.757970</vAcc></extensions></trkpt>
      <trkpt lon="34.991841" lat="31.899203"><ele>215.547735</ele><time>2026-03-14T17:48:45Z</time><extensions><speed>2.154979</speed><course>27.793398</course><hAcc>1.576977</hAcc><vAcc>0.759397</vAcc></extensions></trkpt>
      <trkpt lon="34.991852" lat="31.899220"><ele>215.753092</ele><time>2026-03-14T17:48:46Z</time><extensions><speed>2.132405</speed><course>30.850397</course><hAcc>1.560863</hAcc><vAcc>0.761462</vAcc></extensions></trkpt>
      <trkpt lon="34.991865" lat="31.899236"><ele>215.957031</ele><time>2026-03-14T17:48:47Z</time><extensions><speed>2.182081</speed><course>34.403227</course><hAcc>1.551345</hAcc><vAcc>0.764253</vAcc></extensions></trkpt>
      <trkpt lon="34.991877" lat="31.899252"><ele>216.143254</ele><time>2026-03-14T17:48:48Z</time><extensions><speed>2.167233</speed><course>32.690430</course><hAcc>1.549659</hAcc><vAcc>0.768156</vAcc></extensions></trkpt>
      <trkpt lon="34.991889" lat="31.899269"><ele>216.321121</ele><time>2026-03-14T17:48:49Z</time><extensions><speed>2.164888</speed><course>28.581842</course><hAcc>1.550847</hAcc><vAcc>0.772868</vAcc></extensions></trkpt>
      <trkpt lon="34.991900" lat="31.899286"><ele>216.507126</ele><time>2026-03-14T17:48:50Z</time><extensions><speed>2.190973</speed><course>29.095297</course><hAcc>1.552915</hAcc><vAcc>0.778499</vAcc></extensions></trkpt>
      <trkpt lon="34.991911" lat="31.899304"><ele>216.696285</ele><time>2026-03-14T17:48:51Z</time><extensions><speed>2.209271</speed><course>27.943848</course><hAcc>1.553920</hAcc><vAcc>0.785654</vAcc></extensions></trkpt>
      <trkpt lon="34.991922" lat="31.899321"><ele>216.866360</ele><time>2026-03-14T17:48:52Z</time><extensions><speed>2.162314</speed><course>27.316665</course><hAcc>1.556617</hAcc><vAcc>0.794159</vAcc></extensions></trkpt>
      <trkpt lon="34.991931" lat="31.899338"><ele>217.017036</ele><time>2026-03-14T17:48:53Z</time><extensions><speed>2.091741</speed><course>24.669524</course><hAcc>1.562133</hAcc><vAcc>0.803495</vAcc></extensions></trkpt>
      <trkpt lon="34.991940" lat="31.899355"><ele>217.169508</ele><time>2026-03-14T17:48:54Z</time><extensions><speed>2.062323</speed><course>20.360287</course><hAcc>1.568292</hAcc><vAcc>0.812724</vAcc></extensions></trkpt>
      <trkpt lon="34.991947" lat="31.899373"><ele>217.319954</ele><time>2026-03-14T17:48:55Z</time><extensions><speed>2.081001</speed><course>19.218849</course><hAcc>1.575541</hAcc><vAcc>0.821654</vAcc></extensions></trkpt>
      <trkpt lon="34.991954" lat="31.899391"><ele>217.459370</ele><time>2026-03-14T17:48:56Z</time><extensions><speed>2.113686</speed><course>19.049580</course><hAcc>1.582048</hAcc><vAcc>0.830616</vAcc></extensions></trkpt>
      <trkpt lon="34.991961" lat="31.899408"><ele>217.601523</ele><time>2026-03-14T17:48:57Z</time><extensions><speed>2.037548</speed><course>16.906929</course><hAcc>1.585843</hAcc><vAcc>0.839514</vAcc></extensions></trkpt>
      <trkpt lon="34.991968" lat="31.899426"><ele>217.729997</ele><time>2026-03-14T17:48:58Z</time><extensions><speed>2.074678</speed><course>21.908049</course><hAcc>1.585900</hAcc><vAcc>0.848044</vAcc></extensions></trkpt>
      <trkpt lon="34.991977" lat="31.899443"><ele>217.853625</ele><time>2026-03-14T17:48:59Z</time><extensions><speed>2.175355</speed><course>22.878823</course><hAcc>1.582418</hAcc><vAcc>0.855593</vAcc></extensions></trkpt>
      <trkpt lon="34.991985" lat="31.899462"><ele>217.983304</ele><time>2026-03-14T17:49:00Z</time><extensions><speed>2.173144</speed><course>18.752735</course><hAcc>1.578456</hAcc><vAcc>0.862583</vAcc></extensions></trkpt>
      <trkpt lon="34.991992" lat="31.899480"><ele>218.103619</ele><time>2026-03-14T17:49:01Z</time><extensions><speed>2.116894</speed><course>16.052803</course><hAcc>1.577214</hAcc><vAcc>0.868744</vAcc></extensions></trkpt>
      <trkpt lon="34.991998" lat="31.899498"><ele>218.201160</ele><time>2026-03-14T17:49:02Z</time><extensions><speed>2.156511</speed><course>14.460238</course><hAcc>1.571554</hAcc><vAcc>0.873738</vAcc></extensions></trkpt>
      <trkpt lon="34.992003" lat="31.899517"><ele>218.311632</ele><time>2026-03-14T17:49:03Z</time><extensions><speed>2.214052</speed><course>11.787377</course><hAcc>1.566329</hAcc><vAcc>0.877200</vAcc></extensions></trkpt>
      <trkpt lon="34.992008" lat="31.899537"><ele>218.427684</ele><time>2026-03-14T17:49:04Z</time><extensions><speed>2.214340</speed><course>12.469521</course><hAcc>1.559794</hAcc><vAcc>0.879567</vAcc></extensions></trkpt>
      <trkpt lon="34.992013" lat="31.899556"><ele>218.553673</ele><time>2026-03-14T17:49:05Z</time><extensions><speed>2.212231</speed><course>14.336239</course><hAcc>1.554481</hAcc><vAcc>0.881252</vAcc></extensions></trkpt>
      <trkpt lon="34.992019" lat="31.899575"><ele>218.689213</ele><time>2026-03-14T17:49:06Z</time><extensions><speed>2.252330</speed><course>16.739772</course><hAcc>1.552408</hAcc><vAcc>0.881869</vAcc></extensions></trkpt>
      <trkpt lon="34.992026" lat="31.899595"><ele>218.845598</ele><time>2026-03-14T17:49:07Z</time><extensions><speed>2.213881</speed><course>17.873373</course><hAcc>1.555327</hAcc><vAcc>0.882149</vAcc></extensions></trkpt>
      <trkpt lon="34.992034" lat="31.899613"><ele>218.992908</ele><time>2026-03-14T17:49:08Z</time><extensions><speed>2.192418</speed><course>18.710778</course><hAcc>1.555892</hAcc><vAcc>0.881397</vAcc></extensions></trkpt>
      <trkpt lon="34.992041" lat="31.899632"><ele>219.142161</ele><time>2026-03-14T17:49:09Z</time><extensions><speed>2.219018</speed><course>18.490535</course><hAcc>1.553988</hAcc><vAcc>0.879898</vAcc></extensions></trkpt>
      <trkpt lon="34.992048" lat="31.899651"><ele>219.303095</ele><time>2026-03-14T17:49:09Z</time><extensions><speed>2.220012</speed><course>19.078229</course><hAcc>1.554452</hAcc><vAcc>0.877638</vAcc></extensions></trkpt>
      <trkpt lon="34.992056" lat="31.899670"><ele>219.471420</ele><time>2026-03-14T17:49:10Z</time><extensions><speed>2.219293</speed><course>19.955816</course><hAcc>1.551943</hAcc><vAcc>0.875215</vAcc></extensions></trkpt>
      <trkpt lon="34.992065" lat="31.899688"><ele>219.640951</ele><time>2026-03-14T17:49:11Z</time><extensions><speed>2.219378</speed><course>24.628488</course><hAcc>1.546475</hAcc><vAcc>0.872441</vAcc></extensions></trkpt>
      <trkpt lon="34.992075" lat="31.899707"><ele>219.822971</ele><time>2026-03-14T17:49:12Z</time><extensions><speed>2.274777</speed><course>23.151841</course><hAcc>1.536241</hAcc><vAcc>0.869038</vAcc></extensions></trkpt>
      <trkpt lon="34.992084" lat="31.899726"><ele>220.011145</ele><time>2026-03-14T17:49:13Z</time><extensions><speed>2.262613</speed><course>21.215538</course><hAcc>1.528104</hAcc><vAcc>0.866185</vAcc></extensions></trkpt>
      <trkpt lon="34.992091" lat="31.899745"><ele>220.203792</ele><time>2026-03-14T17:49:14Z</time><extensions><speed>2.257295</speed><course>16.560445</course><hAcc>1.524775</hAcc><vAcc>0.863122</vAcc></extensions></trkpt>
      <trkpt lon="34.992097" lat="31.899764"><ele>220.406477</ele><time>2026-03-14T17:49:15Z</time><extensions><speed>2.136414</speed><course>10.074291</course><hAcc>1.520334</hAcc><vAcc>0.860663</vAcc></extensions></trkpt>
      <trkpt lon="34.992100" lat="31.899783"><ele>220.610912</ele><time>2026-03-14T17:49:16Z</time><extensions><speed>2.139359</speed><course>8.078518</course><hAcc>1.518347</hAcc><vAcc>0.858495</vAcc></extensions></trkpt>
      <trkpt lon="34.992103" lat="31.899803"><ele>220.808960</ele><time>2026-03-14T17:49:17Z</time><extensions><speed>2.248821</speed><course>6.927557</course><hAcc>1.514257</hAcc><vAcc>0.857088</vAcc></extensions></trkpt>
      <trkpt lon="34.992106" lat="31.899823"><ele>221.001832</ele><time>2026-03-14T17:49:18Z</time><extensions><speed>2.271841</speed><course>7.011475</course><hAcc>1.509550</hAcc><vAcc>0.856462</vAcc></extensions></trkpt>
      <trkpt lon="34.992109" lat="31.899843"><ele>221.207659</ele><time>2026-03-14T17:49:19Z</time><extensions><speed>2.319180</speed><course>7.262243</course><hAcc>1.512228</hAcc><vAcc>0.856381</vAcc></extensions></trkpt>
      <trkpt lon="34.992112" lat="31.899864"><ele>221.418753</ele><time>2026-03-14T17:49:20Z</time><extensions><speed>2.344360</speed><course>8.899209</course><hAcc>1.515081</hAcc><vAcc>0.856731</vAcc></extensions></trkpt>
      <trkpt lon="34.992117" lat="31.899885"><ele>221.625351</ele><time>2026-03-14T17:49:21Z</time><extensions><speed>2.347835</speed><course>10.923106</course><hAcc>1.518511</hAcc><vAcc>0.857591</vAcc></extensions></trkpt>
      <trkpt lon="34.992122" lat="31.899905"><ele>221.817424</ele><time>2026-03-14T17:49:22Z</time><extensions><speed>2.348334</speed><course>12.368164</course><hAcc>1.519789</hAcc><vAcc>0.858666</vAcc></extensions></trkpt>
      <trkpt lon="34.992126" lat="31.899926"><ele>222.012867</ele><time>2026-03-14T17:49:23Z</time><extensions><speed>2.286543</speed><course>10.752334</course><hAcc>1.522555</hAcc><vAcc>0.860129</vAcc></extensions></trkpt>
      <trkpt lon="34.992130" lat="31.899946"><ele>222.225305</ele><time>2026-03-14T17:49:24Z</time><extensions><speed>2.228934</speed><course>7.392998</course><hAcc>1.526102</hAcc><vAcc>0.861856</vAcc></extensions></trkpt>
      <trkpt lon="34.992134" lat="31.899966"><ele>222.430686</ele><time>2026-03-14T17:49:25Z</time><extensions><speed>2.268637</speed><course>8.738463</course><hAcc>1.527441</hAcc><vAcc>0.863783</vAcc></extensions></trkpt>
      <trkpt lon="34.992137" lat="31.899986"><ele>222.642741</ele><time>2026-03-14T17:49:26Z</time><extensions><speed>2.323994</speed><course>7.357886</course><hAcc>1.528389</hAcc><vAcc>0.865497</vAcc></extensions></trkpt>
      <trkpt lon="34.992140" lat="31.900007"><ele>222.855748</ele><time>2026-03-14T17:49:27Z</time><extensions><speed>2.290975</speed><course>5.768105</course><hAcc>1.530679</hAcc><vAcc>0.867073</vAcc></extensions></trkpt>
      <trkpt lon="34.992142" lat="31.900027"><ele>223.070958</ele><time>2026-03-14T17:49:28Z</time><extensions><speed>2.302000</speed><course>7.308720</course><hAcc>1.535533</hAcc><vAcc>0.867820</vAcc></extensions></trkpt>
      <trkpt lon="34.992146" lat="31.900048"><ele>223.244674</ele><time>2026-03-14T17:49:29Z</time><extensions><speed>2.282020</speed><course>8.860889</course><hAcc>1.541684</hAcc><vAcc>0.868286</vAcc></extensions></trkpt>
      <trkpt lon="34.992150" lat="31.900068"><ele>223.424707</ele><time>2026-03-14T17:49:30Z</time><extensions><speed>2.188025</speed><course>9.469497</course><hAcc>1.544126</hAcc><vAcc>0.868035</vAcc></extensions></trkpt>
      <trkpt lon="34.992154" lat="31.900087"><ele>223.604270</ele><time>2026-03-14T17:49:31Z</time><extensions><speed>2.153982</speed><course>10.115715</course><hAcc>1.547503</hAcc><vAcc>0.867559</vAcc></extensions></trkpt>
      <trkpt lon="34.992157" lat="31.900106"><ele>223.782286</ele><time>2026-03-14T17:49:32Z</time><extensions><speed>2.127148</speed><course>9.695151</course><hAcc>1.553727</hAcc><vAcc>0.866370</vAcc></extensions></trkpt>
      <trkpt lon="34.992161" lat="31.900124"><ele>223.955382</ele><time>2026-03-14T17:49:33Z</time><extensions><speed>2.087219</speed><course>7.162325</course><hAcc>1.563312</hAcc><vAcc>0.865432</vAcc></extensions></trkpt>
      <trkpt lon="34.992163" lat="31.900143"><ele>224.119896</ele><time>2026-03-14T17:49:34Z</time><extensions><speed>2.132253</speed><course>6.729158</course><hAcc>1.567002</hAcc><vAcc>0.864108</vAcc></extensions></trkpt>
      <trkpt lon="34.992166" lat="31.900163"><ele>224.279889</ele><time>2026-03-14T17:49:35Z</time><extensions><speed>2.241215</speed><course>8.297636</course><hAcc>1.562497</hAcc><vAcc>0.862697</vAcc></extensions></trkpt>
      <trkpt lon="34.992170" lat="31.900183"><ele>224.439259</ele><time>2026-03-14T17:49:36Z</time><extensions><speed>2.251135</speed><course>9.239252</course><hAcc>1.559096</hAcc><vAcc>0.861013</vAcc></extensions></trkpt>
      <trkpt lon="34.992174" lat="31.900202"><ele>224.587494</ele><time>2026-03-14T17:49:37Z</time><extensions><speed>2.197932</speed><course>11.155738</course><hAcc>1.553993</hAcc><vAcc>0.859083</vAcc></extensions></trkpt>
      <trkpt lon="34.992179" lat="31.900221"><ele>224.728362</ele><time>2026-03-14T17:49:38Z</time><extensions><speed>2.032290</speed><course>15.691042</course><hAcc>1.549034</hAcc><vAcc>0.857246</vAcc></extensions></trkpt>
      <trkpt lon="34.992185" lat="31.900238"><ele>224.858837</ele><time>2026-03-14T17:49:39Z</time><extensions><speed>1.952073</speed><course>19.270061</course><hAcc>1.544080</hAcc><vAcc>0.855664</vAcc></extensions></trkpt>
      <trkpt lon="34.992192" lat="31.900255"><ele>224.982737</ele><time>2026-03-14T17:49:40Z</time><extensions><speed>2.112403</speed><course>18.463384</course><hAcc>1.536090</hAcc><vAcc>0.854769</vAcc></extensions></trkpt>
      <trkpt lon="34.992199" lat="31.900274"><ele>225.107024</ele><time>2026-03-14T17:49:41Z</time><extensions><speed>2.230161</speed><course>16.874254</course><hAcc>1.535848</hAcc><vAcc>0.854070</vAcc></extensions></trkpt>
      <trkpt lon="34.992205" lat="31.900293"><ele>225.228637</ele><time>2026-03-14T17:49:42Z</time><extensions><speed>2.237392</speed><course>11.478780</course><hAcc>1.539304</hAcc><vAcc>0.854200</vAcc></extensions></trkpt>
      <trkpt lon="34.992208" lat="31.900313"><ele>225.346151</ele><time>2026-03-14T17:49:43Z</time><extensions><speed>2.243171</speed><course>6.435369</course><hAcc>1.543436</hAcc><vAcc>0.854851</vAcc></extensions></trkpt>
      <trkpt lon="34.992211" lat="31.900333"><ele>225.476675</ele><time>2026-03-14T17:49:44Z</time><extensions><speed>2.208147</speed><course>6.951103</course><hAcc>1.549624</hAcc><vAcc>0.855434</vAcc></extensions></trkpt>
      <trkpt lon="34.992214" lat="31.900353"><ele>225.608396</ele><time>2026-03-14T17:49:45Z</time><extensions><speed>2.219198</speed><course>7.053307</course><hAcc>1.559576</hAcc><vAcc>0.856340</vAcc></extensions></trkpt>
      <trkpt lon="34.992216" lat="31.900372"><ele>225.723252</ele><time>2026-03-14T17:49:46Z</time><extensions><speed>2.182120</speed><course>4.365665</course><hAcc>1.566479</hAcc><vAcc>0.857679</vAcc></extensions></trkpt>
      <trkpt lon="34.992218" lat="31.900392"><ele>225.845541</ele><time>2026-03-14T17:49:47Z</time><extensions><speed>2.168837</speed><course>3.867406</course><hAcc>1.566917</hAcc><vAcc>0.858999</vAcc></extensions></trkpt>
      <trkpt lon="34.992219" lat="31.900411"><ele>225.967584</ele><time>2026-03-14T17:49:48Z</time><extensions><speed>2.181835</speed><course>5.447392</course><hAcc>1.567087</hAcc><vAcc>0.860148</vAcc></extensions></trkpt>
      <trkpt lon="34.992222" lat="31.900431"><ele>226.086564</ele><time>2026-03-14T17:49:49Z</time><extensions><speed>2.166028</speed><course>6.758034</course><hAcc>1.566315</hAcc><vAcc>0.860965</vAcc></extensions></trkpt>
      <trkpt lon="34.992224" lat="31.900450"><ele>226.184343</ele><time>2026-03-14T17:49:50Z</time><extensions><speed>2.221934</speed><course>5.976850</course><hAcc>1.563581</hAcc><vAcc>0.861681</vAcc></extensions></trkpt>
      <trkpt lon="34.992226" lat="31.900470"><ele>226.271412</ele><time>2026-03-14T17:49:51Z</time><extensions><speed>2.233147</speed><course>3.029067</course><hAcc>1.562172</hAcc><vAcc>0.861513</vAcc></extensions></trkpt>
      <trkpt lon="34.992227" lat="31.900490"><ele>226.373848</ele><time>2026-03-14T17:49:52Z</time><extensions><speed>2.225798</speed><course>359.479504</course><hAcc>1.560188</hAcc><vAcc>0.861440</vAcc></extensions></trkpt>
      <trkpt lon="34.992226" lat="31.900510"><ele>226.481172</ele><time>2026-03-14T17:49:53Z</time><extensions><speed>2.215136</speed><course>358.951703</course><hAcc>1.554286</hAcc><vAcc>0.860956</vAcc></extensions></trkpt>
      <trkpt lon="34.992226" lat="31.900530"><ele>226.588737</ele><time>2026-03-14T17:49:54Z</time><extensions><speed>2.208742</speed><course>358.844533</course><hAcc>1.547900</hAcc><vAcc>0.859997</vAcc></extensions></trkpt>
      <trkpt lon="34.992226" lat="31.900550"><ele>226.694172</ele><time>2026-03-14T17:49:55Z</time><extensions><speed>2.246451</speed><course>359.738685</course><hAcc>1.541927</hAcc><vAcc>0.858612</vAcc></extensions></trkpt>
      <trkpt lon="34.992226" lat="31.900570"><ele>226.819779</ele><time>2026-03-14T17:49:56Z</time><extensions><speed>2.249127</speed><course>0.647603</course><hAcc>1.537060</hAcc><vAcc>0.857143</vAcc></extensions></trkpt>
      <trkpt lon="34.992226" lat="31.900590"><ele>226.938621</ele><time>2026-03-14T17:49:57Z</time><extensions><speed>2.227187</speed><course>0.575744</course><hAcc>1.534205</hAcc><vAcc>0.855788</vAcc></extensions></trkpt>
      <trkpt lon="34.992227" lat="31.900610"><ele>227.048432</ele><time>2026-03-14T17:49:58Z</time><extensions><speed>2.145587</speed><course>2.827558</course><hAcc>1.529383</hAcc><vAcc>0.854103</vAcc></extensions></trkpt>
      <trkpt lon="34.992229" lat="31.900629"><ele>227.155673</ele><time>2026-03-14T17:49:59Z</time><extensions><speed>2.201683</speed><course>6.614452</course><hAcc>1.527608</hAcc><vAcc>0.852584</vAcc></extensions></trkpt>
      <trkpt lon="34.992232" lat="31.900649"><ele>227.269719</ele><time>2026-03-14T17:50:00Z</time><extensions><speed>2.218941</speed><course>10.648014</course><hAcc>1.526904</hAcc><vAcc>0.851272</vAcc></extensions></trkpt>
      <trkpt lon="34.992236" lat="31.900668"><ele>227.408105</ele><time>2026-03-14T17:50:01Z</time><extensions><speed>2.099094</speed><course>11.289813</course><hAcc>1.525948</hAcc><vAcc>0.849970</vAcc></extensions></trkpt>
      <trkpt lon="34.992240" lat="31.900687"><ele>227.554049</ele><time>2026-03-14T17:50:02Z</time><extensions><speed>2.134123</speed><course>8.966979</course><hAcc>1.523684</hAcc><vAcc>0.848691</vAcc></extensions></trkpt>
      <trkpt lon="34.992244" lat="31.900706"><ele>227.703674</ele><time>2026-03-14T17:50:03Z</time><extensions><speed>2.172820</speed><course>7.554460</course><hAcc>1.523357</hAcc><vAcc>0.847456</vAcc></extensions></trkpt>
      <trkpt lon="34.992246" lat="31.900725"><ele>227.855177</ele><time>2026-03-14T17:50:04Z</time><extensions><speed>2.127062</speed><course>4.697522</course><hAcc>1.531760</hAcc><vAcc>0.846557</vAcc></extensions></trkpt>
      <trkpt lon="34.992248" lat="31.900744"><ele>228.010746</ele><time>2026-03-14T17:50:05Z</time><extensions><speed>2.125653</speed><course>3.595441</course><hAcc>1.525125</hAcc><vAcc>0.845548</vAcc></extensions></trkpt>
      <trkpt lon="34.992249" lat="31.900763"><ele>228.168064</ele><time>2026-03-14T17:50:06Z</time><extensions><speed>2.132704</speed><course>3.356810</course><hAcc>1.527056</hAcc><vAcc>0.844529</vAcc></extensions></trkpt>
      <trkpt lon="34.992250" lat="31.900783"><ele>228.327892</ele><time>2026-03-14T17:50:07Z</time><extensions><speed>2.207030</speed><course>3.532469</course><hAcc>1.531175</hAcc><vAcc>0.843801</vAcc></extensions></trkpt>
      <trkpt lon="34.992252" lat="31.900803"><ele>228.487712</ele><time>2026-03-14T17:50:08Z</time><extensions><speed>2.271454</speed><course>2.513743</course><hAcc>1.531559</hAcc><vAcc>0.843192</vAcc></extensions></trkpt>
      <trkpt lon="34.992252" lat="31.900823"><ele>228.661065</ele><time>2026-03-14T17:50:09Z</time><extensions><speed>2.257578</speed><course>0.880179</course><hAcc>1.530006</hAcc><vAcc>0.841708</vAcc></extensions></trkpt>
      <trkpt lon="34.992253" lat="31.900844"><ele>228.851485</ele><time>2026-03-14T17:50:10Z</time><extensions><speed>2.266139</speed><course>0.830770</course><hAcc>1.533104</hAcc><vAcc>0.840895</vAcc></extensions></trkpt>
      <trkpt lon="34.992253" lat="31.900864"><ele>229.036373</ele><time>2026-03-14T17:50:11Z</time><extensions><speed>2.229595</speed><course>0.858038</course><hAcc>1.536537</hAcc><vAcc>0.840949</vAcc></extensions></trkpt>
      <trkpt lon="34.992254" lat="31.900884"><ele>229.210766</ele><time>2026-03-14T17:50:12Z</time><extensions><speed>2.225446</speed><course>3.647637</course><hAcc>1.536950</hAcc><vAcc>0.840853</vAcc></extensions></trkpt>
      <trkpt lon="34.992255" lat="31.900904"><ele>229.388209</ele><time>2026-03-14T17:50:13Z</time><extensions><speed>2.228907</speed><course>3.842507</course><hAcc>1.540838</hAcc><vAcc>0.840680</vAcc></extensions></trkpt>
      <trkpt lon="34.992257" lat="31.900924"><ele>229.558582</ele><time>2026-03-14T17:50:14Z</time><extensions><speed>2.194633</speed><course>4.623658</course><hAcc>1.549188</hAcc><vAcc>0.840881</vAcc></extensions></trkpt>
      <trkpt lon="34.992259" lat="31.900943"><ele>229.714181</ele><time>2026-03-14T17:50:15Z</time><extensions><speed>2.219950</speed><course>5.332426</course><hAcc>1.556273</hAcc><vAcc>0.841229</vAcc></extensions></trkpt>
      <trkpt lon="34.992262" lat="31.900963"><ele>229.872301</ele><time>2026-03-14T17:50:16Z</time><extensions><speed>2.254554</speed><course>6.026459</course><hAcc>1.563573</hAcc><vAcc>0.841836</vAcc></extensions></trkpt>
      <trkpt lon="34.992264" lat="31.900984"><ele>230.053741</ele><time>2026-03-14T17:50:17Z</time><extensions><speed>2.255056</speed><course>5.479656</course><hAcc>1.566602</hAcc><vAcc>0.842174</vAcc></extensions></trkpt>
      <trkpt lon="34.992266" lat="31.901004"><ele>230.239424</ele><time>2026-03-14T17:50:18Z</time><extensions><speed>2.250022</speed><course>5.232314</course><hAcc>1.574277</hAcc><vAcc>0.842064</vAcc></extensions></trkpt>
      <trkpt lon="34.992268" lat="31.901024"><ele>230.409713</ele><time>2026-03-14T17:50:19Z</time><extensions><speed>2.210332</speed><course>5.672082</course><hAcc>1.579302</hAcc><vAcc>0.842116</vAcc></extensions></trkpt>
      <trkpt lon="34.992271" lat="31.901043"><ele>230.560643</ele><time>2026-03-14T17:50:20Z</time><extensions><speed>2.161739</speed><course>5.513462</course><hAcc>1.586907</hAcc><vAcc>0.841919</vAcc></extensions></trkpt>
      <trkpt lon="34.992272" lat="31.901062"><ele>230.703307</ele><time>2026-03-14T17:50:21Z</time><extensions><speed>2.161178</speed><course>4.063082</course><hAcc>1.599721</hAcc><vAcc>0.841433</vAcc></extensions></trkpt>
      <trkpt lon="34.992273" lat="31.901082"><ele>230.849504</ele><time>2026-03-14T17:50:22Z</time><extensions><speed>2.258829</speed><course>0.938418</course><hAcc>1.595973</hAcc><vAcc>0.840549</vAcc></extensions></trkpt>
      <trkpt lon="34.992273" lat="31.901102"><ele>230.983761</ele><time>2026-03-14T17:50:23Z</time><extensions><speed>2.280859</speed><course>358.475783</course><hAcc>1.593430</hAcc><vAcc>0.839139</vAcc></extensions></trkpt>
      <trkpt lon="34.992272" lat="31.901123"><ele>231.099886</ele><time>2026-03-14T17:50:24Z</time><extensions><speed>2.261420</speed><course>356.839453</course><hAcc>1.599091</hAcc><vAcc>0.837469</vAcc></extensions></trkpt>
      <trkpt lon="34.992271" lat="31.901142"><ele>231.202023</ele><time>2026-03-14T17:50:25Z</time><extensions><speed>2.163150</speed><course>356.867171</course><hAcc>1.595966</hAcc><vAcc>0.835407</vAcc></extensions></trkpt>
      <trkpt lon="34.992270" lat="31.901161"><ele>231.310423</ele><time>2026-03-14T17:50:26Z</time><extensions><speed>2.153014</speed><course>357.342092</course><hAcc>1.595997</hAcc><vAcc>0.832921</vAcc></extensions></trkpt>
      <trkpt lon="34.992268" lat="31.901179"><ele>231.406813</ele><time>2026-03-14T17:50:27Z</time><extensions><speed>2.079497</speed><course>357.285679</course><hAcc>1.595534</hAcc><vAcc>0.830946</vAcc></extensions></trkpt>
      <trkpt lon="34.992267" lat="31.901197"><ele>231.498763</ele><time>2026-03-14T17:50:28Z</time><extensions><speed>2.042249</speed><course>358.707215</course><hAcc>1.583372</hAcc><vAcc>0.829521</vAcc></extensions></trkpt>
      <trkpt lon="34.992266" lat="31.901215"><ele>231.588149</ele><time>2026-03-14T17:50:29Z</time><extensions><speed>1.995619</speed><course>357.318705</course><hAcc>1.575212</hAcc><vAcc>0.828813</vAcc></extensions></trkpt>
      <trkpt lon="34.992265" lat="31.901232"><ele>231.670216</ele><time>2026-03-14T17:50:30Z</time><extensions><speed>1.975401</speed><course>358.680004</course><hAcc>1.574480</hAcc><vAcc>0.828359</vAcc></extensions></trkpt>
      <trkpt lon="34.992264" lat="31.901249"><ele>231.745393</ele><time>2026-03-14T17:50:31Z</time><extensions><speed>1.806331</speed><course>356.694140</course><hAcc>1.560108</hAcc><vAcc>0.828438</vAcc></extensions></trkpt>
      <trkpt lon="34.992262" lat="31.901264"><ele>231.833647</ele><time>2026-03-14T17:50:32Z</time><extensions><speed>1.553991</speed><course>352.828008</course><hAcc>1.545992</hAcc><vAcc>0.828841</vAcc></extensions></trkpt>
      <trkpt lon="34.992260" lat="31.901275"><ele>231.906448</ele><time>2026-03-14T17:50:33Z</time><extensions><speed>1.037152</speed><course>353.210649</course><hAcc>1.536334</hAcc><vAcc>0.829206</vAcc></extensions></trkpt>
      <trkpt lon="34.992260" lat="31.901281"><ele>231.963403</ele><time>2026-03-14T17:50:34Z</time><extensions><speed>0.349959</speed><course>17.647127</course><hAcc>1.549759</hAcc><vAcc>0.829561</vAcc></extensions></trkpt>
      <trkpt lon="34.992262" lat="31.901279"><ele>232.002536</ele><time>2026-03-14T17:50:36Z</time><extensions><speed>0.893381</speed><course>168.187453</course><hAcc>1.558136</hAcc><vAcc>0.829587</vAcc></extensions></trkpt>
      <trkpt lon="34.992261" lat="31.901268"><ele>232.020274</ele><time>2026-03-14T17:50:37Z</time><extensions><speed>1.652445</speed><course>187.816048</course><hAcc>1.549127</hAcc><vAcc>0.828864</vAcc></extensions></trkpt>
      <trkpt lon="34.992256" lat="31.901251"><ele>232.029117</ele><time>2026-03-14T17:50:38Z</time><extensions><speed>2.221897</speed><course>198.666770</course><hAcc>1.551172</hAcc><vAcc>0.827742</vAcc></extensions></trkpt>
      <trkpt lon="34.992247" lat="31.901231"><ele>232.031097</ele><time>2026-03-14T17:50:39Z</time><extensions><speed>2.541133</speed><course>204.291117</course><hAcc>1.554405</hAcc><vAcc>0.825988</vAcc></extensions></trkpt>
      <trkpt lon="34.992236" lat="31.901210"><ele>232.009599</ele><time>2026-03-14T17:50:40Z</time><extensions><speed>2.587277</speed><course>203.313845</course><hAcc>1.564085</hAcc><vAcc>0.823393</vAcc></extensions></trkpt>
      <trkpt lon="34.992227" lat="31.901188"><ele>231.977306</ele><time>2026-03-14T17:50:41Z</time><extensions><speed>2.461375</speed><course>198.563750</course><hAcc>1.569841</hAcc><vAcc>0.819841</vAcc></extensions></trkpt>
      <trkpt lon="34.992220" lat="31.901167"><ele>231.933808</ele><time>2026-03-14T17:50:42Z</time><extensions><speed>2.396026</speed><course>192.062272</course><hAcc>1.573788</hAcc><vAcc>0.815330</vAcc></extensions></trkpt>
      <trkpt lon="34.992216" lat="31.901146"><ele>231.866790</ele><time>2026-03-14T17:50:43Z</time><extensions><speed>2.382836</speed><course>186.762021</course><hAcc>1.571823</hAcc><vAcc>0.809966</vAcc></extensions></trkpt>
      <trkpt lon="34.992214" lat="31.901125"><ele>231.781166</ele><time>2026-03-14T17:50:44Z</time><extensions><speed>2.376657</speed><course>182.747090</course><hAcc>1.563127</hAcc><vAcc>0.803947</vAcc></extensions></trkpt>
      <trkpt lon="34.992213" lat="31.901104"><ele>231.698114</ele><time>2026-03-14T17:50:45Z</time><extensions><speed>2.344956</speed><course>179.798391</course><hAcc>1.555477</hAcc><vAcc>0.797601</vAcc></extensions></trkpt>
      <trkpt lon="34.992213" lat="31.901083"><ele>231.616084</ele><time>2026-03-14T17:50:46Z</time><extensions><speed>2.321981</speed><course>177.652326</course><hAcc>1.549950</hAcc><vAcc>0.791343</vAcc></extensions></trkpt>
      <trkpt lon="34.992214" lat="31.901062"><ele>231.513322</ele><time>2026-03-14T17:50:47Z</time><extensions><speed>2.165322</speed><course>177.898252</course><hAcc>1.542260</hAcc><vAcc>0.785300</vAcc></extensions></trkpt>
      <trkpt lon="34.992215" lat="31.901043"><ele>231.400496</ele><time>2026-03-14T17:50:48Z</time><extensions><speed>2.155218</speed><course>180.263567</course><hAcc>1.531783</hAcc><vAcc>0.779770</vAcc></extensions></trkpt>
      <trkpt lon="34.992214" lat="31.901023"><ele>231.275826</ele><time>2026-03-14T17:50:49Z</time><extensions><speed>2.226622</speed><course>181.661374</course><hAcc>1.531745</hAcc><vAcc>0.774962</vAcc></extensions></trkpt>
      <trkpt lon="34.992214" lat="31.901003"><ele>231.139802</ele><time>2026-03-14T17:50:50Z</time><extensions><speed>2.229011</speed><course>179.774105</course><hAcc>1.539767</hAcc><vAcc>0.771161</vAcc></extensions></trkpt>
      <trkpt lon="34.992214" lat="31.900983"><ele>231.003898</ele><time>2026-03-14T17:50:51Z</time><extensions><speed>2.311880</speed><course>180.579813</course><hAcc>1.552438</hAcc><vAcc>0.768190</vAcc></extensions></trkpt>
      <trkpt lon="34.992213" lat="31.900962"><ele>230.861331</ele><time>2026-03-14T17:50:52Z</time><extensions><speed>2.316235</speed><course>182.509937</course><hAcc>1.564858</hAcc><vAcc>0.765941</vAcc></extensions></trkpt>
      <trkpt lon="34.992212" lat="31.900941"><ele>230.729626</ele><time>2026-03-14T17:50:53Z</time><extensions><speed>2.321218</speed><course>183.663209</course><hAcc>1.572959</hAcc><vAcc>0.764318</vAcc></extensions></trkpt>
      <trkpt lon="34.992210" lat="31.900920"><ele>230.590833</ele><time>2026-03-14T17:50:54Z</time><extensions><speed>2.296581</speed><course>183.374489</course><hAcc>1.580387</hAcc><vAcc>0.763251</vAcc></extensions></trkpt>
      <trkpt lon="34.992208" lat="31.900900"><ele>230.463540</ele><time>2026-03-14T17:50:55Z</time><extensions><speed>2.329426</speed><course>184.682242</course><hAcc>1.583958</hAcc><vAcc>0.762737</vAcc></extensions></trkpt>
      <trkpt lon="34.992206" lat="31.900879"><ele>230.334936</ele><time>2026-03-14T17:50:56Z</time><extensions><speed>2.334077</speed><course>187.767649</course><hAcc>1.587128</hAcc><vAcc>0.762503</vAcc></extensions></trkpt>
      <trkpt lon="34.992202" lat="31.900858"><ele>230.200504</ele><time>2026-03-14T17:50:57Z</time><extensions><speed>2.300114</speed><course>188.766366</course><hAcc>1.585360</hAcc><vAcc>0.762678</vAcc></extensions></trkpt>
      <trkpt lon="34.992198" lat="31.900838"><ele>230.042538</ele><time>2026-03-14T17:50:58Z</time><extensions><speed>2.282300</speed><course>189.189775</course><hAcc>1.587386</hAcc><vAcc>0.763049</vAcc></extensions></trkpt>
      <trkpt lon="34.992194" lat="31.900817"><ele>229.874813</ele><time>2026-03-14T17:50:59Z</time><extensions><speed>2.316824</speed><course>189.074697</course><hAcc>1.596101</hAcc><vAcc>0.763992</vAcc></extensions></trkpt>
      <trkpt lon="34.992191" lat="31.900797"><ele>229.711433</ele><time>2026-03-14T17:51:00Z</time><extensions><speed>2.375218</speed><course>188.668086</course><hAcc>1.605559</hAcc><vAcc>0.765648</vAcc></extensions></trkpt>
      <trkpt lon="34.992187" lat="31.900775"><ele>229.543500</ele><time>2026-03-14T17:51:01Z</time><extensions><speed>2.363695</speed><course>188.576701</course><hAcc>1.613845</hAcc><vAcc>0.767466</vAcc></extensions></trkpt>
      <trkpt lon="34.992183" lat="31.900754"><ele>229.377965</ele><time>2026-03-14T17:51:02Z</time><extensions><speed>2.370398</speed><course>187.884752</course><hAcc>1.626818</hAcc><vAcc>0.769738</vAcc></extensions></trkpt>
      <trkpt lon="34.992180" lat="31.900734"><ele>229.212865</ele><time>2026-03-14T17:51:03Z</time><extensions><speed>2.305798</speed><course>186.310911</course><hAcc>1.636334</hAcc><vAcc>0.772329</vAcc></extensions></trkpt>
      <trkpt lon="34.992178" lat="31.900713"><ele>229.054421</ele><time>2026-03-14T17:51:04Z</time><extensions><speed>2.307131</speed><course>184.251602</course><hAcc>1.646746</hAcc><vAcc>0.775526</vAcc></extensions></trkpt>
      <trkpt lon="34.992176" lat="31.900692"><ele>228.888320</ele><time>2026-03-14T17:51:05Z</time><extensions><speed>2.333996</speed><course>184.136211</course><hAcc>1.647019</hAcc><vAcc>0.779441</vAcc></extensions></trkpt>
      <trkpt lon="34.992174" lat="31.900671"><ele>228.717390</ele><time>2026-03-14T17:51:06Z</time><extensions><speed>2.298565</speed><course>184.715745</course><hAcc>1.645781</hAcc><vAcc>0.784353</vAcc></extensions></trkpt>
      <trkpt lon="34.992171" lat="31.900651"><ele>228.559756</ele><time>2026-03-14T17:51:07Z</time><extensions><speed>2.160360</speed><course>188.961401</course><hAcc>1.645876</hAcc><vAcc>0.789479</vAcc></extensions></trkpt>
      <trkpt lon="34.992168" lat="31.900634"><ele>228.399508</ele><time>2026-03-14T17:51:08Z</time><extensions><speed>1.813703</speed><course>186.638415</course><hAcc>1.654585</hAcc><vAcc>0.794923</vAcc></extensions></trkpt>
      <trkpt lon="34.992167" lat="31.900616"><ele>228.249615</ele><time>2026-03-14T17:51:09Z</time><extensions><speed>2.015264</speed><course>181.907796</course><hAcc>1.652598</hAcc><vAcc>0.800375</vAcc></extensions></trkpt>
      <trkpt lon="34.992166" lat="31.900597"><ele>228.112214</ele><time>2026-03-14T17:51:10Z</time><extensions><speed>2.268543</speed><course>182.211178</course><hAcc>1.643142</hAcc><vAcc>0.805961</vAcc></extensions></trkpt>
      <trkpt lon="34.992165" lat="31.900577"><ele>227.961761</ele><time>2026-03-14T17:51:11Z</time><extensions><speed>2.266390</speed><course>184.174653</course><hAcc>1.640669</hAcc><vAcc>0.811392</vAcc></extensions></trkpt>
      <trkpt lon="34.992163" lat="31.900556"><ele>227.828397</ele><time>2026-03-14T17:51:12Z</time><extensions><speed>2.276606</speed><course>185.885472</course><hAcc>1.647424</hAcc><vAcc>0.816764</vAcc></extensions></trkpt>
      <trkpt lon="34.992160" lat="31.900536"><ele>227.712665</ele><time>2026-03-14T17:51:13Z</time><extensions><speed>2.305358</speed><course>187.958266</course><hAcc>1.654561</hAcc><vAcc>0.821566</vAcc></extensions></trkpt>
      <trkpt lon="34.992156" lat="31.900515"><ele>227.601724</ele><time>2026-03-14T17:51:14Z</time><extensions><speed>2.286722</speed><course>189.669768</course><hAcc>1.666314</hAcc><vAcc>0.826175</vAcc></extensions></trkpt>
      <trkpt lon="34.992152" lat="31.900495"><ele>227.487176</ele><time>2026-03-14T17:51:15Z</time><extensions><speed>2.256096</speed><course>189.453011</course><hAcc>1.681675</hAcc><vAcc>0.830607</vAcc></extensions></trkpt>
      <trkpt lon="34.992148" lat="31.900475"><ele>227.390258</ele><time>2026-03-14T17:51:16Z</time><extensions><speed>2.384919</speed><course>188.866400</course><hAcc>1.694886</hAcc><vAcc>0.834758</vAcc></extensions></trkpt>
      <trkpt lon="34.992144" lat="31.900452"><ele>227.296582</ele><time>2026-03-14T17:51:16Z</time><extensions><speed>2.586696</speed><course>189.135713</course><hAcc>1.704678</hAcc><vAcc>0.838914</vAcc></extensions></trkpt>
      <trkpt lon="34.992139" lat="31.900429"><ele>227.204987</ele><time>2026-03-14T17:51:17Z</time><extensions><speed>2.583244</speed><course>188.986784</course><hAcc>1.713387</hAcc><vAcc>0.842717</vAcc></extensions></trkpt>
      <trkpt lon="34.992135" lat="31.900407"><ele>227.094232</ele><time>2026-03-14T17:51:18Z</time><extensions><speed>2.472347</speed><course>189.911485</course><hAcc>1.721144</hAcc><vAcc>0.846569</vAcc></extensions></trkpt>
      <trkpt lon="34.992130" lat="31.900385"><ele>226.975370</ele><time>2026-03-14T17:51:19Z</time><extensions><speed>2.343763</speed><course>191.413086</course><hAcc>1.724923</hAcc><vAcc>0.850052</vAcc></extensions></trkpt>
      <trkpt lon="34.992125" lat="31.900365"><ele>226.859662</ele><time>2026-03-14T17:51:20Z</time><extensions><speed>2.364593</speed><course>190.802990</course><hAcc>1.732852</hAcc><vAcc>0.854114</vAcc></extensions></trkpt>
      <trkpt lon="34.992121" lat="31.900343"><ele>226.740645</ele><time>2026-03-14T17:51:21Z</time><extensions><speed>2.418627</speed><course>189.936842</course><hAcc>1.735362</hAcc><vAcc>0.858128</vAcc></extensions></trkpt>
      <trkpt lon="34.992116" lat="31.900322"><ele>226.618100</ele><time>2026-03-14T17:51:22Z</time><extensions><speed>2.365090</speed><course>191.865102</course><hAcc>1.738275</hAcc><vAcc>0.862388</vAcc></extensions></trkpt>
      <trkpt lon="34.992110" lat="31.900301"><ele>226.486393</ele><time>2026-03-14T17:51:23Z</time><extensions><speed>2.380501</speed><course>194.144357</course><hAcc>1.746141</hAcc><vAcc>0.867339</vAcc></extensions></trkpt>
      <trkpt lon="34.992104" lat="31.900281"><ele>226.334760</ele><time>2026-03-14T17:51:24Z</time><extensions><speed>2.337462</speed><course>192.547676</course><hAcc>1.753013</hAcc><vAcc>0.872112</vAcc></extensions></trkpt>
      <trkpt lon="34.992100" lat="31.900261"><ele>226.178904</ele><time>2026-03-14T17:51:25Z</time><extensions><speed>2.183192</speed><course>188.956867</course><hAcc>1.758422</hAcc><vAcc>0.878216</vAcc></extensions></trkpt>
      <trkpt lon="34.992096" lat="31.900241"><ele>226.004466</ele><time>2026-03-14T17:51:26Z</time><extensions><speed>2.278667</speed><course>189.558269</course><hAcc>1.760314</hAcc><vAcc>0.884668</vAcc></extensions></trkpt>
      <trkpt lon="34.992092" lat="31.900220"><ele>225.819082</ele><time>2026-03-14T17:51:27Z</time><extensions><speed>2.351022</speed><course>192.892860</course><hAcc>1.765740</hAcc><vAcc>0.891220</vAcc></extensions></trkpt>
      <trkpt lon="34.992086" lat="31.900199"><ele>225.635048</ele><time>2026-03-14T17:51:28Z</time><extensions><speed>2.415412</speed><course>195.303086</course><hAcc>1.776072</hAcc><vAcc>0.896971</vAcc></extensions></trkpt>
      <trkpt lon="34.992080" lat="31.900178"><ele>225.423659</ele><time>2026-03-14T17:51:29Z</time><extensions><speed>2.447217</speed><course>192.229458</course><hAcc>1.784718</hAcc><vAcc>0.902834</vAcc></extensions></trkpt>
      <trkpt lon="34.992075" lat="31.900157"><ele>225.219144</ele><time>2026-03-14T17:51:30Z</time><extensions><speed>2.418300</speed><course>188.754015</course><hAcc>1.792512</hAcc><vAcc>0.909405</vAcc></extensions></trkpt>
      <trkpt lon="34.992071" lat="31.900135"><ele>225.011875</ele><time>2026-03-14T17:51:31Z</time><extensions><speed>2.533459</speed><course>190.917272</course><hAcc>1.800580</hAcc><vAcc>0.916175</vAcc></extensions></trkpt>
      <trkpt lon="34.992065" lat="31.900112"><ele>224.794721</ele><time>2026-03-14T17:51:32Z</time><extensions><speed>2.485690</speed><course>194.096303</course><hAcc>1.809033</hAcc><vAcc>0.922949</vAcc></extensions></trkpt>
      <trkpt lon="34.992059" lat="31.900091"><ele>224.622300</ele><time>2026-03-14T17:51:33Z</time><extensions><speed>2.441471</speed><course>195.779573</course><hAcc>1.822710</hAcc><vAcc>0.929048</vAcc></extensions></trkpt>
      <trkpt lon="34.992052" lat="31.900070"><ele>224.436039</ele><time>2026-03-14T17:51:34Z</time><extensions><speed>2.470971</speed><course>194.586094</course><hAcc>1.838087</hAcc><vAcc>0.934488</vAcc></extensions></trkpt>
      <trkpt lon="34.992047" lat="31.900048"><ele>224.232456</ele><time>2026-03-14T17:51:35Z</time><extensions><speed>2.485584</speed><course>191.804949</course><hAcc>1.852708</hAcc><vAcc>0.939904</vAcc></extensions></trkpt>
      <trkpt lon="34.992042" lat="31.900026"><ele>224.051274</ele><time>2026-03-14T17:51:36Z</time><extensions><speed>2.440155</speed><course>188.258796</course><hAcc>1.870202</hAcc><vAcc>0.944778</vAcc></extensions></trkpt>
      <trkpt lon="34.992039" lat="31.900004"><ele>223.869064</ele><time>2026-03-14T17:51:37Z</time><extensions><speed>2.529616</speed><course>187.051369</course><hAcc>1.884596</hAcc><vAcc>0.949708</vAcc></extensions></trkpt>
      <trkpt lon="34.992036" lat="31.899981"><ele>223.699432</ele><time>2026-03-14T17:51:38Z</time><extensions><speed>2.547891</speed><course>185.686513</course><hAcc>1.893887</hAcc><vAcc>0.954167</vAcc></extensions></trkpt>
      <trkpt lon="34.992033" lat="31.899959"><ele>223.548925</ele><time>2026-03-14T17:51:39Z</time><extensions><speed>2.463851</speed><course>188.630595</course><hAcc>1.903380</hAcc><vAcc>0.959451</vAcc></extensions></trkpt>
      <trkpt lon="34.992028" lat="31.899936"><ele>223.381712</ele><time>2026-03-14T17:51:40Z</time><extensions><speed>2.571769</speed><course>190.049672</course><hAcc>1.906871</hAcc><vAcc>0.964491</vAcc></extensions></trkpt>
      <trkpt lon="34.992022" lat="31.899913"><ele>223.231469</ele><time>2026-03-14T17:51:41Z</time><extensions><speed>2.764673</speed><course>195.822691</course><hAcc>1.910601</hAcc><vAcc>0.968724</vAcc></extensions></trkpt>
      <trkpt lon="34.992015" lat="31.899889"><ele>223.060983</ele><time>2026-03-14T17:51:42Z</time><extensions><speed>2.645099</speed><course>191.473453</course><hAcc>1.914011</hAcc><vAcc>0.972877</vAcc></extensions></trkpt>
      <trkpt lon="34.992011" lat="31.899866"><ele>222.903473</ele><time>2026-03-14T17:51:43Z</time><extensions><speed>2.552009</speed><course>187.730659</course><hAcc>1.908678</hAcc><vAcc>0.976711</vAcc></extensions></trkpt>
      <trkpt lon="34.992007" lat="31.899843"><ele>222.713917</ele><time>2026-03-14T17:51:44Z</time><extensions><speed>2.563524</speed><course>187.511812</course><hAcc>1.899889</hAcc><vAcc>0.979583</vAcc></extensions></trkpt>
      <trkpt lon="34.992003" lat="31.899820"><ele>222.546165</ele><time>2026-03-14T17:51:45Z</time><extensions><speed>2.561754</speed><course>190.232160</course><hAcc>1.897718</hAcc><vAcc>0.980677</vAcc></extensions></trkpt>
      <trkpt lon="34.991998" lat="31.899798"><ele>222.388491</ele><time>2026-03-14T17:51:46Z</time><extensions><speed>2.538308</speed><course>193.151950</course><hAcc>1.896294</hAcc><vAcc>0.981868</vAcc></extensions></trkpt>
      <trkpt lon="34.991992" lat="31.899776"><ele>222.228300</ele><time>2026-03-14T17:51:47Z</time><extensions><speed>2.560267</speed><course>193.654527</course><hAcc>1.894442</hAcc><vAcc>0.982402</vAcc></extensions></trkpt>
      <trkpt lon="34.991986" lat="31.899753"><ele>222.086729</ele><time>2026-03-14T17:51:48Z</time><extensions><speed>2.547754</speed><course>193.463043</course><hAcc>1.890923</hAcc><vAcc>0.982015</vAcc></extensions></trkpt>
      <trkpt lon="34.991979" lat="31.899731"><ele>221.925148</ele><time>2026-03-14T17:51:49Z</time><extensions><speed>2.576026</speed><course>195.404561</course><hAcc>1.888392</hAcc><vAcc>0.980281</vAcc></extensions></trkpt>
      <trkpt lon="34.991972" lat="31.899708"><ele>221.769443</ele><time>2026-03-14T17:51:50Z</time><extensions><speed>2.621753</speed><course>194.850995</course><hAcc>1.885740</hAcc><vAcc>0.977792</vAcc></extensions></trkpt>
      <trkpt lon="34.991965" lat="31.899686"><ele>221.608755</ele><time>2026-03-14T17:51:51Z</time><extensions><speed>2.589276</speed><course>195.896091</course><hAcc>1.875049</hAcc><vAcc>0.974707</vAcc></extensions></trkpt>
      <trkpt lon="34.991958" lat="31.899664"><ele>221.467384</ele><time>2026-03-14T17:51:52Z</time><extensions><speed>2.521363</speed><course>195.590729</course><hAcc>1.860447</hAcc><vAcc>0.971817</vAcc></extensions></trkpt>
      <trkpt lon="34.991951" lat="31.899642"><ele>221.320048</ele><time>2026-03-14T17:51:53Z</time><extensions><speed>2.461929</speed><course>195.476289</course><hAcc>1.845399</hAcc><vAcc>0.967603</vAcc></extensions></trkpt>
      <trkpt lon="34.991944" lat="31.899620"><ele>221.178942</ele><time>2026-03-14T17:51:54Z</time><extensions><speed>2.538974</speed><course>194.675147</course><hAcc>1.831115</hAcc><vAcc>0.962860</vAcc></extensions></trkpt>
      <trkpt lon="34.991938" lat="31.899598"><ele>221.017370</ele><time>2026-03-14T17:51:55Z</time><extensions><speed>2.552482</speed><course>191.392723</course><hAcc>1.814168</hAcc><vAcc>0.958219</vAcc></extensions></trkpt>
      <trkpt lon="34.991933" lat="31.899576"><ele>220.843664</ele><time>2026-03-14T17:51:56Z</time><extensions><speed>2.474764</speed><course>190.444959</course><hAcc>1.800117</hAcc><vAcc>0.953175</vAcc></extensions></trkpt>
      <trkpt lon="34.991928" lat="31.899554"><ele>220.670710</ele><time>2026-03-14T17:51:57Z</time><extensions><speed>2.488898</speed><course>190.733845</course><hAcc>1.787449</hAcc><vAcc>0.947111</vAcc></extensions></trkpt>
      <trkpt lon="34.991923" lat="31.899532"><ele>220.506067</ele><time>2026-03-14T17:51:58Z</time><extensions><speed>2.448615</speed><course>192.454769</course><hAcc>1.774928</hAcc><vAcc>0.941058</vAcc></extensions></trkpt>
      <trkpt lon="34.991918" lat="31.899511"><ele>220.333848</ele><time>2026-03-14T17:51:59Z</time><extensions><speed>2.505741</speed><course>193.271842</course><hAcc>1.762016</hAcc><vAcc>0.935301</vAcc></extensions></trkpt>
      <trkpt lon="34.991912" lat="31.899490"><ele>220.135464</ele><time>2026-03-14T17:52:00Z</time><extensions><speed>2.376946</speed><course>192.940656</course><hAcc>1.753570</hAcc><vAcc>0.929689</vAcc></extensions></trkpt>
      <trkpt lon="34.991907" lat="31.899469"><ele>219.934079</ele><time>2026-03-14T17:52:01Z</time><extensions><speed>2.329606</speed><course>192.501709</course><hAcc>1.746183</hAcc><vAcc>0.924222</vAcc></extensions></trkpt>
      <trkpt lon="34.991901" lat="31.899448"><ele>219.737873</ele><time>2026-03-14T17:52:02Z</time><extensions><speed>2.376827</speed><course>194.104096</course><hAcc>1.734449</hAcc><vAcc>0.918920</vAcc></extensions></trkpt>
      <trkpt lon="34.991895" lat="31.899428"><ele>219.566186</ele><time>2026-03-14T17:52:03Z</time><extensions><speed>2.314849</speed><course>193.239738</course><hAcc>1.723131</hAcc><vAcc>0.913425</vAcc></extensions></trkpt>
      <trkpt lon="34.991890" lat="31.899408"><ele>219.374022</ele><time>2026-03-14T17:52:04Z</time><extensions><speed>2.290256</speed><course>193.945036</course><hAcc>1.712912</hAcc><vAcc>0.907555</vAcc></extensions></trkpt>
      <trkpt lon="34.991884" lat="31.899388"><ele>219.180586</ele><time>2026-03-14T17:52:05Z</time><extensions><speed>2.279403</speed><course>193.616650</course><hAcc>1.702311</hAcc><vAcc>0.901495</vAcc></extensions></trkpt>
      <trkpt lon="34.991878" lat="31.899368"><ele>218.991189</ele><time>2026-03-14T17:52:06Z</time><extensions><speed>2.344667</speed><course>194.636976</course><hAcc>1.691876</hAcc><vAcc>0.895268</vAcc></extensions></trkpt>
      <trkpt lon="34.991872" lat="31.899348"><ele>218.802771</ele><time>2026-03-14T17:52:07Z</time><extensions><speed>2.292277</speed><course>195.199918</course><hAcc>1.678774</hAcc><vAcc>0.889022</vAcc></extensions></trkpt>
      <trkpt lon="34.991866" lat="31.899328"><ele>218.606488</ele><time>2026-03-14T17:52:08Z</time><extensions><speed>2.183320</speed><course>193.505437</course><hAcc>1.669229</hAcc><vAcc>0.883143</vAcc></extensions></trkpt>
      <trkpt lon="34.991861" lat="31.899309"><ele>218.399497</ele><time>2026-03-14T17:52:09Z</time><extensions><speed>2.180200</speed><course>193.711618</course><hAcc>1.659232</hAcc><vAcc>0.877674</vAcc></extensions></trkpt>
      <trkpt lon="34.991855" lat="31.899290"><ele>218.182235</ele><time>2026-03-14T17:52:10Z</time><extensions><speed>2.216049</speed><course>194.184361</course><hAcc>1.648483</hAcc><vAcc>0.872228</vAcc></extensions></trkpt>
      <trkpt lon="34.991849" lat="31.899270"><ele>217.965875</ele><time>2026-03-14T17:52:11Z</time><extensions><speed>2.316176</speed><course>194.619547</course><hAcc>1.635883</hAcc><vAcc>0.866879</vAcc></extensions></trkpt>
      <trkpt lon="34.991843" lat="31.899250"><ele>217.688364</ele><time>2026-03-14T17:52:12Z</time><extensions><speed>2.367994</speed><course>194.853882</course><hAcc>1.624817</hAcc><vAcc>0.861210</vAcc></extensions></trkpt>
      <trkpt lon="34.991837" lat="31.899229"><ele>217.409238</ele><time>2026-03-14T17:52:13Z</time><extensions><speed>2.384703</speed><course>194.407240</course><hAcc>1.617278</hAcc><vAcc>0.855850</vAcc></extensions></trkpt>
      <trkpt lon="34.991830" lat="31.899208"><ele>217.130357</ele><time>2026-03-14T17:52:14Z</time><extensions><speed>2.439137</speed><course>195.559809</course><hAcc>1.610657</hAcc><vAcc>0.850587</vAcc></extensions></trkpt>
      <trkpt lon="34.991823" lat="31.899187"><ele>216.809653</ele><time>2026-03-14T17:52:15Z</time><extensions><speed>2.498373</speed><course>197.921517</course><hAcc>1.601064</hAcc><vAcc>0.846140</vAcc></extensions></trkpt>
      <trkpt lon="34.991814" lat="31.899166"><ele>216.487390</ele><time>2026-03-14T17:52:16Z</time><extensions><speed>2.467073</speed><course>198.975123</course><hAcc>1.594349</hAcc><vAcc>0.841389</vAcc></extensions></trkpt>
      <trkpt lon="34.991806" lat="31.899145"><ele>216.175522</ele><time>2026-03-14T17:52:17Z</time><extensions><speed>2.403978</speed><course>199.208296</course><hAcc>1.585573</hAcc><vAcc>0.837656</vAcc></extensions></trkpt>
      <trkpt lon="34.991798" lat="31.899125"><ele>215.844187</ele><time>2026-03-14T17:52:18Z</time><extensions><speed>2.322022</speed><course>199.981115</course><hAcc>1.580843</hAcc><vAcc>0.834436</vAcc></extensions></trkpt>
      <trkpt lon="34.991789" lat="31.899106"><ele>215.501119</ele><time>2026-03-14T17:52:19Z</time><extensions><speed>2.358044</speed><course>204.063066</course><hAcc>1.574534</hAcc><vAcc>0.831506</vAcc></extensions></trkpt>
      <trkpt lon="34.991779" lat="31.899087"><ele>215.172743</ele><time>2026-03-14T17:52:20Z</time><extensions><speed>2.240108</speed><course>202.754167</course><hAcc>1.561480</hAcc><vAcc>0.828989</vAcc></extensions></trkpt>
      <trkpt lon="34.991770" lat="31.899069"><ele>214.858921</ele><time>2026-03-14T17:52:21Z</time><extensions><speed>2.140188</speed><course>203.353284</course><hAcc>1.551796</hAcc><vAcc>0.827342</vAcc></extensions></trkpt>
      <trkpt lon="34.991762" lat="31.899052"><ele>214.549188</ele><time>2026-03-14T17:52:22Z</time><extensions><speed>2.018888</speed><course>204.460012</course><hAcc>1.555076</hAcc><vAcc>0.826211</vAcc></extensions></trkpt>
      <trkpt lon="34.991752" lat="31.899034"><ele>214.247590</ele><time>2026-03-14T17:52:23Z</time><extensions><speed>2.191637</speed><course>205.039560</course><hAcc>1.545233</hAcc><vAcc>0.825728</vAcc></extensions></trkpt>
      <trkpt lon="34.991742" lat="31.899016"><ele>213.970222</ele><time>2026-03-14T17:52:24Z</time><extensions><speed>2.327395</speed><course>206.573050</course><hAcc>1.540810</hAcc><vAcc>0.825238</vAcc></extensions></trkpt>
      <trkpt lon="34.991730" lat="31.898997"><ele>213.728199</ele><time>2026-03-14T17:52:25Z</time><extensions><speed>2.537263</speed><course>211.333083</course><hAcc>1.550880</hAcc><vAcc>0.825424</vAcc></extensions></trkpt>
      <trkpt lon="34.991716" lat="31.898978"><ele>213.508811</ele><time>2026-03-14T17:52:26Z</time><extensions><speed>2.484221</speed><course>212.346427</course><hAcc>1.557600</hAcc><vAcc>0.825754</vAcc></extensions></trkpt>
      <trkpt lon="34.991704" lat="31.898959"><ele>213.318593</ele><time>2026-03-14T17:52:27Z</time><extensions><speed>2.257277</speed><course>203.472887</course><hAcc>1.564904</hAcc><vAcc>0.826842</vAcc></extensions></trkpt>
      <trkpt lon="34.991695" lat="31.898940"><ele>213.145122</ele><time>2026-03-14T17:52:28Z</time><extensions><speed>2.205713</speed><course>199.086060</course><hAcc>1.574303</hAcc><vAcc>0.828219</vAcc></extensions></trkpt>
      <trkpt lon="34.991689" lat="31.898921"><ele>212.978612</ele><time>2026-03-14T17:52:29Z</time><extensions><speed>2.220082</speed><course>195.043718</course><hAcc>1.582186</hAcc><vAcc>0.829587</vAcc></extensions></trkpt>
      <trkpt lon="34.991682" lat="31.898902"><ele>212.828291</ele><time>2026-03-14T17:52:30Z</time><extensions><speed>2.238082</speed><course>195.469572</course><hAcc>1.583029</hAcc><vAcc>0.830729</vAcc></extensions></trkpt>
      <trkpt lon="34.991676" lat="31.898882"><ele>212.695027</ele><time>2026-03-14T17:52:31Z</time><extensions><speed>2.258370</speed><course>195.098720</course><hAcc>1.581068</hAcc><vAcc>0.832025</vAcc></extensions></trkpt>
      <trkpt lon="34.991670" lat="31.898863"><ele>212.568208</ele><time>2026-03-14T17:52:32Z</time><extensions><speed>2.273319</speed><course>195.452936</course><hAcc>1.577674</hAcc><vAcc>0.833035</vAcc></extensions></trkpt>
      <trkpt lon="34.991663" lat="31.898843"><ele>212.458713</ele><time>2026-03-14T17:52:33Z</time><extensions><speed>2.339491</speed><course>196.705619</course><hAcc>1.573594</hAcc><vAcc>0.834306</vAcc></extensions></trkpt>
      <trkpt lon="34.991656" lat="31.898822"><ele>212.355791</ele><time>2026-03-14T17:52:34Z</time><extensions><speed>2.427830</speed><course>198.503246</course><hAcc>1.565725</hAcc><vAcc>0.835624</vAcc></extensions></trkpt>
      <trkpt lon="34.991646" lat="31.898801"><ele>212.255101</ele><time>2026-03-14T17:52:35Z</time><extensions><speed>2.581123</speed><course>205.150026</course><hAcc>1.558331</hAcc><vAcc>0.837423</vAcc></extensions></trkpt>
      <trkpt lon="34.991635" lat="31.898780"><ele>212.135109</ele><time>2026-03-14T17:52:36Z</time><extensions><speed>2.454847</speed><course>202.674702</course><hAcc>1.552840</hAcc><vAcc>0.839538</vAcc></extensions></trkpt>
      <trkpt lon="34.991626" lat="31.898760"><ele>212.011798</ele><time>2026-03-14T17:52:37Z</time><extensions><speed>2.348480</speed><course>199.410910</course><hAcc>1.551881</hAcc><vAcc>0.841709</vAcc></extensions></trkpt>
      <trkpt lon="34.991618" lat="31.898740"><ele>211.887215</ele><time>2026-03-14T17:52:38Z</time><extensions><speed>2.325360</speed><course>199.191791</course><hAcc>1.550994</hAcc><vAcc>0.843686</vAcc></extensions></trkpt>
      <trkpt lon="34.991610" lat="31.898720"><ele>211.745061</ele><time>2026-03-14T17:52:39Z</time><extensions><speed>2.360029</speed><course>198.828042</course><hAcc>1.547730</hAcc><vAcc>0.845493</vAcc></extensions></trkpt>
      <trkpt lon="34.991602" lat="31.898700"><ele>211.600530</ele><time>2026-03-14T17:52:40Z</time><extensions><speed>2.400565</speed><course>198.382088</course><hAcc>1.543518</hAcc><vAcc>0.846932</vAcc></extensions></trkpt>
      <trkpt lon="34.991593" lat="31.898680"><ele>211.442260</ele><time>2026-03-14T17:52:42Z</time><extensions><speed>2.406786</speed><course>200.618245</course><hAcc>1.538511</hAcc><vAcc>0.847765</vAcc></extensions></trkpt>
      <trkpt lon="34.991584" lat="31.898659"><ele>211.279978</ele><time>2026-03-14T17:52:43Z</time><extensions><speed>2.402306</speed><course>201.935722</course><hAcc>1.538704</hAcc><vAcc>0.848511</vAcc></extensions></trkpt>
      <trkpt lon="34.991575" lat="31.898639"><ele>211.114573</ele><time>2026-03-14T17:52:44Z</time><extensions><speed>2.393341</speed><course>200.304515</course><hAcc>1.544164</hAcc><vAcc>0.848893</vAcc></extensions></trkpt>
      <trkpt lon="34.991566" lat="31.898619"><ele>210.936928</ele><time>2026-03-14T17:52:45Z</time><extensions><speed>2.399793</speed><course>200.559084</course><hAcc>1.542667</hAcc><vAcc>0.848506</vAcc></extensions></trkpt>
      <trkpt lon="34.991557" lat="31.898598"><ele>210.738071</ele><time>2026-03-14T17:52:46Z</time><extensions><speed>2.463835</speed><course>201.644335</course><hAcc>1.541596</hAcc><vAcc>0.847242</vAcc></extensions></trkpt>
      <trkpt lon="34.991547" lat="31.898578"><ele>210.519103</ele><time>2026-03-14T17:52:47Z</time><extensions><speed>2.532975</speed><course>204.545724</course><hAcc>1.539475</hAcc><vAcc>0.845291</vAcc></extensions></trkpt>
      <trkpt lon="34.991534" lat="31.898557"><ele>210.274280</ele><time>2026-03-14T17:52:48Z</time><extensions><speed>2.624888</speed><course>209.346463</course><hAcc>1.534431</hAcc><vAcc>0.842816</vAcc></extensions></trkpt>
      <trkpt lon="34.991522" lat="31.898536"><ele>210.018587</ele><time>2026-03-14T17:52:49Z</time><extensions><speed>2.571672</speed><course>205.308294</course><hAcc>1.522699</hAcc><vAcc>0.839855</vAcc></extensions></trkpt>
      <trkpt lon="34.991511" lat="31.898515"><ele>209.755879</ele><time>2026-03-14T17:52:50Z</time><extensions><speed>2.490222</speed><course>201.712110</course><hAcc>1.507995</hAcc><vAcc>0.836749</vAcc></extensions></trkpt>
      <trkpt lon="34.991502" lat="31.898495"><ele>209.466736</ele><time>2026-03-14T17:52:51Z</time><extensions><speed>2.395516</speed><course>198.533629</course><hAcc>1.495570</hAcc><vAcc>0.833680</vAcc></extensions></trkpt>
      <trkpt lon="34.991494" lat="31.898474"><ele>209.174289</ele><time>2026-03-14T17:52:52Z</time><extensions><speed>2.394703</speed><course>196.312413</course><hAcc>1.490027</hAcc><vAcc>0.830820</vAcc></extensions></trkpt>
      <trkpt lon="34.991487" lat="31.898454"><ele>208.868632</ele><time>2026-03-14T17:52:53Z</time><extensions><speed>2.383598</speed><course>197.576387</course><hAcc>1.488760</hAcc><vAcc>0.828083</vAcc></extensions></trkpt>
      <trkpt lon="34.991479" lat="31.898433"><ele>208.551779</ele><time>2026-03-14T17:52:54Z</time><extensions><speed>2.367740</speed><course>199.912989</course><hAcc>1.480267</hAcc><vAcc>0.825765</vAcc></extensions></trkpt>
      <trkpt lon="34.991470" lat="31.898413"><ele>208.237997</ele><time>2026-03-14T17:52:55Z</time><extensions><speed>2.379684</speed><course>201.900457</course><hAcc>1.471134</hAcc><vAcc>0.823577</vAcc></extensions></trkpt>
      <trkpt lon="34.991461" lat="31.898393"><ele>207.902241</ele><time>2026-03-14T17:52:56Z</time><extensions><speed>2.426712</speed><course>201.942343</course><hAcc>1.462057</hAcc><vAcc>0.821759</vAcc></extensions></trkpt>
      <trkpt lon="34.991451" lat="31.898373"><ele>207.571986</ele><time>2026-03-14T17:52:57Z</time><extensions><speed>2.444201</speed><course>203.344091</course><hAcc>1.458341</hAcc><vAcc>0.820152</vAcc></extensions></trkpt>
      <trkpt lon="34.991440" lat="31.898353"><ele>207.219165</ele><time>2026-03-14T17:52:58Z</time><extensions><speed>2.448892</speed><course>205.906173</course><hAcc>1.454649</hAcc><vAcc>0.819142</vAcc></extensions></trkpt>
      <trkpt lon="34.991429" lat="31.898333"><ele>206.855854</ele><time>2026-03-14T17:52:59Z</time><extensions><speed>2.402451</speed><course>207.346447</course><hAcc>1.454649</hAcc><vAcc>0.818602</vAcc></extensions></trkpt>
      <trkpt lon="34.991418" lat="31.898314"><ele>206.468706</ele><time>2026-03-14T17:53:00Z</time><extensions><speed>2.347462</speed><course>204.461563</course><hAcc>1.457160</hAcc><vAcc>0.818272</vAcc></extensions></trkpt>
      <trkpt lon="34.991407" lat="31.898295"><ele>206.063562</ele><time>2026-03-14T17:53:01Z</time><extensions><speed>2.389761</speed><course>203.879723</course><hAcc>1.462133</hAcc><vAcc>0.818075</vAcc></extensions></trkpt>
      <trkpt lon="34.991397" lat="31.898275"><ele>205.651376</ele><time>2026-03-14T17:53:02Z</time><extensions><speed>2.430278</speed><course>203.766544</course><hAcc>1.467910</hAcc><vAcc>0.818213</vAcc></extensions></trkpt>
      <trkpt lon="34.991388" lat="31.898254"><ele>205.221439</ele><time>2026-03-14T17:53:03Z</time><extensions><speed>2.419915</speed><course>198.570170</course><hAcc>1.468956</hAcc><vAcc>0.818408</vAcc></extensions></trkpt>
      <trkpt lon="34.991380" lat="31.898234"><ele>204.777664</ele><time>2026-03-14T17:53:04Z</time><extensions><speed>2.412720</speed><course>195.062299</course><hAcc>1.469167</hAcc><vAcc>0.818590</vAcc></extensions></trkpt>
      <trkpt lon="34.991374" lat="31.898213"><ele>204.316690</ele><time>2026-03-14T17:53:05Z</time><extensions><speed>2.389692</speed><course>192.790290</course><hAcc>1.468230</hAcc><vAcc>0.818646</vAcc></extensions></trkpt>
      <trkpt lon="34.991368" lat="31.898191"><ele>203.845635</ele><time>2026-03-14T17:53:06Z</time><extensions><speed>2.430072</speed><course>194.085722</course><hAcc>1.467862</hAcc><vAcc>0.818904</vAcc></extensions></trkpt>
      <trkpt lon="34.991362" lat="31.898170"><ele>203.359330</ele><time>2026-03-14T17:53:07Z</time><extensions><speed>2.474719</speed><course>194.869868</course><hAcc>1.468341</hAcc><vAcc>0.819350</vAcc></extensions></trkpt>
      <trkpt lon="34.991355" lat="31.898149"><ele>202.870918</ele><time>2026-03-14T17:53:08Z</time><extensions><speed>2.425592</speed><course>197.938422</course><hAcc>1.467493</hAcc><vAcc>0.819919</vAcc></extensions></trkpt>
      <trkpt lon="34.991346" lat="31.898128"><ele>202.356968</ele><time>2026-03-14T17:53:09Z</time><extensions><speed>2.386251</speed><course>200.478298</course><hAcc>1.464074</hAcc><vAcc>0.820271</vAcc></extensions></trkpt>
      <trkpt lon="34.991337" lat="31.898108"><ele>201.824427</ele><time>2026-03-14T17:53:10Z</time><extensions><speed>2.420849</speed><course>203.536588</course><hAcc>1.466138</hAcc><vAcc>0.820734</vAcc></extensions></trkpt>
      <trkpt lon="34.991327" lat="31.898088"><ele>201.273734</ele><time>2026-03-14T17:53:11Z</time><extensions><speed>2.429784</speed><course>202.691330</course><hAcc>1.463958</hAcc><vAcc>0.821637</vAcc></extensions></trkpt>
      <trkpt lon="34.991317" lat="31.898068"><ele>200.724775</ele><time>2026-03-14T17:53:12Z</time><extensions><speed>2.398090</speed><course>200.923101</course><hAcc>1.466345</hAcc><vAcc>0.822922</vAcc></extensions></trkpt>
      <trkpt lon="34.991308" lat="31.898048"><ele>200.170365</ele><time>2026-03-14T17:53:13Z</time><extensions><speed>2.377660</speed><course>200.917219</course><hAcc>1.474278</hAcc><vAcc>0.824621</vAcc></extensions></trkpt>
      <trkpt lon="34.991299" lat="31.898028"><ele>199.616227</ele><time>2026-03-14T17:53:14Z</time><extensions><speed>2.373311</speed><course>201.280882</course><hAcc>1.476055</hAcc><vAcc>0.826844</vAcc></extensions></trkpt>
      <trkpt lon="34.991291" lat="31.898008"><ele>199.060657</ele><time>2026-03-14T17:53:15Z</time><extensions><speed>2.386419</speed><course>198.858526</course><hAcc>1.479409</hAcc><vAcc>0.829385</vAcc></extensions></trkpt>
      <trkpt lon="34.991283" lat="31.897987"><ele>198.499109</ele><time>2026-03-14T17:53:16Z</time><extensions><speed>2.407319</speed><course>196.689724</course><hAcc>1.484886</hAcc><vAcc>0.833066</vAcc></extensions></trkpt>
      <trkpt lon="34.991276" lat="31.897966"><ele>197.930452</ele><time>2026-03-14T17:53:17Z</time><extensions><speed>2.458512</speed><course>196.560732</course><hAcc>1.493141</hAcc><vAcc>0.837487</vAcc></extensions></trkpt>
      <trkpt lon="34.991268" lat="31.897945"><ele>197.372451</ele><time>2026-03-14T17:53:18Z</time><extensions><speed>2.512857</speed><course>198.060821</course><hAcc>1.499401</hAcc><vAcc>0.842605</vAcc></extensions></trkpt>
      <trkpt lon="34.991259" lat="31.897923"><ele>196.820351</ele><time>2026-03-14T17:53:19Z</time><extensions><speed>2.508315</speed><course>199.172157</course><hAcc>1.505303</hAcc><vAcc>0.848758</vAcc></extensions></trkpt>
      <trkpt lon="34.991251" lat="31.897902"><ele>196.286259</ele><time>2026-03-14T17:53:20Z</time><extensions><speed>2.429100</speed><course>199.688059</course><hAcc>1.515273</hAcc><vAcc>0.855441</vAcc></extensions></trkpt>
      <trkpt lon="34.991242" lat="31.897882"><ele>195.758504</ele><time>2026-03-14T17:53:21Z</time><extensions><speed>2.409948</speed><course>199.008293</course><hAcc>1.530866</hAcc><vAcc>0.863497</vAcc></extensions></trkpt>
      <trkpt lon="34.991234" lat="31.897861"><ele>195.241374</ele><time>2026-03-14T17:53:22Z</time><extensions><speed>2.394867</speed><course>197.904865</course><hAcc>1.543499</hAcc><vAcc>0.872786</vAcc></extensions></trkpt>
      <trkpt lon="34.991227" lat="31.897841"><ele>194.725713</ele><time>2026-03-14T17:53:22Z</time><extensions><speed>2.384800</speed><course>197.248600</course><hAcc>1.562216</hAcc><vAcc>0.882885</vAcc></extensions></trkpt>
      <trkpt lon="34.991219" lat="31.897820"><ele>194.221421</ele><time>2026-03-14T17:53:23Z</time><extensions><speed>2.357489</speed><course>198.770003</course><hAcc>1.585637</hAcc><vAcc>0.893668</vAcc></extensions></trkpt>
      <trkpt lon="34.991210" lat="31.897800"><ele>193.738292</ele><time>2026-03-14T17:53:24Z</time><extensions><speed>2.360936</speed><course>201.778325</course><hAcc>1.609840</hAcc><vAcc>0.905302</vAcc></extensions></trkpt>
      <trkpt lon="34.991200" lat="31.897781"><ele>193.281102</ele><time>2026-03-14T17:53:25Z</time><extensions><speed>2.433147</speed><course>204.394903</course><hAcc>1.639280</hAcc><vAcc>0.917857</vAcc></extensions></trkpt>
      <trkpt lon="34.991189" lat="31.897760"><ele>192.838503</ele><time>2026-03-14T17:53:26Z</time><extensions><speed>2.540594</speed><course>207.736991</course><hAcc>1.660650</hAcc><vAcc>0.930832</vAcc></extensions></trkpt>
      <trkpt lon="34.991177" lat="31.897740"><ele>192.405595</ele><time>2026-03-14T17:53:27Z</time><extensions><speed>2.517613</speed><course>204.922922</course><hAcc>1.677818</hAcc><vAcc>0.944312</vAcc></extensions></trkpt>
      <trkpt lon="34.991166" lat="31.897719"><ele>191.996390</ele><time>2026-03-14T17:53:28Z</time><extensions><speed>2.470094</speed><course>201.563142</course><hAcc>1.695703</hAcc><vAcc>0.957947</vAcc></extensions></trkpt>
      <trkpt lon="34.991157" lat="31.897699"><ele>191.601846</ele><time>2026-03-14T17:53:29Z</time><extensions><speed>2.440567</speed><course>199.981257</course><hAcc>1.713240</hAcc><vAcc>0.971206</vAcc></extensions></trkpt>
      <trkpt lon="34.991148" lat="31.897678"><ele>191.230574</ele><time>2026-03-14T17:53:30Z</time><extensions><speed>2.439796</speed><course>200.202531</course><hAcc>1.731095</hAcc><vAcc>0.985235</vAcc></extensions></trkpt>
      <trkpt lon="34.991139" lat="31.897657"><ele>190.874925</ele><time>2026-03-14T17:53:31Z</time><extensions><speed>2.492850</speed><course>200.280807</course><hAcc>1.751988</hAcc><vAcc>0.999900</vAcc></extensions></trkpt>
      <trkpt lon="34.991130" lat="31.897636"><ele>190.539111</ele><time>2026-03-14T17:53:32Z</time><extensions><speed>2.497355</speed><course>200.514415</course><hAcc>1.770744</hAcc><vAcc>1.015487</vAcc></extensions></trkpt>
      <trkpt lon="34.991121" lat="31.897615"><ele>190.227577</ele><time>2026-03-14T17:53:33Z</time><extensions><speed>2.449671</speed><course>200.571896</course><hAcc>1.786278</hAcc><vAcc>1.031404</vAcc></extensions></trkpt>
      <trkpt lon="34.991111" lat="31.897595"><ele>189.941416</ele><time>2026-03-14T17:53:34Z</time><extensions><speed>2.433380</speed><course>201.990554</course><hAcc>1.806443</hAcc><vAcc>1.046635</vAcc></extensions></trkpt>
      <trkpt lon="34.991102" lat="31.897574"><ele>189.686231</ele><time>2026-03-14T17:53:35Z</time><extensions><speed>2.448246</speed><course>202.755680</course><hAcc>1.823860</hAcc><vAcc>1.062479</vAcc></extensions></trkpt>
      <trkpt lon="34.991092" lat="31.897554"><ele>189.461643</ele><time>2026-03-14T17:53:36Z</time><extensions><speed>2.425099</speed><course>202.506217</course><hAcc>1.841258</hAcc><vAcc>1.079005</vAcc></extensions></trkpt>
      <trkpt lon="34.991081" lat="31.897534"><ele>189.296651</ele><time>2026-03-14T17:53:37Z</time><extensions><speed>2.551617</speed><course>202.874015</course><hAcc>1.861995</hAcc><vAcc>1.094598</vAcc></extensions></trkpt>
      <trkpt lon="34.991071" lat="31.897512"><ele>189.142412</ele><time>2026-03-14T17:53:38Z</time><extensions><speed>2.507371</speed><course>201.307545</course><hAcc>1.880878</hAcc><vAcc>1.110871</vAcc></extensions></trkpt>
      <trkpt lon="34.991062" lat="31.897492"><ele>189.025404</ele><time>2026-03-14T17:53:39Z</time><extensions><speed>2.473798</speed><course>202.118085</course><hAcc>1.898543</hAcc><vAcc>1.127957</vAcc></extensions></trkpt>
      <trkpt lon="34.991052" lat="31.897471"><ele>188.955739</ele><time>2026-03-14T17:53:40Z</time><extensions><speed>2.478998</speed><course>201.302385</course><hAcc>1.916821</hAcc><vAcc>1.144250</vAcc></extensions></trkpt>
      <trkpt lon="34.991042" lat="31.897450"><ele>188.937610</ele><time>2026-03-14T17:53:41Z</time><extensions><speed>2.519070</speed><course>200.453273</course><hAcc>1.937148</hAcc><vAcc>1.161118</vAcc></extensions></trkpt>
      <trkpt lon="34.991032" lat="31.897429"><ele>188.934082</ele><time>2026-03-14T17:53:42Z</time><extensions><speed>2.537080</speed><course>203.295492</course><hAcc>1.959076</hAcc><vAcc>1.177697</vAcc></extensions></trkpt>
      <trkpt lon="34.991022" lat="31.897408"><ele>188.970941</ele><time>2026-03-14T17:53:43Z</time><extensions><speed>2.566724</speed><course>202.641143</course><hAcc>1.977512</hAcc><vAcc>1.191915</vAcc></extensions></trkpt>
      <trkpt lon="34.991011" lat="31.897387"><ele>189.021347</ele><time>2026-03-14T17:53:44Z</time><extensions><speed>2.456331</speed><course>200.888932</course><hAcc>1.994265</hAcc><vAcc>1.205736</vAcc></extensions></trkpt>
      <trkpt lon="34.991002" lat="31.897366"><ele>189.169745</ele><time>2026-03-14T17:53:45Z</time><extensions><speed>2.444654</speed><course>200.740818</course><hAcc>2.010619</hAcc><vAcc>1.217784</vAcc></extensions></trkpt>
      <trkpt lon="34.990992" lat="31.897345"><ele>189.360887</ele><time>2026-03-14T17:53:46Z</time><extensions><speed>2.484028</speed><course>202.775075</course><hAcc>2.015901</hAcc><vAcc>1.227683</vAcc></extensions></trkpt>
      <trkpt lon="34.990981" lat="31.897325"><ele>189.582256</ele><time>2026-03-14T17:53:47Z</time><extensions><speed>2.499649</speed><course>205.465688</course><hAcc>2.024703</hAcc><vAcc>1.237877</vAcc></extensions></trkpt>
      <trkpt lon="34.990970" lat="31.897304"><ele>189.838532</ele><time>2026-03-14T17:53:48Z</time><extensions><speed>2.529900</speed><course>205.029290</course><hAcc>2.039349</hAcc><vAcc>1.246575</vAcc></extensions></trkpt>
      <trkpt lon="34.990959" lat="31.897284"><ele>190.142240</ele><time>2026-03-14T17:53:49Z</time><extensions><speed>2.505057</speed><course>204.633787</course><hAcc>2.051161</hAcc><vAcc>1.253500</vAcc></extensions></trkpt>
      <trkpt lon="34.990948" lat="31.897263"><ele>190.478399</ele><time>2026-03-14T17:53:50Z</time><extensions><speed>2.518189</speed><course>203.429936</course><hAcc>2.059005</hAcc><vAcc>1.258077</vAcc></extensions></trkpt>
      <trkpt lon="34.990938" lat="31.897243"><ele>190.884829</ele><time>2026-03-14T17:53:51Z</time><extensions><speed>2.455226</speed><course>201.581545</course><hAcc>2.065434</hAcc><vAcc>1.260418</vAcc></extensions></trkpt>
      <trkpt lon="34.990928" lat="31.897222"><ele>191.304731</ele><time>2026-03-14T17:53:52Z</time><extensions><speed>2.450344</speed><course>203.109107</course><hAcc>2.069037</hAcc><vAcc>1.262382</vAcc></extensions></trkpt>
      <trkpt lon="34.990916" lat="31.897202"><ele>191.757201</ele><time>2026-03-14T17:53:53Z</time><extensions><speed>2.568369</speed><course>207.161893</course><hAcc>2.066821</hAcc><vAcc>1.262720</vAcc></extensions></trkpt>
      <trkpt lon="34.990903" lat="31.897181"><ele>192.241857</ele><time>2026-03-14T17:53:54Z</time><extensions><speed>2.747574</speed><course>210.206781</course><hAcc>2.064056</hAcc><vAcc>1.261831</vAcc></extensions></trkpt>
      <trkpt lon="34.990889" lat="31.897159"><ele>192.759557</ele><time>2026-03-14T17:53:55Z</time><extensions><speed>2.674219</speed><course>207.265931</course><hAcc>2.061182</hAcc><vAcc>1.259221</vAcc></extensions></trkpt>
      <trkpt lon="34.990877" lat="31.897138"><ele>193.307212</ele><time>2026-03-14T17:53:56Z</time><extensions><speed>2.560057</speed><course>206.800814</course><hAcc>2.056431</hAcc><vAcc>1.255465</vAcc></extensions></trkpt>
      <trkpt lon="34.990865" lat="31.897118"><ele>193.863651</ele><time>2026-03-14T17:53:57Z</time><extensions><speed>2.482308</speed><course>205.780520</course><hAcc>2.052083</hAcc><vAcc>1.251054</vAcc></extensions></trkpt>
      <trkpt lon="34.990854" lat="31.897098"><ele>194.432217</ele><time>2026-03-14T17:53:58Z</time><extensions><speed>2.419823</speed><course>204.279371</course><hAcc>2.047829</hAcc><vAcc>1.246574</vAcc></extensions></trkpt>
      <trkpt lon="34.990843" lat="31.897078"><ele>195.019826</ele><time>2026-03-14T17:53:59Z</time><extensions><speed>2.443266</speed><course>202.721665</course><hAcc>2.039518</hAcc><vAcc>1.239329</vAcc></extensions></trkpt>
      <trkpt lon="34.990833" lat="31.897057"><ele>195.604461</ele><time>2026-03-14T17:54:00Z</time><extensions><speed>2.439610</speed><course>201.885054</course><hAcc>2.027665</hAcc><vAcc>1.231309</vAcc></extensions></trkpt>
      <trkpt lon="34.990823" lat="31.897037"><ele>196.194640</ele><time>2026-03-14T17:54:01Z</time><extensions><speed>2.441332</speed><course>203.897430</course><hAcc>2.012452</hAcc><vAcc>1.221694</vAcc></extensions></trkpt>
      <trkpt lon="34.990812" lat="31.897017"><ele>196.778164</ele><time>2026-03-14T17:54:02Z</time><extensions><speed>2.467876</speed><course>205.615728</course><hAcc>1.999150</hAcc><vAcc>1.212306</vAcc></extensions></trkpt>
      <trkpt lon="34.990801" lat="31.896997"><ele>197.351488</ele><time>2026-03-14T17:54:03Z</time><extensions><speed>2.490564</speed><course>203.508751</course><hAcc>1.985343</hAcc><vAcc>1.203534</vAcc></extensions></trkpt>
      <trkpt lon="34.990791" lat="31.896977"><ele>197.912773</ele><time>2026-03-14T17:54:04Z</time><extensions><speed>2.436520</speed><course>201.406816</course><hAcc>1.974928</hAcc><vAcc>1.194836</vAcc></extensions></trkpt>
      <trkpt lon="34.990782" lat="31.896956"><ele>198.464694</ele><time>2026-03-14T17:54:05Z</time><extensions><speed>2.362851</speed><course>199.497337</course><hAcc>1.960710</hAcc><vAcc>1.186176</vAcc></extensions></trkpt>
      <trkpt lon="34.990774" lat="31.896937"><ele>199.007999</ele><time>2026-03-14T17:54:06Z</time><extensions><speed>2.343762</speed><course>199.878515</course><hAcc>1.945780</hAcc><vAcc>1.176996</vAcc></extensions></trkpt>
      <trkpt lon="34.990765" lat="31.896917"><ele>199.530632</ele><time>2026-03-14T17:54:07Z</time><extensions><speed>2.385456</speed><course>199.927986</course><hAcc>1.931689</hAcc><vAcc>1.167778</vAcc></extensions></trkpt>
      <trkpt lon="34.990755" lat="31.896896"><ele>200.016677</ele><time>2026-03-14T17:54:08Z</time><extensions><speed>2.449464</speed><course>203.030743</course><hAcc>1.915535</hAcc><vAcc>1.158555</vAcc></extensions></trkpt>
      <trkpt lon="34.990744" lat="31.896876"><ele>200.489088</ele><time>2026-03-14T17:54:09Z</time><extensions><speed>2.536586</speed><course>206.265434</course><hAcc>1.903505</hAcc><vAcc>1.149080</vAcc></extensions></trkpt>
      <trkpt lon="34.990732" lat="31.896855"><ele>200.917200</ele><time>2026-03-14T17:54:10Z</time><extensions><speed>2.618060</speed><course>208.766014</course><hAcc>1.896005</hAcc><vAcc>1.138874</vAcc></extensions></trkpt>
      <trkpt lon="34.990719" lat="31.896835"><ele>201.349536</ele><time>2026-03-14T17:54:11Z</time><extensions><speed>2.522044</speed><course>206.544478</course><hAcc>1.892343</hAcc><vAcc>1.129041</vAcc></extensions></trkpt>
      <trkpt lon="34.990708" lat="31.896815"><ele>201.773592</ele><time>2026-03-14T17:54:12Z</time><extensions><speed>2.509819</speed><course>205.289314</course><hAcc>1.891059</hAcc><vAcc>1.119778</vAcc></extensions></trkpt>
      <trkpt lon="34.990697" lat="31.896794"><ele>202.157505</ele><time>2026-03-14T17:54:13Z</time><extensions><speed>2.517463</speed><course>203.329134</course><hAcc>1.891213</hAcc><vAcc>1.111180</vAcc></extensions></trkpt>
      <trkpt lon="34.990687" lat="31.896774"><ele>202.547461</ele><time>2026-03-14T17:54:14Z</time><extensions><speed>2.444006</speed><course>201.619447</course><hAcc>1.896105</hAcc><vAcc>1.103271</vAcc></extensions></trkpt>
      <trkpt lon="34.990677" lat="31.896753"><ele>202.900360</ele><time>2026-03-14T17:54:15Z</time><extensions><speed>2.411229</speed><course>202.389836</course><hAcc>1.901259</hAcc><vAcc>1.094611</vAcc></extensions></trkpt>
      <trkpt lon="34.990667" lat="31.896733"><ele>203.267260</ele><time>2026-03-14T17:54:16Z</time><extensions><speed>2.514461</speed><course>205.618642</course><hAcc>1.899145</hAcc><vAcc>1.085846</vAcc></extensions></trkpt>
      <trkpt lon="34.990655" lat="31.896713"><ele>203.602177</ele><time>2026-03-14T17:54:17Z</time><extensions><speed>2.498750</speed><course>205.138353</course><hAcc>1.894203</hAcc><vAcc>1.075845</vAcc></extensions></trkpt>
      <trkpt lon="34.990644" lat="31.896692"><ele>203.903765</ele><time>2026-03-14T17:54:18Z</time><extensions><speed>2.463286</speed><course>203.934087</course><hAcc>1.891152</hAcc><vAcc>1.067272</vAcc></extensions></trkpt>
      <trkpt lon="34.990634" lat="31.896672"><ele>204.189764</ele><time>2026-03-14T17:54:19Z</time><extensions><speed>2.464933</speed><course>201.943301</course><hAcc>1.883260</hAcc><vAcc>1.059008</vAcc></extensions></trkpt>
      <trkpt lon="34.990625" lat="31.896652"><ele>204.441601</ele><time>2026-03-14T17:54:20Z</time><extensions><speed>2.421007</speed><course>200.449455</course><hAcc>1.871981</hAcc><vAcc>1.050035</vAcc></extensions></trkpt>
      <trkpt lon="34.990616" lat="31.896631"><ele>204.704206</ele><time>2026-03-14T17:54:21Z</time><extensions><speed>2.457529</speed><course>201.065241</course><hAcc>1.860149</hAcc><vAcc>1.040918</vAcc></extensions></trkpt>
      <trkpt lon="34.990606" lat="31.896611"><ele>204.943101</ele><time>2026-03-14T17:54:22Z</time><extensions><speed>2.370456</speed><course>200.651674</course><hAcc>1.851091</hAcc><vAcc>1.033025</vAcc></extensions></trkpt>
      <trkpt lon="34.990598" lat="31.896591"><ele>205.183317</ele><time>2026-03-14T17:54:23Z</time><extensions><speed>2.279946</speed><course>198.911637</course><hAcc>1.843326</hAcc><vAcc>1.025191</vAcc></extensions></trkpt>
      <trkpt lon="34.990591" lat="31.896572"><ele>205.417477</ele><time>2026-03-14T17:54:24Z</time><extensions><speed>2.232155</speed><course>196.861273</course><hAcc>1.834460</hAcc><vAcc>1.018444</vAcc></extensions></trkpt>
      <trkpt lon="34.990584" lat="31.896552"><ele>205.645858</ele><time>2026-03-14T17:54:25Z</time><extensions><speed>2.334883</speed><course>195.531697</course><hAcc>1.818508</hAcc><vAcc>1.012460</vAcc></extensions></trkpt>
      <trkpt lon="34.990577" lat="31.896532"><ele>205.872517</ele><time>2026-03-14T17:54:26Z</time><extensions><speed>2.385038</speed><course>198.106449</course><hAcc>1.809576</hAcc><vAcc>1.007325</vAcc></extensions></trkpt>
      <trkpt lon="34.990568" lat="31.896511"><ele>206.089182</ele><time>2026-03-14T17:54:27Z</time><extensions><speed>2.369816</speed><course>201.572581</course><hAcc>1.802209</hAcc><vAcc>1.001978</vAcc></extensions></trkpt>
      <trkpt lon="34.990559" lat="31.896492"><ele>206.280465</ele><time>2026-03-14T17:54:28Z</time><extensions><speed>2.356502</speed><course>204.052773</course><hAcc>1.797050</hAcc><vAcc>0.997945</vAcc></extensions></trkpt>
      <trkpt lon="34.990547" lat="31.896472"><ele>206.458544</ele><time>2026-03-14T17:54:29Z</time><extensions><speed>2.486849</speed><course>208.506263</course><hAcc>1.792275</hAcc><vAcc>0.994433</vAcc></extensions></trkpt>
      <trkpt lon="34.990535" lat="31.896452"><ele>206.633848</ele><time>2026-03-14T17:54:30Z</time><extensions><speed>2.527055</speed><course>207.028611</course><hAcc>1.789059</hAcc><vAcc>0.990885</vAcc></extensions></trkpt>
      <trkpt lon="34.990524" lat="31.896432"><ele>206.745034</ele><time>2026-03-14T17:54:31Z</time><extensions><speed>2.454566</speed><course>201.580017</course><hAcc>1.791350</hAcc><vAcc>0.988491</vAcc></extensions></trkpt>
      <trkpt lon="34.990514" lat="31.896411"><ele>206.881685</ele><time>2026-03-14T17:54:32Z</time><extensions><speed>2.445636</speed><course>200.028837</course><hAcc>1.798242</hAcc><vAcc>0.987295</vAcc></extensions></trkpt>
      <trkpt lon="34.990506" lat="31.896391"><ele>207.007532</ele><time>2026-03-14T17:54:33Z</time><extensions><speed>2.389002</speed><course>197.407467</course><hAcc>1.803530</hAcc><vAcc>0.986596</vAcc></extensions></trkpt>
      <trkpt lon="34.990498" lat="31.896370"><ele>207.129656</ele><time>2026-03-14T17:54:34Z</time><extensions><speed>2.362493</speed><course>197.512512</course><hAcc>1.807875</hAcc><vAcc>0.987451</vAcc></extensions></trkpt>
      <trkpt lon="34.990490" lat="31.896350"><ele>207.233126</ele><time>2026-03-14T17:54:35Z</time><extensions><speed>2.331862</speed><course>197.584085</course><hAcc>1.813759</hAcc><vAcc>0.988067</vAcc></extensions></trkpt>
      <trkpt lon="34.990483" lat="31.896330"><ele>207.321545</ele><time>2026-03-14T17:54:36Z</time><extensions><speed>2.317239</speed><course>197.252679</course><hAcc>1.819220</hAcc><vAcc>0.988065</vAcc></extensions></trkpt>
      <trkpt lon="34.990475" lat="31.896310"><ele>207.398249</ele><time>2026-03-14T17:54:37Z</time><extensions><speed>2.445037</speed><course>200.798643</course><hAcc>1.822136</hAcc><vAcc>0.990184</vAcc></extensions></trkpt>
      <trkpt lon="34.990464" lat="31.896289"><ele>207.408305</ele><time>2026-03-14T17:54:38Z</time><extensions><speed>2.598144</speed><course>205.655385</course><hAcc>1.828317</hAcc><vAcc>0.992343</vAcc></extensions></trkpt>
      <trkpt lon="34.990451" lat="31.896268"><ele>207.399476</ele><time>2026-03-14T17:54:39Z</time><extensions><speed>2.557494</speed><course>208.422792</course><hAcc>1.831587</hAcc><vAcc>0.994697</vAcc></extensions></trkpt>
      <trkpt lon="34.990438" lat="31.896248"><ele>207.369258</ele><time>2026-03-14T17:54:40Z</time><extensions><speed>2.523440</speed><course>213.364080</course><hAcc>1.837036</hAcc><vAcc>0.996774</vAcc></extensions></trkpt>
      <trkpt lon="34.990422" lat="31.896230"><ele>207.358593</ele><time>2026-03-14T17:54:41Z</time><extensions><speed>2.574150</speed><course>218.218083</course><hAcc>1.846699</hAcc><vAcc>0.998642</vAcc></extensions></trkpt>
      <trkpt lon="34.990405" lat="31.896211"><ele>207.314716</ele><time>2026-03-14T17:54:42Z</time><extensions><speed>2.624897</speed><course>216.805440</course><hAcc>1.851079</hAcc><vAcc>1.000921</vAcc></extensions></trkpt>
      <trkpt lon="34.990389" lat="31.896192"><ele>207.245500</ele><time>2026-03-14T17:54:43Z</time><extensions><speed>2.612839</speed><course>212.470362</course><hAcc>1.858695</hAcc><vAcc>1.003401</vAcc></extensions></trkpt>
      <trkpt lon="34.990375" lat="31.896172"><ele>207.186099</ele><time>2026-03-14T17:54:44Z</time><extensions><speed>2.568203</speed><course>210.947657</course><hAcc>1.869128</hAcc><vAcc>1.006045</vAcc></extensions></trkpt>
      <trkpt lon="34.990361" lat="31.896152"><ele>207.124835</ele><time>2026-03-14T17:54:45Z</time><extensions><speed>2.597929</speed><course>209.606715</course><hAcc>1.884185</hAcc><vAcc>1.008732</vAcc></extensions></trkpt>
      <trkpt lon="34.990348" lat="31.896131"><ele>207.064291</ele><time>2026-03-14T17:54:46Z</time><extensions><speed>2.601070</speed><course>209.212620</course><hAcc>1.903049</hAcc><vAcc>1.013096</vAcc></extensions></trkpt>
      <trkpt lon="34.990334" lat="31.896110"><ele>207.011056</ele><time>2026-03-14T17:54:48Z</time><extensions><speed>2.733260</speed><course>211.137647</course><hAcc>1.919399</hAcc><vAcc>1.017553</vAcc></extensions></trkpt>
      <trkpt lon="34.990318" lat="31.896089"><ele>206.973097</ele><time>2026-03-14T17:54:49Z</time><extensions><speed>2.916059</speed><course>211.308010</course><hAcc>1.935591</hAcc><vAcc>1.022001</vAcc></extensions></trkpt>
      <trkpt lon="34.990303" lat="31.896067"><ele>206.915448</ele><time>2026-03-14T17:54:50Z</time><extensions><speed>2.726889</speed><course>208.627993</course><hAcc>1.949600</hAcc><vAcc>1.026298</vAcc></extensions></trkpt>
      <trkpt lon="34.990291" lat="31.896046"><ele>206.879908</ele><time>2026-03-14T17:54:51Z</time><extensions><speed>2.569861</speed><course>206.031800</course><hAcc>1.956570</hAcc><vAcc>1.030096</vAcc></extensions></trkpt>
      <trkpt lon="34.990279" lat="31.896025"><ele>206.837178</ele><time>2026-03-14T17:54:52Z</time><extensions><speed>2.534643</speed><course>205.952720</course><hAcc>1.964734</hAcc><vAcc>1.034600</vAcc></extensions></trkpt>
      <trkpt lon="34.990267" lat="31.896005"><ele>206.769105</ele><time>2026-03-14T17:54:53Z</time><extensions><speed>2.557855</speed><course>207.519906</course><hAcc>1.970002</hAcc><vAcc>1.039769</vAcc></extensions></trkpt>
      <trkpt lon="34.990255" lat="31.895985"><ele>206.722360</ele><time>2026-03-14T17:54:54Z</time><extensions><speed>2.522705</speed><course>204.550553</course><hAcc>1.977064</hAcc><vAcc>1.045409</vAcc></extensions></trkpt>
      <trkpt lon="34.990245" lat="31.895964"><ele>206.653930</ele><time>2026-03-14T17:54:55Z</time><extensions><speed>2.508436</speed><course>202.701847</course><hAcc>1.985894</hAcc><vAcc>1.051624</vAcc></extensions></trkpt>
      <trkpt lon="34.990234" lat="31.895944"><ele>206.557265</ele><time>2026-03-14T17:54:56Z</time><extensions><speed>2.453755</speed><course>206.149720</course><hAcc>1.995894</hAcc><vAcc>1.057514</vAcc></extensions></trkpt>
      <trkpt lon="34.990223" lat="31.895924"><ele>206.504195</ele><time>2026-03-14T17:54:57Z</time><extensions><speed>2.390312</speed><course>206.439460</course><hAcc>2.007071</hAcc><vAcc>1.063059</vAcc></extensions></trkpt>
      <trkpt lon="34.990212" lat="31.895905"><ele>206.387896</ele><time>2026-03-14T17:54:58Z</time><extensions><speed>2.416507</speed><course>205.466350</course><hAcc>2.021630</hAcc><vAcc>1.067363</vAcc></extensions></trkpt>
      <trkpt lon="34.990201" lat="31.895885"><ele>206.279614</ele><time>2026-03-14T17:54:59Z</time><extensions><speed>2.424152</speed><course>205.713406</course><hAcc>2.030360</hAcc><vAcc>1.068275</vAcc></extensions></trkpt>
      <trkpt lon="34.990189" lat="31.895865"><ele>206.192033</ele><time>2026-03-14T17:55:00Z</time><extensions><speed>2.549957</speed><course>207.112665</course><hAcc>2.038218</hAcc><vAcc>1.067483</vAcc></extensions></trkpt>
      <trkpt lon="34.990177" lat="31.895845"><ele>206.070092</ele><time>2026-03-14T17:55:01Z</time><extensions><speed>2.396113</speed><course>210.588926</course><hAcc>2.052406</hAcc><vAcc>1.064190</vAcc></extensions></trkpt>
      <trkpt lon="34.990164" lat="31.895827"><ele>205.982353</ele><time>2026-03-14T17:55:02Z</time><extensions><speed>2.236656</speed><course>212.414185</course><hAcc>2.072056</hAcc><vAcc>1.059828</vAcc></extensions></trkpt>
      <trkpt lon="34.990152" lat="31.895810"><ele>205.829448</ele><time>2026-03-14T17:55:03Z</time><extensions><speed>2.178268</speed><course>211.631747</course><hAcc>2.100155</hAcc><vAcc>1.054867</vAcc></extensions></trkpt>
      <trkpt lon="34.990140" lat="31.895792"><ele>205.685361</ele><time>2026-03-14T17:55:04Z</time><extensions><speed>2.280034</speed><course>211.674371</course><hAcc>2.126344</hAcc><vAcc>1.049227</vAcc></extensions></trkpt>
      <trkpt lon="34.990127" lat="31.895774"><ele>205.577109</ele><time>2026-03-14T17:55:05Z</time><extensions><speed>2.330511</speed><course>212.514024</course><hAcc>2.160331</hAcc><vAcc>1.043598</vAcc></extensions></trkpt>
      <trkpt lon="34.990114" lat="31.895756"><ele>205.463747</ele><time>2026-03-14T17:55:06Z</time><extensions><speed>2.319667</speed><course>212.821341</course><hAcc>2.198465</hAcc><vAcc>1.038150</vAcc></extensions></trkpt>
      <trkpt lon="34.990102" lat="31.895738"><ele>205.365874</ele><time>2026-03-14T17:55:07Z</time><extensions><speed>2.409074</speed><course>210.251221</course><hAcc>2.228419</hAcc><vAcc>1.032976</vAcc></extensions></trkpt>
      <trkpt lon="34.990090" lat="31.895719"><ele>205.251199</ele><time>2026-03-14T17:55:08Z</time><extensions><speed>2.483452</speed><course>208.710345</course><hAcc>2.257362</hAcc><vAcc>1.027938</vAcc></extensions></trkpt>
      <trkpt lon="34.990078" lat="31.895699"><ele>205.157423</ele><time>2026-03-14T17:55:09Z</time><extensions><speed>2.613456</speed><course>208.585849</course><hAcc>2.283756</hAcc><vAcc>1.024124</vAcc></extensions></trkpt>
      <trkpt lon="34.990066" lat="31.895678"><ele>205.072617</ele><time>2026-03-14T17:55:10Z</time><extensions><speed>2.625258</speed><course>206.469787</course><hAcc>2.305433</hAcc><vAcc>1.022068</vAcc></extensions></trkpt>
      <trkpt lon="34.990055" lat="31.895657"><ele>204.984120</ele><time>2026-03-14T17:55:11Z</time><extensions><speed>2.556649</speed><course>204.672259</course><hAcc>2.323508</hAcc><vAcc>1.021510</vAcc></extensions></trkpt>
      <trkpt lon="34.990045" lat="31.895636"><ele>204.918676</ele><time>2026-03-14T17:55:12Z</time><extensions><speed>2.473338</speed><course>203.925185</course><hAcc>2.343313</hAcc><vAcc>1.022796</vAcc></extensions></trkpt>
      <trkpt lon="34.990035" lat="31.895617"><ele>204.843149</ele><time>2026-03-14T17:55:13Z</time><extensions><speed>2.323353</speed><course>204.065723</course><hAcc>2.358230</hAcc><vAcc>1.026102</vAcc></extensions></trkpt>
      <trkpt lon="34.990026" lat="31.895598"><ele>204.790207</ele><time>2026-03-14T17:55:14Z</time><extensions><speed>2.239266</speed><course>201.689788</course><hAcc>2.361406</hAcc><vAcc>1.031397</vAcc></extensions></trkpt>
      <trkpt lon="34.990018" lat="31.895579"><ele>204.747991</ele><time>2026-03-14T17:55:15Z</time><extensions><speed>2.055596</speed><course>198.528788</course><hAcc>2.358883</hAcc><vAcc>1.039021</vAcc></extensions></trkpt>
      <trkpt lon="34.990012" lat="31.895561"><ele>204.684903</ele><time>2026-03-14T17:55:16Z</time><extensions><speed>2.185555</speed><course>196.298551</course><hAcc>2.353498</hAcc><vAcc>1.048788</vAcc></extensions></trkpt>
      <trkpt lon="34.990006" lat="31.895542"><ele>204.621001</ele><time>2026-03-14T17:55:17Z</time><extensions><speed>2.347956</speed><course>196.323549</course><hAcc>2.349682</hAcc><vAcc>1.059988</vAcc></extensions></trkpt>
      <trkpt lon="34.989999" lat="31.895522"><ele>204.574182</ele><time>2026-03-14T17:55:18Z</time><extensions><speed>2.429970</speed><course>195.686373</course><hAcc>2.340233</hAcc><vAcc>1.070765</vAcc></extensions></trkpt>
      <trkpt lon="34.989993" lat="31.895501"><ele>204.549362</ele><time>2026-03-14T17:55:19Z</time><extensions><speed>2.455893</speed><course>195.370888</course><hAcc>2.329271</hAcc><vAcc>1.081464</vAcc></extensions></trkpt>
      <trkpt lon="34.989987" lat="31.895480"><ele>204.548210</ele><time>2026-03-14T17:55:20Z</time><extensions><speed>2.421461</speed><course>193.548682</course><hAcc>2.313922</hAcc><vAcc>1.092715</vAcc></extensions></trkpt>
      <trkpt lon="34.989981" lat="31.895459"><ele>204.514519</ele><time>2026-03-14T17:55:21Z</time><extensions><speed>2.360493</speed><course>193.942907</course><hAcc>2.295845</hAcc><vAcc>1.102702</vAcc></extensions></trkpt>
      <trkpt lon="34.989975" lat="31.895439"><ele>204.489712</ele><time>2026-03-14T17:55:22Z</time><extensions><speed>2.374110</speed><course>196.078793</course><hAcc>2.276722</hAcc><vAcc>1.111844</vAcc></extensions></trkpt>
      <trkpt lon="34.989967" lat="31.895418"><ele>204.462583</ele><time>2026-03-14T17:55:23Z</time><extensions><speed>2.491144</speed><course>201.704971</course><hAcc>2.255685</hAcc><vAcc>1.119139</vAcc></extensions></trkpt>
      <trkpt lon="34.989957" lat="31.895397"><ele>204.450751</ele><time>2026-03-14T17:55:24Z</time><extensions><speed>2.576732</speed><course>204.549161</course><hAcc>2.233318</hAcc><vAcc>1.122937</vAcc></extensions></trkpt>
      <trkpt lon="34.989946" lat="31.895376"><ele>204.453805</ele><time>2026-03-14T17:55:25Z</time><extensions><speed>2.647966</speed><course>206.821797</course><hAcc>2.210068</hAcc><vAcc>1.125217</vAcc></extensions></trkpt>
      <trkpt lon="34.989935" lat="31.895356"><ele>204.460060</ele><time>2026-03-14T17:55:26Z</time><extensions><speed>2.455818</speed><course>204.587714</course><hAcc>2.191128</hAcc><vAcc>1.126707</vAcc></extensions></trkpt>
      <trkpt lon="34.989925" lat="31.895336"><ele>204.463975</ele><time>2026-03-14T17:55:26Z</time><extensions><speed>2.377268</speed><course>204.634265</course><hAcc>2.175155</hAcc><vAcc>1.126645</vAcc></extensions></trkpt>
      <trkpt lon="34.989915" lat="31.895317"><ele>204.479441</ele><time>2026-03-14T17:55:27Z</time><extensions><speed>2.366799</speed><course>205.304287</course><hAcc>2.154963</hAcc><vAcc>1.124647</vAcc></extensions></trkpt>
      <trkpt lon="34.989904" lat="31.895298"><ele>204.481531</ele><time>2026-03-14T17:55:28Z</time><extensions><speed>2.412455</speed><course>209.225586</course><hAcc>2.127844</hAcc><vAcc>1.121045</vAcc></extensions></trkpt>
      <trkpt lon="34.989891" lat="31.895279"><ele>204.487768</ele><time>2026-03-14T17:55:29Z</time><extensions><speed>2.365521</speed><course>210.614207</course><hAcc>2.100759</hAcc><vAcc>1.116243</vAcc></extensions></trkpt>
      <trkpt lon="34.989879" lat="31.895261"><ele>204.505304</ele><time>2026-03-14T17:55:30Z</time><extensions><speed>2.373250</speed><course>209.910073</course><hAcc>2.079533</hAcc><vAcc>1.110925</vAcc></extensions></trkpt>
      <trkpt lon="34.989867" lat="31.895242"><ele>204.546584</ele><time>2026-03-14T17:55:31Z</time><extensions><speed>2.425357</speed><course>209.642998</course><hAcc>2.058817</hAcc><vAcc>1.105006</vAcc></extensions></trkpt>
      <trkpt lon="34.989854" lat="31.895223"><ele>204.580773</ele><time>2026-03-14T17:55:32Z</time><extensions><speed>2.493021</speed><course>208.348394</course><hAcc>2.035727</hAcc><vAcc>1.097815</vAcc></extensions></trkpt>
      <trkpt lon="34.989842" lat="31.895203"><ele>204.616194</ele><time>2026-03-14T17:55:33Z</time><extensions><speed>2.472390</speed><course>207.390224</course><hAcc>2.012035</hAcc><vAcc>1.090276</vAcc></extensions></trkpt>
      <trkpt lon="34.989831" lat="31.895183"><ele>204.636248</ele><time>2026-03-14T17:55:34Z</time><extensions><speed>2.421429</speed><course>207.203921</course><hAcc>1.989725</hAcc><vAcc>1.082453</vAcc></extensions></trkpt>
      <trkpt lon="34.989819" lat="31.895164"><ele>204.652674</ele><time>2026-03-14T17:55:35Z</time><extensions><speed>2.420840</speed><course>209.517428</course><hAcc>1.969088</hAcc><vAcc>1.074952</vAcc></extensions></trkpt>
      <trkpt lon="34.989805" lat="31.895146"><ele>204.679057</ele><time>2026-03-14T17:55:36Z</time><extensions><speed>2.426371</speed><course>214.834072</course><hAcc>1.948974</hAcc><vAcc>1.067541</vAcc></extensions></trkpt>
      <trkpt lon="34.989791" lat="31.895128"><ele>204.691159</ele><time>2026-03-14T17:55:37Z</time><extensions><speed>2.384801</speed><course>215.703698</course><hAcc>1.929708</hAcc><vAcc>1.060603</vAcc></extensions></trkpt>
      <trkpt lon="34.989777" lat="31.895111"><ele>204.714685</ele><time>2026-03-14T17:55:38Z</time><extensions><speed>2.357825</speed><course>213.744788</course><hAcc>1.912313</hAcc><vAcc>1.053828</vAcc></extensions></trkpt>
      <trkpt lon="34.989764" lat="31.895093"><ele>204.732753</ele><time>2026-03-14T17:55:39Z</time><extensions><speed>2.359386</speed><course>211.878730</course><hAcc>1.895469</hAcc><vAcc>1.046740</vAcc></extensions></trkpt>
      <trkpt lon="34.989751" lat="31.895075"><ele>204.761271</ele><time>2026-03-14T17:55:40Z</time><extensions><speed>2.368398</speed><course>212.617553</course><hAcc>1.884655</hAcc><vAcc>1.040036</vAcc></extensions></trkpt>
      <trkpt lon="34.989737" lat="31.895058"><ele>204.811881</ele><time>2026-03-14T17:55:41Z</time><extensions><speed>2.399433</speed><course>213.021196</course><hAcc>1.873651</hAcc><vAcc>1.033823</vAcc></extensions></trkpt>
      <trkpt lon="34.989724" lat="31.895040"><ele>204.863234</ele><time>2026-03-14T17:55:42Z</time><extensions><speed>2.397102</speed><course>214.359924</course><hAcc>1.864949</hAcc><vAcc>1.027907</vAcc></extensions></trkpt>
      <trkpt lon="34.989709" lat="31.895022"><ele>204.901794</ele><time>2026-03-14T17:55:43Z</time><extensions><speed>2.360358</speed><course>216.630590</course><hAcc>1.854601</hAcc><vAcc>1.022330</vAcc></extensions></trkpt>
      <trkpt lon="34.989694" lat="31.895006"><ele>204.933273</ele><time>2026-03-14T17:55:44Z</time><extensions><speed>2.370212</speed><course>218.512636</course><hAcc>1.842396</hAcc><vAcc>1.016320</vAcc></extensions></trkpt>
      <trkpt lon="34.989679" lat="31.894989"><ele>204.959820</ele><time>2026-03-14T17:55:45Z</time><extensions><speed>2.365049</speed><course>217.008826</course><hAcc>1.831388</hAcc><vAcc>1.010678</vAcc></extensions></trkpt>
      <trkpt lon="34.989666" lat="31.894972"><ele>204.999086</ele><time>2026-03-14T17:55:46Z</time><extensions><speed>2.245954</speed><course>213.155730</course><hAcc>1.822760</hAcc><vAcc>1.006570</vAcc></extensions></trkpt>
      <trkpt lon="34.989654" lat="31.894955"><ele>205.058820</ele><time>2026-03-14T17:55:47Z</time><extensions><speed>2.263048</speed><course>209.378927</course><hAcc>1.809621</hAcc><vAcc>1.004279</vAcc></extensions></trkpt>
      <trkpt lon="34.989643" lat="31.894939"><ele>205.095699</ele><time>2026-03-14T17:55:48Z</time><extensions><speed>2.213260</speed><course>206.263763</course><hAcc>1.793893</hAcc><vAcc>1.002804</vAcc></extensions></trkpt>
      <trkpt lon="34.989634" lat="31.894921"><ele>205.133528</ele><time>2026-03-14T17:55:49Z</time><extensions><speed>2.234046</speed><course>203.097681</course><hAcc>1.780262</hAcc><vAcc>1.001848</vAcc></extensions></trkpt>
      <trkpt lon="34.989625" lat="31.894903"><ele>205.158357</ele><time>2026-03-14T17:55:50Z</time><extensions><speed>2.183112</speed><course>198.848099</course><hAcc>1.769863</hAcc><vAcc>1.001346</vAcc></extensions></trkpt>
      <trkpt lon="34.989619" lat="31.894885"><ele>205.175430</ele><time>2026-03-14T17:55:51Z</time><extensions><speed>2.104257</speed><course>193.815030</course><hAcc>1.756073</hAcc><vAcc>1.000431</vAcc></extensions></trkpt>
      <trkpt lon="34.989615" lat="31.894868"><ele>205.199131</ele><time>2026-03-14T17:55:52Z</time><extensions><speed>2.043097</speed><course>187.449086</course><hAcc>1.743526</hAcc><vAcc>0.999374</vAcc></extensions></trkpt>
      <trkpt lon="34.989614" lat="31.894850"><ele>205.203240</ele><time>2026-03-14T17:55:53Z</time><extensions><speed>1.973451</speed><course>178.188819</course><hAcc>1.733243</hAcc><vAcc>0.999065</vAcc></extensions></trkpt>
      <trkpt lon="34.989618" lat="31.894833"><ele>205.214822</ele><time>2026-03-14T17:55:54Z</time><extensions><speed>1.878331</speed><course>163.175848</course><hAcc>1.718793</hAcc><vAcc>0.999403</vAcc></extensions></trkpt>
      <trkpt lon="34.989627" lat="31.894820"><ele>205.217218</ele><time>2026-03-14T17:55:55Z</time><extensions><speed>1.648001</speed><course>130.812601</course><hAcc>1.707632</hAcc><vAcc>1.000614</vAcc></extensions></trkpt>
      <trkpt lon="34.989643" lat="31.894816"><ele>205.216410</ele><time>2026-03-14T17:55:56Z</time><extensions><speed>1.633886</speed><course>82.219391</course><hAcc>1.710481</hAcc><vAcc>1.002856</vAcc></extensions></trkpt>
      <trkpt lon="34.989658" lat="31.894824"><ele>205.225722</ele><time>2026-03-14T17:55:57Z</time><extensions><speed>1.977032</speed><course>40.395164</course><hAcc>1.716442</hAcc><vAcc>1.004720</vAcc></extensions></trkpt>
      <trkpt lon="34.989670" lat="31.894841"><ele>205.213072</ele><time>2026-03-14T17:55:58Z</time><extensions><speed>2.496770</speed><course>23.687308</course><hAcc>1.687071</hAcc><vAcc>1.005711</vAcc></extensions></trkpt>
      <trkpt lon="34.989680" lat="31.894863"><ele>205.202980</ele><time>2026-03-14T17:55:59Z</time><extensions><speed>2.707662</speed><course>17.988335</course><hAcc>1.670194</hAcc><vAcc>1.006178</vAcc></extensions></trkpt>
      <trkpt lon="34.989689" lat="31.894887"><ele>205.189826</ele><time>2026-03-14T17:56:00Z</time><extensions><speed>2.705763</speed><course>16.036657</course><hAcc>1.665846</hAcc><vAcc>1.006379</vAcc></extensions></trkpt>
      <trkpt lon="34.989697" lat="31.894910"><ele>205.190010</ele><time>2026-03-14T17:56:01Z</time><extensions><speed>2.637614</speed><course>19.721569</course><hAcc>1.661777</hAcc><vAcc>1.006638</vAcc></extensions></trkpt>
      <trkpt lon="34.989708" lat="31.894931"><ele>205.186934</ele><time>2026-03-14T17:56:02Z</time><extensions><speed>2.559994</speed><course>25.257718</course><hAcc>1.658735</hAcc><vAcc>1.005274</vAcc></extensions></trkpt>
      <trkpt lon="34.989721" lat="31.894952"><ele>205.177300</ele><time>2026-03-14T17:56:03Z</time><extensions><speed>2.568169</speed><course>30.327493</course><hAcc>1.653648</hAcc><vAcc>1.003264</vAcc></extensions></trkpt>
      <trkpt lon="34.989735" lat="31.894971"><ele>205.185355</ele><time>2026-03-14T17:56:04Z</time><extensions><speed>2.529513</speed><course>33.852949</course><hAcc>1.653370</hAcc><vAcc>1.001581</vAcc></extensions></trkpt>
      <trkpt lon="34.989750" lat="31.894990"><ele>205.201644</ele><time>2026-03-14T17:56:05Z</time><extensions><speed>2.521528</speed><course>36.901226</course><hAcc>1.650917</hAcc><vAcc>0.999191</vAcc></extensions></trkpt>
      <trkpt lon="34.989766" lat="31.895008"><ele>205.208511</ele><time>2026-03-14T17:56:06Z</time><extensions><speed>2.462182</speed><course>36.526809</course><hAcc>1.647319</hAcc><vAcc>0.996629</vAcc></extensions></trkpt>
      <trkpt lon="34.989782" lat="31.895025"><ele>205.210917</ele><time>2026-03-14T17:56:07Z</time><extensions><speed>2.495202</speed><course>36.854973</course><hAcc>1.645042</hAcc><vAcc>0.993547</vAcc></extensions></trkpt>
      <trkpt lon="34.989798" lat="31.895043"><ele>205.214640</ele><time>2026-03-14T17:56:08Z</time><extensions><speed>2.508708</speed><course>38.999923</course><hAcc>1.643696</hAcc><vAcc>0.989615</vAcc></extensions></trkpt>
      <trkpt lon="34.989814" lat="31.895061"><ele>205.237860</ele><time>2026-03-14T17:56:09Z</time><extensions><speed>2.461402</speed><course>39.415253</course><hAcc>1.641152</hAcc><vAcc>0.985563</vAcc></extensions></trkpt>
      <trkpt lon="34.989831" lat="31.895077"><ele>205.261958</ele><time>2026-03-14T17:56:10Z</time><extensions><speed>2.369283</speed><course>41.862591</course><hAcc>1.641080</hAcc><vAcc>0.981160</vAcc></extensions></trkpt>
      <trkpt lon="34.989848" lat="31.895092"><ele>205.286575</ele><time>2026-03-14T17:56:11Z</time><extensions><speed>2.354806</speed><course>44.139986</course><hAcc>1.637175</hAcc><vAcc>0.978447</vAcc></extensions></trkpt>
      <trkpt lon="34.989865" lat="31.895108"><ele>205.308508</ele><time>2026-03-14T17:56:12Z</time><extensions><speed>2.343374</speed><course>40.432168</course><hAcc>1.630214</hAcc><vAcc>0.976355</vAcc></extensions></trkpt>
      <trkpt lon="34.989880" lat="31.895124"><ele>205.332587</ele><time>2026-03-14T17:56:13Z</time><extensions><speed>2.322196</speed><course>38.180024</course><hAcc>1.626780</hAcc><vAcc>0.974432</vAcc></extensions></trkpt>
      <trkpt lon="34.989895" lat="31.895141"><ele>205.355345</ele><time>2026-03-14T17:56:14Z</time><extensions><speed>2.338204</speed><course>37.525710</course><hAcc>1.624933</hAcc><vAcc>0.972802</vAcc></extensions></trkpt>
      <trkpt lon="34.989910" lat="31.895157"><ele>205.386178</ele><time>2026-03-14T17:56:15Z</time><extensions><speed>2.268294</speed><course>37.308532</course><hAcc>1.619857</hAcc><vAcc>0.972356</vAcc></extensions></trkpt>
      <trkpt lon="34.989924" lat="31.895174"><ele>205.426963</ele><time>2026-03-14T17:56:16Z</time><extensions><speed>2.285836</speed><course>33.992908</course><hAcc>1.618528</hAcc><vAcc>0.972806</vAcc></extensions></trkpt>
      <trkpt lon="34.989937" lat="31.895191"><ele>205.464277</ele><time>2026-03-14T17:56:17Z</time><extensions><speed>2.306041</speed><course>32.305276</course><hAcc>1.617202</hAcc><vAcc>0.973484</vAcc></extensions></trkpt>
      <trkpt lon="34.989951" lat="31.895209"><ele>205.486276</ele><time>2026-03-14T17:56:18Z</time><extensions><speed>2.351311</speed><course>32.515703</course><hAcc>1.620480</hAcc><vAcc>0.974237</vAcc></extensions></trkpt>
      <trkpt lon="34.989964" lat="31.895227"><ele>205.488905</ele><time>2026-03-14T17:56:19Z</time><extensions><speed>2.342639</speed><course>32.249832</course><hAcc>1.627799</hAcc><vAcc>0.975338</vAcc></extensions></trkpt>
      <trkpt lon="34.989977" lat="31.895244"><ele>205.471741</ele><time>2026-03-14T17:56:20Z</time><extensions><speed>2.239414</speed><course>33.893600</course><hAcc>1.631111</hAcc><vAcc>0.977529</vAcc></extensions></trkpt>
      <trkpt lon="34.989990" lat="31.895261"><ele>205.455498</ele><time>2026-03-14T17:56:21Z</time><extensions><speed>2.124760</speed><course>32.676231</course><hAcc>1.636235</hAcc><vAcc>0.978882</vAcc></extensions></trkpt>
      <trkpt lon="34.990002" lat="31.895278"><ele>205.445377</ele><time>2026-03-14T17:56:22Z</time><extensions><speed>2.328554</speed><course>32.169358</course><hAcc>1.642919</hAcc><vAcc>0.980257</vAcc></extensions></trkpt>
      <trkpt lon="34.990015" lat="31.895296"><ele>205.428169</ele><time>2026-03-14T17:56:23Z</time><extensions><speed>2.465239</speed><course>29.168181</course><hAcc>1.652197</hAcc><vAcc>0.980775</vAcc></extensions></trkpt>
      <trkpt lon="34.990027" lat="31.895316"><ele>205.407866</ele><time>2026-03-14T17:56:24Z</time><extensions><speed>2.366026</speed><course>25.924353</course><hAcc>1.661574</hAcc><vAcc>0.981148</vAcc></extensions></trkpt>
      <trkpt lon="34.990038" lat="31.895335"><ele>205.386909</ele><time>2026-03-14T17:56:25Z</time><extensions><speed>2.331534</speed><course>25.421673</course><hAcc>1.670674</hAcc><vAcc>0.980260</vAcc></extensions></trkpt>
      <trkpt lon="34.990048" lat="31.895354"><ele>205.381520</ele><time>2026-03-14T17:56:26Z</time><extensions><speed>2.320965</speed><course>24.423124</course><hAcc>1.675682</hAcc><vAcc>0.979684</vAcc></extensions></trkpt>
      <trkpt lon="34.990058" lat="31.895372"><ele>205.374904</ele><time>2026-03-14T17:56:27Z</time><extensions><speed>2.255561</speed><course>22.744864</course><hAcc>1.674775</hAcc><vAcc>0.978468</vAcc></extensions></trkpt>
      <trkpt lon="34.990067" lat="31.895391"><ele>205.372897</ele><time>2026-03-14T17:56:28Z</time><extensions><speed>2.262504</speed><course>22.004359</course><hAcc>1.672826</hAcc><vAcc>0.976531</vAcc></extensions></trkpt>
      <trkpt lon="34.990076" lat="31.895410"><ele>205.367946</ele><time>2026-03-14T17:56:29Z</time><extensions><speed>2.305568</speed><course>22.514312</course><hAcc>1.672878</hAcc><vAcc>0.975153</vAcc></extensions></trkpt>
      <trkpt lon="34.990086" lat="31.895429"><ele>205.379267</ele><time>2026-03-14T17:56:30Z</time><extensions><speed>2.242744</speed><course>26.727692</course><hAcc>1.677301</hAcc><vAcc>0.973243</vAcc></extensions></trkpt>
      <trkpt lon="34.990097" lat="31.895447"><ele>205.412757</ele><time>2026-03-14T17:56:31Z</time><extensions><speed>2.290678</speed><course>27.284062</course><hAcc>1.680771</hAcc><vAcc>0.970337</vAcc></extensions></trkpt>
      <trkpt lon="34.990108" lat="31.895465"><ele>205.439463</ele><time>2026-03-14T17:56:32Z</time><extensions><speed>2.319426</speed><course>27.345385</course><hAcc>1.689338</hAcc><vAcc>0.967431</vAcc></extensions></trkpt>
      <trkpt lon="34.990120" lat="31.895484"><ele>205.479339</ele><time>2026-03-14T17:56:33Z</time><extensions><speed>2.374256</speed><course>28.725940</course><hAcc>1.704421</hAcc><vAcc>0.964609</vAcc></extensions></trkpt>
      <trkpt lon="34.990132" lat="31.895502"><ele>205.521492</ele><time>2026-03-14T17:56:34Z</time><extensions><speed>2.373743</speed><course>29.550219</course><hAcc>1.723618</hAcc><vAcc>0.961358</vAcc></extensions></trkpt>
      <trkpt lon="34.990144" lat="31.895521"><ele>205.564949</ele><time>2026-03-14T17:56:35Z</time><extensions><speed>2.340905</speed><course>30.610373</course><hAcc>1.740497</hAcc><vAcc>0.960811</vAcc></extensions></trkpt>
      <trkpt lon="34.990157" lat="31.895539"><ele>205.627557</ele><time>2026-03-14T17:56:36Z</time><extensions><speed>2.290784</speed><course>30.505900</course><hAcc>1.754833</hAcc><vAcc>0.960035</vAcc></extensions></trkpt>
      <trkpt lon="34.990169" lat="31.895556"><ele>205.685920</ele><time>2026-03-14T17:56:37Z</time><extensions><speed>2.327771</speed><course>28.922494</course><hAcc>1.772462</hAcc><vAcc>0.961916</vAcc></extensions></trkpt>
      <trkpt lon="34.990181" lat="31.895575"><ele>205.743772</ele><time>2026-03-14T17:56:38Z</time><extensions><speed>2.372895</speed><course>29.582835</course><hAcc>1.791377</hAcc><vAcc>0.966018</vAcc></extensions></trkpt>
      <trkpt lon="34.990193" lat="31.895593"><ele>205.792351</ele><time>2026-03-14T17:56:39Z</time><extensions><speed>2.352052</speed><course>31.237176</course><hAcc>1.808568</hAcc><vAcc>0.972211</vAcc></extensions></trkpt>
      <trkpt lon="34.990207" lat="31.895610"><ele>205.838491</ele><time>2026-03-14T17:56:40Z</time><extensions><speed>2.350400</speed><course>34.903239</course><hAcc>1.831173</hAcc><vAcc>0.979910</vAcc></extensions></trkpt>
      <trkpt lon="34.990221" lat="31.895627"><ele>205.894198</ele><time>2026-03-14T17:56:41Z</time><extensions><speed>2.236349</speed><course>33.752955</course><hAcc>1.857230</hAcc><vAcc>0.988488</vAcc></extensions></trkpt>
      <trkpt lon="34.990233" lat="31.895644"><ele>205.943775</ele><time>2026-03-14T17:56:42Z</time><extensions><speed>2.216483</speed><course>32.629638</course><hAcc>1.885923</hAcc><vAcc>0.997630</vAcc></extensions></trkpt>
      <trkpt lon="34.990246" lat="31.895661"><ele>205.999951</ele><time>2026-03-14T17:56:43Z</time><extensions><speed>2.228134</speed><course>32.465934</course><hAcc>1.923047</hAcc><vAcc>1.005790</vAcc></extensions></trkpt>
      <trkpt lon="34.990259" lat="31.895678"><ele>206.071550</ele><time>2026-03-14T17:56:44Z</time><extensions><speed>2.254137</speed><course>33.290570</course><hAcc>1.966711</hAcc><vAcc>1.012851</vAcc></extensions></trkpt>
      <trkpt lon="34.990272" lat="31.895694"><ele>206.162737</ele><time>2026-03-14T17:56:45Z</time><extensions><speed>2.249231</speed><course>33.861006</course><hAcc>2.016824</hAcc><vAcc>1.018764</vAcc></extensions></trkpt>
      <trkpt lon="34.990285" lat="31.895711"><ele>206.240581</ele><time>2026-03-14T17:56:46Z</time><extensions><speed>2.273785</speed><course>34.533702</course><hAcc>2.070697</hAcc><vAcc>1.023947</vAcc></extensions></trkpt>
      <trkpt lon="34.990300" lat="31.895728"><ele>206.309894</ele><time>2026-03-14T17:56:47Z</time><extensions><speed>2.250723</speed><course>37.367223</course><hAcc>2.127987</hAcc><vAcc>1.028327</vAcc></extensions></trkpt>
      <trkpt lon="34.990315" lat="31.895744"><ele>206.377179</ele><time>2026-03-14T17:56:48Z</time><extensions><speed>2.318376</speed><course>39.707997</course><hAcc>2.181795</hAcc><vAcc>1.034242</vAcc></extensions></trkpt>
      <trkpt lon="34.990331" lat="31.895760"><ele>206.459655</ele><time>2026-03-14T17:56:49Z</time><extensions><speed>2.382036</speed><course>41.126686</course><hAcc>2.224954</hAcc><vAcc>1.040044</vAcc></extensions></trkpt>
      <trkpt lon="34.990347" lat="31.895777"><ele>206.558032</ele><time>2026-03-14T17:56:50Z</time><extensions><speed>2.427015</speed><course>37.176934</course><hAcc>2.262576</hAcc><vAcc>1.045306</vAcc></extensions></trkpt>
      <trkpt lon="34.990361" lat="31.895796"><ele>206.654542</ele><time>2026-03-14T17:56:51Z</time><extensions><speed>2.431007</speed><course>29.533532</course><hAcc>2.292051</hAcc><vAcc>1.049507</vAcc></extensions></trkpt>
      <trkpt lon="34.990373" lat="31.895816"><ele>206.746145</ele><time>2026-03-14T17:56:52Z</time><extensions><speed>2.436016</speed><course>24.129820</course><hAcc>2.318232</hAcc><vAcc>1.053272</vAcc></extensions></trkpt>
      <trkpt lon="34.990382" lat="31.895836"><ele>206.838255</ele><time>2026-03-14T17:56:54Z</time><extensions><speed>2.414424</speed><course>21.760285</course><hAcc>2.338455</hAcc><vAcc>1.057512</vAcc></extensions></trkpt>
      <trkpt lon="34.990392" lat="31.895857"><ele>206.931184</ele><time>2026-03-14T17:56:55Z</time><extensions><speed>2.395304</speed><course>24.191943</course><hAcc>2.355860</hAcc><vAcc>1.061827</vAcc></extensions></trkpt>
      <trkpt lon="34.990402" lat="31.895876"><ele>207.040238</ele><time>2026-03-14T17:56:56Z</time><extensions><speed>2.378909</speed><course>27.037228</course><hAcc>2.363161</hAcc><vAcc>1.065748</vAcc></extensions></trkpt>
      <trkpt lon="34.990414" lat="31.895896"><ele>207.141501</ele><time>2026-03-14T17:56:57Z</time><extensions><speed>2.453673</speed><course>27.393941</course><hAcc>2.365414</hAcc><vAcc>1.071070</vAcc></extensions></trkpt>
      <trkpt lon="34.990425" lat="31.895916"><ele>207.234110</ele><time>2026-03-14T17:56:58Z</time><extensions><speed>2.520548</speed><course>26.721710</course><hAcc>2.369664</hAcc><vAcc>1.077967</vAcc></extensions></trkpt>
      <trkpt lon="34.990436" lat="31.895937"><ele>207.321283</ele><time>2026-03-14T17:56:59Z</time><extensions><speed>2.545478</speed><course>24.055694</course><hAcc>2.369482</hAcc><vAcc>1.085652</vAcc></extensions></trkpt>
      <trkpt lon="34.990447" lat="31.895958"><ele>207.412887</ele><time>2026-03-14T17:57:00Z</time><extensions><speed>2.605206</speed><course>25.694958</course><hAcc>2.363984</hAcc><vAcc>1.093456</vAcc></extensions></trkpt>
      <trkpt lon="34.990459" lat="31.895979"><ele>207.504581</ele><time>2026-03-14T17:57:01Z</time><extensions><speed>2.665235</speed><course>25.266569</course><hAcc>2.358314</hAcc><vAcc>1.102307</vAcc></extensions></trkpt>
      <trkpt lon="34.990470" lat="31.896001"><ele>207.603345</ele><time>2026-03-14T17:57:02Z</time><extensions><speed>2.633952</speed><course>23.520925</course><hAcc>2.346806</hAcc><vAcc>1.112203</vAcc></extensions></trkpt>
      <trkpt lon="34.990480" lat="31.896022"><ele>207.701175</ele><time>2026-03-14T17:57:03Z</time><extensions><speed>2.579284</speed><course>22.055363</course><hAcc>2.331086</hAcc><vAcc>1.124217</vAcc></extensions></trkpt>
      <trkpt lon="34.990489" lat="31.896043"><ele>207.788081</ele><time>2026-03-14T17:57:04Z</time><extensions><speed>2.500332</speed><course>20.307772</course><hAcc>2.317938</hAcc><vAcc>1.136065</vAcc></extensions></trkpt>
      <trkpt lon="34.990497" lat="31.896064"><ele>207.873064</ele><time>2026-03-14T17:57:05Z</time><extensions><speed>2.475937</speed><course>19.564849</course><hAcc>2.300997</hAcc><vAcc>1.147948</vAcc></extensions></trkpt>
      <trkpt lon="34.990506" lat="31.896085"><ele>207.971293</ele><time>2026-03-14T17:57:06Z</time><extensions><speed>2.417126</speed><course>20.280425</course><hAcc>2.284928</hAcc><vAcc>1.157927</vAcc></extensions></trkpt>
      <trkpt lon="34.990515" lat="31.896104"><ele>208.044377</ele><time>2026-03-14T17:57:07Z</time><extensions><speed>2.393569</speed><course>23.528477</course><hAcc>2.269346</hAcc><vAcc>1.167192</vAcc></extensions></trkpt>
      <trkpt lon="34.990525" lat="31.896124"><ele>208.116734</ele><time>2026-03-14T17:57:08Z</time><extensions><speed>2.333605</speed><course>24.763525</course><hAcc>2.258586</hAcc><vAcc>1.175899</vAcc></extensions></trkpt>
      <trkpt lon="34.990534" lat="31.896143"><ele>208.175513</ele><time>2026-03-14T17:57:09Z</time><extensions><speed>2.365761</speed><course>22.685864</course><hAcc>2.244389</hAcc><vAcc>1.184048</vAcc></extensions></trkpt>
      <trkpt lon="34.990543" lat="31.896163"><ele>208.236410</ele><time>2026-03-14T17:57:10Z</time><extensions><speed>2.363408</speed><course>17.754562</course><hAcc>2.227366</hAcc><vAcc>1.189491</vAcc></extensions></trkpt>
      <trkpt lon="34.990549" lat="31.896183"><ele>208.309933</ele><time>2026-03-14T17:57:11Z</time><extensions><speed>2.311181</speed><course>15.107868</course><hAcc>2.211798</hAcc><vAcc>1.194162</vAcc></extensions></trkpt>
      <trkpt lon="34.990555" lat="31.896202"><ele>208.377034</ele><time>2026-03-14T17:57:12Z</time><extensions><speed>2.237550</speed><course>14.751703</course><hAcc>2.201762</hAcc><vAcc>1.198096</vAcc></extensions></trkpt>
      <trkpt lon="34.990561" lat="31.896221"><ele>208.441036</ele><time>2026-03-14T17:57:13Z</time><extensions><speed>2.205119</speed><course>14.888689</course><hAcc>2.195492</hAcc><vAcc>1.200403</vAcc></extensions></trkpt>
      <trkpt lon="34.990567" lat="31.896240"><ele>208.504864</ele><time>2026-03-14T17:57:14Z</time><extensions><speed>2.218081</speed><course>15.774834</course><hAcc>2.182827</hAcc><vAcc>1.200458</vAcc></extensions></trkpt>
      <trkpt lon="34.990574" lat="31.896259"><ele>208.556180</ele><time>2026-03-14T17:57:15Z</time><extensions><speed>2.255527</speed><course>18.276633</course><hAcc>2.170074</hAcc><vAcc>1.200429</vAcc></extensions></trkpt>
      <trkpt lon="34.990581" lat="31.896279"><ele>208.609286</ele><time>2026-03-14T17:57:16Z</time><extensions><speed>2.270446</speed><course>17.660088</course><hAcc>2.152861</hAcc><vAcc>1.197714</vAcc></extensions></trkpt>
      <trkpt lon="34.990588" lat="31.896298"><ele>208.643803</ele><time>2026-03-14T17:57:17Z</time><extensions><speed>2.276533</speed><course>17.387277</course><hAcc>2.138423</hAcc><vAcc>1.193983</vAcc></extensions></trkpt>
      <trkpt lon="34.990595" lat="31.896318"><ele>208.644304</ele><time>2026-03-14T17:57:18Z</time><extensions><speed>2.328843</speed><course>16.520752</course><hAcc>2.125037</hAcc><vAcc>1.187609</vAcc></extensions></trkpt>
      <trkpt lon="34.990602" lat="31.896338"><ele>208.635448</ele><time>2026-03-14T17:57:19Z</time><extensions><speed>2.254565</speed><course>15.683729</course><hAcc>2.108326</hAcc><vAcc>1.181172</vAcc></extensions></trkpt>
      <trkpt lon="34.990608" lat="31.896357"><ele>208.627508</ele><time>2026-03-14T17:57:20Z</time><extensions><speed>2.215585</speed><course>16.290336</course><hAcc>2.091885</hAcc><vAcc>1.172798</vAcc></extensions></trkpt>
      <trkpt lon="34.990614" lat="31.896376"><ele>208.600585</ele><time>2026-03-14T17:57:21Z</time><extensions><speed>2.248507</speed><course>16.105565</course><hAcc>2.076843</hAcc><vAcc>1.164821</vAcc></extensions></trkpt>
      <trkpt lon="34.990621" lat="31.896396"><ele>208.562799</ele><time>2026-03-14T17:57:22Z</time><extensions><speed>2.254103</speed><course>15.904126</course><hAcc>2.064397</hAcc><vAcc>1.155381</vAcc></extensions></trkpt>
      <trkpt lon="34.990626" lat="31.896415"><ele>208.516091</ele><time>2026-03-14T17:57:23Z</time><extensions><speed>2.209039</speed><course>13.439359</course><hAcc>2.057111</hAcc><vAcc>1.144352</vAcc></extensions></trkpt>
      <trkpt lon="34.990632" lat="31.896434"><ele>208.446728</ele><time>2026-03-14T17:57:24Z</time><extensions><speed>2.179218</speed><course>14.649898</course><hAcc>2.043833</hAcc><vAcc>1.132753</vAcc></extensions></trkpt>
      <trkpt lon="34.990638" lat="31.896453"><ele>208.363857</ele><time>2026-03-14T17:57:25Z</time><extensions><speed>2.207797</speed><course>14.728883</course><hAcc>2.027960</hAcc><vAcc>1.121531</vAcc></extensions></trkpt>
      <trkpt lon="34.990644" lat="31.896473"><ele>208.259404</ele><time>2026-03-14T17:57:26Z</time><extensions><speed>2.306264</speed><course>18.558893</course><hAcc>2.012921</hAcc><vAcc>1.109005</vAcc></extensions></trkpt>
      <trkpt lon="34.990652" lat="31.896493"><ele>208.143885</ele><time>2026-03-14T17:57:27Z</time><extensions><speed>2.335980</speed><course>17.556456</course><hAcc>2.001072</hAcc><vAcc>1.098327</vAcc></extensions></trkpt>
      <trkpt lon="34.990659" lat="31.896512"><ele>208.042801</ele><time>2026-03-14T17:57:28Z</time><extensions><speed>2.291994</speed><course>15.876567</course><hAcc>1.985707</hAcc><vAcc>1.085746</vAcc></extensions></trkpt>
      <trkpt lon="34.990665" lat="31.896532"><ele>207.933092</ele><time>2026-03-14T17:57:29Z</time><extensions><speed>2.307129</speed><course>14.735149</course><hAcc>1.966338</hAcc><vAcc>1.075383</vAcc></extensions></trkpt>
      <trkpt lon="34.990672" lat="31.896552"><ele>207.805139</ele><time>2026-03-14T17:57:30Z</time><extensions><speed>2.267958</speed><course>15.123691</course><hAcc>1.948168</hAcc><vAcc>1.064498</vAcc></extensions></trkpt>
      <trkpt lon="34.990678" lat="31.896572"><ele>207.674268</ele><time>2026-03-14T17:57:31Z</time><extensions><speed>2.219064</speed><course>14.932223</course><hAcc>1.934473</hAcc><vAcc>1.053411</vAcc></extensions></trkpt>
      <trkpt lon="34.990684" lat="31.896591"><ele>207.538681</ele><time>2026-03-14T17:57:32Z</time><extensions><speed>2.249574</speed><course>14.807987</course><hAcc>1.913421</hAcc><vAcc>1.042410</vAcc></extensions></trkpt>
      <trkpt lon="34.990690" lat="31.896611"><ele>207.397644</ele><time>2026-03-14T17:57:33Z</time><extensions><speed>2.310464</speed><course>15.851409</course><hAcc>1.889853</hAcc><vAcc>1.031922</vAcc></extensions></trkpt>
      <trkpt lon="34.990697" lat="31.896631"><ele>207.258564</ele><time>2026-03-14T17:57:34Z</time><extensions><speed>2.369847</speed><course>18.426961</course><hAcc>1.868109</hAcc><vAcc>1.021411</vAcc></extensions></trkpt>
      <trkpt lon="34.990706" lat="31.896652"><ele>207.124100</ele><time>2026-03-14T17:57:35Z</time><extensions><speed>2.425569</speed><course>21.480699</course><hAcc>1.848178</hAcc><vAcc>1.011846</vAcc></extensions></trkpt>
      <trkpt lon="34.990715" lat="31.896672"><ele>206.965205</ele><time>2026-03-14T17:57:35Z</time><extensions><speed>2.448901</speed><course>21.229070</course><hAcc>1.828149</hAcc><vAcc>1.001911</vAcc></extensions></trkpt>
      <trkpt lon="34.990724" lat="31.896693"><ele>206.823393</ele><time>2026-03-14T17:57:36Z</time><extensions><speed>2.427430</speed><course>21.213156</course><hAcc>1.812320</hAcc><vAcc>0.991740</vAcc></extensions></trkpt>
      <trkpt lon="34.990733" lat="31.896713"><ele>206.689358</ele><time>2026-03-14T17:57:37Z</time><extensions><speed>2.380746</speed><course>20.447617</course><hAcc>1.798297</hAcc><vAcc>0.980343</vAcc></extensions></trkpt>
      <trkpt lon="34.990742" lat="31.896733"><ele>206.563292</ele><time>2026-03-14T17:57:38Z</time><extensions><speed>2.362580</speed><course>20.518119</course><hAcc>1.783489</hAcc><vAcc>0.969498</vAcc></extensions></trkpt>
      <trkpt lon="34.990751" lat="31.896753"><ele>206.439788</ele><time>2026-03-14T17:57:39Z</time><extensions><speed>2.418493</speed><course>21.751978</course><hAcc>1.768374</hAcc><vAcc>0.958527</vAcc></extensions></trkpt>
      <trkpt lon="34.990760" lat="31.896773"><ele>206.333613</ele><time>2026-03-14T17:57:40Z</time><extensions><speed>2.495708</speed><course>21.012972</course><hAcc>1.753860</hAcc><vAcc>0.947588</vAcc></extensions></trkpt>
      <trkpt lon="34.990769" lat="31.896794"><ele>206.231526</ele><time>2026-03-14T17:57:41Z</time><extensions><speed>2.478631</speed><course>19.149054</course><hAcc>1.740077</hAcc><vAcc>0.937020</vAcc></extensions></trkpt>
      <trkpt lon="34.990777" lat="31.896815"><ele>206.122931</ele><time>2026-03-14T17:57:42Z</time><extensions><speed>2.400511</speed><course>17.562132</course><hAcc>1.729339</hAcc><vAcc>0.926633</vAcc></extensions></trkpt>
      <trkpt lon="34.990785" lat="31.896836"><ele>205.991835</ele><time>2026-03-14T17:57:43Z</time><extensions><speed>2.374447</speed><course>17.556561</course><hAcc>1.718077</hAcc><vAcc>0.916199</vAcc></extensions></trkpt>
      <trkpt lon="34.990793" lat="31.896856"><ele>205.859840</ele><time>2026-03-14T17:57:44Z</time><extensions><speed>2.401366</speed><course>19.632121</course><hAcc>1.707669</hAcc><vAcc>0.905814</vAcc></extensions></trkpt>
      <trkpt lon="34.990802" lat="31.896876"><ele>205.715230</ele><time>2026-03-14T17:57:45Z</time><extensions><speed>2.473971</speed><course>20.641868</course><hAcc>1.698074</hAcc><vAcc>0.895785</vAcc></extensions></trkpt>
      <trkpt lon="34.990811" lat="31.896897"><ele>205.556598</ele><time>2026-03-14T17:57:46Z</time><extensions><speed>2.459982</speed><course>19.620997</course><hAcc>1.688845</hAcc><vAcc>0.886423</vAcc></extensions></trkpt>
      <trkpt lon="34.990819" lat="31.896918"><ele>205.384039</ele><time>2026-03-14T17:57:47Z</time><extensions><speed>2.398588</speed><course>17.580540</course><hAcc>1.679103</hAcc><vAcc>0.878087</vAcc></extensions></trkpt>
      <trkpt lon="34.990826" lat="31.896938"><ele>205.192513</ele><time>2026-03-14T17:57:48Z</time><extensions><speed>2.355604</speed><course>15.350389</course><hAcc>1.670283</hAcc><vAcc>0.870816</vAcc></extensions></trkpt>
      <trkpt lon="34.990832" lat="31.896959"><ele>204.989109</ele><time>2026-03-14T17:57:49Z</time><extensions><speed>2.363460</speed><course>14.809657</course><hAcc>1.660214</hAcc><vAcc>0.864524</vAcc></extensions></trkpt>
      <trkpt lon="34.990839" lat="31.896980"><ele>204.756225</ele><time>2026-03-14T17:57:50Z</time><extensions><speed>2.393410</speed><course>14.945293</course><hAcc>1.648556</hAcc><vAcc>0.859285</vAcc></extensions></trkpt>
      <trkpt lon="34.990846" lat="31.897000"><ele>204.496601</ele><time>2026-03-14T17:57:51Z</time><extensions><speed>2.421137</speed><course>19.210938</course><hAcc>1.636212</hAcc><vAcc>0.854873</vAcc></extensions></trkpt>
      <trkpt lon="34.990855" lat="31.897021"><ele>204.218793</ele><time>2026-03-14T17:57:52Z</time><extensions><speed>2.400544</speed><course>21.630049</course><hAcc>1.628424</hAcc><vAcc>0.852190</vAcc></extensions></trkpt>
      <trkpt lon="34.990865" lat="31.897041"><ele>203.895919</ele><time>2026-03-14T17:57:53Z</time><extensions><speed>2.394820</speed><course>21.590288</course><hAcc>1.619531</hAcc><vAcc>0.849699</vAcc></extensions></trkpt>
      <trkpt lon="34.990873" lat="31.897061"><ele>203.545845</ele><time>2026-03-14T17:57:54Z</time><extensions><speed>2.375493</speed><course>19.107219</course><hAcc>1.608517</hAcc><vAcc>0.848596</vAcc></extensions></trkpt>
      <trkpt lon="34.990881" lat="31.897081"><ele>203.170409</ele><time>2026-03-14T17:57:55Z</time><extensions><speed>2.343634</speed><course>19.983139</course><hAcc>1.601731</hAcc><vAcc>0.848202</vAcc></extensions></trkpt>
      <trkpt lon="34.990890" lat="31.897101"><ele>202.768864</ele><time>2026-03-14T17:57:56Z</time><extensions><speed>2.308870</speed><course>20.123819</course><hAcc>1.594641</hAcc><vAcc>0.848580</vAcc></extensions></trkpt>
      <trkpt lon="34.990898" lat="31.897120"><ele>202.350610</ele><time>2026-03-14T17:57:57Z</time><extensions><speed>2.364657</speed><course>20.873735</course><hAcc>1.591277</hAcc><vAcc>0.849629</vAcc></extensions></trkpt>
      <trkpt lon="34.990908" lat="31.897140"><ele>201.901758</ele><time>2026-03-14T17:57:58Z</time><extensions><speed>2.380660</speed><course>21.986182</course><hAcc>1.589849</hAcc><vAcc>0.851402</vAcc></extensions></trkpt>
      <trkpt lon="34.990917" lat="31.897160"><ele>201.431613</ele><time>2026-03-14T17:57:59Z</time><extensions><speed>2.407136</speed><course>21.174806</course><hAcc>1.584062</hAcc><vAcc>0.853757</vAcc></extensions></trkpt>
      <trkpt lon="34.990926" lat="31.897181"><ele>200.932318</ele><time>2026-03-14T17:58:00Z</time><extensions><speed>2.403759</speed><course>19.790793</course><hAcc>1.581519</hAcc><vAcc>0.856810</vAcc></extensions></trkpt>
      <trkpt lon="34.990934" lat="31.897201"><ele>200.406891</ele><time>2026-03-14T17:58:01Z</time><extensions><speed>2.435824</speed><course>18.900914</course><hAcc>1.580047</hAcc><vAcc>0.860223</vAcc></extensions></trkpt>
      <trkpt lon="34.990942" lat="31.897222"><ele>199.857705</ele><time>2026-03-14T17:58:02Z</time><extensions><speed>2.471289</speed><course>14.901296</course><hAcc>1.585843</hAcc><vAcc>0.864193</vAcc></extensions></trkpt>
      <trkpt lon="34.990948" lat="31.897243"><ele>199.293932</ele><time>2026-03-14T17:58:03Z</time><extensions><speed>2.351959</speed><course>14.887665</course><hAcc>1.581541</hAcc><vAcc>0.868583</vAcc></extensions></trkpt>
      <trkpt lon="34.990954" lat="31.897263"><ele>198.710257</ele><time>2026-03-14T17:58:04Z</time><extensions><speed>2.246236</speed><course>15.381344</course><hAcc>1.578999</hAcc><vAcc>0.872812</vAcc></extensions></trkpt>
      <trkpt lon="34.990961" lat="31.897283"><ele>198.113507</ele><time>2026-03-14T17:58:05Z</time><extensions><speed>2.217831</speed><course>15.303433</course><hAcc>1.577213</hAcc><vAcc>0.876883</vAcc></extensions></trkpt>
      <trkpt lon="34.990967" lat="31.897302"><ele>197.494335</ele><time>2026-03-14T17:58:06Z</time><extensions><speed>2.244850</speed><course>15.433975</course><hAcc>1.579832</hAcc><vAcc>0.880621</vAcc></extensions></trkpt>
      <trkpt lon="34.990973" lat="31.897322"><ele>196.857477</ele><time>2026-03-14T17:58:07Z</time><extensions><speed>2.337884</speed><course>14.299089</course><hAcc>1.586311</hAcc><vAcc>0.884099</vAcc></extensions></trkpt>
      <trkpt lon="34.990979" lat="31.897342"><ele>196.230492</ele><time>2026-03-14T17:58:08Z</time><extensions><speed>2.330968</speed><course>15.951514</course><hAcc>1.597554</hAcc><vAcc>0.887986</vAcc></extensions></trkpt>
      <trkpt lon="34.990987" lat="31.897362"><ele>195.589658</ele><time>2026-03-14T17:58:09Z</time><extensions><speed>2.442962</speed><course>20.930597</course><hAcc>1.606429</hAcc><vAcc>0.892040</vAcc></extensions></trkpt>
      <trkpt lon="34.990996" lat="31.897383"><ele>194.922465</ele><time>2026-03-14T17:58:10Z</time><extensions><speed>2.404197</speed><course>21.308721</course><hAcc>1.608485</hAcc><vAcc>0.895239</vAcc></extensions></trkpt>
      <trkpt lon="34.991005" lat="31.897403"><ele>194.253098</ele><time>2026-03-14T17:58:11Z</time><extensions><speed>2.327686</speed><course>20.635200</course><hAcc>1.613591</hAcc><vAcc>0.896685</vAcc></extensions></trkpt>
      <trkpt lon="34.991013" lat="31.897422"><ele>193.597659</ele><time>2026-03-14T17:58:12Z</time><extensions><speed>2.216078</speed><course>18.431824</course><hAcc>1.616808</hAcc><vAcc>0.896913</vAcc></extensions></trkpt>
      <trkpt lon="34.991021" lat="31.897441"><ele>192.947132</ele><time>2026-03-14T17:58:13Z</time><extensions><speed>2.166525</speed><course>19.009711</course><hAcc>1.620440</hAcc><vAcc>0.895147</vAcc></extensions></trkpt>
      <trkpt lon="34.991028" lat="31.897459"><ele>192.350209</ele><time>2026-03-14T17:58:14Z</time><extensions><speed>2.238039</speed><course>17.229736</course><hAcc>1.616527</hAcc><vAcc>0.894752</vAcc></extensions></trkpt>
      <trkpt lon="34.991035" lat="31.897479"><ele>191.787895</ele><time>2026-03-14T17:58:15Z</time><extensions><speed>2.300792</speed><course>17.583415</course><hAcc>1.616236</hAcc><vAcc>0.894678</vAcc></extensions></trkpt>
      <trkpt lon="34.991042" lat="31.897498"><ele>191.261570</ele><time>2026-03-14T17:58:16Z</time><extensions><speed>2.254805</speed><course>16.503818</course><hAcc>1.623434</hAcc><vAcc>0.894712</vAcc></extensions></trkpt>
      <trkpt lon="34.991049" lat="31.897517"><ele>190.771949</ele><time>2026-03-14T17:58:17Z</time><extensions><speed>2.157982</speed><course>15.550902</course><hAcc>1.629705</hAcc><vAcc>0.894748</vAcc></extensions></trkpt>
      <trkpt lon="34.991055" lat="31.897536"><ele>190.324992</ele><time>2026-03-14T17:58:18Z</time><extensions><speed>2.185391</speed><course>18.094450</course><hAcc>1.643053</hAcc><vAcc>0.895269</vAcc></extensions></trkpt>
      <trkpt lon="34.991063" lat="31.897554"><ele>189.925584</ele><time>2026-03-14T17:58:19Z</time><extensions><speed>2.209669</speed><course>20.144264</course><hAcc>1.657209</hAcc><vAcc>0.895771</vAcc></extensions></trkpt>
      <trkpt lon="34.991070" lat="31.897573"><ele>189.569821</ele><time>2026-03-14T17:58:20Z</time><extensions><speed>2.195337</speed><course>19.102721</course><hAcc>1.670073</hAcc><vAcc>0.897952</vAcc></extensions></trkpt>
      <trkpt lon="34.991079" lat="31.897592"><ele>189.261112</ele><time>2026-03-14T17:58:21Z</time><extensions><speed>2.185345</speed><course>22.010351</course><hAcc>1.683336</hAcc><vAcc>0.901104</vAcc></extensions></trkpt>
      <trkpt lon="34.991088" lat="31.897609"><ele>188.977518</ele><time>2026-03-14T17:58:22Z</time><extensions><speed>2.134158</speed><course>26.598793</course><hAcc>1.700623</hAcc><vAcc>0.906882</vAcc></extensions></trkpt>
      <trkpt lon="34.991098" lat="31.897626"><ele>188.740990</ele><time>2026-03-14T17:58:23Z</time><extensions><speed>2.131689</speed><course>26.235042</course><hAcc>1.713621</hAcc><vAcc>0.914556</vAcc></extensions></trkpt>
      <trkpt lon="34.991108" lat="31.897644"><ele>188.536634</ele><time>2026-03-14T17:58:24Z</time><extensions><speed>2.143772</speed><course>28.741091</course><hAcc>1.731732</hAcc><vAcc>0.923981</vAcc></extensions></trkpt>
      <trkpt lon="34.991118" lat="31.897660"><ele>188.371500</ele><time>2026-03-14T17:58:25Z</time><extensions><speed>2.073278</speed><course>24.479665</course><hAcc>1.747612</hAcc><vAcc>0.934210</vAcc></extensions></trkpt>
      <trkpt lon="34.991126" lat="31.897677"><ele>188.244689</ele><time>2026-03-14T17:58:26Z</time><extensions><speed>2.044192</speed><course>21.391208</course><hAcc>1.760440</hAcc><vAcc>0.946334</vAcc></extensions></trkpt>
      <trkpt lon="34.991134" lat="31.897695"><ele>188.152446</ele><time>2026-03-14T17:58:27Z</time><extensions><speed>2.059993</speed><course>22.290109</course><hAcc>1.768067</hAcc><vAcc>0.959232</vAcc></extensions></trkpt>
      <trkpt lon="34.991142" lat="31.897711"><ele>188.095076</ele><time>2026-03-14T17:58:28Z</time><extensions><speed>1.955902</speed><course>23.680601</course><hAcc>1.774350</hAcc><vAcc>0.972537</vAcc></extensions></trkpt>
      <trkpt lon="34.991151" lat="31.897727"><ele>188.079571</ele><time>2026-03-14T17:58:29Z</time><extensions><speed>2.025574</speed><course>24.839892</course><hAcc>1.782020</hAcc><vAcc>0.985638</vAcc></extensions></trkpt>
      <trkpt lon="34.991160" lat="31.897744"><ele>188.090181</ele><time>2026-03-14T17:58:30Z</time><extensions><speed>2.148657</speed><course>27.118720</course><hAcc>1.792178</hAcc><vAcc>0.998781</vAcc></extensions></trkpt>
      <trkpt lon="34.991171" lat="31.897763"><ele>188.113424</ele><time>2026-03-14T17:58:31Z</time><extensions><speed>2.400334</speed><course>25.956773</course><hAcc>1.798290</hAcc><vAcc>1.011188</vAcc></extensions></trkpt>
      <trkpt lon="34.991182" lat="31.897783"><ele>188.179096</ele><time>2026-03-14T17:58:32Z</time><extensions><speed>2.439469</speed><course>22.714475</course><hAcc>1.809064</hAcc><vAcc>1.022517</vAcc></extensions></trkpt>
      <trkpt lon="34.991191" lat="31.897803"><ele>188.270649</ele><time>2026-03-14T17:58:33Z</time><extensions><speed>2.450876</speed><course>18.624197</course><hAcc>1.817348</hAcc><vAcc>1.033361</vAcc></extensions></trkpt>
      <trkpt lon="34.991198" lat="31.897824"><ele>188.390609</ele><time>2026-03-14T17:58:34Z</time><extensions><speed>2.321122</speed><course>12.366740</course><hAcc>1.824187</hAcc><vAcc>1.044557</vAcc></extensions></trkpt>
      <trkpt lon="34.991203" lat="31.897844"><ele>188.548660</ele><time>2026-03-14T17:58:35Z</time><extensions><speed>2.222062</speed><course>10.476137</course><hAcc>1.829641</hAcc><vAcc>1.053757</vAcc></extensions></trkpt>
      <trkpt lon="34.991207" lat="31.897863"><ele>188.718662</ele><time>2026-03-14T17:58:36Z</time><extensions><speed>2.157536</speed><course>12.235242</course><hAcc>1.839893</hAcc><vAcc>1.061952</vAcc></extensions></trkpt>
      <trkpt lon="34.991213" lat="31.897882"><ele>188.925933</ele><time>2026-03-14T17:58:37Z</time><extensions><speed>2.093856</speed><course>14.967724</course><hAcc>1.845657</hAcc><vAcc>1.069487</vAcc></extensions></trkpt>
      <trkpt lon="34.991220" lat="31.897900"><ele>189.160852</ele><time>2026-03-14T17:58:38Z</time><extensions><speed>2.214318</speed><course>21.300896</course><hAcc>1.854957</hAcc><vAcc>1.076482</vAcc></extensions></trkpt>
      <trkpt lon="34.991229" lat="31.897919"><ele>189.431104</ele><time>2026-03-14T17:58:39Z</time><extensions><speed>2.215595</speed><course>22.675533</course><hAcc>1.863822</hAcc><vAcc>1.082366</vAcc></extensions></trkpt>
      <trkpt lon="34.991237" lat="31.897937"><ele>189.723922</ele><time>2026-03-14T17:58:40Z</time><extensions><speed>2.168961</speed><course>20.462841</course><hAcc>1.872427</hAcc><vAcc>1.088398</vAcc></extensions></trkpt>
      <trkpt lon="34.991246" lat="31.897956"><ele>190.042816</ele><time>2026-03-14T17:58:41Z</time><extensions><speed>2.211754</speed><course>20.788768</course><hAcc>1.880543</hAcc><vAcc>1.093639</vAcc></extensions></trkpt>
      <trkpt lon="34.991255" lat="31.897975"><ele>190.396366</ele><time>2026-03-14T17:58:42Z</time><extensions><speed>2.268358</speed><course>22.944202</course><hAcc>1.891742</hAcc><vAcc>1.098516</vAcc></extensions></trkpt>
      <trkpt lon="34.991265" lat="31.897993"><ele>190.787256</ele><time>2026-03-14T17:58:43Z</time><extensions><speed>2.323105</speed><course>25.873309</course><hAcc>1.897449</hAcc><vAcc>1.101898</vAcc></extensions></trkpt>
      <trkpt lon="34.991276" lat="31.898012"><ele>191.201049</ele><time>2026-03-14T17:58:44Z</time><extensions><speed>2.361272</speed><course>27.957952</course><hAcc>1.902724</hAcc><vAcc>1.106340</vAcc></extensions></trkpt>
      <trkpt lon="34.991287" lat="31.898031"><ele>191.638269</ele><time>2026-03-14T17:58:45Z</time><extensions><speed>2.332719</speed><course>27.101170</course><hAcc>1.906586</hAcc><vAcc>1.108600</vAcc></extensions></trkpt>
      <trkpt lon="34.991298" lat="31.898050"><ele>192.087790</ele><time>2026-03-14T17:58:46Z</time><extensions><speed>2.320925</speed><course>26.911535</course><hAcc>1.907357</hAcc><vAcc>1.113022</vAcc></extensions></trkpt>
      <trkpt lon="34.991310" lat="31.898068"><ele>192.560263</ele><time>2026-03-14T17:58:47Z</time><extensions><speed>2.310729</speed><course>28.674153</course><hAcc>1.909953</hAcc><vAcc>1.116637</vAcc></extensions></trkpt>
      <trkpt lon="34.991322" lat="31.898086"><ele>193.030332</ele><time>2026-03-14T17:58:48Z</time><extensions><speed>2.342227</speed><course>31.287976</course><hAcc>1.910454</hAcc><vAcc>1.121407</vAcc></extensions></trkpt>
      <trkpt lon="34.991334" lat="31.898104"><ele>193.527159</ele><time>2026-03-14T17:58:49Z</time><extensions><speed>2.330468</speed><course>29.855019</course><hAcc>1.907513</hAcc><vAcc>1.125435</vAcc></extensions></trkpt>
      <trkpt lon="34.991346" lat="31.898122"><ele>194.036545</ele><time>2026-03-14T17:58:50Z</time><extensions><speed>2.319557</speed><course>26.899796</course><hAcc>1.900013</hAcc><vAcc>1.128309</vAcc></extensions></trkpt>
      <trkpt lon="34.991357" lat="31.898141"><ele>194.551593</ele><time>2026-03-14T17:58:51Z</time><extensions><speed>2.341526</speed><course>24.400491</course><hAcc>1.892773</hAcc><vAcc>1.130314</vAcc></extensions></trkpt>
      <trkpt lon="34.991366" lat="31.898160"><ele>195.080500</ele><time>2026-03-14T17:58:52Z</time><extensions><speed>2.246319</speed><course>20.602695</course><hAcc>1.885075</hAcc><vAcc>1.133068</vAcc></extensions></trkpt>
      <trkpt lon="34.991374" lat="31.898179"><ele>195.640081</ele><time>2026-03-14T17:58:53Z</time><extensions><speed>2.194423</speed><course>19.153326</course><hAcc>1.881736</hAcc><vAcc>1.134107</vAcc></extensions></trkpt>
      <trkpt lon="34.991382" lat="31.898197"><ele>196.202370</ele><time>2026-03-14T17:58:54Z</time><extensions><speed>2.209757</speed><course>18.154786</course><hAcc>1.875740</hAcc><vAcc>1.135391</vAcc></extensions></trkpt>
      <trkpt lon="34.991389" lat="31.898216"><ele>196.753778</ele><time>2026-03-14T17:58:55Z</time><extensions><speed>2.191743</speed><course>19.748720</course><hAcc>1.864215</hAcc><vAcc>1.135628</vAcc></extensions></trkpt>
      <trkpt lon="34.991397" lat="31.898234"><ele>197.291304</ele><time>2026-03-14T17:58:56Z</time><extensions><speed>2.101000</speed><course>20.170810</course><hAcc>1.857446</hAcc><vAcc>1.135842</vAcc></extensions></trkpt>
      <trkpt lon="34.991405" lat="31.898252"><ele>197.823614</ele><time>2026-03-14T17:58:57Z</time><extensions><speed>2.085320</speed><course>21.104789</course><hAcc>1.848061</hAcc><vAcc>1.135133</vAcc></extensions></trkpt>
      <trkpt lon="34.991413" lat="31.898269"><ele>198.348073</ele><time>2026-03-14T17:58:58Z</time><extensions><speed>2.135323</speed><course>21.441396</course><hAcc>1.838914</hAcc><vAcc>1.133234</vAcc></extensions></trkpt>
      <trkpt lon="34.991422" lat="31.898288"><ele>198.862756</ele><time>2026-03-14T17:59:00Z</time><extensions><speed>2.192476</speed><course>20.177136</course><hAcc>1.832034</hAcc><vAcc>1.131053</vAcc></extensions></trkpt>
      <trkpt lon="34.991429" lat="31.898306"><ele>199.373104</ele><time>2026-03-14T17:59:01Z</time><extensions><speed>2.176630</speed><course>18.693555</course><hAcc>1.820847</hAcc><vAcc>1.127535</vAcc></extensions></trkpt>
      <trkpt lon="34.991437" lat="31.898325"><ele>199.869795</ele><time>2026-03-14T17:59:02Z</time><extensions><speed>2.179366</speed><course>19.722321</course><hAcc>1.812085</hAcc><vAcc>1.123897</vAcc></extensions></trkpt>
      <trkpt lon="34.991445" lat="31.898343"><ele>200.361178</ele><time>2026-03-14T17:59:03Z</time><extensions><speed>2.198869</speed><course>18.723859</course><hAcc>1.803803</hAcc><vAcc>1.119709</vAcc></extensions></trkpt>
      <trkpt lon="34.991453" lat="31.898362"><ele>200.848331</ele><time>2026-03-14T17:59:04Z</time><extensions><speed>2.193050</speed><course>20.584496</course><hAcc>1.792415</hAcc><vAcc>1.114875</vAcc></extensions></trkpt>
      <trkpt lon="34.991461" lat="31.898380"><ele>201.325576</ele><time>2026-03-14T17:59:05Z</time><extensions><speed>2.223221</speed><course>22.122514</course><hAcc>1.782667</hAcc><vAcc>1.109623</vAcc></extensions></trkpt>
      <trkpt lon="34.991471" lat="31.898399"><ele>201.815131</ele><time>2026-03-14T17:59:06Z</time><extensions><speed>2.260840</speed><course>24.235125</course><hAcc>1.771838</hAcc><vAcc>1.102111</vAcc></extensions></trkpt>
      <trkpt lon="34.991481" lat="31.898417"><ele>202.297163</ele><time>2026-03-14T17:59:07Z</time><extensions><speed>2.245372</speed><course>26.589155</course><hAcc>1.768093</hAcc><vAcc>1.095022</vAcc></extensions></trkpt>
      <trkpt lon="34.991492" lat="31.898435"><ele>202.776108</ele><time>2026-03-14T17:59:08Z</time><extensions><speed>2.268960</speed><course>27.975885</course><hAcc>1.759302</hAcc><vAcc>1.087870</vAcc></extensions></trkpt>
      <trkpt lon="34.991503" lat="31.898453"><ele>203.259628</ele><time>2026-03-14T17:59:09Z</time><extensions><speed>2.267390</speed><course>28.725336</course><hAcc>1.755295</hAcc><vAcc>1.080099</vAcc></extensions></trkpt>
      <trkpt lon="34.991515" lat="31.898471"><ele>203.734363</ele><time>2026-03-14T17:59:10Z</time><extensions><speed>2.325975</speed><course>27.541815</course><hAcc>1.761042</hAcc><vAcc>1.072667</vAcc></extensions></trkpt>
      <trkpt lon="34.991525" lat="31.898489"><ele>204.202869</ele><time>2026-03-14T17:59:11Z</time><extensions><speed>2.284759</speed><course>25.478444</course><hAcc>1.748953</hAcc><vAcc>1.065211</vAcc></extensions></trkpt>
      <trkpt lon="34.991535" lat="31.898508"><ele>204.662213</ele><time>2026-03-14T17:59:12Z</time><extensions><speed>2.262269</speed><course>23.842674</course><hAcc>1.744683</hAcc><vAcc>1.057372</vAcc></extensions></trkpt>
      <trkpt lon="34.991545" lat="31.898526"><ele>205.113609</ele><time>2026-03-14T17:59:13Z</time><extensions><speed>2.250271</speed><course>22.694726</course><hAcc>1.749500</hAcc><vAcc>1.050112</vAcc></extensions></trkpt>
      <trkpt lon="34.991554" lat="31.898545"><ele>205.557192</ele><time>2026-03-14T17:59:14Z</time><extensions><speed>2.200159</speed><course>23.831747</course><hAcc>1.745819</hAcc><vAcc>1.043153</vAcc></extensions></trkpt>
      <trkpt lon="34.991563" lat="31.898563"><ele>206.003062</ele><time>2026-03-14T17:59:15Z</time><extensions><speed>2.190843</speed><course>24.649946</course><hAcc>1.746414</hAcc><vAcc>1.035853</vAcc></extensions></trkpt>
      <trkpt lon="34.991573" lat="31.898581"><ele>206.442154</ele><time>2026-03-14T17:59:16Z</time><extensions><speed>2.198209</speed><course>24.793604</course><hAcc>1.749247</hAcc><vAcc>1.028323</vAcc></extensions></trkpt>
      <trkpt lon="34.991583" lat="31.898598"><ele>206.878473</ele><time>2026-03-14T17:59:17Z</time><extensions><speed>2.106112</speed><course>24.444998</course><hAcc>1.750081</hAcc><vAcc>1.021679</vAcc></extensions></trkpt>
      <trkpt lon="34.991592" lat="31.898616"><ele>207.307949</ele><time>2026-03-14T17:59:18Z</time><extensions><speed>2.141926</speed><course>22.883557</course><hAcc>1.743282</hAcc><vAcc>1.015462</vAcc></extensions></trkpt>
      <trkpt lon="34.991600" lat="31.898633"><ele>207.729099</ele><time>2026-03-14T17:59:19Z</time><extensions><speed>2.118801</speed><course>21.528660</course><hAcc>1.734857</hAcc><vAcc>1.009011</vAcc></extensions></trkpt>
      <trkpt lon="34.991608" lat="31.898651"><ele>208.140113</ele><time>2026-03-14T17:59:20Z</time><extensions><speed>2.074824</speed><course>21.133203</course><hAcc>1.732925</hAcc><vAcc>1.002776</vAcc></extensions></trkpt>
      <trkpt lon="34.991616" lat="31.898668"><ele>208.544183</ele><time>2026-03-14T17:59:21Z</time><extensions><speed>2.127480</speed><course>19.661045</course><hAcc>1.737816</hAcc><vAcc>0.996408</vAcc></extensions></trkpt>
      <trkpt lon="34.991623" lat="31.898686"><ele>208.928053</ele><time>2026-03-14T17:59:22Z</time><extensions><speed>2.141295</speed><course>18.699948</course><hAcc>1.720514</hAcc><vAcc>0.990300</vAcc></extensions></trkpt>
      <trkpt lon="34.991631" lat="31.898705"><ele>209.293332</ele><time>2026-03-14T17:59:23Z</time><extensions><speed>2.147848</speed><course>18.774695</course><hAcc>1.700100</hAcc><vAcc>0.983492</vAcc></extensions></trkpt>
      <trkpt lon="34.991638" lat="31.898723"><ele>209.642176</ele><time>2026-03-14T17:59:24Z</time><extensions><speed>2.164073</speed><course>19.938801</course><hAcc>1.688697</hAcc><vAcc>0.976492</vAcc></extensions></trkpt>
      <trkpt lon="34.991646" lat="31.898741"><ele>209.989520</ele><time>2026-03-14T17:59:25Z</time><extensions><speed>2.173661</speed><course>21.669698</course><hAcc>1.683277</hAcc><vAcc>0.969287</vAcc></extensions></trkpt>
      <trkpt lon="34.991655" lat="31.898759"><ele>210.325518</ele><time>2026-03-14T17:59:26Z</time><extensions><speed>2.146332</speed><course>24.335473</course><hAcc>1.676876</hAcc><vAcc>0.962068</vAcc></extensions></trkpt>
      <trkpt lon="34.991664" lat="31.898776"><ele>210.639811</ele><time>2026-03-14T17:59:27Z</time><extensions><speed>2.076208</speed><course>23.582146</course><hAcc>1.667452</hAcc><vAcc>0.954610</vAcc></extensions></trkpt>
      <trkpt lon="34.991673" lat="31.898793"><ele>210.939082</ele><time>2026-03-14T17:59:28Z</time><extensions><speed>2.067628</speed><course>21.649269</course><hAcc>1.668951</hAcc><vAcc>0.947263</vAcc></extensions></trkpt>
      <trkpt lon="34.991681" lat="31.898810"><ele>211.217444</ele><time>2026-03-14T17:59:29Z</time><extensions><speed>2.041473</speed><course>21.385443</course><hAcc>1.656476</hAcc><vAcc>0.939766</vAcc></extensions></trkpt>
      <trkpt lon="34.991688" lat="31.898828"><ele>211.478467</ele><time>2026-03-14T17:59:30Z</time><extensions><speed>2.065379</speed><course>21.509748</course><hAcc>1.642748</hAcc><vAcc>0.932137</vAcc></extensions></trkpt>
      <trkpt lon="34.991697" lat="31.898845"><ele>211.722253</ele><time>2026-03-14T17:59:31Z</time><extensions><speed>2.085020</speed><course>22.238974</course><hAcc>1.631639</hAcc><vAcc>0.923847</vAcc></extensions></trkpt>
      <trkpt lon="34.991705" lat="31.898862"><ele>211.946042</ele><time>2026-03-14T17:59:32Z</time><extensions><speed>2.113366</speed><course>22.989627</course><hAcc>1.623708</hAcc><vAcc>0.915546</vAcc></extensions></trkpt>
      <trkpt lon="34.991714" lat="31.898880"><ele>212.149607</ele><time>2026-03-14T17:59:33Z</time><extensions><speed>2.040124</speed><course>23.186826</course><hAcc>1.612641</hAcc><vAcc>0.907487</vAcc></extensions></trkpt>
      <trkpt lon="34.991722" lat="31.898896"><ele>212.346702</ele><time>2026-03-14T17:59:34Z</time><extensions><speed>1.990931</speed><course>24.869187</course><hAcc>1.603532</hAcc><vAcc>0.899644</vAcc></extensions></trkpt>
      <trkpt lon="34.991731" lat="31.898913"><ele>212.526117</ele><time>2026-03-14T17:59:35Z</time><extensions><speed>2.033365</speed><course>25.293365</course><hAcc>1.592694</hAcc><vAcc>0.891822</vAcc></extensions></trkpt>
      <trkpt lon="34.991741" lat="31.898929"><ele>212.691915</ele><time>2026-03-14T17:59:36Z</time><extensions><speed>2.126930</speed><course>24.894827</course><hAcc>1.585759</hAcc><vAcc>0.884459</vAcc></extensions></trkpt>
      <trkpt lon="34.991750" lat="31.898947"><ele>212.861639</ele><time>2026-03-14T17:59:37Z</time><extensions><speed>2.191498</speed><course>23.794394</course><hAcc>1.580284</hAcc><vAcc>0.877307</vAcc></extensions></trkpt>
      <trkpt lon="34.991759" lat="31.898965"><ele>213.024202</ele><time>2026-03-14T17:59:38Z</time><extensions><speed>2.196037</speed><course>22.839845</course><hAcc>1.580326</hAcc><vAcc>0.870549</vAcc></extensions></trkpt>
      <trkpt lon="34.991768" lat="31.898983"><ele>213.178480</ele><time>2026-03-14T17:59:39Z</time><extensions><speed>2.184679</speed><course>21.978195</course><hAcc>1.571012</hAcc><vAcc>0.864481</vAcc></extensions></trkpt>
      <trkpt lon="34.991776" lat="31.899002"><ele>213.328458</ele><time>2026-03-14T17:59:39Z</time><extensions><speed>2.200831</speed><course>20.855506</course><hAcc>1.567449</hAcc><vAcc>0.859581</vAcc></extensions></trkpt>
      <trkpt lon="34.991785" lat="31.899020"><ele>213.478561</ele><time>2026-03-14T17:59:40Z</time><extensions><speed>2.221918</speed><course>22.556428</course><hAcc>1.569628</hAcc><vAcc>0.855699</vAcc></extensions></trkpt>
      <trkpt lon="34.991794" lat="31.899039"><ele>213.629376</ele><time>2026-03-14T17:59:41Z</time><extensions><speed>2.187621</speed><course>22.783121</course><hAcc>1.556576</hAcc><vAcc>0.852319</vAcc></extensions></trkpt>
      <trkpt lon="34.991802" lat="31.899057"><ele>213.785635</ele><time>2026-03-14T17:59:42Z</time><extensions><speed>2.120423</speed><course>20.633108</course><hAcc>1.549201</hAcc><vAcc>0.849341</vAcc></extensions></trkpt>
      <trkpt lon="34.991810" lat="31.899074"><ele>213.932926</ele><time>2026-03-14T17:59:43Z</time><extensions><speed>2.096521</speed><course>17.665431</course><hAcc>1.547077</hAcc><vAcc>0.847029</vAcc></extensions></trkpt>
      <trkpt lon="34.991816" lat="31.899093"><ele>214.078376</ele><time>2026-03-14T17:59:44Z</time><extensions><speed>2.133772</speed><course>17.718611</course><hAcc>1.543128</hAcc><vAcc>0.845997</vAcc></extensions></trkpt>
      <trkpt lon="34.991823" lat="31.899111"><ele>214.246104</ele><time>2026-03-14T17:59:45Z</time><extensions><speed>2.138199</speed><course>18.269605</course><hAcc>1.546073</hAcc><vAcc>0.846051</vAcc></extensions></trkpt>
      <trkpt lon="34.991831" lat="31.899129"><ele>214.407994</ele><time>2026-03-14T17:59:46Z</time><extensions><speed>2.175843</speed><course>20.463404</course><hAcc>1.554633</hAcc><vAcc>0.846722</vAcc></extensions></trkpt>
      <trkpt lon="34.991840" lat="31.899147"><ele>214.580802</ele><time>2026-03-14T17:59:47Z</time><extensions><speed>2.223151</speed><course>23.005695</course><hAcc>1.554294</hAcc><vAcc>0.848161</vAcc></extensions></trkpt>
      <trkpt lon="34.991848" lat="31.899166"><ele>214.757720</ele><time>2026-03-14T17:59:48Z</time><extensions><speed>2.156185</speed><course>21.935702</course><hAcc>1.557053</hAcc><vAcc>0.850073</vAcc></extensions></trkpt>
      <trkpt lon="34.991856" lat="31.899184"><ele>214.937520</ele><time>2026-03-14T17:59:49Z</time><extensions><speed>2.131036</speed><course>19.749121</course><hAcc>1.568948</hAcc><vAcc>0.852520</vAcc></extensions></trkpt>
      <trkpt lon="34.991864" lat="31.899202"><ele>215.119540</ele><time>2026-03-14T17:59:50Z</time><extensions><speed>2.136346</speed><course>18.114571</course><hAcc>1.578828</hAcc><vAcc>0.854769</vAcc></extensions></trkpt>
      <trkpt lon="34.991871" lat="31.899220"><ele>215.309636</ele><time>2026-03-14T17:59:51Z</time><extensions><speed>2.124883</speed><course>17.818446</course><hAcc>1.587917</hAcc><vAcc>0.856833</vAcc></extensions></trkpt>
      <trkpt lon="34.991877" lat="31.899238"><ele>215.498968</ele><time>2026-03-14T17:59:52Z</time><extensions><speed>2.035679</speed><course>16.580215</course><hAcc>1.590179</hAcc><vAcc>0.858359</vAcc></extensions></trkpt>
      <trkpt lon="34.991883" lat="31.899255"><ele>215.699095</ele><time>2026-03-14T17:59:53Z</time><extensions><speed>2.034841</speed><course>13.979686</course><hAcc>1.597973</hAcc><vAcc>0.859743</vAcc></extensions></trkpt>
      <trkpt lon="34.991888" lat="31.899273"><ele>215.903371</ele><time>2026-03-14T17:59:54Z</time><extensions><speed>2.056136</speed><course>15.584916</course><hAcc>1.607863</hAcc><vAcc>0.860248</vAcc></extensions></trkpt>
      <trkpt lon="34.991894" lat="31.899291"><ele>216.111349</ele><time>2026-03-14T17:59:55Z</time><extensions><speed>2.087345</speed><course>16.238426</course><hAcc>1.609844</hAcc><vAcc>0.860164</vAcc></extensions></trkpt>
      <trkpt lon="34.991901" lat="31.899309"><ele>216.321541</ele><time>2026-03-14T17:59:56Z</time><extensions><speed>2.110495</speed><course>16.906069</course><hAcc>1.614316</hAcc><vAcc>0.859230</vAcc></extensions></trkpt>
      <trkpt lon="34.991907" lat="31.899327"><ele>216.528653</ele><time>2026-03-14T17:59:57Z</time><extensions><speed>2.103846</speed><course>16.053408</course><hAcc>1.621672</hAcc><vAcc>0.858063</vAcc></extensions></trkpt>
      <trkpt lon="34.991913" lat="31.899346"><ele>216.738899</ele><time>2026-03-14T17:59:58Z</time><extensions><speed>2.116650</speed><course>14.994443</course><hAcc>1.626028</hAcc><vAcc>0.856247</vAcc></extensions></trkpt>
      <trkpt lon="34.991919" lat="31.899364"><ele>216.949800</ele><time>2026-03-14T17:59:59Z</time><extensions><speed>2.129100</speed><course>15.973350</course><hAcc>1.628734</hAcc><vAcc>0.854006</vAcc></extensions></trkpt>
      <trkpt lon="34.991926" lat="31.899382"><ele>217.155036</ele><time>2026-03-14T18:00:00Z</time><extensions><speed>2.077161</speed><course>18.434599</course><hAcc>1.624280</hAcc><vAcc>0.851013</vAcc></extensions></trkpt>
      <trkpt lon="34.991933" lat="31.899400"><ele>217.356573</ele><time>2026-03-14T18:00:01Z</time><extensions><speed>2.122772</speed><course>18.385315</course><hAcc>1.622752</hAcc><vAcc>0.847611</vAcc></extensions></trkpt>
      <trkpt lon="34.991939" lat="31.899418"><ele>217.548325</ele><time>2026-03-14T18:00:02Z</time><extensions><speed>2.151873</speed><course>14.443901</course><hAcc>1.621997</hAcc><vAcc>0.843774</vAcc></extensions></trkpt>
      <trkpt lon="34.991944" lat="31.899437"><ele>217.734662</ele><time>2026-03-14T18:00:03Z</time><extensions><speed>2.101421</speed><course>10.195032</course><hAcc>1.616339</hAcc><vAcc>0.839727</vAcc></extensions></trkpt>
      <trkpt lon="34.991947" lat="31.899456"><ele>217.919709</ele><time>2026-03-14T18:00:04Z</time><extensions><speed>2.170894</speed><course>6.423802</course><hAcc>1.616018</hAcc><vAcc>0.835982</vAcc></extensions></trkpt>
      <trkpt lon="34.991951" lat="31.899475"><ele>218.106941</ele><time>2026-03-14T18:00:05Z</time><extensions><speed>2.183444</speed><course>9.230935</course><hAcc>1.616328</hAcc><vAcc>0.832556</vAcc></extensions></trkpt>
      <trkpt lon="34.991956" lat="31.899494"><ele>218.283639</ele><time>2026-03-14T18:00:06Z</time><extensions><speed>2.170826</speed><course>17.033609</course><hAcc>1.615518</hAcc><vAcc>0.829703</vAcc></extensions></trkpt>
      <trkpt lon="34.991963" lat="31.899513"><ele>218.457706</ele><time>2026-03-14T18:00:07Z</time><extensions><speed>2.162187</speed><course>20.482482</course><hAcc>1.612464</hAcc><vAcc>0.827161</vAcc></extensions></trkpt>
      <trkpt lon="34.991971" lat="31.899530"><ele>218.624911</ele><time>2026-03-14T18:00:08Z</time><extensions><speed>2.088853</speed><course>19.925854</course><hAcc>1.611079</hAcc><vAcc>0.825139</vAcc></extensions></trkpt>
      <trkpt lon="34.991978" lat="31.899548"><ele>218.789826</ele><time>2026-03-14T18:00:09Z</time><extensions><speed>2.074455</speed><course>18.834194</course><hAcc>1.611233</hAcc><vAcc>0.823863</vAcc></extensions></trkpt>
      <trkpt lon="34.991985" lat="31.899566"><ele>218.953630</ele><time>2026-03-14T18:00:10Z</time><extensions><speed>2.071956</speed><course>15.960954</course><hAcc>1.607954</hAcc><vAcc>0.823711</vAcc></extensions></trkpt>
      <trkpt lon="34.991991" lat="31.899584"><ele>219.117258</ele><time>2026-03-14T18:00:11Z</time><extensions><speed>2.052076</speed><course>15.740915</course><hAcc>1.604496</hAcc><vAcc>0.824115</vAcc></extensions></trkpt>
      <trkpt lon="34.991996" lat="31.899601"><ele>219.288286</ele><time>2026-03-14T18:00:12Z</time><extensions><speed>2.019657</speed><course>15.451580</course><hAcc>1.601247</hAcc><vAcc>0.824526</vAcc></extensions></trkpt>
      <trkpt lon="34.992002" lat="31.899619"><ele>219.454884</ele><time>2026-03-14T18:00:13Z</time><extensions><speed>2.023527</speed><course>15.584801</course><hAcc>1.598959</hAcc><vAcc>0.825391</vAcc></extensions></trkpt>
      <trkpt lon="34.992008" lat="31.899636"><ele>219.614975</ele><time>2026-03-14T18:00:14Z</time><extensions><speed>2.072514</speed><course>16.620564</course><hAcc>1.592716</hAcc><vAcc>0.826543</vAcc></extensions></trkpt>
      <trkpt lon="34.992015" lat="31.899654"><ele>219.781403</ele><time>2026-03-14T18:00:15Z</time><extensions><speed>2.108955</speed><course>17.690083</course><hAcc>1.584723</hAcc><vAcc>0.827833</vAcc></extensions></trkpt>
      <trkpt lon="34.992021" lat="31.899672"><ele>219.942606</ele><time>2026-03-14T18:00:16Z</time><extensions><speed>2.018908</speed><course>14.705331</course><hAcc>1.573427</hAcc><vAcc>0.828704</vAcc></extensions></trkpt>
      <trkpt lon="34.992026" lat="31.899689"><ele>220.095983</ele><time>2026-03-14T18:00:17Z</time><extensions><speed>2.000050</speed><course>11.557876</course><hAcc>1.570572</hAcc><vAcc>0.828982</vAcc></extensions></trkpt>
      <trkpt lon="34.992030" lat="31.899707"><ele>220.261082</ele><time>2026-03-14T18:00:18Z</time><extensions><speed>1.948339</speed><course>13.184670</course><hAcc>1.569436</hAcc><vAcc>0.829488</vAcc></extensions></trkpt>
      <trkpt lon="34.992035" lat="31.899723"><ele>220.424732</ele><time>2026-03-14T18:00:19Z</time><extensions><speed>1.895904</speed><course>13.168799</course><hAcc>1.563597</hAcc><vAcc>0.829742</vAcc></extensions></trkpt>
      <trkpt lon="34.992039" lat="31.899740"><ele>220.587644</ele><time>2026-03-14T18:00:20Z</time><extensions><speed>1.864932</speed><course>14.383621</course><hAcc>1.567133</hAcc><vAcc>0.829507</vAcc></extensions></trkpt>
      <trkpt lon="34.992044" lat="31.899756"><ele>220.747945</ele><time>2026-03-14T18:00:21Z</time><extensions><speed>1.905437</speed><course>13.540110</course><hAcc>1.575066</hAcc><vAcc>0.829053</vAcc></extensions></trkpt>
      <trkpt lon="34.992049" lat="31.899773"><ele>220.902902</ele><time>2026-03-14T18:00:22Z</time><extensions><speed>1.924981</speed><course>12.315227</course><hAcc>1.571737</hAcc><vAcc>0.828001</vAcc></extensions></trkpt>
      <trkpt lon="34.992053" lat="31.899790"><ele>221.048972</ele><time>2026-03-14T18:00:23Z</time><extensions><speed>1.892881</speed><course>11.726829</course><hAcc>1.563164</hAcc><vAcc>0.826282</vAcc></extensions></trkpt>
      <trkpt lon="34.992057" lat="31.899806"><ele>221.198037</ele><time>2026-03-14T18:00:24Z</time><extensions><speed>1.901534</speed><course>10.857451</course><hAcc>1.561026</hAcc><vAcc>0.824441</vAcc></extensions></trkpt>
      <trkpt lon="34.992061" lat="31.899823"><ele>221.341961</ele><time>2026-03-14T18:00:25Z</time><extensions><speed>1.986453</speed><course>11.472976</course><hAcc>1.561157</hAcc><vAcc>0.822065</vAcc></extensions></trkpt>
      <trkpt lon="34.992065" lat="31.899841"><ele>221.492378</ele><time>2026-03-14T18:00:26Z</time><extensions><speed>1.989931</speed><course>12.542721</course><hAcc>1.552974</hAcc><vAcc>0.819942</vAcc></extensions></trkpt>
      <trkpt lon="34.992070" lat="31.899858"><ele>221.644044</ele><time>2026-03-14T18:00:27Z</time><extensions><speed>2.011292</speed><course>14.210095</course><hAcc>1.550144</hAcc><vAcc>0.817925</vAcc></extensions></trkpt>
      <trkpt lon="34.992076" lat="31.899876"><ele>221.796887</ele><time>2026-03-14T18:00:28Z</time><extensions><speed>2.054808</speed><course>15.602502</course><hAcc>1.547195</hAcc><vAcc>0.816186</vAcc></extensions></trkpt>
      <trkpt lon="34.992081" lat="31.899894"><ele>221.957243</ele><time>2026-03-14T18:00:29Z</time><extensions><speed>2.048984</speed><course>14.639992</course><hAcc>1.543654</hAcc><vAcc>0.814624</vAcc></extensions></trkpt>
      <trkpt lon="34.992086" lat="31.899912"><ele>222.123153</ele><time>2026-03-14T18:00:30Z</time><extensions><speed>2.059593</speed><course>13.036412</course><hAcc>1.542899</hAcc><vAcc>0.813768</vAcc></extensions></trkpt>
      <trkpt lon="34.992091" lat="31.899930"><ele>222.290194</ele><time>2026-03-14T18:00:31Z</time><extensions><speed>2.026530</speed><course>10.231790</course><hAcc>1.538457</hAcc><vAcc>0.813095</vAcc></extensions></trkpt>
      <trkpt lon="34.992094" lat="31.899948"><ele>222.446721</ele><time>2026-03-14T18:00:32Z</time><extensions><speed>2.070614</speed><course>7.394617</course><hAcc>1.535951</hAcc><vAcc>0.812634</vAcc></extensions></trkpt>
      <trkpt lon="34.992097" lat="31.899967"><ele>222.604654</ele><time>2026-03-14T18:00:33Z</time><extensions><speed>2.118499</speed><course>6.373204</course><hAcc>1.538384</hAcc><vAcc>0.812497</vAcc></extensions></trkpt>
      <trkpt lon="34.992099" lat="31.899986"><ele>222.767136</ele><time>2026-03-14T18:00:34Z</time><extensions><speed>2.118069</speed><course>6.914662</course><hAcc>1.546718</hAcc><vAcc>0.812696</vAcc></extensions></trkpt>
      <trkpt lon="34.992102" lat="31.900004"><ele>222.935759</ele><time>2026-03-14T18:00:35Z</time><extensions><speed>2.098847</speed><course>8.051629</course><hAcc>1.545631</hAcc><vAcc>0.813036</vAcc></extensions></trkpt>
      <trkpt lon="34.992105" lat="31.900023"><ele>223.108496</ele><time>2026-03-14T18:00:36Z</time><extensions><speed>2.059603</speed><course>9.313950</course><hAcc>1.539125</hAcc><vAcc>0.813739</vAcc></extensions></trkpt>
      <trkpt lon="34.992109" lat="31.900041"><ele>223.275250</ele><time>2026-03-14T18:00:37Z</time><extensions><speed>2.112307</speed><course>10.954276</course><hAcc>1.537342</hAcc><vAcc>0.814641</vAcc></extensions></trkpt>
      <trkpt lon="34.992113" lat="31.900060"><ele>223.451136</ele><time>2026-03-14T18:00:38Z</time><extensions><speed>2.102855</speed><course>10.340665</course><hAcc>1.531498</hAcc><vAcc>0.815410</vAcc></extensions></trkpt>
      <trkpt lon="34.992117" lat="31.900078"><ele>223.625736</ele><time>2026-03-14T18:00:39Z</time><extensions><speed>2.083232</speed><course>9.209683</course><hAcc>1.518936</hAcc><vAcc>0.816259</vAcc></extensions></trkpt>
      <trkpt lon="34.992120" lat="31.900097"><ele>223.796888</ele><time>2026-03-14T18:00:40Z</time><extensions><speed>2.052145</speed><course>6.347247</course><hAcc>1.508252</hAcc><vAcc>0.817096</vAcc></extensions></trkpt>
      <trkpt lon="34.992123" lat="31.900115"><ele>223.969762</ele><time>2026-03-14T18:00:41Z</time><extensions><speed>2.034174</speed><course>5.649250</course><hAcc>1.500698</hAcc><vAcc>0.818168</vAcc></extensions></trkpt>
      <trkpt lon="34.992125" lat="31.900134"><ele>224.149165</ele><time>2026-03-14T18:00:42Z</time><extensions><speed>2.117576</speed><course>9.035298</course><hAcc>1.498228</hAcc><vAcc>0.819300</vAcc></extensions></trkpt>
      <trkpt lon="34.992129" lat="31.900153"><ele>224.329948</ele><time>2026-03-14T18:00:43Z</time><extensions><speed>2.161021</speed><course>9.513963</course><hAcc>1.507541</hAcc><vAcc>0.820757</vAcc></extensions></trkpt>
      <trkpt lon="34.992133" lat="31.900172"><ele>224.504624</ele><time>2026-03-14T18:00:44Z</time><extensions><speed>2.117043</speed><course>8.612320</course><hAcc>1.515497</hAcc><vAcc>0.822399</vAcc></extensions></trkpt>
      <trkpt lon="34.992136" lat="31.900190"><ele>224.673799</ele><time>2026-03-14T18:00:45Z</time><extensions><speed>2.054796</speed><course>11.391248</course><hAcc>1.521888</hAcc><vAcc>0.823813</vAcc></extensions></trkpt>
      <trkpt lon="34.992141" lat="31.900209"><ele>224.846333</ele><time>2026-03-14T18:00:46Z</time><extensions><speed>2.140638</speed><course>12.100587</course><hAcc>1.536098</hAcc><vAcc>0.825340</vAcc></extensions></trkpt>
      <trkpt lon="34.992146" lat="31.900227"><ele>225.018864</ele><time>2026-03-14T18:00:47Z</time><extensions><speed>2.165132</speed><course>13.149285</course><hAcc>1.550628</hAcc><vAcc>0.826665</vAcc></extensions></trkpt>
      <trkpt lon="34.992151" lat="31.900246"><ele>225.183016</ele><time>2026-03-14T18:00:48Z</time><extensions><speed>2.112616</speed><course>13.665906</course><hAcc>1.563930</hAcc><vAcc>0.827825</vAcc></extensions></trkpt>
      <trkpt lon="34.992157" lat="31.900265"><ele>225.344334</ele><time>2026-03-14T18:00:49Z</time><extensions><speed>2.125063</speed><course>14.276696</course><hAcc>1.572490</hAcc><vAcc>0.828290</vAcc></extensions></trkpt>
      <trkpt lon="34.992162" lat="31.900283"><ele>225.498550</ele><time>2026-03-14T18:00:50Z</time><extensions><speed>2.200901</speed><course>14.670840</course><hAcc>1.577884</hAcc><vAcc>0.827986</vAcc></extensions></trkpt>
      <trkpt lon="34.992168" lat="31.900302"><ele>225.640294</ele><time>2026-03-14T18:00:51Z</time><extensions><speed>2.164667</speed><course>14.740859</course><hAcc>1.580003</hAcc><vAcc>0.827147</vAcc></extensions></trkpt>
      <trkpt lon="34.992173" lat="31.900321"><ele>225.768861</ele><time>2026-03-14T18:00:52Z</time><extensions><speed>2.066765</speed><course>12.933240</course><hAcc>1.577869</hAcc><vAcc>0.825918</vAcc></extensions></trkpt>
      <trkpt lon="34.992178" lat="31.900339"><ele>225.893483</ele><time>2026-03-14T18:00:53Z</time><extensions><speed>2.049046</speed><course>10.051842</course><hAcc>1.576343</hAcc><vAcc>0.823936</vAcc></extensions></trkpt>
      <trkpt lon="34.992181" lat="31.900357"><ele>226.013224</ele><time>2026-03-14T18:00:54Z</time><extensions><speed>2.080460</speed><course>8.306789</course><hAcc>1.577573</hAcc><vAcc>0.821471</vAcc></extensions></trkpt>
      <trkpt lon="34.992184" lat="31.900376"><ele>226.131990</ele><time>2026-03-14T18:00:55Z</time><extensions><speed>2.102812</speed><course>5.572730</course><hAcc>1.573855</hAcc><vAcc>0.818817</vAcc></extensions></trkpt>
      <trkpt lon="34.992186" lat="31.900395"><ele>226.247958</ele><time>2026-03-14T18:00:56Z</time><extensions><speed>2.139198</speed><course>5.704200</course><hAcc>1.571552</hAcc><vAcc>0.816461</vAcc></extensions></trkpt>
      <trkpt lon="34.992189" lat="31.900414"><ele>226.352369</ele><time>2026-03-14T18:00:57Z</time><extensions><speed>2.132917</speed><course>8.642932</course><hAcc>1.570389</hAcc><vAcc>0.814300</vAcc></extensions></trkpt>
      <trkpt lon="34.992192" lat="31.900433"><ele>226.456163</ele><time>2026-03-14T18:00:58Z</time><extensions><speed>2.112567</speed><course>8.401903</course><hAcc>1.570002</hAcc><vAcc>0.812367</vAcc></extensions></trkpt>
      <trkpt lon="34.992195" lat="31.900451"><ele>226.553735</ele><time>2026-03-14T18:00:59Z</time><extensions><speed>2.068719</speed><course>6.326376</course><hAcc>1.565697</hAcc><vAcc>0.810874</vAcc></extensions></trkpt>
      <trkpt lon="34.992197" lat="31.900470"><ele>226.647121</ele><time>2026-03-14T18:01:00Z</time><extensions><speed>2.036756</speed><course>4.718867</course><hAcc>1.567292</hAcc><vAcc>0.809655</vAcc></extensions></trkpt>
      <trkpt lon="34.992199" lat="31.900488"><ele>226.736433</ele><time>2026-03-14T18:01:01Z</time><extensions><speed>2.025610</speed><course>6.170519</course><hAcc>1.572543</hAcc><vAcc>0.808635</vAcc></extensions></trkpt>
      <trkpt lon="34.992202" lat="31.900506"><ele>226.831715</ele><time>2026-03-14T18:01:02Z</time><extensions><speed>2.078217</speed><course>7.997356</course><hAcc>1.575180</hAcc><vAcc>0.808308</vAcc></extensions></trkpt>
      <trkpt lon="34.992205" lat="31.900525"><ele>226.928399</ele><time>2026-03-14T18:01:03Z</time><extensions><speed>2.085474</speed><course>8.818202</course><hAcc>1.574514</hAcc><vAcc>0.808214</vAcc></extensions></trkpt>
      <trkpt lon="34.992208" lat="31.900543"><ele>227.021111</ele><time>2026-03-14T18:01:04Z</time><extensions><speed>2.057547</speed><course>6.824229</course><hAcc>1.576572</hAcc><vAcc>0.808292</vAcc></extensions></trkpt>
      <trkpt lon="34.992210" lat="31.900561"><ele>227.116282</ele><time>2026-03-14T18:01:06Z</time><extensions><speed>2.024074</speed><course>4.517703</course><hAcc>1.576776</hAcc><vAcc>0.808323</vAcc></extensions></trkpt>
      <trkpt lon="34.992211" lat="31.900579"><ele>227.210858</ele><time>2026-03-14T18:01:07Z</time><extensions><speed>1.999259</speed><course>3.182911</course><hAcc>1.577251</hAcc><vAcc>0.808115</vAcc></extensions></trkpt>
      <trkpt lon="34.992212" lat="31.900597"><ele>227.305876</ele><time>2026-03-14T18:01:08Z</time><extensions><speed>1.977521</speed><course>2.366383</course><hAcc>1.569987</hAcc><vAcc>0.807283</vAcc></extensions></trkpt>
      <trkpt lon="34.992213" lat="31.900615"><ele>227.394732</ele><time>2026-03-14T18:01:09Z</time><extensions><speed>1.993712</speed><course>2.630293</course><hAcc>1.563977</hAcc><vAcc>0.805819</vAcc></extensions></trkpt>
      <trkpt lon="34.992215" lat="31.900633"><ele>227.493482</ele><time>2026-03-14T18:01:10Z</time><extensions><speed>2.046320</speed><course>3.402067</course><hAcc>1.556633</hAcc><vAcc>0.803633</vAcc></extensions></trkpt>
      <trkpt lon="34.992216" lat="31.900651"><ele>227.593606</ele><time>2026-03-14T18:01:11Z</time><extensions><speed>2.047325</speed><course>4.370863</course><hAcc>1.549423</hAcc><vAcc>0.800735</vAcc></extensions></trkpt>
      <trkpt lon="34.992218" lat="31.900669"><ele>227.692728</ele><time>2026-03-14T18:01:12Z</time><extensions><speed>2.015440</speed><course>4.895472</course><hAcc>1.546059</hAcc><vAcc>0.797221</vAcc></extensions></trkpt>
      <trkpt lon="34.992219" lat="31.900687"><ele>227.796291</ele><time>2026-03-14T18:01:13Z</time><extensions><speed>2.005964</speed><course>3.919961</course><hAcc>1.541997</hAcc><vAcc>0.793233</vAcc></extensions></trkpt>
      <trkpt lon="34.992221" lat="31.900705"><ele>227.910335</ele><time>2026-03-14T18:01:14Z</time><extensions><speed>1.975792</speed><course>5.064712</course><hAcc>1.533513</hAcc><vAcc>0.788933</vAcc></extensions></trkpt>
      <trkpt lon="34.992223" lat="31.900722"><ele>228.026920</ele><time>2026-03-14T18:01:15Z</time><extensions><speed>1.911011</speed><course>5.690263</course><hAcc>1.524941</hAcc><vAcc>0.784497</vAcc></extensions></trkpt>
      <trkpt lon="34.992225" lat="31.900740"><ele>228.154380</ele><time>2026-03-14T18:01:16Z</time><extensions><speed>1.924293</speed><course>6.423852</course><hAcc>1.522477</hAcc><vAcc>0.780108</vAcc></extensions></trkpt>
      <trkpt lon="34.992227" lat="31.900757"><ele>228.287882</ele><time>2026-03-14T18:01:17Z</time><extensions><speed>1.911498</speed><course>6.443759</course><hAcc>1.518648</hAcc><vAcc>0.775933</vAcc></extensions></trkpt>
      <trkpt lon="34.992230" lat="31.900774"><ele>228.423582</ele><time>2026-03-14T18:01:18Z</time><extensions><speed>1.864935</speed><course>6.175793</course><hAcc>1.510528</hAcc><vAcc>0.772114</vAcc></extensions></trkpt>
      <trkpt lon="34.992232" lat="31.900790"><ele>228.566358</ele><time>2026-03-14T18:01:19Z</time><extensions><speed>1.869792</speed><course>5.981746</course><hAcc>1.502801</hAcc><vAcc>0.768751</vAcc></extensions></trkpt>
      <trkpt lon="34.992234" lat="31.900807"><ele>228.714189</ele><time>2026-03-14T18:01:20Z</time><extensions><speed>1.910484</speed><course>5.156174</course><hAcc>1.498046</hAcc><vAcc>0.765895</vAcc></extensions></trkpt>
      <trkpt lon="34.992235" lat="31.900824"><ele>228.862481</ele><time>2026-03-14T18:01:21Z</time><extensions><speed>1.900169</speed><course>3.885366</course><hAcc>1.492439</hAcc><vAcc>0.763548</vAcc></extensions></trkpt>
      <trkpt lon="34.992237" lat="31.900841"><ele>229.010146</ele><time>2026-03-14T18:01:22Z</time><extensions><speed>1.950915</speed><course>4.789116</course><hAcc>1.490564</hAcc><vAcc>0.761678</vAcc></extensions></trkpt>
      <trkpt lon="34.992239" lat="31.900859"><ele>229.157664</ele><time>2026-03-14T18:01:23Z</time><extensions><speed>1.984416</speed><course>9.306198</course><hAcc>1.488473</hAcc><vAcc>0.760231</vAcc></extensions></trkpt>
      <trkpt lon="34.992243" lat="31.900876"><ele>229.311114</ele><time>2026-03-14T18:01:24Z</time><extensions><speed>1.953988</speed><course>9.837230</course><hAcc>1.485413</hAcc><vAcc>0.759143</vAcc></extensions></trkpt>
      <trkpt lon="34.992246" lat="31.900893"><ele>229.457455</ele><time>2026-03-14T18:01:25Z</time><extensions><speed>1.855570</speed><course>7.183915</course><hAcc>1.483205</hAcc><vAcc>0.758349</vAcc></extensions></trkpt>
      <trkpt lon="34.992247" lat="31.900910"><ele>229.605765</ele><time>2026-03-14T18:01:26Z</time><extensions><speed>1.794082</speed><course>3.054708</course><hAcc>1.483928</hAcc><vAcc>0.757786</vAcc></extensions></trkpt>
      <trkpt lon="34.992248" lat="31.900926"><ele>229.758170</ele><time>2026-03-14T18:01:27Z</time><extensions><speed>1.880830</speed><course>1.265933</course><hAcc>1.486671</hAcc><vAcc>0.757400</vAcc></extensions></trkpt>
      <trkpt lon="34.992249" lat="31.900943"><ele>229.906198</ele><time>2026-03-14T18:01:28Z</time><extensions><speed>1.936985</speed><course>1.394343</course><hAcc>1.485622</hAcc><vAcc>0.757145</vAcc></extensions></trkpt>
      <trkpt lon="34.992249" lat="31.900961"><ele>230.048612</ele><time>2026-03-14T18:01:29Z</time><extensions><speed>1.958367</speed><course>1.142197</course><hAcc>1.481073</hAcc><vAcc>0.756983</vAcc></extensions></trkpt>
      <trkpt lon="34.992250" lat="31.900978"><ele>230.200166</ele><time>2026-03-14T18:01:30Z</time><extensions><speed>1.930268</speed><course>1.617533</course><hAcc>1.479196</hAcc><vAcc>0.756884</vAcc></extensions></trkpt>
      <trkpt lon="34.992250" lat="31.900996"><ele>230.346702</ele><time>2026-03-14T18:01:31Z</time><extensions><speed>1.939179</speed><course>2.138501</course><hAcc>1.475031</hAcc><vAcc>0.756828</vAcc></extensions></trkpt>
      <trkpt lon="34.992251" lat="31.901013"><ele>230.493698</ele><time>2026-03-14T18:01:32Z</time><extensions><speed>1.932703</speed><course>2.069171</course><hAcc>1.471944</hAcc><vAcc>0.756798</vAcc></extensions></trkpt>
      <trkpt lon="34.992252" lat="31.901031"><ele>230.639589</ele><time>2026-03-14T18:01:33Z</time><extensions><speed>1.983105</speed><course>2.115695</course><hAcc>1.469976</hAcc><vAcc>0.756783</vAcc></extensions></trkpt>
      <trkpt lon="34.992253" lat="31.901048"><ele>230.783133</ele><time>2026-03-14T18:01:34Z</time><extensions><speed>1.982559</speed><course>2.213499</course><hAcc>1.466816</hAcc><vAcc>0.756777</vAcc></extensions></trkpt>
      <trkpt lon="34.992254" lat="31.901066"><ele>230.914778</ele><time>2026-03-14T18:01:35Z</time><extensions><speed>1.982784</speed><course>4.151068</course><hAcc>1.463979</hAcc><vAcc>0.756775</vAcc></extensions></trkpt>
      <trkpt lon="34.992255" lat="31.901084"><ele>231.052304</ele><time>2026-03-14T18:01:36Z</time><extensions><speed>1.965376</speed><course>4.209024</course><hAcc>1.466365</hAcc><vAcc>0.756773</vAcc></extensions></trkpt>
      <trkpt lon="34.992257" lat="31.901101"><ele>231.187214</ele><time>2026-03-14T18:01:37Z</time><extensions><speed>1.929837</speed><course>4.052149</course><hAcc>1.471518</hAcc><vAcc>0.756772</vAcc></extensions></trkpt>
      <trkpt lon="34.992258" lat="31.901119"><ele>231.317452</ele><time>2026-03-14T18:01:38Z</time><extensions><speed>1.944187</speed><course>2.294091</course><hAcc>1.470310</hAcc><vAcc>0.756769</vAcc></extensions></trkpt>
      <trkpt lon="34.992258" lat="31.901136"><ele>231.449126</ele><time>2026-03-14T18:01:39Z</time><extensions><speed>1.939284</speed><course>2.060623</course><hAcc>1.474128</hAcc><vAcc>0.756767</vAcc></extensions></trkpt>
      <trkpt lon="34.992259" lat="31.901154"><ele>231.583099</ele><time>2026-03-14T18:01:40Z</time><extensions><speed>1.958559</speed><course>2.035519</course><hAcc>1.490959</hAcc><vAcc>0.756763</vAcc></extensions></trkpt>
      <trkpt lon="34.992260" lat="31.901171"><ele>231.708526</ele><time>2026-03-14T18:01:41Z</time><extensions><speed>1.934471</speed><course>1.716571</course><hAcc>1.500800</hAcc><vAcc>0.756759</vAcc></extensions></trkpt>
      <trkpt lon="34.992260" lat="31.901188"><ele>231.828047</ele><time>2026-03-14T18:01:42Z</time><extensions><speed>1.903227</speed><course>359.663555</course><hAcc>1.502361</hAcc><vAcc>0.756756</vAcc></extensions></trkpt>
      <trkpt lon="34.992260" lat="31.901206"><ele>231.945569</ele><time>2026-03-14T18:01:43Z</time><extensions><speed>1.961197</speed><course>357.367373</course><hAcc>1.502247</hAcc><vAcc>0.756752</vAcc></extensions></trkpt>
      <trkpt lon="34.992258" lat="31.901224"><ele>232.061897</ele><time>2026-03-14T18:01:44Z</time><extensions><speed>2.046066</speed><course>356.303999</course><hAcc>1.503567</hAcc><vAcc>0.756749</vAcc></extensions></trkpt>
      <trkpt lon="34.992257" lat="31.901242"><ele>232.173178</ele><time>2026-03-14T18:01:44Z</time><extensions><speed>2.064121</speed><course>354.638012</course><hAcc>1.505138</hAcc><vAcc>0.756746</vAcc></extensions></trkpt>
      <trkpt lon="34.992255" lat="31.901260"><ele>232.284556</ele><time>2026-03-14T18:01:45Z</time><extensions><speed>2.002674</speed><course>354.314649</course><hAcc>1.507464</hAcc><vAcc>0.756744</vAcc></extensions></trkpt>
      <trkpt lon="34.992252" lat="31.901278"><ele>232.384389</ele><time>2026-03-14T18:01:46Z</time><extensions><speed>2.021629</speed><course>351.291407</course><hAcc>1.512210</hAcc><vAcc>0.756742</vAcc></extensions></trkpt>
      <trkpt lon="34.992249" lat="31.901296"><ele>232.479655</ele><time>2026-03-14T18:01:47Z</time><extensions><speed>2.042891</speed><course>353.551833</course><hAcc>1.510953</hAcc><vAcc>0.756740</vAcc></extensions></trkpt>
      <trkpt lon="34.992248" lat="31.901315"><ele>232.567481</ele><time>2026-03-14T18:01:48Z</time><extensions><speed>2.049812</speed><course>359.020808</course><hAcc>1.506021</hAcc><vAcc>0.757142</vAcc></extensions></trkpt>
      <trkpt lon="34.992248" lat="31.901333"><ele>232.644895</ele><time>2026-03-14T18:01:49Z</time><extensions><speed>2.070018</speed><course>3.712258</course><hAcc>1.505077</hAcc><vAcc>0.757711</vAcc></extensions></trkpt>
      <trkpt lon="34.992250" lat="31.901351"><ele>232.730901</ele><time>2026-03-14T18:01:50Z</time><extensions><speed>2.024917</speed><course>4.399818</course><hAcc>1.508277</hAcc><vAcc>0.758148</vAcc></extensions></trkpt>
      <trkpt lon="34.992251" lat="31.901369"><ele>232.799451</ele><time>2026-03-14T18:01:51Z</time><extensions><speed>1.958515</speed><course>1.318657</course><hAcc>1.509111</hAcc><vAcc>0.758625</vAcc></extensions></trkpt>
      <trkpt lon="34.992251" lat="31.901387"><ele>232.860668</ele><time>2026-03-14T18:01:52Z</time><extensions><speed>1.964070</speed><course>359.721125</course><hAcc>1.510974</hAcc><vAcc>0.759224</vAcc></extensions></trkpt>
      <trkpt lon="34.992251" lat="31.901405"><ele>232.919385</ele><time>2026-03-14T18:01:53Z</time><extensions><speed>2.058938</speed><course>1.288981</course><hAcc>1.514632</hAcc><vAcc>0.760158</vAcc></extensions></trkpt>
      <trkpt lon="34.992252" lat="31.901423"><ele>232.964328</ele><time>2026-03-14T18:01:54Z</time><extensions><speed>2.036316</speed><course>2.206838</course><hAcc>1.512793</hAcc><vAcc>0.761325</vAcc></extensions></trkpt>
      <trkpt lon="34.992252" lat="31.901441"><ele>233.001194</ele><time>2026-03-14T18:01:55Z</time><extensions><speed>1.981351</speed><course>0.634934</course><hAcc>1.512203</hAcc><vAcc>0.762834</vAcc></extensions></trkpt>
      <trkpt lon="34.992252" lat="31.901459"><ele>233.036186</ele><time>2026-03-14T18:01:56Z</time><extensions><speed>1.953569</speed><course>357.881855</course><hAcc>1.513093</hAcc><vAcc>0.764340</vAcc></extensions></trkpt>
      <trkpt lon="34.992251" lat="31.901477"><ele>233.064476</ele><time>2026-03-14T18:01:57Z</time><extensions><speed>1.947966</speed><course>354.606391</course><hAcc>1.511382</hAcc><vAcc>0.766055</vAcc></extensions></trkpt>
      <trkpt lon="34.992249" lat="31.901494"><ele>233.093046</ele><time>2026-03-14T18:01:58Z</time><extensions><speed>1.929122</speed><course>352.918100</course><hAcc>1.506430</hAcc><vAcc>0.767599</vAcc></extensions></trkpt>
      <trkpt lon="34.992246" lat="31.901511"><ele>233.129361</ele><time>2026-03-14T18:01:59Z</time><extensions><speed>1.934552</speed><course>352.381774</course><hAcc>1.501664</hAcc><vAcc>0.768895</vAcc></extensions></trkpt>
      <trkpt lon="34.992243" lat="31.901528"><ele>233.171643</ele><time>2026-03-14T18:02:00Z</time><extensions><speed>1.943117</speed><course>352.667757</course><hAcc>1.498931</hAcc><vAcc>0.770354</vAcc></extensions></trkpt>
      <trkpt lon="34.992241" lat="31.901546"><ele>233.222653</ele><time>2026-03-14T18:02:01Z</time><extensions><speed>1.944162</speed><course>353.987538</course><hAcc>1.500172</hAcc><vAcc>0.771714</vAcc></extensions></trkpt>
      <trkpt lon="34.992239" lat="31.901563"><ele>233.279957</ele><time>2026-03-14T18:02:02Z</time><extensions><speed>1.941612</speed><course>355.861461</course><hAcc>1.507373</hAcc><vAcc>0.773251</vAcc></extensions></trkpt>
      <trkpt lon="34.992238" lat="31.901581"><ele>233.339617</ele><time>2026-03-14T18:02:03Z</time><extensions><speed>1.953490</speed><course>358.183761</course><hAcc>1.518109</hAcc><vAcc>0.774575</vAcc></extensions></trkpt>
      <trkpt lon="34.992237" lat="31.901598"><ele>233.408925</ele><time>2026-03-14T18:02:04Z</time><extensions><speed>1.981446</speed><course>357.475324</course><hAcc>1.525986</hAcc><vAcc>0.775553</vAcc></extensions></trkpt>
      <trkpt lon="34.992236" lat="31.901616"><ele>233.497870</ele><time>2026-03-14T18:02:05Z</time><extensions><speed>2.043451</speed><course>356.008011</course><hAcc>1.526837</hAcc><vAcc>0.776494</vAcc></extensions></trkpt>
      <trkpt lon="34.992234" lat="31.901635"><ele>233.591786</ele><time>2026-03-14T18:02:06Z</time><extensions><speed>2.071826</speed><course>354.149444</course><hAcc>1.526174</hAcc><vAcc>0.777227</vAcc></extensions></trkpt>
      <trkpt lon="34.992232" lat="31.901653"><ele>233.686767</ele><time>2026-03-14T18:02:07Z</time><extensions><speed>2.047276</speed><course>352.425968</course><hAcc>1.525744</hAcc><vAcc>0.777777</vAcc></extensions></trkpt>
      <trkpt lon="34.992229" lat="31.901671"><ele>233.792939</ele><time>2026-03-14T18:02:08Z</time><extensions><speed>2.051546</speed><course>351.123063</course><hAcc>1.524938</hAcc><vAcc>0.778112</vAcc></extensions></trkpt>
      <trkpt lon="34.992225" lat="31.901690"><ele>233.911967</ele><time>2026-03-14T18:02:09Z</time><extensions><speed>2.076283</speed><course>348.219412</course><hAcc>1.529712</hAcc><vAcc>0.778314</vAcc></extensions></trkpt>
      <trkpt lon="34.992220" lat="31.901707"><ele>234.032106</ele><time>2026-03-14T18:02:10Z</time><extensions><speed>2.010597</speed><course>344.838886</course><hAcc>1.527818</hAcc><vAcc>0.778369</vAcc></extensions></trkpt>
      <trkpt lon="34.992214" lat="31.901725"><ele>234.153931</ele><time>2026-03-14T18:02:11Z</time><extensions><speed>1.982319</speed><course>344.111820</course><hAcc>1.528741</hAcc><vAcc>0.778405</vAcc></extensions></trkpt>
      <trkpt lon="34.992209" lat="31.901742"><ele>234.275659</ele><time>2026-03-14T18:02:12Z</time><extensions><speed>2.015797</speed><course>347.641218</course><hAcc>1.535993</hAcc><vAcc>0.778287</vAcc></extensions></trkpt>
      <trkpt lon="34.992205" lat="31.901760"><ele>234.396442</ele><time>2026-03-14T18:02:13Z</time><extensions><speed>2.050823</speed><course>353.271266</course><hAcc>1.541046</hAcc><vAcc>0.777943</vAcc></extensions></trkpt>
      <trkpt lon="34.992203" lat="31.901779"><ele>234.512282</ele><time>2026-03-14T18:02:14Z</time><extensions><speed>2.103741</speed><course>355.379361</course><hAcc>1.544580</hAcc><vAcc>0.778269</vAcc></extensions></trkpt>
      <trkpt lon="34.992201" lat="31.901798"><ele>234.627648</ele><time>2026-03-14T18:02:15Z</time><extensions><speed>2.096565</speed><course>355.655966</course><hAcc>1.542783</hAcc><vAcc>0.778794</vAcc></extensions></trkpt>
      <trkpt lon="34.992200" lat="31.901816"><ele>234.740796</ele><time>2026-03-14T18:02:16Z</time><extensions><speed>2.099231</speed><course>355.345384</course><hAcc>1.542682</hAcc><vAcc>0.779417</vAcc></extensions></trkpt>
      <trkpt lon="34.992198" lat="31.901835"><ele>234.852622</ele><time>2026-03-14T18:02:17Z</time><extensions><speed>2.125405</speed><course>354.224944</course><hAcc>1.541878</hAcc><vAcc>0.780645</vAcc></extensions></trkpt>
      <trkpt lon="34.992195" lat="31.901854"><ele>234.967768</ele><time>2026-03-14T18:02:18Z</time><extensions><speed>2.090046</speed><course>351.700847</course><hAcc>1.541448</hAcc><vAcc>0.782264</vAcc></extensions></trkpt>
      <trkpt lon="34.992191" lat="31.901872"><ele>235.069753</ele><time>2026-03-14T18:02:19Z</time><extensions><speed>2.091268</speed><course>348.652234</course><hAcc>1.536879</hAcc><vAcc>0.784500</vAcc></extensions></trkpt>
      <trkpt lon="34.992187" lat="31.901891"><ele>235.167387</ele><time>2026-03-14T18:02:20Z</time><extensions><speed>2.083971</speed><course>349.792577</course><hAcc>1.535785</hAcc><vAcc>0.787446</vAcc></extensions></trkpt>
      <trkpt lon="34.992184" lat="31.901909"><ele>235.272270</ele><time>2026-03-14T18:02:21Z</time><extensions><speed>2.091389</speed><course>350.462716</course><hAcc>1.532501</hAcc><vAcc>0.791039</vAcc></extensions></trkpt>
      <trkpt lon="34.992180" lat="31.901928"><ele>235.369272</ele><time>2026-03-14T18:02:22Z</time><extensions><speed>2.085755</speed><course>350.686835</course><hAcc>1.532024</hAcc><vAcc>0.795638</vAcc></extensions></trkpt>
      <trkpt lon="34.992177" lat="31.901947"><ele>235.460575</ele><time>2026-03-14T18:02:23Z</time><extensions><speed>2.089787</speed><course>351.745657</course><hAcc>1.542184</hAcc><vAcc>0.800722</vAcc></extensions></trkpt>
      <trkpt lon="34.992174" lat="31.901965"><ele>235.537394</ele><time>2026-03-14T18:02:24Z</time><extensions><speed>2.096063</speed><course>353.117318</course><hAcc>1.554015</hAcc><vAcc>0.806201</vAcc></extensions></trkpt>
      <trkpt lon="34.992172" lat="31.901984"><ele>235.620113</ele><time>2026-03-14T18:02:25Z</time><extensions><speed>2.056220</speed><course>355.078949</course><hAcc>1.564785</hAcc><vAcc>0.811563</vAcc></extensions></trkpt>
      <trkpt lon="34.992170" lat="31.902002"><ele>235.690327</ele><time>2026-03-14T18:02:26Z</time><extensions><speed>1.975677</speed><course>356.986876</course><hAcc>1.566766</hAcc><vAcc>0.816726</vAcc></extensions></trkpt>
      <trkpt lon="34.992169" lat="31.902020"><ele>235.756006</ele><time>2026-03-14T18:02:27Z</time><extensions><speed>1.973359</speed><course>357.528863</course><hAcc>1.569925</hAcc><vAcc>0.822137</vAcc></extensions></trkpt>
      <trkpt lon="34.992168" lat="31.902038"><ele>235.829179</ele><time>2026-03-14T18:02:28Z</time><extensions><speed>2.041718</speed><course>357.697574</course><hAcc>1.571317</hAcc><vAcc>0.827157</vAcc></extensions></trkpt>
      <trkpt lon="34.992168" lat="31.902057"><ele>235.899116</ele><time>2026-03-14T18:02:29Z</time><extensions><speed>2.124665</speed><course>358.723043</course><hAcc>1.572090</hAcc><vAcc>0.832034</vAcc></extensions></trkpt>
      <trkpt lon="34.992168" lat="31.902076"><ele>235.965137</ele><time>2026-03-14T18:02:30Z</time><extensions><speed>2.172110</speed><course>359.946041</course><hAcc>1.573321</hAcc><vAcc>0.836598</vAcc></extensions></trkpt>
      <trkpt lon="34.992168" lat="31.902096"><ele>236.043372</ele><time>2026-03-14T18:02:31Z</time><extensions><speed>2.250627</speed><course>2.733596</course><hAcc>1.574590</hAcc><vAcc>0.840798</vAcc></extensions></trkpt>
      <trkpt lon="34.992169" lat="31.902117"><ele>236.116831</ele><time>2026-03-14T18:02:32Z</time><extensions><speed>2.291033</speed><course>3.067913</course><hAcc>1.572911</hAcc><vAcc>0.845012</vAcc></extensions></trkpt>
      <trkpt lon="34.992170" lat="31.902137"><ele>236.202546</ele><time>2026-03-14T18:02:33Z</time><extensions><speed>2.206570</speed><course>1.664182</course><hAcc>1.566318</hAcc><vAcc>0.849010</vAcc></extensions></trkpt>
      <trkpt lon="34.992171" lat="31.902157"><ele>236.288519</ele><time>2026-03-14T18:02:34Z</time><extensions><speed>2.227433</speed><course>358.780347</course><hAcc>1.560912</hAcc><vAcc>0.852758</vAcc></extensions></trkpt>
      <trkpt lon="34.992170" lat="31.902177"><ele>236.370582</ele><time>2026-03-14T18:02:35Z</time><extensions><speed>2.222716</speed><course>358.334968</course><hAcc>1.557673</hAcc><vAcc>0.856543</vAcc></extensions></trkpt>
      <trkpt lon="34.992169" lat="31.902197"><ele>236.463420</ele><time>2026-03-14T18:02:36Z</time><extensions><speed>2.274347</speed><course>358.474794</course><hAcc>1.558220</hAcc><vAcc>0.860461</vAcc></extensions></trkpt>
      <trkpt lon="34.992169" lat="31.902218"><ele>236.545802</ele><time>2026-03-14T18:02:37Z</time><extensions><speed>2.308991</speed><course>358.139259</course><hAcc>1.563471</hAcc><vAcc>0.864199</vAcc></extensions></trkpt>
      <trkpt lon="34.992168" lat="31.902238"><ele>236.644758</ele><time>2026-03-14T18:02:38Z</time><extensions><speed>2.281285</speed><course>357.499950</course><hAcc>1.565606</hAcc><vAcc>0.868279</vAcc></extensions></trkpt>
      <trkpt lon="34.992167" lat="31.902259"><ele>236.745221</ele><time>2026-03-14T18:02:39Z</time><extensions><speed>2.288880</speed><course>357.708326</course><hAcc>1.569652</hAcc><vAcc>0.872693</vAcc></extensions></trkpt>
      <trkpt lon="34.992165" lat="31.902280"><ele>236.846215</ele><time>2026-03-14T18:02:40Z</time><extensions><speed>2.316613</speed><course>355.710610</course><hAcc>1.576926</hAcc><vAcc>0.878154</vAcc></extensions></trkpt>
      <trkpt lon="34.992163" lat="31.902300"><ele>236.937362</ele><time>2026-03-14T18:02:41Z</time><extensions><speed>2.309296</speed><course>352.614832</course><hAcc>1.581590</hAcc><vAcc>0.883376</vAcc></extensions></trkpt>
      <trkpt lon="34.992159" lat="31.902321"><ele>237.029129</ele><time>2026-03-14T18:02:42Z</time><extensions><speed>2.279220</speed><course>349.472810</course><hAcc>1.585257</hAcc><vAcc>0.888359</vAcc></extensions></trkpt>
      <trkpt lon="34.992154" lat="31.902341"><ele>237.103467</ele><time>2026-03-14T18:02:43Z</time><extensions><speed>2.270249</speed><course>346.489578</course><hAcc>1.592647</hAcc><vAcc>0.892582</vAcc></extensions></trkpt>
      <trkpt lon="34.992149" lat="31.902361"><ele>237.176098</ele><time>2026-03-14T18:02:44Z</time><extensions><speed>2.233479</speed><course>346.951747</course><hAcc>1.598190</hAcc><vAcc>0.896828</vAcc></extensions></trkpt>
      <trkpt lon="34.992144" lat="31.902380"><ele>237.248498</ele><time>2026-03-14T18:02:45Z</time><extensions><speed>2.231210</speed><course>347.583676</course><hAcc>1.606577</hAcc><vAcc>0.900560</vAcc></extensions></trkpt>
      <trkpt lon="34.992139" lat="31.902400"><ele>237.303743</ele><time>2026-03-14T18:02:46Z</time><extensions><speed>2.217617</speed><course>347.586385</course><hAcc>1.612633</hAcc><vAcc>0.904084</vAcc></extensions></trkpt>
      <trkpt lon="34.992134" lat="31.902419"><ele>237.348107</ele><time>2026-03-14T18:02:47Z</time><extensions><speed>2.226417</speed><course>348.550515</course><hAcc>1.619297</hAcc><vAcc>0.907446</vAcc></extensions></trkpt>
      <trkpt lon="34.992129" lat="31.902439"><ele>237.380698</ele><time>2026-03-14T18:02:48Z</time><extensions><speed>2.205371</speed><course>347.358997</course><hAcc>1.629109</hAcc><vAcc>0.910059</vAcc></extensions></trkpt>
      <trkpt lon="34.992124" lat="31.902458"><ele>237.401616</ele><time>2026-03-14T18:02:49Z</time><extensions><speed>2.217013</speed><course>348.398576</course><hAcc>1.635972</hAcc><vAcc>0.912184</vAcc></extensions></trkpt>
      <trkpt lon="34.992119" lat="31.902477"><ele>237.413683</ele><time>2026-03-14T18:02:50Z</time><extensions><speed>2.174557</speed><course>349.414259</course><hAcc>1.633031</hAcc><vAcc>0.913295</vAcc></extensions></trkpt>
      <trkpt lon="34.992115" lat="31.902497"><ele>237.420051</ele><time>2026-03-14T18:02:51Z</time><extensions><speed>2.217666</speed><course>349.724767</course><hAcc>1.625717</hAcc><vAcc>0.913865</vAcc></extensions></trkpt>
      <trkpt lon="34.992111" lat="31.902516"><ele>237.420372</ele><time>2026-03-14T18:02:52Z</time><extensions><speed>2.218254</speed><course>352.326853</course><hAcc>1.620545</hAcc><vAcc>0.913209</vAcc></extensions></trkpt>
      <trkpt lon="34.992108" lat="31.902536"><ele>237.403113</ele><time>2026-03-14T18:02:53Z</time><extensions><speed>2.163830</speed><course>353.306170</course><hAcc>1.615018</hAcc><vAcc>0.912438</vAcc></extensions></trkpt>
      <trkpt lon="34.992106" lat="31.902555"><ele>237.393285</ele><time>2026-03-14T18:02:54Z</time><extensions><speed>2.127293</speed><course>357.362674</course><hAcc>1.616020</hAcc><vAcc>0.911474</vAcc></extensions></trkpt>
      <trkpt lon="34.992106" lat="31.902575"><ele>237.379224</ele><time>2026-03-14T18:02:55Z</time><extensions><speed>2.168882</speed><course>3.629804</course><hAcc>1.612042</hAcc><vAcc>0.909962</vAcc></extensions></trkpt>
      <trkpt lon="34.992108" lat="31.902594"><ele>237.365094</ele><time>2026-03-14T18:02:56Z</time><extensions><speed>2.126818</speed><course>6.017875</course><hAcc>1.607897</hAcc><vAcc>0.908512</vAcc></extensions></trkpt>
      <trkpt lon="34.992110" lat="31.902613"><ele>237.355408</ele><time>2026-03-14T18:02:57Z</time><extensions><speed>2.154198</speed><course>3.709790</course><hAcc>1.608542</hAcc><vAcc>0.906018</vAcc></extensions></trkpt>
      <trkpt lon="34.992110" lat="31.902632"><ele>237.349322</ele><time>2026-03-14T18:02:58Z</time><extensions><speed>2.177610</speed><course>353.752718</course><hAcc>1.607754</hAcc><vAcc>0.902981</vAcc></extensions></trkpt>
      <trkpt lon="34.992106" lat="31.902652"><ele>237.349119</ele><time>2026-03-14T18:02:59Z</time><extensions><speed>2.211658</speed><course>346.637024</course><hAcc>1.605073</hAcc><vAcc>0.898586</vAcc></extensions></trkpt>
      <trkpt lon="34.992099" lat="31.902671"><ele>237.343302</ele><time>2026-03-14T18:03:00Z</time><extensions><speed>2.258994</speed><course>342.952349</course><hAcc>1.606059</hAcc><vAcc>0.894600</vAcc></extensions></trkpt>
      <trkpt lon="34.992091" lat="31.902690"><ele>237.334176</ele><time>2026-03-14T18:03:01Z</time><extensions><speed>2.267480</speed><course>338.985659</course><hAcc>1.611152</hAcc><vAcc>0.890748</vAcc></extensions></trkpt>
      <trkpt lon="34.992082" lat="31.902709"><ele>237.314981</ele><time>2026-03-14T18:03:02Z</time><extensions><speed>2.218090</speed><course>336.441320</course><hAcc>1.611751</hAcc><vAcc>0.885774</vAcc></extensions></trkpt>
      <trkpt lon="34.992073" lat="31.902727"><ele>237.313832</ele><time>2026-03-14T18:03:03Z</time><extensions><speed>2.194049</speed><course>334.843194</course><hAcc>1.618105</hAcc><vAcc>0.880868</vAcc></extensions></trkpt>
      <trkpt lon="34.992063" lat="31.902745"><ele>237.316009</ele><time>2026-03-14T18:03:04Z</time><extensions><speed>2.195899</speed><course>337.027898</course><hAcc>1.624947</hAcc><vAcc>0.875816</vAcc></extensions></trkpt>
      <trkpt lon="34.992055" lat="31.902763"><ele>237.317173</ele><time>2026-03-14T18:03:05Z</time><extensions><speed>2.154545</speed><course>342.455799</course><hAcc>1.627218</hAcc><vAcc>0.870305</vAcc></extensions></trkpt>
      <trkpt lon="34.992048" lat="31.902782"><ele>237.317596</ele><time>2026-03-14T18:03:06Z</time><extensions><speed>2.171925</speed><course>343.769588</course><hAcc>1.630046</hAcc><vAcc>0.864985</vAcc></extensions></trkpt>
      <trkpt lon="34.992042" lat="31.902800"><ele>237.316299</ele><time>2026-03-14T18:03:07Z</time><extensions><speed>2.183589</speed><course>342.676140</course><hAcc>1.627813</hAcc><vAcc>0.859433</vAcc></extensions></trkpt>
      <trkpt lon="34.992035" lat="31.902819"><ele>237.312301</ele><time>2026-03-14T18:03:08Z</time><extensions><speed>2.150004</speed><course>339.770961</course><hAcc>1.626886</hAcc><vAcc>0.853875</vAcc></extensions></trkpt>
      <trkpt lon="34.992026" lat="31.902837"><ele>237.301184</ele><time>2026-03-14T18:03:09Z</time><extensions><speed>2.150697</speed><course>334.969632</course><hAcc>1.627249</hAcc><vAcc>0.848836</vAcc></extensions></trkpt>
      <trkpt lon="34.992015" lat="31.902854"><ele>237.305299</ele><time>2026-03-14T18:03:10Z</time><extensions><speed>2.178095</speed><course>328.023704</course><hAcc>1.624774</hAcc><vAcc>0.843613</vAcc></extensions></trkpt>
      <trkpt lon="34.992003" lat="31.902870"><ele>237.313815</ele><time>2026-03-14T18:03:12Z</time><extensions><speed>2.134943</speed><course>326.838304</course><hAcc>1.623381</hAcc><vAcc>0.838440</vAcc></extensions></trkpt>
      <trkpt lon="34.991991" lat="31.902887"><ele>237.312141</ele><time>2026-03-14T18:03:13Z</time><extensions><speed>2.145339</speed><course>329.723184</course><hAcc>1.617360</hAcc><vAcc>0.833375</vAcc></extensions></trkpt>
      <trkpt lon="34.991980" lat="31.902903"><ele>237.297298</ele><time>2026-03-14T18:03:14Z</time><extensions><speed>2.088073</speed><course>335.070491</course><hAcc>1.612319</hAcc><vAcc>0.828748</vAcc></extensions></trkpt>
      <trkpt lon="34.991971" lat="31.902920"><ele>237.278952</ele><time>2026-03-14T18:03:15Z</time><extensions><speed>2.035252</speed><course>335.582683</course><hAcc>1.606529</hAcc><vAcc>0.824099</vAcc></extensions></trkpt>
      <trkpt lon="34.991963" lat="31.902937"><ele>237.241379</ele><time>2026-03-14T18:03:16Z</time><extensions><speed>2.042834</speed><course>337.407868</course><hAcc>1.595719</hAcc><vAcc>0.819696</vAcc></extensions></trkpt>
      <trkpt lon="34.991955" lat="31.902954"><ele>237.190212</ele><time>2026-03-14T18:03:17Z</time><extensions><speed>2.062951</speed><course>339.640736</course><hAcc>1.589338</hAcc><vAcc>0.815482</vAcc></extensions></trkpt>
      <trkpt lon="34.991948" lat="31.902972"><ele>237.128709</ele><time>2026-03-14T18:03:18Z</time><extensions><speed>2.097180</speed><course>342.786942</course><hAcc>1.585007</hAcc><vAcc>0.811061</vAcc></extensions></trkpt>
      <trkpt lon="34.991941" lat="31.902990"><ele>237.054595</ele><time>2026-03-14T18:03:19Z</time><extensions><speed>2.109961</speed><course>344.741243</course><hAcc>1.580466</hAcc><vAcc>0.806472</vAcc></extensions></trkpt>
      <trkpt lon="34.991936" lat="31.903008"><ele>236.964163</ele><time>2026-03-14T18:03:20Z</time><extensions><speed>2.131297</speed><course>346.947038</course><hAcc>1.578025</hAcc><vAcc>0.801780</vAcc></extensions></trkpt>
      <trkpt lon="34.991930" lat="31.903027"><ele>236.863494</ele><time>2026-03-14T18:03:21Z</time><extensions><speed>2.231259</speed><course>344.440379</course><hAcc>1.579228</hAcc><vAcc>0.796996</vAcc></extensions></trkpt>
      <trkpt lon="34.991924" lat="31.903047"><ele>236.749844</ele><time>2026-03-14T18:03:22Z</time><extensions><speed>2.254735</speed><course>343.031760</course><hAcc>1.571151</hAcc><vAcc>0.792413</vAcc></extensions></trkpt>
      <trkpt lon="34.991917" lat="31.903066"><ele>236.627003</ele><time>2026-03-14T18:03:23Z</time><extensions><speed>2.192588</speed><course>343.917901</course><hAcc>1.563664</hAcc><vAcc>0.788289</vAcc></extensions></trkpt>
      <trkpt lon="34.991910" lat="31.903084"><ele>236.492979</ele><time>2026-03-14T18:03:24Z</time><extensions><speed>2.078081</speed><course>343.109092</course><hAcc>1.557297</hAcc><vAcc>0.784752</vAcc></extensions></trkpt>
      <trkpt lon="34.991903" lat="31.903102"><ele>236.355281</ele><time>2026-03-14T18:03:25Z</time><extensions><speed>2.028663</speed><course>339.232090</course><hAcc>1.551225</hAcc><vAcc>0.781781</vAcc></extensions></trkpt>
      <trkpt lon="34.991895" lat="31.903119"><ele>236.213298</ele><time>2026-03-14T18:03:26Z</time><extensions><speed>2.049949</speed><course>337.156524</course><hAcc>1.548537</hAcc><vAcc>0.779700</vAcc></extensions></trkpt>
      <trkpt lon="34.991887" lat="31.903137"><ele>236.070297</ele><time>2026-03-14T18:03:27Z</time><extensions><speed>2.148076</speed><course>337.890450</course><hAcc>1.540241</hAcc><vAcc>0.778125</vAcc></extensions></trkpt>
      <trkpt lon="34.991879" lat="31.903154"><ele>235.936046</ele><time>2026-03-14T18:03:28Z</time><extensions><speed>2.081348</speed><course>340.490009</course><hAcc>1.539708</hAcc><vAcc>0.777139</vAcc></extensions></trkpt>
      <trkpt lon="34.991871" lat="31.903172"><ele>235.812886</ele><time>2026-03-14T18:03:29Z</time><extensions><speed>2.074417</speed><course>341.891969</course><hAcc>1.544062</hAcc><vAcc>0.776497</vAcc></extensions></trkpt>
      <trkpt lon="34.991865" lat="31.903190"><ele>235.698200</ele><time>2026-03-14T18:03:30Z</time><extensions><speed>2.006482</speed><course>343.023157</course><hAcc>1.541624</hAcc><vAcc>0.776228</vAcc></extensions></trkpt>
      <trkpt lon="34.991858" lat="31.903208"><ele>235.610764</ele><time>2026-03-14T18:03:31Z</time><extensions><speed>2.070817</speed><course>342.259990</course><hAcc>1.536773</hAcc><vAcc>0.776235</vAcc></extensions></trkpt>
      <trkpt lon="34.991851" lat="31.903226"><ele>235.536502</ele><time>2026-03-14T18:03:32Z</time><extensions><speed>2.199224</speed><course>338.852031</course><hAcc>1.541523</hAcc><vAcc>0.776586</vAcc></extensions></trkpt>
      <trkpt lon="34.991842" lat="31.903244"><ele>235.479504</ele><time>2026-03-14T18:03:33Z</time><extensions><speed>2.232424</speed><course>335.910000</course><hAcc>1.548026</hAcc><vAcc>0.777672</vAcc></extensions></trkpt>
      <trkpt lon="34.991832" lat="31.903263"><ele>235.449301</ele><time>2026-03-14T18:03:34Z</time><extensions><speed>2.293836</speed><course>333.835573</course><hAcc>1.549670</hAcc><vAcc>0.779233</vAcc></extensions></trkpt>
      <trkpt lon="34.991820" lat="31.903281"><ele>235.432425</ele><time>2026-03-14T18:03:35Z</time><extensions><speed>2.306436</speed><course>330.515417</course><hAcc>1.554475</hAcc><vAcc>0.781213</vAcc></extensions></trkpt>
      <trkpt lon="34.991809" lat="31.903300"><ele>235.437539</ele><time>2026-03-14T18:03:36Z</time><extensions><speed>2.326909</speed><course>333.708899</course><hAcc>1.559238</hAcc><vAcc>0.783553</vAcc></extensions></trkpt>
      <trkpt lon="34.991798" lat="31.903319"><ele>235.458037</ele><time>2026-03-14T18:03:37Z</time><extensions><speed>2.383951</speed><course>334.524271</course><hAcc>1.559815</hAcc><vAcc>0.786079</vAcc></extensions></trkpt>
      <trkpt lon="34.991787" lat="31.903338"><ele>235.497222</ele><time>2026-03-14T18:03:38Z</time><extensions><speed>2.404981</speed><course>336.183264</course><hAcc>1.564898</hAcc><vAcc>0.788688</vAcc></extensions></trkpt>
      <trkpt lon="34.991777" lat="31.903358"><ele>235.549612</ele><time>2026-03-14T18:03:39Z</time><extensions><speed>2.376680</speed><course>337.692977</course><hAcc>1.567255</hAcc><vAcc>0.791187</vAcc></extensions></trkpt>
      <trkpt lon="34.991768" lat="31.903378"><ele>235.601446</ele><time>2026-03-14T18:03:40Z</time><extensions><speed>2.350604</speed><course>339.007119</course><hAcc>1.565545</hAcc><vAcc>0.793743</vAcc></extensions></trkpt>
      <trkpt lon="34.991760" lat="31.903398"><ele>235.657374</ele><time>2026-03-14T18:03:41Z</time><extensions><speed>2.345664</speed><course>340.026059</course><hAcc>1.566581</hAcc><vAcc>0.796236</vAcc></extensions></trkpt>
      <trkpt lon="34.991751" lat="31.903418"><ele>235.733566</ele><time>2026-03-14T18:03:42Z</time><extensions><speed>2.354764</speed><course>341.714245</course><hAcc>1.571341</hAcc><vAcc>0.798029</vAcc></extensions></trkpt>
      <trkpt lon="34.991743" lat="31.903438"><ele>235.806363</ele><time>2026-03-14T18:03:43Z</time><extensions><speed>2.384462</speed><course>341.298448</course><hAcc>1.573409</hAcc><vAcc>0.799570</vAcc></extensions></trkpt>
      <trkpt lon="34.991736" lat="31.903459"><ele>235.879370</ele><time>2026-03-14T18:03:44Z</time><extensions><speed>2.397907</speed><course>342.139678</course><hAcc>1.576466</hAcc><vAcc>0.800683</vAcc></extensions></trkpt>
      <trkpt lon="34.991728" lat="31.903479"><ele>235.958625</ele><time>2026-03-14T18:03:45Z</time><extensions><speed>2.384512</speed><course>341.038619</course><hAcc>1.575326</hAcc><vAcc>0.800785</vAcc></extensions></trkpt>
      <trkpt lon="34.991719" lat="31.903499"><ele>236.043127</ele><time>2026-03-14T18:03:46Z</time><extensions><speed>2.349041</speed><course>338.259587</course><hAcc>1.575462</hAcc><vAcc>0.800382</vAcc></extensions></trkpt>
      <trkpt lon="34.991709" lat="31.903518"><ele>236.114069</ele><time>2026-03-14T18:03:47Z</time><extensions><speed>2.344305</speed><course>334.918616</course><hAcc>1.566736</hAcc><vAcc>0.798862</vAcc></extensions></trkpt>
      <trkpt lon="34.991698" lat="31.903537"><ele>236.172130</ele><time>2026-03-14T18:03:48Z</time><extensions><speed>2.347104</speed><course>333.052915</course><hAcc>1.556273</hAcc><vAcc>0.796472</vAcc></extensions></trkpt>
      <trkpt lon="34.991688" lat="31.903556"><ele>236.218384</ele><time>2026-03-14T18:03:49Z</time><extensions><speed>2.257429</speed><course>337.147172</course><hAcc>1.545170</hAcc><vAcc>0.793448</vAcc></extensions></trkpt>
      <trkpt lon="34.991680" lat="31.903575"><ele>236.256856</ele><time>2026-03-14T18:03:50Z</time><extensions><speed>2.252703</speed><course>341.606634</course><hAcc>1.535856</hAcc><vAcc>0.790043</vAcc></extensions></trkpt>
      <trkpt lon="34.991673" lat="31.903594"><ele>236.290804</ele><time>2026-03-14T18:03:51Z</time><extensions><speed>2.271320</speed><course>344.939202</course><hAcc>1.522592</hAcc><vAcc>0.786313</vAcc></extensions></trkpt>
      <trkpt lon="34.991668" lat="31.903614"><ele>236.314095</ele><time>2026-03-14T18:03:52Z</time><extensions><speed>2.213299</speed><course>348.279498</course><hAcc>1.516138</hAcc><vAcc>0.782753</vAcc></extensions></trkpt>
      <trkpt lon="34.991664" lat="31.903633"><ele>236.329704</ele><time>2026-03-14T18:03:53Z</time><extensions><speed>2.120958</speed><course>353.695260</course><hAcc>1.516705</hAcc><vAcc>0.779519</vAcc></extensions></trkpt>
      <trkpt lon="34.991663" lat="31.903651"><ele>236.334219</ele><time>2026-03-14T18:03:53Z</time><extensions><speed>1.994132</speed><course>357.815239</course><hAcc>1.519084</hAcc><vAcc>0.776709</vAcc></extensions></trkpt>
      <trkpt lon="34.991663" lat="31.903670"><ele>236.318331</ele><time>2026-03-14T18:03:54Z</time><extensions><speed>2.071137</speed><course>3.200483</course><hAcc>1.525704</hAcc><vAcc>0.774470</vAcc></extensions></trkpt>
      <trkpt lon="34.991665" lat="31.903688"><ele>236.293111</ele><time>2026-03-14T18:03:55Z</time><extensions><speed>2.098605</speed><course>8.609623</course><hAcc>1.535261</hAcc><vAcc>0.772927</vAcc></extensions></trkpt>
      <trkpt lon="34.991669" lat="31.903707"><ele>236.258994</ele><time>2026-03-14T18:03:56Z</time><extensions><speed>2.099947</speed><course>11.231102</course><hAcc>1.541419</hAcc><vAcc>0.771887</vAcc></extensions></trkpt>
      <trkpt lon="34.991674" lat="31.903725"><ele>236.215966</ele><time>2026-03-14T18:03:57Z</time><extensions><speed>2.086725</speed><course>15.629977</course><hAcc>1.551728</hAcc><vAcc>0.771182</vAcc></extensions></trkpt>
      <trkpt lon="34.991681" lat="31.903743"><ele>236.171345</ele><time>2026-03-14T18:03:58Z</time><extensions><speed>2.104721</speed><course>21.225428</course><hAcc>1.556717</hAcc><vAcc>0.771531</vAcc></extensions></trkpt>
      <trkpt lon="34.991690" lat="31.903760"><ele>236.119713</ele><time>2026-03-14T18:03:59Z</time><extensions><speed>2.133782</speed><course>27.727927</course><hAcc>1.559383</hAcc><vAcc>0.772359</vAcc></extensions></trkpt>
      <trkpt lon="34.991702" lat="31.903777"><ele>236.043341</ele><time>2026-03-14T18:04:00Z</time><extensions><speed>2.169591</speed><course>33.095554</course><hAcc>1.566425</hAcc><vAcc>0.773613</vAcc></extensions></trkpt>
      <trkpt lon="34.991715" lat="31.903793"><ele>235.970501</ele><time>2026-03-14T18:04:01Z</time><extensions><speed>2.210902</speed><course>39.222294</course><hAcc>1.576248</hAcc><vAcc>0.774994</vAcc></extensions></trkpt>
      <trkpt lon="34.991731" lat="31.903808"><ele>235.913069</ele><time>2026-03-14T18:04:02Z</time><extensions><speed>2.175225</speed><course>42.963062</course><hAcc>1.584272</hAcc><vAcc>0.776700</vAcc></extensions></trkpt>
      <trkpt lon="34.991747" lat="31.903822"><ele>235.840224</ele><time>2026-03-14T18:04:03Z</time><extensions><speed>2.152109</speed><course>45.764622</course><hAcc>1.586203</hAcc><vAcc>0.778422</vAcc></extensions></trkpt>
      <trkpt lon="34.991763" lat="31.903835"><ele>235.772935</ele><time>2026-03-14T18:04:04Z</time><extensions><speed>2.184722</speed><course>49.476900</course><hAcc>1.589926</hAcc><vAcc>0.779678</vAcc></extensions></trkpt>
      <trkpt lon="34.991781" lat="31.903847"><ele>235.705054</ele><time>2026-03-14T18:04:05Z</time><extensions><speed>2.132180</speed><course>51.705188</course><hAcc>1.583843</hAcc><vAcc>0.780625</vAcc></extensions></trkpt>
      <trkpt lon="34.991799" lat="31.903858"><ele>235.629729</ele><time>2026-03-14T18:04:06Z</time><extensions><speed>2.053493</speed><course>53.153936</course><hAcc>1.579786</hAcc><vAcc>0.781171</vAcc></extensions></trkpt>
      <trkpt lon="34.991816" lat="31.903869"><ele>235.563690</ele><time>2026-03-14T18:04:07Z</time><extensions><speed>2.048746</speed><course>54.885796</course><hAcc>1.579644</hAcc><vAcc>0.781262</vAcc></extensions></trkpt>
      <trkpt lon="34.991834" lat="31.903880"><ele>235.504070</ele><time>2026-03-14T18:04:08Z</time><extensions><speed>2.129984</speed><course>56.702646</course><hAcc>1.577701</hAcc><vAcc>0.780858</vAcc></extensions></trkpt>
      <trkpt lon="34.991854" lat="31.903890"><ele>235.452052</ele><time>2026-03-14T18:04:09Z</time><extensions><speed>2.184696</speed><course>58.020701</course><hAcc>1.577013</hAcc><vAcc>0.779924</vAcc></extensions></trkpt>
      <trkpt lon="34.991873" lat="31.903900"><ele>235.398583</ele><time>2026-03-14T18:04:10Z</time><extensions><speed>2.129829</speed><course>59.292558</course><hAcc>1.586297</hAcc><vAcc>0.778476</vAcc></extensions></trkpt>
      <trkpt lon="34.991893" lat="31.903910"><ele>235.345683</ele><time>2026-03-14T18:04:11Z</time><extensions><speed>2.152407</speed><course>61.080621</course><hAcc>1.594083</hAcc><vAcc>0.776594</vAcc></extensions></trkpt>
      <trkpt lon="34.991913" lat="31.903919"><ele>235.290574</ele><time>2026-03-14T18:04:12Z</time><extensions><speed>2.158413</speed><course>64.195954</course><hAcc>1.607159</hAcc><vAcc>0.774390</vAcc></extensions></trkpt>
      <trkpt lon="34.991934" lat="31.903927"><ele>235.243129</ele><time>2026-03-14T18:04:13Z</time><extensions><speed>2.248013</speed><course>66.477929</course><hAcc>1.622791</hAcc><vAcc>0.771988</vAcc></extensions></trkpt>
      <trkpt lon="34.991956" lat="31.903935"><ele>235.202785</ele><time>2026-03-14T18:04:14Z</time><extensions><speed>2.217922</speed><course>68.842817</course><hAcc>1.638974</hAcc><vAcc>0.769530</vAcc></extensions></trkpt>
      <trkpt lon="34.991977" lat="31.903943"><ele>235.166577</ele><time>2026-03-14T18:04:15Z</time><extensions><speed>2.161584</speed><course>66.618885</course><hAcc>1.662721</hAcc><vAcc>0.767166</vAcc></extensions></trkpt>
      <trkpt lon="34.991998" lat="31.903951"><ele>235.141515</ele><time>2026-03-14T18:04:16Z</time><extensions><speed>2.218173</speed><course>66.010602</course><hAcc>1.695182</hAcc><vAcc>0.765010</vAcc></extensions></trkpt>
      <trkpt lon="34.992020" lat="31.903959"><ele>235.127886</ele><time>2026-03-14T18:04:17Z</time><extensions><speed>2.330520</speed><course>66.165288</course><hAcc>1.709660</hAcc><vAcc>0.763127</vAcc></extensions></trkpt>
      <trkpt lon="34.992042" lat="31.903967"><ele>235.114446</ele><time>2026-03-14T18:04:18Z</time><extensions><speed>2.319371</speed><course>65.144034</course><hAcc>1.722236</hAcc><vAcc>0.761545</vAcc></extensions></trkpt>
      <trkpt lon="34.992065" lat="31.903976"><ele>235.118263</ele><time>2026-03-14T18:04:19Z</time><extensions><speed>2.365647</speed><course>64.646119</course><hAcc>1.740700</hAcc><vAcc>0.760259</vAcc></extensions></trkpt>
      <trkpt lon="34.992087" lat="31.903985"><ele>235.135047</ele><time>2026-03-14T18:04:20Z</time><extensions><speed>2.326455</speed><course>65.629738</course><hAcc>1.754003</hAcc><vAcc>0.759248</vAcc></extensions></trkpt>
      <trkpt lon="34.992109" lat="31.903994"><ele>235.171893</ele><time>2026-03-14T18:04:21Z</time><extensions><speed>2.252046</speed><course>65.370460</course><hAcc>1.769112</hAcc><vAcc>0.758476</vAcc></extensions></trkpt>
      <trkpt lon="34.992130" lat="31.904002"><ele>235.235179</ele><time>2026-03-14T18:04:22Z</time><extensions><speed>2.143605</speed><course>64.771170</course><hAcc>1.782141</hAcc><vAcc>0.757906</vAcc></extensions></trkpt>
      <trkpt lon="34.992150" lat="31.904010"><ele>235.299777</ele><time>2026-03-14T18:04:23Z</time><extensions><speed>2.151783</speed><course>64.569051</course><hAcc>1.785942</hAcc><vAcc>0.757497</vAcc></extensions></trkpt>
      <trkpt lon="34.992170" lat="31.904018"><ele>235.373390</ele><time>2026-03-14T18:04:24Z</time><extensions><speed>2.124462</speed><course>69.156288</course><hAcc>1.793312</hAcc><vAcc>0.757213</vAcc></extensions></trkpt>
      <trkpt lon="34.992191" lat="31.904024"><ele>235.483318</ele><time>2026-03-14T18:04:25Z</time><extensions><speed>2.091693</speed><course>74.614404</course><hAcc>1.800378</hAcc><vAcc>0.757024</vAcc></extensions></trkpt>
      <trkpt lon="34.992212" lat="31.904028"><ele>235.602900</ele><time>2026-03-14T18:04:26Z</time><extensions><speed>2.097818</speed><course>80.382307</course><hAcc>1.803154</hAcc><vAcc>0.756903</vAcc></extensions></trkpt>
      <trkpt lon="34.992233" lat="31.904029"><ele>235.722488</ele><time>2026-03-14T18:04:27Z</time><extensions><speed>2.065700</speed><course>88.062285</course><hAcc>1.804881</hAcc><vAcc>0.756829</vAcc></extensions></trkpt>
      <trkpt lon="34.992254" lat="31.904029"><ele>235.855951</ele><time>2026-03-14T18:04:28Z</time><extensions><speed>1.995182</speed><course>94.725868</course><hAcc>1.807729</hAcc><vAcc>0.756788</vAcc></extensions></trkpt>
      <trkpt lon="34.992275" lat="31.904026"><ele>235.998864</ele><time>2026-03-14T18:04:29Z</time><extensions><speed>1.965639</speed><course>102.589159</course><hAcc>1.809378</hAcc><vAcc>0.756766</vAcc></extensions></trkpt>
      <trkpt lon="34.992294" lat="31.904021"><ele>236.157680</ele><time>2026-03-14T18:04:30Z</time><extensions><speed>1.970836</speed><course>113.334864</course><hAcc>1.813331</hAcc><vAcc>0.756757</vAcc></extensions></trkpt>
      <trkpt lon="34.992312" lat="31.904013"><ele>236.319916</ele><time>2026-03-14T18:04:31Z</time><extensions><speed>1.976988</speed><course>120.520360</course><hAcc>1.820271</hAcc><vAcc>0.756754</vAcc></extensions></trkpt>
      <trkpt lon="34.992330" lat="31.904003"><ele>236.463252</ele><time>2026-03-14T18:04:32Z</time><extensions><speed>1.986355</speed><course>126.976058</course><hAcc>1.824822</hAcc><vAcc>0.756821</vAcc></extensions></trkpt>
      <trkpt lon="34.992346" lat="31.903991"><ele>236.611395</ele><time>2026-03-14T18:04:33Z</time><extensions><speed>2.079468</speed><course>132.405426</course><hAcc>1.819162</hAcc><vAcc>0.757062</vAcc></extensions></trkpt>
      <trkpt lon="34.992361" lat="31.903978"><ele>236.747562</ele><time>2026-03-14T18:04:34Z</time><extensions><speed>2.097553</speed><course>137.876160</course><hAcc>1.814352</hAcc><vAcc>0.757265</vAcc></extensions></trkpt>
      <trkpt lon="34.992376" lat="31.903964"><ele>236.884743</ele><time>2026-03-14T18:04:35Z</time><extensions><speed>2.137018</speed><course>140.301872</course><hAcc>1.811946</hAcc><vAcc>0.757454</vAcc></extensions></trkpt>
      <trkpt lon="34.992389" lat="31.903948"><ele>237.029142</ele><time>2026-03-14T18:04:36Z</time><extensions><speed>2.143178</speed><course>145.673592</course><hAcc>1.804567</hAcc><vAcc>0.757671</vAcc></extensions></trkpt>
      <trkpt lon="34.992402" lat="31.903932"><ele>237.167788</ele><time>2026-03-14T18:04:37Z</time><extensions><speed>2.179063</speed><course>147.975470</course><hAcc>1.798471</hAcc><vAcc>0.757915</vAcc></extensions></trkpt>
      <trkpt lon="34.992414" lat="31.903916"><ele>237.287798</ele><time>2026-03-14T18:04:38Z</time><extensions><speed>2.112728</speed><course>148.669789</course><hAcc>1.801651</hAcc><vAcc>0.758178</vAcc></extensions></trkpt>
      <trkpt lon="34.992425" lat="31.903900"><ele>237.403812</ele><time>2026-03-14T18:04:39Z</time><extensions><speed>2.058874</speed><course>148.257932</course><hAcc>1.811819</hAcc><vAcc>0.758447</vAcc></extensions></trkpt>
      <trkpt lon="34.992436" lat="31.903885"><ele>237.512951</ele><time>2026-03-14T18:04:40Z</time><extensions><speed>2.074316</speed><course>148.988962</course><hAcc>1.821933</hAcc><vAcc>0.758704</vAcc></extensions></trkpt>
      <trkpt lon="34.992448" lat="31.903868"><ele>237.623677</ele><time>2026-03-14T18:04:41Z</time><extensions><speed>2.130336</speed><course>150.034236</course><hAcc>1.833683</hAcc><vAcc>0.758921</vAcc></extensions></trkpt>
      <trkpt lon="34.992459" lat="31.903852"><ele>237.723727</ele><time>2026-03-14T18:04:42Z</time><extensions><speed>2.119566</speed><course>151.081015</course><hAcc>1.846524</hAcc><vAcc>0.759066</vAcc></extensions></trkpt>
      <trkpt lon="34.992469" lat="31.903835"><ele>237.808071</ele><time>2026-03-14T18:04:43Z</time><extensions><speed>2.129528</speed><course>152.344375</course><hAcc>1.857265</hAcc><vAcc>0.759102</vAcc></extensions></trkpt>
      <trkpt lon="34.992479" lat="31.903818"><ele>237.898339</ele><time>2026-03-14T18:04:44Z</time><extensions><speed>2.132758</speed><course>154.207322</course><hAcc>1.866967</hAcc><vAcc>0.759016</vAcc></extensions></trkpt>
      <trkpt lon="34.992488" lat="31.903800"><ele>237.996111</ele><time>2026-03-14T18:04:45Z</time><extensions><speed>2.137264</speed><course>155.200477</course><hAcc>1.873985</hAcc><vAcc>0.758827</vAcc></extensions></trkpt>
      <trkpt lon="34.992497" lat="31.903783"><ele>238.090442</ele><time>2026-03-14T18:04:46Z</time><extensions><speed>2.126893</speed><course>154.798578</course><hAcc>1.878179</hAcc><vAcc>0.758573</vAcc></extensions></trkpt>
      <trkpt lon="34.992507" lat="31.903766"><ele>238.180577</ele><time>2026-03-14T18:04:47Z</time><extensions><speed>2.103149</speed><course>152.980818</course><hAcc>1.877156</hAcc><vAcc>0.758292</vAcc></extensions></trkpt>
      <trkpt lon="34.992517" lat="31.903750"><ele>238.266987</ele><time>2026-03-14T18:04:48Z</time><extensions><speed>2.068545</speed><course>149.812498</course><hAcc>1.880246</hAcc><vAcc>0.758011</vAcc></extensions></trkpt>
      <trkpt lon="34.992529" lat="31.903734"><ele>238.348348</ele><time>2026-03-14T18:04:49Z</time><extensions><speed>2.098079</speed><course>145.535333</course><hAcc>1.882471</hAcc><vAcc>0.757748</vAcc></extensions></trkpt>
      <trkpt lon="34.992542" lat="31.903718"><ele>238.416673</ele><time>2026-03-14T18:04:50Z</time><extensions><speed>2.160576</speed><course>142.148700</course><hAcc>1.873837</hAcc><vAcc>0.757517</vAcc></extensions></trkpt>
      <trkpt lon="34.992556" lat="31.903703"><ele>238.475197</ele><time>2026-03-14T18:04:51Z</time><extensions><speed>2.118407</speed><course>143.463485</course><hAcc>1.860820</hAcc><vAcc>0.757321</vAcc></extensions></trkpt>
      <trkpt lon="34.992569" lat="31.903687"><ele>238.532526</ele><time>2026-03-14T18:04:52Z</time><extensions><speed>2.113778</speed><course>147.596458</course><hAcc>1.851506</hAcc><vAcc>0.757161</vAcc></extensions></trkpt>
      <trkpt lon="34.992580" lat="31.903671"><ele>238.596668</ele><time>2026-03-14T18:04:53Z</time><extensions><speed>2.067556</speed><course>151.639221</course><hAcc>1.848213</hAcc><vAcc>0.757035</vAcc></extensions></trkpt>
      <trkpt lon="34.992589" lat="31.903655"><ele>238.639417</ele><time>2026-03-14T18:04:54Z</time><extensions><speed>2.012196</speed><course>156.757262</course><hAcc>1.842275</hAcc><vAcc>0.756940</vAcc></extensions></trkpt>
      <trkpt lon="34.992597" lat="31.903638"><ele>238.664036</ele><time>2026-03-14T18:04:55Z</time><extensions><speed>2.032121</speed><course>158.882333</course><hAcc>1.839311</hAcc><vAcc>0.756870</vAcc></extensions></trkpt>
      <trkpt lon="34.992605" lat="31.903621"><ele>238.686110</ele><time>2026-03-14T18:04:56Z</time><extensions><speed>2.023825</speed><course>159.379317</course><hAcc>1.834741</hAcc><vAcc>0.756820</vAcc></extensions></trkpt>
      <trkpt lon="34.992613" lat="31.903604"><ele>238.697319</ele><time>2026-03-14T18:04:57Z</time><extensions><speed>2.072887</speed><course>157.729950</course><hAcc>1.834424</hAcc><vAcc>0.756786</vAcc></extensions></trkpt>
      <trkpt lon="34.992622" lat="31.903587"><ele>238.700182</ele><time>2026-03-14T18:04:58Z</time><extensions><speed>2.109001</speed><course>154.732130</course><hAcc>1.839909</hAcc><vAcc>0.756882</vAcc></extensions></trkpt>
      <trkpt lon="34.992633" lat="31.903570"><ele>238.705508</ele><time>2026-03-14T18:04:59Z</time><extensions><speed>2.126078</speed><course>150.947042</course><hAcc>1.842813</hAcc><vAcc>0.757490</vAcc></extensions></trkpt>
      <trkpt lon="34.992645" lat="31.903554"><ele>238.701627</ele><time>2026-03-14T18:05:00Z</time><extensions><speed>2.158919</speed><course>145.473887</course><hAcc>1.853865</hAcc><vAcc>0.758768</vAcc></extensions></trkpt>
      <trkpt lon="34.992659" lat="31.903538"><ele>238.695054</ele><time>2026-03-14T18:05:01Z</time><extensions><speed>2.213387</speed><course>142.846637</course><hAcc>1.866279</hAcc><vAcc>0.760661</vAcc></extensions></trkpt>
      <trkpt lon="34.992673" lat="31.903523"><ele>238.685473</ele><time>2026-03-14T18:05:02Z</time><extensions><speed>2.248240</speed><course>141.549816</course><hAcc>1.880962</hAcc><vAcc>0.762990</vAcc></extensions></trkpt>
      <trkpt lon="34.992689" lat="31.903507"><ele>238.667071</ele><time>2026-03-14T18:05:03Z</time><extensions><speed>2.300660</speed><course>139.019246</course><hAcc>1.897553</hAcc><vAcc>0.765497</vAcc></extensions></trkpt>
      <trkpt lon="34.992706" lat="31.903492"><ele>238.656916</ele><time>2026-03-14T18:05:04Z</time><extensions><speed>2.301930</speed><course>135.190319</course><hAcc>1.915214</hAcc><vAcc>0.768868</vAcc></extensions></trkpt>
      <trkpt lon="34.992724" lat="31.903478"><ele>238.659845</ele><time>2026-03-14T18:05:05Z</time><extensions><speed>2.357814</speed><course>130.657655</course><hAcc>1.933683</hAcc><vAcc>0.772897</vAcc></extensions></trkpt>
      <trkpt lon="34.992744" lat="31.903466"><ele>238.664226</ele><time>2026-03-14T18:05:06Z</time><extensions><speed>2.389813</speed><course>124.083521</course><hAcc>1.952291</hAcc><vAcc>0.778086</vAcc></extensions></trkpt>
      <trkpt lon="34.992766" lat="31.903455"><ele>238.662389</ele><time>2026-03-14T18:05:07Z</time><extensions><speed>2.356123</speed><course>118.167046</course><hAcc>1.964220</hAcc><vAcc>0.784412</vAcc></extensions></trkpt>
      <trkpt lon="34.992787" lat="31.903447"><ele>238.667277</ele><time>2026-03-14T18:05:08Z</time><extensions><speed>2.280118</speed><course>114.696063</course><hAcc>1.975281</hAcc><vAcc>0.791805</vAcc></extensions></trkpt>
      <trkpt lon="34.992809" lat="31.903439"><ele>238.656215</ele><time>2026-03-14T18:05:09Z</time><extensions><speed>2.258700</speed><course>112.656599</course><hAcc>1.983134</hAcc><vAcc>0.799711</vAcc></extensions></trkpt>
      <trkpt lon="34.992832" lat="31.903433"><ele>238.632525</ele><time>2026-03-14T18:05:10Z</time><extensions><speed>2.265849</speed><course>110.025749</course><hAcc>1.985917</hAcc><vAcc>0.807391</vAcc></extensions></trkpt>
      <trkpt lon="34.992854" lat="31.903427"><ele>238.606418</ele><time>2026-03-14T18:05:11Z</time><extensions><speed>2.265948</speed><course>106.704746</course><hAcc>1.983498</hAcc><vAcc>0.815766</vAcc></extensions></trkpt>
      <trkpt lon="34.992877" lat="31.903423"><ele>238.566075</ele><time>2026-03-14T18:05:12Z</time><extensions><speed>2.248301</speed><course>101.387837</course><hAcc>1.978711</hAcc><vAcc>0.824513</vAcc></extensions></trkpt>
      <trkpt lon="34.992901" lat="31.903421"><ele>238.528344</ele><time>2026-03-14T18:05:13Z</time><extensions><speed>2.240874</speed><course>96.270346</course><hAcc>1.968898</hAcc><vAcc>0.832979</vAcc></extensions></trkpt>
      <trkpt lon="34.992924" lat="31.903420"><ele>238.478390</ele><time>2026-03-14T18:05:14Z</time><extensions><speed>2.181076</speed><course>91.867059</course><hAcc>1.957415</hAcc><vAcc>0.841291</vAcc></extensions></trkpt>
      <trkpt lon="34.992946" lat="31.903421"><ele>238.423806</ele><time>2026-03-14T18:05:15Z</time><extensions><speed>2.060248</speed><course>85.030250</course><hAcc>1.946304</hAcc><vAcc>0.849875</vAcc></extensions></trkpt>
      <trkpt lon="34.992966" lat="31.903425"><ele>238.362214</ele><time>2026-03-14T18:05:16Z</time><extensions><speed>2.063286</speed><course>67.915513</course><hAcc>1.932527</hAcc><vAcc>0.859061</vAcc></extensions></trkpt>
      <trkpt lon="34.992985" lat="31.903436"><ele>238.308386</ele><time>2026-03-14T18:05:18Z</time><extensions><speed>2.287882</speed><course>45.401662</course><hAcc>1.916761</hAcc><vAcc>0.867343</vAcc></extensions></trkpt>
      <trkpt lon="34.992999" lat="31.903454"><ele>238.248471</ele><time>2026-03-14T18:05:19Z</time><extensions><speed>2.536023</speed><course>27.447942</course><hAcc>1.905969</hAcc><vAcc>0.874111</vAcc></extensions></trkpt>
      <trkpt lon="34.993009" lat="31.903475"><ele>238.183732</ele><time>2026-03-14T18:05:20Z</time><extensions><speed>2.613447</speed><course>17.416530</course><hAcc>1.898679</hAcc><vAcc>0.880318</vAcc></extensions></trkpt>
      <trkpt lon="34.993015" lat="31.903498"><ele>238.114406</ele><time>2026-03-14T18:05:21Z</time><extensions><speed>2.546617</speed><course>7.875357</course><hAcc>1.884983</hAcc><vAcc>0.884524</vAcc></extensions></trkpt>
      <trkpt lon="34.993017" lat="31.903521"><ele>238.011797</ele><time>2026-03-14T18:05:22Z</time><extensions><speed>2.531442</speed><course>358.787339</course><hAcc>1.871003</hAcc><vAcc>0.887778</vAcc></extensions></trkpt>
      <trkpt lon="34.993014" lat="31.903544"><ele>237.915159</ele><time>2026-03-14T18:05:23Z</time><extensions><speed>2.569408</speed><course>349.483076</course><hAcc>1.855089</hAcc><vAcc>0.889642</vAcc></extensions></trkpt>
      <trkpt lon="34.993007" lat="31.903566"><ele>237.833088</ele><time>2026-03-14T18:05:24Z</time><extensions><speed>2.453801</speed><course>338.785142</course><hAcc>1.839402</hAcc><vAcc>0.889608</vAcc></extensions></trkpt>
      <trkpt lon="34.992995" lat="31.903584"><ele>237.753999</ele><time>2026-03-14T18:05:25Z</time><extensions><speed>2.234296</speed><course>323.402718</course><hAcc>1.824599</hAcc><vAcc>0.889099</vAcc></extensions></trkpt>
      <trkpt lon="34.992980" lat="31.903598"><ele>237.683871</ele><time>2026-03-14T18:05:26Z</time><extensions><speed>2.115775</speed><course>307.337684</course><hAcc>1.820936</hAcc><vAcc>0.887045</vAcc></extensions></trkpt>
      <trkpt lon="34.992961" lat="31.903608"><ele>237.610967</ele><time>2026-03-14T18:05:27Z</time><extensions><speed>2.064921</speed><course>294.164043</course><hAcc>1.804378</hAcc><vAcc>0.892844</vAcc></extensions></trkpt>
      <trkpt lon="34.992940" lat="31.903615"><ele>237.539730</ele><time>2026-03-14T18:05:28Z</time><extensions><speed>2.116656</speed><course>286.806018</course><hAcc>1.786055</hAcc><vAcc>0.901991</vAcc></extensions></trkpt>
      <trkpt lon="34.992919" lat="31.903620"><ele>237.470082</ele><time>2026-03-14T18:05:29Z</time><extensions><speed>2.071406</speed><course>288.158158</course><hAcc>1.778087</hAcc><vAcc>0.916820</vAcc></extensions></trkpt>
      <trkpt lon="34.992899" lat="31.903626"><ele>237.402011</ele><time>2026-03-14T18:05:30Z</time><extensions><speed>1.896650</speed><course>292.411378</course><hAcc>1.781265</hAcc><vAcc>0.940335</vAcc></extensions></trkpt>
      <trkpt lon="34.992882" lat="31.903633"><ele>237.335661</ele><time>2026-03-14T18:05:31Z</time><extensions><speed>1.748976</speed><course>298.218762</course><hAcc>1.799243</hAcc><vAcc>0.976079</vAcc></extensions></trkpt>
      <trkpt lon="34.992867" lat="31.903641"><ele>237.271313</ele><time>2026-03-14T18:05:32Z</time><extensions><speed>1.537542</speed><course>302.843250</course><hAcc>1.837987</hAcc><vAcc>1.027862</vAcc></extensions></trkpt>
      <trkpt lon="34.992854" lat="31.903648"><ele>237.209184</ele><time>2026-03-14T18:05:33Z</time><extensions><speed>1.368065</speed><course>305.720240</course><hAcc>1.883111</hAcc><vAcc>1.099353</vAcc></extensions></trkpt>
      <trkpt lon="34.992843" lat="31.903655"><ele>237.149124</ele><time>2026-03-14T18:05:34Z</time><extensions><speed>1.141986</speed><course>304.625348</course><hAcc>1.967763</hAcc><vAcc>1.193644</vAcc></extensions></trkpt>
      <trkpt lon="34.992834" lat="31.903659"><ele>237.090607</ele><time>2026-03-14T18:05:35Z</time><extensions><speed>1.012107</speed><course>292.817419</course><hAcc>2.113826</hAcc><vAcc>1.312912</vAcc></extensions></trkpt>
      <trkpt lon="34.992824" lat="31.903663"><ele>237.032982</ele><time>2026-03-14T18:05:36Z</time><extensions><speed>1.031762</speed><course>293.225577</course><hAcc>2.346739</hAcc><vAcc>1.458270</vAcc></extensions></trkpt>
    </trkseg>
  </trk>
</gpx>