<?xml version="1.0" encoding="UTF-8"?>
<gpx version="1.1" creator="Apple Health Export" xmlns="http://www.topografix.com/GPX/1/1" xmlns:xsi="http://www.w3.org/2001/XMLSchema-instance" xsi:schemaLocation="http://www.topografix.com/GPX/1/1 http://www.topografix.com/GPX/1/1/gpx.xsd">
  <metadata>
    <time>2026-06-04T15:24:54Z</time>
  </metadata>
  <trk>
    <name>Route 2024-08-07 7:09pm</name>
    <trkseg>
      <trkpt lon="81.830704" lat="6.845277"><ele>9.988423</ele><time>2024-08-07T15:59:10Z</time><extensions><speed>0.688161</speed><course>340.794594</course><hAcc>2.612775</hAcc><vAcc>1.558795</vAcc></extensions></trkpt>
      <trkpt lon="81.830702" lat="6.845282"><ele>10.019703</ele><time>2024-08-07T15:59:11Z</time><extensions><speed>0.612739</speed><course>339.581212</course><hAcc>2.179148</hAcc><vAcc>1.367643</vAcc></extensions></trkpt>
      <trkpt lon="81.830700" lat="6.845287"><ele>10.041694</ele><time>2024-08-07T15:59:12Z</time><extensions><speed>0.609462</speed><course>340.652001</course><hAcc>1.954409</hAcc><vAcc>1.217253</vAcc></extensions></trkpt>
      <trkpt lon="81.830698" lat="6.845293"><ele>10.067703</ele><time>2024-08-07T15:59:13Z</time><extensions><speed>0.632117</speed><course>342.368419</course><hAcc>1.856708</hAcc><vAcc>1.101858</vAcc></extensions></trkpt>
      <trkpt lon="81.830696" lat="6.845298"><ele>10.097632</ele><time>2024-08-07T15:59:14Z</time><extensions><speed>0.589561</speed><course>341.949654</course><hAcc>1.811208</hAcc><vAcc>1.015940</vAcc></extensions></trkpt>
      <trkpt lon="81.830695" lat="6.845303"><ele>10.129611</ele><time>2024-08-07T15:59:15Z</time><extensions><speed>0.530246</speed><course>338.578504</course><hAcc>1.785256</hAcc><vAcc>0.954095</vAcc></extensions></trkpt>
      <trkpt lon="81.830693" lat="6.845307"><ele>10.160450</ele><time>2024-08-07T15:59:16Z</time><extensions><speed>0.476980</speed><course>335.073147</course><hAcc>1.761682</hAcc><vAcc>0.911145</vAcc></extensions></trkpt>
      <trkpt lon="81.830691" lat="6.845310"><ele>10.195640</ele><time>2024-08-07T15:59:17Z</time><extensions><speed>0.426426</speed><course>333.528703</course><hAcc>1.758081</hAcc><vAcc>0.882386</vAcc></extensions></trkpt>
      <trkpt lon="81.830690" lat="6.845314"><ele>10.235684</ele><time>2024-08-07T15:59:18Z</time><extensions><speed>0.415542</speed><course>338.472981</course><hAcc>1.765903</hAcc><vAcc>0.863794</vAcc></extensions></trkpt>
      <trkpt lon="81.830688" lat="6.845318"><ele>10.262183</ele><time>2024-08-07T15:59:19Z</time><extensions><speed>0.474808</speed><course>346.371524</course><hAcc>1.777285</hAcc><vAcc>0.852149</vAcc></extensions></trkpt>
      <trkpt lon="81.830688" lat="6.845322"><ele>10.287657</ele><time>2024-08-07T15:59:20Z</time><extensions><speed>0.499080</speed><course>351.451048</course><hAcc>1.783050</hAcc><vAcc>0.845028</vAcc></extensions></trkpt>
      <trkpt lon="81.830687" lat="6.845327"><ele>10.310212</ele><time>2024-08-07T15:59:21Z</time><extensions><speed>0.489954</speed><course>357.699039</course><hAcc>1.784347</hAcc><vAcc>0.840706</vAcc></extensions></trkpt>
      <trkpt lon="81.830687" lat="6.845331"><ele>10.326114</ele><time>2024-08-07T15:59:22Z</time><extensions><speed>0.464887</speed><course>5.643147</course><hAcc>1.779399</hAcc><vAcc>0.838016</vAcc></extensions></trkpt>
      <trkpt lon="81.830688" lat="6.845335"><ele>10.331132</ele><time>2024-08-07T15:59:23Z</time><extensions><speed>0.468816</speed><course>16.990917</course><hAcc>1.776745</hAcc><vAcc>0.836205</vAcc></extensions></trkpt>
      <trkpt lon="81.830690" lat="6.845339"><ele>10.333444</ele><time>2024-08-07T15:59:24Z</time><extensions><speed>0.531986</speed><course>25.113437</course><hAcc>1.771099</hAcc><vAcc>0.834822</vAcc></extensions></trkpt>
      <trkpt lon="81.830692" lat="6.845344"><ele>10.327028</ele><time>2024-08-07T15:59:25Z</time><extensions><speed>0.639218</speed><course>24.488704</course><hAcc>1.781032</hAcc><vAcc>0.833624</vAcc></extensions></trkpt>
      <trkpt lon="81.830694" lat="6.845349"><ele>10.327471</ele><time>2024-08-07T15:59:26Z</time><extensions><speed>0.638299</speed><course>22.747207</course><hAcc>1.784564</hAcc><vAcc>0.832498</vAcc></extensions></trkpt>
      <trkpt lon="81.830696" lat="6.845355"><ele>10.323773</ele><time>2024-08-07T15:59:27Z</time><extensions><speed>0.641893</speed><course>18.213642</course><hAcc>1.770276</hAcc><vAcc>0.831401</vAcc></extensions></trkpt>
      <trkpt lon="81.830698" lat="6.845361"><ele>10.307160</ele><time>2024-08-07T15:59:28Z</time><extensions><speed>0.678256</speed><course>10.424665</course><hAcc>1.762919</hAcc><vAcc>0.830335</vAcc></extensions></trkpt>
      <trkpt lon="81.830698" lat="6.845367"><ele>10.294345</ele><time>2024-08-07T15:59:29Z</time><extensions><speed>0.821648</speed><course>2.162762</course><hAcc>1.759929</hAcc><vAcc>0.829319</vAcc></extensions></trkpt>
      <trkpt lon="81.830698" lat="6.845375"><ele>10.269643</ele><time>2024-08-07T15:59:30Z</time><extensions><speed>0.887416</speed><course>354.464228</course><hAcc>1.755613</hAcc><vAcc>0.828368</vAcc></extensions></trkpt>
      <trkpt lon="81.830697" lat="6.845383"><ele>10.255250</ele><time>2024-08-07T15:59:31Z</time><extensions><speed>0.963416</speed><course>351.198817</course><hAcc>1.749607</hAcc><vAcc>0.827513</vAcc></extensions></trkpt>
      <trkpt lon="81.830696" lat="6.845392"><ele>10.242831</ele><time>2024-08-07T15:59:32Z</time><extensions><speed>1.007252</speed><course>348.677060</course><hAcc>1.747439</hAcc><vAcc>0.826762</vAcc></extensions></trkpt>
      <trkpt lon="81.830694" lat="6.845401"><ele>10.225428</ele><time>2024-08-07T15:59:33Z</time><extensions><speed>0.998971</speed><course>347.781787</course><hAcc>1.751354</hAcc><vAcc>0.826121</vAcc></extensions></trkpt>
      <trkpt lon="81.830692" lat="6.845410"><ele>10.210297</ele><time>2024-08-07T15:59:34Z</time><extensions><speed>0.924636</speed><course>346.330393</course><hAcc>1.760971</hAcc><vAcc>0.825586</vAcc></extensions></trkpt>
      <trkpt lon="81.830690" lat="6.845417"><ele>10.195483</ele><time>2024-08-07T15:59:35Z</time><extensions><speed>0.851718</speed><course>348.489099</course><hAcc>1.770360</hAcc><vAcc>0.825144</vAcc></extensions></trkpt>
      <trkpt lon="81.830689" lat="6.845425"><ele>10.189805</ele><time>2024-08-07T15:59:36Z</time><extensions><speed>0.760865</speed><course>352.526382</course><hAcc>1.773279</hAcc><vAcc>0.824787</vAcc></extensions></trkpt>
      <trkpt lon="81.830688" lat="6.845431"><ele>10.176607</ele><time>2024-08-07T15:59:37Z</time><extensions><speed>0.728720</speed><course>356.903989</course><hAcc>1.777272</hAcc><vAcc>0.824505</vAcc></extensions></trkpt>
      <trkpt lon="81.830688" lat="6.845438"><ele>10.177707</ele><time>2024-08-07T15:59:38Z</time><extensions><speed>0.677636</speed><course>1.411129</course><hAcc>1.781620</hAcc><vAcc>0.824282</vAcc></extensions></trkpt>
      <trkpt lon="81.830688" lat="6.845444"><ele>10.186103</ele><time>2024-08-07T15:59:39Z</time><extensions><speed>0.661867</speed><course>3.260815</course><hAcc>1.769018</hAcc><vAcc>0.824106</vAcc></extensions></trkpt>
      <trkpt lon="81.830689" lat="6.845450"><ele>10.193110</ele><time>2024-08-07T15:59:40Z</time><extensions><speed>0.725477</speed><course>4.481255</course><hAcc>1.767354</hAcc><vAcc>0.823965</vAcc></extensions></trkpt>
      <trkpt lon="81.830689" lat="6.845457"><ele>10.195674</ele><time>2024-08-07T15:59:41Z</time><extensions><speed>0.756183</speed><course>6.413692</course><hAcc>1.784292</hAcc><vAcc>0.823843</vAcc></extensions></trkpt>
      <trkpt lon="81.830690" lat="6.845463"><ele>10.197406</ele><time>2024-08-07T15:59:42Z</time><extensions><speed>0.756383</speed><course>9.075667</course><hAcc>1.783783</hAcc><vAcc>0.823742</vAcc></extensions></trkpt>
      <trkpt lon="81.830691" lat="6.845470"><ele>10.196347</ele><time>2024-08-07T15:59:43Z</time><extensions><speed>0.728435</speed><course>9.626515</course><hAcc>1.772959</hAcc><vAcc>0.823644</vAcc></extensions></trkpt>
      <trkpt lon="81.830693" lat="6.845477"><ele>10.210340</ele><time>2024-08-07T15:59:44Z</time><extensions><speed>0.727420</speed><course>9.709023</course><hAcc>1.759203</hAcc><vAcc>0.823550</vAcc></extensions></trkpt>
      <trkpt lon="81.830694" lat="6.845483"><ele>10.188109</ele><time>2024-08-07T15:59:45Z</time><extensions><speed>0.715362</speed><course>9.838934</course><hAcc>1.745781</hAcc><vAcc>0.823459</vAcc></extensions></trkpt>
      <trkpt lon="81.830695" lat="6.845490"><ele>10.192947</ele><time>2024-08-07T15:59:46Z</time><extensions><speed>0.735362</speed><course>9.196557</course><hAcc>1.748028</hAcc><vAcc>0.823375</vAcc></extensions></trkpt>
      <trkpt lon="81.830696" lat="6.845496"><ele>10.191524</ele><time>2024-08-07T15:59:47Z</time><extensions><speed>0.767311</speed><course>7.745782</course><hAcc>1.748694</hAcc><vAcc>0.823292</vAcc></extensions></trkpt>
      <trkpt lon="81.830697" lat="6.845503"><ele>10.182704</ele><time>2024-08-07T15:59:48Z</time><extensions><speed>0.786485</speed><course>5.814181</course><hAcc>1.745506</hAcc><vAcc>0.823209</vAcc></extensions></trkpt>
      <trkpt lon="81.830697" lat="6.845510"><ele>10.194369</ele><time>2024-08-07T15:59:49Z</time><extensions><speed>0.795715</speed><course>3.321424</course><hAcc>1.741657</hAcc><vAcc>0.823118</vAcc></extensions></trkpt>
      <trkpt lon="81.830697" lat="6.845518"><ele>10.203529</ele><time>2024-08-07T15:59:50Z</time><extensions><speed>0.809006</speed><course>0.290014</course><hAcc>1.739395</hAcc><vAcc>0.823020</vAcc></extensions></trkpt>
      <trkpt lon="81.830697" lat="6.845525"><ele>10.198897</ele><time>2024-08-07T15:59:51Z</time><extensions><speed>0.845865</speed><course>357.732977</course><hAcc>1.738289</hAcc><vAcc>0.822918</vAcc></extensions></trkpt>
      <trkpt lon="81.830697" lat="6.845533"><ele>10.208539</ele><time>2024-08-07T15:59:52Z</time><extensions><speed>0.882586</speed><course>357.276315</course><hAcc>1.737658</hAcc><vAcc>0.822799</vAcc></extensions></trkpt>
      <trkpt lon="81.830697" lat="6.845541"><ele>10.211515</ele><time>2024-08-07T15:59:53Z</time><extensions><speed>0.907590</speed><course>358.144395</course><hAcc>1.736464</hAcc><vAcc>0.822685</vAcc></extensions></trkpt>
      <trkpt lon="81.830696" lat="6.845549"><ele>10.213566</ele><time>2024-08-07T15:59:54Z</time><extensions><speed>0.918551</speed><course>358.862907</course><hAcc>1.739335</hAcc><vAcc>0.822574</vAcc></extensions></trkpt>
      <trkpt lon="81.830696" lat="6.845558"><ele>10.218531</ele><time>2024-08-07T15:59:55Z</time><extensions><speed>0.947659</speed><course>358.729755</course><hAcc>1.744015</hAcc><vAcc>0.822468</vAcc></extensions></trkpt>
      <trkpt lon="81.830696" lat="6.845566"><ele>10.214823</ele><time>2024-08-07T15:59:56Z</time><extensions><speed>0.909255</speed><course>1.256944</course><hAcc>1.746608</hAcc><vAcc>0.822365</vAcc></extensions></trkpt>
      <trkpt lon="81.830697" lat="6.845574"><ele>10.190478</ele><time>2024-08-07T15:59:57Z</time><extensions><speed>0.855109</speed><course>5.728340</course><hAcc>1.754325</hAcc><vAcc>0.822260</vAcc></extensions></trkpt>
      <trkpt lon="81.830698" lat="6.845581"><ele>10.170959</ele><time>2024-08-07T15:59:58Z</time><extensions><speed>0.803562</speed><course>12.241989</course><hAcc>1.771246</hAcc><vAcc>0.822150</vAcc></extensions></trkpt>
      <trkpt lon="81.830699" lat="6.845588"><ele>10.150413</ele><time>2024-08-07T15:59:59Z</time><extensions><speed>0.688246</speed><course>15.092336</course><hAcc>1.788918</hAcc><vAcc>0.822045</vAcc></extensions></trkpt>
      <trkpt lon="81.830701" lat="6.845593"><ele>10.129851</ele><time>2024-08-07T16:00:00Z</time><extensions><speed>0.533618</speed><course>14.903987</course><hAcc>1.800668</hAcc><vAcc>0.821955</vAcc></extensions></trkpt>
      <trkpt lon="81.830702" lat="6.845598"><ele>10.104046</ele><time>2024-08-07T16:00:01Z</time><extensions><speed>0.508060</speed><course>7.356792</course><hAcc>1.802523</hAcc><vAcc>0.821889</vAcc></extensions></trkpt>
      <trkpt lon="81.830702" lat="6.845603"><ele>10.071745</ele><time>2024-08-07T16:00:02Z</time><extensions><speed>0.534582</speed><course>359.400667</course><hAcc>1.802613</hAcc><vAcc>0.821853</vAcc></extensions></trkpt>
      <trkpt lon="81.830702" lat="6.845608"><ele>10.016062</ele><time>2024-08-07T16:00:03Z</time><extensions><speed>0.626400</speed><course>354.953809</course><hAcc>1.800083</hAcc><vAcc>0.821842</vAcc></extensions></trkpt>
      <trkpt lon="81.830701" lat="6.845614"><ele>9.973683</ele><time>2024-08-07T16:00:04Z</time><extensions><speed>0.764843</speed><course>352.830040</course><hAcc>1.798161</hAcc><vAcc>0.821860</vAcc></extensions></trkpt>
      <trkpt lon="81.830700" lat="6.845622"><ele>9.936204</ele><time>2024-08-07T16:00:05Z</time><extensions><speed>0.897981</speed><course>350.084938</course><hAcc>1.806297</hAcc><vAcc>0.821904</vAcc></extensions></trkpt>
      <trkpt lon="81.830698" lat="6.845630"><ele>9.888646</ele><time>2024-08-07T16:00:06Z</time><extensions><speed>1.032203</speed><course>344.395667</course><hAcc>1.810487</hAcc><vAcc>0.821967</vAcc></extensions></trkpt>
      <trkpt lon="81.830695" lat="6.845639"><ele>9.851056</ele><time>2024-08-07T16:00:07Z</time><extensions><speed>1.046442</speed><course>344.693904</course><hAcc>1.796116</hAcc><vAcc>0.822058</vAcc></extensions></trkpt>
      <trkpt lon="81.830693" lat="6.845648"><ele>9.823316</ele><time>2024-08-07T16:00:08Z</time><extensions><speed>1.006847</speed><course>345.956315</course><hAcc>1.777662</hAcc><vAcc>0.822168</vAcc></extensions></trkpt>
      <trkpt lon="81.830691" lat="6.845657"><ele>9.781766</ele><time>2024-08-07T16:00:09Z</time><extensions><speed>0.937072</speed><course>345.960503</course><hAcc>1.767831</hAcc><vAcc>0.822293</vAcc></extensions></trkpt>
      <trkpt lon="81.830689" lat="6.845665"><ele>9.736396</ele><time>2024-08-07T16:00:11Z</time><extensions><speed>0.874341</speed><course>344.250669</course><hAcc>1.759186</hAcc><vAcc>0.822419</vAcc></extensions></trkpt>
      <trkpt lon="81.830687" lat="6.845672"><ele>9.702267</ele><time>2024-08-07T16:00:12Z</time><extensions><speed>0.814573</speed><course>341.015634</course><hAcc>1.748644</hAcc><vAcc>0.822525</vAcc></extensions></trkpt>
      <trkpt lon="81.830684" lat="6.845679"><ele>9.669351</ele><time>2024-08-07T16:00:13Z</time><extensions><speed>0.795011</speed><course>337.497771</course><hAcc>1.746694</hAcc><vAcc>0.822635</vAcc></extensions></trkpt>
      <trkpt lon="81.830681" lat="6.845686"><ele>9.647987</ele><time>2024-08-07T16:00:14Z</time><extensions><speed>0.828496</speed><course>334.953934</course><hAcc>1.753181</hAcc><vAcc>0.822743</vAcc></extensions></trkpt>
      <trkpt lon="81.830677" lat="6.845692"><ele>9.620812</ele><time>2024-08-07T16:00:15Z</time><extensions><speed>0.845559</speed><course>329.928829</course><hAcc>1.752465</hAcc><vAcc>0.822846</vAcc></extensions></trkpt>
      <trkpt lon="81.830674" lat="6.845699"><ele>9.613124</ele><time>2024-08-07T16:00:16Z</time><extensions><speed>0.832091</speed><course>327.352428</course><hAcc>1.742905</hAcc><vAcc>0.822939</vAcc></extensions></trkpt>
      <trkpt lon="81.830670" lat="6.845705"><ele>9.602548</ele><time>2024-08-07T16:00:17Z</time><extensions><speed>0.809989</speed><course>329.928689</course><hAcc>1.733516</hAcc><vAcc>0.823022</vAcc></extensions></trkpt>
      <trkpt lon="81.830666" lat="6.845712"><ele>9.598945</ele><time>2024-08-07T16:00:18Z</time><extensions><speed>0.846913</speed><course>335.829515</course><hAcc>1.739177</hAcc><vAcc>0.823089</vAcc></extensions></trkpt>
      <trkpt lon="81.830663" lat="6.845719"><ele>9.582718</ele><time>2024-08-07T16:00:19Z</time><extensions><speed>0.882457</speed><course>342.060434</course><hAcc>1.742874</hAcc><vAcc>0.823139</vAcc></extensions></trkpt>
      <trkpt lon="81.830661" lat="6.845727"><ele>9.578306</ele><time>2024-08-07T16:00:20Z</time><extensions><speed>0.902960</speed><course>348.613247</course><hAcc>1.742432</hAcc><vAcc>0.823173</vAcc></extensions></trkpt>
      <trkpt lon="81.830660" lat="6.845735"><ele>9.560557</ele><time>2024-08-07T16:00:21Z</time><extensions><speed>0.884012</speed><course>351.469030</course><hAcc>1.738703</hAcc><vAcc>0.823184</vAcc></extensions></trkpt>
      <trkpt lon="81.830659" lat="6.845742"><ele>9.564319</ele><time>2024-08-07T16:00:22Z</time><extensions><speed>0.816368</speed><course>351.313434</course><hAcc>1.731966</hAcc><vAcc>0.823172</vAcc></extensions></trkpt>
      <trkpt lon="81.830658" lat="6.845750"><ele>9.561284</ele><time>2024-08-07T16:00:23Z</time><extensions><speed>0.781390</speed><course>351.303228</course><hAcc>1.737403</hAcc><vAcc>0.823148</vAcc></extensions></trkpt>
      <trkpt lon="81.830657" lat="6.845757"><ele>9.566305</ele><time>2024-08-07T16:00:24Z</time><extensions><speed>0.774704</speed><course>351.235300</course><hAcc>1.739528</hAcc><vAcc>0.823111</vAcc></extensions></trkpt>
      <trkpt lon="81.830656" lat="6.845763"><ele>9.560705</ele><time>2024-08-07T16:00:25Z</time><extensions><speed>0.757047</speed><course>350.760071</course><hAcc>1.739191</hAcc><vAcc>0.823060</vAcc></extensions></trkpt>
      <trkpt lon="81.830654" lat="6.845770"><ele>9.563912</ele><time>2024-08-07T16:00:26Z</time><extensions><speed>0.745807</speed><course>349.868546</course><hAcc>1.737250</hAcc><vAcc>0.822997</vAcc></extensions></trkpt>
      <trkpt lon="81.830653" lat="6.845777"><ele>9.556395</ele><time>2024-08-07T16:00:27Z</time><extensions><speed>0.785335</speed><course>349.107924</course><hAcc>1.734179</hAcc><vAcc>0.822921</vAcc></extensions></trkpt>
      <trkpt lon="81.830652" lat="6.845784"><ele>9.560507</ele><time>2024-08-07T16:00:28Z</time><extensions><speed>0.820796</speed><course>349.081024</course><hAcc>1.734144</hAcc><vAcc>0.822832</vAcc></extensions></trkpt>
      <trkpt lon="81.830650" lat="6.845792"><ele>9.550622</ele><time>2024-08-07T16:00:29Z</time><extensions><speed>0.887009</speed><course>349.341728</course><hAcc>1.735897</hAcc><vAcc>0.822738</vAcc></extensions></trkpt>
      <trkpt lon="81.830649" lat="6.845800"><ele>9.554997</ele><time>2024-08-07T16:00:30Z</time><extensions><speed>0.936610</speed><course>349.856575</course><hAcc>1.735798</hAcc><vAcc>0.822641</vAcc></extensions></trkpt>
      <trkpt lon="81.830647" lat="6.845808"><ele>9.559352</ele><time>2024-08-07T16:00:31Z</time><extensions><speed>0.982978</speed><course>349.348918</course><hAcc>1.736593</hAcc><vAcc>0.822550</vAcc></extensions></trkpt>
      <trkpt lon="81.830646" lat="6.845817"><ele>9.556924</ele><time>2024-08-07T16:00:32Z</time><extensions><speed>0.972688</speed><course>349.100944</course><hAcc>1.736348</hAcc><vAcc>0.822466</vAcc></extensions></trkpt>
      <trkpt lon="81.830644" lat="6.845826"><ele>9.547718</ele><time>2024-08-07T16:00:33Z</time><extensions><speed>0.991224</speed><course>347.783531</course><hAcc>1.735158</hAcc><vAcc>0.822392</vAcc></extensions></trkpt>
      <trkpt lon="81.830642" lat="6.845834"><ele>9.524790</ele><time>2024-08-07T16:00:34Z</time><extensions><speed>0.989736</speed><course>345.855278</course><hAcc>1.735099</hAcc><vAcc>0.822329</vAcc></extensions></trkpt>
      <trkpt lon="81.830639" lat="6.845843"><ele>9.512759</ele><time>2024-08-07T16:00:35Z</time><extensions><speed>0.942399</speed><course>342.274184</course><hAcc>1.737647</hAcc><vAcc>0.822282</vAcc></extensions></trkpt>
      <trkpt lon="81.830637" lat="6.845851"><ele>9.498757</ele><time>2024-08-07T16:00:36Z</time><extensions><speed>0.870169</speed><course>340.139608</course><hAcc>1.740462</hAcc><vAcc>0.822239</vAcc></extensions></trkpt>
      <trkpt lon="81.830634" lat="6.845858"><ele>9.489328</ele><time>2024-08-07T16:00:37Z</time><extensions><speed>0.832138</speed><course>343.519241</course><hAcc>1.737387</hAcc><vAcc>0.822208</vAcc></extensions></trkpt>
      <trkpt lon="81.830633" lat="6.845865"><ele>9.476868</ele><time>2024-08-07T16:00:38Z</time><extensions><speed>0.754517</speed><course>347.141915</course><hAcc>1.734386</hAcc><vAcc>0.822183</vAcc></extensions></trkpt>
      <trkpt lon="81.830631" lat="6.845871"><ele>9.467574</ele><time>2024-08-07T16:00:39Z</time><extensions><speed>0.735175</speed><course>348.755813</course><hAcc>1.735298</hAcc><vAcc>0.822167</vAcc></extensions></trkpt>
      <trkpt lon="81.830630" lat="6.845878"><ele>9.464160</ele><time>2024-08-07T16:00:40Z</time><extensions><speed>0.771802</speed><course>347.213570</course><hAcc>1.736186</hAcc><vAcc>0.822161</vAcc></extensions></trkpt>
      <trkpt lon="81.830628" lat="6.845885"><ele>9.457113</ele><time>2024-08-07T16:00:41Z</time><extensions><speed>0.808706</speed><course>346.139880</course><hAcc>1.736660</hAcc><vAcc>0.822166</vAcc></extensions></trkpt>
      <trkpt lon="81.830626" lat="6.845892"><ele>9.457806</ele><time>2024-08-07T16:00:42Z</time><extensions><speed>0.838276</speed><course>345.359492</course><hAcc>1.736924</hAcc><vAcc>0.822182</vAcc></extensions></trkpt>
      <trkpt lon="81.830624" lat="6.845900"><ele>9.459539</ele><time>2024-08-07T16:00:43Z</time><extensions><speed>0.844608</speed><course>346.184068</course><hAcc>1.737852</hAcc><vAcc>0.822205</vAcc></extensions></trkpt>
      <trkpt lon="81.830623" lat="6.845907"><ele>9.461249</ele><time>2024-08-07T16:00:44Z</time><extensions><speed>0.881950</speed><course>347.837250</course><hAcc>1.737817</hAcc><vAcc>0.822233</vAcc></extensions></trkpt>
      <trkpt lon="81.830621" lat="6.845915"><ele>9.456293</ele><time>2024-08-07T16:00:45Z</time><extensions><speed>0.867738</speed><course>350.510695</course><hAcc>1.736708</hAcc><vAcc>0.822267</vAcc></extensions></trkpt>
      <trkpt lon="81.830620" lat="6.845923"><ele>9.449587</ele><time>2024-08-07T16:00:46Z</time><extensions><speed>0.832179</speed><course>353.085466</course><hAcc>1.736890</hAcc><vAcc>0.822310</vAcc></extensions></trkpt>
      <trkpt lon="81.830619" lat="6.845930"><ele>9.446817</ele><time>2024-08-07T16:00:47Z</time><extensions><speed>0.782961</speed><course>354.527383</course><hAcc>1.737501</hAcc><vAcc>0.822366</vAcc></extensions></trkpt>
      <trkpt lon="81.830619" lat="6.845937"><ele>9.451803</ele><time>2024-08-07T16:00:48Z</time><extensions><speed>0.767416</speed><course>358.316611</course><hAcc>1.737126</hAcc><vAcc>0.822435</vAcc></extensions></trkpt>
      <trkpt lon="81.830619" lat="6.845944"><ele>9.458204</ele><time>2024-08-07T16:00:49Z</time><extensions><speed>0.764730</speed><course>3.779037</course><hAcc>1.736132</hAcc><vAcc>0.822514</vAcc></extensions></trkpt>
      <trkpt lon="81.830620" lat="6.845951"><ele>9.463129</ele><time>2024-08-07T16:00:49Z</time><extensions><speed>0.789777</speed><course>8.840604</course><hAcc>1.736372</hAcc><vAcc>0.822601</vAcc></extensions></trkpt>
      <trkpt lon="81.830621" lat="6.845958"><ele>9.463300</ele><time>2024-08-07T16:00:50Z</time><extensions><speed>0.842810</speed><course>10.933992</course><hAcc>1.734720</hAcc><vAcc>0.822695</vAcc></extensions></trkpt>
      <trkpt lon="81.830623" lat="6.845966"><ele>9.469311</ele><time>2024-08-07T16:00:51Z</time><extensions><speed>0.884946</speed><course>12.647875</course><hAcc>1.731903</hAcc><vAcc>0.822792</vAcc></extensions></trkpt>
      <trkpt lon="81.830624" lat="6.845974"><ele>9.462839</ele><time>2024-08-07T16:00:52Z</time><extensions><speed>0.897311</speed><course>12.450284</course><hAcc>1.731382</hAcc><vAcc>0.822890</vAcc></extensions></trkpt>
      <trkpt lon="81.830626" lat="6.845981"><ele>9.464000</ele><time>2024-08-07T16:00:53Z</time><extensions><speed>0.836398</speed><course>8.534976</course><hAcc>1.730693</hAcc><vAcc>0.822986</vAcc></extensions></trkpt>
      <trkpt lon="81.830627" lat="6.845989"><ele>9.464087</ele><time>2024-08-07T16:00:54Z</time><extensions><speed>0.834247</speed><course>3.798453</course><hAcc>1.730648</hAcc><vAcc>0.823080</vAcc></extensions></trkpt>
      <trkpt lon="81.830627" lat="6.845996"><ele>9.469023</ele><time>2024-08-07T16:00:55Z</time><extensions><speed>0.824242</speed><course>357.628410</course><hAcc>1.729023</hAcc><vAcc>0.823170</vAcc></extensions></trkpt>
      <trkpt lon="81.830626" lat="6.846004"><ele>9.481005</ele><time>2024-08-07T16:00:56Z</time><extensions><speed>0.771035</speed><course>351.982383</course><hAcc>1.728467</hAcc><vAcc>0.823252</vAcc></extensions></trkpt>
      <trkpt lon="81.830625" lat="6.846010"><ele>9.497324</ele><time>2024-08-07T16:00:57Z</time><extensions><speed>0.724065</speed><course>346.451778</course><hAcc>1.727665</hAcc><vAcc>0.823322</vAcc></extensions></trkpt>
      <trkpt lon="81.830623" lat="6.846016"><ele>9.505825</ele><time>2024-08-07T16:00:58Z</time><extensions><speed>0.699681</speed><course>344.023588</course><hAcc>1.727952</hAcc><vAcc>0.823379</vAcc></extensions></trkpt>
      <trkpt lon="81.830621" lat="6.846022"><ele>9.511880</ele><time>2024-08-07T16:00:59Z</time><extensions><speed>0.674315</speed><course>344.672880</course><hAcc>1.728866</hAcc><vAcc>0.823423</vAcc></extensions></trkpt>
      <trkpt lon="81.830620" lat="6.846028"><ele>9.529694</ele><time>2024-08-07T16:01:00Z</time><extensions><speed>0.668587</speed><course>346.096166</course><hAcc>1.730738</hAcc><vAcc>0.823454</vAcc></extensions></trkpt>
      <trkpt lon="81.830619" lat="6.846034"><ele>9.557481</ele><time>2024-08-07T16:01:01Z</time><extensions><speed>0.665359</speed><course>348.662976</course><hAcc>1.733142</hAcc><vAcc>0.823472</vAcc></extensions></trkpt>
      <trkpt lon="81.830618" lat="6.846040"><ele>9.587867</ele><time>2024-08-07T16:01:02Z</time><extensions><speed>0.652404</speed><course>352.676421</course><hAcc>1.735876</hAcc><vAcc>0.823483</vAcc></extensions></trkpt>
      <trkpt lon="81.830617" lat="6.846046"><ele>9.635284</ele><time>2024-08-07T16:01:03Z</time><extensions><speed>0.586652</speed><course>354.630875</course><hAcc>1.733076</hAcc><vAcc>0.823486</vAcc></extensions></trkpt>
      <trkpt lon="81.830617" lat="6.846051"><ele>9.684227</ele><time>2024-08-07T16:01:04Z</time><extensions><speed>0.571806</speed><course>354.944451</course><hAcc>1.727226</hAcc><vAcc>0.823478</vAcc></extensions></trkpt>
      <trkpt lon="81.830616" lat="6.846056"><ele>9.703404</ele><time>2024-08-07T16:01:05Z</time><extensions><speed>0.605586</speed><course>353.111237</course><hAcc>1.733134</hAcc><vAcc>0.823450</vAcc></extensions></trkpt>
      <trkpt lon="81.830615" lat="6.846062"><ele>9.752073</ele><time>2024-08-07T16:01:06Z</time><extensions><speed>0.676705</speed><course>348.259928</course><hAcc>1.735691</hAcc><vAcc>0.823406</vAcc></extensions></trkpt>
      <trkpt lon="81.830614" lat="6.846068"><ele>9.806525</ele><time>2024-08-07T16:01:07Z</time><extensions><speed>0.725978</speed><course>343.594571</course><hAcc>1.733815</hAcc><vAcc>0.823348</vAcc></extensions></trkpt>
      <trkpt lon="81.830612" lat="6.846075"><ele>9.856848</ele><time>2024-08-07T16:01:08Z</time><extensions><speed>0.788454</speed><course>342.541306</course><hAcc>1.730489</hAcc><vAcc>0.823280</vAcc></extensions></trkpt>
      <trkpt lon="81.830610" lat="6.846082"><ele>9.905304</ele><time>2024-08-07T16:01:09Z</time><extensions><speed>0.796459</speed><course>345.314866</course><hAcc>1.727795</hAcc><vAcc>0.823207</vAcc></extensions></trkpt>
      <trkpt lon="81.830608" lat="6.846089"><ele>9.950927</ele><time>2024-08-07T16:01:10Z</time><extensions><speed>0.775001</speed><course>351.334487</course><hAcc>1.727262</hAcc><vAcc>0.823128</vAcc></extensions></trkpt>
      <trkpt lon="81.830607" lat="6.846096"><ele>9.996615</ele><time>2024-08-07T16:01:11Z</time><extensions><speed>0.808198</speed><course>357.594632</course><hAcc>1.726403</hAcc><vAcc>0.823047</vAcc></extensions></trkpt>
      <trkpt lon="81.830607" lat="6.846103"><ele>10.039448</ele><time>2024-08-07T16:01:12Z</time><extensions><speed>0.871213</speed><course>1.864758</course><hAcc>1.725095</hAcc><vAcc>0.822968</vAcc></extensions></trkpt>
      <trkpt lon="81.830608" lat="6.846111"><ele>10.064309</ele><time>2024-08-07T16:01:13Z</time><extensions><speed>0.941866</speed><course>3.462865</course><hAcc>1.726457</hAcc><vAcc>0.822887</vAcc></extensions></trkpt>
      <trkpt lon="81.830608" lat="6.846120"><ele>10.086809</ele><time>2024-08-07T16:01:14Z</time><extensions><speed>1.016530</speed><course>4.547940</course><hAcc>1.728086</hAcc><vAcc>0.822800</vAcc></extensions></trkpt>
      <trkpt lon="81.830609" lat="6.846130"><ele>10.097586</ele><time>2024-08-07T16:01:15Z</time><extensions><speed>1.110908</speed><course>3.342645</course><hAcc>1.728643</hAcc><vAcc>0.822710</vAcc></extensions></trkpt>
      <trkpt lon="81.830610" lat="6.846140"><ele>10.098556</ele><time>2024-08-07T16:01:16Z</time><extensions><speed>1.087775</speed><course>3.275689</course><hAcc>1.728616</hAcc><vAcc>0.822624</vAcc></extensions></trkpt>
      <trkpt lon="81.830610" lat="6.846150"><ele>10.097704</ele><time>2024-08-07T16:01:17Z</time><extensions><speed>1.055820</speed><course>3.485991</course><hAcc>1.729524</hAcc><vAcc>0.822542</vAcc></extensions></trkpt>
      <trkpt lon="81.830611" lat="6.846159"><ele>10.084787</ele><time>2024-08-07T16:01:18Z</time><extensions><speed>1.036834</speed><course>2.229016</course><hAcc>1.730589</hAcc><vAcc>0.822462</vAcc></extensions></trkpt>
      <trkpt lon="81.830611" lat="6.846168"><ele>10.076361</ele><time>2024-08-07T16:01:19Z</time><extensions><speed>0.980090</speed><course>0.603902</course><hAcc>1.731324</hAcc><vAcc>0.822383</vAcc></extensions></trkpt>
      <trkpt lon="81.830611" lat="6.846177"><ele>10.036865</ele><time>2024-08-07T16:01:20Z</time><extensions><speed>0.934686</speed><course>358.892862</course><hAcc>1.730530</hAcc><vAcc>0.822303</vAcc></extensions></trkpt>
      <trkpt lon="81.830611" lat="6.846185"><ele>9.986939</ele><time>2024-08-07T16:01:21Z</time><extensions><speed>0.900635</speed><course>357.762012</course><hAcc>1.730701</hAcc><vAcc>0.822225</vAcc></extensions></trkpt>
      <trkpt lon="81.830610" lat="6.846193"><ele>9.934288</ele><time>2024-08-07T16:01:22Z</time><extensions><speed>0.905181</speed><course>357.809849</course><hAcc>1.732499</hAcc><vAcc>0.822137</vAcc></extensions></trkpt>
      <trkpt lon="81.830610" lat="6.846202"><ele>9.874334</ele><time>2024-08-07T16:01:23Z</time><extensions><speed>0.931779</speed><course>1.339067</course><hAcc>1.731967</hAcc><vAcc>0.822047</vAcc></extensions></trkpt>
      <trkpt lon="81.830611" lat="6.846210"><ele>9.823252</ele><time>2024-08-07T16:01:24Z</time><extensions><speed>0.872741</speed><course>5.379582</course><hAcc>1.730658</hAcc><vAcc>0.821948</vAcc></extensions></trkpt>
      <trkpt lon="81.830611" lat="6.846217"><ele>9.752052</ele><time>2024-08-07T16:01:25Z</time><extensions><speed>0.815080</speed><course>4.445773</course><hAcc>1.729966</hAcc><vAcc>0.821839</vAcc></extensions></trkpt>
      <trkpt lon="81.830612" lat="6.846224"><ele>9.683729</ele><time>2024-08-07T16:01:26Z</time><extensions><speed>0.769221</speed><course>3.526500</course><hAcc>1.729779</hAcc><vAcc>0.821725</vAcc></extensions></trkpt>
      <trkpt lon="81.830612" lat="6.846231"><ele>9.618663</ele><time>2024-08-07T16:01:27Z</time><extensions><speed>0.749677</speed><course>4.321750</course><hAcc>1.729210</hAcc><vAcc>0.821607</vAcc></extensions></trkpt>
      <trkpt lon="81.830613" lat="6.846238"><ele>9.546299</ele><time>2024-08-07T16:01:28Z</time><extensions><speed>0.764897</speed><course>5.918641</course><hAcc>1.729577</hAcc><vAcc>0.821504</vAcc></extensions></trkpt>
      <trkpt lon="81.830614" lat="6.846245"><ele>9.467431</ele><time>2024-08-07T16:01:29Z</time><extensions><speed>0.823534</speed><course>8.947437</course><hAcc>1.731279</hAcc><vAcc>0.821414</vAcc></extensions></trkpt>
      <trkpt lon="81.830615" lat="6.846253"><ele>9.366765</ele><time>2024-08-07T16:01:30Z</time><extensions><speed>0.954971</speed><course>11.921278</course><hAcc>1.734469</hAcc><vAcc>0.821334</vAcc></extensions></trkpt>
      <trkpt lon="81.830617" lat="6.846262"><ele>9.300135</ele><time>2024-08-07T16:01:31Z</time><extensions><speed>0.954582</speed><course>11.117405</course><hAcc>1.735861</hAcc><vAcc>0.821266</vAcc></extensions></trkpt>
      <trkpt lon="81.830618" lat="6.846270"><ele>9.237819</ele><time>2024-08-07T16:01:32Z</time><extensions><speed>0.844035</speed><course>3.419679</course><hAcc>1.736256</hAcc><vAcc>0.821211</vAcc></extensions></trkpt>
      <trkpt lon="81.830618" lat="6.846277"><ele>9.168815</ele><time>2024-08-07T16:01:33Z</time><extensions><speed>0.831244</speed><course>357.245820</course><hAcc>1.735196</hAcc><vAcc>0.821176</vAcc></extensions></trkpt>
      <trkpt lon="81.830617" lat="6.846285"><ele>9.115042</ele><time>2024-08-07T16:01:34Z</time><extensions><speed>0.875504</speed><course>354.023556</course><hAcc>1.735993</hAcc><vAcc>0.821159</vAcc></extensions></trkpt>
      <trkpt lon="81.830616" lat="6.846293"><ele>9.044241</ele><time>2024-08-07T16:01:35Z</time><extensions><speed>0.943000</speed><course>352.232483</course><hAcc>1.737902</hAcc><vAcc>0.821162</vAcc></extensions></trkpt>
      <trkpt lon="81.830615" lat="6.846302"><ele>8.978228</ele><time>2024-08-07T16:01:36Z</time><extensions><speed>0.965736</speed><course>348.964460</course><hAcc>1.738356</hAcc><vAcc>0.821193</vAcc></extensions></trkpt>
      <trkpt lon="81.830613" lat="6.846310"><ele>8.923136</ele><time>2024-08-07T16:01:37Z</time><extensions><speed>0.990079</speed><course>344.033210</course><hAcc>1.737653</hAcc><vAcc>0.821252</vAcc></extensions></trkpt>
      <trkpt lon="81.830610" lat="6.846319"><ele>8.867135</ele><time>2024-08-07T16:01:38Z</time><extensions><speed>1.034966</speed><course>340.448109</course><hAcc>1.736904</hAcc><vAcc>0.821334</vAcc></extensions></trkpt>
      <trkpt lon="81.830607" lat="6.846328"><ele>8.829433</ele><time>2024-08-07T16:01:39Z</time><extensions><speed>1.066853</speed><course>339.156392</course><hAcc>1.736686</hAcc><vAcc>0.821428</vAcc></extensions></trkpt>
      <trkpt lon="81.830603" lat="6.846337"><ele>8.792331</ele><time>2024-08-07T16:01:40Z</time><extensions><speed>1.068122</speed><course>339.923322</course><hAcc>1.736927</hAcc><vAcc>0.821532</vAcc></extensions></trkpt>
      <trkpt lon="81.830600" lat="6.846346"><ele>8.756004</ele><time>2024-08-07T16:01:41Z</time><extensions><speed>0.963060</speed><course>337.635569</course><hAcc>1.736354</hAcc><vAcc>0.821644</vAcc></extensions></trkpt>
      <trkpt lon="81.830597" lat="6.846354"><ele>8.722337</ele><time>2024-08-07T16:01:42Z</time><extensions><speed>0.942650</speed><course>336.613260</course><hAcc>1.735786</hAcc><vAcc>0.821764</vAcc></extensions></trkpt>
      <trkpt lon="81.830593" lat="6.846362"><ele>8.699737</ele><time>2024-08-07T16:01:43Z</time><extensions><speed>0.996132</speed><course>337.871606</course><hAcc>1.734612</hAcc><vAcc>0.821888</vAcc></extensions></trkpt>
      <trkpt lon="81.830590" lat="6.846370"><ele>8.678684</ele><time>2024-08-07T16:01:44Z</time><extensions><speed>0.995757</speed><course>339.787920</course><hAcc>1.735894</hAcc><vAcc>0.822017</vAcc></extensions></trkpt>
      <trkpt lon="81.830587" lat="6.846379"><ele>8.674125</ele><time>2024-08-07T16:01:45Z</time><extensions><speed>1.013825</speed><course>342.114572</course><hAcc>1.737984</hAcc><vAcc>0.822153</vAcc></extensions></trkpt>
      <trkpt lon="81.830584" lat="6.846387"><ele>8.662504</ele><time>2024-08-07T16:01:46Z</time><extensions><speed>0.980571</speed><course>343.085625</course><hAcc>1.738700</hAcc><vAcc>0.822289</vAcc></extensions></trkpt>
      <trkpt lon="81.830582" lat="6.846396"><ele>8.656813</ele><time>2024-08-07T16:01:47Z</time><extensions><speed>0.936055</speed><course>346.101114</course><hAcc>1.739402</hAcc><vAcc>0.822430</vAcc></extensions></trkpt>
      <trkpt lon="81.830580" lat="6.846404"><ele>8.658312</ele><time>2024-08-07T16:01:48Z</time><extensions><speed>0.911979</speed><course>349.682223</course><hAcc>1.739695</hAcc><vAcc>0.822574</vAcc></extensions></trkpt>
      <trkpt lon="81.830579" lat="6.846412"><ele>8.657267</ele><time>2024-08-07T16:01:49Z</time><extensions><speed>0.899820</speed><course>351.401804</course><hAcc>1.739567</hAcc><vAcc>0.822713</vAcc></extensions></trkpt>
      <trkpt lon="81.830578" lat="6.846420"><ele>8.664817</ele><time>2024-08-07T16:01:50Z</time><extensions><speed>0.881903</speed><course>353.429416</course><hAcc>1.741298</hAcc><vAcc>0.822845</vAcc></extensions></trkpt>
      <trkpt lon="81.830577" lat="6.846427"><ele>8.674474</ele><time>2024-08-07T16:01:51Z</time><extensions><speed>0.818234</speed><course>355.784115</course><hAcc>1.744185</hAcc><vAcc>0.822965</vAcc></extensions></trkpt>
      <trkpt lon="81.830577" lat="6.846434"><ele>8.669444</ele><time>2024-08-07T16:01:52Z</time><extensions><speed>0.737388</speed><course>356.871869</course><hAcc>1.747983</hAcc><vAcc>0.823072</vAcc></extensions></trkpt>
      <trkpt lon="81.830577" lat="6.846441"><ele>8.685807</ele><time>2024-08-07T16:01:53Z</time><extensions><speed>0.649652</speed><course>359.000661</course><hAcc>1.750640</hAcc><vAcc>0.823168</vAcc></extensions></trkpt>
      <trkpt lon="81.830577" lat="6.846446"><ele>8.702009</ele><time>2024-08-07T16:01:54Z</time><extensions><speed>0.609074</speed><course>3.071251</course><hAcc>1.749240</hAcc><vAcc>0.823249</vAcc></extensions></trkpt>
      <trkpt lon="81.830577" lat="6.846452"><ele>8.718567</ele><time>2024-08-07T16:01:55Z</time><extensions><speed>0.613294</speed><course>3.722398</course><hAcc>1.746262</hAcc><vAcc>0.823320</vAcc></extensions></trkpt>
      <trkpt lon="81.830577" lat="6.846458"><ele>8.730678</ele><time>2024-08-07T16:01:56Z</time><extensions><speed>0.695821</speed><course>0.059039</course><hAcc>1.753341</hAcc><vAcc>0.823377</vAcc></extensions></trkpt>
      <trkpt lon="81.830577" lat="6.846464"><ele>8.736935</ele><time>2024-08-07T16:01:57Z</time><extensions><speed>0.759618</speed><course>355.971165</course><hAcc>1.752353</hAcc><vAcc>0.823419</vAcc></extensions></trkpt>
      <trkpt lon="81.830576" lat="6.846472"><ele>8.747030</ele><time>2024-08-07T16:01:58Z</time><extensions><speed>0.804973</speed><course>352.903727</course><hAcc>1.745125</hAcc><vAcc>0.823448</vAcc></extensions></trkpt>
      <trkpt lon="81.830575" lat="6.846479"><ele>8.754504</ele><time>2024-08-07T16:01:59Z</time><extensions><speed>0.899860</speed><course>350.898761</course><hAcc>1.748542</hAcc><vAcc>0.823466</vAcc></extensions></trkpt>
      <trkpt lon="81.830574" lat="6.846488"><ele>8.751667</ele><time>2024-08-07T16:02:00Z</time><extensions><speed>0.985473</speed><course>349.575426</course><hAcc>1.748637</hAcc><vAcc>0.823479</vAcc></extensions></trkpt>
      <trkpt lon="81.830572" lat="6.846496"><ele>8.743373</ele><time>2024-08-07T16:02:01Z</time><extensions><speed>0.968242</speed><course>348.518346</course><hAcc>1.748453</hAcc><vAcc>0.823485</vAcc></extensions></trkpt>
      <trkpt lon="81.830570" lat="6.846505"><ele>8.721432</ele><time>2024-08-07T16:02:02Z</time><extensions><speed>0.943085</speed><course>347.697620</course><hAcc>1.747589</hAcc><vAcc>0.823482</vAcc></extensions></trkpt>
      <trkpt lon="81.830568" lat="6.846513"><ele>8.693770</ele><time>2024-08-07T16:02:03Z</time><extensions><speed>0.848803</speed><course>345.617547</course><hAcc>1.741454</hAcc><vAcc>0.823473</vAcc></extensions></trkpt>
      <trkpt lon="81.830566" lat="6.846520"><ele>8.666127</ele><time>2024-08-07T16:02:04Z</time><extensions><speed>0.805923</speed><course>344.184239</course><hAcc>1.732894</hAcc><vAcc>0.823457</vAcc></extensions></trkpt>
      <trkpt lon="81.830564" lat="6.846527"><ele>8.644086</ele><time>2024-08-07T16:02:05Z</time><extensions><speed>0.821143</speed><course>344.486201</course><hAcc>1.737015</hAcc><vAcc>0.823437</vAcc></extensions></trkpt>
      <trkpt lon="81.830562" lat="6.846534"><ele>8.605588</ele><time>2024-08-07T16:02:06Z</time><extensions><speed>0.873767</speed><course>344.319831</course><hAcc>1.737591</hAcc><vAcc>0.823414</vAcc></extensions></trkpt>
      <trkpt lon="81.830560" lat="6.846542"><ele>8.572564</ele><time>2024-08-07T16:02:07Z</time><extensions><speed>0.902749</speed><course>343.109168</course><hAcc>1.734616</hAcc><vAcc>0.823390</vAcc></extensions></trkpt>
      <trkpt lon="81.830557" lat="6.846550"><ele>8.541749</ele><time>2024-08-07T16:02:08Z</time><extensions><speed>0.909839</speed><course>340.892813</course><hAcc>1.731886</hAcc><vAcc>0.823364</vAcc></extensions></trkpt>
      <trkpt lon="81.830555" lat="6.846558"><ele>8.485911</ele><time>2024-08-07T16:02:09Z</time><extensions><speed>0.958400</speed><course>342.555245</course><hAcc>1.730539</hAcc><vAcc>0.823339</vAcc></extensions></trkpt>
      <trkpt lon="81.830552" lat="6.846566"><ele>8.446679</ele><time>2024-08-07T16:02:10Z</time><extensions><speed>0.970754</speed><course>345.066376</course><hAcc>1.731922</hAcc><vAcc>0.823314</vAcc></extensions></trkpt>
      <trkpt lon="81.830550" lat="6.846575"><ele>8.418522</ele><time>2024-08-07T16:02:11Z</time><extensions><speed>0.977146</speed><course>347.712581</course><hAcc>1.727810</hAcc><vAcc>0.823287</vAcc></extensions></trkpt>
      <trkpt lon="81.830549" lat="6.846584"><ele>8.389475</ele><time>2024-08-07T16:02:12Z</time><extensions><speed>0.991149</speed><course>350.358262</course><hAcc>1.727265</hAcc><vAcc>0.823255</vAcc></extensions></trkpt>
      <trkpt lon="81.830547" lat="6.846592"><ele>8.368899</ele><time>2024-08-07T16:02:13Z</time><extensions><speed>0.960768</speed><course>350.967899</course><hAcc>1.728079</hAcc><vAcc>0.823225</vAcc></extensions></trkpt>
      <trkpt lon="81.830546" lat="6.846601"><ele>8.339991</ele><time>2024-08-07T16:02:14Z</time><extensions><speed>0.925562</speed><course>350.314519</course><hAcc>1.728263</hAcc><vAcc>0.823197</vAcc></extensions></trkpt>
      <trkpt lon="81.830544" lat="6.846609"><ele>8.302520</ele><time>2024-08-07T16:02:15Z</time><extensions><speed>0.903976</speed><course>350.412717</course><hAcc>1.729366</hAcc><vAcc>0.823173</vAcc></extensions></trkpt>
      <trkpt lon="81.830543" lat="6.846617"><ele>8.271630</ele><time>2024-08-07T16:02:17Z</time><extensions><speed>0.889139</speed><course>352.358999</course><hAcc>1.730749</hAcc><vAcc>0.823148</vAcc></extensions></trkpt>
      <trkpt lon="81.830542" lat="6.846625"><ele>8.253925</ele><time>2024-08-07T16:02:18Z</time><extensions><speed>0.899224</speed><course>354.317477</course><hAcc>1.730978</hAcc><vAcc>0.823100</vAcc></extensions></trkpt>
      <trkpt lon="81.830542" lat="6.846633"><ele>8.233138</ele><time>2024-08-07T16:02:19Z</time><extensions><speed>0.954437</speed><course>355.621642</course><hAcc>1.731619</hAcc><vAcc>0.823053</vAcc></extensions></trkpt>
      <trkpt lon="81.830541" lat="6.846642"><ele>8.199858</ele><time>2024-08-07T16:02:20Z</time><extensions><speed>0.999483</speed><course>356.492808</course><hAcc>1.733274</hAcc><vAcc>0.822999</vAcc></extensions></trkpt>
      <trkpt lon="81.830540" lat="6.846651"><ele>8.163734</ele><time>2024-08-07T16:02:21Z</time><extensions><speed>0.972324</speed><course>357.318157</course><hAcc>1.733438</hAcc><vAcc>0.822943</vAcc></extensions></trkpt>
      <trkpt lon="81.830540" lat="6.846660"><ele>8.134304</ele><time>2024-08-07T16:02:22Z</time><extensions><speed>0.940726</speed><course>358.331578</course><hAcc>1.734584</hAcc><vAcc>0.822872</vAcc></extensions></trkpt>
      <trkpt lon="81.830540" lat="6.846668"><ele>8.116212</ele><time>2024-08-07T16:02:23Z</time><extensions><speed>0.921645</speed><course>357.548613</course><hAcc>1.735511</hAcc><vAcc>0.822784</vAcc></extensions></trkpt>
      <trkpt lon="81.830539" lat="6.846676"><ele>8.087892</ele><time>2024-08-07T16:02:24Z</time><extensions><speed>0.935811</speed><course>356.549595</course><hAcc>1.737663</hAcc><vAcc>0.822672</vAcc></extensions></trkpt>
      <trkpt lon="81.830539" lat="6.846685"><ele>8.067832</ele><time>2024-08-07T16:02:25Z</time><extensions><speed>0.950326</speed><course>355.791958</course><hAcc>1.741351</hAcc><vAcc>0.822540</vAcc></extensions></trkpt>
      <trkpt lon="81.830538" lat="6.846693"><ele>8.051975</ele><time>2024-08-07T16:02:26Z</time><extensions><speed>0.928469</speed><course>354.600871</course><hAcc>1.742983</hAcc><vAcc>0.822390</vAcc></extensions></trkpt>
      <trkpt lon="81.830537" lat="6.846701"><ele>8.017156</ele><time>2024-08-07T16:02:27Z</time><extensions><speed>0.856249</speed><course>352.055327</course><hAcc>1.742069</hAcc><vAcc>0.822215</vAcc></extensions></trkpt>
      <trkpt lon="81.830536" lat="6.846709"><ele>8.003221</ele><time>2024-08-07T16:02:28Z</time><extensions><speed>0.798418</speed><course>349.170257</course><hAcc>1.738039</hAcc><vAcc>0.822034</vAcc></extensions></trkpt>
      <trkpt lon="81.830535" lat="6.846716"><ele>7.992675</ele><time>2024-08-07T16:02:29Z</time><extensions><speed>0.858997</speed><course>350.022551</course><hAcc>1.742955</hAcc><vAcc>0.821844</vAcc></extensions></trkpt>
      <trkpt lon="81.830534" lat="6.846724"><ele>7.974548</ele><time>2024-08-07T16:02:30Z</time><extensions><speed>0.830203</speed><course>354.697729</course><hAcc>1.746655</hAcc><vAcc>0.821647</vAcc></extensions></trkpt>
      <trkpt lon="81.830533" lat="6.846731"><ele>7.959522</ele><time>2024-08-07T16:02:31Z</time><extensions><speed>0.811151</speed><course>0.162056</course><hAcc>1.747259</hAcc><vAcc>0.821449</vAcc></extensions></trkpt>
      <trkpt lon="81.830534" lat="6.846739"><ele>7.946646</ele><time>2024-08-07T16:02:32Z</time><extensions><speed>0.817677</speed><course>4.306145</course><hAcc>1.745020</hAcc><vAcc>0.821261</vAcc></extensions></trkpt>
      <trkpt lon="81.830534" lat="6.846746"><ele>7.915804</ele><time>2024-08-07T16:02:33Z</time><extensions><speed>0.840205</speed><course>6.892818</course><hAcc>1.744344</hAcc><vAcc>0.821091</vAcc></extensions></trkpt>
      <trkpt lon="81.830535" lat="6.846754"><ele>7.898022</ele><time>2024-08-07T16:02:34Z</time><extensions><speed>0.917657</speed><course>5.623872</course><hAcc>1.742736</hAcc><vAcc>0.820945</vAcc></extensions></trkpt>
      <trkpt lon="81.830536" lat="6.846763"><ele>7.881921</ele><time>2024-08-07T16:02:35Z</time><extensions><speed>0.971318</speed><course>2.491160</course><hAcc>1.742099</hAcc><vAcc>0.820833</vAcc></extensions></trkpt>
      <trkpt lon="81.830536" lat="6.846772"><ele>7.866865</ele><time>2024-08-07T16:02:36Z</time><extensions><speed>1.008883</speed><course>358.731055</course><hAcc>1.741081</hAcc><vAcc>0.820759</vAcc></extensions></trkpt>
      <trkpt lon="81.830535" lat="6.846781"><ele>7.854690</ele><time>2024-08-07T16:02:37Z</time><extensions><speed>1.046231</speed><course>354.719340</course><hAcc>1.736488</hAcc><vAcc>0.820715</vAcc></extensions></trkpt>
      <trkpt lon="81.830534" lat="6.846790"><ele>7.840480</ele><time>2024-08-07T16:02:38Z</time><extensions><speed>1.077262</speed><course>350.028851</course><hAcc>1.731115</hAcc><vAcc>0.820703</vAcc></extensions></trkpt>
      <trkpt lon="81.830532" lat="6.846800"><ele>7.804252</ele><time>2024-08-07T16:02:39Z</time><extensions><speed>1.099709</speed><course>346.800736</course><hAcc>1.725749</hAcc><vAcc>0.820717</vAcc></extensions></trkpt>
      <trkpt lon="81.830530" lat="6.846810"><ele>7.785521</ele><time>2024-08-07T16:02:40Z</time><extensions><speed>1.105473</speed><course>345.823275</course><hAcc>1.727125</hAcc><vAcc>0.820749</vAcc></extensions></trkpt>
      <trkpt lon="81.830527" lat="6.846820"><ele>7.773931</ele><time>2024-08-07T16:02:41Z</time><extensions><speed>1.101498</speed><course>345.757128</course><hAcc>1.735409</hAcc><vAcc>0.820780</vAcc></extensions></trkpt>
      <trkpt lon="81.830525" lat="6.846829"><ele>7.776184</ele><time>2024-08-07T16:02:42Z</time><extensions><speed>1.133743</speed><course>346.417569</course><hAcc>1.724031</hAcc><vAcc>0.820810</vAcc></extensions></trkpt>
      <trkpt lon="81.830522" lat="6.846839"><ele>7.753475</ele><time>2024-08-07T16:02:43Z</time><extensions><speed>1.160799</speed><course>346.887320</course><hAcc>1.718572</hAcc><vAcc>0.820828</vAcc></extensions></trkpt>
      <trkpt lon="81.830520" lat="6.846850"><ele>7.739743</ele><time>2024-08-07T16:02:44Z</time><extensions><speed>1.138513</speed><course>346.675734</course><hAcc>1.718897</hAcc><vAcc>0.820827</vAcc></extensions></trkpt>
      <trkpt lon="81.830517" lat="6.846860"><ele>7.718740</ele><time>2024-08-07T16:02:45Z</time><extensions><speed>1.118939</speed><course>345.886326</course><hAcc>1.725572</hAcc><vAcc>0.820814</vAcc></extensions></trkpt>
      <trkpt lon="81.830515" lat="6.846869"><ele>7.692564</ele><time>2024-08-07T16:02:46Z</time><extensions><speed>1.072560</speed><course>344.938639</course><hAcc>1.733812</hAcc><vAcc>0.820793</vAcc></extensions></trkpt>
      <trkpt lon="81.830512" lat="6.846878"><ele>7.672642</ele><time>2024-08-07T16:02:47Z</time><extensions><speed>1.044468</speed><course>344.469841</course><hAcc>1.730204</hAcc><vAcc>0.820766</vAcc></extensions></trkpt>
      <trkpt lon="81.830510" lat="6.846887"><ele>7.651183</ele><time>2024-08-07T16:02:48Z</time><extensions><speed>1.023992</speed><course>346.235695</course><hAcc>1.730998</hAcc><vAcc>0.820737</vAcc></extensions></trkpt>
      <trkpt lon="81.830508" lat="6.846897"><ele>7.615215</ele><time>2024-08-07T16:02:49Z</time><extensions><speed>1.057912</speed><course>348.751036</course><hAcc>1.737534</hAcc><vAcc>0.820711</vAcc></extensions></trkpt>
      <trkpt lon="81.830506" lat="6.846906"><ele>7.580550</ele><time>2024-08-07T16:02:50Z</time><extensions><speed>0.997829</speed><course>351.094287</course><hAcc>1.738459</hAcc><vAcc>0.820693</vAcc></extensions></trkpt>
      <trkpt lon="81.830505" lat="6.846915"><ele>7.542799</ele><time>2024-08-07T16:02:51Z</time><extensions><speed>0.946326</speed><course>354.200279</course><hAcc>1.741347</hAcc><vAcc>0.820685</vAcc></extensions></trkpt>
      <trkpt lon="81.830505" lat="6.846923"><ele>7.500810</ele><time>2024-08-07T16:02:52Z</time><extensions><speed>1.001649</speed><course>358.145396</course><hAcc>1.744332</hAcc><vAcc>0.820696</vAcc></extensions></trkpt>
      <trkpt lon="81.830505" lat="6.846933"><ele>7.464015</ele><time>2024-08-07T16:02:53Z</time><extensions><speed>1.134758</speed><course>359.760339</course><hAcc>1.744057</hAcc><vAcc>0.820739</vAcc></extensions></trkpt>
      <trkpt lon="81.830505" lat="6.846943"><ele>7.434022</ele><time>2024-08-07T16:02:53Z</time><extensions><speed>1.165592</speed><course>0.312662</course><hAcc>1.743536</hAcc><vAcc>0.820808</vAcc></extensions></trkpt>
      <trkpt lon="81.830505" lat="6.846954"><ele>7.399406</ele><time>2024-08-07T16:02:54Z</time><extensions><speed>1.142473</speed><course>1.936139</course><hAcc>1.744114</hAcc><vAcc>0.820899</vAcc></extensions></trkpt>
      <trkpt lon="81.830505" lat="6.846964"><ele>7.367828</ele><time>2024-08-07T16:02:55Z</time><extensions><speed>1.069934</speed><course>3.997265</course><hAcc>1.744912</hAcc><vAcc>0.821013</vAcc></extensions></trkpt>
      <trkpt lon="81.830506" lat="6.846973"><ele>7.334947</ele><time>2024-08-07T16:02:56Z</time><extensions><speed>1.032288</speed><course>5.728960</course><hAcc>1.744873</hAcc><vAcc>0.821137</vAcc></extensions></trkpt>
      <trkpt lon="81.830507" lat="6.846982"><ele>7.305465</ele><time>2024-08-07T16:02:57Z</time><extensions><speed>0.979341</speed><course>6.830240</course><hAcc>1.743615</hAcc><vAcc>0.821262</vAcc></extensions></trkpt>
      <trkpt lon="81.830508" lat="6.846991"><ele>7.288026</ele><time>2024-08-07T16:02:58Z</time><extensions><speed>0.949251</speed><course>8.303571</course><hAcc>1.741825</hAcc><vAcc>0.821379</vAcc></extensions></trkpt>
      <trkpt lon="81.830510" lat="6.846999"><ele>7.258857</ele><time>2024-08-07T16:02:59Z</time><extensions><speed>0.889554</speed><course>9.380300</course><hAcc>1.740400</hAcc><vAcc>0.821478</vAcc></extensions></trkpt>
      <trkpt lon="81.830511" lat="6.847007"><ele>7.222259</ele><time>2024-08-07T16:03:00Z</time><extensions><speed>0.861381</speed><course>11.711827</course><hAcc>1.741152</hAcc><vAcc>0.821550</vAcc></extensions></trkpt>
      <trkpt lon="81.830513" lat="6.847015"><ele>7.161459</ele><time>2024-08-07T16:03:01Z</time><extensions><speed>0.842614</speed><course>13.111589</course><hAcc>1.740894</hAcc><vAcc>0.821591</vAcc></extensions></trkpt>
      <trkpt lon="81.830514" lat="6.847022"><ele>7.121481</ele><time>2024-08-07T16:03:02Z</time><extensions><speed>0.757830</speed><course>13.368022</course><hAcc>1.741290</hAcc><vAcc>0.821609</vAcc></extensions></trkpt>
      <trkpt lon="81.830516" lat="6.847028"><ele>7.083716</ele><time>2024-08-07T16:03:03Z</time><extensions><speed>0.707318</speed><course>13.062905</course><hAcc>1.742652</hAcc><vAcc>0.821608</vAcc></extensions></trkpt>
      <trkpt lon="81.830517" lat="6.847035"><ele>7.046326</ele><time>2024-08-07T16:03:04Z</time><extensions><speed>0.750115</speed><course>11.570862</course><hAcc>1.742943</hAcc><vAcc>0.821587</vAcc></extensions></trkpt>
      <trkpt lon="81.830519" lat="6.847041"><ele>7.005047</ele><time>2024-08-07T16:03:05Z</time><extensions><speed>0.814840</speed><course>9.665588</course><hAcc>1.744398</hAcc><vAcc>0.821566</vAcc></extensions></trkpt>
      <trkpt lon="81.830520" lat="6.847049"><ele>6.956753</ele><time>2024-08-07T16:03:06Z</time><extensions><speed>0.845065</speed><course>7.316618</course><hAcc>1.745354</hAcc><vAcc>0.821538</vAcc></extensions></trkpt>
      <trkpt lon="81.830520" lat="6.847057"><ele>6.907455</ele><time>2024-08-07T16:03:07Z</time><extensions><speed>0.890034</speed><course>4.522088</course><hAcc>1.745992</hAcc><vAcc>0.821504</vAcc></extensions></trkpt>
      <trkpt lon="81.830521" lat="6.847065"><ele>6.861810</ele><time>2024-08-07T16:03:08Z</time><extensions><speed>0.886789</speed><course>1.842414</course><hAcc>1.745879</hAcc><vAcc>0.821466</vAcc></extensions></trkpt>
      <trkpt lon="81.830521" lat="6.847073"><ele>6.807252</ele><time>2024-08-07T16:03:09Z</time><extensions><speed>0.871778</speed><course>358.165382</course><hAcc>1.746785</hAcc><vAcc>0.821432</vAcc></extensions></trkpt>
      <trkpt lon="81.830521" lat="6.847080"><ele>6.744349</ele><time>2024-08-07T16:03:10Z</time><extensions><speed>0.828179</speed><course>356.217402</course><hAcc>1.750659</hAcc><vAcc>0.821415</vAcc></extensions></trkpt>
      <trkpt lon="81.830520" lat="6.847088"><ele>6.695306</ele><time>2024-08-07T16:03:11Z</time><extensions><speed>0.803935</speed><course>356.638013</course><hAcc>1.756466</hAcc><vAcc>0.821422</vAcc></extensions></trkpt>
      <trkpt lon="81.830520" lat="6.847095"><ele>6.644996</ele><time>2024-08-07T16:03:12Z</time><extensions><speed>0.781564</speed><course>358.103335</course><hAcc>1.754107</hAcc><vAcc>0.821455</vAcc></extensions></trkpt>
      <trkpt lon="81.830519" lat="6.847102"><ele>6.593835</ele><time>2024-08-07T16:03:13Z</time><extensions><speed>0.799886</speed><course>357.657378</course><hAcc>1.753661</hAcc><vAcc>0.821513</vAcc></extensions></trkpt>
      <trkpt lon="81.830519" lat="6.847109"><ele>6.542509</ele><time>2024-08-07T16:03:14Z</time><extensions><speed>0.799704</speed><course>356.381897</course><hAcc>1.756440</hAcc><vAcc>0.821592</vAcc></extensions></trkpt>
      <trkpt lon="81.830518" lat="6.847117"><ele>6.504290</ele><time>2024-08-07T16:03:15Z</time><extensions><speed>0.808852</speed><course>354.431124</course><hAcc>1.756668</hAcc><vAcc>0.821686</vAcc></extensions></trkpt>
      <trkpt lon="81.830517" lat="6.847124"><ele>6.461059</ele><time>2024-08-07T16:03:16Z</time><extensions><speed>0.818689</speed><course>351.530303</course><hAcc>1.750016</hAcc><vAcc>0.821793</vAcc></extensions></trkpt>
      <trkpt lon="81.830516" lat="6.847131"><ele>6.415091</ele><time>2024-08-07T16:03:17Z</time><extensions><speed>0.860314</speed><course>348.670087</course><hAcc>1.752044</hAcc><vAcc>0.821907</vAcc></extensions></trkpt>
      <trkpt lon="81.830514" lat="6.847139"><ele>6.370395</ele><time>2024-08-07T16:03:18Z</time><extensions><speed>0.885539</speed><course>345.164046</course><hAcc>1.751635</hAcc><vAcc>0.822020</vAcc></extensions></trkpt>
      <trkpt lon="81.830512" lat="6.847147"><ele>6.321579</ele><time>2024-08-07T16:03:19Z</time><extensions><speed>0.896940</speed><course>343.054878</course><hAcc>1.748903</hAcc><vAcc>0.822135</vAcc></extensions></trkpt>
      <trkpt lon="81.830510" lat="6.847154"><ele>6.294642</ele><time>2024-08-07T16:03:20Z</time><extensions><speed>0.864565</speed><course>342.859578</course><hAcc>1.746569</hAcc><vAcc>0.822252</vAcc></extensions></trkpt>
      <trkpt lon="81.830507" lat="6.847162"><ele>6.273249</ele><time>2024-08-07T16:03:21Z</time><extensions><speed>0.832881</speed><course>341.734858</course><hAcc>1.741151</hAcc><vAcc>0.822373</vAcc></extensions></trkpt>
      <trkpt lon="81.830505" lat="6.847169"><ele>6.242159</ele><time>2024-08-07T16:03:22Z</time><extensions><speed>0.825191</speed><course>339.908348</course><hAcc>1.737313</hAcc><vAcc>0.822495</vAcc></extensions></trkpt>
      <trkpt lon="81.830502" lat="6.847176"><ele>6.220603</ele><time>2024-08-07T16:03:23Z</time><extensions><speed>0.810115</speed><course>338.570685</course><hAcc>1.735748</hAcc><vAcc>0.822611</vAcc></extensions></trkpt>
      <trkpt lon="81.830500" lat="6.847183"><ele>6.209297</ele><time>2024-08-07T16:03:24Z</time><extensions><speed>0.799676</speed><course>340.345933</course><hAcc>1.735194</hAcc><vAcc>0.822718</vAcc></extensions></trkpt>
      <trkpt lon="81.830498" lat="6.847190"><ele>6.197849</ele><time>2024-08-07T16:03:25Z</time><extensions><speed>0.804640</speed><course>345.565006</course><hAcc>1.734262</hAcc><vAcc>0.822822</vAcc></extensions></trkpt>
      <trkpt lon="81.830496" lat="6.847197"><ele>6.204035</ele><time>2024-08-07T16:03:26Z</time><extensions><speed>0.844312</speed><course>352.297012</course><hAcc>1.733955</hAcc><vAcc>0.822916</vAcc></extensions></trkpt>
      <trkpt lon="81.830495" lat="6.847204"><ele>6.225033</ele><time>2024-08-07T16:03:27Z</time><extensions><speed>0.836914</speed><course>356.593197</course><hAcc>1.732773</hAcc><vAcc>0.822999</vAcc></extensions></trkpt>
      <trkpt lon="81.830495" lat="6.847212"><ele>6.244410</ele><time>2024-08-07T16:03:28Z</time><extensions><speed>0.788973</speed><course>357.713838</course><hAcc>1.732871</hAcc><vAcc>0.823071</vAcc></extensions></trkpt>
      <trkpt lon="81.830495" lat="6.847219"><ele>6.268287</ele><time>2024-08-07T16:03:29Z</time><extensions><speed>0.732542</speed><course>355.473863</course><hAcc>1.733427</hAcc><vAcc>0.823136</vAcc></extensions></trkpt>
      <trkpt lon="81.830494" lat="6.847225"><ele>6.295952</ele><time>2024-08-07T16:03:30Z</time><extensions><speed>0.680206</speed><course>349.886063</course><hAcc>1.733494</hAcc><vAcc>0.823190</vAcc></extensions></trkpt>
      <trkpt lon="81.830493" lat="6.847231"><ele>6.324335</ele><time>2024-08-07T16:03:31Z</time><extensions><speed>0.707421</speed><course>347.151036</course><hAcc>1.734187</hAcc><vAcc>0.823233</vAcc></extensions></trkpt>
      <trkpt lon="81.830491" lat="6.847237"><ele>6.357511</ele><time>2024-08-07T16:03:32Z</time><extensions><speed>0.718504</speed><course>345.189255</course><hAcc>1.733035</hAcc><vAcc>0.823261</vAcc></extensions></trkpt>
      <trkpt lon="81.830489" lat="6.847244"><ele>6.385658</ele><time>2024-08-07T16:03:33Z</time><extensions><speed>0.745893</speed><course>343.565079</course><hAcc>1.731366</hAcc><vAcc>0.823279</vAcc></extensions></trkpt>
      <trkpt lon="81.830487" lat="6.847250"><ele>6.432766</ele><time>2024-08-07T16:03:34Z</time><extensions><speed>0.760732</speed><course>344.133549</course><hAcc>1.732140</hAcc><vAcc>0.823286</vAcc></extensions></trkpt>
      <trkpt lon="81.830486" lat="6.847257"><ele>6.477077</ele><time>2024-08-07T16:03:35Z</time><extensions><speed>0.792856</speed><course>346.652417</course><hAcc>1.734624</hAcc><vAcc>0.823284</vAcc></extensions></trkpt>
      <trkpt lon="81.830484" lat="6.847264"><ele>6.519143</ele><time>2024-08-07T16:03:36Z</time><extensions><speed>0.830276</speed><course>351.887066</course><hAcc>1.734790</hAcc><vAcc>0.823271</vAcc></extensions></trkpt>
      <trkpt lon="81.830484" lat="6.847272"><ele>6.569343</ele><time>2024-08-07T16:03:37Z</time><extensions><speed>0.876998</speed><course>356.439076</course><hAcc>1.734985</hAcc><vAcc>0.823245</vAcc></extensions></trkpt>
      <trkpt lon="81.830483" lat="6.847280"><ele>6.606075</ele><time>2024-08-07T16:03:38Z</time><extensions><speed>0.872488</speed><course>359.421856</course><hAcc>1.735570</hAcc><vAcc>0.823211</vAcc></extensions></trkpt>
      <trkpt lon="81.830483" lat="6.847288"><ele>6.633394</ele><time>2024-08-07T16:03:39Z</time><extensions><speed>0.863530</speed><course>1.164817</course><hAcc>1.737537</hAcc><vAcc>0.823166</vAcc></extensions></trkpt>
      <trkpt lon="81.830483" lat="6.847296"><ele>6.655720</ele><time>2024-08-07T16:03:40Z</time><extensions><speed>0.882552</speed><course>1.624255</course><hAcc>1.737814</hAcc><vAcc>0.823105</vAcc></extensions></trkpt>
      <trkpt lon="81.830484" lat="6.847304"><ele>6.673469</ele><time>2024-08-07T16:03:41Z</time><extensions><speed>0.884991</speed><course>0.757027</course><hAcc>1.737801</hAcc><vAcc>0.823032</vAcc></extensions></trkpt>
      <trkpt lon="81.830484" lat="6.847311"><ele>6.661875</ele><time>2024-08-07T16:03:42Z</time><extensions><speed>0.829879</speed><course>358.286163</course><hAcc>1.739465</hAcc><vAcc>0.822951</vAcc></extensions></trkpt>
      <trkpt lon="81.830483" lat="6.847319"><ele>6.670365</ele><time>2024-08-07T16:03:43Z</time><extensions><speed>0.744278</speed><course>356.444680</course><hAcc>1.742009</hAcc><vAcc>0.822861</vAcc></extensions></trkpt>
      <trkpt lon="81.830482" lat="6.847325"><ele>6.673964</ele><time>2024-08-07T16:03:44Z</time><extensions><speed>0.704297</speed><course>350.722330</course><hAcc>1.744128</hAcc><vAcc>0.822772</vAcc></extensions></trkpt>
      <trkpt lon="81.830481" lat="6.847331"><ele>6.666858</ele><time>2024-08-07T16:03:45Z</time><extensions><speed>0.694821</speed><course>346.339188</course><hAcc>1.744991</hAcc><vAcc>0.822687</vAcc></extensions></trkpt>
      <trkpt lon="81.830480" lat="6.847337"><ele>6.660319</ele><time>2024-08-07T16:03:46Z</time><extensions><speed>0.705374</speed><course>344.646010</course><hAcc>1.747051</hAcc><vAcc>0.822610</vAcc></extensions></trkpt>
      <trkpt lon="81.830478" lat="6.847344"><ele>6.654858</ele><time>2024-08-07T16:03:47Z</time><extensions><speed>0.741850</speed><course>345.082107</course><hAcc>1.749029</hAcc><vAcc>0.822545</vAcc></extensions></trkpt>
      <trkpt lon="81.830476" lat="6.847350"><ele>6.645913</ele><time>2024-08-07T16:03:48Z</time><extensions><speed>0.771036</speed><course>346.857061</course><hAcc>1.751898</hAcc><vAcc>0.822486</vAcc></extensions></trkpt>
      <trkpt lon="81.830475" lat="6.847357"><ele>6.616010</ele><time>2024-08-07T16:03:49Z</time><extensions><speed>0.791659</speed><course>347.364917</course><hAcc>1.750893</hAcc><vAcc>0.822439</vAcc></extensions></trkpt>
      <trkpt lon="81.830473" lat="6.847364"><ele>6.591647</ele><time>2024-08-07T16:03:50Z</time><extensions><speed>0.791397</speed><course>348.965611</course><hAcc>1.745041</hAcc><vAcc>0.822408</vAcc></extensions></trkpt>
      <trkpt lon="81.830472" lat="6.847372"><ele>6.570692</ele><time>2024-08-07T16:03:51Z</time><extensions><speed>0.859907</speed><course>350.781678</course><hAcc>1.749453</hAcc><vAcc>0.822397</vAcc></extensions></trkpt>
      <trkpt lon="81.830471" lat="6.847379"><ele>6.540118</ele><time>2024-08-07T16:03:52Z</time><extensions><speed>0.887101</speed><course>351.660240</course><hAcc>1.752630</hAcc><vAcc>0.822408</vAcc></extensions></trkpt>
      <trkpt lon="81.830470" lat="6.847387"><ele>6.505971</ele><time>2024-08-07T16:03:53Z</time><extensions><speed>0.805939</speed><course>353.616853</course><hAcc>1.750735</hAcc><vAcc>0.822432</vAcc></extensions></trkpt>
      <trkpt lon="81.830469" lat="6.847394"><ele>6.457454</ele><time>2024-08-07T16:03:54Z</time><extensions><speed>0.738896</speed><course>356.849717</course><hAcc>1.748448</hAcc><vAcc>0.822469</vAcc></extensions></trkpt>
      <trkpt lon="81.830469" lat="6.847401"><ele>6.420269</ele><time>2024-08-07T16:03:55Z</time><extensions><speed>0.731206</speed><course>357.964121</course><hAcc>1.746747</hAcc><vAcc>0.822512</vAcc></extensions></trkpt>
      <trkpt lon="81.830469" lat="6.847407"><ele>6.387555</ele><time>2024-08-07T16:03:56Z</time><extensions><speed>0.754342</speed><course>1.362824</course><hAcc>1.745680</hAcc><vAcc>0.822560</vAcc></extensions></trkpt>
      <trkpt lon="81.830469" lat="6.847414"><ele>6.348060</ele><time>2024-08-07T16:03:57Z</time><extensions><speed>0.808018</speed><course>5.131155</course><hAcc>1.745010</hAcc><vAcc>0.822611</vAcc></extensions></trkpt>
      <trkpt lon="81.830470" lat="6.847422"><ele>6.303112</ele><time>2024-08-07T16:03:58Z</time><extensions><speed>0.885681</speed><course>6.258161</course><hAcc>1.745129</hAcc><vAcc>0.822667</vAcc></extensions></trkpt>
      <trkpt lon="81.830471" lat="6.847430"><ele>6.275053</ele><time>2024-08-07T16:03:59Z</time><extensions><speed>0.961533</speed><course>4.925097</course><hAcc>1.747719</hAcc><vAcc>0.822718</vAcc></extensions></trkpt>
      <trkpt lon="81.830471" lat="6.847439"><ele>6.245343</ele><time>2024-08-07T16:04:00Z</time><extensions><speed>1.032198</speed><course>2.652232</course><hAcc>1.749287</hAcc><vAcc>0.822768</vAcc></extensions></trkpt>
      <trkpt lon="81.830472" lat="6.847449"><ele>6.209667</ele><time>2024-08-07T16:04:01Z</time><extensions><speed>1.081978</speed><course>1.031147</course><hAcc>1.748114</hAcc><vAcc>0.822811</vAcc></extensions></trkpt>
      <trkpt lon="81.830472" lat="6.847459"><ele>6.177581</ele><time>2024-08-07T16:04:02Z</time><extensions><speed>1.134785</speed><course>0.518178</course><hAcc>1.748507</hAcc><vAcc>0.822851</vAcc></extensions></trkpt>
      <trkpt lon="81.830472" lat="6.847470"><ele>6.139650</ele><time>2024-08-07T16:04:03Z</time><extensions><speed>1.186701</speed><course>0.963833</course><hAcc>1.748781</hAcc><vAcc>0.822891</vAcc></extensions></trkpt>
      <trkpt lon="81.830472" lat="6.847480"><ele>6.121935</ele><time>2024-08-07T16:04:04Z</time><extensions><speed>1.126171</speed><course>1.214495</course><hAcc>1.750673</hAcc><vAcc>0.822929</vAcc></extensions></trkpt>
      <trkpt lon="81.830472" lat="6.847490"><ele>6.107924</ele><time>2024-08-07T16:04:05Z</time><extensions><speed>1.047496</speed><course>0.681053</course><hAcc>1.750253</hAcc><vAcc>0.822968</vAcc></extensions></trkpt>
      <trkpt lon="81.830472" lat="6.847499"><ele>6.091288</ele><time>2024-08-07T16:04:06Z</time><extensions><speed>1.002374</speed><course>0.017704</course><hAcc>1.750597</hAcc><vAcc>0.823004</vAcc></extensions></trkpt>
      <trkpt lon="81.830472" lat="6.847508"><ele>6.086983</ele><time>2024-08-07T16:04:07Z</time><extensions><speed>1.000604</speed><course>0.771290</course><hAcc>1.747700</hAcc><vAcc>0.823040</vAcc></extensions></trkpt>
      <trkpt lon="81.830472" lat="6.847518"><ele>6.094805</ele><time>2024-08-07T16:04:08Z</time><extensions><speed>1.053146</speed><course>359.917221</course><hAcc>1.746655</hAcc><vAcc>0.823072</vAcc></extensions></trkpt>
      <trkpt lon="81.830472" lat="6.847527"><ele>6.097402</ele><time>2024-08-07T16:04:09Z</time><extensions><speed>1.112257</speed><course>358.844205</course><hAcc>1.747465</hAcc><vAcc>0.823099</vAcc></extensions></trkpt>
      <trkpt lon="81.830472" lat="6.847537"><ele>6.101707</ele><time>2024-08-07T16:04:10Z</time><extensions><speed>1.095586</speed><course>357.725352</course><hAcc>1.746161</hAcc><vAcc>0.823124</vAcc></extensions></trkpt>
      <trkpt lon="81.830472" lat="6.847547"><ele>6.089374</ele><time>2024-08-07T16:04:11Z</time><extensions><speed>1.095430</speed><course>356.180504</course><hAcc>1.744193</hAcc><vAcc>0.823142</vAcc></extensions></trkpt>
      <trkpt lon="81.830471" lat="6.847557"><ele>6.101640</ele><time>2024-08-07T16:04:12Z</time><extensions><speed>1.094643</speed><course>354.338697</course><hAcc>1.744933</hAcc><vAcc>0.823160</vAcc></extensions></trkpt>
      <trkpt lon="81.830470" lat="6.847567"><ele>6.118376</ele><time>2024-08-07T16:04:13Z</time><extensions><speed>1.145784</speed><course>353.398766</course><hAcc>1.746333</hAcc><vAcc>0.823173</vAcc></extensions></trkpt>
      <trkpt lon="81.830468" lat="6.847577"><ele>6.110348</ele><time>2024-08-07T16:04:14Z</time><extensions><speed>1.147720</speed><course>352.350336</course><hAcc>1.746438</hAcc><vAcc>0.823178</vAcc></extensions></trkpt>
      <trkpt lon="81.830467" lat="6.847588"><ele>6.115940</ele><time>2024-08-07T16:04:15Z</time><extensions><speed>1.136450</speed><course>351.730116</course><hAcc>1.745233</hAcc><vAcc>0.823172</vAcc></extensions></trkpt>
      <trkpt lon="81.830465" lat="6.847598"><ele>6.129671</ele><time>2024-08-07T16:04:16Z</time><extensions><speed>1.068952</speed><course>351.523162</course><hAcc>1.744849</hAcc><vAcc>0.823149</vAcc></extensions></trkpt>
      <trkpt lon="81.830464" lat="6.847607"><ele>6.134982</ele><time>2024-08-07T16:04:17Z</time><extensions><speed>0.966610</speed><course>350.164464</course><hAcc>1.744187</hAcc><vAcc>0.823130</vAcc></extensions></trkpt>
      <trkpt lon="81.830462" lat="6.847615"><ele>6.118555</ele><time>2024-08-07T16:04:18Z</time><extensions><speed>0.905249</speed><course>348.788558</course><hAcc>1.743658</hAcc><vAcc>0.823118</vAcc></extensions></trkpt>
      <trkpt lon="81.830461" lat="6.847623"><ele>6.112906</ele><time>2024-08-07T16:04:19Z</time><extensions><speed>0.862729</speed><course>348.226472</course><hAcc>1.743322</hAcc><vAcc>0.823113</vAcc></extensions></trkpt>
      <trkpt lon="81.830459" lat="6.847631"><ele>6.106095</ele><time>2024-08-07T16:04:20Z</time><extensions><speed>0.916410</speed><course>350.517810</course><hAcc>1.744716</hAcc><vAcc>0.823119</vAcc></extensions></trkpt>
      <trkpt lon="81.830458" lat="6.847639"><ele>6.098309</ele><time>2024-08-07T16:04:21Z</time><extensions><speed>0.984015</speed><course>352.059434</course><hAcc>1.745050</hAcc><vAcc>0.823139</vAcc></extensions></trkpt>
      <trkpt lon="81.830457" lat="6.847648"><ele>6.095242</ele><time>2024-08-07T16:04:23Z</time><extensions><speed>1.004388</speed><course>353.058045</course><hAcc>1.741917</hAcc><vAcc>0.823165</vAcc></extensions></trkpt>
      <trkpt lon="81.830456" lat="6.847657"><ele>6.090384</ele><time>2024-08-07T16:04:24Z</time><extensions><speed>1.054865</speed><course>353.858469</course><hAcc>1.740342</hAcc><vAcc>0.823180</vAcc></extensions></trkpt>
      <trkpt lon="81.830455" lat="6.847667"><ele>6.077514</ele><time>2024-08-07T16:04:25Z</time><extensions><speed>1.077406</speed><course>354.170462</course><hAcc>1.740863</hAcc><vAcc>0.823210</vAcc></extensions></trkpt>
      <trkpt lon="81.830454" lat="6.847676"><ele>6.053045</ele><time>2024-08-07T16:04:26Z</time><extensions><speed>1.001745</speed><course>353.081277</course><hAcc>1.739351</hAcc><vAcc>0.823256</vAcc></extensions></trkpt>
      <trkpt lon="81.830453" lat="6.847685"><ele>6.024792</ele><time>2024-08-07T16:04:27Z</time><extensions><speed>0.937709</speed><course>350.999120</course><hAcc>1.737463</hAcc><vAcc>0.823311</vAcc></extensions></trkpt>
      <trkpt lon="81.830451" lat="6.847693"><ele>6.002182</ele><time>2024-08-07T16:04:28Z</time><extensions><speed>0.903287</speed><course>345.658456</course><hAcc>1.737386</hAcc><vAcc>0.823377</vAcc></extensions></trkpt>
      <trkpt lon="81.830449" lat="6.847701"><ele>5.968604</ele><time>2024-08-07T16:04:29Z</time><extensions><speed>0.875706</speed><course>341.622540</course><hAcc>1.740763</hAcc><vAcc>0.823450</vAcc></extensions></trkpt>
      <trkpt lon="81.830446" lat="6.847709"><ele>5.939346</ele><time>2024-08-07T16:04:30Z</time><extensions><speed>0.876357</speed><course>342.482791</course><hAcc>1.738850</hAcc><vAcc>0.823524</vAcc></extensions></trkpt>
      <trkpt lon="81.830444" lat="6.847717"><ele>5.907506</ele><time>2024-08-07T16:04:31Z</time><extensions><speed>0.917454</speed><course>345.778509</course><hAcc>1.736967</hAcc><vAcc>0.823595</vAcc></extensions></trkpt>
      <trkpt lon="81.830442" lat="6.847725"><ele>5.866516</ele><time>2024-08-07T16:04:32Z</time><extensions><speed>1.027802</speed><course>348.928307</course><hAcc>1.736559</hAcc><vAcc>0.823661</vAcc></extensions></trkpt>
      <trkpt lon="81.830440" lat="6.847735"><ele>5.835457</ele><time>2024-08-07T16:04:33Z</time><extensions><speed>1.131153</speed><course>350.649742</course><hAcc>1.737811</hAcc><vAcc>0.823717</vAcc></extensions></trkpt>
      <trkpt lon="81.830438" lat="6.847745"><ele>5.816070</ele><time>2024-08-07T16:04:34Z</time><extensions><speed>1.260547</speed><course>350.410423</course><hAcc>1.738635</hAcc><vAcc>0.823760</vAcc></extensions></trkpt>
      <trkpt lon="81.830436" lat="6.847757"><ele>5.785759</ele><time>2024-08-07T16:04:35Z</time><extensions><speed>1.316413</speed><course>349.345288</course><hAcc>1.739146</hAcc><vAcc>0.823792</vAcc></extensions></trkpt>
      <trkpt lon="81.830434" lat="6.847768"><ele>5.758585</ele><time>2024-08-07T16:04:36Z</time><extensions><speed>1.292965</speed><course>347.870742</course><hAcc>1.739618</hAcc><vAcc>0.823816</vAcc></extensions></trkpt>
      <trkpt lon="81.830432" lat="6.847780"><ele>5.721731</ele><time>2024-08-07T16:04:37Z</time><extensions><speed>1.253412</speed><course>347.281205</course><hAcc>1.740049</hAcc><vAcc>0.823835</vAcc></extensions></trkpt>
      <trkpt lon="81.830429" lat="6.847790"><ele>5.693963</ele><time>2024-08-07T16:04:38Z</time><extensions><speed>1.175950</speed><course>347.000248</course><hAcc>1.740127</hAcc><vAcc>0.823847</vAcc></extensions></trkpt>
      <trkpt lon="81.830427" lat="6.847800"><ele>5.670938</ele><time>2024-08-07T16:04:39Z</time><extensions><speed>1.065021</speed><course>347.184461</course><hAcc>1.741293</hAcc><vAcc>0.823856</vAcc></extensions></trkpt>
      <trkpt lon="81.830425" lat="6.847809"><ele>5.644087</ele><time>2024-08-07T16:04:40Z</time><extensions><speed>0.945900</speed><course>348.540193</course><hAcc>1.741440</hAcc><vAcc>0.823860</vAcc></extensions></trkpt>
      <trkpt lon="81.830424" lat="6.847817"><ele>5.620847</ele><time>2024-08-07T16:04:41Z</time><extensions><speed>0.867291</speed><course>351.376555</course><hAcc>1.740273</hAcc><vAcc>0.823863</vAcc></extensions></trkpt>
      <trkpt lon="81.830423" lat="6.847825"><ele>5.603562</ele><time>2024-08-07T16:04:42Z</time><extensions><speed>0.835108</speed><course>353.951250</course><hAcc>1.739641</hAcc><vAcc>0.823861</vAcc></extensions></trkpt>
      <trkpt lon="81.830422" lat="6.847832"><ele>5.574201</ele><time>2024-08-07T16:04:43Z</time><extensions><speed>0.802536</speed><course>354.064613</course><hAcc>1.736759</hAcc><vAcc>0.823852</vAcc></extensions></trkpt>
      <trkpt lon="81.830421" lat="6.847839"><ele>5.560157</ele><time>2024-08-07T16:04:44Z</time><extensions><speed>0.798496</speed><course>352.584960</course><hAcc>1.734995</hAcc><vAcc>0.823837</vAcc></extensions></trkpt>
      <trkpt lon="81.830420" lat="6.847847"><ele>5.559086</ele><time>2024-08-07T16:04:45Z</time><extensions><speed>0.815715</speed><course>351.076951</course><hAcc>1.737536</hAcc><vAcc>0.823817</vAcc></extensions></trkpt>
      <trkpt lon="81.830419" lat="6.847854"><ele>5.537063</ele><time>2024-08-07T16:04:46Z</time><extensions><speed>0.838823</speed><course>350.953516</course><hAcc>1.744327</hAcc><vAcc>0.823792</vAcc></extensions></trkpt>
      <trkpt lon="81.830417" lat="6.847862"><ele>5.521649</ele><time>2024-08-07T16:04:47Z</time><extensions><speed>0.945717</speed><course>350.368623</course><hAcc>1.741907</hAcc><vAcc>0.823759</vAcc></extensions></trkpt>
      <trkpt lon="81.830416" lat="6.847871"><ele>5.510313</ele><time>2024-08-07T16:04:48Z</time><extensions><speed>1.048650</speed><course>351.440130</course><hAcc>1.739439</hAcc><vAcc>0.823719</vAcc></extensions></trkpt>
      <trkpt lon="81.830414" lat="6.847881"><ele>5.504544</ele><time>2024-08-07T16:04:49Z</time><extensions><speed>1.132341</speed><course>351.508122</course><hAcc>1.737575</hAcc><vAcc>0.823673</vAcc></extensions></trkpt>
      <trkpt lon="81.830413" lat="6.847891"><ele>5.496503</ele><time>2024-08-07T16:04:50Z</time><extensions><speed>1.142530</speed><course>350.258551</course><hAcc>1.739945</hAcc><vAcc>0.823622</vAcc></extensions></trkpt>
      <trkpt lon="81.830411" lat="6.847900"><ele>5.497317</ele><time>2024-08-07T16:04:51Z</time><extensions><speed>1.046735</speed><course>348.004804</course><hAcc>1.744829</hAcc><vAcc>0.823560</vAcc></extensions></trkpt>
      <trkpt lon="81.830409" lat="6.847909"><ele>5.507552</ele><time>2024-08-07T16:04:52Z</time><extensions><speed>0.892980</speed><course>346.758573</course><hAcc>1.747807</hAcc><vAcc>0.823500</vAcc></extensions></trkpt>
      <trkpt lon="81.830407" lat="6.847916"><ele>5.508112</ele><time>2024-08-07T16:04:53Z</time><extensions><speed>0.739200</speed><course>345.916117</course><hAcc>1.750089</hAcc><vAcc>0.823445</vAcc></extensions></trkpt>
      <trkpt lon="81.830406" lat="6.847922"><ele>5.508534</ele><time>2024-08-07T16:04:54Z</time><extensions><speed>0.627734</speed><course>345.654468</course><hAcc>1.752922</hAcc><vAcc>0.823396</vAcc></extensions></trkpt>
      <trkpt lon="81.830405" lat="6.847927"><ele>5.512152</ele><time>2024-08-07T16:04:55Z</time><extensions><speed>0.516266</speed><course>346.748135</course><hAcc>1.764378</hAcc><vAcc>0.823355</vAcc></extensions></trkpt>
      <trkpt lon="81.830404" lat="6.847931"><ele>5.513070</ele><time>2024-08-07T16:04:56Z</time><extensions><speed>0.413945</speed><course>350.921572</course><hAcc>1.781077</hAcc><vAcc>0.823319</vAcc></extensions></trkpt>
      <trkpt lon="81.830403" lat="6.847934"><ele>5.519769</ele><time>2024-08-07T16:04:57Z</time><extensions><speed>0.246332</speed><course>339.717020</course><hAcc>1.789951</hAcc><vAcc>0.823285</vAcc></extensions></trkpt>
      <trkpt lon="81.830402" lat="6.847936"><ele>5.524225</ele><time>2024-08-07T16:04:58Z</time><extensions><speed>0.116918</speed><course>306.030456</course><hAcc>1.798814</hAcc><vAcc>0.823271</vAcc></extensions></trkpt>
      <trkpt lon="81.830401" lat="6.847936"><ele>5.536013</ele><time>2024-08-07T16:04:59Z</time><extensions><speed>0.107179</speed><course>290.706651</course><hAcc>1.798855</hAcc><vAcc>0.823272</vAcc></extensions></trkpt>
      <trkpt lon="81.830400" lat="6.847936"><ele>5.551081</ele><time>2024-08-07T16:05:00Z</time><extensions><speed>0.106944</speed><course>305.100035</course><hAcc>1.809195</hAcc><vAcc>0.823287</vAcc></extensions></trkpt>
      <trkpt lon="81.830400" lat="6.847937"><ele>5.570596</ele><time>2024-08-07T16:05:01Z</time><extensions><speed>0.126346</speed><course>328.520513</course><hAcc>1.821221</hAcc><vAcc>0.823312</vAcc></extensions></trkpt>
      <trkpt lon="81.830399" lat="6.847938"><ele>5.587928</ele><time>2024-08-07T16:05:02Z</time><extensions><speed>0.146227</speed><course>347.960078</course><hAcc>1.829467</hAcc><vAcc>0.823358</vAcc></extensions></trkpt>
      <trkpt lon="81.830399" lat="6.847940"><ele>5.597715</ele><time>2024-08-07T16:05:03Z</time><extensions><speed>0.182515</speed><course>2.312236</course><hAcc>1.821245</hAcc><vAcc>0.823416</vAcc></extensions></trkpt>
      <trkpt lon="81.830399" lat="6.847941"><ele>5.606190</ele><time>2024-08-07T16:05:03Z</time><extensions><speed>0.191877</speed><course>11.768590</course><hAcc>1.828658</hAcc><vAcc>0.823480</vAcc></extensions></trkpt>
      <trkpt lon="81.830400" lat="6.847943"><ele>5.617430</ele><time>2024-08-07T16:05:04Z</time><extensions><speed>0.208251</speed><course>15.436773</course><hAcc>1.840086</hAcc><vAcc>0.823543</vAcc></extensions></trkpt>
      <trkpt lon="81.830400" lat="6.847945"><ele>5.632997</ele><time>2024-08-07T16:05:05Z</time><extensions><speed>0.292006</speed><course>10.798425</course><hAcc>1.834728</hAcc><vAcc>0.823606</vAcc></extensions></trkpt>
      <trkpt lon="81.830401" lat="6.847949"><ele>5.649628</ele><time>2024-08-07T16:05:06Z</time><extensions><speed>0.443963</speed><course>4.207228</course><hAcc>1.815086</hAcc><vAcc>0.823657</vAcc></extensions></trkpt>
      <trkpt lon="81.830401" lat="6.847954"><ele>5.663170</ele><time>2024-08-07T16:05:07Z</time><extensions><speed>0.645628</speed><course>358.624937</course><hAcc>1.798276</hAcc><vAcc>0.823689</vAcc></extensions></trkpt>
      <trkpt lon="81.830400" lat="6.847960"><ele>5.672243</ele><time>2024-08-07T16:05:08Z</time><extensions><speed>0.807993</speed><course>354.892557</course><hAcc>1.803185</hAcc><vAcc>0.823716</vAcc></extensions></trkpt>
      <trkpt lon="81.830400" lat="6.847968"><ele>5.677702</ele><time>2024-08-07T16:05:09Z</time><extensions><speed>0.921154</speed><course>353.303737</course><hAcc>1.815136</hAcc><vAcc>0.823728</vAcc></extensions></trkpt>
      <trkpt lon="81.830399" lat="6.847977"><ele>5.693048</ele><time>2024-08-07T16:05:10Z</time><extensions><speed>1.014669</speed><course>355.311442</course><hAcc>1.810054</hAcc><vAcc>0.823741</vAcc></extensions></trkpt>
      <trkpt lon="81.830398" lat="6.847986"><ele>5.711171</ele><time>2024-08-07T16:05:11Z</time><extensions><speed>1.150834</speed><course>359.358889</course><hAcc>1.812956</hAcc><vAcc>0.823744</vAcc></extensions></trkpt>
      <trkpt lon="81.830399" lat="6.847997"><ele>5.720147</ele><time>2024-08-07T16:05:12Z</time><extensions><speed>1.172748</speed><course>2.759376</course><hAcc>1.820187</hAcc><vAcc>0.823732</vAcc></extensions></trkpt>
      <trkpt lon="81.830399" lat="6.848007"><ele>5.724496</ele><time>2024-08-07T16:05:13Z</time><extensions><speed>1.038339</speed><course>1.572180</course><hAcc>1.816069</hAcc><vAcc>0.823712</vAcc></extensions></trkpt>
      <trkpt lon="81.830399" lat="6.848016"><ele>5.732014</ele><time>2024-08-07T16:05:14Z</time><extensions><speed>0.879965</speed><course>354.356523</course><hAcc>1.804372</hAcc><vAcc>0.823693</vAcc></extensions></trkpt>
      <trkpt lon="81.830397" lat="6.848023"><ele>5.743396</ele><time>2024-08-07T16:05:15Z</time><extensions><speed>0.823454</speed><course>346.426780</course><hAcc>1.801410</hAcc><vAcc>0.823679</vAcc></extensions></trkpt>
      <trkpt lon="81.830395" lat="6.848031"><ele>5.753677</ele><time>2024-08-07T16:05:16Z</time><extensions><speed>0.877260</speed><course>340.860447</course><hAcc>1.795014</hAcc><vAcc>0.823679</vAcc></extensions></trkpt>
      <trkpt lon="81.830392" lat="6.848038"><ele>5.762428</ele><time>2024-08-07T16:05:17Z</time><extensions><speed>0.922559</speed><course>338.934251</course><hAcc>1.793737</hAcc><vAcc>0.823700</vAcc></extensions></trkpt>
      <trkpt lon="81.830389" lat="6.848046"><ele>5.772879</ele><time>2024-08-07T16:05:18Z</time><extensions><speed>0.968273</speed><course>337.289378</course><hAcc>1.794034</hAcc><vAcc>0.823745</vAcc></extensions></trkpt>
      <trkpt lon="81.830385" lat="6.848054"><ele>5.788176</ele><time>2024-08-07T16:05:19Z</time><extensions><speed>1.022263</speed><course>334.788320</course><hAcc>1.779710</hAcc><vAcc>0.823819</vAcc></extensions></trkpt>
      <trkpt lon="81.830381" lat="6.848063"><ele>5.800289</ele><time>2024-08-07T16:05:20Z</time><extensions><speed>1.047067</speed><course>333.909288</course><hAcc>1.765286</hAcc><vAcc>0.823914</vAcc></extensions></trkpt>
      <trkpt lon="81.830377" lat="6.848071"><ele>5.813315</ele><time>2024-08-07T16:05:21Z</time><extensions><speed>0.986221</speed><course>332.526294</course><hAcc>1.754247</hAcc><vAcc>0.824021</vAcc></extensions></trkpt>
      <trkpt lon="81.830373" lat="6.848079"><ele>5.825802</ele><time>2024-08-07T16:05:22Z</time><extensions><speed>0.906860</speed><course>334.295350</course><hAcc>1.744854</hAcc><vAcc>0.824133</vAcc></extensions></trkpt>
      <trkpt lon="81.830370" lat="6.848086"><ele>5.834554</ele><time>2024-08-07T16:05:23Z</time><extensions><speed>0.862574</speed><course>338.552109</course><hAcc>1.735664</hAcc><vAcc>0.824246</vAcc></extensions></trkpt>
      <trkpt lon="81.830367" lat="6.848093"><ele>5.844674</ele><time>2024-08-07T16:05:24Z</time><extensions><speed>0.878343</speed><course>342.196812</course><hAcc>1.729510</hAcc><vAcc>0.824355</vAcc></extensions></trkpt>
      <trkpt lon="81.830365" lat="6.848101"><ele>5.852411</ele><time>2024-08-07T16:05:25Z</time><extensions><speed>0.897236</speed><course>344.899427</course><hAcc>1.727024</hAcc><vAcc>0.824456</vAcc></extensions></trkpt>
      <trkpt lon="81.830363" lat="6.848109"><ele>5.856666</ele><time>2024-08-07T16:05:26Z</time><extensions><speed>0.851018</speed><course>346.002610</course><hAcc>1.725642</hAcc><vAcc>0.824548</vAcc></extensions></trkpt>
      <trkpt lon="81.830361" lat="6.848116"><ele>5.862791</ele><time>2024-08-07T16:05:27Z</time><extensions><speed>0.824754</speed><course>344.902741</course><hAcc>1.724817</hAcc><vAcc>0.824626</vAcc></extensions></trkpt>
      <trkpt lon="81.830359" lat="6.848123"><ele>5.863538</ele><time>2024-08-07T16:05:28Z</time><extensions><speed>0.809528</speed><course>341.831185</course><hAcc>1.723577</hAcc><vAcc>0.824691</vAcc></extensions></trkpt>
      <trkpt lon="81.830357" lat="6.848130"><ele>5.865611</ele><time>2024-08-07T16:05:29Z</time><extensions><speed>0.827020</speed><course>341.324236</course><hAcc>1.724598</hAcc><vAcc>0.824743</vAcc></extensions></trkpt>
      <trkpt lon="81.830354" lat="6.848137"><ele>5.861662</ele><time>2024-08-07T16:05:30Z</time><extensions><speed>0.831795</speed><course>341.546374</course><hAcc>1.724927</hAcc><vAcc>0.824784</vAcc></extensions></trkpt>
      <trkpt lon="81.830352" lat="6.848145"><ele>5.853260</ele><time>2024-08-07T16:05:31Z</time><extensions><speed>0.835145</speed><course>342.022122</course><hAcc>1.725132</hAcc><vAcc>0.824815</vAcc></extensions></trkpt>
      <trkpt lon="81.830350" lat="6.848152"><ele>5.843207</ele><time>2024-08-07T16:05:32Z</time><extensions><speed>0.817004</speed><course>343.620071</course><hAcc>1.724822</hAcc><vAcc>0.824833</vAcc></extensions></trkpt>
      <trkpt lon="81.830348" lat="6.848159"><ele>5.833838</ele><time>2024-08-07T16:05:33Z</time><extensions><speed>0.797837</speed><course>345.918354</course><hAcc>1.724955</hAcc><vAcc>0.824835</vAcc></extensions></trkpt>
      <trkpt lon="81.830346" lat="6.848166"><ele>5.821593</ele><time>2024-08-07T16:05:34Z</time><extensions><speed>0.804107</speed><course>347.349719</course><hAcc>1.722863</hAcc><vAcc>0.824819</vAcc></extensions></trkpt>
      <trkpt lon="81.830345" lat="6.848173"><ele>5.805550</ele><time>2024-08-07T16:05:35Z</time><extensions><speed>0.809595</speed><course>348.668915</course><hAcc>1.722348</hAcc><vAcc>0.824782</vAcc></extensions></trkpt>
      <trkpt lon="81.830343" lat="6.848180"><ele>5.789598</ele><time>2024-08-07T16:05:36Z</time><extensions><speed>0.798663</speed><course>349.186237</course><hAcc>1.723873</hAcc><vAcc>0.824724</vAcc></extensions></trkpt>
      <trkpt lon="81.830342" lat="6.848187"><ele>5.772315</ele><time>2024-08-07T16:05:37Z</time><extensions><speed>0.779872</speed><course>348.714472</course><hAcc>1.728260</hAcc><vAcc>0.824633</vAcc></extensions></trkpt>
      <trkpt lon="81.830340" lat="6.848194"><ele>5.751398</ele><time>2024-08-07T16:05:38Z</time><extensions><speed>0.740668</speed><course>345.571740</course><hAcc>1.732979</hAcc><vAcc>0.824521</vAcc></extensions></trkpt>
      <trkpt lon="81.830338" lat="6.848200"><ele>5.730351</ele><time>2024-08-07T16:05:39Z</time><extensions><speed>0.710345</speed><course>342.601199</course><hAcc>1.743050</hAcc><vAcc>0.824387</vAcc></extensions></trkpt>
      <trkpt lon="81.830336" lat="6.848206"><ele>5.709667</ele><time>2024-08-07T16:05:40Z</time><extensions><speed>0.659028</speed><course>337.762471</course><hAcc>1.760836</hAcc><vAcc>0.824225</vAcc></extensions></trkpt>
      <trkpt lon="81.830334" lat="6.848211"><ele>5.692933</ele><time>2024-08-07T16:05:41Z</time><extensions><speed>0.525548</speed><course>327.588651</course><hAcc>1.780868</hAcc><vAcc>0.824040</vAcc></extensions></trkpt>
      <trkpt lon="81.830331" lat="6.848213"><ele>5.681808</ele><time>2024-08-07T16:05:42Z</time><extensions><speed>0.358538</speed><course>303.735205</course><hAcc>1.791246</hAcc><vAcc>0.823838</vAcc></extensions></trkpt>
      <trkpt lon="81.830329" lat="6.848214"><ele>5.671996</ele><time>2024-08-07T16:05:43Z</time><extensions><speed>0.332812</speed><course>275.569905</course><hAcc>1.794065</hAcc><vAcc>0.823623</vAcc></extensions></trkpt>
      <trkpt lon="81.830325" lat="6.848214"><ele>5.664146</ele><time>2024-08-07T16:05:44Z</time><extensions><speed>0.342886</speed><course>260.638251</course><hAcc>1.809714</hAcc><vAcc>0.823404</vAcc></extensions></trkpt>
      <trkpt lon="81.830323" lat="6.848214"><ele>5.662503</ele><time>2024-08-07T16:05:45Z</time><extensions><speed>0.321156</speed><course>247.706897</course><hAcc>1.829229</hAcc><vAcc>0.823179</vAcc></extensions></trkpt>
      <trkpt lon="81.830320" lat="6.848212"><ele>5.663320</ele><time>2024-08-07T16:05:46Z</time><extensions><speed>0.259883</speed><course>238.358864</course><hAcc>1.837229</hAcc><vAcc>0.822960</vAcc></extensions></trkpt>
      <trkpt lon="81.830319" lat="6.848211"><ele>5.667163</ele><time>2024-08-07T16:05:47Z</time><extensions><speed>0.171542</speed><course>229.675951</course><hAcc>1.827155</hAcc><vAcc>0.822762</vAcc></extensions></trkpt>
      <trkpt lon="81.830318" lat="6.848210"><ele>5.673782</ele><time>2024-08-07T16:05:48Z</time><extensions><speed>0.094996</speed><course>206.255758</course><hAcc>1.815020</hAcc><vAcc>0.822589</vAcc></extensions></trkpt>
      <trkpt lon="81.830318" lat="6.848210"><ele>5.683190</ele><time>2024-08-07T16:05:49Z</time><extensions><speed>0.097011</speed><course>160.185303</course><hAcc>1.810648</hAcc><vAcc>0.822439</vAcc></extensions></trkpt>
      <trkpt lon="81.830318" lat="6.848209"><ele>5.695160</ele><time>2024-08-07T16:05:50Z</time><extensions><speed>0.129377</speed><course>139.462591</course><hAcc>1.798427</hAcc><vAcc>0.822314</vAcc></extensions></trkpt>
      <trkpt lon="81.830319" lat="6.848208"><ele>5.709303</ele><time>2024-08-07T16:05:51Z</time><extensions><speed>0.165750</speed><course>128.885217</course><hAcc>1.780991</hAcc><vAcc>0.822209</vAcc></extensions></trkpt>
      <trkpt lon="81.830321" lat="6.848207"><ele>5.726581</ele><time>2024-08-07T16:05:52Z</time><extensions><speed>0.181024</speed><course>117.084711</course><hAcc>1.767677</hAcc><vAcc>0.822125</vAcc></extensions></trkpt>
      <trkpt lon="81.830322" lat="6.848206"><ele>5.742269</ele><time>2024-08-07T16:05:53Z</time><extensions><speed>0.185870</speed><course>108.400658</course><hAcc>1.765482</hAcc><vAcc>0.822062</vAcc></extensions></trkpt>
      <trkpt lon="81.830324" lat="6.848206"><ele>5.754600</ele><time>2024-08-07T16:05:54Z</time><extensions><speed>0.192504</speed><course>97.842030</course><hAcc>1.757283</hAcc><vAcc>0.822010</vAcc></extensions></trkpt>
      <trkpt lon="81.830326" lat="6.848206"><ele>5.766144</ele><time>2024-08-07T16:05:55Z</time><extensions><speed>0.209295</speed><course>87.706799</course><hAcc>1.730639</hAcc><vAcc>0.821976</vAcc></extensions></trkpt>
      <trkpt lon="81.830328" lat="6.848206"><ele>5.776492</ele><time>2024-08-07T16:05:56Z</time><extensions><speed>0.200732</speed><course>87.505347</course><hAcc>1.717719</hAcc><vAcc>0.821948</vAcc></extensions></trkpt>
      <trkpt lon="81.830330" lat="6.848206"><ele>5.785288</ele><time>2024-08-07T16:05:57Z</time><extensions><speed>0.187933</speed><course>91.079935</course><hAcc>1.712767</hAcc><vAcc>0.821919</vAcc></extensions></trkpt>
      <trkpt lon="81.830331" lat="6.848206"><ele>5.792292</ele><time>2024-08-07T16:05:58Z</time><extensions><speed>0.168702</speed><course>94.698437</course><hAcc>1.714747</hAcc><vAcc>0.821896</vAcc></extensions></trkpt>
      <trkpt lon="81.830333" lat="6.848206"><ele>5.797360</ele><time>2024-08-07T16:05:59Z</time><extensions><speed>0.164769</speed><course>96.120960</course><hAcc>1.716922</hAcc><vAcc>0.821871</vAcc></extensions></trkpt>
      <trkpt lon="81.830334" lat="6.848206"><ele>5.800442</ele><time>2024-08-07T16:06:00Z</time><extensions><speed>0.163020</speed><course>96.477607</course><hAcc>1.726912</hAcc><vAcc>0.821842</vAcc></extensions></trkpt>
      <trkpt lon="81.830336" lat="6.848205"><ele>5.801576</ele><time>2024-08-07T16:06:01Z</time><extensions><speed>0.194898</speed><course>96.697523</course><hAcc>1.716979</hAcc><vAcc>0.821804</vAcc></extensions></trkpt>
      <trkpt lon="81.830338" lat="6.848205"><ele>5.800887</ele><time>2024-08-07T16:06:02Z</time><extensions><speed>0.214554</speed><course>97.556979</course><hAcc>1.698280</hAcc><vAcc>0.821766</vAcc></extensions></trkpt>
      <trkpt lon="81.830339" lat="6.848205"><ele>5.813731</ele><time>2024-08-07T16:06:03Z</time><extensions><speed>0.182326</speed><course>98.420995</course><hAcc>1.696186</hAcc><vAcc>0.821730</vAcc></extensions></trkpt>
      <trkpt lon="81.830341" lat="6.848205"><ele>5.827587</ele><time>2024-08-07T16:06:04Z</time><extensions><speed>0.137881</speed><course>97.012198</course><hAcc>1.699877</hAcc><vAcc>0.821687</vAcc></extensions></trkpt>
      <trkpt lon="81.830342" lat="6.848205"><ele>5.842819</ele><time>2024-08-07T16:06:05Z</time><extensions><speed>0.093172</speed><course>100.407496</course><hAcc>1.704445</hAcc><vAcc>0.821644</vAcc></extensions></trkpt>
      <trkpt lon="81.830342" lat="6.848204"><ele>5.856414</ele><time>2024-08-07T16:06:06Z</time><extensions><speed>0.055833</speed><course>104.169784</course><hAcc>1.700614</hAcc><vAcc>0.821591</vAcc></extensions></trkpt>
      <trkpt lon="81.830343" lat="6.848204"><ele>5.866985</ele><time>2024-08-07T16:06:07Z</time><extensions><speed>0.025283</speed><course>113.271886</course><hAcc>1.698894</hAcc><vAcc>0.821533</vAcc></extensions></trkpt>
      <trkpt lon="81.830343" lat="6.848204"><ele>5.879730</ele><time>2024-08-07T16:06:08Z</time><extensions><speed>0.007014</speed><course>197.656365</course><hAcc>1.703312</hAcc><vAcc>0.821493</vAcc></extensions></trkpt>
      <trkpt lon="81.830343" lat="6.848204"><ele>5.893583</ele><time>2024-08-07T16:06:09Z</time><extensions><speed>0.025860</speed><course>260.362557</course><hAcc>1.709986</hAcc><vAcc>0.821464</vAcc></extensions></trkpt>
      <trkpt lon="81.830342" lat="6.848204"><ele>5.908433</ele><time>2024-08-07T16:06:10Z</time><extensions><speed>0.051936</speed><course>267.712720</course><hAcc>1.716717</hAcc><vAcc>0.821447</vAcc></extensions></trkpt>
      <trkpt lon="81.830342" lat="6.848204"><ele>5.924029</ele><time>2024-08-07T16:06:11Z</time><extensions><speed>0.098709</speed><course>270.413742</course><hAcc>1.699680</hAcc><vAcc>0.821444</vAcc></extensions></trkpt>
      <trkpt lon="81.830341" lat="6.848204"><ele>5.935089</ele><time>2024-08-07T16:06:12Z</time><extensions><speed>0.132938</speed><course>272.787238</course><hAcc>1.699236</hAcc><vAcc>0.821450</vAcc></extensions></trkpt>
      <trkpt lon="81.830339" lat="6.848204"><ele>5.944665</ele><time>2024-08-07T16:06:13Z</time><extensions><speed>0.151007</speed><course>276.223315</course><hAcc>1.708177</hAcc><vAcc>0.821456</vAcc></extensions></trkpt>
      <trkpt lon="81.830338" lat="6.848205"><ele>5.952847</ele><time>2024-08-07T16:06:14Z</time><extensions><speed>0.153775</speed><course>281.445053</course><hAcc>1.715223</hAcc><vAcc>0.821477</vAcc></extensions></trkpt>
      <trkpt lon="81.830337" lat="6.848205"><ele>5.950398</ele><time>2024-08-07T16:06:15Z</time><extensions><speed>0.142314</speed><course>288.075701</course><hAcc>1.729394</hAcc><vAcc>0.821512</vAcc></extensions></trkpt>
      <trkpt lon="81.830336" lat="6.848205"><ele>5.943258</ele><time>2024-08-07T16:06:16Z</time><extensions><speed>0.100386</speed><course>299.063078</course><hAcc>1.748571</hAcc><vAcc>0.821565</vAcc></extensions></trkpt>
      <trkpt lon="81.830335" lat="6.848206"><ele>5.932391</ele><time>2024-08-07T16:06:17Z</time><extensions><speed>0.079171</speed><course>328.636730</course><hAcc>1.727713</hAcc><vAcc>0.821627</vAcc></extensions></trkpt>
      <trkpt lon="81.830335" lat="6.848206"><ele>5.917891</ele><time>2024-08-07T16:06:18Z</time><extensions><speed>0.065911</speed><course>39.240459</course><hAcc>1.721948</hAcc><vAcc>0.821701</vAcc></extensions></trkpt>
      <trkpt lon="81.830336" lat="6.848207"><ele>5.899985</ele><time>2024-08-07T16:06:19Z</time><extensions><speed>0.139362</speed><course>71.254372</course><hAcc>1.729102</hAcc><vAcc>0.821784</vAcc></extensions></trkpt>
      <trkpt lon="81.830338" lat="6.848207"><ele>5.878970</ele><time>2024-08-07T16:06:20Z</time><extensions><speed>0.223754</speed><course>77.960155</course><hAcc>1.741530</hAcc><vAcc>0.821872</vAcc></extensions></trkpt>
      <trkpt lon="81.830340" lat="6.848208"><ele>5.855245</ele><time>2024-08-07T16:06:21Z</time><extensions><speed>0.300177</speed><course>78.749985</course><hAcc>1.749258</hAcc><vAcc>0.821963</vAcc></extensions></trkpt>
      <trkpt lon="81.830343" lat="6.848208"><ele>5.829326</ele><time>2024-08-07T16:06:22Z</time><extensions><speed>0.326313</speed><course>75.573635</course><hAcc>1.746861</hAcc><vAcc>0.822055</vAcc></extensions></trkpt>
      <trkpt lon="81.830346" lat="6.848209"><ele>5.801837</ele><time>2024-08-07T16:06:23Z</time><extensions><speed>0.313555</speed><course>69.076990</course><hAcc>1.734807</hAcc><vAcc>0.822147</vAcc></extensions></trkpt>
      <trkpt lon="81.830348" lat="6.848210"><ele>5.773457</ele><time>2024-08-07T16:06:24Z</time><extensions><speed>0.248828</speed><course>67.131528</course><hAcc>1.738531</hAcc><vAcc>0.822236</vAcc></extensions></trkpt>
      <trkpt lon="81.830350" lat="6.848211"><ele>5.744899</ele><time>2024-08-07T16:06:25Z</time><extensions><speed>0.188210</speed><course>62.207729</course><hAcc>1.736549</hAcc><vAcc>0.822319</vAcc></extensions></trkpt>
      <trkpt lon="81.830351" lat="6.848212"><ele>5.719749</ele><time>2024-08-07T16:06:26Z</time><extensions><speed>0.124271</speed><course>56.284596</course><hAcc>1.727164</hAcc><vAcc>0.822396</vAcc></extensions></trkpt>
      <trkpt lon="81.830351" lat="6.848212"><ele>5.693935</ele><time>2024-08-07T16:06:27Z</time><extensions><speed>0.067944</speed><course>45.787766</course><hAcc>1.721380</hAcc><vAcc>0.822463</vAcc></extensions></trkpt>
      <trkpt lon="81.830351" lat="6.848213"><ele>5.673690</ele><time>2024-08-07T16:06:29Z</time><extensions><speed>0.031989</speed><course>12.459341</course><hAcc>1.710856</hAcc><vAcc>0.822521</vAcc></extensions></trkpt>
      <trkpt lon="81.830351" lat="6.848213"><ele>5.653457</ele><time>2024-08-07T16:06:30Z</time><extensions><speed>0.034378</speed><course>308.170087</course><hAcc>1.694716</hAcc><vAcc>0.822555</vAcc></extensions></trkpt>
      <trkpt lon="81.830351" lat="6.848213"><ele>5.637623</ele><time>2024-08-07T16:06:31Z</time><extensions><speed>0.057289</speed><course>285.278770</course><hAcc>1.687238</hAcc><vAcc>0.822587</vAcc></extensions></trkpt>
      <trkpt lon="81.830350" lat="6.848213"><ele>5.622043</ele><time>2024-08-07T16:06:32Z</time><extensions><speed>0.090600</speed><course>278.596217</course><hAcc>1.675435</hAcc><vAcc>0.822620</vAcc></extensions></trkpt>
      <trkpt lon="81.830349" lat="6.848213"><ele>5.614620</ele><time>2024-08-07T16:06:33Z</time><extensions><speed>0.123009</speed><course>276.735920</course><hAcc>1.679278</hAcc><vAcc>0.822657</vAcc></extensions></trkpt>
      <trkpt lon="81.830348" lat="6.848213"><ele>5.591343</ele><time>2024-08-07T16:06:34Z</time><extensions><speed>0.159300</speed><course>276.710662</course><hAcc>1.693679</hAcc><vAcc>0.822691</vAcc></extensions></trkpt>
      <trkpt lon="81.830346" lat="6.848214"><ele>5.575041</ele><time>2024-08-07T16:06:35Z</time><extensions><speed>0.221344</speed><course>278.768320</course><hAcc>1.705348</hAcc><vAcc>0.822715</vAcc></extensions></trkpt>
      <trkpt lon="81.830344" lat="6.848214"><ele>5.562452</ele><time>2024-08-07T16:06:36Z</time><extensions><speed>0.271732</speed><course>283.918132</course><hAcc>1.723930</hAcc><vAcc>0.822734</vAcc></extensions></trkpt>
      <trkpt lon="81.830342" lat="6.848215"><ele>5.550946</ele><time>2024-08-07T16:06:37Z</time><extensions><speed>0.347089</speed><course>294.879750</course><hAcc>1.718772</hAcc><vAcc>0.822730</vAcc></extensions></trkpt>
      <trkpt lon="81.830339" lat="6.848217"><ele>5.540242</ele><time>2024-08-07T16:06:38Z</time><extensions><speed>0.362108</speed><course>312.894982</course><hAcc>1.730315</hAcc><vAcc>0.822713</vAcc></extensions></trkpt>
      <trkpt lon="81.830337" lat="6.848219"><ele>5.530088</ele><time>2024-08-07T16:06:39Z</time><extensions><speed>0.337830</speed><course>334.692539</course><hAcc>1.774335</hAcc><vAcc>0.822703</vAcc></extensions></trkpt>
      <trkpt lon="81.830336" lat="6.848223"><ele>5.520283</ele><time>2024-08-07T16:06:40Z</time><extensions><speed>0.386690</speed><course>352.365492</course><hAcc>1.805237</hAcc><vAcc>0.822681</vAcc></extensions></trkpt>
      <trkpt lon="81.830336" lat="6.848227"><ele>5.519219</ele><time>2024-08-07T16:06:41Z</time><extensions><speed>0.504204</speed><course>358.318693</course><hAcc>1.804200</hAcc><vAcc>0.822633</vAcc></extensions></trkpt>
      <trkpt lon="81.830336" lat="6.848231"><ele>5.518929</ele><time>2024-08-07T16:06:42Z</time><extensions><speed>0.536930</speed><course>358.814197</course><hAcc>1.800857</hAcc><vAcc>0.822524</vAcc></extensions></trkpt>
      <trkpt lon="81.830336" lat="6.848236"><ele>5.521293</ele><time>2024-08-07T16:06:43Z</time><extensions><speed>0.450585</speed><course>359.224432</course><hAcc>1.793680</hAcc><vAcc>0.822381</vAcc></extensions></trkpt>
      <trkpt lon="81.830336" lat="6.848239"><ele>5.525353</ele><time>2024-08-07T16:06:44Z</time><extensions><speed>0.364509</speed><course>358.454809</course><hAcc>1.791533</hAcc><vAcc>0.822242</vAcc></extensions></trkpt>
      <trkpt lon="81.830336" lat="6.848242"><ele>5.531722</ele><time>2024-08-07T16:06:45Z</time><extensions><speed>0.210590</speed><course>359.629604</course><hAcc>1.791711</hAcc><vAcc>0.822092</vAcc></extensions></trkpt>
      <trkpt lon="81.830336" lat="6.848243"><ele>5.544088</ele><time>2024-08-07T16:06:46Z</time><extensions><speed>0.057581</speed><course>77.072804</course><hAcc>1.785135</hAcc><vAcc>0.821928</vAcc></extensions></trkpt>
      <trkpt lon="81.830337" lat="6.848242"><ele>5.558048</ele><time>2024-08-07T16:06:47Z</time><extensions><speed>0.141795</speed><course>129.056993</course><hAcc>1.767320</hAcc><vAcc>0.821760</vAcc></extensions></trkpt>
      <trkpt lon="81.830338" lat="6.848241"><ele>5.579659</ele><time>2024-08-07T16:06:48Z</time><extensions><speed>0.224137</speed><course>132.170326</course><hAcc>1.756896</hAcc><vAcc>0.821604</vAcc></extensions></trkpt>
      <trkpt lon="81.830340" lat="6.848240"><ele>5.604161</ele><time>2024-08-07T16:06:49Z</time><extensions><speed>0.303163</speed><course>130.582618</course><hAcc>1.754038</hAcc><vAcc>0.821460</vAcc></extensions></trkpt>
      <trkpt lon="81.830342" lat="6.848238"><ele>5.631181</ele><time>2024-08-07T16:06:50Z</time><extensions><speed>0.383286</speed><course>128.196772</course><hAcc>1.753874</hAcc><vAcc>0.821340</vAcc></extensions></trkpt>
      <trkpt lon="81.830345" lat="6.848236"><ele>5.660232</ele><time>2024-08-07T16:06:51Z</time><extensions><speed>0.435011</speed><course>125.229487</course><hAcc>1.752601</hAcc><vAcc>0.821240</vAcc></extensions></trkpt>
      <trkpt lon="81.830349" lat="6.848233"><ele>5.690739</ele><time>2024-08-07T16:06:52Z</time><extensions><speed>0.481769</speed><course>122.549412</course><hAcc>1.745123</hAcc><vAcc>0.821165</vAcc></extensions></trkpt>
      <trkpt lon="81.830353" lat="6.848231"><ele>5.722140</ele><time>2024-08-07T16:06:53Z</time><extensions><speed>0.495069</speed><course>119.435393</course><hAcc>1.741986</hAcc><vAcc>0.821123</vAcc></extensions></trkpt>
      <trkpt lon="81.830357" lat="6.848229"><ele>5.753927</ele><time>2024-08-07T16:06:54Z</time><extensions><speed>0.491801</speed><course>117.719991</course><hAcc>1.741403</hAcc><vAcc>0.821109</vAcc></extensions></trkpt>
      <trkpt lon="81.830361" lat="6.848227"><ele>5.783078</ele><time>2024-08-07T16:06:55Z</time><extensions><speed>0.478868</speed><course>118.158583</course><hAcc>1.739400</hAcc><vAcc>0.821119</vAcc></extensions></trkpt>
      <trkpt lon="81.830364" lat="6.848225"><ele>5.807429</ele><time>2024-08-07T16:06:56Z</time><extensions><speed>0.450625</speed><course>117.647940</course><hAcc>1.728917</hAcc><vAcc>0.821144</vAcc></extensions></trkpt>
      <trkpt lon="81.830368" lat="6.848223"><ele>5.834996</ele><time>2024-08-07T16:06:57Z</time><extensions><speed>0.367725</speed><course>117.533687</course><hAcc>1.732510</hAcc><vAcc>0.821185</vAcc></extensions></trkpt>
      <trkpt lon="81.830370" lat="6.848222"><ele>5.860910</ele><time>2024-08-07T16:06:58Z</time><extensions><speed>0.244465</speed><course>120.025483</course><hAcc>1.752823</hAcc><vAcc>0.821239</vAcc></extensions></trkpt>
      <trkpt lon="81.830372" lat="6.848221"><ele>5.884306</ele><time>2024-08-07T16:06:59Z</time><extensions><speed>0.205528</speed><course>121.560291</course><hAcc>1.733684</hAcc><vAcc>0.821302</vAcc></extensions></trkpt>
      <trkpt lon="81.830373" lat="6.848220"><ele>5.912677</ele><time>2024-08-07T16:07:00Z</time><extensions><speed>0.151407</speed><course>122.036510</course><hAcc>1.725836</hAcc><vAcc>0.821386</vAcc></extensions></trkpt>
      <trkpt lon="81.830374" lat="6.848219"><ele>5.941098</ele><time>2024-08-07T16:07:01Z</time><extensions><speed>0.099322</speed><course>121.924648</course><hAcc>1.730531</hAcc><vAcc>0.821480</vAcc></extensions></trkpt>
      <trkpt lon="81.830375" lat="6.848219"><ele>5.961347</ele><time>2024-08-07T16:07:02Z</time><extensions><speed>0.051457</speed><course>120.138196</course><hAcc>1.736904</hAcc><vAcc>0.821582</vAcc></extensions></trkpt>
      <trkpt lon="81.830375" lat="6.848219"><ele>5.975864</ele><time>2024-08-07T16:07:03Z</time><extensions><speed>0.006617</speed><course>84.936081</course><hAcc>1.738914</hAcc><vAcc>0.821695</vAcc></extensions></trkpt>
      <trkpt lon="81.830375" lat="6.848219"><ele>5.987378</ele><time>2024-08-07T16:07:04Z</time><extensions><speed>0.045010</speed><course>308.210564</course><hAcc>1.731397</hAcc><vAcc>0.821823</vAcc></extensions></trkpt>
      <trkpt lon="81.830374" lat="6.848219"><ele>5.999706</ele><time>2024-08-07T16:07:05Z</time><extensions><speed>0.106683</speed><course>304.267773</course><hAcc>1.715906</hAcc><vAcc>0.821957</vAcc></extensions></trkpt>
      <trkpt lon="81.830373" lat="6.848220"><ele>6.010514</ele><time>2024-08-07T16:07:06Z</time><extensions><speed>0.144194</speed><course>298.830647</course><hAcc>1.719971</hAcc><vAcc>0.822100</vAcc></extensions></trkpt>
      <trkpt lon="81.830372" lat="6.848220"><ele>6.019829</ele><time>2024-08-07T16:07:07Z</time><extensions><speed>0.142948</speed><course>289.025232</course><hAcc>1.747528</hAcc><vAcc>0.822247</vAcc></extensions></trkpt>
      <trkpt lon="81.830370" lat="6.848221"><ele>6.024253</ele><time>2024-08-07T16:07:08Z</time><extensions><speed>0.165804</speed><course>283.852480</course><hAcc>1.759884</hAcc><vAcc>0.822394</vAcc></extensions></trkpt>
      <trkpt lon="81.830369" lat="6.848221"><ele>6.026383</ele><time>2024-08-07T16:07:09Z</time><extensions><speed>0.234681</speed><course>284.897297</course><hAcc>1.741365</hAcc><vAcc>0.822534</vAcc></extensions></trkpt>
      <trkpt lon="81.830366" lat="6.848222"><ele>6.026491</ele><time>2024-08-07T16:07:09Z</time><extensions><speed>0.263251</speed><course>284.835139</course><hAcc>1.743708</hAcc><vAcc>0.822674</vAcc></extensions></trkpt>
      <trkpt lon="81.830364" lat="6.848222"><ele>6.020702</ele><time>2024-08-07T16:07:10Z</time><extensions><speed>0.282043</speed><course>282.151495</course><hAcc>1.753842</hAcc><vAcc>0.822813</vAcc></extensions></trkpt>
      <trkpt lon="81.830361" lat="6.848223"><ele>6.012747</ele><time>2024-08-07T16:07:11Z</time><extensions><speed>0.322974</speed><course>281.678939</course><hAcc>1.749934</hAcc><vAcc>0.822948</vAcc></extensions></trkpt>
      <trkpt lon="81.830359" lat="6.848223"><ele>6.002662</ele><time>2024-08-07T16:07:12Z</time><extensions><speed>0.294686</speed><course>272.764704</course><hAcc>1.760822</hAcc><vAcc>0.823079</vAcc></extensions></trkpt>
      <trkpt lon="81.830356" lat="6.848223"><ele>5.990805</ele><time>2024-08-07T16:07:13Z</time><extensions><speed>0.238215</speed><course>262.039312</course><hAcc>1.776114</hAcc><vAcc>0.823208</vAcc></extensions></trkpt>
      <trkpt lon="81.830354" lat="6.848223"><ele>5.984120</ele><time>2024-08-07T16:07:14Z</time><extensions><speed>0.197121</speed><course>259.790478</course><hAcc>1.771444</hAcc><vAcc>0.823333</vAcc></extensions></trkpt>
      <trkpt lon="81.830353" lat="6.848223"><ele>5.976043</ele><time>2024-08-07T16:07:15Z</time><extensions><speed>0.163474</speed><course>262.638716</course><hAcc>1.758064</hAcc><vAcc>0.823455</vAcc></extensions></trkpt>
      <trkpt lon="81.830351" lat="6.848223"><ele>5.968745</ele><time>2024-08-07T16:07:16Z</time><extensions><speed>0.149452</speed><course>272.722355</course><hAcc>1.742254</hAcc><vAcc>0.823573</vAcc></extensions></trkpt>
      <trkpt lon="81.830350" lat="6.848223"><ele>5.955797</ele><time>2024-08-07T16:07:17Z</time><extensions><speed>0.148137</speed><course>284.004207</course><hAcc>1.736165</hAcc><vAcc>0.823679</vAcc></extensions></trkpt>
      <trkpt lon="81.830349" lat="6.848223"><ele>5.942438</ele><time>2024-08-07T16:07:18Z</time><extensions><speed>0.124174</speed><course>284.182122</course><hAcc>1.750055</hAcc><vAcc>0.823778</vAcc></extensions></trkpt>
      <trkpt lon="81.830348" lat="6.848224"><ele>5.931635</ele><time>2024-08-07T16:07:19Z</time><extensions><speed>0.136925</speed><course>290.059679</course><hAcc>1.744276</hAcc><vAcc>0.823863</vAcc></extensions></trkpt>
      <trkpt lon="81.830346" lat="6.848224"><ele>5.924576</ele><time>2024-08-07T16:07:20Z</time><extensions><speed>0.176530</speed><course>304.523422</course><hAcc>1.730310</hAcc><vAcc>0.823930</vAcc></extensions></trkpt>
      <trkpt lon="81.830345" lat="6.848225"><ele>5.916656</ele><time>2024-08-07T16:07:21Z</time><extensions><speed>0.193617</speed><course>316.891750</course><hAcc>1.737307</hAcc><vAcc>0.823973</vAcc></extensions></trkpt>
      <trkpt lon="81.830344" lat="6.848227"><ele>5.910882</ele><time>2024-08-07T16:07:22Z</time><extensions><speed>0.245555</speed><course>328.345285</course><hAcc>1.751414</hAcc><vAcc>0.823995</vAcc></extensions></trkpt>
      <trkpt lon="81.830343" lat="6.848229"><ele>5.898504</ele><time>2024-08-07T16:07:23Z</time><extensions><speed>0.317805</speed><course>333.892162</course><hAcc>1.764994</hAcc><vAcc>0.824003</vAcc></extensions></trkpt>
      <trkpt lon="81.830341" lat="6.848232"><ele>5.888553</ele><time>2024-08-07T16:07:24Z</time><extensions><speed>0.383714</speed><course>333.502108</course><hAcc>1.770608</hAcc><vAcc>0.824000</vAcc></extensions></trkpt>
      <trkpt lon="81.830339" lat="6.848235"><ele>5.876577</ele><time>2024-08-07T16:07:25Z</time><extensions><speed>0.430839</speed><course>328.270990</course><hAcc>1.767923</hAcc><vAcc>0.823977</vAcc></extensions></trkpt>
      <trkpt lon="81.830337" lat="6.848238"><ele>5.867828</ele><time>2024-08-07T16:07:26Z</time><extensions><speed>0.430536</speed><course>319.497109</course><hAcc>1.771059</hAcc><vAcc>0.823937</vAcc></extensions></trkpt>
      <trkpt lon="81.830334" lat="6.848241"><ele>5.859282</ele><time>2024-08-07T16:07:27Z</time><extensions><speed>0.481419</speed><course>310.841968</course><hAcc>1.771326</hAcc><vAcc>0.823878</vAcc></extensions></trkpt>
      <trkpt lon="81.830331" lat="6.848244"><ele>5.849824</ele><time>2024-08-07T16:07:28Z</time><extensions><speed>0.466731</speed><course>301.507174</course><hAcc>1.791610</hAcc><vAcc>0.823793</vAcc></extensions></trkpt>
      <trkpt lon="81.830327" lat="6.848245"><ele>5.842306</ele><time>2024-08-07T16:07:29Z</time><extensions><speed>0.394522</speed><course>279.416520</course><hAcc>1.795612</hAcc><vAcc>0.823690</vAcc></extensions></trkpt>
      <trkpt lon="81.830324" lat="6.848245"><ele>5.835284</ele><time>2024-08-07T16:07:30Z</time><extensions><speed>0.347704</speed><course>253.891940</course><hAcc>1.792754</hAcc><vAcc>0.823581</vAcc></extensions></trkpt>
      <trkpt lon="81.830321" lat="6.848244"><ele>5.827207</ele><time>2024-08-07T16:07:31Z</time><extensions><speed>0.409653</speed><course>250.738127</course><hAcc>1.781910</hAcc><vAcc>0.823470</vAcc></extensions></trkpt>
      <trkpt lon="81.830317" lat="6.848243"><ele>5.822870</ele><time>2024-08-07T16:07:32Z</time><extensions><speed>0.517673</speed><course>256.022583</course><hAcc>1.766630</hAcc><vAcc>0.823353</vAcc></extensions></trkpt>
      <trkpt lon="81.830312" lat="6.848242"><ele>5.811828</ele><time>2024-08-07T16:07:33Z</time><extensions><speed>0.610196</speed><course>258.959218</course><hAcc>1.763434</hAcc><vAcc>0.823241</vAcc></extensions></trkpt>
      <trkpt lon="81.830306" lat="6.848240"><ele>5.808019</ele><time>2024-08-07T16:07:34Z</time><extensions><speed>0.585657</speed><course>257.855669</course><hAcc>1.768385</hAcc><vAcc>0.823127</vAcc></extensions></trkpt>
      <trkpt lon="81.830302" lat="6.848239"><ele>5.805154</ele><time>2024-08-07T16:07:35Z</time><extensions><speed>0.443369</speed><course>247.606910</course><hAcc>1.761586</hAcc><vAcc>0.823020</vAcc></extensions></trkpt>
      <trkpt lon="81.830299" lat="6.848238"><ele>5.803070</ele><time>2024-08-07T16:07:36Z</time><extensions><speed>0.301737</speed><course>236.223617</course><hAcc>1.772773</hAcc><vAcc>0.822918</vAcc></extensions></trkpt>
      <trkpt lon="81.830297" lat="6.848236"><ele>5.801847</ele><time>2024-08-07T16:07:37Z</time><extensions><speed>0.266396</speed><course>233.076727</course><hAcc>1.780114</hAcc><vAcc>0.822823</vAcc></extensions></trkpt>
      <trkpt lon="81.830294" lat="6.848235"><ele>5.801614</ele><time>2024-08-07T16:07:38Z</time><extensions><speed>0.340686</speed><course>237.239401</course><hAcc>1.763272</hAcc><vAcc>0.822745</vAcc></extensions></trkpt>
      <trkpt lon="81.830292" lat="6.848233"><ele>5.802625</ele><time>2024-08-07T16:07:39Z</time><extensions><speed>0.383018</speed><course>240.668053</course><hAcc>1.769370</hAcc><vAcc>0.822684</vAcc></extensions></trkpt>
      <trkpt lon="81.830288" lat="6.848231"><ele>5.804546</ele><time>2024-08-07T16:07:40Z</time><extensions><speed>0.476878</speed><course>245.733684</course><hAcc>1.777114</hAcc><vAcc>0.822643</vAcc></extensions></trkpt>
      <trkpt lon="81.830283" lat="6.848229"><ele>5.806803</ele><time>2024-08-07T16:07:41Z</time><extensions><speed>0.689315</speed><course>250.888695</course><hAcc>1.768701</hAcc><vAcc>0.822625</vAcc></extensions></trkpt>
      <trkpt lon="81.830277" lat="6.848227"><ele>5.808029</ele><time>2024-08-07T16:07:42Z</time><extensions><speed>0.760212</speed><course>251.853907</course><hAcc>1.782894</hAcc><vAcc>0.822622</vAcc></extensions></trkpt>
      <trkpt lon="81.830270" lat="6.848225"><ele>5.809442</ele><time>2024-08-07T16:07:43Z</time><extensions><speed>0.727963</speed><course>254.734912</course><hAcc>1.799132</hAcc><vAcc>0.822637</vAcc></extensions></trkpt>
      <trkpt lon="81.830265" lat="6.848224"><ele>5.810953</ele><time>2024-08-07T16:07:44Z</time><extensions><speed>0.635737</speed><course>255.178132</course><hAcc>1.788483</hAcc><vAcc>0.822663</vAcc></extensions></trkpt>
      <trkpt lon="81.830260" lat="6.848223"><ele>5.812399</ele><time>2024-08-07T16:07:45Z</time><extensions><speed>0.472442</speed><course>259.243143</course><hAcc>1.779026</hAcc><vAcc>0.822696</vAcc></extensions></trkpt>
      <trkpt lon="81.830256" lat="6.848222"><ele>5.815151</ele><time>2024-08-07T16:07:46Z</time><extensions><speed>0.298447</speed><course>269.602603</course><hAcc>1.770396</hAcc><vAcc>0.822732</vAcc></extensions></trkpt>
      <trkpt lon="81.830254" lat="6.848222"><ele>5.817717</ele><time>2024-08-07T16:07:47Z</time><extensions><speed>0.209323</speed><course>287.403904</course><hAcc>1.762137</hAcc><vAcc>0.822762</vAcc></extensions></trkpt>
      <trkpt lon="81.830252" lat="6.848223"><ele>5.820101</ele><time>2024-08-07T16:07:48Z</time><extensions><speed>0.198564</speed><course>302.904230</course><hAcc>1.747804</hAcc><vAcc>0.822787</vAcc></extensions></trkpt>
      <trkpt lon="81.830251" lat="6.848224"><ele>5.820539</ele><time>2024-08-07T16:07:49Z</time><extensions><speed>0.193053</speed><course>311.954585</course><hAcc>1.739711</hAcc><vAcc>0.822794</vAcc></extensions></trkpt>
      <trkpt lon="81.830250" lat="6.848225"><ele>5.821366</ele><time>2024-08-07T16:07:50Z</time><extensions><speed>0.151198</speed><course>327.177847</course><hAcc>1.752980</hAcc><vAcc>0.822776</vAcc></extensions></trkpt>
      <trkpt lon="81.830249" lat="6.848227"><ele>5.821540</ele><time>2024-08-07T16:07:51Z</time><extensions><speed>0.120482</speed><course>342.211312</course><hAcc>1.763213</hAcc><vAcc>0.822771</vAcc></extensions></trkpt>
      <trkpt lon="81.830249" lat="6.848228"><ele>5.820765</ele><time>2024-08-07T16:07:52Z</time><extensions><speed>0.122124</speed><course>350.591841</course><hAcc>1.738322</hAcc><vAcc>0.822762</vAcc></extensions></trkpt>
      <trkpt lon="81.830249" lat="6.848229"><ele>5.820658</ele><time>2024-08-07T16:07:53Z</time><extensions><speed>0.099652</speed><course>353.518713</course><hAcc>1.732436</hAcc><vAcc>0.822741</vAcc></extensions></trkpt>
      <trkpt lon="81.830249" lat="6.848229"><ele>5.820277</ele><time>2024-08-07T16:07:54Z</time><extensions><speed>0.072564</speed><course>349.238980</course><hAcc>1.740349</hAcc><vAcc>0.822717</vAcc></extensions></trkpt>
      <trkpt lon="81.830249" lat="6.848230"><ele>5.819785</ele><time>2024-08-07T16:07:55Z</time><extensions><speed>0.052319</speed><course>329.145326</course><hAcc>1.747360</hAcc><vAcc>0.822692</vAcc></extensions></trkpt>
      <trkpt lon="81.830248" lat="6.848230"><ele>5.819194</ele><time>2024-08-07T16:07:56Z</time><extensions><speed>0.060783</speed><course>291.895754</course><hAcc>1.748789</hAcc><vAcc>0.822670</vAcc></extensions></trkpt>
      <trkpt lon="81.830248" lat="6.848230"><ele>5.818503</ele><time>2024-08-07T16:07:57Z</time><extensions><speed>0.085089</speed><course>275.144684</course><hAcc>1.753557</hAcc><vAcc>0.822654</vAcc></extensions></trkpt>
      <trkpt lon="81.830247" lat="6.848230"><ele>5.817726</ele><time>2024-08-07T16:07:58Z</time><extensions><speed>0.118761</speed><course>268.566897</course><hAcc>1.771454</hAcc><vAcc>0.822650</vAcc></extensions></trkpt>
      <trkpt lon="81.830245" lat="6.848230"><ele>5.816901</ele><time>2024-08-07T16:07:59Z</time><extensions><speed>0.142924</speed><course>267.644140</course><hAcc>1.793258</hAcc><vAcc>0.822659</vAcc></extensions></trkpt>
      <trkpt lon="81.830244" lat="6.848230"><ele>5.816075</ele><time>2024-08-07T16:08:00Z</time><extensions><speed>0.220911</speed><course>268.227631</course><hAcc>1.771197</hAcc><vAcc>0.822685</vAcc></extensions></trkpt>
      <trkpt lon="81.830242" lat="6.848230"><ele>5.815287</ele><time>2024-08-07T16:08:01Z</time><extensions><speed>0.239850</speed><course>269.880891</course><hAcc>1.767089</hAcc><vAcc>0.822727</vAcc></extensions></trkpt>
      <trkpt lon="81.830239" lat="6.848230"><ele>5.814567</ele><time>2024-08-07T16:08:02Z</time><extensions><speed>0.245409</speed><course>272.654498</course><hAcc>1.757139</hAcc><vAcc>0.822779</vAcc></extensions></trkpt>
      <trkpt lon="81.830238" lat="6.848230"><ele>5.813932</ele><time>2024-08-07T16:08:03Z</time><extensions><speed>0.173063</speed><course>277.435033</course><hAcc>1.765495</hAcc><vAcc>0.822835</vAcc></extensions></trkpt>
      <trkpt lon="81.830236" lat="6.848231"><ele>5.813381</ele><time>2024-08-07T16:08:04Z</time><extensions><speed>0.096870</speed><course>284.926258</course><hAcc>1.771773</hAcc><vAcc>0.822894</vAcc></extensions></trkpt>
      <trkpt lon="81.830236" lat="6.848231"><ele>5.812909</ele><time>2024-08-07T16:08:05Z</time><extensions><speed>0.053291</speed><course>293.481088</course><hAcc>1.762649</hAcc><vAcc>0.822954</vAcc></extensions></trkpt>
      <trkpt lon="81.830235" lat="6.848231"><ele>5.812509</ele><time>2024-08-07T16:08:06Z</time><extensions><speed>0.028839</speed><course>303.423729</course><hAcc>1.747579</hAcc><vAcc>0.823008</vAcc></extensions></trkpt>
      <trkpt lon="81.830235" lat="6.848231"><ele>5.815298</ele><time>2024-08-07T16:08:07Z</time><extensions><speed>0.014519</speed><course>316.002026</course><hAcc>1.731411</hAcc><vAcc>0.823057</vAcc></extensions></trkpt>
      <trkpt lon="81.830235" lat="6.848231"><ele>5.816545</ele><time>2024-08-07T16:08:08Z</time><extensions><speed>0.005629</speed><course>311.909747</course><hAcc>1.713066</hAcc><vAcc>0.823095</vAcc></extensions></trkpt>
      <trkpt lon="81.830235" lat="6.848231"><ele>5.817992</ele><time>2024-08-07T16:08:09Z</time><extensions><speed>0.003161</speed><course>215.903314</course><hAcc>1.700050</hAcc><vAcc>0.823127</vAcc></extensions></trkpt>
      <trkpt lon="81.830235" lat="6.848231"><ele>5.818933</ele><time>2024-08-07T16:08:10Z</time><extensions><speed>0.008874</speed><course>182.228078</course><hAcc>1.705115</hAcc><vAcc>0.823150</vAcc></extensions></trkpt>
      <trkpt lon="81.830235" lat="6.848231"><ele>5.820313</ele><time>2024-08-07T16:08:11Z</time><extensions><speed>0.015581</speed><course>178.750571</course><hAcc>1.725144</hAcc><vAcc>0.823169</vAcc></extensions></trkpt>
      <trkpt lon="81.830235" lat="6.848231"><ele>5.821850</ele><time>2024-08-07T16:08:12Z</time><extensions><speed>0.028514</speed><course>178.196287</course><hAcc>1.727955</hAcc><vAcc>0.823180</vAcc></extensions></trkpt>
      <trkpt lon="81.830235" lat="6.848230"><ele>5.819870</ele><time>2024-08-07T16:08:13Z</time><extensions><speed>0.056593</speed><course>179.049990</course><hAcc>1.710207</hAcc><vAcc>0.823184</vAcc></extensions></trkpt>
      <trkpt lon="81.830235" lat="6.848230"><ele>5.816193</ele><time>2024-08-07T16:08:14Z</time><extensions><speed>0.088677</speed><course>180.341994</course><hAcc>1.718305</hAcc><vAcc>0.823183</vAcc></extensions></trkpt>
      <trkpt lon="81.830235" lat="6.848229"><ele>5.809636</ele><time>2024-08-07T16:08:15Z</time><extensions><speed>0.127661</speed><course>182.226144</course><hAcc>1.739820</hAcc><vAcc>0.823189</vAcc></extensions></trkpt>
      <trkpt lon="81.830235" lat="6.848227"><ele>5.802954</ele><time>2024-08-07T16:08:16Z</time><extensions><speed>0.173049</speed><course>184.638976</course><hAcc>1.752565</hAcc><vAcc>0.823195</vAcc></extensions></trkpt>
      <trkpt lon="81.830235" lat="6.848226"><ele>5.798382</ele><time>2024-08-07T16:08:17Z</time><extensions><speed>0.214905</speed><course>188.337500</course><hAcc>1.754113</hAcc><vAcc>0.823205</vAcc></extensions></trkpt>
      <trkpt lon="81.830235" lat="6.848224"><ele>5.789907</ele><time>2024-08-07T16:08:18Z</time><extensions><speed>0.194027</speed><course>182.137979</course><hAcc>1.761225</hAcc><vAcc>0.823221</vAcc></extensions></trkpt>
      <trkpt lon="81.830235" lat="6.848222"><ele>5.777132</ele><time>2024-08-07T16:08:19Z</time><extensions><speed>0.146651</speed><course>173.616105</course><hAcc>1.763222</hAcc><vAcc>0.823243</vAcc></extensions></trkpt>
      <trkpt lon="81.830235" lat="6.848221"><ele>5.764506</ele><time>2024-08-07T16:08:20Z</time><extensions><speed>0.100400</speed><course>167.975025</course><hAcc>1.757545</hAcc><vAcc>0.823272</vAcc></extensions></trkpt>
      <trkpt lon="81.830235" lat="6.848220"><ele>5.752265</ele><time>2024-08-07T16:08:21Z</time><extensions><speed>0.062557</speed><course>175.455552</course><hAcc>1.763346</hAcc><vAcc>0.823311</vAcc></extensions></trkpt>
      <trkpt lon="81.830235" lat="6.848220"><ele>5.739132</ele><time>2024-08-07T16:08:22Z</time><extensions><speed>0.068554</speed><course>206.720136</course><hAcc>1.776928</hAcc><vAcc>0.823354</vAcc></extensions></trkpt>
      <trkpt lon="81.830234" lat="6.848219"><ele>5.724532</ele><time>2024-08-07T16:08:23Z</time><extensions><speed>0.127692</speed><course>216.296790</course><hAcc>1.768119</hAcc><vAcc>0.823400</vAcc></extensions></trkpt>
      <trkpt lon="81.830234" lat="6.848218"><ele>5.710056</ele><time>2024-08-07T16:08:24Z</time><extensions><speed>0.183526</speed><course>213.475476</course><hAcc>1.775043</hAcc><vAcc>0.823446</vAcc></extensions></trkpt>
      <trkpt lon="81.830233" lat="6.848216"><ele>5.695660</ele><time>2024-08-07T16:08:25Z</time><extensions><speed>0.245037</speed><course>211.175488</course><hAcc>1.794791</hAcc><vAcc>0.823490</vAcc></extensions></trkpt>
      <trkpt lon="81.830231" lat="6.848214"><ele>5.681608</ele><time>2024-08-07T16:08:26Z</time><extensions><speed>0.314000</speed><course>211.484676</course><hAcc>1.806243</hAcc><vAcc>0.823527</vAcc></extensions></trkpt>
      <trkpt lon="81.830229" lat="6.848211"><ele>5.665187</ele><time>2024-08-07T16:08:27Z</time><extensions><speed>0.387231</speed><course>216.347907</course><hAcc>1.800281</hAcc><vAcc>0.823556</vAcc></extensions></trkpt>
      <trkpt lon="81.830227" lat="6.848209"><ele>5.648243</ele><time>2024-08-07T16:08:28Z</time><extensions><speed>0.336288</speed><course>222.968671</course><hAcc>1.809193</hAcc><vAcc>0.823577</vAcc></extensions></trkpt>
      <trkpt lon="81.830226" lat="6.848207"><ele>5.633207</ele><time>2024-08-07T16:08:29Z</time><extensions><speed>0.192234</speed><course>241.004241</course><hAcc>1.832275</hAcc><vAcc>0.823592</vAcc></extensions></trkpt>
      <trkpt lon="81.830224" lat="6.848207"><ele>5.619020</ele><time>2024-08-07T16:08:30Z</time><extensions><speed>0.121175</speed><course>302.753505</course><hAcc>1.840923</hAcc><vAcc>0.823594</vAcc></extensions></trkpt>
      <trkpt lon="81.830223" lat="6.848208"><ele>5.607098</ele><time>2024-08-07T16:08:31Z</time><extensions><speed>0.202033</speed><course>327.675361</course><hAcc>1.807673</hAcc><vAcc>0.823587</vAcc></extensions></trkpt>
      <trkpt lon="81.830223" lat="6.848210"><ele>5.596030</ele><time>2024-08-07T16:08:32Z</time><extensions><speed>0.222729</speed><course>337.026151</course><hAcc>1.779525</hAcc><vAcc>0.823581</vAcc></extensions></trkpt>
      <trkpt lon="81.830222" lat="6.848212"><ele>5.588035</ele><time>2024-08-07T16:08:33Z</time><extensions><speed>0.179871</speed><course>343.944101</course><hAcc>1.776515</hAcc><vAcc>0.823569</vAcc></extensions></trkpt>
      <trkpt lon="81.830222" lat="6.848213"><ele>5.581351</ele><time>2024-08-07T16:08:35Z</time><extensions><speed>0.124398</speed><course>347.163191</course><hAcc>1.774988</hAcc><vAcc>0.823552</vAcc></extensions></trkpt>
      <trkpt lon="81.830221" lat="6.848214"><ele>5.573421</ele><time>2024-08-07T16:08:36Z</time><extensions><speed>0.085299</speed><course>337.814465</course><hAcc>1.768361</hAcc><vAcc>0.823514</vAcc></extensions></trkpt>
      <trkpt lon="81.830221" lat="6.848215"><ele>5.564878</ele><time>2024-08-07T16:08:37Z</time><extensions><speed>0.071487</speed><course>320.902055</course><hAcc>1.766947</hAcc><vAcc>0.823485</vAcc></extensions></trkpt>
      <trkpt lon="81.830221" lat="6.848215"><ele>5.557353</ele><time>2024-08-07T16:08:38Z</time><extensions><speed>0.077130</speed><course>318.645953</course><hAcc>1.767298</hAcc><vAcc>0.823465</vAcc></extensions></trkpt>
      <trkpt lon="81.830220" lat="6.848216"><ele>5.550463</ele><time>2024-08-07T16:08:39Z</time><extensions><speed>0.120052</speed><course>327.278438</course><hAcc>1.734307</hAcc><vAcc>0.823455</vAcc></extensions></trkpt>
      <trkpt lon="81.830220" lat="6.848217"><ele>5.542124</ele><time>2024-08-07T16:08:40Z</time><extensions><speed>0.124950</speed><course>349.176825</course><hAcc>1.740595</hAcc><vAcc>0.823453</vAcc></extensions></trkpt>
      <trkpt lon="81.830220" lat="6.848218"><ele>5.535134</ele><time>2024-08-07T16:08:41Z</time><extensions><speed>0.125452</speed><course>3.279588</course><hAcc>1.754659</hAcc><vAcc>0.823462</vAcc></extensions></trkpt>
      <trkpt lon="81.830220" lat="6.848219"><ele>5.530964</ele><time>2024-08-07T16:08:42Z</time><extensions><speed>0.114059</speed><course>13.008010</course><hAcc>1.762296</hAcc><vAcc>0.823478</vAcc></extensions></trkpt>
      <trkpt lon="81.830220" lat="6.848220"><ele>5.523829</ele><time>2024-08-07T16:08:43Z</time><extensions><speed>0.089035</speed><course>28.634338</course><hAcc>1.766980</hAcc><vAcc>0.823505</vAcc></extensions></trkpt>
      <trkpt lon="81.830220" lat="6.848220"><ele>5.516571</ele><time>2024-08-07T16:08:44Z</time><extensions><speed>0.050614</speed><course>57.746957</course><hAcc>1.768011</hAcc><vAcc>0.823546</vAcc></extensions></trkpt>
      <trkpt lon="81.830221" lat="6.848220"><ele>5.512152</ele><time>2024-08-07T16:08:45Z</time><extensions><speed>0.044671</speed><course>125.051376</course><hAcc>1.769277</hAcc><vAcc>0.823594</vAcc></extensions></trkpt>
      <trkpt lon="81.830221" lat="6.848220"><ele>5.508774</ele><time>2024-08-07T16:08:46Z</time><extensions><speed>0.065988</speed><course>152.714056</course><hAcc>1.771461</hAcc><vAcc>0.823649</vAcc></extensions></trkpt>
      <trkpt lon="81.830221" lat="6.848219"><ele>5.505401</ele><time>2024-08-07T16:08:47Z</time><extensions><speed>0.064649</speed><course>156.650003</course><hAcc>1.778801</hAcc><vAcc>0.823709</vAcc></extensions></trkpt>
      <trkpt lon="81.830221" lat="6.848219"><ele>5.505014</ele><time>2024-08-07T16:08:48Z</time><extensions><speed>0.044053</speed><course>191.441651</course><hAcc>1.787766</hAcc><vAcc>0.823773</vAcc></extensions></trkpt>
      <trkpt lon="81.830221" lat="6.848219"><ele>5.510116</ele><time>2024-08-07T16:08:49Z</time><extensions><speed>0.072546</speed><course>255.250430</course><hAcc>1.788996</hAcc><vAcc>0.823838</vAcc></extensions></trkpt>
      <trkpt lon="81.830220" lat="6.848219"><ele>5.517280</ele><time>2024-08-07T16:08:50Z</time><extensions><speed>0.172449</speed><course>274.712108</course><hAcc>1.775217</hAcc><vAcc>0.823915</vAcc></extensions></trkpt>
      <trkpt lon="81.830218" lat="6.848219"><ele>5.524903</ele><time>2024-08-07T16:08:51Z</time><extensions><speed>0.257546</speed><course>283.983031</course><hAcc>1.770822</hAcc><vAcc>0.823993</vAcc></extensions></trkpt>
      <trkpt lon="81.830216" lat="6.848220"><ele>5.538204</ele><time>2024-08-07T16:08:52Z</time><extensions><speed>0.229965</speed><course>299.414869</course><hAcc>1.781916</hAcc><vAcc>0.824075</vAcc></extensions></trkpt>
      <trkpt lon="81.830215" lat="6.848221"><ele>5.552718</ele><time>2024-08-07T16:08:53Z</time><extensions><speed>0.189380</speed><course>340.618418</course><hAcc>1.790445</hAcc><vAcc>0.824153</vAcc></extensions></trkpt>
      <trkpt lon="81.830215" lat="6.848223"><ele>5.569123</ele><time>2024-08-07T16:08:54Z</time><extensions><speed>0.228781</speed><course>359.277412</course><hAcc>1.786137</hAcc><vAcc>0.824232</vAcc></extensions></trkpt>
      <trkpt lon="81.830215" lat="6.848225"><ele>5.581639</ele><time>2024-08-07T16:08:55Z</time><extensions><speed>0.249994</speed><course>1.113421</course><hAcc>1.782310</hAcc><vAcc>0.824305</vAcc></extensions></trkpt>
      <trkpt lon="81.830215" lat="6.848227"><ele>5.592444</ele><time>2024-08-07T16:08:56Z</time><extensions><speed>0.232390</speed><course>357.546763</course><hAcc>1.793196</hAcc><vAcc>0.824370</vAcc></extensions></trkpt>
      <trkpt lon="81.830214" lat="6.848229"><ele>5.605553</ele><time>2024-08-07T16:08:57Z</time><extensions><speed>0.211182</speed><course>343.891231</course><hAcc>1.811239</hAcc><vAcc>0.824427</vAcc></extensions></trkpt>
      <trkpt lon="81.830213" lat="6.848231"><ele>5.617017</ele><time>2024-08-07T16:08:58Z</time><extensions><speed>0.237731</speed><course>316.286631</course><hAcc>1.821097</hAcc><vAcc>0.824474</vAcc></extensions></trkpt>
      <trkpt lon="81.830211" lat="6.848233"><ele>5.626489</ele><time>2024-08-07T16:08:59Z</time><extensions><speed>0.363017</speed><course>294.672335</course><hAcc>1.811477</hAcc><vAcc>0.824511</vAcc></extensions></trkpt>
      <trkpt lon="81.830208" lat="6.848234"><ele>5.632247</ele><time>2024-08-07T16:09:00Z</time><extensions><speed>0.444694</speed><course>284.191956</course><hAcc>1.820112</hAcc><vAcc>0.824544</vAcc></extensions></trkpt>
      <trkpt lon="81.830203" lat="6.848234"><ele>5.636529</ele><time>2024-08-07T16:09:01Z</time><extensions><speed>0.519229</speed><course>275.374029</course><hAcc>1.833459</hAcc><vAcc>0.824567</vAcc></extensions></trkpt>
      <trkpt lon="81.830198" lat="6.848235"><ele>5.640575</ele><time>2024-08-07T16:09:02Z</time><extensions><speed>0.598158</speed><course>268.465179</course><hAcc>1.838975</hAcc><vAcc>0.824574</vAcc></extensions></trkpt>
      <trkpt lon="81.830193" lat="6.848234"><ele>5.644185</ele><time>2024-08-07T16:09:03Z</time><extensions><speed>0.651296</speed><course>265.034630</course><hAcc>1.845165</hAcc><vAcc>0.824566</vAcc></extensions></trkpt>
      <trkpt lon="81.830187" lat="6.848234"><ele>5.646658</ele><time>2024-08-07T16:09:04Z</time><extensions><speed>0.644375</speed><course>264.787188</course><hAcc>1.857425</hAcc><vAcc>0.824548</vAcc></extensions></trkpt>
      <trkpt lon="81.830181" lat="6.848233"><ele>5.649720</ele><time>2024-08-07T16:09:05Z</time><extensions><speed>0.611313</speed><course>263.823369</course><hAcc>1.860854</hAcc><vAcc>0.824517</vAcc></extensions></trkpt>
      <trkpt lon="81.830176" lat="6.848233"><ele>5.651309</ele><time>2024-08-07T16:09:06Z</time><extensions><speed>0.540780</speed><course>261.116943</course><hAcc>1.858858</hAcc><vAcc>0.824477</vAcc></extensions></trkpt>
      <trkpt lon="81.830171" lat="6.848232"><ele>5.652103</ele><time>2024-08-07T16:09:07Z</time><extensions><speed>0.516784</speed><course>256.070089</course><hAcc>1.849876</hAcc><vAcc>0.824431</vAcc></extensions></trkpt>
      <trkpt lon="81.830167" lat="6.848230"><ele>5.649432</ele><time>2024-08-07T16:09:08Z</time><extensions><speed>0.484683</speed><course>250.870705</course><hAcc>1.841014</hAcc><vAcc>0.824366</vAcc></extensions></trkpt>
      <trkpt lon="81.830163" lat="6.848229"><ele>5.647216</ele><time>2024-08-07T16:09:09Z</time><extensions><speed>0.469550</speed><course>249.682410</course><hAcc>1.836215</hAcc><vAcc>0.824304</vAcc></extensions></trkpt>
      <trkpt lon="81.830159" lat="6.848227"><ele>5.645530</ele><time>2024-08-07T16:09:10Z</time><extensions><speed>0.448246</speed><course>250.809951</course><hAcc>1.830003</hAcc><vAcc>0.824234</vAcc></extensions></trkpt>
      <trkpt lon="81.830155" lat="6.848226"><ele>5.643606</ele><time>2024-08-07T16:09:11Z</time><extensions><speed>0.376504</speed><course>251.914123</course><hAcc>1.822155</hAcc><vAcc>0.824153</vAcc></extensions></trkpt>
      <trkpt lon="81.830153" lat="6.848225"><ele>5.642502</ele><time>2024-08-07T16:09:12Z</time><extensions><speed>0.266140</speed><course>252.884597</course><hAcc>1.819185</hAcc><vAcc>0.824073</vAcc></extensions></trkpt>
      <trkpt lon="81.830151" lat="6.848225"><ele>5.635041</ele><time>2024-08-07T16:09:13Z</time><extensions><speed>0.195619</speed><course>254.970599</course><hAcc>1.805124</hAcc><vAcc>0.823995</vAcc></extensions></trkpt>
      <trkpt lon="81.830149" lat="6.848224"><ele>5.624346</ele><time>2024-08-07T16:09:13Z</time><extensions><speed>0.142441</speed><course>257.558903</course><hAcc>1.789297</hAcc><vAcc>0.823909</vAcc></extensions></trkpt>
      <trkpt lon="81.830148" lat="6.848224"><ele>5.612358</ele><time>2024-08-07T16:09:14Z</time><extensions><speed>0.119700</speed><course>259.121041</course><hAcc>1.788263</hAcc><vAcc>0.823801</vAcc></extensions></trkpt>
      <trkpt lon="81.830147" lat="6.848224"><ele>5.600627</ele><time>2024-08-07T16:09:15Z</time><extensions><speed>0.091857</speed><course>255.782611</course><hAcc>1.803096</hAcc><vAcc>0.823667</vAcc></extensions></trkpt>
      <trkpt lon="81.830146" lat="6.848224"><ele>5.588871</ele><time>2024-08-07T16:09:16Z</time><extensions><speed>0.121492</speed><course>251.365607</course><hAcc>1.775654</hAcc><vAcc>0.823501</vAcc></extensions></trkpt>
      <trkpt lon="81.830145" lat="6.848223"><ele>5.575355</ele><time>2024-08-07T16:09:17Z</time><extensions><speed>0.117779</speed><course>249.140047</course><hAcc>1.765182</hAcc><vAcc>0.823320</vAcc></extensions></trkpt>
      <trkpt lon="81.830144" lat="6.848223"><ele>5.559986</ele><time>2024-08-07T16:09:18Z</time><extensions><speed>0.100899</speed><course>245.767578</course><hAcc>1.772015</hAcc><vAcc>0.823116</vAcc></extensions></trkpt>
      <trkpt lon="81.830144" lat="6.848223"><ele>5.543128</ele><time>2024-08-07T16:09:19Z</time><extensions><speed>0.064878</speed><course>233.268969</course><hAcc>1.792178</hAcc><vAcc>0.822863</vAcc></extensions></trkpt>
      <trkpt lon="81.830143" lat="6.848222"><ele>5.522372</ele><time>2024-08-07T16:09:20Z</time><extensions><speed>0.037568</speed><course>201.943109</course><hAcc>1.819698</hAcc><vAcc>0.822572</vAcc></extensions></trkpt>
      <trkpt lon="81.830143" lat="6.848222"><ele>5.502510</ele><time>2024-08-07T16:09:21Z</time><extensions><speed>0.056850</speed><course>217.161506</course><hAcc>1.834981</hAcc><vAcc>0.822244</vAcc></extensions></trkpt>
      <trkpt lon="81.830142" lat="6.848221"><ele>5.484492</ele><time>2024-08-07T16:09:22Z</time><extensions><speed>0.171817</speed><course>242.430377</course><hAcc>1.832908</hAcc><vAcc>0.821886</vAcc></extensions></trkpt>
      <trkpt lon="81.830140" lat="6.848220"><ele>5.465434</ele><time>2024-08-07T16:09:23Z</time><extensions><speed>0.358765</speed><course>248.600071</course><hAcc>1.818018</hAcc><vAcc>0.821477</vAcc></extensions></trkpt>
      <trkpt lon="81.830136" lat="6.848219"><ele>5.449786</ele><time>2024-08-07T16:09:24Z</time><extensions><speed>0.542485</speed><course>251.499551</course><hAcc>1.817255</hAcc><vAcc>0.821000</vAcc></extensions></trkpt>
      <trkpt lon="81.830131" lat="6.848217"><ele>5.437501</ele><time>2024-08-07T16:09:25Z</time><extensions><speed>0.672062</speed><course>253.218638</course><hAcc>1.828712</hAcc><vAcc>0.820473</vAcc></extensions></trkpt>
      <trkpt lon="81.830125" lat="6.848216"><ele>5.429186</ele><time>2024-08-07T16:09:26Z</time><extensions><speed>0.740533</speed><course>255.682621</course><hAcc>1.836125</hAcc><vAcc>0.819849</vAcc></extensions></trkpt>
      <trkpt lon="81.830118" lat="6.848214"><ele>5.423766</ele><time>2024-08-07T16:09:27Z</time><extensions><speed>0.804511</speed><course>257.677693</course><hAcc>1.833304</hAcc><vAcc>0.819168</vAcc></extensions></trkpt>
      <trkpt lon="81.830111" lat="6.848213"><ele>5.420675</ele><time>2024-08-07T16:09:28Z</time><extensions><speed>0.806429</speed><course>261.261410</course><hAcc>1.822282</hAcc><vAcc>0.818476</vAcc></extensions></trkpt>
      <trkpt lon="81.830103" lat="6.848212"><ele>5.416806</ele><time>2024-08-07T16:09:29Z</time><extensions><speed>0.813863</speed><course>261.835922</course><hAcc>1.822924</hAcc><vAcc>0.817754</vAcc></extensions></trkpt>
      <trkpt lon="81.830096" lat="6.848210"><ele>5.415220</ele><time>2024-08-07T16:09:30Z</time><extensions><speed>0.775561</speed><course>260.014699</course><hAcc>1.838170</hAcc><vAcc>0.817009</vAcc></extensions></trkpt>
      <trkpt lon="81.830090" lat="6.848209"><ele>5.421083</ele><time>2024-08-07T16:09:31Z</time><extensions><speed>0.625162</speed><course>254.117432</course><hAcc>1.836626</hAcc><vAcc>0.816202</vAcc></extensions></trkpt>
      <trkpt lon="81.830086" lat="6.848208"><ele>5.425544</ele><time>2024-08-07T16:09:32Z</time><extensions><speed>0.366026</speed><course>246.928617</course><hAcc>1.830760</hAcc><vAcc>0.815283</vAcc></extensions></trkpt>
      <trkpt lon="81.830084" lat="6.848207"><ele>5.431755</ele><time>2024-08-07T16:09:33Z</time><extensions><speed>0.111226</speed><course>249.329116</course><hAcc>1.835771</hAcc><vAcc>0.814361</vAcc></extensions></trkpt>
      <trkpt lon="81.830084" lat="6.848207"><ele>5.439367</ele><time>2024-08-07T16:09:34Z</time><extensions><speed>0.153792</speed><course>34.173485</course><hAcc>1.847593</hAcc><vAcc>0.813473</vAcc></extensions></trkpt>
      <trkpt lon="81.830085" lat="6.848209"><ele>5.447958</ele><time>2024-08-07T16:09:35Z</time><extensions><speed>0.329760</speed><course>37.905697</course><hAcc>1.865589</hAcc><vAcc>0.812633</vAcc></extensions></trkpt>
      <trkpt lon="81.830087" lat="6.848212"><ele>5.457078</ele><time>2024-08-07T16:09:36Z</time><extensions><speed>0.432125</speed><course>41.696881</course><hAcc>1.878015</hAcc><vAcc>0.811855</vAcc></extensions></trkpt>
      <trkpt lon="81.830090" lat="6.848215"><ele>5.466315</ele><time>2024-08-07T16:09:37Z</time><extensions><speed>0.485635</speed><course>46.932077</course><hAcc>1.888140</hAcc><vAcc>0.811157</vAcc></extensions></trkpt>
      <trkpt lon="81.830094" lat="6.848217"><ele>5.472980</ele><time>2024-08-07T16:09:38Z</time><extensions><speed>0.491659</speed><course>50.759980</course><hAcc>1.897690</hAcc><vAcc>0.810563</vAcc></extensions></trkpt>
      <trkpt lon="81.830097" lat="6.848220"><ele>5.482365</ele><time>2024-08-07T16:09:39Z</time><extensions><speed>0.443580</speed><course>51.436546</course><hAcc>1.899212</hAcc><vAcc>0.810031</vAcc></extensions></trkpt>
      <trkpt lon="81.830100" lat="6.848222"><ele>5.491248</ele><time>2024-08-07T16:09:40Z</time><extensions><speed>0.353374</speed><course>48.257907</course><hAcc>1.887434</hAcc><vAcc>0.809543</vAcc></extensions></trkpt>
      <trkpt lon="81.830102" lat="6.848224"><ele>5.502237</ele><time>2024-08-07T16:09:41Z</time><extensions><speed>0.279852</speed><course>45.013999</course><hAcc>1.878117</hAcc><vAcc>0.808997</vAcc></extensions></trkpt>
      <trkpt lon="81.830103" lat="6.848226"><ele>5.516482</ele><time>2024-08-07T16:09:42Z</time><extensions><speed>0.216410</speed><course>47.057856</course><hAcc>1.886510</hAcc><vAcc>0.808377</vAcc></extensions></trkpt>
      <trkpt lon="81.830105" lat="6.848227"><ele>5.537032</ele><time>2024-08-07T16:09:43Z</time><extensions><speed>0.161340</speed><course>56.004309</course><hAcc>1.890551</hAcc><vAcc>0.807565</vAcc></extensions></trkpt>
      <trkpt lon="81.830106" lat="6.848228"><ele>5.557346</ele><time>2024-08-07T16:09:44Z</time><extensions><speed>0.133529</speed><course>73.954440</course><hAcc>1.888523</hAcc><vAcc>0.806519</vAcc></extensions></trkpt>
      <trkpt lon="81.830107" lat="6.848228"><ele>5.579667</ele><time>2024-08-07T16:09:45Z</time><extensions><speed>0.142753</speed><course>94.739705</course><hAcc>1.888367</hAcc><vAcc>0.805165</vAcc></extensions></trkpt>
      <trkpt lon="81.830109" lat="6.848227"><ele>5.604257</ele><time>2024-08-07T16:09:46Z</time><extensions><speed>0.172968</speed><course>110.642787</course><hAcc>1.902188</hAcc><vAcc>0.803448</vAcc></extensions></trkpt>
      <trkpt lon="81.830110" lat="6.848227"><ele>5.632881</ele><time>2024-08-07T16:09:47Z</time><extensions><speed>0.198794</speed><course>126.432042</course><hAcc>1.935868</hAcc><vAcc>0.801106</vAcc></extensions></trkpt>
      <trkpt lon="81.830111" lat="6.848225"><ele>5.660221</ele><time>2024-08-07T16:09:48Z</time><extensions><speed>0.209701</speed><course>152.718835</course><hAcc>1.995159</hAcc><vAcc>0.798674</vAcc></extensions></trkpt>
      <trkpt lon="81.830112" lat="6.848223"><ele>5.690383</ele><time>2024-08-07T16:09:49Z</time><extensions><speed>0.222192</speed><course>182.856550</course><hAcc>2.111910</hAcc><vAcc>0.795742</vAcc></extensions></trkpt>
      <trkpt lon="81.830111" lat="6.848221"><ele>5.719988</ele><time>2024-08-07T16:09:50Z</time><extensions><speed>0.294989</speed><course>212.536087</course><hAcc>2.286171</hAcc><vAcc>0.798028</vAcc></extensions></trkpt>
      <trkpt lon="81.830109" lat="6.848219"><ele>5.751067</ele><time>2024-08-07T16:09:51Z</time><extensions><speed>0.450647</speed><course>229.929866</course><hAcc>2.501461</hAcc><vAcc>0.803636</vAcc></extensions></trkpt>
      <trkpt lon="81.830105" lat="6.848216"><ele>5.783219</ele><time>2024-08-07T16:09:52Z</time><extensions><speed>0.630765</speed><course>237.728270</course><hAcc>2.748608</hAcc><vAcc>0.814822</vAcc></extensions></trkpt>
      <trkpt lon="81.830099" lat="6.848213"><ele>5.815978</ele><time>2024-08-07T16:09:53Z</time><extensions><speed>0.785226</speed><course>241.412751</course><hAcc>3.015720</hAcc><vAcc>0.834590</vAcc></extensions></trkpt>
      <trkpt lon="81.830092" lat="6.848209"><ele>5.848907</ele><time>2024-08-07T16:09:54Z</time><extensions><speed>0.909840</speed><course>243.633595</course><hAcc>3.299179</hAcc><vAcc>0.866601</vAcc></extensions></trkpt>
      <trkpt lon="81.830085" lat="6.848206"><ele>5.881684</ele><time>2024-08-07T16:09:55Z</time><extensions><speed>1.016586</speed><course>245.394828</course><hAcc>3.611926</hAcc><vAcc>0.914893</vAcc></extensions></trkpt>
      <trkpt lon="81.830076" lat="6.848202"><ele>5.914107</ele><time>2024-08-07T16:09:56Z</time><extensions><speed>1.086593</speed><course>246.877319</course><hAcc>3.999941</hAcc><vAcc>0.983396</vAcc></extensions></trkpt>
      <trkpt lon="81.830067" lat="6.848198"><ele>5.946070</ele><time>2024-08-07T16:09:57Z</time><extensions><speed>1.108333</speed><course>248.605208</course><hAcc>4.533066</hAcc><vAcc>1.075411</vAcc></extensions></trkpt>
      <trkpt lon="81.830057" lat="6.848194"><ele>5.977588</ele><time>2024-08-07T16:09:58Z</time><extensions><speed>1.107651</speed><course>249.632486</course><hAcc>5.309615</hAcc><vAcc>1.193185</vAcc></extensions></trkpt>
      <trkpt lon="81.830048" lat="6.848191"><ele>6.008796</ele><time>2024-08-07T16:09:59Z</time><extensions><speed>1.084599</speed><course>249.844934</course><hAcc>6.437354</hAcc><vAcc>1.337749</vAcc></extensions></trkpt>
    </trkseg>
  </trk>
</gpx>