<?xml version="1.0" encoding="UTF-8"?>
<gpx version="1.1" creator="Apple Health Export" xmlns="http://www.topografix.com/GPX/1/1" xmlns:xsi="http://www.w3.org/2001/XMLSchema-instance" xsi:schemaLocation="http://www.topografix.com/GPX/1/1 http://www.topografix.com/GPX/1/1/gpx.xsd">
  <metadata>
    <time>2026-06-04T15:24:51Z</time>
  </metadata>
  <trk>
    <name>Route 2022-01-19 5:18pm</name>
    <trkseg>
      <trkpt lon="6.810402" lat="45.549965"><ele>2553.971680</ele><time>2022-01-19T12:09:17Z</time><extensions><speed>3.150000</speed><course>182.109375</course><hAcc>16.435396</hAcc><vAcc>16.000000</vAcc></extensions></trkpt>
      <trkpt lon="6.810380" lat="45.549964"><ele>2543.367920</ele><time>2022-01-19T12:09:20Z</time><extensions><speed>0.270000</speed><course>-1.000000</course><hAcc>4.157698</hAcc><vAcc>6.002769</vAcc></extensions></trkpt>
      <trkpt lon="6.810411" lat="45.550054"><ele>2540.036865</ele><time>2022-01-19T12:11:47Z</time><extensions><speed>0.532360</speed><course>28.683344</course><hAcc>4.651917</hAcc><vAcc>3.490588</vAcc></extensions></trkpt>
      <trkpt lon="6.810519" lat="45.550126"><ele>2539.174316</ele><time>2022-01-19T12:12:07Z</time><extensions><speed>2.023323</speed><course>61.666916</course><hAcc>4.702249</hAcc><vAcc>3.422483</vAcc></extensions></trkpt>
      <trkpt lon="6.810464" lat="45.550216"><ele>2539.164551</ele><time>2022-01-19T12:12:20Z</time><extensions><speed>1.156187</speed><course>357.931946</course><hAcc>4.902359</hAcc><vAcc>3.129123</vAcc></extensions></trkpt>
      <trkpt lon="6.810594" lat="45.550182"><ele>2535.741943</ele><time>2022-01-19T12:12:36Z</time><extensions><speed>1.696435</speed><course>129.906097</course><hAcc>4.665914</hAcc><vAcc>3.471856</vAcc></extensions></trkpt>
      <trkpt lon="6.810607" lat="45.550280"><ele>2535.504883</ele><time>2022-01-19T12:12:59Z</time><extensions><speed>0.000000</speed><course>247.389160</course><hAcc>4.703732</hAcc><vAcc>3.420445</vAcc></extensions></trkpt>
      <trkpt lon="6.810697" lat="45.550362"><ele>2534.749512</ele><time>2022-01-19T12:13:07Z</time><extensions><speed>0.000000</speed><course>247.389221</course><hAcc>4.705803</hAcc><vAcc>3.417595</vAcc></extensions></trkpt>
      <trkpt lon="6.810798" lat="45.550421"><ele>2533.909424</ele><time>2022-01-19T12:13:14Z</time><extensions><speed>0.000000</speed><course>247.389297</course><hAcc>4.687832</hAcc><vAcc>3.442204</vAcc></extensions></trkpt>
      <trkpt lon="6.810890" lat="45.550488"><ele>2538.458496</ele><time>2022-01-19T12:14:24Z</time><extensions><speed>1.044445</speed><course>96.102013</course><hAcc>4.709260</hAcc><vAcc>3.412830</vAcc></extensions></trkpt>
      <trkpt lon="6.811048" lat="45.550529"><ele>2534.907715</ele><time>2022-01-19T12:14:38Z</time><extensions><speed>3.296088</speed><course>79.571014</course><hAcc>4.709769</hAcc><vAcc>3.412127</vAcc></extensions></trkpt>
      <trkpt lon="6.811244" lat="45.550547"><ele>2533.422363</ele><time>2022-01-19T12:14:41Z</time><extensions><speed>5.235243</speed><course>80.761894</course><hAcc>4.708819</hAcc><vAcc>3.413437</vAcc></extensions></trkpt>
      <trkpt lon="6.811361" lat="45.550587"><ele>2531.503418</ele><time>2022-01-19T12:14:43Z</time><extensions><speed>5.090722</speed><course>62.675179</course><hAcc>4.714499</hAcc><vAcc>3.405589</vAcc></extensions></trkpt>
      <trkpt lon="6.811525" lat="45.550523"><ele>2529.725586</ele><time>2022-01-19T12:14:46Z</time><extensions><speed>4.960691</speed><course>118.328217</course><hAcc>4.714276</hAcc><vAcc>3.405898</vAcc></extensions></trkpt>
      <trkpt lon="6.811708" lat="45.550490"><ele>2527.178467</ele><time>2022-01-19T12:14:48Z</time><extensions><speed>7.039020</speed><course>105.567711</course><hAcc>4.714024</hAcc><vAcc>3.406247</vAcc></extensions></trkpt>
      <trkpt lon="6.811916" lat="45.550424"><ele>2523.646484</ele><time>2022-01-19T12:14:50Z</time><extensions><speed>8.610660</speed><course>120.045677</course><hAcc>4.712338</hAcc><vAcc>3.408578</vAcc></extensions></trkpt>
      <trkpt lon="6.812039" lat="45.550386"><ele>2520.301758</ele><time>2022-01-19T12:14:51Z</time><extensions><speed>9.888505</speed><course>110.841011</course><hAcc>4.709981</hAcc><vAcc>3.411835</vAcc></extensions></trkpt>
      <trkpt lon="6.812184" lat="45.550378"><ele>2518.001221</ele><time>2022-01-19T12:14:52Z</time><extensions><speed>10.705736</speed><course>99.171623</course><hAcc>4.710529</hAcc><vAcc>3.411078</vAcc></extensions></trkpt>
      <trkpt lon="6.812390" lat="45.550427"><ele>2517.222900</ele><time>2022-01-19T12:14:54Z</time><extensions><speed>8.597920</speed><course>85.559395</course><hAcc>4.708807</hAcc><vAcc>3.413454</vAcc></extensions></trkpt>
      <trkpt lon="6.812561" lat="45.550341"><ele>2514.900879</ele><time>2022-01-19T12:14:56Z</time><extensions><speed>8.161287</speed><course>123.604599</course><hAcc>4.703193</hAcc><vAcc>3.421186</vAcc></extensions></trkpt>
      <trkpt lon="6.812742" lat="45.550256"><ele>2510.982422</ele><time>2022-01-19T12:14:58Z</time><extensions><speed>8.766054</speed><course>116.537979</course><hAcc>4.705449</hAcc><vAcc>3.418082</vAcc></extensions></trkpt>
      <trkpt lon="6.812873" lat="45.550224"><ele>2510.543945</ele><time>2022-01-19T12:14:59Z</time><extensions><speed>9.966058</speed><course>110.404701</course><hAcc>4.700894</hAcc><vAcc>3.424344</vAcc></extensions></trkpt>
      <trkpt lon="6.813103" lat="45.550154"><ele>2507.744629</ele><time>2022-01-19T12:15:01Z</time><extensions><speed>10.053995</speed><course>112.247009</course><hAcc>4.687311</hAcc><vAcc>3.442914</vAcc></extensions></trkpt>
      <trkpt lon="6.813235" lat="45.550154"><ele>2505.507812</ele><time>2022-01-19T12:15:02Z</time><extensions><speed>10.239471</speed><course>93.640488</course><hAcc>4.683104</hAcc><vAcc>3.448634</vAcc></extensions></trkpt>
      <trkpt lon="6.813383" lat="45.550156"><ele>2502.482666</ele><time>2022-01-19T12:15:03Z</time><extensions><speed>11.055816</speed><course>91.352089</course><hAcc>4.687143</hAcc><vAcc>3.443142</vAcc></extensions></trkpt>
      <trkpt lon="6.813524" lat="45.550133"><ele>2502.560547</ele><time>2022-01-19T12:15:04Z</time><extensions><speed>11.165357</speed><course>100.941101</course><hAcc>4.696311</hAcc><vAcc>3.430626</vAcc></extensions></trkpt>
      <trkpt lon="6.813675" lat="45.550121"><ele>2500.819336</ele><time>2022-01-19T12:15:05Z</time><extensions><speed>11.671731</speed><course>95.749397</course><hAcc>4.704720</hAcc><vAcc>3.419085</vAcc></extensions></trkpt>
      <trkpt lon="6.813808" lat="45.550125"><ele>2500.129639</ele><time>2022-01-19T12:15:06Z</time><extensions><speed>10.940730</speed><course>89.692070</course><hAcc>4.709003</hAcc><vAcc>3.413184</vAcc></extensions></trkpt>
      <trkpt lon="6.814053" lat="45.550104"><ele>2499.270020</ele><time>2022-01-19T12:15:08Z</time><extensions><speed>9.904809</speed><course>95.564713</course><hAcc>4.684332</hAcc><vAcc>3.446965</vAcc></extensions></trkpt>
      <trkpt lon="6.814302" lat="45.550122"><ele>2496.718262</ele><time>2022-01-19T12:15:10Z</time><extensions><speed>9.990670</speed><course>84.643593</course><hAcc>4.697803</hAcc><vAcc>3.428584</vAcc></extensions></trkpt>
      <trkpt lon="6.814438" lat="45.550141"><ele>2496.226318</ele><time>2022-01-19T12:15:11Z</time><extensions><speed>10.482495</speed><course>82.862175</course><hAcc>4.689579</hAcc><vAcc>3.439823</vAcc></extensions></trkpt>
      <trkpt lon="6.814569" lat="45.550127"><ele>2493.918457</ele><time>2022-01-19T12:15:12Z</time><extensions><speed>10.441956</speed><course>92.320198</course><hAcc>4.693527</hAcc><vAcc>3.434434</vAcc></extensions></trkpt>
      <trkpt lon="6.814696" lat="45.550101"><ele>2493.008789</ele><time>2022-01-19T12:15:13Z</time><extensions><speed>10.264129</speed><course>102.129936</course><hAcc>4.689844</hAcc><vAcc>3.439463</vAcc></extensions></trkpt>
      <trkpt lon="6.814939" lat="45.550068"><ele>2490.512451</ele><time>2022-01-19T12:15:15Z</time><extensions><speed>9.690396</speed><course>94.485207</course><hAcc>4.692855</hAcc><vAcc>3.435353</vAcc></extensions></trkpt>
      <trkpt lon="6.815188" lat="45.550088"><ele>2488.854736</ele><time>2022-01-19T12:15:17Z</time><extensions><speed>9.767341</speed><course>84.315353</course><hAcc>4.698939</hAcc><vAcc>3.427027</vAcc></extensions></trkpt>
      <trkpt lon="6.815419" lat="45.550062"><ele>2485.747314</ele><time>2022-01-19T12:15:19Z</time><extensions><speed>9.357028</speed><course>101.644020</course><hAcc>4.696042</hAcc><vAcc>3.430996</vAcc></extensions></trkpt>
      <trkpt lon="6.815645" lat="45.550025"><ele>2483.829346</ele><time>2022-01-19T12:15:21Z</time><extensions><speed>9.115947</speed><course>94.777313</course><hAcc>4.699464</hAcc><vAcc>3.426306</vAcc></extensions></trkpt>
      <trkpt lon="6.815901" lat="45.550037"><ele>2479.414551</ele><time>2022-01-19T12:15:23Z</time><extensions><speed>9.997485</speed><course>92.412262</course><hAcc>4.696763</hAcc><vAcc>3.430008</vAcc></extensions></trkpt>
      <trkpt lon="6.816036" lat="45.550022"><ele>2478.266113</ele><time>2022-01-19T12:15:24Z</time><extensions><speed>10.513527</speed><course>96.181366</course><hAcc>4.689332</hAcc><vAcc>3.440159</vAcc></extensions></trkpt>
      <trkpt lon="6.816174" lat="45.550048"><ele>2476.114014</ele><time>2022-01-19T12:15:25Z</time><extensions><speed>11.259190</speed><course>77.977844</course><hAcc>4.690100</hAcc><vAcc>3.439114</vAcc></extensions></trkpt>
      <trkpt lon="6.816320" lat="45.550068"><ele>2472.936035</ele><time>2022-01-19T12:15:26Z</time><extensions><speed>11.810710</speed><course>77.833183</course><hAcc>4.696368</hAcc><vAcc>3.430548</vAcc></extensions></trkpt>
      <trkpt lon="6.816461" lat="45.550064"><ele>2471.604736</ele><time>2022-01-19T12:15:27Z</time><extensions><speed>11.348975</speed><course>89.577301</course><hAcc>4.695962</hAcc><vAcc>3.431104</vAcc></extensions></trkpt>
      <trkpt lon="6.816609" lat="45.550076"><ele>2469.010986</ele><time>2022-01-19T12:15:28Z</time><extensions><speed>11.899431</speed><course>82.276749</course><hAcc>4.696991</hAcc><vAcc>3.429695</vAcc></extensions></trkpt>
      <trkpt lon="6.816757" lat="45.550115"><ele>2466.112061</ele><time>2022-01-19T12:15:29Z</time><extensions><speed>12.477156</speed><course>72.951088</course><hAcc>4.698637</hAcc><vAcc>3.427441</vAcc></extensions></trkpt>
      <trkpt lon="6.816983" lat="45.550081"><ele>2465.259033</ele><time>2022-01-19T12:15:31Z</time><extensions><speed>8.459977</speed><course>103.366249</course><hAcc>4.695629</hAcc><vAcc>3.431560</vAcc></extensions></trkpt>
      <trkpt lon="6.817198" lat="45.550098"><ele>2461.278320</ele><time>2022-01-19T12:15:33Z</time><extensions><speed>8.627884</speed><course>86.290665</course><hAcc>4.691291</hAcc><vAcc>3.437489</vAcc></extensions></trkpt>
      <trkpt lon="6.817347" lat="45.550031"><ele>2458.733398</ele><time>2022-01-19T12:15:35Z</time><extensions><speed>7.334904</speed><course>114.983482</course><hAcc>4.680809</hAcc><vAcc>3.451748</vAcc></extensions></trkpt>
      <trkpt lon="6.817561" lat="45.550050"><ele>2454.086670</ele><time>2022-01-19T12:15:37Z</time><extensions><speed>8.851384</speed><course>93.185081</course><hAcc>4.683399</hAcc><vAcc>3.448234</vAcc></extensions></trkpt>
      <trkpt lon="6.817780" lat="45.550062"><ele>2449.789795</ele><time>2022-01-19T12:15:39Z</time><extensions><speed>9.234031</speed><course>73.305733</course><hAcc>4.673481</hAcc><vAcc>3.461663</vAcc></extensions></trkpt>
      <trkpt lon="6.817997" lat="45.550052"><ele>2444.657471</ele><time>2022-01-19T12:15:41Z</time><extensions><speed>8.659571</speed><course>95.340889</course><hAcc>4.671717</hAcc><vAcc>3.464043</vAcc></extensions></trkpt>
      <trkpt lon="6.818209" lat="45.550130"><ele>2439.142822</ele><time>2022-01-19T12:15:43Z</time><extensions><speed>9.445361</speed><course>71.593674</course><hAcc>4.666665</hAcc><vAcc>3.470847</vAcc></extensions></trkpt>
      <trkpt lon="6.818431" lat="45.550247"><ele>2434.728271</ele><time>2022-01-19T12:15:45Z</time><extensions><speed>11.719917</speed><course>47.309952</course><hAcc>4.660525</hAcc><vAcc>3.479086</vAcc></extensions></trkpt>
      <trkpt lon="6.818492" lat="45.550364"><ele>2431.568115</ele><time>2022-01-19T12:15:46Z</time><extensions><speed>12.984150</speed><course>29.720219</course><hAcc>4.669260</hAcc><vAcc>3.467355</vAcc></extensions></trkpt>
      <trkpt lon="6.818556" lat="45.550468"><ele>2430.059326</ele><time>2022-01-19T12:15:47Z</time><extensions><speed>12.713184</speed><course>31.122293</course><hAcc>4.663836</hAcc><vAcc>3.474648</vAcc></extensions></trkpt>
      <trkpt lon="6.818667" lat="45.550544"><ele>2428.045898</ele><time>2022-01-19T12:15:48Z</time><extensions><speed>12.430202</speed><course>39.397655</course><hAcc>4.658298</hAcc><vAcc>3.482067</vAcc></extensions></trkpt>
      <trkpt lon="6.818759" lat="45.550630"><ele>2425.439453</ele><time>2022-01-19T12:15:49Z</time><extensions><speed>12.376490</speed><course>37.456547</course><hAcc>4.662158</hAcc><vAcc>3.476897</vAcc></extensions></trkpt>
      <trkpt lon="6.818811" lat="45.550735"><ele>2423.298340</ele><time>2022-01-19T12:15:50Z</time><extensions><speed>12.186718</speed><course>28.280727</course><hAcc>4.662641</hAcc><vAcc>3.476250</vAcc></extensions></trkpt>
      <trkpt lon="6.818893" lat="45.550805"><ele>2420.645508</ele><time>2022-01-19T12:15:51Z</time><extensions><speed>11.117533</speed><course>34.662178</course><hAcc>4.665643</hAcc><vAcc>3.472220</vAcc></extensions></trkpt>
      <trkpt lon="6.818982" lat="45.550981"><ele>2412.363037</ele><time>2022-01-19T12:15:53Z</time><extensions><speed>11.287308</speed><course>19.968235</course><hAcc>4.676474</hAcc><vAcc>3.457619</vAcc></extensions></trkpt>
      <trkpt lon="6.819068" lat="45.551055"><ele>2409.098145</ele><time>2022-01-19T12:15:54Z</time><extensions><speed>11.022618</speed><course>30.802307</course><hAcc>4.677097</hAcc><vAcc>3.456776</vAcc></extensions></trkpt>
      <trkpt lon="6.819162" lat="45.551144"><ele>2405.481934</ele><time>2022-01-19T12:15:55Z</time><extensions><speed>12.152814</speed><course>32.906631</course><hAcc>4.680536</hAcc><vAcc>3.452118</vAcc></extensions></trkpt>
      <trkpt lon="6.819199" lat="45.551274"><ele>2403.016602</ele><time>2022-01-19T12:15:56Z</time><extensions><speed>13.517432</speed><course>20.065287</course><hAcc>4.683983</hAcc><vAcc>3.447439</vAcc></extensions></trkpt>
      <trkpt lon="6.819218" lat="45.551397"><ele>2404.465576</ele><time>2022-01-19T12:15:57Z</time><extensions><speed>13.550427</speed><course>12.171128</course><hAcc>4.688283</hAcc><vAcc>3.441590</vAcc></extensions></trkpt>
      <trkpt lon="6.819232" lat="45.551503"><ele>2404.767822</ele><time>2022-01-19T12:15:58Z</time><extensions><speed>12.539143</speed><course>8.234395</course><hAcc>4.694839</hAcc><vAcc>3.432641</vAcc></extensions></trkpt>
      <trkpt lon="6.819243" lat="45.551595"><ele>2404.937012</ele><time>2022-01-19T12:15:59Z</time><extensions><speed>11.380466</speed><course>5.908208</course><hAcc>4.699307</hAcc><vAcc>3.426522</vAcc></extensions></trkpt>
      <trkpt lon="6.819304" lat="45.551748"><ele>2404.067383</ele><time>2022-01-19T12:16:01Z</time><extensions><speed>9.173605</speed><course>15.793242</course><hAcc>4.704570</hAcc><vAcc>3.419291</vAcc></extensions></trkpt>
      <trkpt lon="6.819338" lat="45.551893"><ele>2402.292969</ele><time>2022-01-19T12:16:03Z</time><extensions><speed>8.539986</speed><course>6.673105</course><hAcc>4.710659</hAcc><vAcc>3.410899</vAcc></extensions></trkpt>
      <trkpt lon="6.819391" lat="45.552055"><ele>2399.609131</ele><time>2022-01-19T12:16:05Z</time><extensions><speed>9.282922</speed><course>20.238655</course><hAcc>4.707165</hAcc><vAcc>3.415718</vAcc></extensions></trkpt>
      <trkpt lon="6.819450" lat="45.552221"><ele>2397.396240</ele><time>2022-01-19T12:16:07Z</time><extensions><speed>9.676577</speed><course>9.023352</course><hAcc>4.716962</hAcc><vAcc>3.402176</vAcc></extensions></trkpt>
      <trkpt lon="6.819537" lat="45.552373"><ele>2394.117432</ele><time>2022-01-19T12:16:09Z</time><extensions><speed>8.938882</speed><course>31.030794</course><hAcc>4.712977</hAcc><vAcc>3.407695</vAcc></extensions></trkpt>
      <trkpt lon="6.819603" lat="45.552493"><ele>2390.989014</ele><time>2022-01-19T12:16:11Z</time><extensions><speed>7.544552</speed><course>4.384642</course><hAcc>4.713394</hAcc><vAcc>3.407118</vAcc></extensions></trkpt>
      <trkpt lon="6.819656" lat="45.552607"><ele>2385.824463</ele><time>2022-01-19T12:16:13Z</time><extensions><speed>6.640452</speed><course>31.969442</course><hAcc>4.708100</hAcc><vAcc>3.414430</vAcc></extensions></trkpt>
      <trkpt lon="6.819663" lat="45.552742"><ele>2379.911621</ele><time>2022-01-19T12:16:15Z</time><extensions><speed>8.444426</speed><course>353.320496</course><hAcc>4.706772</hAcc><vAcc>3.416260</vAcc></extensions></trkpt>
      <trkpt lon="6.819779" lat="45.552839"><ele>2373.803955</ele><time>2022-01-19T12:16:17Z</time><extensions><speed>7.829036</speed><course>44.563530</course><hAcc>4.705212</hAcc><vAcc>3.418409</vAcc></extensions></trkpt>
      <trkpt lon="6.819876" lat="45.552972"><ele>2365.526123</ele><time>2022-01-19T12:16:19Z</time><extensions><speed>8.646437</speed><course>24.690483</course><hAcc>4.705987</hAcc><vAcc>3.417342</vAcc></extensions></trkpt>
      <trkpt lon="6.819806" lat="45.553049"><ele>2362.258545</ele><time>2022-01-19T12:16:20Z</time><extensions><speed>8.765885</speed><course>353.254974</course><hAcc>4.701656</hAcc><vAcc>3.423297</vAcc></extensions></trkpt>
      <trkpt lon="6.819899" lat="45.553202"><ele>2353.663086</ele><time>2022-01-19T12:16:22Z</time><extensions><speed>9.612841</speed><course>27.479094</course><hAcc>4.701692</hAcc><vAcc>3.423249</vAcc></extensions></trkpt>
      <trkpt lon="6.819970" lat="45.553345"><ele>2346.393311</ele><time>2022-01-19T12:16:24Z</time><extensions><speed>8.961359</speed><course>4.653239</course><hAcc>4.697167</hAcc><vAcc>3.429455</vAcc></extensions></trkpt>
      <trkpt lon="6.819935" lat="45.553505"><ele>2338.244629</ele><time>2022-01-19T12:16:26Z</time><extensions><speed>9.619186</speed><course>5.302179</course><hAcc>4.694942</hAcc><vAcc>3.432500</vAcc></extensions></trkpt>
      <trkpt lon="6.820012" lat="45.553651"><ele>2333.609375</ele><time>2022-01-19T12:16:28Z</time><extensions><speed>9.539716</speed><course>10.244040</course><hAcc>4.696572</hAcc><vAcc>3.430270</vAcc></extensions></trkpt>
      <trkpt lon="6.819915" lat="45.553825"><ele>2325.890137</ele><time>2022-01-19T12:16:30Z</time><extensions><speed>10.540999</speed><course>344.650726</course><hAcc>4.692255</hAcc><vAcc>3.436172</vAcc></extensions></trkpt>
      <trkpt lon="6.819942" lat="45.553922"><ele>2323.154053</ele><time>2022-01-19T12:16:31Z</time><extensions><speed>10.851540</speed><course>359.212067</course><hAcc>4.690165</hAcc><vAcc>3.439025</vAcc></extensions></trkpt>
      <trkpt lon="6.819917" lat="45.554030"><ele>2319.128662</ele><time>2022-01-19T12:16:32Z</time><extensions><speed>11.917259</speed><course>352.352081</course><hAcc>4.692474</hAcc><vAcc>3.435873</vAcc></extensions></trkpt>
      <trkpt lon="6.819837" lat="45.554147"><ele>2317.621338</ele><time>2022-01-19T12:16:33Z</time><extensions><speed>13.241027</speed><course>341.120880</course><hAcc>4.692970</hAcc><vAcc>3.435196</vAcc></extensions></trkpt>
      <trkpt lon="6.819755" lat="45.554258"><ele>2315.365723</ele><time>2022-01-19T12:16:34Z</time><extensions><speed>13.633391</speed><course>336.916107</course><hAcc>4.694324</hAcc><vAcc>3.433344</vAcc></extensions></trkpt>
      <trkpt lon="6.819754" lat="45.554350"><ele>2314.910645</ele><time>2022-01-19T12:16:35Z</time><extensions><speed>11.559771</speed><course>348.051941</course><hAcc>4.693103</hAcc><vAcc>3.435014</vAcc></extensions></trkpt>
      <trkpt lon="6.819728" lat="45.554525"><ele>2313.145996</ele><time>2022-01-19T12:16:37Z</time><extensions><speed>10.424994</speed><course>350.763763</course><hAcc>4.693182</hAcc><vAcc>3.434906</vAcc></extensions></trkpt>
      <trkpt lon="6.819729" lat="45.554624"><ele>2313.307617</ele><time>2022-01-19T12:16:38Z</time><extensions><speed>10.666383</speed><course>356.781006</course><hAcc>4.696449</hAcc><vAcc>3.430438</vAcc></extensions></trkpt>
      <trkpt lon="6.819738" lat="45.554715"><ele>2311.950439</ele><time>2022-01-19T12:16:39Z</time><extensions><speed>10.459620</speed><course>0.380915</course><hAcc>4.698658</hAcc><vAcc>3.427411</vAcc></extensions></trkpt>
      <trkpt lon="6.819695" lat="45.554900"><ele>2310.190430</ele><time>2022-01-19T12:16:41Z</time><extensions><speed>10.460050</speed><course>351.778748</course><hAcc>4.704045</hAcc><vAcc>3.420015</vAcc></extensions></trkpt>
      <trkpt lon="6.819663" lat="45.554991"><ele>2310.346924</ele><time>2022-01-19T12:16:42Z</time><extensions><speed>10.345105</speed><course>349.418671</course><hAcc>4.702110</hAcc><vAcc>3.422674</vAcc></extensions></trkpt>
      <trkpt lon="6.819620" lat="45.555165"><ele>2308.885498</ele><time>2022-01-19T12:16:44Z</time><extensions><speed>10.034799</speed><course>349.777405</course><hAcc>4.704724</hAcc><vAcc>3.419080</vAcc></extensions></trkpt>
      <trkpt lon="6.819611" lat="45.555320"><ele>2307.472168</ele><time>2022-01-19T12:16:46Z</time><extensions><speed>8.977597</speed><course>357.108368</course><hAcc>4.709267</hAcc><vAcc>3.412820</vAcc></extensions></trkpt>
      <trkpt lon="6.819630" lat="45.555470"><ele>2306.927490</ele><time>2022-01-19T12:16:48Z</time><extensions><speed>8.452738</speed><course>1.615351</course><hAcc>4.712345</hAcc><vAcc>3.408569</vAcc></extensions></trkpt>
      <trkpt lon="6.819615" lat="45.555608"><ele>2304.986572</ele><time>2022-01-19T12:16:50Z</time><extensions><speed>7.918257</speed><course>356.715332</course><hAcc>4.714911</hAcc><vAcc>3.405020</vAcc></extensions></trkpt>
      <trkpt lon="6.819600" lat="45.555749"><ele>2304.540283</ele><time>2022-01-19T12:16:52Z</time><extensions><speed>7.858459</speed><course>355.302673</course><hAcc>4.716073</hAcc><vAcc>3.403409</vAcc></extensions></trkpt>
      <trkpt lon="6.819572" lat="45.555879"><ele>2304.088867</ele><time>2022-01-19T12:16:54Z</time><extensions><speed>7.496433</speed><course>351.523163</course><hAcc>4.717922</hAcc><vAcc>3.400845</vAcc></extensions></trkpt>
      <trkpt lon="6.819525" lat="45.556006"><ele>2302.855957</ele><time>2022-01-19T12:16:56Z</time><extensions><speed>7.347456</speed><course>346.638123</course><hAcc>4.718431</hAcc><vAcc>3.400139</vAcc></extensions></trkpt>
      <trkpt lon="6.819468" lat="45.556134"><ele>2301.940918</ele><time>2022-01-19T12:16:58Z</time><extensions><speed>7.532661</speed><course>343.979401</course><hAcc>4.717540</hAcc><vAcc>3.401375</vAcc></extensions></trkpt>
      <trkpt lon="6.819429" lat="45.556266"><ele>2300.876953</ele><time>2022-01-19T12:17:00Z</time><extensions><speed>7.475337</speed><course>347.148468</course><hAcc>4.718748</hAcc><vAcc>3.399699</vAcc></extensions></trkpt>
      <trkpt lon="6.819413" lat="45.556397"><ele>2299.926025</ele><time>2022-01-19T12:17:02Z</time><extensions><speed>7.359366</speed><course>354.619720</course><hAcc>4.720508</hAcc><vAcc>3.397256</vAcc></extensions></trkpt>
      <trkpt lon="6.819396" lat="45.556525"><ele>2298.691650</ele><time>2022-01-19T12:17:04Z</time><extensions><speed>7.247375</speed><course>354.585083</course><hAcc>4.718448</hAcc><vAcc>3.400116</vAcc></extensions></trkpt>
      <trkpt lon="6.819379" lat="45.556660"><ele>2297.675293</ele><time>2022-01-19T12:17:06Z</time><extensions><speed>7.522485</speed><course>353.162903</course><hAcc>4.716575</hAcc><vAcc>3.402713</vAcc></extensions></trkpt>
      <trkpt lon="6.819322" lat="45.556801"><ele>2295.933594</ele><time>2022-01-19T12:17:08Z</time><extensions><speed>8.183690</speed><course>348.708008</course><hAcc>4.717865</hAcc><vAcc>3.400924</vAcc></extensions></trkpt>
      <trkpt lon="6.819327" lat="45.556955"><ele>2293.857910</ele><time>2022-01-19T12:17:10Z</time><extensions><speed>8.706592</speed><course>357.844208</course><hAcc>4.717402</hAcc><vAcc>3.401567</vAcc></extensions></trkpt>
      <trkpt lon="6.819277" lat="45.557114"><ele>2292.359375</ele><time>2022-01-19T12:17:12Z</time><extensions><speed>8.903469</speed><course>351.627197</course><hAcc>4.716771</hAcc><vAcc>3.402442</vAcc></extensions></trkpt>
      <trkpt lon="6.819268" lat="45.557262"><ele>2291.234863</ele><time>2022-01-19T12:17:14Z</time><extensions><speed>8.332365</speed><course>350.412415</course><hAcc>4.716629</hAcc><vAcc>3.402639</vAcc></extensions></trkpt>
      <trkpt lon="6.819251" lat="45.557386"><ele>2289.742676</ele><time>2022-01-19T12:17:16Z</time><extensions><speed>6.858121</speed><course>356.583282</course><hAcc>4.711060</hAcc><vAcc>3.410345</vAcc></extensions></trkpt>
      <trkpt lon="6.819256" lat="45.557492"><ele>2289.813477</ele><time>2022-01-19T12:17:23Z</time><extensions><speed>3.088016</speed><course>16.342571</course><hAcc>4.700121</hAcc><vAcc>3.425405</vAcc></extensions></trkpt>
      <trkpt lon="6.819235" lat="45.557592"><ele>2289.272461</ele><time>2022-01-19T12:17:26Z</time><extensions><speed>4.189128</speed><course>352.166199</course><hAcc>4.701384</hAcc><vAcc>3.423672</vAcc></extensions></trkpt>
      <trkpt lon="6.819228" lat="45.557693"><ele>2287.246826</ele><time>2022-01-19T12:17:28Z</time><extensions><speed>5.376611</speed><course>357.556915</course><hAcc>4.706064</hAcc><vAcc>3.417236</vAcc></extensions></trkpt>
      <trkpt lon="6.819276" lat="45.557832"><ele>2284.144043</ele><time>2022-01-19T12:17:30Z</time><extensions><speed>7.573741</speed><course>13.193130</course><hAcc>4.710694</hAcc><vAcc>3.410851</vAcc></extensions></trkpt>
      <trkpt lon="6.819437" lat="45.557985"><ele>2279.141602</ele><time>2022-01-19T12:17:32Z</time><extensions><speed>10.150622</speed><course>32.508698</course><hAcc>4.709481</hAcc><vAcc>3.412525</vAcc></extensions></trkpt>
      <trkpt lon="6.819486" lat="45.558086"><ele>2276.606445</ele><time>2022-01-19T12:17:33Z</time><extensions><speed>11.181581</speed><course>24.076511</course><hAcc>4.710650</hAcc><vAcc>3.410911</vAcc></extensions></trkpt>
      <trkpt lon="6.819563" lat="45.558174"><ele>2274.970459</ele><time>2022-01-19T12:17:34Z</time><extensions><speed>11.447082</speed><course>28.372044</course><hAcc>4.712592</hAcc><vAcc>3.408228</vAcc></extensions></trkpt>
      <trkpt lon="6.819634" lat="45.558270"><ele>2273.594727</ele><time>2022-01-19T12:17:35Z</time><extensions><speed>11.805237</speed><course>26.994423</course><hAcc>4.713004</hAcc><vAcc>3.407658</vAcc></extensions></trkpt>
      <trkpt lon="6.819700" lat="45.558361"><ele>2272.012695</ele><time>2022-01-19T12:17:36Z</time><extensions><speed>11.623193</speed><course>27.537535</course><hAcc>4.709375</hAcc><vAcc>3.412671</vAcc></extensions></trkpt>
      <trkpt lon="6.819763" lat="45.558451"><ele>2270.285889</ele><time>2022-01-19T12:17:37Z</time><extensions><speed>11.457104</speed><course>25.188553</course><hAcc>4.709306</hAcc><vAcc>3.412766</vAcc></extensions></trkpt>
      <trkpt lon="6.819833" lat="45.558532"><ele>2269.746582</ele><time>2022-01-19T12:17:38Z</time><extensions><speed>10.816872</speed><course>31.646179</course><hAcc>4.713756</hAcc><vAcc>3.406618</vAcc></extensions></trkpt>
      <trkpt lon="6.819923" lat="45.558685"><ele>2267.251221</ele><time>2022-01-19T12:17:40Z</time><extensions><speed>9.281265</speed><course>25.474903</course><hAcc>4.706377</hAcc><vAcc>3.416804</vAcc></extensions></trkpt>
      <trkpt lon="6.820012" lat="45.558832"><ele>2266.472412</ele><time>2022-01-19T12:17:42Z</time><extensions><speed>9.045261</speed><course>15.875046</course><hAcc>4.706654</hAcc><vAcc>3.416423</vAcc></extensions></trkpt>
      <trkpt lon="6.820133" lat="45.558978"><ele>2264.716553</ele><time>2022-01-19T12:17:44Z</time><extensions><speed>9.493133</speed><course>32.134331</course><hAcc>4.717219</hAcc><vAcc>3.401821</vAcc></extensions></trkpt>
      <trkpt lon="6.820240" lat="45.559107"><ele>2261.909180</ele><time>2022-01-19T12:17:46Z</time><extensions><speed>8.624327</speed><course>20.967993</course><hAcc>4.712424</hAcc><vAcc>3.408459</vAcc></extensions></trkpt>
      <trkpt lon="6.820344" lat="45.559240"><ele>2259.264160</ele><time>2022-01-19T12:17:48Z</time><extensions><speed>8.769564</speed><course>29.201748</course><hAcc>4.715425</hAcc><vAcc>3.404307</vAcc></extensions></trkpt>
      <trkpt lon="6.820399" lat="45.559395"><ele>2257.813232</ele><time>2022-01-19T12:17:50Z</time><extensions><speed>8.966165</speed><course>19.627161</course><hAcc>4.715369</hAcc><vAcc>3.404385</vAcc></extensions></trkpt>
      <trkpt lon="6.820514" lat="45.559532"><ele>2255.256592</ele><time>2022-01-19T12:17:52Z</time><extensions><speed>9.013799</speed><course>25.875063</course><hAcc>4.718719</hAcc><vAcc>3.399739</vAcc></extensions></trkpt>
      <trkpt lon="6.820550" lat="45.559618"><ele>2254.673584</ele><time>2022-01-19T12:17:53Z</time><extensions><speed>9.652726</speed><course>19.167128</course><hAcc>4.714225</hAcc><vAcc>3.405968</vAcc></extensions></trkpt>
      <trkpt lon="6.820652" lat="45.559769"><ele>2252.226318</ele><time>2022-01-19T12:17:55Z</time><extensions><speed>9.579008</speed><course>22.515192</course><hAcc>4.717841</hAcc><vAcc>3.400958</vAcc></extensions></trkpt>
      <trkpt lon="6.820770" lat="45.559912"><ele>2249.127930</ele><time>2022-01-19T12:17:57Z</time><extensions><speed>9.185509</speed><course>30.406525</course><hAcc>4.717788</hAcc><vAcc>3.401031</vAcc></extensions></trkpt>
      <trkpt lon="6.820812" lat="45.560073"><ele>2246.644531</ele><time>2022-01-19T12:17:59Z</time><extensions><speed>9.018729</speed><course>18.469393</course><hAcc>4.716105</hAcc><vAcc>3.403365</vAcc></extensions></trkpt>
      <trkpt lon="6.820904" lat="45.560225"><ele>2244.064209</ele><time>2022-01-19T12:18:01Z</time><extensions><speed>9.233802</speed><course>24.172682</course><hAcc>4.715580</hAcc><vAcc>3.404093</vAcc></extensions></trkpt>
      <trkpt lon="6.820994" lat="45.560386"><ele>2242.372803</ele><time>2022-01-19T12:18:03Z</time><extensions><speed>9.730714</speed><course>17.366840</course><hAcc>4.718017</hAcc><vAcc>3.400713</vAcc></extensions></trkpt>
      <trkpt lon="6.821119" lat="45.560531"><ele>2240.095947</ele><time>2022-01-19T12:18:05Z</time><extensions><speed>9.542266</speed><course>32.826385</course><hAcc>4.719478</hAcc><vAcc>3.398686</vAcc></extensions></trkpt>
      <trkpt lon="6.821216" lat="45.560688"><ele>2239.297607</ele><time>2022-01-19T12:18:07Z</time><extensions><speed>9.410827</speed><course>29.086493</course><hAcc>4.716033</hAcc><vAcc>3.403465</vAcc></extensions></trkpt>
      <trkpt lon="6.821313" lat="45.560835"><ele>2237.310791</ele><time>2022-01-19T12:18:09Z</time><extensions><speed>9.120555</speed><course>27.360249</course><hAcc>4.716713</hAcc><vAcc>3.402522</vAcc></extensions></trkpt>
      <trkpt lon="6.821436" lat="45.560976"><ele>2235.475586</ele><time>2022-01-19T12:18:11Z</time><extensions><speed>9.470696</speed><course>26.014528</course><hAcc>4.732340</hAcc><vAcc>3.380754</vAcc></extensions></trkpt>
      <trkpt lon="6.821572" lat="45.561129"><ele>2230.102051</ele><time>2022-01-19T12:18:13Z</time><extensions><speed>10.429320</speed><course>31.777563</course><hAcc>4.715635</hAcc><vAcc>3.404016</vAcc></extensions></trkpt>
      <trkpt lon="6.821610" lat="45.561224"><ele>2227.761475</ele><time>2022-01-19T12:18:14Z</time><extensions><speed>10.954063</speed><course>19.188250</course><hAcc>4.713157</hAcc><vAcc>3.407446</vAcc></extensions></trkpt>
      <trkpt lon="6.821651" lat="45.561330"><ele>2226.099609</ele><time>2022-01-19T12:18:15Z</time><extensions><speed>11.687344</speed><course>17.932121</course><hAcc>4.708930</hAcc><vAcc>3.413285</vAcc></extensions></trkpt>
      <trkpt lon="6.821823" lat="45.561458"><ele>2223.039307</ele><time>2022-01-19T12:18:17Z</time><extensions><speed>10.273083</speed><course>36.320118</course><hAcc>4.713406</hAcc><vAcc>3.407102</vAcc></extensions></trkpt>
      <trkpt lon="6.821869" lat="45.561550"><ele>2220.864746</ele><time>2022-01-19T12:18:18Z</time><extensions><speed>10.830941</speed><course>24.313908</course><hAcc>4.705318</hAcc><vAcc>3.418263</vAcc></extensions></trkpt>
      <trkpt lon="6.821944" lat="45.561630"><ele>2218.350586</ele><time>2022-01-19T12:18:19Z</time><extensions><speed>10.908921</speed><course>32.117916</course><hAcc>4.710635</hAcc><vAcc>3.410931</vAcc></extensions></trkpt>
      <trkpt lon="6.822002" lat="45.561721"><ele>2216.929199</ele><time>2022-01-19T12:18:20Z</time><extensions><speed>11.217752</speed><course>25.396576</course><hAcc>4.711125</hAcc><vAcc>3.410254</vAcc></extensions></trkpt>
      <trkpt lon="6.822081" lat="45.561817"><ele>2215.450684</ele><time>2022-01-19T12:18:21Z</time><extensions><speed>11.973607</speed><course>30.824078</course><hAcc>4.707924</hAcc><vAcc>3.414673</vAcc></extensions></trkpt>
      <trkpt lon="6.822166" lat="45.561904"><ele>2214.316406</ele><time>2022-01-19T12:18:22Z</time><extensions><speed>11.973773</speed><course>32.274918</course><hAcc>4.703428</hAcc><vAcc>3.420863</vAcc></extensions></trkpt>
      <trkpt lon="6.822216" lat="45.562002"><ele>2213.209473</ele><time>2022-01-19T12:18:23Z</time><extensions><speed>11.791435</speed><course>23.786835</course><hAcc>4.699725</hAcc><vAcc>3.425948</vAcc></extensions></trkpt>
      <trkpt lon="6.822285" lat="45.562097"><ele>2212.320312</ele><time>2022-01-19T12:18:24Z</time><extensions><speed>11.732822</speed><course>28.931503</course><hAcc>4.699102</hAcc><vAcc>3.426803</vAcc></extensions></trkpt>
      <trkpt lon="6.822368" lat="45.562178"><ele>2211.503906</ele><time>2022-01-19T12:18:25Z</time><extensions><speed>11.479085</speed><course>32.213966</course><hAcc>4.706786</hAcc><vAcc>3.416242</vAcc></extensions></trkpt>
      <trkpt lon="6.822409" lat="45.562276"><ele>2210.594727</ele><time>2022-01-19T12:18:26Z</time><extensions><speed>11.248629</speed><course>21.143764</course><hAcc>4.697911</hAcc><vAcc>3.428436</vAcc></extensions></trkpt>
      <trkpt lon="6.822425" lat="45.562370"><ele>2209.783447</ele><time>2022-01-19T12:18:27Z</time><extensions><speed>10.822659</speed><course>10.446175</course><hAcc>4.696096</hAcc><vAcc>3.430921</vAcc></extensions></trkpt>
      <trkpt lon="6.822434" lat="45.562462"><ele>2209.545166</ele><time>2022-01-19T12:18:28Z</time><extensions><speed>10.424457</speed><course>11.435188</course><hAcc>4.692665</hAcc><vAcc>3.435613</vAcc></extensions></trkpt>
      <trkpt lon="6.822501" lat="45.562540"><ele>2208.958252</ele><time>2022-01-19T12:18:29Z</time><extensions><speed>10.114467</speed><course>25.272346</course><hAcc>4.695390</hAcc><vAcc>3.431887</vAcc></extensions></trkpt>
      <trkpt lon="6.822627" lat="45.562698"><ele>2206.947021</ele><time>2022-01-19T12:18:31Z</time><extensions><speed>10.287677</speed><course>24.405048</course><hAcc>4.698277</hAcc><vAcc>3.427934</vAcc></extensions></trkpt>
      <trkpt lon="6.822751" lat="45.562853"><ele>2206.628906</ele><time>2022-01-19T12:18:33Z</time><extensions><speed>10.004847</speed><course>25.974323</course><hAcc>4.706161</hAcc><vAcc>3.417101</vAcc></extensions></trkpt>
      <trkpt lon="6.822810" lat="45.563006"><ele>2205.133545</ele><time>2022-01-19T12:18:35Z</time><extensions><speed>9.066762</speed><course>14.006178</course><hAcc>4.717392</hAcc><vAcc>3.401580</vAcc></extensions></trkpt>
      <trkpt lon="6.822877" lat="45.563170"><ele>2202.120850</ele><time>2022-01-19T12:18:37Z</time><extensions><speed>9.551033</speed><course>20.324141</course><hAcc>4.705178</hAcc><vAcc>3.418456</vAcc></extensions></trkpt>
      <trkpt lon="6.822995" lat="45.563321"><ele>2200.498535</ele><time>2022-01-19T12:18:39Z</time><extensions><speed>9.779456</speed><course>21.417271</course><hAcc>4.719412</hAcc><vAcc>3.398778</vAcc></extensions></trkpt>
      <trkpt lon="6.823038" lat="45.563408"><ele>2198.519775</ele><time>2022-01-19T12:18:40Z</time><extensions><speed>10.377758</speed><course>18.025518</course><hAcc>4.701342</hAcc><vAcc>3.423729</vAcc></extensions></trkpt>
      <trkpt lon="6.823164" lat="45.563559"><ele>2197.486572</ele><time>2022-01-19T12:18:42Z</time><extensions><speed>9.744217</speed><course>27.151834</course><hAcc>4.713745</hAcc><vAcc>3.406632</vAcc></extensions></trkpt>
      <trkpt lon="6.823260" lat="45.563713"><ele>2195.644775</ele><time>2022-01-19T12:18:44Z</time><extensions><speed>9.353936</speed><course>22.927206</course><hAcc>4.719718</hAcc><vAcc>3.398353</vAcc></extensions></trkpt>
      <trkpt lon="6.823347" lat="45.563866"><ele>2195.033936</ele><time>2022-01-19T12:18:46Z</time><extensions><speed>9.069743</speed><course>22.033943</course><hAcc>4.723445</hAcc><vAcc>3.393170</vAcc></extensions></trkpt>
      <trkpt lon="6.823426" lat="45.564020"><ele>2194.098877</ele><time>2022-01-19T12:18:48Z</time><extensions><speed>8.860007</speed><course>20.117819</course><hAcc>4.716442</hAcc><vAcc>3.402898</vAcc></extensions></trkpt>
      <trkpt lon="6.823484" lat="45.564173"><ele>2192.820068</ele><time>2022-01-19T12:18:50Z</time><extensions><speed>8.800241</speed><course>14.186340</course><hAcc>4.715324</hAcc><vAcc>3.404446</vAcc></extensions></trkpt>
      <trkpt lon="6.823558" lat="45.564318"><ele>2190.691650</ele><time>2022-01-19T12:18:52Z</time><extensions><speed>8.583885</speed><course>22.835896</course><hAcc>4.719524</hAcc><vAcc>3.398622</vAcc></extensions></trkpt>
      <trkpt lon="6.823675" lat="45.564455"><ele>2189.146484</ele><time>2022-01-19T12:18:54Z</time><extensions><speed>8.821082</speed><course>26.691029</course><hAcc>4.719383</hAcc><vAcc>3.398817</vAcc></extensions></trkpt>
      <trkpt lon="6.823749" lat="45.564610"><ele>2187.156982</ele><time>2022-01-19T12:18:56Z</time><extensions><speed>9.243835</speed><course>18.559296</course><hAcc>4.720809</hAcc><vAcc>3.396837</vAcc></extensions></trkpt>
      <trkpt lon="6.823875" lat="45.564755"><ele>2184.750977</ele><time>2022-01-19T12:18:58Z</time><extensions><speed>9.694426</speed><course>34.624573</course><hAcc>4.721551</hAcc><vAcc>3.395805</vAcc></extensions></trkpt>
      <trkpt lon="6.824021" lat="45.564887"><ele>2184.374756</ele><time>2022-01-19T12:19:00Z</time><extensions><speed>9.158651</speed><course>36.692577</course><hAcc>4.722656</hAcc><vAcc>3.394269</vAcc></extensions></trkpt>
      <trkpt lon="6.824140" lat="45.565007"><ele>2183.300049</ele><time>2022-01-19T12:19:02Z</time><extensions><speed>8.220778</speed><course>33.403145</course><hAcc>4.724088</hAcc><vAcc>3.392275</vAcc></extensions></trkpt>
      <trkpt lon="6.824244" lat="45.565132"><ele>2183.159424</ele><time>2022-01-19T12:19:04Z</time><extensions><speed>7.893752</speed><course>31.413170</course><hAcc>4.724164</hAcc><vAcc>3.392169</vAcc></extensions></trkpt>
      <trkpt lon="6.824341" lat="45.565253"><ele>2182.827148</ele><time>2022-01-19T12:19:06Z</time><extensions><speed>7.565224</speed><course>30.225864</course><hAcc>4.727288</hAcc><vAcc>3.387815</vAcc></extensions></trkpt>
      <trkpt lon="6.824423" lat="45.565364"><ele>2181.887451</ele><time>2022-01-19T12:19:08Z</time><extensions><speed>7.091514</speed><course>27.365292</course><hAcc>4.728824</hAcc><vAcc>3.385670</vAcc></extensions></trkpt>
      <trkpt lon="6.824496" lat="45.565473"><ele>2181.387207</ele><time>2022-01-19T12:19:10Z</time><extensions><speed>6.767555</speed><course>25.084414</course><hAcc>4.733460</hAcc><vAcc>3.379185</vAcc></extensions></trkpt>
      <trkpt lon="6.824565" lat="45.565577"><ele>2180.323242</ele><time>2022-01-19T12:19:12Z</time><extensions><speed>6.472825</speed><course>23.447569</course><hAcc>4.733958</hAcc><vAcc>3.378488</vAcc></extensions></trkpt>
      <trkpt lon="6.824622" lat="45.565681"><ele>2179.895508</ele><time>2022-01-19T12:19:14Z</time><extensions><speed>6.121748</speed><course>21.592390</course><hAcc>4.729085</hAcc><vAcc>3.385304</vAcc></extensions></trkpt>
      <trkpt lon="6.824666" lat="45.565781"><ele>2180.316650</ele><time>2022-01-19T12:19:16Z</time><extensions><speed>5.702436</speed><course>18.260235</course><hAcc>4.730292</hAcc><vAcc>3.383619</vAcc></extensions></trkpt>
      <trkpt lon="6.824725" lat="45.565907"><ele>2179.055908</ele><time>2022-01-19T12:19:19Z</time><extensions><speed>5.124293</speed><course>16.919830</course><hAcc>4.726796</hAcc><vAcc>3.388500</vAcc></extensions></trkpt>
      <trkpt lon="6.824784" lat="45.566029"><ele>2178.429688</ele><time>2022-01-19T12:19:22Z</time><extensions><speed>4.626157</speed><course>21.325748</course><hAcc>4.727392</hAcc><vAcc>3.387670</vAcc></extensions></trkpt>
      <trkpt lon="6.824862" lat="45.566140"><ele>2176.712646</ele><time>2022-01-19T12:19:25Z</time><extensions><speed>4.890905</speed><course>24.848934</course><hAcc>4.729718</hAcc><vAcc>3.384421</vAcc></extensions></trkpt>
      <trkpt lon="6.824907" lat="45.566231"><ele>2175.820557</ele><time>2022-01-19T12:19:27Z</time><extensions><speed>5.423765</speed><course>19.386324</course><hAcc>4.727766</hAcc><vAcc>3.387148</vAcc></extensions></trkpt>
      <trkpt lon="6.824963" lat="45.566324"><ele>2175.029053</ele><time>2022-01-19T12:19:29Z</time><extensions><speed>5.703430</speed><course>23.126051</course><hAcc>4.728580</hAcc><vAcc>3.386011</vAcc></extensions></trkpt>
      <trkpt lon="6.825047" lat="45.566410"><ele>2174.551514</ele><time>2022-01-19T12:19:31Z</time><extensions><speed>5.837607</speed><course>32.885662</course><hAcc>4.724046</hAcc><vAcc>3.392334</vAcc></extensions></trkpt>
      <trkpt lon="6.825107" lat="45.566504"><ele>2174.563232</ele><time>2022-01-19T12:19:33Z</time><extensions><speed>5.517570</speed><course>21.292244</course><hAcc>4.723837</hAcc><vAcc>3.392624</vAcc></extensions></trkpt>
      <trkpt lon="6.825107" lat="45.566600"><ele>2173.378174</ele><time>2022-01-19T12:19:35Z</time><extensions><speed>5.439637</speed><course>0.391950</course><hAcc>4.721242</hAcc><vAcc>3.396234</vAcc></extensions></trkpt>
      <trkpt lon="6.825075" lat="45.566692"><ele>2172.544922</ele><time>2022-01-19T12:19:37Z</time><extensions><speed>5.451442</speed><course>352.069794</course><hAcc>4.721171</hAcc><vAcc>3.396333</vAcc></extensions></trkpt>
      <trkpt lon="6.825148" lat="45.566787"><ele>2170.784912</ele><time>2022-01-19T12:19:41Z</time><extensions><speed>2.856433</speed><course>2.120175</course><hAcc>4.723706</hAcc><vAcc>3.392806</vAcc></extensions></trkpt>
      <trkpt lon="6.825268" lat="45.566850"><ele>2167.825684</ele><time>2022-01-19T12:23:41Z</time><extensions><speed>0.000000</speed><course>61.969589</course><hAcc>4.705589</hAcc><vAcc>3.417890</vAcc></extensions></trkpt>
      <trkpt lon="6.825434" lat="45.566927"><ele>2164.979492</ele><time>2022-01-19T12:23:44Z</time><extensions><speed>5.351088</speed><course>59.338493</course><hAcc>4.726331</hAcc><vAcc>3.389148</vAcc></extensions></trkpt>
      <trkpt lon="6.825655" lat="45.566963"><ele>2162.557617</ele><time>2022-01-19T12:23:46Z</time><extensions><speed>7.966555</speed><course>73.782684</course><hAcc>4.730390</hAcc><vAcc>3.383481</vAcc></extensions></trkpt>
      <trkpt lon="6.825787" lat="45.567107"><ele>2159.467041</ele><time>2022-01-19T12:23:48Z</time><extensions><speed>8.697852</speed><course>35.290730</course><hAcc>4.713203</hAcc><vAcc>3.407382</vAcc></extensions></trkpt>
      <trkpt lon="6.825892" lat="45.567267"><ele>2156.051025</ele><time>2022-01-19T12:23:50Z</time><extensions><speed>9.666796</speed><course>28.842607</course><hAcc>4.711677</hAcc><vAcc>3.409492</vAcc></extensions></trkpt>
      <trkpt lon="6.826020" lat="45.567423"><ele>2152.937500</ele><time>2022-01-19T12:23:52Z</time><extensions><speed>10.095407</speed><course>28.287413</course><hAcc>4.711712</hAcc><vAcc>3.409444</vAcc></extensions></trkpt>
      <trkpt lon="6.826096" lat="45.567503"><ele>2150.735107</ele><time>2022-01-19T12:23:53Z</time><extensions><speed>10.513865</speed><course>30.352074</course><hAcc>4.708107</hAcc><vAcc>3.414420</vAcc></extensions></trkpt>
      <trkpt lon="6.826140" lat="45.567596"><ele>2148.887939</ele><time>2022-01-19T12:23:54Z</time><extensions><speed>10.841371</speed><course>22.589100</course><hAcc>4.708111</hAcc><vAcc>3.414414</vAcc></extensions></trkpt>
      <trkpt lon="6.826206" lat="45.567697"><ele>2146.547852</ele><time>2022-01-19T12:23:55Z</time><extensions><speed>11.819661</speed><course>26.073318</course><hAcc>4.707306</hAcc><vAcc>3.415524</vAcc></extensions></trkpt>
      <trkpt lon="6.826317" lat="45.567769"><ele>2144.295654</ele><time>2022-01-19T12:23:56Z</time><extensions><speed>11.655209</speed><course>40.263130</course><hAcc>4.708258</hAcc><vAcc>3.414212</vAcc></extensions></trkpt>
      <trkpt lon="6.826424" lat="45.567846"><ele>2142.196289</ele><time>2022-01-19T12:23:57Z</time><extensions><speed>12.051103</speed><course>39.562614</course><hAcc>4.717019</hAcc><vAcc>3.402098</vAcc></extensions></trkpt>
      <trkpt lon="6.826516" lat="45.567942"><ele>2140.095947</ele><time>2022-01-19T12:23:58Z</time><extensions><speed>12.557735</speed><course>37.090443</course><hAcc>4.716753</hAcc><vAcc>3.402466</vAcc></extensions></trkpt>
      <trkpt lon="6.826613" lat="45.568029"><ele>2137.369385</ele><time>2022-01-19T12:23:59Z</time><extensions><speed>12.619222</speed><course>34.415768</course><hAcc>4.710284</hAcc><vAcc>3.411416</vAcc></extensions></trkpt>
      <trkpt lon="6.826662" lat="45.568147"><ele>2134.664551</ele><time>2022-01-19T12:24:00Z</time><extensions><speed>13.182656</speed><course>22.706480</course><hAcc>4.700125</hAcc><vAcc>3.425399</vAcc></extensions></trkpt>
      <trkpt lon="6.826733" lat="45.568250"><ele>2132.403809</ele><time>2022-01-19T12:24:01Z</time><extensions><speed>13.135927</speed><course>25.375795</course><hAcc>4.700040</hAcc><vAcc>3.425516</vAcc></extensions></trkpt>
      <trkpt lon="6.826774" lat="45.568364"><ele>2130.385742</ele><time>2022-01-19T12:24:02Z</time><extensions><speed>13.185824</speed><course>17.956505</course><hAcc>4.699899</hAcc><vAcc>3.425709</vAcc></extensions></trkpt>
      <trkpt lon="6.826845" lat="45.568459"><ele>2127.179199</ele><time>2022-01-19T12:24:03Z</time><extensions><speed>12.347479</speed><course>26.232260</course><hAcc>4.702558</hAcc><vAcc>3.422058</vAcc></extensions></trkpt>
      <trkpt lon="6.826908" lat="45.568574"><ele>2125.650635</ele><time>2022-01-19T12:24:04Z</time><extensions><speed>12.896784</speed><course>21.181248</course><hAcc>4.694220</hAcc><vAcc>3.433488</vAcc></extensions></trkpt>
      <trkpt lon="6.826938" lat="45.568703"><ele>2123.096924</ele><time>2022-01-19T12:24:05Z</time><extensions><speed>13.897328</speed><course>13.004660</course><hAcc>4.692264</hAcc><vAcc>3.436160</vAcc></extensions></trkpt>
      <trkpt lon="6.827000" lat="45.568811"><ele>2121.446533</ele><time>2022-01-19T12:24:06Z</time><extensions><speed>13.436473</speed><course>20.945070</course><hAcc>4.695761</hAcc><vAcc>3.431380</vAcc></extensions></trkpt>
      <trkpt lon="6.827089" lat="45.568905"><ele>2120.597900</ele><time>2022-01-19T12:24:07Z</time><extensions><speed>12.867089</speed><course>27.948956</course><hAcc>4.704396</hAcc><vAcc>3.419532</vAcc></extensions></trkpt>
      <trkpt lon="6.827149" lat="45.569011"><ele>2119.266602</ele><time>2022-01-19T12:24:08Z</time><extensions><speed>12.887552</speed><course>23.218296</course><hAcc>4.699938</hAcc><vAcc>3.425656</vAcc></extensions></trkpt>
      <trkpt lon="6.827234" lat="45.569104"><ele>2117.099609</ele><time>2022-01-19T12:24:09Z</time><extensions><speed>12.403283</speed><course>31.506342</course><hAcc>4.702828</hAcc><vAcc>3.421687</vAcc></extensions></trkpt>
      <trkpt lon="6.827331" lat="45.569170"><ele>2117.874756</ele><time>2022-01-19T12:24:10Z</time><extensions><speed>10.952696</speed><course>42.280468</course><hAcc>4.707757</hAcc><vAcc>3.414903</vAcc></extensions></trkpt>
      <trkpt lon="6.827519" lat="45.569281"><ele>2116.958252</ele><time>2022-01-19T12:24:12Z</time><extensions><speed>9.750255</speed><course>46.029884</course><hAcc>4.711858</hAcc><vAcc>3.409242</vAcc></extensions></trkpt>
      <trkpt lon="6.827607" lat="45.569386"><ele>2115.775391</ele><time>2022-01-19T12:24:14Z</time><extensions><speed>6.248713</speed><course>27.343147</course><hAcc>4.713175</hAcc><vAcc>3.407421</vAcc></extensions></trkpt>
      <trkpt lon="6.827567" lat="45.569479"><ele>2118.003906</ele><time>2022-01-19T12:24:29Z</time><extensions><speed>0.854806</speed><course>319.049988</course><hAcc>4.709172</hAcc><vAcc>3.412951</vAcc></extensions></trkpt>
      <trkpt lon="6.827700" lat="45.569480"><ele>2117.038818</ele><time>2022-01-19T12:24:42Z</time><extensions><speed>1.063348</speed><course>61.969177</course><hAcc>4.686687</hAcc><vAcc>3.443763</vAcc></extensions></trkpt>
      <trkpt lon="6.827830" lat="45.569464"><ele>2117.788330</ele><time>2022-01-19T12:24:50Z</time><extensions><speed>0.545591</speed><course>99.166847</course><hAcc>4.681594</hAcc><vAcc>3.450682</vAcc></extensions></trkpt>
      <trkpt lon="6.827926" lat="45.569524"><ele>2122.418213</ele><time>2022-01-19T12:25:14Z</time><extensions><speed>0.000000</speed><course>141.319016</course><hAcc>4.692129</hAcc><vAcc>3.436344</vAcc></extensions></trkpt>
      <trkpt lon="6.828045" lat="45.569568"><ele>2118.099121</ele><time>2022-01-19T12:25:40Z</time><extensions><speed>1.269158</speed><course>74.203804</course><hAcc>4.708713</hAcc><vAcc>3.413585</vAcc></extensions></trkpt>
      <trkpt lon="6.828063" lat="45.569476"><ele>2112.449463</ele><time>2022-01-19T12:26:56Z</time><extensions><speed>1.397429</speed><course>155.715256</course><hAcc>4.649921</hAcc><vAcc>3.493246</vAcc></extensions></trkpt>
      <trkpt lon="6.828128" lat="45.569363"><ele>2113.421143</ele><time>2022-01-19T12:26:59Z</time><extensions><speed>4.315036</speed><course>158.144180</course><hAcc>4.653070</hAcc><vAcc>3.489051</vAcc></extensions></trkpt>
      <trkpt lon="6.828188" lat="45.569274"><ele>2114.781494</ele><time>2022-01-19T12:27:01Z</time><extensions><speed>4.808084</speed><course>156.706772</course><hAcc>4.557141</hAcc><vAcc>3.613448</vAcc></extensions></trkpt>
      <trkpt lon="6.828250" lat="45.569151"><ele>2120.475342</ele><time>2022-01-19T12:27:04Z</time><extensions><speed>5.066874</speed><course>159.323669</course><hAcc>4.552147</hAcc><vAcc>3.619737</vAcc></extensions></trkpt>
      <trkpt lon="6.828310" lat="45.569032"><ele>2123.720459</ele><time>2022-01-19T12:27:07Z</time><extensions><speed>4.857643</speed><course>159.661896</course><hAcc>4.623612</hAcc><vAcc>3.527995</vAcc></extensions></trkpt>
      <trkpt lon="6.828366" lat="45.568924"><ele>2128.712402</ele><time>2022-01-19T12:27:10Z</time><extensions><speed>4.757492</speed><course>160.285431</course><hAcc>4.622316</hAcc><vAcc>3.529693</vAcc></extensions></trkpt>
      <trkpt lon="6.828439" lat="45.568803"><ele>2133.938232</ele><time>2022-01-19T12:27:13Z</time><extensions><speed>4.999333</speed><course>158.025345</course><hAcc>4.661487</hAcc><vAcc>3.477798</vAcc></extensions></trkpt>
      <trkpt lon="6.828480" lat="45.568716"><ele>2137.185303</ele><time>2022-01-19T12:27:15Z</time><extensions><speed>5.191877</speed><course>160.199661</course><hAcc>4.650772</hAcc><vAcc>3.492114</vAcc></extensions></trkpt>
      <trkpt lon="6.828538" lat="45.568596"><ele>2142.426514</ele><time>2022-01-19T12:27:18Z</time><extensions><speed>4.831439</speed><course>161.337372</course><hAcc>4.669744</hAcc><vAcc>3.466703</vAcc></extensions></trkpt>
      <trkpt lon="6.828578" lat="45.568508"><ele>2146.633057</ele><time>2022-01-19T12:27:20Z</time><extensions><speed>4.871458</speed><course>161.863113</course><hAcc>4.681784</hAcc><vAcc>3.450426</vAcc></extensions></trkpt>
      <trkpt lon="6.828625" lat="45.568415"><ele>2146.730469</ele><time>2022-01-19T12:27:22Z</time><extensions><speed>5.151414</speed><course>160.498611</course><hAcc>4.665534</hAcc><vAcc>3.472367</vAcc></extensions></trkpt>
      <trkpt lon="6.828678" lat="45.568324"><ele>2148.562988</ele><time>2022-01-19T12:27:24Z</time><extensions><speed>5.168396</speed><course>158.960678</course><hAcc>4.668615</hAcc><vAcc>3.468223</vAcc></extensions></trkpt>
      <trkpt lon="6.828723" lat="45.568236"><ele>2150.502441</ele><time>2022-01-19T12:27:26Z</time><extensions><speed>5.029384</speed><course>159.475754</course><hAcc>4.677376</hAcc><vAcc>3.456398</vAcc></extensions></trkpt>
      <trkpt lon="6.828787" lat="45.568118"><ele>2154.434326</ele><time>2022-01-19T12:27:29Z</time><extensions><speed>4.750894</speed><course>159.455246</course><hAcc>4.677801</hAcc><vAcc>3.455823</vAcc></extensions></trkpt>
      <trkpt lon="6.828857" lat="45.567996"><ele>2157.165039</ele><time>2022-01-19T12:27:32Z</time><extensions><speed>4.968294</speed><course>159.818741</course><hAcc>4.681662</hAcc><vAcc>3.450591</vAcc></extensions></trkpt>
      <trkpt lon="6.828924" lat="45.567875"><ele>2161.708496</ele><time>2022-01-19T12:27:35Z</time><extensions><speed>5.011521</speed><course>159.285019</course><hAcc>4.683557</hAcc><vAcc>3.448019</vAcc></extensions></trkpt>
      <trkpt lon="6.828985" lat="45.567760"><ele>2166.638916</ele><time>2022-01-19T12:27:38Z</time><extensions><speed>4.978824</speed><course>159.126663</course><hAcc>4.687292</hAcc><vAcc>3.442939</vAcc></extensions></trkpt>
      <trkpt lon="6.829044" lat="45.567637"><ele>2171.272461</ele><time>2022-01-19T12:27:41Z</time><extensions><speed>4.799501</speed><course>160.079224</course><hAcc>4.693279</hAcc><vAcc>3.434773</vAcc></extensions></trkpt>
      <trkpt lon="6.829099" lat="45.567549"><ele>2171.553223</ele><time>2022-01-19T12:27:43Z</time><extensions><speed>5.246742</speed><course>158.513794</course><hAcc>4.678698</hAcc><vAcc>3.454610</vAcc></extensions></trkpt>
      <trkpt lon="6.829164" lat="45.567429"><ele>2173.222412</ele><time>2022-01-19T12:27:46Z</time><extensions><speed>5.030950</speed><course>159.190552</course><hAcc>4.682572</hAcc><vAcc>3.449355</vAcc></extensions></trkpt>
      <trkpt lon="6.829215" lat="45.567345"><ele>2175.010254</ele><time>2022-01-19T12:27:48Z</time><extensions><speed>5.032219</speed><course>158.959427</course><hAcc>4.673257</hAcc><vAcc>3.461965</vAcc></extensions></trkpt>
      <trkpt lon="6.829275" lat="45.567220"><ele>2177.209473</ele><time>2022-01-19T12:27:51Z</time><extensions><speed>4.934129</speed><course>159.328537</course><hAcc>4.695572</hAcc><vAcc>3.431638</vAcc></extensions></trkpt>
      <trkpt lon="6.829343" lat="45.567092"><ele>2180.262207</ele><time>2022-01-19T12:27:54Z</time><extensions><speed>5.071297</speed><course>159.072281</course><hAcc>4.692852</hAcc><vAcc>3.435356</vAcc></extensions></trkpt>
      <trkpt lon="6.829410" lat="45.566974"><ele>2183.937500</ele><time>2022-01-19T12:27:57Z</time><extensions><speed>4.842881</speed><course>159.151459</course><hAcc>4.714493</hAcc><vAcc>3.405597</vAcc></extensions></trkpt>
      <trkpt lon="6.829473" lat="45.566851"><ele>2183.571045</ele><time>2022-01-19T12:28:00Z</time><extensions><speed>5.110147</speed><course>159.939636</course><hAcc>4.696412</hAcc><vAcc>3.430489</vAcc></extensions></trkpt>
      <trkpt lon="6.829535" lat="45.566726"><ele>2184.557129</ele><time>2022-01-19T12:28:03Z</time><extensions><speed>5.092368</speed><course>159.924103</course><hAcc>4.692799</hAcc><vAcc>3.435429</vAcc></extensions></trkpt>
      <trkpt lon="6.829612" lat="45.566598"><ele>2185.072510</ele><time>2022-01-19T12:28:06Z</time><extensions><speed>5.039455</speed><course>158.491791</course><hAcc>4.686037</hAcc><vAcc>3.444647</vAcc></extensions></trkpt>
      <trkpt lon="6.829678" lat="45.566476"><ele>2186.516846</ele><time>2022-01-19T12:28:09Z</time><extensions><speed>4.931575</speed><course>159.385284</course><hAcc>4.688156</hAcc><vAcc>3.441763</vAcc></extensions></trkpt>
      <trkpt lon="6.829738" lat="45.566352"><ele>2187.171875</ele><time>2022-01-19T12:28:12Z</time><extensions><speed>4.877335</speed><course>160.950714</course><hAcc>4.691970</hAcc><vAcc>3.436561</vAcc></extensions></trkpt>
      <trkpt lon="6.829808" lat="45.566230"><ele>2186.748047</ele><time>2022-01-19T12:28:15Z</time><extensions><speed>5.006640</speed><course>159.266678</course><hAcc>4.682316</hAcc><vAcc>3.449703</vAcc></extensions></trkpt>
      <trkpt lon="6.829873" lat="45.566108"><ele>2187.392334</ele><time>2022-01-19T12:28:18Z</time><extensions><speed>4.987122</speed><course>159.207565</course><hAcc>4.679588</hAcc><vAcc>3.453403</vAcc></extensions></trkpt>
      <trkpt lon="6.829943" lat="45.565986"><ele>2187.718262</ele><time>2022-01-19T12:28:21Z</time><extensions><speed>4.942465</speed><course>158.752350</course><hAcc>4.670458</hAcc><vAcc>3.465741</vAcc></extensions></trkpt>
      <trkpt lon="6.829990" lat="45.565897"><ele>2187.784912</ele><time>2022-01-19T12:28:23Z</time><extensions><speed>5.094013</speed><course>159.157501</course><hAcc>4.668198</hAcc><vAcc>3.468785</vAcc></extensions></trkpt>
      <trkpt lon="6.830035" lat="45.565808"><ele>2187.691162</ele><time>2022-01-19T12:28:25Z</time><extensions><speed>5.137170</speed><course>159.575623</course><hAcc>4.685910</hAcc><vAcc>3.444820</vAcc></extensions></trkpt>
      <trkpt lon="6.830108" lat="45.565684"><ele>2188.144531</ele><time>2022-01-19T12:28:28Z</time><extensions><speed>4.925743</speed><course>158.827728</course><hAcc>4.641413</hAcc><vAcc>3.504543</vAcc></extensions></trkpt>
      <trkpt lon="6.830169" lat="45.565564"><ele>2188.803223</ele><time>2022-01-19T12:28:31Z</time><extensions><speed>4.822382</speed><course>160.112823</course><hAcc>4.612266</hAcc><vAcc>3.542815</vAcc></extensions></trkpt>
      <trkpt lon="6.830234" lat="45.565447"><ele>2190.096680</ele><time>2022-01-19T12:28:34Z</time><extensions><speed>5.137435</speed><course>159.044571</course><hAcc>4.618619</hAcc><vAcc>3.534529</vAcc></extensions></trkpt>
      <trkpt lon="6.830273" lat="45.565357"><ele>2190.703369</ele><time>2022-01-19T12:28:36Z</time><extensions><speed>5.053108</speed><course>159.170349</course><hAcc>4.621533</hAcc><vAcc>3.530718</vAcc></extensions></trkpt>
      <trkpt lon="6.830319" lat="45.565271"><ele>2192.294678</ele><time>2022-01-19T12:28:38Z</time><extensions><speed>4.947542</speed><course>158.734848</course><hAcc>4.626636</hAcc><vAcc>3.524029</vAcc></extensions></trkpt>
      <trkpt lon="6.830378" lat="45.565155"><ele>2194.693604</ele><time>2022-01-19T12:28:41Z</time><extensions><speed>4.622759</speed><course>159.368439</course><hAcc>4.600776</hAcc><vAcc>3.557723</vAcc></extensions></trkpt>
      <trkpt lon="6.830423" lat="45.565068"><ele>2195.405762</ele><time>2022-01-19T12:28:43Z</time><extensions><speed>5.023667</speed><course>159.753448</course><hAcc>4.596376</hAcc><vAcc>3.563406</vAcc></extensions></trkpt>
      <trkpt lon="6.830496" lat="45.564946"><ele>2199.837158</ele><time>2022-01-19T12:28:46Z</time><extensions><speed>5.051289</speed><course>158.168198</course><hAcc>4.597645</hAcc><vAcc>3.561768</vAcc></extensions></trkpt>
      <trkpt lon="6.830565" lat="45.564822"><ele>2203.885010</ele><time>2022-01-19T12:28:49Z</time><extensions><speed>4.978964</speed><course>158.822113</course><hAcc>4.613902</hAcc><vAcc>3.540685</vAcc></extensions></trkpt>
      <trkpt lon="6.830631" lat="45.564696"><ele>2205.975098</ele><time>2022-01-19T12:28:52Z</time><extensions><speed>5.056775</speed><course>158.410355</course><hAcc>4.623802</hAcc><vAcc>3.527746</vAcc></extensions></trkpt>
      <trkpt lon="6.830691" lat="45.564584"><ele>2209.223389</ele><time>2022-01-19T12:28:55Z</time><extensions><speed>4.660086</speed><course>157.894516</course><hAcc>4.647033</hAcc><vAcc>3.497087</vAcc></extensions></trkpt>
      <trkpt lon="6.830744" lat="45.564496"><ele>2211.754883</ele><time>2022-01-19T12:28:57Z</time><extensions><speed>4.958152</speed><course>158.620010</course><hAcc>4.622523</hAcc><vAcc>3.529422</vAcc></extensions></trkpt>
      <trkpt lon="6.830787" lat="45.564410"><ele>2214.398438</ele><time>2022-01-19T12:28:59Z</time><extensions><speed>5.093040</speed><course>159.429520</course><hAcc>4.627233</hAcc><vAcc>3.523245</vAcc></extensions></trkpt>
      <trkpt lon="6.830842" lat="45.564312"><ele>2219.730713</ele><time>2022-01-19T12:29:02Z</time><extensions><speed>4.835713</speed><course>158.748459</course><hAcc>4.638240</hAcc><vAcc>3.508742</vAcc></extensions></trkpt>
      <trkpt lon="6.830884" lat="45.564224"><ele>2222.131348</ele><time>2022-01-19T12:29:04Z</time><extensions><speed>5.027423</speed><course>160.290146</course><hAcc>4.643995</hAcc><vAcc>3.501121</vAcc></extensions></trkpt>
      <trkpt lon="6.830949" lat="45.564099"><ele>2226.189941</ele><time>2022-01-19T12:29:07Z</time><extensions><speed>4.919158</speed><course>158.535522</course><hAcc>4.644946</hAcc><vAcc>3.499859</vAcc></extensions></trkpt>
      <trkpt lon="6.831002" lat="45.563985"><ele>2230.881104</ele><time>2022-01-19T12:29:10Z</time><extensions><speed>4.782951</speed><course>160.834579</course><hAcc>4.636103</hAcc><vAcc>3.511564</vAcc></extensions></trkpt>
      <trkpt lon="6.831069" lat="45.563857"><ele>2233.186768</ele><time>2022-01-19T12:29:13Z</time><extensions><speed>5.146407</speed><course>160.512909</course><hAcc>4.637299</hAcc><vAcc>3.509985</vAcc></extensions></trkpt>
      <trkpt lon="6.831139" lat="45.563743"><ele>2238.547119</ele><time>2022-01-19T12:29:16Z</time><extensions><speed>5.049772</speed><course>158.521683</course><hAcc>4.626545</hAcc><vAcc>3.524148</vAcc></extensions></trkpt>
      <trkpt lon="6.831212" lat="45.563625"><ele>2241.853760</ele><time>2022-01-19T12:29:19Z</time><extensions><speed>5.039043</speed><course>157.171951</course><hAcc>4.641148</hAcc><vAcc>3.504894</vAcc></extensions></trkpt>
      <trkpt lon="6.831254" lat="45.563533"><ele>2241.070557</ele><time>2022-01-19T12:29:21Z</time><extensions><speed>5.031119</speed><course>159.907700</course><hAcc>4.660696</hAcc><vAcc>3.478858</vAcc></extensions></trkpt>
      <trkpt lon="6.831308" lat="45.563444"><ele>2241.914307</ele><time>2022-01-19T12:29:23Z</time><extensions><speed>5.395522</speed><course>157.505951</course><hAcc>4.675822</hAcc><vAcc>3.458500</vAcc></extensions></trkpt>
      <trkpt lon="6.831370" lat="45.563321"><ele>2243.082031</ele><time>2022-01-19T12:29:26Z</time><extensions><speed>4.863070</speed><course>160.870026</course><hAcc>4.680005</hAcc><vAcc>3.452838</vAcc></extensions></trkpt>
      <trkpt lon="6.831437" lat="45.563201"><ele>2242.191162</ele><time>2022-01-19T12:29:29Z</time><extensions><speed>5.016544</speed><course>159.919556</course><hAcc>4.667884</hAcc><vAcc>3.469206</vAcc></extensions></trkpt>
      <trkpt lon="6.831506" lat="45.563078"><ele>2241.670410</ele><time>2022-01-19T12:29:32Z</time><extensions><speed>5.090682</speed><course>158.063080</course><hAcc>4.668905</hAcc><vAcc>3.467833</vAcc></extensions></trkpt>
      <trkpt lon="6.831547" lat="45.562991"><ele>2241.650391</ele><time>2022-01-19T12:29:34Z</time><extensions><speed>5.098677</speed><course>159.102051</course><hAcc>4.678036</hAcc><vAcc>3.455505</vAcc></extensions></trkpt>
      <trkpt lon="6.831609" lat="45.562863"><ele>2242.413818</ele><time>2022-01-19T12:29:37Z</time><extensions><speed>5.062559</speed><course>159.419052</course><hAcc>4.682691</hAcc><vAcc>3.449195</vAcc></extensions></trkpt>
      <trkpt lon="6.831659" lat="45.562771"><ele>2242.213135</ele><time>2022-01-19T12:29:39Z</time><extensions><speed>5.211605</speed><course>158.808029</course><hAcc>4.683046</hAcc><vAcc>3.448712</vAcc></extensions></trkpt>
      <trkpt lon="6.831712" lat="45.562682"><ele>2242.510986</ele><time>2022-01-19T12:29:41Z</time><extensions><speed>5.265213</speed><course>157.632660</course><hAcc>4.686337</hAcc><vAcc>3.444240</vAcc></extensions></trkpt>
      <trkpt lon="6.831760" lat="45.562567"><ele>2244.025635</ele><time>2022-01-19T12:29:44Z</time><extensions><speed>4.915991</speed><course>159.563156</course><hAcc>4.671736</hAcc><vAcc>3.464018</vAcc></extensions></trkpt>
      <trkpt lon="6.831805" lat="45.562483"><ele>2245.178467</ele><time>2022-01-19T12:29:46Z</time><extensions><speed>4.946098</speed><course>158.945679</course><hAcc>4.676252</hAcc><vAcc>3.457919</vAcc></extensions></trkpt>
      <trkpt lon="6.831866" lat="45.562354"><ele>2247.020264</ele><time>2022-01-19T12:29:49Z</time><extensions><speed>5.086473</speed><course>160.380371</course><hAcc>4.700762</hAcc><vAcc>3.424525</vAcc></extensions></trkpt>
      <trkpt lon="6.831931" lat="45.562229"><ele>2249.252686</ele><time>2022-01-19T12:29:52Z</time><extensions><speed>5.091893</speed><course>160.346878</course><hAcc>4.703762</hAcc><vAcc>3.420403</vAcc></extensions></trkpt>
      <trkpt lon="6.831981" lat="45.562144"><ele>2251.512939</ele><time>2022-01-19T12:29:54Z</time><extensions><speed>5.385382</speed><course>158.291168</course><hAcc>4.699137</hAcc><vAcc>3.426755</vAcc></extensions></trkpt>
      <trkpt lon="6.832019" lat="45.562057"><ele>2253.760986</ele><time>2022-01-19T12:29:56Z</time><extensions><speed>5.159737</speed><course>159.438446</course><hAcc>4.704511</hAcc><vAcc>3.419373</vAcc></extensions></trkpt>
      <trkpt lon="6.832077" lat="45.561940"><ele>2257.763916</ele><time>2022-01-19T12:29:59Z</time><extensions><speed>4.810447</speed><course>159.732574</course><hAcc>4.675347</hAcc><vAcc>3.459143</vAcc></extensions></trkpt>
      <trkpt lon="6.832138" lat="45.561823"><ele>2263.427246</ele><time>2022-01-19T12:30:02Z</time><extensions><speed>4.929623</speed><course>160.244049</course><hAcc>4.679077</hAcc><vAcc>3.454095</vAcc></extensions></trkpt>
      <trkpt lon="6.832203" lat="45.561705"><ele>2269.562500</ele><time>2022-01-19T12:30:05Z</time><extensions><speed>4.836941</speed><course>159.329102</course><hAcc>4.697015</hAcc><vAcc>3.429663</vAcc></extensions></trkpt>
      <trkpt lon="6.832271" lat="45.561591"><ele>2276.032715</ele><time>2022-01-19T12:30:08Z</time><extensions><speed>4.871176</speed><course>159.737442</course><hAcc>4.685722</hAcc><vAcc>3.445075</vAcc></extensions></trkpt>
      <trkpt lon="6.832337" lat="45.561477"><ele>2282.374756</ele><time>2022-01-19T12:30:11Z</time><extensions><speed>4.998496</speed><course>158.879990</course><hAcc>4.682029</hAcc><vAcc>3.450093</vAcc></extensions></trkpt>
      <trkpt lon="6.832395" lat="45.561358"><ele>2289.131592</ele><time>2022-01-19T12:30:14Z</time><extensions><speed>4.995049</speed><course>159.847137</course><hAcc>4.671778</hAcc><vAcc>3.463961</vAcc></extensions></trkpt>
      <trkpt lon="6.832460" lat="45.561245"><ele>2295.900146</ele><time>2022-01-19T12:30:17Z</time><extensions><speed>4.992665</speed><course>158.838974</course><hAcc>4.678080</hAcc><vAcc>3.455446</vAcc></extensions></trkpt>
      <trkpt lon="6.832517" lat="45.561141"><ele>2302.693604</ele><time>2022-01-19T12:30:20Z</time><extensions><speed>4.717562</speed><course>159.047241</course><hAcc>4.731128</hAcc><vAcc>3.382449</vAcc></extensions></trkpt>
      <trkpt lon="6.832567" lat="45.561028"><ele>2310.017090</ele><time>2022-01-19T12:30:23Z</time><extensions><speed>4.894753</speed><course>159.951019</course><hAcc>4.712882</hAcc><vAcc>3.407826</vAcc></extensions></trkpt>
      <trkpt lon="6.832624" lat="45.560917"><ele>2316.965576</ele><time>2022-01-19T12:30:26Z</time><extensions><speed>4.846630</speed><course>159.038300</course><hAcc>4.669167</hAcc><vAcc>3.467480</vAcc></extensions></trkpt>
      <trkpt lon="6.832682" lat="45.560811"><ele>2324.600830</ele><time>2022-01-19T12:30:29Z</time><extensions><speed>4.922348</speed><course>159.377716</course><hAcc>4.674606</hAcc><vAcc>3.460144</vAcc></extensions></trkpt>
      <trkpt lon="6.832703" lat="45.560690"><ele>2333.401367</ele><time>2022-01-19T12:30:33Z</time><extensions><speed>4.392303</speed><course>161.895370</course><hAcc>4.688869</hAcc><vAcc>3.440790</vAcc></extensions></trkpt>
      <trkpt lon="6.832764" lat="45.560562"><ele>2337.345459</ele><time>2022-01-19T12:30:36Z</time><extensions><speed>4.977761</speed><course>158.455872</course><hAcc>4.642809</hAcc><vAcc>3.502693</vAcc></extensions></trkpt>
      <trkpt lon="6.832851" lat="45.560448"><ele>2344.835205</ele><time>2022-01-19T12:30:39Z</time><extensions><speed>5.317626</speed><course>158.027969</course><hAcc>4.647564</hAcc><vAcc>3.496381</vAcc></extensions></trkpt>
      <trkpt lon="6.832911" lat="45.560332"><ele>2350.515137</ele><time>2022-01-19T12:30:42Z</time><extensions><speed>4.740160</speed><course>161.062515</course><hAcc>4.647068</hAcc><vAcc>3.497042</vAcc></extensions></trkpt>
      <trkpt lon="6.832988" lat="45.560209"><ele>2357.618896</ele><time>2022-01-19T12:30:45Z</time><extensions><speed>4.993211</speed><course>157.518158</course><hAcc>4.643082</hAcc><vAcc>3.502331</vAcc></extensions></trkpt>
      <trkpt lon="6.833050" lat="45.560101"><ele>2365.278076</ele><time>2022-01-19T12:30:48Z</time><extensions><speed>5.044919</speed><course>159.438187</course><hAcc>4.671587</hAcc><vAcc>3.464219</vAcc></extensions></trkpt>
      <trkpt lon="6.833115" lat="45.559989"><ele>2373.235840</ele><time>2022-01-19T12:30:51Z</time><extensions><speed>5.031725</speed><course>157.964310</course><hAcc>4.651322</hAcc><vAcc>3.491381</vAcc></extensions></trkpt>
      <trkpt lon="6.833172" lat="45.559883"><ele>2380.783203</ele><time>2022-01-19T12:30:54Z</time><extensions><speed>4.918558</speed><course>159.825989</course><hAcc>4.659100</hAcc><vAcc>3.480994</vAcc></extensions></trkpt>
      <trkpt lon="6.833233" lat="45.559779"><ele>2388.049316</ele><time>2022-01-19T12:30:57Z</time><extensions><speed>4.923037</speed><course>159.652267</course><hAcc>4.654943</hAcc><vAcc>3.486552</vAcc></extensions></trkpt>
      <trkpt lon="6.833289" lat="45.559672"><ele>2396.316162</ele><time>2022-01-19T12:31:00Z</time><extensions><speed>4.979563</speed><course>159.553757</course><hAcc>4.672795</hAcc><vAcc>3.462589</vAcc></extensions></trkpt>
      <trkpt lon="6.833345" lat="45.559563"><ele>2402.496582</ele><time>2022-01-19T12:31:03Z</time><extensions><speed>5.322395</speed><course>158.742371</course><hAcc>4.671578</hAcc><vAcc>3.464231</vAcc></extensions></trkpt>
      <trkpt lon="6.833412" lat="45.559455"><ele>2407.745850</ele><time>2022-01-19T12:31:06Z</time><extensions><speed>5.002460</speed><course>157.586884</course><hAcc>4.655345</hAcc><vAcc>3.486015</vAcc></extensions></trkpt>
      <trkpt lon="6.833485" lat="45.559332"><ele>2413.051025</ele><time>2022-01-19T12:31:09Z</time><extensions><speed>4.996117</speed><course>158.052414</course><hAcc>4.641999</hAcc><vAcc>3.503766</vAcc></extensions></trkpt>
      <trkpt lon="6.833553" lat="45.559217"><ele>2418.934082</ele><time>2022-01-19T12:31:12Z</time><extensions><speed>4.909188</speed><course>158.665146</course><hAcc>4.633904</hAcc><vAcc>3.514467</vAcc></extensions></trkpt>
      <trkpt lon="6.833598" lat="45.559112"><ele>2425.130615</ele><time>2022-01-19T12:31:15Z</time><extensions><speed>4.783072</speed><course>159.857773</course><hAcc>4.656531</hAcc><vAcc>3.484431</vAcc></extensions></trkpt>
      <trkpt lon="6.833665" lat="45.558994"><ele>2432.446045</ele><time>2022-01-19T12:31:18Z</time><extensions><speed>4.854233</speed><course>158.635025</course><hAcc>4.668379</hAcc><vAcc>3.468540</vAcc></extensions></trkpt>
      <trkpt lon="6.833721" lat="45.558889"><ele>2439.944580</ele><time>2022-01-19T12:31:21Z</time><extensions><speed>4.919760</speed><course>158.809052</course><hAcc>4.661623</hAcc><vAcc>3.477616</vAcc></extensions></trkpt>
      <trkpt lon="6.833788" lat="45.558774"><ele>2447.931885</ele><time>2022-01-19T12:31:24Z</time><extensions><speed>5.016339</speed><course>158.064209</course><hAcc>4.669427</hAcc><vAcc>3.467129</vAcc></extensions></trkpt>
      <trkpt lon="6.833835" lat="45.558660"><ele>2454.875244</ele><time>2022-01-19T12:31:27Z</time><extensions><speed>4.913026</speed><course>163.405365</course><hAcc>4.764074</hAcc><vAcc>3.335886</vAcc></extensions></trkpt>
      <trkpt lon="6.833900" lat="45.558551"><ele>2462.238770</ele><time>2022-01-19T12:31:30Z</time><extensions><speed>4.959816</speed><course>158.442230</course><hAcc>4.696756</hAcc><vAcc>3.430018</vAcc></extensions></trkpt>
      <trkpt lon="6.833954" lat="45.558446"><ele>2469.322998</ele><time>2022-01-19T12:31:33Z</time><extensions><speed>4.922930</speed><course>160.033478</course><hAcc>4.649492</hAcc><vAcc>3.493818</vAcc></extensions></trkpt>
      <trkpt lon="6.834006" lat="45.558342"><ele>2477.466309</ele><time>2022-01-19T12:31:36Z</time><extensions><speed>4.904654</speed><course>159.875717</course><hAcc>4.674121</hAcc><vAcc>3.460799</vAcc></extensions></trkpt>
      <trkpt lon="6.834057" lat="45.558230"><ele>2484.940918</ele><time>2022-01-19T12:31:39Z</time><extensions><speed>4.984174</speed><course>162.777405</course><hAcc>4.626589</hAcc><vAcc>3.524090</vAcc></extensions></trkpt>
      <trkpt lon="6.834115" lat="45.558132"><ele>2492.389648</ele><time>2022-01-19T12:31:42Z</time><extensions><speed>4.628046</speed><course>160.288467</course><hAcc>4.630528</hAcc><vAcc>3.518913</vAcc></extensions></trkpt>
      <trkpt lon="6.834181" lat="45.558002"><ele>2498.125000</ele><time>2022-01-19T12:31:45Z</time><extensions><speed>5.340559</speed><course>158.175461</course><hAcc>4.662802</hAcc><vAcc>3.476035</vAcc></extensions></trkpt>
      <trkpt lon="6.834231" lat="45.557897"><ele>2505.888184</ele><time>2022-01-19T12:31:48Z</time><extensions><speed>5.084652</speed><course>160.293213</course><hAcc>4.674888</hAcc><vAcc>3.459763</vAcc></extensions></trkpt>
      <trkpt lon="6.834299" lat="45.557778"><ele>2512.652832</ele><time>2022-01-19T12:31:51Z</time><extensions><speed>5.025830</speed><course>158.989334</course><hAcc>4.670040</hAcc><vAcc>3.466304</vAcc></extensions></trkpt>
      <trkpt lon="6.834346" lat="45.557669"><ele>2518.920654</ele><time>2022-01-19T12:31:54Z</time><extensions><speed>4.801388</speed><course>159.988892</course><hAcc>4.677867</hAcc><vAcc>3.455734</vAcc></extensions></trkpt>
      <trkpt lon="6.834401" lat="45.557565"><ele>2526.969238</ele><time>2022-01-19T12:31:57Z</time><extensions><speed>4.853418</speed><course>159.891891</course><hAcc>4.666702</hAcc><vAcc>3.470797</vAcc></extensions></trkpt>
      <trkpt lon="6.834463" lat="45.557454"><ele>2532.712402</ele><time>2022-01-19T12:32:00Z</time><extensions><speed>4.798142</speed><course>159.935944</course><hAcc>4.667862</hAcc><vAcc>3.469237</vAcc></extensions></trkpt>
      <trkpt lon="6.834528" lat="45.557338"><ele>2537.616943</ele><time>2022-01-19T12:32:03Z</time><extensions><speed>4.986263</speed><course>157.784256</course><hAcc>4.664556</hAcc><vAcc>3.473680</vAcc></extensions></trkpt>
      <trkpt lon="6.834589" lat="45.557221"><ele>2544.143555</ele><time>2022-01-19T12:32:06Z</time><extensions><speed>5.202791</speed><course>159.873474</course><hAcc>4.680971</hAcc><vAcc>3.451528</vAcc></extensions></trkpt>
      <trkpt lon="6.834646" lat="45.557117"><ele>2550.515869</ele><time>2022-01-19T12:32:09Z</time><extensions><speed>4.790704</speed><course>159.597076</course><hAcc>4.671633</hAcc><vAcc>3.464157</vAcc></extensions></trkpt>
      <trkpt lon="6.834705" lat="45.557008"><ele>2556.788574</ele><time>2022-01-19T12:32:12Z</time><extensions><speed>4.784957</speed><course>158.721024</course><hAcc>4.670329</hAcc><vAcc>3.465915</vAcc></extensions></trkpt>
      <trkpt lon="6.834763" lat="45.556899"><ele>2564.775879</ele><time>2022-01-19T12:32:15Z</time><extensions><speed>4.976734</speed><course>159.773880</course><hAcc>4.657244</hAcc><vAcc>3.483478</vAcc></extensions></trkpt>
      <trkpt lon="6.834823" lat="45.556783"><ele>2570.934570</ele><time>2022-01-19T12:32:18Z</time><extensions><speed>4.934650</speed><course>159.584122</course><hAcc>4.659682</hAcc><vAcc>3.480216</vAcc></extensions></trkpt>
      <trkpt lon="6.834884" lat="45.556668"><ele>2577.777832</ele><time>2022-01-19T12:32:21Z</time><extensions><speed>4.881626</speed><course>158.456116</course><hAcc>4.671052</hAcc><vAcc>3.464941</vAcc></extensions></trkpt>
      <trkpt lon="6.834942" lat="45.556556"><ele>2585.022949</ele><time>2022-01-19T12:32:24Z</time><extensions><speed>4.891312</speed><course>159.704819</course><hAcc>4.665878</hAcc><vAcc>3.471904</vAcc></extensions></trkpt>
      <trkpt lon="6.834998" lat="45.556444"><ele>2591.148193</ele><time>2022-01-19T12:32:27Z</time><extensions><speed>4.876267</speed><course>160.524384</course><hAcc>4.672702</hAcc><vAcc>3.462715</vAcc></extensions></trkpt>
      <trkpt lon="6.835057" lat="45.556339"><ele>2600.708496</ele><time>2022-01-19T12:32:30Z</time><extensions><speed>4.851813</speed><course>158.977539</course><hAcc>4.650166</hAcc><vAcc>3.492920</vAcc></extensions></trkpt>
      <trkpt lon="6.835113" lat="45.556233"><ele>2608.092285</ele><time>2022-01-19T12:32:33Z</time><extensions><speed>5.005073</speed><course>158.487717</course><hAcc>4.663560</hAcc><vAcc>3.475017</vAcc></extensions></trkpt>
      <trkpt lon="6.835172" lat="45.556122"><ele>2615.863037</ele><time>2022-01-19T12:32:36Z</time><extensions><speed>5.058500</speed><course>159.176956</course><hAcc>4.674779</hAcc><vAcc>3.459910</vAcc></extensions></trkpt>
      <trkpt lon="6.835233" lat="45.556016"><ele>2624.104980</ele><time>2022-01-19T12:32:39Z</time><extensions><speed>5.123025</speed><course>158.885132</course><hAcc>4.673354</hAcc><vAcc>3.461835</vAcc></extensions></trkpt>
      <trkpt lon="6.835293" lat="45.555909"><ele>2632.899658</ele><time>2022-01-19T12:32:42Z</time><extensions><speed>5.165588</speed><course>159.542908</course><hAcc>4.674513</hAcc><vAcc>3.460270</vAcc></extensions></trkpt>
      <trkpt lon="6.835352" lat="45.555797"><ele>2639.744629</ele><time>2022-01-19T12:32:45Z</time><extensions><speed>5.126027</speed><course>159.619995</course><hAcc>4.673118</hAcc><vAcc>3.462153</vAcc></extensions></trkpt>
      <trkpt lon="6.835418" lat="45.555687"><ele>2646.908691</ele><time>2022-01-19T12:32:48Z</time><extensions><speed>5.014914</speed><course>158.964630</course><hAcc>4.675387</hAcc><vAcc>3.459088</vAcc></extensions></trkpt>
      <trkpt lon="6.835479" lat="45.555578"><ele>2654.361572</ele><time>2022-01-19T12:32:51Z</time><extensions><speed>4.937078</speed><course>158.966827</course><hAcc>4.681298</hAcc><vAcc>3.451085</vAcc></extensions></trkpt>
      <trkpt lon="6.835534" lat="45.555468"><ele>2661.933105</ele><time>2022-01-19T12:32:54Z</time><extensions><speed>4.885486</speed><course>159.472977</course><hAcc>4.685346</hAcc><vAcc>3.445587</vAcc></extensions></trkpt>
      <trkpt lon="6.835590" lat="45.555365"><ele>2669.525879</ele><time>2022-01-19T12:32:57Z</time><extensions><speed>4.748210</speed><course>158.115097</course><hAcc>4.690795</hAcc><vAcc>3.438165</vAcc></extensions></trkpt>
      <trkpt lon="6.835653" lat="45.555249"><ele>2674.563965</ele><time>2022-01-19T12:33:00Z</time><extensions><speed>4.681457</speed><course>158.813858</course><hAcc>4.661170</hAcc><vAcc>3.478222</vAcc></extensions></trkpt>
      <trkpt lon="6.835733" lat="45.555139"><ele>2678.258057</ele><time>2022-01-19T12:33:03Z</time><extensions><speed>4.841485</speed><course>153.354187</course><hAcc>4.670539</hAcc><vAcc>3.465631</vAcc></extensions></trkpt>
      <trkpt lon="6.835780" lat="45.555047"><ele>2678.751709</ele><time>2022-01-19T12:33:05Z</time><extensions><speed>5.047026</speed><course>158.479950</course><hAcc>4.663048</hAcc><vAcc>3.475704</vAcc></extensions></trkpt>
      <trkpt lon="6.835832" lat="45.554949"><ele>2677.636963</ele><time>2022-01-19T12:33:08Z</time><extensions><speed>3.742538</speed><course>160.674973</course><hAcc>4.652809</hAcc><vAcc>3.489400</vAcc></extensions></trkpt>
      <trkpt lon="6.835795" lat="45.554858"><ele>2670.120117</ele><time>2022-01-19T12:33:33Z</time><extensions><speed>0.000000</speed><course>235.194168</course><hAcc>4.692079</hAcc><vAcc>3.436414</vAcc></extensions></trkpt>
      <trkpt lon="6.835925" lat="45.554836"><ele>2675.612549</ele><time>2022-01-19T12:34:38Z</time><extensions><speed>0.000000</speed><course>48.529297</course><hAcc>4.721658</hAcc><vAcc>3.395656</vAcc></extensions></trkpt>
      <trkpt lon="6.835961" lat="45.554746"><ele>2677.006348</ele><time>2022-01-19T12:34:50Z</time><extensions><speed>0.000000</speed><course>322.221100</course><hAcc>4.672996</hAcc><vAcc>3.462318</vAcc></extensions></trkpt>
      <trkpt lon="6.835866" lat="45.554678"><ele>2677.461914</ele><time>2022-01-19T12:34:55Z</time><extensions><speed>1.361675</speed><course>227.547272</course><hAcc>4.679750</hAcc><vAcc>3.453184</vAcc></extensions></trkpt>
      <trkpt lon="6.835966" lat="45.554611"><ele>2671.816895</ele><time>2022-01-19T12:35:13Z</time><extensions><speed>0.815801</speed><course>82.217712</course><hAcc>4.724753</hAcc><vAcc>3.391349</vAcc></extensions></trkpt>
      <trkpt lon="6.836052" lat="45.554544"><ele>2666.329102</ele><time>2022-01-19T12:35:20Z</time><extensions><speed>0.000000</speed><course>143.418411</course><hAcc>4.699528</hAcc><vAcc>3.426219</vAcc></extensions></trkpt>
      <trkpt lon="6.836193" lat="45.554509"><ele>2664.335938</ele><time>2022-01-19T12:35:30Z</time><extensions><speed>0.000000</speed><course>18.174585</course><hAcc>4.641688</hAcc><vAcc>3.504179</vAcc></extensions></trkpt>
      <trkpt lon="6.836298" lat="45.554456"><ele>2663.903076</ele><time>2022-01-19T12:36:08Z</time><extensions><speed>0.000000</speed><course>18.174660</course><hAcc>4.644248</hAcc><vAcc>3.500785</vAcc></extensions></trkpt>
      <trkpt lon="6.836176" lat="45.554490"><ele>2668.279541</ele><time>2022-01-19T12:38:00Z</time><extensions><speed>0.000000</speed><course>-1.000000</course><hAcc>4.663905</hAcc><vAcc>3.474554</vAcc></extensions></trkpt>
      <trkpt lon="6.836194" lat="45.554401"><ele>2672.794434</ele><time>2022-01-19T12:40:56Z</time><extensions><speed>0.000000</speed><course>-1.000000</course><hAcc>5.467389</hAcc><vAcc>2.347758</vAcc></extensions></trkpt>
      <trkpt lon="6.836433" lat="45.554419"><ele>2675.171387</ele><time>2022-01-19T12:42:49Z</time><extensions><speed>2.815864</speed><course>91.357658</course><hAcc>9.791844</hAcc><vAcc>2.458478</vAcc></extensions></trkpt>
      <trkpt lon="6.836562" lat="45.554397"><ele>2677.302002</ele><time>2022-01-19T12:42:51Z</time><extensions><speed>4.095315</speed><course>97.767090</course><hAcc>10.195559</hAcc><vAcc>2.532730</vAcc></extensions></trkpt>
      <trkpt lon="6.836783" lat="45.554321"><ele>2681.869873</ele><time>2022-01-19T12:42:53Z</time><extensions><speed>6.096515</speed><course>104.537163</course><hAcc>10.103078</hAcc><vAcc>2.535445</vAcc></extensions></trkpt>
      <trkpt lon="6.836982" lat="45.554315"><ele>2685.986816</ele><time>2022-01-19T12:42:55Z</time><extensions><speed>6.799836</speed><course>101.479401</course><hAcc>7.995257</hAcc><vAcc>2.536483</vAcc></extensions></trkpt>
      <trkpt lon="6.836989" lat="45.554199"><ele>2689.012939</ele><time>2022-01-19T12:42:56Z</time><extensions><speed>7.398328</speed><course>126.032478</course><hAcc>12.939403</hAcc><vAcc>2.690700</vAcc></extensions></trkpt>
      <trkpt lon="6.837125" lat="45.554130"><ele>2698.470947</ele><time>2022-01-19T12:42:58Z</time><extensions><speed>7.415334</speed><course>125.951675</course><hAcc>5.205915</hAcc><vAcc>3.251873</vAcc></extensions></trkpt>
      <trkpt lon="6.837288" lat="45.554047"><ele>2705.344238</ele><time>2022-01-19T12:43:00Z</time><extensions><speed>7.854891</speed><course>125.951675</course><hAcc>5.064698</hAcc><vAcc>3.318211</vAcc></extensions></trkpt>
      <trkpt lon="6.837441" lat="45.553968"><ele>2715.463379</ele><time>2022-01-19T12:43:02Z</time><extensions><speed>8.781802</speed><course>126.029091</course><hAcc>4.872227</hAcc><vAcc>3.362074</vAcc></extensions></trkpt>
      <trkpt lon="6.837549" lat="45.553913"><ele>2720.341553</ele><time>2022-01-19T12:43:03Z</time><extensions><speed>9.927498</speed><course>126.029091</course><hAcc>4.786295</hAcc><vAcc>3.393983</vAcc></extensions></trkpt>
      <trkpt lon="6.837655" lat="45.553859"><ele>2726.093994</ele><time>2022-01-19T12:43:04Z</time><extensions><speed>10.392970</speed><course>126.029091</course><hAcc>4.698900</hAcc><vAcc>3.427079</vAcc></extensions></trkpt>
      <trkpt lon="6.837704" lat="45.553815"><ele>2732.277100</ele><time>2022-01-19T12:43:05Z</time><extensions><speed>8.705958</speed><course>126.118805</course><hAcc>61.000000</hAcc><vAcc>21.000000</vAcc></extensions></trkpt>
      <trkpt lon="6.837848" lat="45.553685"><ele>2750.826904</ele><time>2022-01-19T12:43:08Z</time><extensions><speed>8.705949</speed><course>145.783554</course><hAcc>61.000000</hAcc><vAcc>21.000000</vAcc></extensions></trkpt>
      <trkpt lon="6.838040" lat="45.553511"><ele>2775.559814</ele><time>2022-01-19T12:43:12Z</time><extensions><speed>8.705961</speed><course>150.613556</course><hAcc>61.000000</hAcc><vAcc>21.000000</vAcc></extensions></trkpt>
      <trkpt lon="6.838088" lat="45.553467"><ele>2781.742920</ele><time>2022-01-19T12:43:13Z</time><extensions><speed>8.705971</speed><course>254.033081</course><hAcc>61.000000</hAcc><vAcc>21.000000</vAcc></extensions></trkpt>
      <trkpt lon="6.838184" lat="45.553380"><ele>2794.109375</ele><time>2022-01-19T12:43:15Z</time><extensions><speed>9.378523</speed><course>139.670380</course><hAcc>5.034495</hAcc><vAcc>2.911768</vAcc></extensions></trkpt>
      <trkpt lon="6.838258" lat="45.553296"><ele>2804.656738</ele><time>2022-01-19T12:43:17Z</time><extensions><speed>8.209274</speed><course>139.670380</course><hAcc>9.176540</hAcc><vAcc>2.544756</vAcc></extensions></trkpt>
      <trkpt lon="6.838381" lat="45.553202"><ele>2814.780273</ele><time>2022-01-19T12:43:19Z</time><extensions><speed>9.097391</speed><course>105.580330</course><hAcc>23.723999</hAcc><vAcc>2.570802</vAcc></extensions></trkpt>
      <trkpt lon="6.838963" lat="45.553303"><ele>2826.437256</ele><time>2022-01-19T12:43:21Z</time><extensions><speed>11.924827</speed><course>98.953209</course><hAcc>6.840914</hAcc><vAcc>2.674839</vAcc></extensions></trkpt>
      <trkpt lon="6.839106" lat="45.553287"><ele>2830.848633</ele><time>2022-01-19T12:43:22Z</time><extensions><speed>11.879602</speed><course>98.271896</course><hAcc>8.280460</hAcc><vAcc>2.765687</vAcc></extensions></trkpt>
      <trkpt lon="6.839348" lat="45.553262"><ele>2835.589844</ele><time>2022-01-19T12:43:23Z</time><extensions><speed>12.733632</speed><course>97.899460</course><hAcc>9.630715</hAcc><vAcc>2.841385</vAcc></extensions></trkpt>
      <trkpt lon="6.839509" lat="45.553249"><ele>2840.243896</ele><time>2022-01-19T12:43:24Z</time><extensions><speed>12.347922</speed><course>97.516876</course><hAcc>11.477703</hAcc><vAcc>2.912281</vAcc></extensions></trkpt>
      <trkpt lon="6.839707" lat="45.553276"><ele>2845.147949</ele><time>2022-01-19T12:43:25Z</time><extensions><speed>12.311418</speed><course>91.585030</course><hAcc>13.095826</hAcc><vAcc>2.942089</vAcc></extensions></trkpt>
      <trkpt lon="6.840036" lat="45.553355"><ele>2850.906250</ele><time>2022-01-19T12:43:27Z</time><extensions><speed>11.004032</speed><course>92.637848</course><hAcc>9.549019</hAcc><vAcc>2.786436</vAcc></extensions></trkpt>
      <trkpt lon="6.840283" lat="45.553312"><ele>2860.808838</ele><time>2022-01-19T12:43:29Z</time><extensions><speed>9.878855</speed><course>98.259308</course><hAcc>10.940589</hAcc><vAcc>2.916676</vAcc></extensions></trkpt>
      <trkpt lon="6.840502" lat="45.553317"><ele>2864.727295</ele><time>2022-01-19T12:43:30Z</time><extensions><speed>9.890082</speed><course>94.162216</course><hAcc>11.087893</hAcc><vAcc>2.974567</vAcc></extensions></trkpt>
      <trkpt lon="6.840612" lat="45.553252"><ele>2868.653809</ele><time>2022-01-19T12:43:31Z</time><extensions><speed>8.948219</speed><course>102.796898</course><hAcc>11.338262</hAcc><vAcc>3.028503</vAcc></extensions></trkpt>
      <trkpt lon="6.840800" lat="45.553184"><ele>2877.491943</ele><time>2022-01-19T12:43:33Z</time><extensions><speed>8.268899</speed><course>108.759148</course><hAcc>10.164729</hAcc><vAcc>3.036311</vAcc></extensions></trkpt>
      <trkpt lon="6.840941" lat="45.553141"><ele>2882.711426</ele><time>2022-01-19T12:43:34Z</time><extensions><speed>8.871809</speed><course>110.645622</course><hAcc>9.819336</hAcc><vAcc>3.049197</vAcc></extensions></trkpt>
      <trkpt lon="6.841099" lat="45.553107"><ele>2887.183350</ele><time>2022-01-19T12:43:35Z</time><extensions><speed>9.438801</speed><course>111.260071</course><hAcc>8.373575</hAcc><vAcc>3.067229</vAcc></extensions></trkpt>
      <trkpt lon="6.841426" lat="45.553066"><ele>2894.458984</ele><time>2022-01-19T12:43:37Z</time><extensions><speed>9.894424</speed><course>109.137581</course><hAcc>6.564201</hAcc><vAcc>3.071644</vAcc></extensions></trkpt>
      <trkpt lon="6.841656" lat="45.553048"><ele>2901.658691</ele><time>2022-01-19T12:43:39Z</time><extensions><speed>9.322853</speed><course>106.649574</course><hAcc>5.951068</hAcc><vAcc>3.025051</vAcc></extensions></trkpt>
      <trkpt lon="6.841854" lat="45.553009"><ele>2909.204590</ele><time>2022-01-19T12:43:41Z</time><extensions><speed>8.690196</speed><course>108.221443</course><hAcc>5.397372</hAcc><vAcc>2.993213</vAcc></extensions></trkpt>
      <trkpt lon="6.841982" lat="45.552980"><ele>2913.900635</ele><time>2022-01-19T12:43:42Z</time><extensions><speed>9.153224</speed><course>108.776192</course><hAcc>5.361841</hAcc><vAcc>2.921944</vAcc></extensions></trkpt>
      <trkpt lon="6.842111" lat="45.552940"><ele>2918.952148</ele><time>2022-01-19T12:43:43Z</time><extensions><speed>9.770201</speed><course>110.530525</course><hAcc>5.309403</hAcc><vAcc>2.912623</vAcc></extensions></trkpt>
      <trkpt lon="6.842292" lat="45.552880"><ele>2928.863770</ele><time>2022-01-19T12:43:45Z</time><extensions><speed>9.463146</speed><course>113.337730</course><hAcc>7.154987</hAcc><vAcc>2.726510</vAcc></extensions></trkpt>
      <trkpt lon="6.842448" lat="45.552845"><ele>2938.426758</ele><time>2022-01-19T12:43:47Z</time><extensions><speed>8.824271</speed><course>113.247604</course><hAcc>9.030084</hAcc><vAcc>2.816981</vAcc></extensions></trkpt>
      <trkpt lon="6.842638" lat="45.552788"><ele>2948.398682</ele><time>2022-01-19T12:43:49Z</time><extensions><speed>8.999424</speed><course>114.439774</course><hAcc>11.719573</hAcc><vAcc>2.932578</vAcc></extensions></trkpt>
      <trkpt lon="6.842774" lat="45.552733"><ele>2954.081055</ele><time>2022-01-19T12:43:50Z</time><extensions><speed>10.010084</speed><course>117.193802</course><hAcc>10.417643</hAcc><vAcc>3.032900</vAcc></extensions></trkpt>
      <trkpt lon="6.842889" lat="45.552689"><ele>2958.197266</ele><time>2022-01-19T12:43:51Z</time><extensions><speed>10.107225</speed><course>118.086487</course><hAcc>9.708638</hAcc><vAcc>3.040281</vAcc></extensions></trkpt>
      <trkpt lon="6.843120" lat="45.552645"><ele>2968.544189</ele><time>2022-01-19T12:43:53Z</time><extensions><speed>10.251820</speed><course>115.184761</course><hAcc>8.006618</hAcc><vAcc>3.049173</vAcc></extensions></trkpt>
      <trkpt lon="6.843299" lat="45.552556"><ele>2980.205322</ele><time>2022-01-19T12:43:55Z</time><extensions><speed>10.396494</speed><course>117.773804</course><hAcc>9.479618</hAcc><vAcc>3.204464</vAcc></extensions></trkpt>
      <trkpt lon="6.843534" lat="45.552484"><ele>2990.635254</ele><time>2022-01-19T12:43:57Z</time><extensions><speed>10.729899</speed><course>117.347092</course><hAcc>11.576509</hAcc><vAcc>3.315312</vAcc></extensions></trkpt>
      <trkpt lon="6.843671" lat="45.552449"><ele>3001.271240</ele><time>2022-01-19T12:43:59Z</time><extensions><speed>10.059420</speed><course>115.317413</course><hAcc>11.749761</hAcc><vAcc>3.365707</vAcc></extensions></trkpt>
      <trkpt lon="6.843803" lat="45.552443"><ele>3007.038330</ele><time>2022-01-19T12:44:00Z</time><extensions><speed>10.233988</speed><course>112.249397</course><hAcc>11.276475</hAcc><vAcc>3.362239</vAcc></extensions></trkpt>
      <trkpt lon="6.844018" lat="45.552413"><ele>3018.235596</ele><time>2022-01-19T12:44:02Z</time><extensions><speed>10.125133</speed><course>109.031616</course><hAcc>11.312093</hAcc><vAcc>3.438655</vAcc></extensions></trkpt>
      <trkpt lon="6.844251" lat="45.552363"><ele>3029.293945</ele><time>2022-01-19T12:44:04Z</time><extensions><speed>10.525833</speed><course>107.546196</course><hAcc>12.313374</hAcc><vAcc>3.537981</vAcc></extensions></trkpt>
      <trkpt lon="6.844519" lat="45.552331"><ele>3038.862549</ele><time>2022-01-19T12:44:06Z</time><extensions><speed>10.898719</speed><course>104.701759</course><hAcc>9.117015</hAcc><vAcc>3.379265</vAcc></extensions></trkpt>
      <trkpt lon="6.844734" lat="45.552302"><ele>3049.546387</ele><time>2022-01-19T12:44:08Z</time><extensions><speed>10.703555</speed><course>103.231682</course><hAcc>8.285666</hAcc><vAcc>3.353068</vAcc></extensions></trkpt>
      <trkpt lon="6.844980" lat="45.552249"><ele>3061.133545</ele><time>2022-01-19T12:44:10Z</time><extensions><speed>11.023089</speed><course>102.333069</course><hAcc>8.199811</hAcc><vAcc>3.390057</vAcc></extensions></trkpt>
      <trkpt lon="6.845116" lat="45.552214"><ele>3071.702148</ele><time>2022-01-19T12:44:12Z</time><extensions><speed>10.295826</speed><course>102.842087</course><hAcc>6.223450</hAcc><vAcc>3.418047</vAcc></extensions></trkpt>
      <trkpt lon="6.845311" lat="45.552181"><ele>3081.986816</ele><time>2022-01-19T12:44:14Z</time><extensions><speed>10.073388</speed><course>101.714317</course><hAcc>5.430124</hAcc><vAcc>3.214298</vAcc></extensions></trkpt>
      <trkpt lon="6.845516" lat="45.552124"><ele>3092.851562</ele><time>2022-01-19T12:44:16Z</time><extensions><speed>10.038811</speed><course>104.293449</course><hAcc>5.320985</hAcc><vAcc>3.155434</vAcc></extensions></trkpt>
      <trkpt lon="6.845725" lat="45.552058"><ele>3104.771240</ele><time>2022-01-19T12:44:18Z</time><extensions><speed>10.048285</speed><course>106.890282</course><hAcc>5.651717</hAcc><vAcc>3.011984</vAcc></extensions></trkpt>
      <trkpt lon="6.845918" lat="45.552010"><ele>3115.722412</ele><time>2022-01-19T12:44:20Z</time><extensions><speed>10.069656</speed><course>107.960876</course><hAcc>6.964158</hAcc><vAcc>2.991738</vAcc></extensions></trkpt>
      <trkpt lon="6.845944" lat="45.552005"><ele>3117.317383</ele><time>2022-01-19T12:44:22Z</time><extensions><speed>1.327541</speed><course>70.087685</course><hAcc>61.000000</hAcc><vAcc>24.000000</vAcc></extensions></trkpt>
      <trkpt lon="6.845970" lat="45.551999"><ele>3118.912109</ele><time>2022-01-19T12:44:24Z</time><extensions><speed>1.327539</speed><course>73.737457</course><hAcc>61.000000</hAcc><vAcc>24.000000</vAcc></extensions></trkpt>
      <trkpt lon="6.845996" lat="45.551994"><ele>3120.507080</ele><time>2022-01-19T12:44:26Z</time><extensions><speed>1.327539</speed><course>70.972275</course><hAcc>61.000000</hAcc><vAcc>24.000000</vAcc></extensions></trkpt>
      <trkpt lon="6.846023" lat="45.551989"><ele>3122.102051</ele><time>2022-01-19T12:44:28Z</time><extensions><speed>1.327539</speed><course>70.174080</course><hAcc>61.000000</hAcc><vAcc>24.000000</vAcc></extensions></trkpt>
      <trkpt lon="6.846088" lat="45.551975"><ele>3126.089355</ele><time>2022-01-19T12:44:33Z</time><extensions><speed>1.327539</speed><course>69.502480</course><hAcc>61.000000</hAcc><vAcc>32.000000</vAcc></extensions></trkpt>
      <trkpt lon="6.846127" lat="45.551967"><ele>3128.481689</ele><time>2022-01-19T12:44:36Z</time><extensions><speed>1.327540</speed><course>68.283188</course><hAcc>61.000000</hAcc><vAcc>32.000000</vAcc></extensions></trkpt>
      <trkpt lon="6.846166" lat="45.551959"><ele>3130.874023</ele><time>2022-01-19T12:44:39Z</time><extensions><speed>1.327540</speed><course>67.558563</course><hAcc>61.000000</hAcc><vAcc>32.000000</vAcc></extensions></trkpt>
      <trkpt lon="6.846231" lat="45.551946"><ele>3134.861328</ele><time>2022-01-19T12:44:44Z</time><extensions><speed>1.327540</speed><course>72.911179</course><hAcc>61.000000</hAcc><vAcc>32.000000</vAcc></extensions></trkpt>
      <trkpt lon="6.846270" lat="45.551938"><ele>3137.253662</ele><time>2022-01-19T12:44:47Z</time><extensions><speed>1.327541</speed><course>98.719025</course><hAcc>61.000000</hAcc><vAcc>21.000000</vAcc></extensions></trkpt>
      <trkpt lon="6.846283" lat="45.551935"><ele>3138.051270</ele><time>2022-01-19T12:44:48Z</time><extensions><speed>1.327541</speed><course>92.633148</course><hAcc>61.000000</hAcc><vAcc>21.000000</vAcc></extensions></trkpt>
      <trkpt lon="6.846296" lat="45.551932"><ele>3138.848633</ele><time>2022-01-19T12:44:49Z</time><extensions><speed>1.327541</speed><course>93.365555</course><hAcc>61.000000</hAcc><vAcc>21.000000</vAcc></extensions></trkpt>
      <trkpt lon="6.846309" lat="45.551930"><ele>3139.646240</ele><time>2022-01-19T12:44:50Z</time><extensions><speed>1.327541</speed><course>95.473045</course><hAcc>61.000000</hAcc><vAcc>21.000000</vAcc></extensions></trkpt>
      <trkpt lon="6.846336" lat="45.551924"><ele>3141.240967</ele><time>2022-01-19T12:44:52Z</time><extensions><speed>1.327541</speed><course>100.538971</course><hAcc>61.000000</hAcc><vAcc>21.000000</vAcc></extensions></trkpt>
      <trkpt lon="6.846388" lat="45.551914"><ele>3144.430908</ele><time>2022-01-19T12:44:56Z</time><extensions><speed>1.327541</speed><course>110.184769</course><hAcc>61.000000</hAcc><vAcc>21.000000</vAcc></extensions></trkpt>
      <trkpt lon="6.846414" lat="45.551908"><ele>3146.025879</ele><time>2022-01-19T12:44:58Z</time><extensions><speed>1.327541</speed><course>78.139809</course><hAcc>61.000000</hAcc><vAcc>48.000000</vAcc></extensions></trkpt>
      <trkpt lon="6.846740" lat="45.551842"><ele>3165.960938</ele><time>2022-01-19T12:45:23Z</time><extensions><speed>1.327542</speed><course>80.396355</course><hAcc>61.000000</hAcc><vAcc>32.000000</vAcc></extensions></trkpt>
      <trkpt lon="6.846792" lat="45.551831"><ele>3169.150879</ele><time>2022-01-19T12:45:27Z</time><extensions><speed>1.327543</speed><course>116.853561</course><hAcc>61.000000</hAcc><vAcc>21.000000</vAcc></extensions></trkpt>
      <trkpt lon="6.847426" lat="45.551701"><ele>3208.226318</ele><time>2022-01-19T12:46:16Z</time><extensions><speed>0.000000</speed><course>-1.000000</course><hAcc>4.692680</hAcc><vAcc>3.435591</vAcc></extensions></trkpt>
      <trkpt lon="6.847467" lat="45.551614"><ele>3207.800781</ele><time>2022-01-19T12:46:29Z</time><extensions><speed>0.641348</speed><course>164.696884</course><hAcc>4.715239</hAcc><vAcc>3.404565</vAcc></extensions></trkpt>
      <trkpt lon="6.847518" lat="45.551699"><ele>3209.692139</ele><time>2022-01-19T12:46:49Z</time><extensions><speed>0.000000</speed><course>61.041950</course><hAcc>4.716666</hAcc><vAcc>3.402587</vAcc></extensions></trkpt>
      <trkpt lon="6.847645" lat="45.551687"><ele>3211.278320</ele><time>2022-01-19T12:47:04Z</time><extensions><speed>0.794392</speed><course>102.419846</course><hAcc>4.701634</hAcc><vAcc>3.423328</vAcc></extensions></trkpt>
      <trkpt lon="6.847710" lat="45.551608"><ele>3207.830322</ele><time>2022-01-19T12:47:24Z</time><extensions><speed>0.596213</speed><course>183.693298</course><hAcc>4.696158</hAcc><vAcc>3.430836</vAcc></extensions></trkpt>
      <trkpt lon="6.847739" lat="45.551700"><ele>3208.633301</ele><time>2022-01-19T12:47:42Z</time><extensions><speed>0.000000</speed><course>241.610733</course><hAcc>4.730905</hAcc><vAcc>3.382762</vAcc></extensions></trkpt>
      <trkpt lon="6.847828" lat="45.551777"><ele>3209.105225</ele><time>2022-01-19T12:47:51Z</time><extensions><speed>0.000000</speed><course>241.610794</course><hAcc>4.737322</hAcc><vAcc>3.373769</vAcc></extensions></trkpt>
      <trkpt lon="6.847915" lat="45.551843"><ele>3209.965576</ele><time>2022-01-19T12:48:14Z</time><extensions><speed>0.000000</speed><course>241.610855</course><hAcc>4.726367</hAcc><vAcc>3.389098</vAcc></extensions></trkpt>
      <trkpt lon="6.848047" lat="45.551877"><ele>3209.534180</ele><time>2022-01-19T12:49:35Z</time><extensions><speed>0.472799</speed><course>18.628704</course><hAcc>4.695054</hAcc><vAcc>3.432347</vAcc></extensions></trkpt>
      <trkpt lon="6.848166" lat="45.551922"><ele>3208.026123</ele><time>2022-01-19T12:53:00Z</time><extensions><speed>0.000000</speed><course>48.866730</course><hAcc>4.699988</hAcc><vAcc>3.425588</vAcc></extensions></trkpt>
      <trkpt lon="6.848273" lat="45.551984"><ele>3207.044434</ele><time>2022-01-19T12:53:12Z</time><extensions><speed>1.456737</speed><course>42.476219</course><hAcc>4.718779</hAcc><vAcc>3.399656</vAcc></extensions></trkpt>
      <trkpt lon="6.848350" lat="45.552062"><ele>3206.800049</ele><time>2022-01-19T12:53:17Z</time><extensions><speed>2.138705</speed><course>32.278481</course><hAcc>4.721386</hAcc><vAcc>3.396034</vAcc></extensions></trkpt>
      <trkpt lon="6.848397" lat="45.552157"><ele>3205.471191</ele><time>2022-01-19T12:53:20Z</time><extensions><speed>3.974117</speed><course>25.940880</course><hAcc>4.726726</hAcc><vAcc>3.388598</vAcc></extensions></trkpt>
      <trkpt lon="6.848465" lat="45.552240"><ele>3204.281006</ele><time>2022-01-19T12:53:22Z</time><extensions><speed>5.182955</speed><course>27.371651</course><hAcc>4.726706</hAcc><vAcc>3.388626</vAcc></extensions></trkpt>
      <trkpt lon="6.848547" lat="45.552343"><ele>3202.653809</ele><time>2022-01-19T12:53:24Z</time><extensions><speed>6.328155</speed><course>31.533443</course><hAcc>4.726028</hAcc><vAcc>3.389571</vAcc></extensions></trkpt>
      <trkpt lon="6.848657" lat="45.552455"><ele>3200.907715</ele><time>2022-01-19T12:53:26Z</time><extensions><speed>7.213673</speed><course>35.753750</course><hAcc>4.724504</hAcc><vAcc>3.391696</vAcc></extensions></trkpt>
      <trkpt lon="6.848730" lat="45.552555"><ele>3198.489258</ele><time>2022-01-19T12:53:28Z</time><extensions><speed>6.826141</speed><course>22.860281</course><hAcc>4.724081</hAcc><vAcc>3.392285</vAcc></extensions></trkpt>
      <trkpt lon="6.848878" lat="45.552612"><ele>3196.823730</ele><time>2022-01-19T12:53:30Z</time><extensions><speed>6.437537</speed><course>38.458939</course><hAcc>4.725364</hAcc><vAcc>3.390498</vAcc></extensions></trkpt>
      <trkpt lon="6.848947" lat="45.552721"><ele>3193.853271</ele><time>2022-01-19T12:53:32Z</time><extensions><speed>5.978652</speed><course>36.613235</course><hAcc>4.726269</hAcc><vAcc>3.389236</vAcc></extensions></trkpt>
      <trkpt lon="6.848800" lat="45.552726"><ele>3189.416992</ele><time>2022-01-19T12:54:12Z</time><extensions><speed>0.000000</speed><course>228.742905</course><hAcc>4.708222</hAcc><vAcc>3.414262</vAcc></extensions></trkpt>
      <trkpt lon="6.848666" lat="45.552700"><ele>3185.636963</ele><time>2022-01-19T12:54:14Z</time><extensions><speed>5.319937</speed><course>255.296448</course><hAcc>4.706406</hAcc><vAcc>3.416764</vAcc></extensions></trkpt>
      <trkpt lon="6.848568" lat="45.552625"><ele>3183.334229</ele><time>2022-01-19T12:54:18Z</time><extensions><speed>3.273231</speed><course>240.546844</course><hAcc>4.692417</hAcc><vAcc>3.435952</vAcc></extensions></trkpt>
      <trkpt lon="6.848418" lat="45.552585"><ele>3180.242676</ele><time>2022-01-19T12:54:21Z</time><extensions><speed>4.189445</speed><course>241.381546</course><hAcc>4.676006</hAcc><vAcc>3.458251</vAcc></extensions></trkpt>
      <trkpt lon="6.848274" lat="45.552538"><ele>3176.229004</ele><time>2022-01-19T12:54:25Z</time><extensions><speed>3.371445</speed><course>230.772491</course><hAcc>4.686388</hAcc><vAcc>3.444170</vAcc></extensions></trkpt>
      <trkpt lon="6.848143" lat="45.552542"><ele>3170.041748</ele><time>2022-01-19T12:56:49Z</time><extensions><speed>0.000000</speed><course>268.820435</course><hAcc>4.688784</hAcc><vAcc>3.440907</vAcc></extensions></trkpt>
      <trkpt lon="6.848041" lat="45.552486"><ele>3167.623779</ele><time>2022-01-19T12:57:19Z</time><extensions><speed>1.684926</speed><course>225.629395</course><hAcc>4.693899</hAcc><vAcc>3.433926</vAcc></extensions></trkpt>
      <trkpt lon="6.847912" lat="45.552467"><ele>3167.307373</ele><time>2022-01-19T12:57:30Z</time><extensions><speed>0.626574</speed><course>267.556824</course><hAcc>4.700868</hAcc><vAcc>3.424380</vAcc></extensions></trkpt>
      <trkpt lon="6.847792" lat="45.552519"><ele>3163.122314</ele><time>2022-01-19T12:58:01Z</time><extensions><speed>1.402880</speed><course>297.066498</course><hAcc>4.720335</hAcc><vAcc>3.397495</vAcc></extensions></trkpt>
      <trkpt lon="6.847840" lat="45.552630"><ele>3161.023193</ele><time>2022-01-19T12:58:07Z</time><extensions><speed>3.291650</speed><course>31.720736</course><hAcc>4.720408</hAcc><vAcc>3.397393</vAcc></extensions></trkpt>
      <trkpt lon="6.847786" lat="45.552727"><ele>3155.954346</ele><time>2022-01-19T12:58:10Z</time><extensions><speed>3.755031</speed><course>332.736481</course><hAcc>4.716728</hAcc><vAcc>3.402501</vAcc></extensions></trkpt>
      <trkpt lon="6.847874" lat="45.552812"><ele>3153.905518</ele><time>2022-01-19T12:58:15Z</time><extensions><speed>3.775269</speed><course>41.476410</course><hAcc>4.723287</hAcc><vAcc>3.393390</vAcc></extensions></trkpt>
      <trkpt lon="6.847941" lat="45.552904"><ele>3151.223389</ele><time>2022-01-19T12:58:18Z</time><extensions><speed>3.915113</speed><course>28.843542</course><hAcc>4.725533</hAcc><vAcc>3.390262</vAcc></extensions></trkpt>
      <trkpt lon="6.847827" lat="45.552958"><ele>3149.887939</ele><time>2022-01-19T12:58:22Z</time><extensions><speed>3.506707</speed><course>279.582642</course><hAcc>4.715166</hAcc><vAcc>3.404666</vAcc></extensions></trkpt>
      <trkpt lon="6.847684" lat="45.552970"><ele>3146.734131</ele><time>2022-01-19T12:58:25Z</time><extensions><speed>3.892380</speed><course>272.161865</course><hAcc>4.715847</hAcc><vAcc>3.403722</vAcc></extensions></trkpt>
      <trkpt lon="6.847580" lat="45.552902"><ele>3145.248291</ele><time>2022-01-19T12:58:27Z</time><extensions><speed>5.088813</speed><course>246.591354</course><hAcc>4.715318</hAcc><vAcc>3.404455</vAcc></extensions></trkpt>
      <trkpt lon="6.847476" lat="45.552848"><ele>3143.212891</ele><time>2022-01-19T12:58:29Z</time><extensions><speed>5.248023</speed><course>228.820084</course><hAcc>4.710070</hAcc><vAcc>3.411712</vAcc></extensions></trkpt>
      <trkpt lon="6.847371" lat="45.552790"><ele>3141.202393</ele><time>2022-01-19T12:58:31Z</time><extensions><speed>5.212541</speed><course>247.277542</course><hAcc>4.701957</hAcc><vAcc>3.422885</vAcc></extensions></trkpt>
      <trkpt lon="6.847277" lat="45.552720"><ele>3140.726807</ele><time>2022-01-19T12:58:34Z</time><extensions><speed>4.218820</speed><course>210.892258</course><hAcc>4.695726</hAcc><vAcc>3.431427</vAcc></extensions></trkpt>
      <trkpt lon="6.847164" lat="45.552671"><ele>3138.509277</ele><time>2022-01-19T12:58:37Z</time><extensions><speed>3.651428</speed><course>240.422363</course><hAcc>4.705751</hAcc><vAcc>3.417666</vAcc></extensions></trkpt>
      <trkpt lon="6.847050" lat="45.552737"><ele>3136.348145</ele><time>2022-01-19T12:58:47Z</time><extensions><speed>2.486611</speed><course>331.628967</course><hAcc>4.711643</hAcc><vAcc>3.409539</vAcc></extensions></trkpt>
      <trkpt lon="6.847127" lat="45.552825"><ele>3133.552490</ele><time>2022-01-19T12:58:50Z</time><extensions><speed>4.340112</speed><course>47.073067</course><hAcc>4.719102</hAcc><vAcc>3.399207</vAcc></extensions></trkpt>
      <trkpt lon="6.847179" lat="45.552919"><ele>3130.847656</ele><time>2022-01-19T12:58:52Z</time><extensions><speed>5.404715</speed><course>28.808077</course><hAcc>4.720927</hAcc><vAcc>3.396672</vAcc></extensions></trkpt>
      <trkpt lon="6.847215" lat="45.553009"><ele>3129.028809</ele><time>2022-01-19T12:58:55Z</time><extensions><speed>4.104762</speed><course>353.786102</course><hAcc>4.720099</hAcc><vAcc>3.397823</vAcc></extensions></trkpt>
      <trkpt lon="6.847232" lat="45.553107"><ele>3124.784424</ele><time>2022-01-19T12:59:00Z</time><extensions><speed>2.902687</speed><course>359.927460</course><hAcc>4.722109</hAcc><vAcc>3.395030</vAcc></extensions></trkpt>
      <trkpt lon="6.847327" lat="45.553181"><ele>3120.328857</ele><time>2022-01-19T12:59:07Z</time><extensions><speed>1.130189</speed><course>52.854298</course><hAcc>4.715321</hAcc><vAcc>3.404451</vAcc></extensions></trkpt>
      <trkpt lon="6.847361" lat="45.553270"><ele>3121.333740</ele><time>2022-01-19T12:59:14Z</time><extensions><speed>2.946548</speed><course>31.365532</course><hAcc>4.722487</hAcc><vAcc>3.394504</vAcc></extensions></trkpt>
      <trkpt lon="6.847409" lat="45.553360"><ele>3118.055664</ele><time>2022-01-19T12:59:17Z</time><extensions><speed>3.320232</speed><course>7.483094</course><hAcc>4.725414</hAcc><vAcc>3.390428</vAcc></extensions></trkpt>
      <trkpt lon="6.847300" lat="45.553436"><ele>3115.785400</ele><time>2022-01-19T12:59:19Z</time><extensions><speed>5.288292</speed><course>328.088440</course><hAcc>4.717298</hAcc><vAcc>3.401711</vAcc></extensions></trkpt>
      <trkpt lon="6.847385" lat="45.553528"><ele>3111.057129</ele><time>2022-01-19T12:59:22Z</time><extensions><speed>4.512448</speed><course>15.408385</course><hAcc>4.717734</hAcc><vAcc>3.401107</vAcc></extensions></trkpt>
      <trkpt lon="6.847272" lat="45.553606"><ele>3104.693604</ele><time>2022-01-19T12:59:25Z</time><extensions><speed>5.046672</speed><course>332.652039</course><hAcc>4.714767</hAcc><vAcc>3.405218</vAcc></extensions></trkpt>
      <trkpt lon="6.847311" lat="45.553702"><ele>3101.295654</ele><time>2022-01-19T12:59:27Z</time><extensions><speed>6.143449</speed><course>3.671009</course><hAcc>4.717006</hAcc><vAcc>3.402115</vAcc></extensions></trkpt>
      <trkpt lon="6.847188" lat="45.553803"><ele>3094.909912</ele><time>2022-01-19T12:59:30Z</time><extensions><speed>5.858371</speed><course>337.810272</course><hAcc>4.708986</hAcc><vAcc>3.413208</vAcc></extensions></trkpt>
      <trkpt lon="6.847188" lat="45.553899"><ele>3091.597412</ele><time>2022-01-19T12:59:32Z</time><extensions><speed>5.722912</speed><course>346.470337</course><hAcc>4.711400</hAcc><vAcc>3.409875</vAcc></extensions></trkpt>
      <trkpt lon="6.847099" lat="45.553992"><ele>3087.414062</ele><time>2022-01-19T12:59:34Z</time><extensions><speed>6.363540</speed><course>341.252563</course><hAcc>4.713237</hAcc><vAcc>3.407335</vAcc></extensions></trkpt>
      <trkpt lon="6.847048" lat="45.554076"><ele>3084.912842</ele><time>2022-01-19T12:59:36Z</time><extensions><speed>5.072845</speed><course>316.554626</course><hAcc>4.716792</hAcc><vAcc>3.402413</vAcc></extensions></trkpt>
      <trkpt lon="6.846986" lat="45.554161"><ele>3080.988037</ele><time>2022-01-19T12:59:38Z</time><extensions><speed>5.263265</speed><course>343.419434</course><hAcc>4.718388</hAcc><vAcc>3.400200</vAcc></extensions></trkpt>
      <trkpt lon="6.846958" lat="45.554267"><ele>3077.030518</ele><time>2022-01-19T12:59:41Z</time><extensions><speed>4.522767</speed><course>322.210938</course><hAcc>4.720635</hAcc><vAcc>3.397078</vAcc></extensions></trkpt>
      <trkpt lon="6.846961" lat="45.554375"><ele>3073.781250</ele><time>2022-01-19T12:59:44Z</time><extensions><speed>3.945550</speed><course>19.864914</course><hAcc>4.722636</hAcc><vAcc>3.394295</vAcc></extensions></trkpt>
      <trkpt lon="6.846955" lat="45.554471"><ele>3070.019043</ele><time>2022-01-19T12:59:46Z</time><extensions><speed>5.211024</speed><course>346.086273</course><hAcc>4.721718</hAcc><vAcc>3.395572</vAcc></extensions></trkpt>
      <trkpt lon="6.846923" lat="45.554567"><ele>3066.301270</ele><time>2022-01-19T12:59:48Z</time><extensions><speed>5.499355</speed><course>359.419678</course><hAcc>4.715313</hAcc><vAcc>3.404461</vAcc></extensions></trkpt>
      <trkpt lon="6.846912" lat="45.554672"><ele>3062.854492</ele><time>2022-01-19T12:59:50Z</time><extensions><speed>6.162862</speed><course>342.868622</course><hAcc>4.710434</hAcc><vAcc>3.411209</vAcc></extensions></trkpt>
      <trkpt lon="6.846956" lat="45.554788"><ele>3057.754395</ele><time>2022-01-19T12:59:52Z</time><extensions><speed>7.149487</speed><course>20.996916</course><hAcc>4.711541</hAcc><vAcc>3.409680</vAcc></extensions></trkpt>
      <trkpt lon="6.846894" lat="45.554891"><ele>3052.766846</ele><time>2022-01-19T12:59:54Z</time><extensions><speed>6.596597</speed><course>322.218964</course><hAcc>4.704910</hAcc><vAcc>3.418824</vAcc></extensions></trkpt>
      <trkpt lon="6.846868" lat="45.555008"><ele>3047.559326</ele><time>2022-01-19T12:59:56Z</time><extensions><speed>6.923879</speed><course>358.826141</course><hAcc>4.708254</hAcc><vAcc>3.414218</vAcc></extensions></trkpt>
      <trkpt lon="6.846995" lat="45.555071"><ele>3046.233398</ele><time>2022-01-19T12:59:58Z</time><extensions><speed>5.858715</speed><course>48.189621</course><hAcc>4.714475</hAcc><vAcc>3.405622</vAcc></extensions></trkpt>
      <trkpt lon="6.847129" lat="45.555063"><ele>3044.949707</ele><time>2022-01-19T13:00:00Z</time><extensions><speed>5.022351</speed><course>88.676689</course><hAcc>4.715998</hAcc><vAcc>3.403513</vAcc></extensions></trkpt>
      <trkpt lon="6.847232" lat="45.555009"><ele>3044.087158</ele><time>2022-01-19T13:00:02Z</time><extensions><speed>4.907308</speed><course>117.660202</course><hAcc>4.722802</hAcc><vAcc>3.394065</vAcc></extensions></trkpt>
      <trkpt lon="6.847367" lat="45.554968"><ele>3043.122314</ele><time>2022-01-19T13:00:04Z</time><extensions><speed>5.635622</speed><course>115.032959</course><hAcc>4.722514</hAcc><vAcc>3.394465</vAcc></extensions></trkpt>
      <trkpt lon="6.847498" lat="45.554931"><ele>3043.479492</ele><time>2022-01-19T13:00:06Z</time><extensions><speed>5.488821</speed><course>112.809746</course><hAcc>4.726414</hAcc><vAcc>3.389033</vAcc></extensions></trkpt>
      <trkpt lon="6.847670" lat="45.554887"><ele>3043.803223</ele><time>2022-01-19T13:00:09Z</time><extensions><speed>4.514927</speed><course>111.299843</course><hAcc>4.720881</hAcc><vAcc>3.396736</vAcc></extensions></trkpt>
      <trkpt lon="6.847793" lat="45.554853"><ele>3042.823730</ele><time>2022-01-19T13:00:12Z</time><extensions><speed>3.083076</speed><course>111.034309</course><hAcc>4.724925</hAcc><vAcc>3.391109</vAcc></extensions></trkpt>
      <trkpt lon="6.847915" lat="45.554819"><ele>3042.523926</ele><time>2022-01-19T13:00:23Z</time><extensions><speed>0.427393</speed><course>119.666603</course><hAcc>4.718820</hAcc><vAcc>3.399600</vAcc></extensions></trkpt>
      <trkpt lon="6.848061" lat="45.554773"><ele>3040.311279</ele><time>2022-01-19T13:00:43Z</time><extensions><speed>2.192571</speed><course>109.561264</course><hAcc>4.708292</hAcc><vAcc>3.414165</vAcc></extensions></trkpt>
      <trkpt lon="6.848215" lat="45.554741"><ele>3040.979736</ele><time>2022-01-19T13:00:48Z</time><extensions><speed>2.478772</speed><course>106.748589</course><hAcc>4.719601</hAcc><vAcc>3.398515</vAcc></extensions></trkpt>
      <trkpt lon="6.848349" lat="45.554716"><ele>3041.639404</ele><time>2022-01-19T13:00:53Z</time><extensions><speed>2.029354</speed><course>102.200279</course><hAcc>4.731646</hAcc><vAcc>3.381724</vAcc></extensions></trkpt>
      <trkpt lon="6.848474" lat="45.554687"><ele>3042.326416</ele><time>2022-01-19T13:00:58Z</time><extensions><speed>2.064219</speed><course>109.246628</course><hAcc>4.729304</hAcc><vAcc>3.384999</vAcc></extensions></trkpt>
      <trkpt lon="6.848627" lat="45.554654"><ele>3042.106201</ele><time>2022-01-19T13:01:04Z</time><extensions><speed>2.739486</speed><course>105.105171</course><hAcc>4.742154</hAcc><vAcc>3.366974</vAcc></extensions></trkpt>
      <trkpt lon="6.848754" lat="45.554637"><ele>3042.378662</ele><time>2022-01-19T13:01:09Z</time><extensions><speed>2.391995</speed><course>94.156815</course><hAcc>4.753654</hAcc><vAcc>3.350718</vAcc></extensions></trkpt>
      <trkpt lon="6.848881" lat="45.554609"><ele>3042.655518</ele><time>2022-01-19T13:01:15Z</time><extensions><speed>1.737091</speed><course>97.514023</course><hAcc>4.741355</hAcc><vAcc>3.368099</vAcc></extensions></trkpt>
      <trkpt lon="6.849019" lat="45.554621"><ele>3042.741943</ele><time>2022-01-19T13:01:49Z</time><extensions><speed>0.000000</speed><course>94.905640</course><hAcc>4.961117</hAcc><vAcc>3.035104</vAcc></extensions></trkpt>
      <trkpt lon="6.849156" lat="45.554626"><ele>3042.486084</ele><time>2022-01-19T13:02:14Z</time><extensions><speed>1.246479</speed><course>81.558945</course><hAcc>4.738166</hAcc><vAcc>3.372583</vAcc></extensions></trkpt>
      <trkpt lon="6.849289" lat="45.554658"><ele>3040.280029</ele><time>2022-01-19T13:02:19Z</time><extensions><speed>2.861940</speed><course>80.196709</course><hAcc>4.744102</hAcc><vAcc>3.364228</vAcc></extensions></trkpt>
      <trkpt lon="6.849480" lat="45.554671"><ele>3037.885254</ele><time>2022-01-19T13:02:22Z</time><extensions><speed>5.059028</speed><course>79.334801</course><hAcc>4.749293</hAcc><vAcc>3.356896</vAcc></extensions></trkpt>
      <trkpt lon="6.849619" lat="45.554697"><ele>3034.984619</ele><time>2022-01-19T13:02:24Z</time><extensions><speed>5.287714</speed><course>82.149551</course><hAcc>4.747532</hAcc><vAcc>3.359387</vAcc></extensions></trkpt>
      <trkpt lon="6.849706" lat="45.554774"><ele>3031.178467</ele><time>2022-01-19T13:02:27Z</time><extensions><speed>4.454637</speed><course>22.390402</course><hAcc>4.724557</hAcc><vAcc>3.391622</vAcc></extensions></trkpt>
      <trkpt lon="6.849802" lat="45.554845"><ele>3027.364014</ele><time>2022-01-19T13:02:31Z</time><extensions><speed>2.453176</speed><course>43.125942</course><hAcc>4.737565</hAcc><vAcc>3.373428</vAcc></extensions></trkpt>
      <trkpt lon="6.849884" lat="45.554923"><ele>3020.926270</ele><time>2022-01-19T13:02:39Z</time><extensions><speed>1.542408</speed><course>19.489750</course><hAcc>4.693092</hAcc><vAcc>3.435028</vAcc></extensions></trkpt>
      <trkpt lon="6.849974" lat="45.555008"><ele>3012.802734</ele><time>2022-01-19T13:03:23Z</time><extensions><speed>2.551631</speed><course>39.420090</course><hAcc>4.717504</hAcc><vAcc>3.401426</vAcc></extensions></trkpt>
      <trkpt lon="6.850031" lat="45.555088"><ele>3008.458984</ele><time>2022-01-19T13:03:26Z</time><extensions><speed>4.139269</speed><course>23.260698</course><hAcc>4.713904</hAcc><vAcc>3.406412</vAcc></extensions></trkpt>
      <trkpt lon="6.850124" lat="45.555209"><ele>3000.829590</ele><time>2022-01-19T13:03:28Z</time><extensions><speed>6.515347</speed><course>32.178162</course><hAcc>4.711020</hAcc><vAcc>3.410400</vAcc></extensions></trkpt>
      <trkpt lon="6.850181" lat="45.555294"><ele>2996.934082</ele><time>2022-01-19T13:03:30Z</time><extensions><speed>5.908854</speed><course>16.828918</course><hAcc>4.707309</hAcc><vAcc>3.415520</vAcc></extensions></trkpt>
      <trkpt lon="6.850170" lat="45.555404"><ele>2990.569092</ele><time>2022-01-19T13:03:32Z</time><extensions><speed>6.505539</speed><course>10.069735</course><hAcc>4.708400</hAcc><vAcc>3.414016</vAcc></extensions></trkpt>
      <trkpt lon="6.850224" lat="45.555491"><ele>2987.685547</ele><time>2022-01-19T13:03:34Z</time><extensions><speed>6.026953</speed><course>9.933358</course><hAcc>4.709850</hAcc><vAcc>3.412015</vAcc></extensions></trkpt>
      <trkpt lon="6.850250" lat="45.555615"><ele>2981.393555</ele><time>2022-01-19T13:03:36Z</time><extensions><speed>6.785717</speed><course>16.116903</course><hAcc>4.708893</hAcc><vAcc>3.413336</vAcc></extensions></trkpt>
      <trkpt lon="6.850196" lat="45.555741"><ele>2975.439941</ele><time>2022-01-19T13:03:38Z</time><extensions><speed>7.901907</speed><course>341.437836</course><hAcc>4.705635</hAcc><vAcc>3.417826</vAcc></extensions></trkpt>
      <trkpt lon="6.850209" lat="45.555870"><ele>2969.811279</ele><time>2022-01-19T13:03:40Z</time><extensions><speed>7.490117</speed><course>7.860221</course><hAcc>4.710314</hAcc><vAcc>3.411375</vAcc></extensions></trkpt>
      <trkpt lon="6.850265" lat="45.555971"><ele>2965.471436</ele><time>2022-01-19T13:03:42Z</time><extensions><speed>6.807930</speed><course>11.067700</course><hAcc>4.708334</hAcc><vAcc>3.414107</vAcc></extensions></trkpt>
      <trkpt lon="6.850138" lat="45.556081"><ele>2958.739258</ele><time>2022-01-19T13:03:44Z</time><extensions><speed>7.757201</speed><course>342.559052</course><hAcc>4.693300</hAcc><vAcc>3.434745</vAcc></extensions></trkpt>
      <trkpt lon="6.850183" lat="45.556205"><ele>2955.788818</ele><time>2022-01-19T13:03:46Z</time><extensions><speed>7.665256</speed><course>4.896003</course><hAcc>4.691975</hAcc><vAcc>3.436555</vAcc></extensions></trkpt>
      <trkpt lon="6.850028" lat="45.556289"><ele>2950.291748</ele><time>2022-01-19T13:03:48Z</time><extensions><speed>7.841411</speed><course>316.247253</course><hAcc>4.681119</hAcc><vAcc>3.451327</vAcc></extensions></trkpt>
      <trkpt lon="6.850009" lat="45.556390"><ele>2945.322754</ele><time>2022-01-19T13:03:50Z</time><extensions><speed>6.195381</speed><course>359.011139</course><hAcc>4.674911</hAcc><vAcc>3.459731</vAcc></extensions></trkpt>
      <trkpt lon="6.849980" lat="45.556512"><ele>2940.304443</ele><time>2022-01-19T13:03:52Z</time><extensions><speed>6.838282</speed><course>347.922241</course><hAcc>4.682367</hAcc><vAcc>3.449634</vAcc></extensions></trkpt>
      <trkpt lon="6.849827" lat="45.556598"><ele>2934.610596</ele><time>2022-01-19T13:03:54Z</time><extensions><speed>7.452471</speed><course>322.007019</course><hAcc>4.683367</hAcc><vAcc>3.448276</vAcc></extensions></trkpt>
      <trkpt lon="6.849852" lat="45.556699"><ele>2932.651367</ele><time>2022-01-19T13:03:56Z</time><extensions><speed>5.927717</speed><course>358.513916</course><hAcc>4.686323</hAcc><vAcc>3.444258</vAcc></extensions></trkpt>
      <trkpt lon="6.849696" lat="45.556772"><ele>2927.962402</ele><time>2022-01-19T13:03:58Z</time><extensions><speed>7.100739</speed><course>309.947723</course><hAcc>4.680311</hAcc><vAcc>3.452423</vAcc></extensions></trkpt>
      <trkpt lon="6.849652" lat="45.556882"><ele>2922.876953</ele><time>2022-01-19T13:04:00Z</time><extensions><speed>6.623971</speed><course>345.442383</course><hAcc>4.691107</hAcc><vAcc>3.437739</vAcc></extensions></trkpt>
      <trkpt lon="6.849559" lat="45.557006"><ele>2918.530518</ele><time>2022-01-19T13:04:02Z</time><extensions><speed>8.093629</speed><course>328.778748</course><hAcc>4.686627</hAcc><vAcc>3.443844</vAcc></extensions></trkpt>
      <trkpt lon="6.849448" lat="45.557168"><ele>2911.739014</ele><time>2022-01-19T13:04:04Z</time><extensions><speed>9.894935</speed><course>338.386536</course><hAcc>4.691732</hAcc><vAcc>3.436886</vAcc></extensions></trkpt>
      <trkpt lon="6.849362" lat="45.557254"><ele>2908.449707</ele><time>2022-01-19T13:04:05Z</time><extensions><speed>11.065689</speed><course>329.514984</course><hAcc>4.690359</hAcc><vAcc>3.438760</vAcc></extensions></trkpt>
      <trkpt lon="6.849361" lat="45.557418"><ele>2902.632080</ele><time>2022-01-19T13:04:07Z</time><extensions><speed>9.578284</speed><course>354.498260</course><hAcc>4.693179</hAcc><vAcc>3.434910</vAcc></extensions></trkpt>
      <trkpt lon="6.849228" lat="45.557571"><ele>2897.143066</ele><time>2022-01-19T13:04:09Z</time><extensions><speed>10.087967</speed><course>334.388641</course><hAcc>4.695266</hAcc><vAcc>3.432057</vAcc></extensions></trkpt>
      <trkpt lon="6.849245" lat="45.557718"><ele>2894.647217</ele><time>2022-01-19T13:04:11Z</time><extensions><speed>8.504213</speed><course>354.479126</course><hAcc>4.698578</hAcc><vAcc>3.427521</vAcc></extensions></trkpt>
      <trkpt lon="6.849135" lat="45.557783"><ele>2891.622314</ele><time>2022-01-19T13:04:12Z</time><extensions><speed>9.222381</speed><course>327.824890</course><hAcc>4.697859</hAcc><vAcc>3.428507</vAcc></extensions></trkpt>
      <trkpt lon="6.849087" lat="45.557948"><ele>2886.639893</ele><time>2022-01-19T13:04:14Z</time><extensions><speed>9.413378</speed><course>341.236115</course><hAcc>4.700488</hAcc><vAcc>3.424901</vAcc></extensions></trkpt>
      <trkpt lon="6.848996" lat="45.558024"><ele>2883.636963</ele><time>2022-01-19T13:04:15Z</time><extensions><speed>10.202098</speed><course>329.816772</course><hAcc>4.696788</hAcc><vAcc>3.429974</vAcc></extensions></trkpt>
      <trkpt lon="6.848884" lat="45.558190"><ele>2877.599121</ele><time>2022-01-19T13:04:17Z</time><extensions><speed>11.018666</speed><course>326.669281</course><hAcc>4.700058</hAcc><vAcc>3.425492</vAcc></extensions></trkpt>
      <trkpt lon="6.848800" lat="45.558279"><ele>2873.129883</ele><time>2022-01-19T13:04:18Z</time><extensions><speed>11.814994</speed><course>328.945801</course><hAcc>4.699612</hAcc><vAcc>3.426103</vAcc></extensions></trkpt>
      <trkpt lon="6.848775" lat="45.558386"><ele>2870.614014</ele><time>2022-01-19T13:04:19Z</time><extensions><speed>12.283285</speed><course>341.785095</course><hAcc>4.700231</hAcc><vAcc>3.425254</vAcc></extensions></trkpt>
      <trkpt lon="6.848706" lat="45.558494"><ele>2867.401123</ele><time>2022-01-19T13:04:20Z</time><extensions><speed>13.229404</speed><course>333.747345</course><hAcc>4.705152</hAcc><vAcc>3.418492</vAcc></extensions></trkpt>
      <trkpt lon="6.848655" lat="45.558589"><ele>2865.962158</ele><time>2022-01-19T13:04:21Z</time><extensions><speed>12.301985</speed><course>339.768646</course><hAcc>4.703039</hAcc><vAcc>3.421398</vAcc></extensions></trkpt>
      <trkpt lon="6.848624" lat="45.558689"><ele>2865.202881</ele><time>2022-01-19T13:04:22Z</time><extensions><speed>11.716911</speed><course>343.951752</course><hAcc>4.706001</hAcc><vAcc>3.417323</vAcc></extensions></trkpt>
      <trkpt lon="6.848489" lat="45.558791"><ele>2859.124268</ele><time>2022-01-19T13:04:24Z</time><extensions><speed>8.462739</speed><course>318.784943</course><hAcc>4.706443</hAcc><vAcc>3.416713</vAcc></extensions></trkpt>
      <trkpt lon="6.848488" lat="45.558894"><ele>2858.815186</ele><time>2022-01-19T13:04:26Z</time><extensions><speed>5.991904</speed><course>356.163025</course><hAcc>4.709833</hAcc><vAcc>3.412039</vAcc></extensions></trkpt>
      <trkpt lon="6.848530" lat="45.559004"><ele>2857.022461</ele><time>2022-01-19T13:04:28Z</time><extensions><speed>6.460481</speed><course>9.780363</course><hAcc>4.713360</hAcc><vAcc>3.407165</vAcc></extensions></trkpt>
      <trkpt lon="6.848607" lat="45.559110"><ele>2855.164062</ele><time>2022-01-19T13:04:30Z</time><extensions><speed>6.646641</speed><course>24.392656</course><hAcc>4.716291</hAcc><vAcc>3.403106</vAcc></extensions></trkpt>
      <trkpt lon="6.848682" lat="45.559200"><ele>2853.583496</ele><time>2022-01-19T13:04:32Z</time><extensions><speed>6.042683</speed><course>18.661360</course><hAcc>4.718830</hAcc><vAcc>3.399586</vAcc></extensions></trkpt>
      <trkpt lon="6.848697" lat="45.559320"><ele>2851.650635</ele><time>2022-01-19T13:04:34Z</time><extensions><speed>6.890530</speed><course>8.477091</course><hAcc>4.708733</hAcc><vAcc>3.413558</vAcc></extensions></trkpt>
      <trkpt lon="6.848702" lat="45.559454"><ele>2850.120117</ele><time>2022-01-19T13:04:36Z</time><extensions><speed>7.740723</speed><course>3.470189</course><hAcc>4.713146</hAcc><vAcc>3.407462</vAcc></extensions></trkpt>
      <trkpt lon="6.848690" lat="45.559616"><ele>2847.888184</ele><time>2022-01-19T13:04:38Z</time><extensions><speed>8.924816</speed><course>359.986908</course><hAcc>4.712343</hAcc><vAcc>3.408572</vAcc></extensions></trkpt>
      <trkpt lon="6.848667" lat="45.559766"><ele>2844.658936</ele><time>2022-01-19T13:04:40Z</time><extensions><speed>8.850904</speed><course>345.305939</course><hAcc>4.712992</hAcc><vAcc>3.407674</vAcc></extensions></trkpt>
      <trkpt lon="6.848678" lat="45.559921"><ele>2841.963623</ele><time>2022-01-19T13:04:42Z</time><extensions><speed>8.521513</speed><course>0.434631</course><hAcc>4.712285</hAcc><vAcc>3.408652</vAcc></extensions></trkpt>
      <trkpt lon="6.848569" lat="45.560055"><ele>2839.047363</ele><time>2022-01-19T13:04:44Z</time><extensions><speed>8.688065</speed><course>334.536682</course><hAcc>4.711437</hAcc><vAcc>3.409824</vAcc></extensions></trkpt>
      <trkpt lon="6.848531" lat="45.560184"><ele>2836.434814</ele><time>2022-01-19T13:04:46Z</time><extensions><speed>7.851869</speed><course>338.502899</course><hAcc>4.711712</hAcc><vAcc>3.409444</vAcc></extensions></trkpt>
      <trkpt lon="6.848535" lat="45.560320"><ele>2832.352783</ele><time>2022-01-19T13:04:48Z</time><extensions><speed>8.186948</speed><course>357.584625</course><hAcc>4.713292</hAcc><vAcc>3.407259</vAcc></extensions></trkpt>
      <trkpt lon="6.848415" lat="45.560453"><ele>2825.521729</ele><time>2022-01-19T13:04:50Z</time><extensions><speed>9.106581</speed><course>330.905365</course><hAcc>4.710376</hAcc><vAcc>3.411290</vAcc></extensions></trkpt>
      <trkpt lon="6.848379" lat="45.560542"><ele>2822.958252</ele><time>2022-01-19T13:04:51Z</time><extensions><speed>10.095548</speed><course>341.903809</course><hAcc>4.711574</hAcc><vAcc>3.409635</vAcc></extensions></trkpt>
      <trkpt lon="6.848304" lat="45.560632"><ele>2818.987549</ele><time>2022-01-19T13:04:52Z</time><extensions><speed>11.256493</speed><course>330.299164</course><hAcc>4.710791</hAcc><vAcc>3.410717</vAcc></extensions></trkpt>
      <trkpt lon="6.848224" lat="45.560728"><ele>2815.341553</ele><time>2022-01-19T13:04:53Z</time><extensions><speed>12.210915</speed><course>333.438263</course><hAcc>4.710650</hAcc><vAcc>3.410911</vAcc></extensions></trkpt>
      <trkpt lon="6.848192" lat="45.560829"><ele>2812.429688</ele><time>2022-01-19T13:04:54Z</time><extensions><speed>12.223560</speed><course>340.092804</course><hAcc>4.713573</hAcc><vAcc>3.406871</vAcc></extensions></trkpt>
      <trkpt lon="6.848072" lat="45.560909"><ele>2808.979492</ele><time>2022-01-19T13:04:55Z</time><extensions><speed>12.760715</speed><course>320.892670</course><hAcc>4.713427</hAcc><vAcc>3.407073</vAcc></extensions></trkpt>
      <trkpt lon="6.847977" lat="45.561001"><ele>2804.736816</ele><time>2022-01-19T13:04:56Z</time><extensions><speed>12.876506</speed><course>326.105042</course><hAcc>4.708446</hAcc><vAcc>3.413953</vAcc></extensions></trkpt>
      <trkpt lon="6.847937" lat="45.561112"><ele>2802.209229</ele><time>2022-01-19T13:04:57Z</time><extensions><speed>12.713726</speed><course>339.118713</course><hAcc>4.707572</hAcc><vAcc>3.415158</vAcc></extensions></trkpt>
      <trkpt lon="6.847861" lat="45.561215"><ele>2799.152100</ele><time>2022-01-19T13:04:58Z</time><extensions><speed>13.312308</speed><course>331.374939</course><hAcc>4.711571</hAcc><vAcc>3.409639</vAcc></extensions></trkpt>
      <trkpt lon="6.847744" lat="45.561309"><ele>2796.742188</ele><time>2022-01-19T13:04:59Z</time><extensions><speed>13.679564</speed><course>324.418579</course><hAcc>4.705985</hAcc><vAcc>3.417344</vAcc></extensions></trkpt>
      <trkpt lon="6.847628" lat="45.561404"><ele>2794.988281</ele><time>2022-01-19T13:05:00Z</time><extensions><speed>13.579971</speed><course>325.101349</course><hAcc>4.706449</hAcc><vAcc>3.416706</vAcc></extensions></trkpt>
      <trkpt lon="6.847572" lat="45.561505"><ele>2794.748779</ele><time>2022-01-19T13:05:01Z</time><extensions><speed>12.483470</speed><course>332.329681</course><hAcc>4.709179</hAcc><vAcc>3.412941</vAcc></extensions></trkpt>
      <trkpt lon="6.847478" lat="45.561580"><ele>2794.584961</ele><time>2022-01-19T13:05:02Z</time><extensions><speed>11.546803</speed><course>322.320679</course><hAcc>4.712061</hAcc><vAcc>3.408962</vAcc></extensions></trkpt>
      <trkpt lon="6.847381" lat="45.561649"><ele>2794.452148</ele><time>2022-01-19T13:05:03Z</time><extensions><speed>11.036531</speed><course>317.224792</course><hAcc>4.708034</hAcc><vAcc>3.414521</vAcc></extensions></trkpt>
      <trkpt lon="6.847228" lat="45.561781"><ele>2792.989014</ele><time>2022-01-19T13:05:05Z</time><extensions><speed>9.856166</speed><course>325.196106</course><hAcc>4.713574</hAcc><vAcc>3.406869</vAcc></extensions></trkpt>
      <trkpt lon="6.847234" lat="45.561927"><ele>2791.308105</ele><time>2022-01-19T13:05:07Z</time><extensions><speed>8.371448</speed><course>351.959625</course><hAcc>4.718122</hAcc><vAcc>3.400568</vAcc></extensions></trkpt>
      <trkpt lon="6.847220" lat="45.562078"><ele>2788.823730</ele><time>2022-01-19T13:05:09Z</time><extensions><speed>7.985356</speed><course>6.460374</course><hAcc>4.721843</hAcc><vAcc>3.395399</vAcc></extensions></trkpt>
      <trkpt lon="6.847396" lat="45.562158"><ele>2785.981201</ele><time>2022-01-19T13:05:11Z</time><extensions><speed>7.841967</speed><course>51.792732</course><hAcc>4.722718</hAcc><vAcc>3.394181</vAcc></extensions></trkpt>
      <trkpt lon="6.847599" lat="45.562245"><ele>2782.994873</ele><time>2022-01-19T13:05:13Z</time><extensions><speed>9.179062</speed><course>58.198055</course><hAcc>4.727405</hAcc><vAcc>3.387651</vAcc></extensions></trkpt>
      <trkpt lon="6.847817" lat="45.562273"><ele>2780.215088</ele><time>2022-01-19T13:05:15Z</time><extensions><speed>8.739875</speed><course>76.081749</course><hAcc>4.727792</hAcc><vAcc>3.387110</vAcc></extensions></trkpt>
      <trkpt lon="6.848044" lat="45.562323"><ele>2776.554688</ele><time>2022-01-19T13:05:17Z</time><extensions><speed>9.230872</speed><course>76.740967</course><hAcc>4.732744</hAcc><vAcc>3.380188</vAcc></extensions></trkpt>
      <trkpt lon="6.848153" lat="45.562377"><ele>2775.145996</ele><time>2022-01-19T13:05:18Z</time><extensions><speed>9.907819</speed><course>59.873547</course><hAcc>4.733376</hAcc><vAcc>3.379303</vAcc></extensions></trkpt>
      <trkpt lon="6.848362" lat="45.562427"><ele>2771.210449</ele><time>2022-01-19T13:05:20Z</time><extensions><speed>8.745936</speed><course>64.635712</course><hAcc>4.733563</hAcc><vAcc>3.379041</vAcc></extensions></trkpt>
      <trkpt lon="6.848520" lat="45.562506"><ele>2768.719238</ele><time>2022-01-19T13:05:22Z</time><extensions><speed>7.304832</speed><course>61.552422</course><hAcc>4.735732</hAcc><vAcc>3.376001</vAcc></extensions></trkpt>
      <trkpt lon="6.848627" lat="45.562617"><ele>2763.639893</ele><time>2022-01-19T13:05:24Z</time><extensions><speed>7.485990</speed><course>42.574478</course><hAcc>4.731165</hAcc><vAcc>3.382397</vAcc></extensions></trkpt>
      <trkpt lon="6.848752" lat="45.562697"><ele>2760.104736</ele><time>2022-01-19T13:05:26Z</time><extensions><speed>7.439852</speed><course>37.377605</course><hAcc>4.730064</hAcc><vAcc>3.383937</vAcc></extensions></trkpt>
      <trkpt lon="6.848889" lat="45.562800"><ele>2755.431641</ele><time>2022-01-19T13:05:28Z</time><extensions><speed>7.799160</speed><course>50.516541</course><hAcc>4.724848</hAcc><vAcc>3.391217</vAcc></extensions></trkpt>
      <trkpt lon="6.848956" lat="45.562944"><ele>2747.318115</ele><time>2022-01-19T13:05:30Z</time><extensions><speed>8.942409</speed><course>19.968996</course><hAcc>4.721982</hAcc><vAcc>3.395206</vAcc></extensions></trkpt>
      <trkpt lon="6.849085" lat="45.563061"><ele>2742.527344</ele><time>2022-01-19T13:05:32Z</time><extensions><speed>8.981830</speed><course>23.230450</course><hAcc>4.721457</hAcc><vAcc>3.395935</vAcc></extensions></trkpt>
      <trkpt lon="6.849166" lat="45.563200"><ele>2737.575439</ele><time>2022-01-19T13:05:34Z</time><extensions><speed>8.486648</speed><course>32.035461</course><hAcc>4.721291</hAcc><vAcc>3.396168</vAcc></extensions></trkpt>
      <trkpt lon="6.849232" lat="45.563353"><ele>2731.278809</ele><time>2022-01-19T13:05:36Z</time><extensions><speed>9.860657</speed><course>11.629144</course><hAcc>4.716641</hAcc><vAcc>3.402622</vAcc></extensions></trkpt>
      <trkpt lon="6.849303" lat="45.563509"><ele>2725.945557</ele><time>2022-01-19T13:05:38Z</time><extensions><speed>9.747314</speed><course>7.867857</course><hAcc>4.718400</hAcc><vAcc>3.400182</vAcc></extensions></trkpt>
      <trkpt lon="6.849301" lat="45.563602"><ele>2722.186768</ele><time>2022-01-19T13:05:39Z</time><extensions><speed>10.243544</speed><course>5.996621</course><hAcc>4.715116</hAcc><vAcc>3.404735</vAcc></extensions></trkpt>
      <trkpt lon="6.849304" lat="45.563731"><ele>2716.973633</ele><time>2022-01-19T13:05:41Z</time><extensions><speed>8.526404</speed><course>348.093933</course><hAcc>4.718227</hAcc><vAcc>3.400423</vAcc></extensions></trkpt>
      <trkpt lon="6.849207" lat="45.563800"><ele>2712.771973</ele><time>2022-01-19T13:05:42Z</time><extensions><speed>9.795846</speed><course>329.656219</course><hAcc>4.714256</hAcc><vAcc>3.405925</vAcc></extensions></trkpt>
      <trkpt lon="6.849202" lat="45.563976"><ele>2706.136475</ele><time>2022-01-19T13:05:44Z</time><extensions><speed>10.183455</speed><course>351.924530</course><hAcc>4.716109</hAcc><vAcc>3.403359</vAcc></extensions></trkpt>
      <trkpt lon="6.849087" lat="45.564132"><ele>2699.138916</ele><time>2022-01-19T13:05:46Z</time><extensions><speed>10.164925</speed><course>343.467194</course><hAcc>4.712763</hAcc><vAcc>3.407991</vAcc></extensions></trkpt>
      <trkpt lon="6.849095" lat="45.564226"><ele>2696.843018</ele><time>2022-01-19T13:05:47Z</time><extensions><speed>10.483467</speed><course>353.860260</course><hAcc>4.714038</hAcc><vAcc>3.406227</vAcc></extensions></trkpt>
      <trkpt lon="6.849026" lat="45.564306"><ele>2693.244141</ele><time>2022-01-19T13:05:48Z</time><extensions><speed>10.801916</speed><course>335.007050</course><hAcc>4.715928</hAcc><vAcc>3.403610</vAcc></extensions></trkpt>
      <trkpt lon="6.848999" lat="45.564398"><ele>2689.549316</ele><time>2022-01-19T13:05:49Z</time><extensions><speed>10.670738</speed><course>347.114929</course><hAcc>4.714378</hAcc><vAcc>3.405756</vAcc></extensions></trkpt>
      <trkpt lon="6.849032" lat="45.564548"><ele>2685.180908</ele><time>2022-01-19T13:05:51Z</time><extensions><speed>9.177698</speed><course>355.092804</course><hAcc>4.719485</hAcc><vAcc>3.398677</vAcc></extensions></trkpt>
      <trkpt lon="6.848984" lat="45.564636"><ele>2681.485352</ele><time>2022-01-19T13:05:52Z</time><extensions><speed>10.173242</speed><course>347.379272</course><hAcc>4.714756</hAcc><vAcc>3.405234</vAcc></extensions></trkpt>
      <trkpt lon="6.849016" lat="45.564785"><ele>2675.892090</ele><time>2022-01-19T13:05:54Z</time><extensions><speed>9.018334</speed><course>1.416041</course><hAcc>4.719121</hAcc><vAcc>3.399181</vAcc></extensions></trkpt>
      <trkpt lon="6.849000" lat="45.564944"><ele>2670.502686</ele><time>2022-01-19T13:05:56Z</time><extensions><speed>8.934820</speed><course>7.109002</course><hAcc>4.720289</hAcc><vAcc>3.397559</vAcc></extensions></trkpt>
      <trkpt lon="6.848999" lat="45.565111"><ele>2664.364990</ele><time>2022-01-19T13:05:58Z</time><extensions><speed>9.969457</speed><course>355.911987</course><hAcc>4.719658</hAcc><vAcc>3.398436</vAcc></extensions></trkpt>
      <trkpt lon="6.849024" lat="45.565278"><ele>2659.578857</ele><time>2022-01-19T13:06:00Z</time><extensions><speed>9.767379</speed><course>358.435638</course><hAcc>4.722275</hAcc><vAcc>3.394799</vAcc></extensions></trkpt>
      <trkpt lon="6.849007" lat="45.565375"><ele>2656.670410</ele><time>2022-01-19T13:06:01Z</time><extensions><speed>10.598325</speed><course>358.043030</course><hAcc>4.718203</hAcc><vAcc>3.400455</vAcc></extensions></trkpt>
      <trkpt lon="6.849055" lat="45.565544"><ele>2652.712646</ele><time>2022-01-19T13:06:03Z</time><extensions><speed>10.201307</speed><course>4.575753</course><hAcc>4.720008</hAcc><vAcc>3.397949</vAcc></extensions></trkpt>
      <trkpt lon="6.849042" lat="45.565634"><ele>2650.532959</ele><time>2022-01-19T13:06:04Z</time><extensions><speed>10.082902</speed><course>0.527986</course><hAcc>4.718395</hAcc><vAcc>3.400190</vAcc></extensions></trkpt>
      <trkpt lon="6.849052" lat="45.565799"><ele>2646.786377</ele><time>2022-01-19T13:06:06Z</time><extensions><speed>9.706769</speed><course>353.733490</course><hAcc>4.717927</hAcc><vAcc>3.400839</vAcc></extensions></trkpt>
      <trkpt lon="6.849008" lat="45.565888"><ele>2645.269775</ele><time>2022-01-19T13:06:07Z</time><extensions><speed>9.834718</speed><course>349.399994</course><hAcc>4.715685</hAcc><vAcc>3.403946</vAcc></extensions></trkpt>
      <trkpt lon="6.848981" lat="45.566019"><ele>2642.086426</ele><time>2022-01-19T13:06:09Z</time><extensions><speed>7.810632</speed><course>342.051788</course><hAcc>4.717107</hAcc><vAcc>3.401976</vAcc></extensions></trkpt>
      <trkpt lon="6.848857" lat="45.566062"><ele>2640.135498</ele><time>2022-01-19T13:06:11Z</time><extensions><speed>5.443172</speed><course>309.596405</course><hAcc>4.710073</hAcc><vAcc>3.411709</vAcc></extensions></trkpt>
      <trkpt lon="6.848828" lat="45.566151"><ele>2636.092529</ele><time>2022-01-19T13:25:24Z</time><extensions><speed>0.000000</speed><course>350.761688</course><hAcc>4.691220</hAcc><vAcc>3.437585</vAcc></extensions></trkpt>
      <trkpt lon="6.848776" lat="45.566248"><ele>2635.128906</ele><time>2022-01-19T13:25:28Z</time><extensions><speed>3.587407</speed><course>336.717468</course><hAcc>4.703743</hAcc><vAcc>3.420429</vAcc></extensions></trkpt>
      <trkpt lon="6.848651" lat="45.566337"><ele>2632.583740</ele><time>2022-01-19T13:25:30Z</time><extensions><speed>6.086148</speed><course>321.874207</course><hAcc>4.708704</hAcc><vAcc>3.413597</vAcc></extensions></trkpt>
      <trkpt lon="6.848665" lat="45.566432"><ele>2631.076904</ele><time>2022-01-19T13:25:32Z</time><extensions><speed>5.118070</speed><course>356.913544</course><hAcc>4.713990</hAcc><vAcc>3.406293</vAcc></extensions></trkpt>
      <trkpt lon="6.848575" lat="45.566532"><ele>2627.922852</ele><time>2022-01-19T13:25:34Z</time><extensions><speed>6.300120</speed><course>335.178040</course><hAcc>4.716055</hAcc><vAcc>3.403434</vAcc></extensions></trkpt>
      <trkpt lon="6.848584" lat="45.566635"><ele>2625.526123</ele><time>2022-01-19T13:25:36Z</time><extensions><speed>5.832723</speed><course>355.088226</course><hAcc>4.719118</hAcc><vAcc>3.399185</vAcc></extensions></trkpt>
      <trkpt lon="6.848484" lat="45.566739"><ele>2622.579834</ele><time>2022-01-19T13:25:38Z</time><extensions><speed>6.511558</speed><course>335.943573</course><hAcc>4.719216</hAcc><vAcc>3.399050</vAcc></extensions></trkpt>
      <trkpt lon="6.848433" lat="45.566841"><ele>2619.921387</ele><time>2022-01-19T13:25:40Z</time><extensions><speed>6.595878</speed><course>326.352295</course><hAcc>4.721784</hAcc><vAcc>3.395481</vAcc></extensions></trkpt>
      <trkpt lon="6.848340" lat="45.566952"><ele>2616.921631</ele><time>2022-01-19T13:25:42Z</time><extensions><speed>6.989638</speed><course>338.593536</course><hAcc>4.721665</hAcc><vAcc>3.395647</vAcc></extensions></trkpt>
      <trkpt lon="6.848200" lat="45.567052"><ele>2612.406494</ele><time>2022-01-19T13:25:44Z</time><extensions><speed>8.206347</speed><course>313.230713</course><hAcc>4.721783</hAcc><vAcc>3.395482</vAcc></extensions></trkpt>
      <trkpt lon="6.848072" lat="45.567178"><ele>2608.905518</ele><time>2022-01-19T13:25:46Z</time><extensions><speed>8.637069</speed><course>322.569824</course><hAcc>4.722019</hAcc><vAcc>3.395154</vAcc></extensions></trkpt>
      <trkpt lon="6.847896" lat="45.567266"><ele>2605.099609</ele><time>2022-01-19T13:25:48Z</time><extensions><speed>8.704342</speed><course>313.739990</course><hAcc>4.722154</hAcc><vAcc>3.394967</vAcc></extensions></trkpt>
      <trkpt lon="6.847772" lat="45.567399"><ele>2602.000000</ele><time>2022-01-19T13:25:50Z</time><extensions><speed>9.105062</speed><course>318.796082</course><hAcc>4.724277</hAcc><vAcc>3.392011</vAcc></extensions></trkpt>
      <trkpt lon="6.847690" lat="45.567468"><ele>2600.578857</ele><time>2022-01-19T13:25:51Z</time><extensions><speed>9.648477</speed><course>323.074707</course><hAcc>4.723328</hAcc><vAcc>3.393334</vAcc></extensions></trkpt>
      <trkpt lon="6.847538" lat="45.567615"><ele>2597.187744</ele><time>2022-01-19T13:25:53Z</time><extensions><speed>10.573735</speed><course>319.776367</course><hAcc>4.724084</hAcc><vAcc>3.392280</vAcc></extensions></trkpt>
      <trkpt lon="6.847468" lat="45.567699"><ele>2595.507080</ele><time>2022-01-19T13:25:54Z</time><extensions><speed>10.726927</speed><course>327.894409</course><hAcc>4.723469</hAcc><vAcc>3.393137</vAcc></extensions></trkpt>
      <trkpt lon="6.847434" lat="45.567791"><ele>2594.513916</ele><time>2022-01-19T13:25:55Z</time><extensions><speed>10.632654</speed><course>339.459320</course><hAcc>4.724384</hAcc><vAcc>3.391863</vAcc></extensions></trkpt>
      <trkpt lon="6.847384" lat="45.567879"><ele>2593.759766</ele><time>2022-01-19T13:25:56Z</time><extensions><speed>10.591433</speed><course>336.529816</course><hAcc>4.724669</hAcc><vAcc>3.391467</vAcc></extensions></trkpt>
      <trkpt lon="6.847323" lat="45.567961"><ele>2593.005859</ele><time>2022-01-19T13:25:57Z</time><extensions><speed>10.445513</speed><course>333.255249</course><hAcc>4.723965</hAcc><vAcc>3.392447</vAcc></extensions></trkpt>
      <trkpt lon="6.847175" lat="45.568096"><ele>2591.723389</ele><time>2022-01-19T13:25:59Z</time><extensions><speed>9.459270</speed><course>322.657806</course><hAcc>4.724137</hAcc><vAcc>3.392207</vAcc></extensions></trkpt>
      <trkpt lon="6.847071" lat="45.568239"><ele>2589.814453</ele><time>2022-01-19T13:26:01Z</time><extensions><speed>8.850708</speed><course>339.369751</course><hAcc>4.725853</hAcc><vAcc>3.389816</vAcc></extensions></trkpt>
      <trkpt lon="6.847026" lat="45.568398"><ele>2586.793213</ele><time>2022-01-19T13:26:03Z</time><extensions><speed>9.080538</speed><course>342.613495</course><hAcc>4.729443</hAcc><vAcc>3.384805</vAcc></extensions></trkpt>
      <trkpt lon="6.846902" lat="45.568553"><ele>2583.757324</ele><time>2022-01-19T13:26:05Z</time><extensions><speed>9.864292</speed><course>338.310242</course><hAcc>4.729847</hAcc><vAcc>3.384240</vAcc></extensions></trkpt>
      <trkpt lon="6.846848" lat="45.568638"><ele>2581.034424</ele><time>2022-01-19T13:26:06Z</time><extensions><speed>10.432807</speed><course>332.935608</course><hAcc>4.730617</hAcc><vAcc>3.383164</vAcc></extensions></trkpt>
      <trkpt lon="6.846783" lat="45.568725"><ele>2578.825195</ele><time>2022-01-19T13:26:07Z</time><extensions><speed>10.761465</speed><course>334.567474</course><hAcc>4.730429</hAcc><vAcc>3.383428</vAcc></extensions></trkpt>
      <trkpt lon="6.846704" lat="45.568885"><ele>2574.123535</ele><time>2022-01-19T13:26:09Z</time><extensions><speed>9.827823</speed><course>329.628754</course><hAcc>4.733909</hAcc><vAcc>3.378556</vAcc></extensions></trkpt>
      <trkpt lon="6.846615" lat="45.569022"><ele>2570.305176</ele><time>2022-01-19T13:26:11Z</time><extensions><speed>8.688624</speed><course>344.532349</course><hAcc>4.732138</hAcc><vAcc>3.381036</vAcc></extensions></trkpt>
      <trkpt lon="6.846462" lat="45.569135"><ele>2565.630371</ele><time>2022-01-19T13:26:13Z</time><extensions><speed>9.273095</speed><course>318.220154</course><hAcc>4.731998</hAcc><vAcc>3.381232</vAcc></extensions></trkpt>
      <trkpt lon="6.846384" lat="45.569298"><ele>2560.641846</ele><time>2022-01-19T13:26:15Z</time><extensions><speed>10.052876</speed><course>337.719788</course><hAcc>4.732354</hAcc><vAcc>3.380734</vAcc></extensions></trkpt>
      <trkpt lon="6.846289" lat="45.569374"><ele>2557.868896</ele><time>2022-01-19T13:26:16Z</time><extensions><speed>10.960023</speed><course>323.870941</course><hAcc>4.733163</hAcc><vAcc>3.379601</vAcc></extensions></trkpt>
      <trkpt lon="6.846224" lat="45.569458"><ele>2556.223389</ele><time>2022-01-19T13:26:17Z</time><extensions><speed>10.741891</speed><course>331.239655</course><hAcc>4.733137</hAcc><vAcc>3.379638</vAcc></extensions></trkpt>
      <trkpt lon="6.846067" lat="45.569592"><ele>2552.000732</ele><time>2022-01-19T13:26:19Z</time><extensions><speed>10.168411</speed><course>315.934296</course><hAcc>4.733822</hAcc><vAcc>3.378678</vAcc></extensions></trkpt>
      <trkpt lon="6.845975" lat="45.569718"><ele>2548.118164</ele><time>2022-01-19T13:26:21Z</time><extensions><speed>8.106406</speed><course>330.416351</course><hAcc>4.733912</hAcc><vAcc>3.378552</vAcc></extensions></trkpt>
      <trkpt lon="6.845792" lat="45.569742"><ele>2544.923828</ele><time>2022-01-19T13:26:23Z</time><extensions><speed>7.350200</speed><course>290.766418</course><hAcc>4.733614</hAcc><vAcc>3.378970</vAcc></extensions></trkpt>
      <trkpt lon="6.845725" lat="45.569853"><ele>2541.522461</ele><time>2022-01-19T13:26:25Z</time><extensions><speed>6.810638</speed><course>334.742249</course><hAcc>4.734344</hAcc><vAcc>3.377947</vAcc></extensions></trkpt>
      <trkpt lon="6.845600" lat="45.569902"><ele>2536.903320</ele><time>2022-01-19T13:26:27Z</time><extensions><speed>5.625232</speed><course>291.582367</course><hAcc>4.732200</hAcc><vAcc>3.380950</vAcc></extensions></trkpt>
      <trkpt lon="6.845455" lat="45.569940"><ele>2533.049805</ele><time>2022-01-19T13:26:29Z</time><extensions><speed>6.628168</speed><course>304.136810</course><hAcc>4.732442</hAcc><vAcc>3.380611</vAcc></extensions></trkpt>
      <trkpt lon="6.845345" lat="45.570032"><ele>2527.857422</ele><time>2022-01-19T13:26:32Z</time><extensions><speed>4.769663</speed><course>301.449280</course><hAcc>4.734506</hAcc><vAcc>3.377720</vAcc></extensions></trkpt>
      <trkpt lon="6.845187" lat="45.570040"><ele>2523.850830</ele><time>2022-01-19T13:26:34Z</time><extensions><speed>6.514106</speed><course>287.396057</course><hAcc>4.732611</hAcc><vAcc>3.380374</vAcc></extensions></trkpt>
      <trkpt lon="6.845086" lat="45.570137"><ele>2518.072998</ele><time>2022-01-19T13:26:36Z</time><extensions><speed>6.863800</speed><course>314.029480</course><hAcc>4.732585</hAcc><vAcc>3.380410</vAcc></extensions></trkpt>
      <trkpt lon="6.844922" lat="45.570151"><ele>2511.698730</ele><time>2022-01-19T13:26:38Z</time><extensions><speed>7.091659</speed><course>291.499512</course><hAcc>4.728114</hAcc><vAcc>3.386661</vAcc></extensions></trkpt>
      <trkpt lon="6.844803" lat="45.570244"><ele>2507.448486</ele><time>2022-01-19T13:26:40Z</time><extensions><speed>7.273622</speed><course>303.346069</course><hAcc>4.731883</hAcc><vAcc>3.381394</vAcc></extensions></trkpt>
      <trkpt lon="6.844600" lat="45.570252"><ele>2500.930664</ele><time>2022-01-19T13:26:42Z</time><extensions><speed>8.197574</speed><course>286.860779</course><hAcc>4.729153</hAcc><vAcc>3.385211</vAcc></extensions></trkpt>
      <trkpt lon="6.844469" lat="45.570372"><ele>2495.729736</ele><time>2022-01-19T13:26:44Z</time><extensions><speed>8.724812</speed><course>323.172180</course><hAcc>4.731667</hAcc><vAcc>3.381696</vAcc></extensions></trkpt>
      <trkpt lon="6.844260" lat="45.570465"><ele>2489.476562</ele><time>2022-01-19T13:26:46Z</time><extensions><speed>10.328573</speed><course>296.712982</course><hAcc>4.733022</hAcc><vAcc>3.379798</vAcc></extensions></trkpt>
      <trkpt lon="6.844158" lat="45.570525"><ele>2487.375244</ele><time>2022-01-19T13:26:47Z</time><extensions><speed>10.230462</speed><course>308.612701</course><hAcc>4.733093</hAcc><vAcc>3.379699</vAcc></extensions></trkpt>
      <trkpt lon="6.843992" lat="45.570638"><ele>2484.265137</ele><time>2022-01-19T13:26:49Z</time><extensions><speed>9.524587</speed><course>304.246521</course><hAcc>4.733222</hAcc><vAcc>3.379519</vAcc></extensions></trkpt>
      <trkpt lon="6.843868" lat="45.570672"><ele>2482.635742</ele><time>2022-01-19T13:26:50Z</time><extensions><speed>10.020358</speed><course>297.615631</course><hAcc>4.732096</hAcc><vAcc>3.381095</vAcc></extensions></trkpt>
      <trkpt lon="6.843745" lat="45.570822"><ele>2478.458008</ele><time>2022-01-19T13:26:52Z</time><extensions><speed>9.518639</speed><course>331.839355</course><hAcc>4.733894</hAcc><vAcc>3.378577</vAcc></extensions></trkpt>
      <trkpt lon="6.843605" lat="45.570951"><ele>2474.074463</ele><time>2022-01-19T13:26:54Z</time><extensions><speed>9.210786</speed><course>316.989868</course><hAcc>4.735483</hAcc><vAcc>3.376350</vAcc></extensions></trkpt>
      <trkpt lon="6.843481" lat="45.570982"><ele>2471.731445</ele><time>2022-01-19T13:26:55Z</time><extensions><speed>9.624969</speed><course>303.315735</course><hAcc>4.733189</hAcc><vAcc>3.379565</vAcc></extensions></trkpt>
      <trkpt lon="6.843409" lat="45.571125"><ele>2467.179443</ele><time>2022-01-19T13:26:57Z</time><extensions><speed>8.569519</speed><course>335.269501</course><hAcc>4.733394</hAcc><vAcc>3.379279</vAcc></extensions></trkpt>
      <trkpt lon="6.843201" lat="45.571206"><ele>2461.767578</ele><time>2022-01-19T13:26:59Z</time><extensions><speed>9.492366</speed><course>306.184174</course><hAcc>4.732121</hAcc><vAcc>3.381060</vAcc></extensions></trkpt>
      <trkpt lon="6.843030" lat="45.571320"><ele>2456.890381</ele><time>2022-01-19T13:27:01Z</time><extensions><speed>10.084142</speed><course>301.217102</course><hAcc>4.733047</hAcc><vAcc>3.379764</vAcc></extensions></trkpt>
      <trkpt lon="6.842925" lat="45.571378"><ele>2454.962158</ele><time>2022-01-19T13:27:02Z</time><extensions><speed>10.353240</speed><course>309.158966</course><hAcc>4.731472</hAcc><vAcc>3.381968</vAcc></extensions></trkpt>
      <trkpt lon="6.842755" lat="45.571479"><ele>2450.922852</ele><time>2022-01-19T13:27:04Z</time><extensions><speed>8.916713</speed><course>293.642120</course><hAcc>4.732576</hAcc><vAcc>3.380423</vAcc></extensions></trkpt>
      <trkpt lon="6.842550" lat="45.571536"><ele>2446.812744</ele><time>2022-01-19T13:27:06Z</time><extensions><speed>8.669213</speed><course>298.968811</course><hAcc>4.730242</hAcc><vAcc>3.383688</vAcc></extensions></trkpt>
      <trkpt lon="6.842458" lat="45.571645"><ele>2445.077637</ele><time>2022-01-19T13:27:08Z</time><extensions><speed>7.101432</speed><course>320.063843</course><hAcc>4.731353</hAcc><vAcc>3.382135</vAcc></extensions></trkpt>
      <trkpt lon="6.842245" lat="45.571660"><ele>2441.898682</ele><time>2022-01-19T13:27:10Z</time><extensions><speed>7.943610</speed><course>285.525146</course><hAcc>4.729671</hAcc><vAcc>3.384486</vAcc></extensions></trkpt>
      <trkpt lon="6.842151" lat="45.571761"><ele>2438.970459</ele><time>2022-01-19T13:27:12Z</time><extensions><speed>6.684443</speed><course>316.249359</course><hAcc>4.730981</hAcc><vAcc>3.382656</vAcc></extensions></trkpt>
      <trkpt lon="6.842069" lat="45.571851"><ele>2436.503906</ele><time>2022-01-19T13:27:14Z</time><extensions><speed>5.889158</speed><course>344.373688</course><hAcc>4.731308</hAcc><vAcc>3.382197</vAcc></extensions></trkpt>
      <trkpt lon="6.842025" lat="45.571984"><ele>2432.904297</ele><time>2022-01-19T13:27:16Z</time><extensions><speed>8.028676</speed><course>337.647461</course><hAcc>4.732518</hAcc><vAcc>3.380505</vAcc></extensions></trkpt>
      <trkpt lon="6.842047" lat="45.572133"><ele>2428.703613</ele><time>2022-01-19T13:27:18Z</time><extensions><speed>8.222427</speed><course>8.224320</course><hAcc>4.732174</hAcc><vAcc>3.380986</vAcc></extensions></trkpt>
      <trkpt lon="6.842007" lat="45.572288"><ele>2423.415771</ele><time>2022-01-19T13:27:20Z</time><extensions><speed>8.650193</speed><course>354.157959</course><hAcc>4.732398</hAcc><vAcc>3.380673</vAcc></extensions></trkpt>
      <trkpt lon="6.842026" lat="45.572431"><ele>2419.659424</ele><time>2022-01-19T13:27:22Z</time><extensions><speed>8.570921</speed><course>0.023280</course><hAcc>4.732740</hAcc><vAcc>3.380194</vAcc></extensions></trkpt>
      <trkpt lon="6.841993" lat="45.572578"><ele>2415.901123</ele><time>2022-01-19T13:27:24Z</time><extensions><speed>7.883080</speed><course>0.706234</course><hAcc>4.732358</hAcc><vAcc>3.380729</vAcc></extensions></trkpt>
      <trkpt lon="6.842042" lat="45.572720"><ele>2412.065186</ele><time>2022-01-19T13:27:26Z</time><extensions><speed>8.531964</speed><course>3.027275</course><hAcc>4.733203</hAcc><vAcc>3.379545</vAcc></extensions></trkpt>
      <trkpt lon="6.842004" lat="45.572874"><ele>2407.317383</ele><time>2022-01-19T13:27:28Z</time><extensions><speed>8.200058</speed><course>357.866760</course><hAcc>4.732761</hAcc><vAcc>3.380164</vAcc></extensions></trkpt>
      <trkpt lon="6.842029" lat="45.572970"><ele>2404.141357</ele><time>2022-01-19T13:27:30Z</time><extensions><speed>5.976151</speed><course>8.152628</course><hAcc>4.734097</hAcc><vAcc>3.378293</vAcc></extensions></trkpt>
      <trkpt lon="6.842012" lat="45.573075"><ele>2400.674561</ele><time>2022-01-19T13:27:32Z</time><extensions><speed>6.920490</speed><course>345.966583</course><hAcc>4.732688</hAcc><vAcc>3.380266</vAcc></extensions></trkpt>
      <trkpt lon="6.842000" lat="45.573193"><ele>2395.897705</ele><time>2022-01-19T13:27:34Z</time><extensions><speed>6.359561</speed><course>6.658814</course><hAcc>4.732673</hAcc><vAcc>3.380287</vAcc></extensions></trkpt>
      <trkpt lon="6.842077" lat="45.573285"><ele>2392.750488</ele><time>2022-01-19T13:27:36Z</time><extensions><speed>5.741385</speed><course>28.601614</course><hAcc>4.734791</hAcc><vAcc>3.377320</vAcc></extensions></trkpt>
      <trkpt lon="6.842066" lat="45.573376"><ele>2388.077881</ele><time>2022-01-19T13:27:38Z</time><extensions><speed>6.198903</speed><course>339.094635</course><hAcc>4.734930</hAcc><vAcc>3.377125</vAcc></extensions></trkpt>
      <trkpt lon="6.842052" lat="45.573498"><ele>2384.128418</ele><time>2022-01-19T13:27:40Z</time><extensions><speed>6.599894</speed><course>358.189880</course><hAcc>4.733402</hAcc><vAcc>3.379266</vAcc></extensions></trkpt>
      <trkpt lon="6.842129" lat="45.573586"><ele>2381.242676</ele><time>2022-01-19T13:27:42Z</time><extensions><speed>6.180825</speed><course>18.352814</course><hAcc>4.735099</hAcc><vAcc>3.376889</vAcc></extensions></trkpt>
      <trkpt lon="6.842098" lat="45.573723"><ele>2376.199707</ele><time>2022-01-19T13:27:44Z</time><extensions><speed>7.585858</speed><course>0.981006</course><hAcc>4.733621</hAcc><vAcc>3.378959</vAcc></extensions></trkpt>
      <trkpt lon="6.842143" lat="45.573835"><ele>2372.511963</ele><time>2022-01-19T13:27:46Z</time><extensions><speed>6.936244</speed><course>4.709736</course><hAcc>4.734027</hAcc><vAcc>3.378390</vAcc></extensions></trkpt>
      <trkpt lon="6.842102" lat="45.573969"><ele>2367.520020</ele><time>2022-01-19T13:27:48Z</time><extensions><speed>7.251339</speed><course>358.997467</course><hAcc>4.733315</hAcc><vAcc>3.379389</vAcc></extensions></trkpt>
      <trkpt lon="6.842151" lat="45.574065"><ele>2364.601318</ele><time>2022-01-19T13:27:50Z</time><extensions><speed>6.412096</speed><course>12.899069</course><hAcc>4.733715</hAcc><vAcc>3.378828</vAcc></extensions></trkpt>
      <trkpt lon="6.842101" lat="45.574210"><ele>2359.486084</ele><time>2022-01-19T13:27:52Z</time><extensions><speed>8.242364</speed><course>353.654816</course><hAcc>4.732569</hAcc><vAcc>3.380434</vAcc></extensions></trkpt>
      <trkpt lon="6.842198" lat="45.574322"><ele>2356.645508</ele><time>2022-01-19T13:27:54Z</time><extensions><speed>7.546288</speed><course>30.098877</course><hAcc>4.733955</hAcc><vAcc>3.378491</vAcc></extensions></trkpt>
      <trkpt lon="6.842196" lat="45.574468"><ele>2351.939697</ele><time>2022-01-19T13:27:56Z</time><extensions><speed>8.582832</speed><course>354.391144</course><hAcc>4.732337</hAcc><vAcc>3.380758</vAcc></extensions></trkpt>
      <trkpt lon="6.842242" lat="45.574595"><ele>2347.995117</ele><time>2022-01-19T13:27:58Z</time><extensions><speed>7.368319</speed><course>18.925213</course><hAcc>4.732437</hAcc><vAcc>3.380618</vAcc></extensions></trkpt>
      <trkpt lon="6.842302" lat="45.574708"><ele>2344.631836</ele><time>2022-01-19T13:28:00Z</time><extensions><speed>7.201119</speed><course>8.986341</course><hAcc>4.733760</hAcc><vAcc>3.378765</vAcc></extensions></trkpt>
      <trkpt lon="6.842255" lat="45.574842"><ele>2340.545654</ele><time>2022-01-19T13:28:02Z</time><extensions><speed>7.125878</speed><course>355.388550</course><hAcc>4.732558</hAcc><vAcc>3.380448</vAcc></extensions></trkpt>
      <trkpt lon="6.842251" lat="45.574947"><ele>2337.242432</ele><time>2022-01-19T13:28:06Z</time><extensions><speed>2.812730</speed><course>347.992035</course><hAcc>4.736102</hAcc><vAcc>3.375482</vAcc></extensions></trkpt>
      <trkpt lon="6.842219" lat="45.575042"><ele>2334.246826</ele><time>2022-01-19T13:28:10Z</time><extensions><speed>3.578221</speed><course>1.074145</course><hAcc>4.736048</hAcc><vAcc>3.375557</vAcc></extensions></trkpt>
      <trkpt lon="6.842282" lat="45.575148"><ele>2331.332520</ele><time>2022-01-19T13:28:13Z</time><extensions><speed>4.485173</speed><course>27.484884</course><hAcc>4.736107</hAcc><vAcc>3.375475</vAcc></extensions></trkpt>
      <trkpt lon="6.842274" lat="45.575241"><ele>2328.067383</ele><time>2022-01-19T13:28:15Z</time><extensions><speed>5.779679</speed><course>347.473877</course><hAcc>4.735204</hAcc><vAcc>3.376741</vAcc></extensions></trkpt>
      <trkpt lon="6.842298" lat="45.575350"><ele>2324.408936</ele><time>2022-01-19T13:28:17Z</time><extensions><speed>5.882582</speed><course>21.079418</course><hAcc>4.735636</hAcc><vAcc>3.376135</vAcc></extensions></trkpt>
      <trkpt lon="6.842355" lat="45.575457"><ele>2321.245605</ele><time>2022-01-19T13:28:19Z</time><extensions><speed>6.864796</speed><course>5.876009</course><hAcc>4.736720</hAcc><vAcc>3.374614</vAcc></extensions></trkpt>
      <trkpt lon="6.842390" lat="45.575586"><ele>2317.315918</ele><time>2022-01-19T13:28:21Z</time><extensions><speed>7.054347</speed><course>21.510145</course><hAcc>4.735619</hAcc><vAcc>3.376159</vAcc></extensions></trkpt>
      <trkpt lon="6.842398" lat="45.575720"><ele>2313.067383</ele><time>2022-01-19T13:28:23Z</time><extensions><speed>8.178568</speed><course>356.293243</course><hAcc>4.734664</hAcc><vAcc>3.377498</vAcc></extensions></trkpt>
      <trkpt lon="6.842458" lat="45.575835"><ele>2309.245605</ele><time>2022-01-19T13:28:25Z</time><extensions><speed>6.693758</speed><course>25.868361</course><hAcc>4.735878</hAcc><vAcc>3.375795</vAcc></extensions></trkpt>
      <trkpt lon="6.842469" lat="45.575972"><ele>2304.665527</ele><time>2022-01-19T13:28:27Z</time><extensions><speed>8.510200</speed><course>356.816925</course><hAcc>4.734699</hAcc><vAcc>3.377450</vAcc></extensions></trkpt>
      <trkpt lon="6.842531" lat="45.576121"><ele>2299.596436</ele><time>2022-01-19T13:28:29Z</time><extensions><speed>8.628574</speed><course>20.283020</course><hAcc>4.733970</hAcc><vAcc>3.378471</vAcc></extensions></trkpt>
      <trkpt lon="6.842500" lat="45.576303"><ele>2293.645020</ele><time>2022-01-19T13:28:31Z</time><extensions><speed>10.496093</speed><course>355.014832</course><hAcc>4.733270</hAcc><vAcc>3.379451</vAcc></extensions></trkpt>
      <trkpt lon="6.842516" lat="45.576395"><ele>2290.949707</ele><time>2022-01-19T13:28:32Z</time><extensions><speed>10.566894</speed><course>2.639396</course><hAcc>4.732552</hAcc><vAcc>3.380457</vAcc></extensions></trkpt>
      <trkpt lon="6.842469" lat="45.576495"><ele>2287.805664</ele><time>2022-01-19T13:28:33Z</time><extensions><speed>11.591817</speed><course>345.691315</course><hAcc>4.732676</hAcc><vAcc>3.380284</vAcc></extensions></trkpt>
      <trkpt lon="6.842449" lat="45.576595"><ele>2284.519287</ele><time>2022-01-19T13:28:34Z</time><extensions><speed>11.388015</speed><course>352.858032</course><hAcc>4.732043</hAcc><vAcc>3.381169</vAcc></extensions></trkpt>
      <trkpt lon="6.842464" lat="45.576688"><ele>2282.839355</ele><time>2022-01-19T13:28:35Z</time><extensions><speed>10.982855</speed><course>2.762595</course><hAcc>4.731507</hAcc><vAcc>3.381919</vAcc></extensions></trkpt>
      <trkpt lon="6.842454" lat="45.576789"><ele>2279.925537</ele><time>2022-01-19T13:28:36Z</time><extensions><speed>11.569129</speed><course>354.475372</course><hAcc>4.731968</hAcc><vAcc>3.381274</vAcc></extensions></trkpt>
      <trkpt lon="6.842396" lat="45.576891"><ele>2277.526855</ele><time>2022-01-19T13:28:37Z</time><extensions><speed>12.154153</speed><course>343.364227</course><hAcc>4.730381</hAcc><vAcc>3.383494</vAcc></extensions></trkpt>
      <trkpt lon="6.842350" lat="45.576994"><ele>2275.118164</ele><time>2022-01-19T13:28:38Z</time><extensions><speed>11.919402</speed><course>346.337708</course><hAcc>4.730541</hAcc><vAcc>3.383270</vAcc></extensions></trkpt>
      <trkpt lon="6.842368" lat="45.577092"><ele>2273.901123</ele><time>2022-01-19T13:28:39Z</time><extensions><speed>11.155051</speed><course>359.905884</course><hAcc>4.728798</hAcc><vAcc>3.385707</vAcc></extensions></trkpt>
      <trkpt lon="6.842375" lat="45.577190"><ele>2271.379150</ele><time>2022-01-19T13:28:40Z</time><extensions><speed>11.347566</speed><course>0.456662</course><hAcc>4.729017</hAcc><vAcc>3.385401</vAcc></extensions></trkpt>
      <trkpt lon="6.842334" lat="45.577295"><ele>2269.980957</ele><time>2022-01-19T13:28:41Z</time><extensions><speed>11.985284</speed><course>347.830597</course><hAcc>4.726329</hAcc><vAcc>3.389153</vAcc></extensions></trkpt>
      <trkpt lon="6.842293" lat="45.577400"><ele>2268.979980</ele><time>2022-01-19T13:28:42Z</time><extensions><speed>12.038011</speed><course>345.957031</course><hAcc>4.726877</hAcc><vAcc>3.388388</vAcc></extensions></trkpt>
      <trkpt lon="6.842299" lat="45.577502"><ele>2267.441650</ele><time>2022-01-19T13:28:43Z</time><extensions><speed>11.433005</speed><course>358.203979</course><hAcc>4.727892</hAcc><vAcc>3.386971</vAcc></extensions></trkpt>
      <trkpt lon="6.842307" lat="45.577599"><ele>2266.754639</ele><time>2022-01-19T13:28:44Z</time><extensions><speed>10.951946</speed><course>2.794406</course><hAcc>4.727345</hAcc><vAcc>3.387734</vAcc></extensions></trkpt>
      <trkpt lon="6.842315" lat="45.577692"><ele>2266.105469</ele><time>2022-01-19T13:28:45Z</time><extensions><speed>10.508276</speed><course>2.298170</course><hAcc>4.727755</hAcc><vAcc>3.387163</vAcc></extensions></trkpt>
      <trkpt lon="6.842313" lat="45.577784"><ele>2265.645996</ele><time>2022-01-19T13:28:46Z</time><extensions><speed>10.167985</speed><course>1.318176</course><hAcc>4.727500</hAcc><vAcc>3.387518</vAcc></extensions></trkpt>
      <trkpt lon="6.842309" lat="45.577948"><ele>2265.503906</ele><time>2022-01-19T13:28:48Z</time><extensions><speed>9.050757</speed><course>359.303009</course><hAcc>4.727337</hAcc><vAcc>3.387746</vAcc></extensions></trkpt>
      <trkpt lon="6.842303" lat="45.578091"><ele>2264.959473</ele><time>2022-01-19T13:28:50Z</time><extensions><speed>7.870192</speed><course>358.170898</course><hAcc>4.727059</hAcc><vAcc>3.388133</vAcc></extensions></trkpt>
      <trkpt lon="6.842285" lat="45.578217"><ele>2264.785889</ele><time>2022-01-19T13:28:52Z</time><extensions><speed>6.975821</speed><course>355.920746</course><hAcc>4.726840</hAcc><vAcc>3.388439</vAcc></extensions></trkpt>
      <trkpt lon="6.842289" lat="45.578331"><ele>2264.397705</ele><time>2022-01-19T13:28:54Z</time><extensions><speed>6.231054</speed><course>0.398215</course><hAcc>4.727134</hAcc><vAcc>3.388029</vAcc></extensions></trkpt>
      <trkpt lon="6.842278" lat="45.578427"><ele>2264.479980</ele><time>2022-01-19T13:28:56Z</time><extensions><speed>5.315126</speed><course>357.474976</course><hAcc>4.728072</hAcc><vAcc>3.386721</vAcc></extensions></trkpt>
      <trkpt lon="6.842263" lat="45.578547"><ele>2263.700195</ele><time>2022-01-19T13:28:59Z</time><extensions><speed>4.471610</speed><course>356.749847</course><hAcc>4.729828</hAcc><vAcc>3.384266</vAcc></extensions></trkpt>
      <trkpt lon="6.842233" lat="45.578653"><ele>2264.122070</ele><time>2022-01-19T13:29:02Z</time><extensions><speed>3.712328</speed><course>352.530212</course><hAcc>4.729073</hAcc><vAcc>3.385322</vAcc></extensions></trkpt>
      <trkpt lon="6.842246" lat="45.578757"><ele>2263.199463</ele><time>2022-01-19T13:29:05Z</time><extensions><speed>4.151707</speed><course>5.494896</course><hAcc>4.728610</hAcc><vAcc>3.385969</vAcc></extensions></trkpt>
      <trkpt lon="6.842270" lat="45.578848"><ele>2261.885742</ele><time>2022-01-19T13:29:07Z</time><extensions><speed>5.216908</speed><course>8.044009</course><hAcc>4.729387</hAcc><vAcc>3.384883</vAcc></extensions></trkpt>
      <trkpt lon="6.842307" lat="45.578947"><ele>2260.572021</ele><time>2022-01-19T13:29:09Z</time><extensions><speed>5.763538</speed><course>16.762386</course><hAcc>4.729850</hAcc><vAcc>3.384237</vAcc></extensions></trkpt>
      <trkpt lon="6.842396" lat="45.579030"><ele>2259.020020</ele><time>2022-01-19T13:29:11Z</time><extensions><speed>5.764947</speed><course>32.388157</course><hAcc>4.730596</hAcc><vAcc>3.383194</vAcc></extensions></trkpt>
      <trkpt lon="6.842366" lat="45.579155"><ele>2256.486084</ele><time>2022-01-19T13:29:13Z</time><extensions><speed>7.337600</speed><course>352.299072</course><hAcc>4.730864</hAcc><vAcc>3.382819</vAcc></extensions></trkpt>
      <trkpt lon="6.842423" lat="45.579276"><ele>2252.277588</ele><time>2022-01-19T13:29:15Z</time><extensions><speed>7.176264</speed><course>14.475790</course><hAcc>4.731545</hAcc><vAcc>3.381866</vAcc></extensions></trkpt>
      <trkpt lon="6.842417" lat="45.579424"><ele>2248.590088</ele><time>2022-01-19T13:29:17Z</time><extensions><speed>8.047255</speed><course>10.358826</course><hAcc>4.730900</hAcc><vAcc>3.382769</vAcc></extensions></trkpt>
      <trkpt lon="6.842396" lat="45.579577"><ele>2244.338135</ele><time>2022-01-19T13:29:19Z</time><extensions><speed>9.071161</speed><course>351.568146</course><hAcc>4.730728</hAcc><vAcc>3.383009</vAcc></extensions></trkpt>
      <trkpt lon="6.842448" lat="45.579694"><ele>2241.351807</ele><time>2022-01-19T13:29:21Z</time><extensions><speed>7.372643</speed><course>12.301889</course><hAcc>4.731322</hAcc><vAcc>3.382178</vAcc></extensions></trkpt>
      <trkpt lon="6.842442" lat="45.579838"><ele>2238.034180</ele><time>2022-01-19T13:29:23Z</time><extensions><speed>7.789753</speed><course>9.467772</course><hAcc>4.731278</hAcc><vAcc>3.382239</vAcc></extensions></trkpt>
      <trkpt lon="6.842458" lat="45.579992"><ele>2234.671387</ele><time>2022-01-19T13:29:25Z</time><extensions><speed>9.256797</speed><course>359.229156</course><hAcc>4.731389</hAcc><vAcc>3.382084</vAcc></extensions></trkpt>
      <trkpt lon="6.842521" lat="45.580139"><ele>2231.861572</ele><time>2022-01-19T13:29:27Z</time><extensions><speed>8.580997</speed><course>14.826797</course><hAcc>4.732150</hAcc><vAcc>3.381020</vAcc></extensions></trkpt>
      <trkpt lon="6.842547" lat="45.580298"><ele>2228.723633</ele><time>2022-01-19T13:29:29Z</time><extensions><speed>8.753043</speed><course>13.555767</course><hAcc>4.732306</hAcc><vAcc>3.380801</vAcc></extensions></trkpt>
      <trkpt lon="6.842657" lat="45.580397"><ele>2226.982666</ele><time>2022-01-19T13:29:31Z</time><extensions><speed>7.286564</speed><course>31.711857</course><hAcc>4.733060</hAcc><vAcc>3.379746</vAcc></extensions></trkpt>
      <trkpt lon="6.842673" lat="45.580555"><ele>2222.843506</ele><time>2022-01-19T13:29:33Z</time><extensions><speed>8.999187</speed><course>9.222962</course><hAcc>4.733418</hAcc><vAcc>3.379245</vAcc></extensions></trkpt>
      <trkpt lon="6.842756" lat="45.580685"><ele>2218.913330</ele><time>2022-01-19T13:29:35Z</time><extensions><speed>8.619498</speed><course>13.518435</course><hAcc>4.734074</hAcc><vAcc>3.378325</vAcc></extensions></trkpt>
      <trkpt lon="6.842750" lat="45.580777"><ele>2215.767090</ele><time>2022-01-19T13:29:36Z</time><extensions><speed>9.928331</speed><course>1.804404</course><hAcc>4.733987</hAcc><vAcc>3.378447</vAcc></extensions></trkpt>
      <trkpt lon="6.842849" lat="45.580894"><ele>2212.253418</ele><time>2022-01-19T13:29:38Z</time><extensions><speed>7.616379</speed><course>33.535038</course><hAcc>4.735656</hAcc><vAcc>3.376107</vAcc></extensions></trkpt>
      <trkpt lon="6.842868" lat="45.581050"><ele>2207.375244</ele><time>2022-01-19T13:29:40Z</time><extensions><speed>8.823171</speed><course>5.590819</course><hAcc>4.734570</hAcc><vAcc>3.377630</vAcc></extensions></trkpt>
      <trkpt lon="6.842897" lat="45.581165"><ele>2203.415283</ele><time>2022-01-19T13:29:42Z</time><extensions><speed>5.967425</speed><course>11.319647</course><hAcc>4.737329</hAcc><vAcc>3.373760</vAcc></extensions></trkpt>
      <trkpt lon="6.842926" lat="45.581289"><ele>2198.874268</ele><time>2022-01-19T13:29:45Z</time><extensions><speed>6.398529</speed><course>0.652050</course><hAcc>4.734382</hAcc><vAcc>3.377894</vAcc></extensions></trkpt>
      <trkpt lon="6.843005" lat="45.581400"><ele>2194.039307</ele><time>2022-01-19T13:29:47Z</time><extensions><speed>6.616595</speed><course>32.164680</course><hAcc>4.735971</hAcc><vAcc>3.375664</vAcc></extensions></trkpt>
      <trkpt lon="6.843022" lat="45.581504"><ele>2188.789307</ele><time>2022-01-19T13:29:49Z</time><extensions><speed>6.142311</speed><course>356.990112</course><hAcc>4.735175</hAcc><vAcc>3.376781</vAcc></extensions></trkpt>
      <trkpt lon="6.843017" lat="45.581619"><ele>2184.260986</ele><time>2022-01-19T13:29:51Z</time><extensions><speed>6.559485</speed><course>12.101393</course><hAcc>4.733877</hAcc><vAcc>3.378601</vAcc></extensions></trkpt>
      <trkpt lon="6.843140" lat="45.581711"><ele>2178.991211</ele><time>2022-01-19T13:29:53Z</time><extensions><speed>7.104610</speed><course>30.577099</course><hAcc>4.734740</hAcc><vAcc>3.377392</vAcc></extensions></trkpt>
      <trkpt lon="6.843086" lat="45.581842"><ele>2173.687988</ele><time>2022-01-19T13:29:55Z</time><extensions><speed>8.038510</speed><course>353.032990</course><hAcc>4.734224</hAcc><vAcc>3.378114</vAcc></extensions></trkpt>
      <trkpt lon="6.843161" lat="45.581970"><ele>2167.486328</ele><time>2022-01-19T13:29:57Z</time><extensions><speed>8.167109</speed><course>15.546552</course><hAcc>4.734663</hAcc><vAcc>3.377499</vAcc></extensions></trkpt>
      <trkpt lon="6.843061" lat="45.582095"><ele>2161.827881</ele><time>2022-01-19T13:29:59Z</time><extensions><speed>8.377334</speed><course>341.104370</course><hAcc>4.733286</hAcc><vAcc>3.379429</vAcc></extensions></trkpt>
      <trkpt lon="6.843140" lat="45.582213"><ele>2156.959717</ele><time>2022-01-19T13:30:01Z</time><extensions><speed>7.376814</speed><course>27.674465</course><hAcc>4.734340</hAcc><vAcc>3.377953</vAcc></extensions></trkpt>
      <trkpt lon="6.843119" lat="45.582376"><ele>2151.845703</ele><time>2022-01-19T13:30:03Z</time><extensions><speed>9.931500</speed><course>345.906433</course><hAcc>4.734350</hAcc><vAcc>3.377939</vAcc></extensions></trkpt>
      <trkpt lon="6.843093" lat="45.582492"><ele>2144.877686</ele><time>2022-01-19T13:30:05Z</time><extensions><speed>8.081122</speed><course>6.733907</course><hAcc>4.734001</hAcc><vAcc>3.378427</vAcc></extensions></trkpt>
      <trkpt lon="6.843164" lat="45.582631"><ele>2139.791260</ele><time>2022-01-19T13:30:07Z</time><extensions><speed>8.600308</speed><course>10.387202</course><hAcc>4.735985</hAcc><vAcc>3.375646</vAcc></extensions></trkpt>
      <trkpt lon="6.843059" lat="45.582720"><ele>2138.568115</ele><time>2022-01-19T13:30:09Z</time><extensions><speed>6.529135</speed><course>325.268372</course><hAcc>4.735254</hAcc><vAcc>3.376671</vAcc></extensions></trkpt>
      <trkpt lon="6.843102" lat="45.582812"><ele>2135.364746</ele><time>2022-01-19T13:30:11Z</time><extensions><speed>4.836121</speed><course>16.245525</course><hAcc>4.735277</hAcc><vAcc>3.376638</vAcc></extensions></trkpt>
      <trkpt lon="6.843130" lat="45.582906"><ele>2132.265869</ele><time>2022-01-19T13:30:14Z</time><extensions><speed>4.017315</speed><course>4.456349</course><hAcc>4.738597</hAcc><vAcc>3.371978</vAcc></extensions></trkpt>
      <trkpt lon="6.843104" lat="45.583009"><ele>2131.599121</ele><time>2022-01-19T13:32:33Z</time><extensions><speed>0.000000</speed><course>2.125571</course><hAcc>4.735159</hAcc><vAcc>3.376804</vAcc></extensions></trkpt>
      <trkpt lon="6.843057" lat="45.583111"><ele>2129.211182</ele><time>2022-01-19T13:32:36Z</time><extensions><speed>4.425755</speed><course>351.848907</course><hAcc>4.730707</hAcc><vAcc>3.383039</vAcc></extensions></trkpt>
      <trkpt lon="6.843140" lat="45.583191"><ele>2126.255127</ele><time>2022-01-19T13:32:39Z</time><extensions><speed>2.956767</speed><course>36.045929</course><hAcc>4.731723</hAcc><vAcc>3.381617</vAcc></extensions></trkpt>
      <trkpt lon="6.843175" lat="45.583316"><ele>2122.406494</ele><time>2022-01-19T13:32:42Z</time><extensions><speed>5.025217</speed><course>6.060218</course><hAcc>4.728966</hAcc><vAcc>3.385471</vAcc></extensions></trkpt>
      <trkpt lon="6.843179" lat="45.583411"><ele>2120.303711</ele><time>2022-01-19T13:32:47Z</time><extensions><speed>1.644711</speed><course>343.758911</course><hAcc>4.730698</hAcc><vAcc>3.383051</vAcc></extensions></trkpt>
      <trkpt lon="6.843158" lat="45.583501"><ele>2120.337891</ele><time>2022-01-19T13:33:33Z</time><extensions><speed>0.000000</speed><course>-1.000000</course><hAcc>4.729294</hAcc><vAcc>3.385014</vAcc></extensions></trkpt>
      <trkpt lon="6.843231" lat="45.583591"><ele>2110.240234</ele><time>2022-01-19T13:42:21Z</time><extensions><speed>4.474844</speed><course>13.196938</course><hAcc>4.726106</hAcc><vAcc>3.389463</vAcc></extensions></trkpt>
      <trkpt lon="6.843273" lat="45.583694"><ele>2109.006836</ele><time>2022-01-19T13:42:23Z</time><extensions><speed>5.359906</speed><course>14.368996</course><hAcc>4.727802</hAcc><vAcc>3.387097</vAcc></extensions></trkpt>
      <trkpt lon="6.843189" lat="45.583778"><ele>2107.765869</ele><time>2022-01-19T13:42:26Z</time><extensions><speed>4.249117</speed><course>331.445892</course><hAcc>4.716104</hAcc><vAcc>3.403366</vAcc></extensions></trkpt>
      <trkpt lon="6.843060" lat="45.583790"><ele>2113.384277</ele><time>2022-01-19T13:43:06Z</time><extensions><speed>0.000000</speed><course>312.324890</course><hAcc>4.724059</hAcc><vAcc>3.392316</vAcc></extensions></trkpt>
      <trkpt lon="6.842974" lat="45.583860"><ele>2111.860596</ele><time>2022-01-19T13:43:27Z</time><extensions><speed>0.682214</speed><course>329.289337</course><hAcc>4.703324</hAcc><vAcc>3.421006</vAcc></extensions></trkpt>
      <trkpt lon="6.842882" lat="45.583926"><ele>2112.571533</ele><time>2022-01-19T13:43:36Z</time><extensions><speed>0.921549</speed><course>321.233673</course><hAcc>4.698410</hAcc><vAcc>3.427751</vAcc></extensions></trkpt>
      <trkpt lon="6.842792" lat="45.583854"><ele>2114.362061</ele><time>2022-01-19T13:43:55Z</time><extensions><speed>1.141363</speed><course>188.194168</course><hAcc>4.692805</hAcc><vAcc>3.435421</vAcc></extensions></trkpt>
      <trkpt lon="6.842738" lat="45.583752"><ele>2110.519287</ele><time>2022-01-19T13:44:07Z</time><extensions><speed>2.268606</speed><course>194.964188</course><hAcc>4.712471</hAcc><vAcc>3.408394</vAcc></extensions></trkpt>
      <trkpt lon="6.842756" lat="45.583655"><ele>2114.575195</ele><time>2022-01-19T13:44:12Z</time><extensions><speed>1.608493</speed><course>170.653824</course><hAcc>4.706329</hAcc><vAcc>3.416871</vAcc></extensions></trkpt>
      <trkpt lon="6.842736" lat="45.583553"><ele>2120.053711</ele><time>2022-01-19T13:44:18Z</time><extensions><speed>1.889349</speed><course>180.782318</course><hAcc>4.703021</hAcc><vAcc>3.421423</vAcc></extensions></trkpt>
      <trkpt lon="6.842724" lat="45.583452"><ele>2125.153809</ele><time>2022-01-19T13:44:24Z</time><extensions><speed>2.182184</speed><course>186.826202</course><hAcc>4.714661</hAcc><vAcc>3.405365</vAcc></extensions></trkpt>
      <trkpt lon="6.842711" lat="45.583349"><ele>2127.316406</ele><time>2022-01-19T13:44:30Z</time><extensions><speed>2.060634</speed><course>184.679276</course><hAcc>4.725554</hAcc><vAcc>3.390233</vAcc></extensions></trkpt>
      <trkpt lon="6.842702" lat="45.583251"><ele>2131.177002</ele><time>2022-01-19T13:44:36Z</time><extensions><speed>2.045499</speed><course>181.159485</course><hAcc>4.734762</hAcc><vAcc>3.377361</vAcc></extensions></trkpt>
      <trkpt lon="6.842692" lat="45.583148"><ele>2135.091553</ele><time>2022-01-19T13:44:42Z</time><extensions><speed>2.035785</speed><course>184.385132</course><hAcc>4.719899</hAcc><vAcc>3.398101</vAcc></extensions></trkpt>
      <trkpt lon="6.842689" lat="45.583044"><ele>2139.182129</ele><time>2022-01-19T13:44:48Z</time><extensions><speed>1.997182</speed><course>185.098343</course><hAcc>4.713036</hAcc><vAcc>3.407613</vAcc></extensions></trkpt>
      <trkpt lon="6.842678" lat="45.582940"><ele>2142.569580</ele><time>2022-01-19T13:44:54Z</time><extensions><speed>1.993865</speed><course>185.934174</course><hAcc>4.719731</hAcc><vAcc>3.398334</vAcc></extensions></trkpt>
      <trkpt lon="6.842674" lat="45.582835"><ele>2145.959229</ele><time>2022-01-19T13:45:00Z</time><extensions><speed>2.003895</speed><course>181.613602</course><hAcc>4.709346</hAcc><vAcc>3.412711</vAcc></extensions></trkpt>
      <trkpt lon="6.842669" lat="45.582731"><ele>2150.552246</ele><time>2022-01-19T13:45:06Z</time><extensions><speed>1.969901</speed><course>183.092850</course><hAcc>4.694687</hAcc><vAcc>3.432849</vAcc></extensions></trkpt>
      <trkpt lon="6.842663" lat="45.582623"><ele>2154.593506</ele><time>2022-01-19T13:45:13Z</time><extensions><speed>1.916261</speed><course>182.241837</course><hAcc>4.705778</hAcc><vAcc>3.417629</vAcc></extensions></trkpt>
      <trkpt lon="6.842649" lat="45.582515"><ele>2158.571777</ele><time>2022-01-19T13:45:19Z</time><extensions><speed>2.086673</speed><course>182.049576</course><hAcc>4.715958</hAcc><vAcc>3.403569</vAcc></extensions></trkpt>
      <trkpt lon="6.842640" lat="45.582411"><ele>2161.818359</ele><time>2022-01-19T13:45:25Z</time><extensions><speed>2.056533</speed><course>183.919357</course><hAcc>4.727863</hAcc><vAcc>3.387012</vAcc></extensions></trkpt>
      <trkpt lon="6.842630" lat="45.582311"><ele>2165.572021</ele><time>2022-01-19T13:45:31Z</time><extensions><speed>2.003904</speed><course>183.099701</course><hAcc>4.730355</hAcc><vAcc>3.383530</vAcc></extensions></trkpt>
      <trkpt lon="6.842626" lat="45.582208"><ele>2168.329346</ele><time>2022-01-19T13:45:37Z</time><extensions><speed>1.928653</speed><course>184.666412</course><hAcc>4.714214</hAcc><vAcc>3.405983</vAcc></extensions></trkpt>
      <trkpt lon="6.842622" lat="45.582101"><ele>2171.741699</ele><time>2022-01-19T13:45:43Z</time><extensions><speed>1.995382</speed><course>183.568665</course><hAcc>4.694987</hAcc><vAcc>3.432438</vAcc></extensions></trkpt>
      <trkpt lon="6.842617" lat="45.581994"><ele>2175.369629</ele><time>2022-01-19T13:45:49Z</time><extensions><speed>1.935903</speed><course>182.671631</course><hAcc>4.698474</hAcc><vAcc>3.427664</vAcc></extensions></trkpt>
      <trkpt lon="6.842611" lat="45.581888"><ele>2180.533936</ele><time>2022-01-19T13:45:55Z</time><extensions><speed>1.994382</speed><course>183.311768</course><hAcc>4.701196</hAcc><vAcc>3.423929</vAcc></extensions></trkpt>
      <trkpt lon="6.842598" lat="45.581790"><ele>2184.687500</ele><time>2022-01-19T13:46:01Z</time><extensions><speed>2.075951</speed><course>183.559189</course><hAcc>4.714609</hAcc><vAcc>3.405436</vAcc></extensions></trkpt>
      <trkpt lon="6.842582" lat="45.581695"><ele>2189.093750</ele><time>2022-01-19T13:46:07Z</time><extensions><speed>1.982061</speed><course>184.115723</course><hAcc>4.727216</hAcc><vAcc>3.387914</vAcc></extensions></trkpt>
      <trkpt lon="6.842571" lat="45.581563"><ele>2195.837891</ele><time>2022-01-19T13:46:15Z</time><extensions><speed>2.015726</speed><course>183.350952</course><hAcc>4.728494</hAcc><vAcc>3.386131</vAcc></extensions></trkpt>
      <trkpt lon="6.842557" lat="45.581464"><ele>2200.329590</ele><time>2022-01-19T13:46:21Z</time><extensions><speed>1.967635</speed><course>184.231964</course><hAcc>4.732956</hAcc><vAcc>3.379891</vAcc></extensions></trkpt>
      <trkpt lon="6.842548" lat="45.581360"><ele>2203.572754</ele><time>2022-01-19T13:46:27Z</time><extensions><speed>2.038447</speed><course>183.252014</course><hAcc>4.726632</hAcc><vAcc>3.388730</vAcc></extensions></trkpt>
      <trkpt lon="6.842544" lat="45.581258"><ele>2207.676514</ele><time>2022-01-19T13:46:33Z</time><extensions><speed>2.039297</speed><course>182.873917</course><hAcc>4.724058</hAcc><vAcc>3.392317</vAcc></extensions></trkpt>
      <trkpt lon="6.842539" lat="45.581157"><ele>2211.825439</ele><time>2022-01-19T13:46:39Z</time><extensions><speed>1.980958</speed><course>182.199799</course><hAcc>4.725243</hAcc><vAcc>3.390667</vAcc></extensions></trkpt>
      <trkpt lon="6.842526" lat="45.581054"><ele>2215.247559</ele><time>2022-01-19T13:46:45Z</time><extensions><speed>1.998957</speed><course>184.887573</course><hAcc>4.727023</hAcc><vAcc>3.388184</vAcc></extensions></trkpt>
      <trkpt lon="6.842525" lat="45.580957"><ele>2218.255615</ele><time>2022-01-19T13:46:50Z</time><extensions><speed>2.560844</speed><course>180.208160</course><hAcc>4.734900</hAcc><vAcc>3.377167</vAcc></extensions></trkpt>
      <trkpt lon="6.842519" lat="45.580858"><ele>2221.457520</ele><time>2022-01-19T13:46:57Z</time><extensions><speed>1.812586</speed><course>180.513748</course><hAcc>4.720026</hAcc><vAcc>3.397924</vAcc></extensions></trkpt>
      <trkpt lon="6.842513" lat="45.580759"><ele>2223.626465</ele><time>2022-01-19T13:47:02Z</time><extensions><speed>2.022707</speed><course>183.193024</course><hAcc>4.703666</hAcc><vAcc>3.420536</vAcc></extensions></trkpt>
      <trkpt lon="6.842495" lat="45.580647"><ele>2225.585693</ele><time>2022-01-19T13:47:08Z</time><extensions><speed>2.105973</speed><course>182.693771</course><hAcc>4.727070</hAcc><vAcc>3.388119</vAcc></extensions></trkpt>
      <trkpt lon="6.842485" lat="45.580522"><ele>2229.114746</ele><time>2022-01-19T13:47:16Z</time><extensions><speed>0.000000</speed><course>184.295822</course><hAcc>4.715364</hAcc><vAcc>3.404391</vAcc></extensions></trkpt>
      <trkpt lon="6.842478" lat="45.580431"><ele>2232.085938</ele><time>2022-01-19T13:47:21Z</time><extensions><speed>0.000000</speed><course>187.036682</course><hAcc>4.717083</hAcc><vAcc>3.402009</vAcc></extensions></trkpt>
      <trkpt lon="6.842475" lat="45.580334"><ele>2235.419678</ele><time>2022-01-19T13:47:26Z</time><extensions><speed>1.785424</speed><course>180.853531</course><hAcc>4.716652</hAcc><vAcc>3.402606</vAcc></extensions></trkpt>
      <trkpt lon="6.842464" lat="45.580239"><ele>2237.140869</ele><time>2022-01-19T13:47:31Z</time><extensions><speed>2.076135</speed><course>184.391876</course><hAcc>4.718182</hAcc><vAcc>3.400485</vAcc></extensions></trkpt>
      <trkpt lon="6.842448" lat="45.580097"><ele>2239.468750</ele><time>2022-01-19T13:47:39Z</time><extensions><speed>2.013441</speed><course>184.343262</course><hAcc>4.720574</hAcc><vAcc>3.397163</vAcc></extensions></trkpt>
      <trkpt lon="6.842416" lat="45.579799"><ele>2243.423828</ele><time>2022-01-19T13:47:57Z</time><extensions><speed>1.718873</speed><course>183.877869</course><hAcc>4.724846</hAcc><vAcc>3.391219</vAcc></extensions></trkpt>
      <trkpt lon="6.842407" lat="45.579685"><ele>2245.671631</ele><time>2022-01-19T13:48:03Z</time><extensions><speed>1.986931</speed><course>182.720520</course><hAcc>4.725888</hAcc><vAcc>3.389767</vAcc></extensions></trkpt>
      <trkpt lon="6.842403" lat="45.579595"><ele>2248.457520</ele><time>2022-01-19T13:48:08Z</time><extensions><speed>2.007494</speed><course>183.649567</course><hAcc>4.723048</hAcc><vAcc>3.393723</vAcc></extensions></trkpt>
      <trkpt lon="6.842392" lat="45.579488"><ele>2251.396729</ele><time>2022-01-19T13:48:14Z</time><extensions><speed>2.023098</speed><course>186.088745</course><hAcc>4.729569</hAcc><vAcc>3.384629</vAcc></extensions></trkpt>
      <trkpt lon="6.842383" lat="45.579384"><ele>2253.819336</ele><time>2022-01-19T13:48:21Z</time><extensions><speed>0.000000</speed><course>183.671234</course><hAcc>4.726748</hAcc><vAcc>3.388568</vAcc></extensions></trkpt>
      <trkpt lon="6.842368" lat="45.579177"><ele>2259.670898</ele><time>2022-01-19T13:48:32Z</time><extensions><speed>2.061311</speed><course>183.958313</course><hAcc>4.722333</hAcc><vAcc>3.394718</vAcc></extensions></trkpt>
      <trkpt lon="6.842358" lat="45.579074"><ele>2260.666504</ele><time>2022-01-19T13:48:38Z</time><extensions><speed>1.923256</speed><course>183.906082</course><hAcc>4.722702</hAcc><vAcc>3.394205</vAcc></extensions></trkpt>
      <trkpt lon="6.842354" lat="45.578983"><ele>2262.462646</ele><time>2022-01-19T13:48:43Z</time><extensions><speed>2.084253</speed><course>182.646790</course><hAcc>4.722965</hAcc><vAcc>3.393838</vAcc></extensions></trkpt>
      <trkpt lon="6.842345" lat="45.578880"><ele>2264.168701</ele><time>2022-01-19T13:48:49Z</time><extensions><speed>2.061008</speed><course>182.888992</course><hAcc>4.722316</hAcc><vAcc>3.394742</vAcc></extensions></trkpt>
      <trkpt lon="6.842338" lat="45.578787"><ele>2265.403564</ele><time>2022-01-19T13:48:54Z</time><extensions><speed>2.026256</speed><course>183.033752</course><hAcc>4.723831</hAcc><vAcc>3.392632</vAcc></extensions></trkpt>
      <trkpt lon="6.842326" lat="45.578685"><ele>2266.656982</ele><time>2022-01-19T13:49:00Z</time><extensions><speed>1.990622</speed><course>183.660553</course><hAcc>4.715829</hAcc><vAcc>3.403747</vAcc></extensions></trkpt>
      <trkpt lon="6.842316" lat="45.578581"><ele>2268.465332</ele><time>2022-01-19T13:49:06Z</time><extensions><speed>1.953261</speed><course>184.589752</course><hAcc>4.713542</hAcc><vAcc>3.406913</vAcc></extensions></trkpt>
      <trkpt lon="6.842309" lat="45.578490"><ele>2270.232910</ele><time>2022-01-19T13:49:11Z</time><extensions><speed>2.009825</speed><course>182.918594</course><hAcc>4.714947</hAcc><vAcc>3.404969</vAcc></extensions></trkpt>
      <trkpt lon="6.842301" lat="45.578399"><ele>2272.323975</ele><time>2022-01-19T13:49:16Z</time><extensions><speed>2.013817</speed><course>183.427795</course><hAcc>4.715655</hAcc><vAcc>3.403988</vAcc></extensions></trkpt>
      <trkpt lon="6.842295" lat="45.578307"><ele>2272.022949</ele><time>2022-01-19T13:49:21Z</time><extensions><speed>2.029323</speed><course>183.010284</course><hAcc>4.716332</hAcc><vAcc>3.403049</vAcc></extensions></trkpt>
      <trkpt lon="6.842279" lat="45.578147"><ele>2271.878906</ele><time>2022-01-19T13:49:31Z</time><extensions><speed>0.000000</speed><course>183.836075</course><hAcc>4.707676</hAcc><vAcc>3.415014</vAcc></extensions></trkpt>
      <trkpt lon="6.842272" lat="45.578035"><ele>2272.086182</ele><time>2022-01-19T13:49:36Z</time><extensions><speed>2.027195</speed><course>182.647095</course><hAcc>4.712407</hAcc><vAcc>3.408484</vAcc></extensions></trkpt>
      <trkpt lon="6.842267" lat="45.577942"><ele>2272.062012</ele><time>2022-01-19T13:49:41Z</time><extensions><speed>2.025341</speed><course>182.649033</course><hAcc>4.715825</hAcc><vAcc>3.403753</vAcc></extensions></trkpt>
      <trkpt lon="6.842246" lat="45.577782"><ele>2272.819580</ele><time>2022-01-19T13:49:50Z</time><extensions><speed>2.006984</speed><course>183.852737</course><hAcc>4.714974</hAcc><vAcc>3.404932</vAcc></extensions></trkpt>
      <trkpt lon="6.842237" lat="45.577638"><ele>2273.651123</ele><time>2022-01-19T13:49:58Z</time><extensions><speed>2.048883</speed><course>183.699188</course><hAcc>4.714717</hAcc><vAcc>3.405287</vAcc></extensions></trkpt>
      <trkpt lon="6.842229" lat="45.577531"><ele>2274.271484</ele><time>2022-01-19T13:50:04Z</time><extensions><speed>1.998181</speed><course>182.466782</course><hAcc>4.709610</hAcc><vAcc>3.412347</vAcc></extensions></trkpt>
      <trkpt lon="6.842220" lat="45.577440"><ele>2275.415039</ele><time>2022-01-19T13:50:09Z</time><extensions><speed>2.005590</speed><course>184.143738</course><hAcc>4.707404</hAcc><vAcc>3.415390</vAcc></extensions></trkpt>
      <trkpt lon="6.842215" lat="45.577350"><ele>2275.549561</ele><time>2022-01-19T13:50:14Z</time><extensions><speed>2.018337</speed><course>182.929459</course><hAcc>4.704152</hAcc><vAcc>3.419867</vAcc></extensions></trkpt>
      <trkpt lon="6.842201" lat="45.577249"><ele>2276.701660</ele><time>2022-01-19T13:50:20Z</time><extensions><speed>1.972253</speed><course>183.554337</course><hAcc>4.702420</hAcc><vAcc>3.422248</vAcc></extensions></trkpt>
      <trkpt lon="6.842174" lat="45.577034"><ele>2276.986328</ele><time>2022-01-19T13:50:32Z</time><extensions><speed>2.006235</speed><course>179.940826</course><hAcc>4.688488</hAcc><vAcc>3.441311</vAcc></extensions></trkpt>
      <trkpt lon="6.842175" lat="45.576916"><ele>2277.793457</ele><time>2022-01-19T13:50:39Z</time><extensions><speed>0.000000</speed><course>182.075775</course><hAcc>4.706458</hAcc><vAcc>3.416693</vAcc></extensions></trkpt>
      <trkpt lon="6.842166" lat="45.576752"><ele>2278.283691</ele><time>2022-01-19T13:50:47Z</time><extensions><speed>2.083427</speed><course>182.850983</course><hAcc>4.739111</hAcc><vAcc>3.371256</vAcc></extensions></trkpt>
      <trkpt lon="6.842158" lat="45.576655"><ele>2278.821777</ele><time>2022-01-19T13:50:53Z</time><extensions><speed>1.896462</speed><course>183.373657</course><hAcc>4.740659</hAcc><vAcc>3.369079</vAcc></extensions></trkpt>
      <trkpt lon="6.842144" lat="45.576554"><ele>2281.950928</ele><time>2022-01-19T13:50:59Z</time><extensions><speed>1.852707</speed><course>183.753235</course><hAcc>4.741505</hAcc><vAcc>3.367887</vAcc></extensions></trkpt>
      <trkpt lon="6.842131" lat="45.576453"><ele>2284.362793</ele><time>2022-01-19T13:51:05Z</time><extensions><speed>1.924731</speed><course>183.793365</course><hAcc>4.737939</hAcc><vAcc>3.372902</vAcc></extensions></trkpt>
      <trkpt lon="6.842122" lat="45.576345"><ele>2287.790771</ele><time>2022-01-19T13:51:11Z</time><extensions><speed>1.998753</speed><course>184.899292</course><hAcc>4.733290</hAcc><vAcc>3.379424</vAcc></extensions></trkpt>
      <trkpt lon="6.842119" lat="45.576252"><ele>2289.810303</ele><time>2022-01-19T13:51:16Z</time><extensions><speed>2.064889</speed><course>183.230240</course><hAcc>4.738713</hAcc><vAcc>3.371814</vAcc></extensions></trkpt>
      <trkpt lon="6.842114" lat="45.576149"><ele>2293.203613</ele><time>2022-01-19T13:51:22Z</time><extensions><speed>2.041910</speed><course>184.070862</course><hAcc>4.737420</hAcc><vAcc>3.373632</vAcc></extensions></trkpt>
      <trkpt lon="6.842104" lat="45.576044"><ele>2297.846924</ele><time>2022-01-19T13:51:28Z</time><extensions><speed>2.030317</speed><course>183.860352</course><hAcc>4.740682</hAcc><vAcc>3.369046</vAcc></extensions></trkpt>
      <trkpt lon="6.842092" lat="45.575945"><ele>2301.760010</ele><time>2022-01-19T13:51:34Z</time><extensions><speed>1.939938</speed><course>183.911118</course><hAcc>4.739185</hAcc><vAcc>3.371151</vAcc></extensions></trkpt>
      <trkpt lon="6.842093" lat="45.575851"><ele>2303.642090</ele><time>2022-01-19T13:51:39Z</time><extensions><speed>1.984199</speed><course>182.250275</course><hAcc>4.733736</hAcc><vAcc>3.378799</vAcc></extensions></trkpt>
      <trkpt lon="6.842084" lat="45.575757"><ele>2308.609619</ele><time>2022-01-19T13:51:45Z</time><extensions><speed>1.874306</speed><course>181.324219</course><hAcc>4.731348</hAcc><vAcc>3.382143</vAcc></extensions></trkpt>
      <trkpt lon="6.842077" lat="45.575653"><ele>2312.652100</ele><time>2022-01-19T13:51:51Z</time><extensions><speed>1.967250</speed><course>183.458328</course><hAcc>4.723361</hAcc><vAcc>3.393286</vAcc></extensions></trkpt>
      <trkpt lon="6.842071" lat="45.575561"><ele>2317.343750</ele><time>2022-01-19T13:51:57Z</time><extensions><speed>1.901491</speed><course>182.513260</course><hAcc>4.734278</hAcc><vAcc>3.378039</vAcc></extensions></trkpt>
      <trkpt lon="6.842051" lat="45.575459"><ele>2322.519531</ele><time>2022-01-19T13:52:03Z</time><extensions><speed>2.000697</speed><course>183.969482</course><hAcc>4.719868</hAcc><vAcc>3.398144</vAcc></extensions></trkpt>
      <trkpt lon="6.842043" lat="45.575359"><ele>2327.188477</ele><time>2022-01-19T13:52:09Z</time><extensions><speed>1.997346</speed><course>182.826172</course><hAcc>4.722265</hAcc><vAcc>3.394812</vAcc></extensions></trkpt>
      <trkpt lon="6.842028" lat="45.575256"><ele>2330.493652</ele><time>2022-01-19T13:52:15Z</time><extensions><speed>2.112155</speed><course>184.908844</course><hAcc>4.728538</hAcc><vAcc>3.386069</vAcc></extensions></trkpt>
      <trkpt lon="6.842022" lat="45.575149"><ele>2334.284424</ele><time>2022-01-19T13:52:21Z</time><extensions><speed>2.068546</speed><course>182.683258</course><hAcc>4.710746</hAcc><vAcc>3.410778</vAcc></extensions></trkpt>
      <trkpt lon="6.842010" lat="45.575058"><ele>2336.472656</ele><time>2022-01-19T13:52:26Z</time><extensions><speed>2.065097</speed><course>183.551163</course><hAcc>4.712808</hAcc><vAcc>3.407929</vAcc></extensions></trkpt>
      <trkpt lon="6.842002" lat="45.574955"><ele>2339.622070</ele><time>2022-01-19T13:52:32Z</time><extensions><speed>1.941840</speed><course>182.169418</course><hAcc>4.716924</hAcc><vAcc>3.402230</vAcc></extensions></trkpt>
      <trkpt lon="6.841992" lat="45.574853"><ele>2343.203857</ele><time>2022-01-19T13:52:38Z</time><extensions><speed>2.007454</speed><course>182.963043</course><hAcc>4.724200</hAcc><vAcc>3.392118</vAcc></extensions></trkpt>
      <trkpt lon="6.841987" lat="45.574750"><ele>2343.478516</ele><time>2022-01-19T13:52:44Z</time><extensions><speed>1.916643</speed><course>180.852539</course><hAcc>4.720683</hAcc><vAcc>3.397012</vAcc></extensions></trkpt>
      <trkpt lon="6.841997" lat="45.574655"><ele>2341.178223</ele><time>2022-01-19T13:52:56Z</time><extensions><speed>0.000000</speed><course>144.309067</course><hAcc>4.722995</hAcc><vAcc>3.393796</vAcc></extensions></trkpt>
      <trkpt lon="6.841867" lat="45.574619"><ele>2344.211670</ele><time>2022-01-19T13:54:55Z</time><extensions><speed>0.541812</speed><course>253.879410</course><hAcc>4.718445</hAcc><vAcc>3.400120</vAcc></extensions></trkpt>
      <trkpt lon="6.841765" lat="45.574706"><ele>2342.634033</ele><time>2022-01-19T13:55:26Z</time><extensions><speed>3.519032</speed><course>333.286224</course><hAcc>4.724853</hAcc><vAcc>3.391210</vAcc></extensions></trkpt>
      <trkpt lon="6.841773" lat="45.574803"><ele>2340.901855</ele><time>2022-01-19T13:55:28Z</time><extensions><speed>4.880312</speed><course>1.724045</course><hAcc>4.729113</hAcc><vAcc>3.385267</vAcc></extensions></trkpt>
      <trkpt lon="6.841838" lat="45.574891"><ele>2339.225830</ele><time>2022-01-19T13:55:30Z</time><extensions><speed>5.183807</speed><course>22.962519</course><hAcc>4.733455</hAcc><vAcc>3.379192</vAcc></extensions></trkpt>
      <trkpt lon="6.841966" lat="45.574955"><ele>2336.334229</ele><time>2022-01-19T13:55:33Z</time><extensions><speed>3.484434</speed><course>45.137306</course><hAcc>4.738028</hAcc><vAcc>3.372778</vAcc></extensions></trkpt>
      <trkpt lon="6.842040" lat="45.575038"><ele>2335.074219</ele><time>2022-01-19T13:55:36Z</time><extensions><speed>4.238288</speed><course>33.497845</course><hAcc>4.738607</hAcc><vAcc>3.371964</vAcc></extensions></trkpt>
      <trkpt lon="6.841984" lat="45.575123"><ele>2332.906738</ele><time>2022-01-19T13:55:38Z</time><extensions><speed>4.539382</speed><course>335.243439</course><hAcc>4.735620</hAcc><vAcc>3.376157</vAcc></extensions></trkpt>
      <trkpt lon="6.841825" lat="45.575097"><ele>2332.302002</ele><time>2022-01-19T13:55:40Z</time><extensions><speed>5.153094</speed><course>258.841644</course><hAcc>4.734676</hAcc><vAcc>3.377481</vAcc></extensions></trkpt>
      <trkpt lon="6.841719" lat="45.575018"><ele>2332.023193</ele><time>2022-01-19T13:55:42Z</time><extensions><speed>5.559666</speed><course>228.162750</course><hAcc>4.730866</hAcc><vAcc>3.382816</vAcc></extensions></trkpt>
      <trkpt lon="6.841622" lat="45.574931"><ele>2329.569580</ele><time>2022-01-19T13:55:44Z</time><extensions><speed>6.199939</speed><course>223.466141</course><hAcc>4.729710</hAcc><vAcc>3.384433</vAcc></extensions></trkpt>
      <trkpt lon="6.841472" lat="45.574891"><ele>2327.519531</ele><time>2022-01-19T13:55:46Z</time><extensions><speed>6.297335</speed><course>249.444611</course><hAcc>4.729536</hAcc><vAcc>3.384676</vAcc></extensions></trkpt>
      <trkpt lon="6.841374" lat="45.574786"><ele>2323.919922</ele><time>2022-01-19T13:55:48Z</time><extensions><speed>7.115874</speed><course>219.099701</course><hAcc>4.728312</hAcc><vAcc>3.386384</vAcc></extensions></trkpt>
      <trkpt lon="6.841233" lat="45.574704"><ele>2319.860596</ele><time>2022-01-19T13:55:50Z</time><extensions><speed>7.733622</speed><course>219.730438</course><hAcc>4.729012</hAcc><vAcc>3.385408</vAcc></extensions></trkpt>
      <trkpt lon="6.841104" lat="45.574569"><ele>2315.842285</ele><time>2022-01-19T13:55:52Z</time><extensions><speed>8.893698</speed><course>219.171005</course><hAcc>4.727715</hAcc><vAcc>3.387219</vAcc></extensions></trkpt>
      <trkpt lon="6.840939" lat="45.574471"><ele>2311.674805</ele><time>2022-01-19T13:55:54Z</time><extensions><speed>8.859985</speed><course>219.641129</course><hAcc>4.728426</hAcc><vAcc>3.386225</vAcc></extensions></trkpt>
      <trkpt lon="6.840811" lat="45.574347"><ele>2308.409912</ele><time>2022-01-19T13:55:56Z</time><extensions><speed>8.516368</speed><course>223.982040</course><hAcc>4.725174</hAcc><vAcc>3.390762</vAcc></extensions></trkpt>
      <trkpt lon="6.840622" lat="45.574281"><ele>2306.051270</ele><time>2022-01-19T13:55:58Z</time><extensions><speed>8.880653</speed><course>233.265060</course><hAcc>4.729219</hAcc><vAcc>3.385117</vAcc></extensions></trkpt>
      <trkpt lon="6.840438" lat="45.574200"><ele>2301.769287</ele><time>2022-01-19T13:56:00Z</time><extensions><speed>8.290895</speed><course>248.309662</course><hAcc>4.727798</hAcc><vAcc>3.387103</vAcc></extensions></trkpt>
      <trkpt lon="6.840228" lat="45.574132"><ele>2298.747314</ele><time>2022-01-19T13:56:02Z</time><extensions><speed>9.219417</speed><course>233.749527</course><hAcc>4.723459</hAcc><vAcc>3.393150</vAcc></extensions></trkpt>
      <trkpt lon="6.840108" lat="45.574096"><ele>2297.686035</ele><time>2022-01-19T13:56:03Z</time><extensions><speed>9.499356</speed><course>246.122223</course><hAcc>4.721399</hAcc><vAcc>3.396016</vAcc></extensions></trkpt>
      <trkpt lon="6.839870" lat="45.574060"><ele>2294.187012</ele><time>2022-01-19T13:56:05Z</time><extensions><speed>9.840891</speed><course>248.809402</course><hAcc>4.724771</hAcc><vAcc>3.391324</vAcc></extensions></trkpt>
      <trkpt lon="6.839655" lat="45.574002"><ele>2291.807617</ele><time>2022-01-19T13:56:07Z</time><extensions><speed>8.903738</speed><course>257.916382</course><hAcc>4.723696</hAcc><vAcc>3.392821</vAcc></extensions></trkpt>
      <trkpt lon="6.839445" lat="45.573916"><ele>2288.000244</ele><time>2022-01-19T13:56:09Z</time><extensions><speed>9.531886</speed><course>235.503250</course><hAcc>4.720909</hAcc><vAcc>3.396698</vAcc></extensions></trkpt>
      <trkpt lon="6.839228" lat="45.573840"><ele>2283.791260</ele><time>2022-01-19T13:56:11Z</time><extensions><speed>9.443240</speed><course>232.157715</course><hAcc>4.724121</hAcc><vAcc>3.392229</vAcc></extensions></trkpt>
      <trkpt lon="6.839081" lat="45.573686"><ele>2279.390625</ele><time>2022-01-19T13:56:13Z</time><extensions><speed>10.500950</speed><course>216.116089</course><hAcc>4.723304</hAcc><vAcc>3.393366</vAcc></extensions></trkpt>
      <trkpt lon="6.838906" lat="45.573566"><ele>2275.764404</ele><time>2022-01-19T13:56:15Z</time><extensions><speed>9.909623</speed><course>219.795044</course><hAcc>4.721336</hAcc><vAcc>3.396104</vAcc></extensions></trkpt>
      <trkpt lon="6.838869" lat="45.573473"><ele>2273.373535</ele><time>2022-01-19T13:56:16Z</time><extensions><speed>10.324137</speed><course>206.340073</course><hAcc>4.719474</hAcc><vAcc>3.398691</vAcc></extensions></trkpt>
      <trkpt lon="6.838703" lat="45.573354"><ele>2269.704834</ele><time>2022-01-19T13:56:18Z</time><extensions><speed>9.614610</speed><course>217.569992</course><hAcc>4.722104</hAcc><vAcc>3.395037</vAcc></extensions></trkpt>
      <trkpt lon="6.838660" lat="45.573261"><ele>2268.022705</ele><time>2022-01-19T13:56:19Z</time><extensions><speed>10.280343</speed><course>205.982605</course><hAcc>4.719477</hAcc><vAcc>3.398687</vAcc></extensions></trkpt>
      <trkpt lon="6.838607" lat="45.573174"><ele>2265.708740</ele><time>2022-01-19T13:56:20Z</time><extensions><speed>10.645121</speed><course>205.677689</course><hAcc>4.720825</hAcc><vAcc>3.396814</vAcc></extensions></trkpt>
      <trkpt lon="6.838504" lat="45.573106"><ele>2264.229736</ele><time>2022-01-19T13:56:21Z</time><extensions><speed>10.580107</speed><course>216.973495</course><hAcc>4.719868</hAcc><vAcc>3.398144</vAcc></extensions></trkpt>
      <trkpt lon="6.838418" lat="45.573025"><ele>2262.434814</ele><time>2022-01-19T13:56:22Z</time><extensions><speed>11.073521</speed><course>215.387543</course><hAcc>4.720542</hAcc><vAcc>3.397207</vAcc></extensions></trkpt>
      <trkpt lon="6.838354" lat="45.572934"><ele>2260.678223</ele><time>2022-01-19T13:56:23Z</time><extensions><speed>11.330994</speed><course>211.384705</course><hAcc>4.721441</hAcc><vAcc>3.395959</vAcc></extensions></trkpt>
      <trkpt lon="6.838245" lat="45.572874"><ele>2259.134766</ele><time>2022-01-19T13:56:24Z</time><extensions><speed>10.895668</speed><course>222.513855</course><hAcc>4.722248</hAcc><vAcc>3.394836</vAcc></extensions></trkpt>
      <trkpt lon="6.838152" lat="45.572803"><ele>2256.571533</ele><time>2022-01-19T13:56:25Z</time><extensions><speed>10.923956</speed><course>221.232819</course><hAcc>4.721666</hAcc><vAcc>3.395645</vAcc></extensions></trkpt>
      <trkpt lon="6.838065" lat="45.572734"><ele>2256.127441</ele><time>2022-01-19T13:56:26Z</time><extensions><speed>10.587191</speed><course>219.974533</course><hAcc>4.722003</hAcc><vAcc>3.395176</vAcc></extensions></trkpt>
      <trkpt lon="6.837974" lat="45.572635"><ele>2253.618408</ele><time>2022-01-19T13:56:27Z</time><extensions><speed>11.741114</speed><course>218.745850</course><hAcc>4.721283</hAcc><vAcc>3.396177</vAcc></extensions></trkpt>
      <trkpt lon="6.837867" lat="45.572569"><ele>2252.031250</ele><time>2022-01-19T13:56:28Z</time><extensions><speed>11.362112</speed><course>222.260910</course><hAcc>4.723094</hAcc><vAcc>3.393658</vAcc></extensions></trkpt>
      <trkpt lon="6.837810" lat="45.572479"><ele>2250.900879</ele><time>2022-01-19T13:56:29Z</time><extensions><speed>11.078341</speed><course>206.272308</course><hAcc>4.719025</hAcc><vAcc>3.399315</vAcc></extensions></trkpt>
      <trkpt lon="6.837775" lat="45.572376"><ele>2248.166992</ele><time>2022-01-19T13:56:30Z</time><extensions><speed>11.625574</speed><course>197.319992</course><hAcc>4.718055</hAcc><vAcc>3.400661</vAcc></extensions></trkpt>
      <trkpt lon="6.837690" lat="45.572304"><ele>2247.395020</ele><time>2022-01-19T13:56:31Z</time><extensions><speed>10.543074</speed><course>213.479752</course><hAcc>4.720383</hAcc><vAcc>3.397429</vAcc></extensions></trkpt>
      <trkpt lon="6.837613" lat="45.572226"><ele>2246.266602</ele><time>2022-01-19T13:56:32Z</time><extensions><speed>10.593237</speed><course>214.060684</course><hAcc>4.721744</hAcc><vAcc>3.395536</vAcc></extensions></trkpt>
      <trkpt lon="6.837586" lat="45.572133"><ele>2244.411865</ele><time>2022-01-19T13:56:33Z</time><extensions><speed>10.505507</speed><course>196.097687</course><hAcc>4.721107</hAcc><vAcc>3.396422</vAcc></extensions></trkpt>
      <trkpt lon="6.837568" lat="45.572040"><ele>2243.565674</ele><time>2022-01-19T13:56:34Z</time><extensions><speed>10.357794</speed><course>191.162643</course><hAcc>4.719304</hAcc><vAcc>3.398928</vAcc></extensions></trkpt>
      <trkpt lon="6.837450" lat="45.571897"><ele>2241.326904</ele><time>2022-01-19T13:56:36Z</time><extensions><speed>9.309735</speed><course>214.201355</course><hAcc>4.719844</hAcc><vAcc>3.398178</vAcc></extensions></trkpt>
      <trkpt lon="6.837334" lat="45.571742"><ele>2238.805908</ele><time>2022-01-19T13:56:38Z</time><extensions><speed>9.742923</speed><course>200.283188</course><hAcc>4.720082</hAcc><vAcc>3.397847</vAcc></extensions></trkpt>
      <trkpt lon="6.837289" lat="45.571655"><ele>2237.626709</ele><time>2022-01-19T13:56:39Z</time><extensions><speed>10.193035</speed><course>200.323593</course><hAcc>4.718602</hAcc><vAcc>3.399902</vAcc></extensions></trkpt>
      <trkpt lon="6.837131" lat="45.571523"><ele>2235.850098</ele><time>2022-01-19T13:56:41Z</time><extensions><speed>9.647420</speed><course>221.178635</course><hAcc>4.718264</hAcc><vAcc>3.400371</vAcc></extensions></trkpt>
      <trkpt lon="6.836999" lat="45.571376"><ele>2233.400879</ele><time>2022-01-19T13:56:43Z</time><extensions><speed>9.942867</speed><course>203.860046</course><hAcc>4.718395</hAcc><vAcc>3.400190</vAcc></extensions></trkpt>
      <trkpt lon="6.836854" lat="45.571231"><ele>2230.834961</ele><time>2022-01-19T13:56:45Z</time><extensions><speed>9.807178</speed><course>218.050705</course><hAcc>4.717626</hAcc><vAcc>3.401256</vAcc></extensions></trkpt>
      <trkpt lon="6.836814" lat="45.571059"><ele>2228.594238</ele><time>2022-01-19T13:56:47Z</time><extensions><speed>9.633063</speed><course>188.870728</course><hAcc>4.716720</hAcc><vAcc>3.402513</vAcc></extensions></trkpt>
      <trkpt lon="6.836797" lat="45.570884"><ele>2226.343262</ele><time>2022-01-19T13:56:49Z</time><extensions><speed>9.825568</speed><course>181.766174</course><hAcc>4.718286</hAcc><vAcc>3.400340</vAcc></extensions></trkpt>
      <trkpt lon="6.836744" lat="45.570718"><ele>2224.504395</ele><time>2022-01-19T13:56:51Z</time><extensions><speed>9.284314</speed><course>194.410263</course><hAcc>4.716228</hAcc><vAcc>3.403193</vAcc></extensions></trkpt>
      <trkpt lon="6.836738" lat="45.570551"><ele>2222.416504</ele><time>2022-01-19T13:56:53Z</time><extensions><speed>9.201923</speed><course>178.224777</course><hAcc>4.717151</hAcc><vAcc>3.401914</vAcc></extensions></trkpt>
      <trkpt lon="6.836777" lat="45.570383"><ele>2219.999268</ele><time>2022-01-19T13:56:55Z</time><extensions><speed>9.642119</speed><course>171.155319</course><hAcc>4.716833</hAcc><vAcc>3.402356</vAcc></extensions></trkpt>
      <trkpt lon="6.836752" lat="45.570211"><ele>2218.344971</ele><time>2022-01-19T13:56:57Z</time><extensions><speed>9.566262</speed><course>182.074478</course><hAcc>4.718096</hAcc><vAcc>3.400604</vAcc></extensions></trkpt>
      <trkpt lon="6.836803" lat="45.570038"><ele>2215.652344</ele><time>2022-01-19T13:56:59Z</time><extensions><speed>10.185985</speed><course>170.917358</course><hAcc>4.719161</hAcc><vAcc>3.399126</vAcc></extensions></trkpt>
      <trkpt lon="6.836783" lat="45.569871"><ele>2212.984375</ele><time>2022-01-19T13:57:01Z</time><extensions><speed>9.192175</speed><course>190.017670</course><hAcc>4.717844</hAcc><vAcc>3.400953</vAcc></extensions></trkpt>
      <trkpt lon="6.836731" lat="45.569711"><ele>2210.313232</ele><time>2022-01-19T13:57:03Z</time><extensions><speed>9.382075</speed><course>191.146988</course><hAcc>4.715570</hAcc><vAcc>3.404105</vAcc></extensions></trkpt>
      <trkpt lon="6.836623" lat="45.569601"><ele>2207.828369</ele><time>2022-01-19T13:57:05Z</time><extensions><speed>7.214684</speed><course>215.111572</course><hAcc>4.716114</hAcc><vAcc>3.403353</vAcc></extensions></trkpt>
      <trkpt lon="6.836492" lat="45.569539"><ele>2203.989258</ele><time>2022-01-19T13:57:07Z</time><extensions><speed>6.747750</speed><course>227.020142</course><hAcc>4.714005</hAcc><vAcc>3.406273</vAcc></extensions></trkpt>
      <trkpt lon="6.836332" lat="45.569532"><ele>2201.193604</ele><time>2022-01-19T13:57:09Z</time><extensions><speed>5.656459</speed><course>263.784821</course><hAcc>4.717467</hAcc><vAcc>3.401477</vAcc></extensions></trkpt>
      <trkpt lon="6.836227" lat="45.569617"><ele>2198.146484</ele><time>2022-01-19T13:57:11Z</time><extensions><speed>5.713486</speed><course>312.526367</course><hAcc>4.721900</hAcc><vAcc>3.395320</vAcc></extensions></trkpt>
      <trkpt lon="6.836057" lat="45.569676"><ele>2193.070801</ele><time>2022-01-19T13:57:13Z</time><extensions><speed>7.693026</speed><course>293.350616</course><hAcc>4.720621</hAcc><vAcc>3.397098</vAcc></extensions></trkpt>
      <trkpt lon="6.835881" lat="45.569790"><ele>2188.255859</ele><time>2022-01-19T13:57:15Z</time><extensions><speed>8.958265</speed><course>308.410553</course><hAcc>4.723372</hAcc><vAcc>3.393273</vAcc></extensions></trkpt>
      <trkpt lon="6.835752" lat="45.569818"><ele>2185.298828</ele><time>2022-01-19T13:57:16Z</time><extensions><speed>10.147914</speed><course>293.761047</course><hAcc>4.719103</hAcc><vAcc>3.399206</vAcc></extensions></trkpt>
      <trkpt lon="6.835546" lat="45.569925"><ele>2180.320801</ele><time>2022-01-19T13:57:18Z</time><extensions><speed>10.434381</speed><course>305.203217</course><hAcc>4.723362</hAcc><vAcc>3.393286</vAcc></extensions></trkpt>
      <trkpt lon="6.835407" lat="45.569948"><ele>2177.388428</ele><time>2022-01-19T13:57:19Z</time><extensions><speed>11.037284</speed><course>287.624084</course><hAcc>4.721524</hAcc><vAcc>3.395843</vAcc></extensions></trkpt>
      <trkpt lon="6.835255" lat="45.569964"><ele>2175.045654</ele><time>2022-01-19T13:57:20Z</time><extensions><speed>11.589112</speed><course>284.653656</course><hAcc>4.719140</hAcc><vAcc>3.399155</vAcc></extensions></trkpt>
      <trkpt lon="6.835110" lat="45.569984"><ele>2172.962891</ele><time>2022-01-19T13:57:21Z</time><extensions><speed>11.550955</speed><course>280.066650</course><hAcc>4.719676</hAcc><vAcc>3.398411</vAcc></extensions></trkpt>
      <trkpt lon="6.834979" lat="45.569957"><ele>2169.592285</ele><time>2022-01-19T13:57:22Z</time><extensions><speed>11.110454</speed><course>260.951111</course><hAcc>4.717855</hAcc><vAcc>3.400938</vAcc></extensions></trkpt>
      <trkpt lon="6.834835" lat="45.569922"><ele>2167.491699</ele><time>2022-01-19T13:57:23Z</time><extensions><speed>11.524495</speed><course>258.191040</course><hAcc>4.716316</hAcc><vAcc>3.403072</vAcc></extensions></trkpt>
      <trkpt lon="6.834694" lat="45.569917"><ele>2165.784180</ele><time>2022-01-19T13:57:24Z</time><extensions><speed>11.393307</speed><course>263.912720</course><hAcc>4.718516</hAcc><vAcc>3.400022</vAcc></extensions></trkpt>
      <trkpt lon="6.834568" lat="45.569874"><ele>2161.725098</ele><time>2022-01-19T13:57:25Z</time><extensions><speed>11.390678</speed><course>248.022003</course><hAcc>4.715071</hAcc><vAcc>3.404797</vAcc></extensions></trkpt>
      <trkpt lon="6.834460" lat="45.569817"><ele>2158.299805</ele><time>2022-01-19T13:57:26Z</time><extensions><speed>10.787588</speed><course>241.817154</course><hAcc>4.710267</hAcc><vAcc>3.411440</vAcc></extensions></trkpt>
      <trkpt lon="6.834317" lat="45.569822"><ele>2158.546387</ele><time>2022-01-19T13:57:27Z</time><extensions><speed>9.971191</speed><course>262.265625</course><hAcc>4.715607</hAcc><vAcc>3.404055</vAcc></extensions></trkpt>
      <trkpt lon="6.834090" lat="45.569753"><ele>2156.976318</ele><time>2022-01-19T13:57:29Z</time><extensions><speed>10.167047</speed><course>246.504242</course><hAcc>4.717539</hAcc><vAcc>3.401377</vAcc></extensions></trkpt>
      <trkpt lon="6.833922" lat="45.569757"><ele>2155.862793</ele><time>2022-01-19T13:57:31Z</time><extensions><speed>6.784532</speed><course>270.160278</course><hAcc>4.723121</hAcc><vAcc>3.393621</vAcc></extensions></trkpt>
      <trkpt lon="6.833752" lat="45.569725"><ele>2153.690918</ele><time>2022-01-19T13:57:33Z</time><extensions><speed>7.082038</speed><course>255.908829</course><hAcc>4.724432</hAcc><vAcc>3.391795</vAcc></extensions></trkpt>
      <trkpt lon="6.833607" lat="45.569730"><ele>2153.296143</ele><time>2022-01-19T13:57:36Z</time><extensions><speed>2.856714</speed><course>270.699371</course><hAcc>4.727659</hAcc><vAcc>3.387297</vAcc></extensions></trkpt>
      <trkpt lon="6.833477" lat="45.569734"><ele>2152.693115</ele><time>2022-01-19T13:57:41Z</time><extensions><speed>1.357751</speed><course>274.531769</course><hAcc>4.726734</hAcc><vAcc>3.388588</vAcc></extensions></trkpt>
      <trkpt lon="6.833344" lat="45.569768"><ele>2153.811279</ele><time>2022-01-19T13:58:26Z</time><extensions><speed>0.000000</speed><course>47.129059</course><hAcc>4.722383</hAcc><vAcc>3.394647</vAcc></extensions></trkpt>
      <trkpt lon="6.833282" lat="45.569857"><ele>2153.928467</ele><time>2022-01-19T13:58:34Z</time><extensions><speed>1.094301</speed><course>326.961090</course><hAcc>4.727847</hAcc><vAcc>3.387034</vAcc></extensions></trkpt>
      <trkpt lon="6.833154" lat="45.569857"><ele>2154.404785</ele><time>2022-01-19T13:58:43Z</time><extensions><speed>1.025266</speed><course>260.181152</course><hAcc>4.726476</hAcc><vAcc>3.388947</vAcc></extensions></trkpt>
      <trkpt lon="6.833018" lat="45.569839"><ele>2155.511963</ele><time>2022-01-19T13:58:53Z</time><extensions><speed>1.079984</speed><course>261.605896</course><hAcc>4.729240</hAcc><vAcc>3.385089</vAcc></extensions></trkpt>
      <trkpt lon="6.832891" lat="45.569822"><ele>2157.214600</ele><time>2022-01-19T13:59:02Z</time><extensions><speed>0.855763</speed><course>254.374390</course><hAcc>4.729880</hAcc><vAcc>3.384195</vAcc></extensions></trkpt>
      <trkpt lon="6.832776" lat="45.569780"><ele>2158.879883</ele><time>2022-01-19T13:59:13Z</time><extensions><speed>0.845975</speed><course>227.366196</course><hAcc>4.719515</hAcc><vAcc>3.398634</vAcc></extensions></trkpt>
      <trkpt lon="6.832690" lat="45.569712"><ele>2160.283691</ele><time>2022-01-19T13:59:24Z</time><extensions><speed>0.677382</speed><course>232.820129</course><hAcc>4.722090</hAcc><vAcc>3.395056</vAcc></extensions></trkpt>
      <trkpt lon="6.832564" lat="45.569668"><ele>2156.700928</ele><time>2022-01-19T13:59:55Z</time><extensions><speed>1.448537</speed><course>245.048050</course><hAcc>4.725522</hAcc><vAcc>3.390277</vAcc></extensions></trkpt>
      <trkpt lon="6.832448" lat="45.569626"><ele>2155.052490</ele><time>2022-01-19T14:00:03Z</time><extensions><speed>1.220775</speed><course>257.139282</course><hAcc>4.729757</hAcc><vAcc>3.384366</vAcc></extensions></trkpt>
      <trkpt lon="6.832311" lat="45.569596"><ele>2153.354980</ele><time>2022-01-19T14:00:12Z</time><extensions><speed>1.380638</speed><course>231.222748</course><hAcc>4.730288</hAcc><vAcc>3.383625</vAcc></extensions></trkpt>
      <trkpt lon="6.832224" lat="45.569521"><ele>2152.365967</ele><time>2022-01-19T14:00:21Z</time><extensions><speed>0.975479</speed><course>227.906296</course><hAcc>4.726151</hAcc><vAcc>3.389400</vAcc></extensions></trkpt>
      <trkpt lon="6.832114" lat="45.569461"><ele>2151.072998</ele><time>2022-01-19T14:00:29Z</time><extensions><speed>1.393249</speed><course>229.007355</course><hAcc>4.724922</hAcc><vAcc>3.391114</vAcc></extensions></trkpt>
      <trkpt lon="6.832000" lat="45.569401"><ele>2148.516113</ele><time>2022-01-19T14:00:38Z</time><extensions><speed>1.435420</speed><course>242.577774</course><hAcc>4.728689</hAcc><vAcc>3.385858</vAcc></extensions></trkpt>
      <trkpt lon="6.831873" lat="45.569359"><ele>2146.312012</ele><time>2022-01-19T14:00:46Z</time><extensions><speed>1.401531</speed><course>243.995407</course><hAcc>4.730657</hAcc><vAcc>3.383109</vAcc></extensions></trkpt>
      <trkpt lon="6.831749" lat="45.569309"><ele>2145.418457</ele><time>2022-01-19T14:00:55Z</time><extensions><speed>1.200750</speed><course>246.011566</course><hAcc>4.730976</hAcc><vAcc>3.382662</vAcc></extensions></trkpt>
      <trkpt lon="6.831606" lat="45.569312"><ele>2143.678223</ele><time>2022-01-19T14:01:06Z</time><extensions><speed>1.150915</speed><course>276.193909</course><hAcc>4.728378</hAcc><vAcc>3.386292</vAcc></extensions></trkpt>
      <trkpt lon="6.831499" lat="45.569362"><ele>2142.504883</ele><time>2022-01-19T14:01:15Z</time><extensions><speed>1.040791</speed><course>314.238525</course><hAcc>4.732340</hAcc><vAcc>3.380754</vAcc></extensions></trkpt>
      <trkpt lon="6.831443" lat="45.569444"><ele>2141.085938</ele><time>2022-01-19T14:01:24Z</time><extensions><speed>1.075165</speed><course>339.348267</course><hAcc>4.739115</hAcc><vAcc>3.371250</vAcc></extensions></trkpt>
      <trkpt lon="6.831430" lat="45.569540"><ele>2140.052979</ele><time>2022-01-19T14:01:32Z</time><extensions><speed>1.159033</speed><course>350.392242</course><hAcc>4.740094</hAcc><vAcc>3.369874</vAcc></extensions></trkpt>
      <trkpt lon="6.831393" lat="45.569629"><ele>2139.489502</ele><time>2022-01-19T14:01:43Z</time><extensions><speed>0.631724</speed><course>339.344208</course><hAcc>4.734824</hAcc><vAcc>3.377274</vAcc></extensions></trkpt>
      <trkpt lon="6.831285" lat="45.569569"><ele>2139.609863</ele><time>2022-01-19T14:02:39Z</time><extensions><speed>0.000000</speed><course>331.253479</course><hAcc>4.722583</hAcc><vAcc>3.394369</vAcc></extensions></trkpt>
      <trkpt lon="6.831269" lat="45.569479"><ele>2139.321777</ele><time>2022-01-19T14:02:48Z</time><extensions><speed>0.918308</speed><course>187.104904</course><hAcc>4.703155</hAcc><vAcc>3.421238</vAcc></extensions></trkpt>
      <trkpt lon="6.831226" lat="45.569392"><ele>2139.300537</ele><time>2022-01-19T14:06:19Z</time><extensions><speed>0.000000</speed><course>75.061226</course><hAcc>4.719050</hAcc><vAcc>3.399280</vAcc></extensions></trkpt>
      <trkpt lon="6.831101" lat="45.569427"><ele>2136.632324</ele><time>2022-01-19T14:07:33Z</time><extensions><speed>2.805104</speed><course>292.153168</course><hAcc>4.689250</hAcc><vAcc>3.440271</vAcc></extensions></trkpt>
      <trkpt lon="6.830995" lat="45.569516"><ele>2135.677734</ele><time>2022-01-19T14:07:36Z</time><extensions><speed>4.361185</speed><course>325.883972</course><hAcc>4.700068</hAcc><vAcc>3.425478</vAcc></extensions></trkpt>
      <trkpt lon="6.830848" lat="45.569574"><ele>2131.924805</ele><time>2022-01-19T14:07:38Z</time><extensions><speed>6.386430</speed><course>298.908966</course><hAcc>4.699105</hAcc><vAcc>3.426798</vAcc></extensions></trkpt>
      <trkpt lon="6.830761" lat="45.569680"><ele>2129.393066</ele><time>2022-01-19T14:07:40Z</time><extensions><speed>6.347704</speed><course>334.177643</course><hAcc>4.706518</hAcc><vAcc>3.416610</vAcc></extensions></trkpt>
      <trkpt lon="6.830657" lat="45.569769"><ele>2126.364258</ele><time>2022-01-19T14:07:42Z</time><extensions><speed>6.855666</speed><course>315.840240</course><hAcc>4.705907</hAcc><vAcc>3.417451</vAcc></extensions></trkpt>
      <trkpt lon="6.830533" lat="45.569853"><ele>2125.554688</ele><time>2022-01-19T14:07:44Z</time><extensions><speed>6.659550</speed><course>311.174927</course><hAcc>4.708755</hAcc><vAcc>3.413527</vAcc></extensions></trkpt>
      <trkpt lon="6.830407" lat="45.569910"><ele>2124.720459</ele><time>2022-01-19T14:07:46Z</time><extensions><speed>6.107703</speed><course>307.231750</course><hAcc>4.707702</hAcc><vAcc>3.414978</vAcc></extensions></trkpt>
      <trkpt lon="6.830322" lat="45.569990"><ele>2124.220215</ele><time>2022-01-19T14:07:48Z</time><extensions><speed>5.662134</speed><course>321.514374</course><hAcc>4.710526</hAcc><vAcc>3.411082</vAcc></extensions></trkpt>
      <trkpt lon="6.830213" lat="45.570058"><ele>2122.703857</ele><time>2022-01-19T14:07:50Z</time><extensions><speed>5.773337</speed><course>308.235687</course><hAcc>4.710568</hAcc><vAcc>3.411024</vAcc></extensions></trkpt>
      <trkpt lon="6.830070" lat="45.570088"><ele>2121.356445</ele><time>2022-01-19T14:07:52Z</time><extensions><speed>5.642469</speed><course>292.172485</course><hAcc>4.708559</hAcc><vAcc>3.413797</vAcc></extensions></trkpt>
      <trkpt lon="6.829912" lat="45.570107"><ele>2120.160400</ele><time>2022-01-19T14:07:56Z</time><extensions><speed>3.724005</speed><course>258.813354</course><hAcc>4.714713</hAcc><vAcc>3.405293</vAcc></extensions></trkpt>
      <trkpt lon="6.829795" lat="45.570045"><ele>2119.135010</ele><time>2022-01-19T14:07:59Z</time><extensions><speed>3.830494</speed><course>235.051666</course><hAcc>4.713594</hAcc><vAcc>3.406841</vAcc></extensions></trkpt>
      <trkpt lon="6.829680" lat="45.569992"><ele>2118.943848</ele><time>2022-01-19T14:08:02Z</time><extensions><speed>3.637915</speed><course>233.595154</course><hAcc>4.711523</hAcc><vAcc>3.409705</vAcc></extensions></trkpt>
      <trkpt lon="6.829542" lat="45.569938"><ele>2119.026367</ele><time>2022-01-19T14:08:06Z</time><extensions><speed>2.985614</speed><course>242.889969</course><hAcc>4.711036</hAcc><vAcc>3.410378</vAcc></extensions></trkpt>
      <trkpt lon="6.829398" lat="45.569883"><ele>2118.625977</ele><time>2022-01-19T14:08:10Z</time><extensions><speed>3.475598</speed><course>241.823120</course><hAcc>4.710075</hAcc><vAcc>3.411704</vAcc></extensions></trkpt>
      <trkpt lon="6.829272" lat="45.569845"><ele>2117.901855</ele><time>2022-01-19T14:08:13Z</time><extensions><speed>3.561560</speed><course>246.958801</course><hAcc>4.712343</hAcc><vAcc>3.408572</vAcc></extensions></trkpt>
      <trkpt lon="6.829151" lat="45.569811"><ele>2118.216797</ele><time>2022-01-19T14:08:16Z</time><extensions><speed>3.415567</speed><course>248.884644</course><hAcc>4.716314</hAcc><vAcc>3.403075</vAcc></extensions></trkpt>
      <trkpt lon="6.829010" lat="45.569784"><ele>2117.882812</ele><time>2022-01-19T14:08:20Z</time><extensions><speed>2.649229</speed><course>250.020355</course><hAcc>4.718671</hAcc><vAcc>3.399806</vAcc></extensions></trkpt>
      <trkpt lon="6.828878" lat="45.569787"><ele>2122.833740</ele><time>2022-01-19T14:09:51Z</time><extensions><speed>0.000000</speed><course>284.865295</course><hAcc>4.723893</hAcc><vAcc>3.392546</vAcc></extensions></trkpt>
      <trkpt lon="6.828910" lat="45.569876"><ele>2122.472900</ele><time>2022-01-19T14:10:32Z</time><extensions><speed>0.000000</speed><course>336.474976</course><hAcc>4.721766</hAcc><vAcc>3.395506</vAcc></extensions></trkpt>
      <trkpt lon="6.829050" lat="45.569933"><ele>2118.683105</ele><time>2022-01-19T14:10:41Z</time><extensions><speed>2.651041</speed><course>59.167568</course><hAcc>4.729970</hAcc><vAcc>3.384068</vAcc></extensions></trkpt>
      <trkpt lon="6.829180" lat="45.569971"><ele>2116.136475</ele><time>2022-01-19T14:10:44Z</time><extensions><speed>3.247029</speed><course>60.128258</course><hAcc>4.731401</hAcc><vAcc>3.382067</vAcc></extensions></trkpt>
      <trkpt lon="6.829221" lat="45.570094"><ele>2111.842529</ele><time>2022-01-19T14:10:48Z</time><extensions><speed>4.496422</speed><course>356.355499</course><hAcc>4.723030</hAcc><vAcc>3.393748</vAcc></extensions></trkpt>
      <trkpt lon="6.829079" lat="45.570151"><ele>2107.455322</ele><time>2022-01-19T14:10:50Z</time><extensions><speed>6.000120</speed><course>302.531555</course><hAcc>4.715344</hAcc><vAcc>3.404419</vAcc></extensions></trkpt>
      <trkpt lon="6.828915" lat="45.570194"><ele>2104.703613</ele><time>2022-01-19T14:10:52Z</time><extensions><speed>6.650577</speed><course>300.793182</course><hAcc>4.717984</hAcc><vAcc>3.400759</vAcc></extensions></trkpt>
      <trkpt lon="6.828757" lat="45.570217"><ele>2102.729492</ele><time>2022-01-19T14:10:54Z</time><extensions><speed>6.789237</speed><course>279.828644</course><hAcc>4.715088</hAcc><vAcc>3.404773</vAcc></extensions></trkpt>
      <trkpt lon="6.828678" lat="45.570304"><ele>2099.457520</ele><time>2022-01-19T14:10:56Z</time><extensions><speed>5.866652</speed><course>315.064026</course><hAcc>4.717158</hAcc><vAcc>3.401905</vAcc></extensions></trkpt>
      <trkpt lon="6.828508" lat="45.570310"><ele>2097.238281</ele><time>2022-01-19T14:10:58Z</time><extensions><speed>6.676297</speed><course>280.038544</course><hAcc>4.714906</hAcc><vAcc>3.405025</vAcc></extensions></trkpt>
      <trkpt lon="6.828404" lat="45.570392"><ele>2094.744141</ele><time>2022-01-19T14:11:00Z</time><extensions><speed>5.780009</speed><course>320.587372</course><hAcc>4.708818</hAcc><vAcc>3.413440</vAcc></extensions></trkpt>
      <trkpt lon="6.828253" lat="45.570449"><ele>2091.805420</ele><time>2022-01-19T14:11:02Z</time><extensions><speed>6.963641</speed><course>291.918823</course><hAcc>4.699489</hAcc><vAcc>3.426272</vAcc></extensions></trkpt>
      <trkpt lon="6.828107" lat="45.570495"><ele>2088.042725</ele><time>2022-01-19T14:11:04Z</time><extensions><speed>5.875391</speed><course>308.470581</course><hAcc>4.700739</hAcc><vAcc>3.424557</vAcc></extensions></trkpt>
      <trkpt lon="6.828037" lat="45.570593"><ele>2085.820557</ele><time>2022-01-19T14:11:06Z</time><extensions><speed>6.367950</speed><course>324.222717</course><hAcc>4.699425</hAcc><vAcc>3.426359</vAcc></extensions></trkpt>
      <trkpt lon="6.827863" lat="45.570659"><ele>2082.789551</ele><time>2022-01-19T14:11:08Z</time><extensions><speed>8.131202</speed><course>300.281158</course><hAcc>4.694000</hAcc><vAcc>3.433789</vAcc></extensions></trkpt>
      <trkpt lon="6.827772" lat="45.570745"><ele>2081.257324</ele><time>2022-01-19T14:11:10Z</time><extensions><speed>5.715437</speed><course>326.587555</course><hAcc>4.697057</hAcc><vAcc>3.429605</vAcc></extensions></trkpt>
      <trkpt lon="6.827711" lat="45.570827"><ele>2079.943848</ele><time>2022-01-19T14:11:17Z</time><extensions><speed>2.293547</speed><course>325.723450</course><hAcc>4.700298</hAcc><vAcc>3.425161</vAcc></extensions></trkpt>
      <trkpt lon="6.827555" lat="45.570904"><ele>2076.591797</ele><time>2022-01-19T14:11:20Z</time><extensions><speed>5.270025</speed><course>298.922302</course><hAcc>4.697395</hAcc><vAcc>3.429142</vAcc></extensions></trkpt>
      <trkpt lon="6.827406" lat="45.570976"><ele>2073.825195</ele><time>2022-01-19T14:11:22Z</time><extensions><speed>6.181520</speed><course>311.686584</course><hAcc>4.696145</hAcc><vAcc>3.430854</vAcc></extensions></trkpt>
      <trkpt lon="6.827326" lat="45.571069"><ele>2072.798584</ele><time>2022-01-19T14:11:24Z</time><extensions><speed>6.160593</speed><course>319.377563</course><hAcc>4.696753</hAcc><vAcc>3.430022</vAcc></extensions></trkpt>
      <trkpt lon="6.827189" lat="45.571084"><ele>2072.500732</ele><time>2022-01-19T14:11:26Z</time><extensions><speed>5.380751</speed><course>289.521423</course><hAcc>4.694113</hAcc><vAcc>3.433633</vAcc></extensions></trkpt>
      <trkpt lon="6.827080" lat="45.571144"><ele>2072.140869</ele><time>2022-01-19T14:11:32Z</time><extensions><speed>1.278917</speed><course>298.813843</course><hAcc>4.696487</hAcc><vAcc>3.430386</vAcc></extensions></trkpt>
      <trkpt lon="6.826966" lat="45.571214"><ele>2069.161621</ele><time>2022-01-19T14:13:07Z</time><extensions><speed>2.080959</speed><course>301.821594</course><hAcc>4.691073</hAcc><vAcc>3.437786</vAcc></extensions></trkpt>
      <trkpt lon="6.826840" lat="45.571243"><ele>2066.486084</ele><time>2022-01-19T14:13:09Z</time><extensions><speed>4.828710</speed><course>289.642395</course><hAcc>4.690659</hAcc><vAcc>3.438350</vAcc></extensions></trkpt>
      <trkpt lon="6.826704" lat="45.571318"><ele>2064.075928</ele><time>2022-01-19T14:13:11Z</time><extensions><speed>6.100412</speed><course>310.368225</course><hAcc>4.691669</hAcc><vAcc>3.436971</vAcc></extensions></trkpt>
      <trkpt lon="6.826595" lat="45.571387"><ele>2062.098877</ele><time>2022-01-19T14:13:13Z</time><extensions><speed>5.898113</speed><course>305.457520</course><hAcc>4.688529</hAcc><vAcc>3.441256</vAcc></extensions></trkpt>
      <trkpt lon="6.826460" lat="45.571410"><ele>2061.673340</ele><time>2022-01-19T14:13:15Z</time><extensions><speed>5.292784</speed><course>294.894257</course><hAcc>4.689614</hAcc><vAcc>3.439775</vAcc></extensions></trkpt>
      <trkpt lon="6.826354" lat="45.571461"><ele>2057.838135</ele><time>2022-01-19T14:18:49Z</time><extensions><speed>0.000000</speed><course>319.623077</course><hAcc>4.690860</hAcc><vAcc>3.438076</vAcc></extensions></trkpt>
      <trkpt lon="6.826288" lat="45.571540"><ele>2055.414062</ele><time>2022-01-19T14:18:53Z</time><extensions><speed>2.825782</speed><course>327.738922</course><hAcc>4.689866</hAcc><vAcc>3.439432</vAcc></extensions></trkpt>
      <trkpt lon="6.826181" lat="45.571599"><ele>2053.667236</ele><time>2022-01-19T14:18:56Z</time><extensions><speed>3.614995</speed><course>308.194763</course><hAcc>4.688361</hAcc><vAcc>3.441484</vAcc></extensions></trkpt>
      <trkpt lon="6.826071" lat="45.571696"><ele>2052.759766</ele><time>2022-01-19T14:18:59Z</time><extensions><speed>4.502845</speed><course>330.432861</course><hAcc>4.695729</hAcc><vAcc>3.431423</vAcc></extensions></trkpt>
      <trkpt lon="6.826070" lat="45.571790"><ele>2051.244629</ele><time>2022-01-19T14:19:02Z</time><extensions><speed>3.403986</speed><course>334.176849</course><hAcc>4.688118</hAcc><vAcc>3.441814</vAcc></extensions></trkpt>
      <trkpt lon="6.825925" lat="45.571836"><ele>2049.323975</ele><time>2022-01-19T14:19:04Z</time><extensions><speed>5.605115</speed><course>300.587524</course><hAcc>4.694134</hAcc><vAcc>3.433605</vAcc></extensions></trkpt>
      <trkpt lon="6.825754" lat="45.571902"><ele>2046.879761</ele><time>2022-01-19T14:19:06Z</time><extensions><speed>7.123832</speed><course>301.702209</course><hAcc>4.698997</hAcc><vAcc>3.426948</vAcc></extensions></trkpt>
      <trkpt lon="6.825766" lat="45.572027"><ele>2045.380493</ele><time>2022-01-19T14:19:08Z</time><extensions><speed>6.342767</speed><course>357.325439</course><hAcc>4.699579</hAcc><vAcc>3.426148</vAcc></extensions></trkpt>
      <trkpt lon="6.825701" lat="45.572132"><ele>2041.081421</ele><time>2022-01-19T14:19:10Z</time><extensions><speed>6.976007</speed><course>333.102417</course><hAcc>4.699888</hAcc><vAcc>3.425725</vAcc></extensions></trkpt>
      <trkpt lon="6.825678" lat="45.572225"><ele>2039.554688</ele><time>2022-01-19T14:19:12Z</time><extensions><speed>4.997381</speed><course>1.698347</course><hAcc>4.701531</hAcc><vAcc>3.423470</vAcc></extensions></trkpt>
      <trkpt lon="6.825624" lat="45.572309"><ele>2037.150757</ele><time>2022-01-19T14:19:14Z</time><extensions><speed>5.657094</speed><course>326.163208</course><hAcc>4.693275</hAcc><vAcc>3.434778</vAcc></extensions></trkpt>
      <trkpt lon="6.825579" lat="45.572399"><ele>2033.892822</ele><time>2022-01-19T14:19:16Z</time><extensions><speed>5.012175</speed><course>349.208618</course><hAcc>4.694201</hAcc><vAcc>3.433513</vAcc></extensions></trkpt>
      <trkpt lon="6.825574" lat="45.572493"><ele>2031.764771</ele><time>2022-01-19T14:19:18Z</time><extensions><speed>5.563214</speed><course>349.066528</course><hAcc>4.691989</hAcc><vAcc>3.436536</vAcc></extensions></trkpt>
      <trkpt lon="6.825516" lat="45.572596"><ele>2029.630005</ele><time>2022-01-19T14:19:20Z</time><extensions><speed>5.733229</speed><course>350.399323</course><hAcc>4.693972</hAcc><vAcc>3.433827</vAcc></extensions></trkpt>
      <trkpt lon="6.825559" lat="45.572702"><ele>2027.348999</ele><time>2022-01-19T14:19:23Z</time><extensions><speed>4.261983</speed><course>354.301361</course><hAcc>4.691732</hAcc><vAcc>3.436886</vAcc></extensions></trkpt>
      <trkpt lon="6.825457" lat="45.572793"><ele>2024.199341</ele><time>2022-01-19T14:19:26Z</time><extensions><speed>3.859153</speed><course>339.727448</course><hAcc>4.697015</hAcc><vAcc>3.429663</vAcc></extensions></trkpt>
      <trkpt lon="6.825362" lat="45.572889"><ele>2022.711792</ele><time>2022-01-19T14:19:29Z</time><extensions><speed>5.089190</speed><course>305.650513</course><hAcc>4.734082</hAcc><vAcc>3.378313</vAcc></extensions></trkpt>
      <trkpt lon="6.825206" lat="45.572935"><ele>2019.754272</ele><time>2022-01-19T14:19:31Z</time><extensions><speed>6.140819</speed><course>309.868866</course><hAcc>4.762424</hAcc><vAcc>3.338242</vAcc></extensions></trkpt>
      <trkpt lon="6.825082" lat="45.573003"><ele>2019.937134</ele><time>2022-01-19T14:19:34Z</time><extensions><speed>4.606291</speed><course>304.464630</course><hAcc>4.710839</hAcc><vAcc>3.410650</vAcc></extensions></trkpt>
      <trkpt lon="6.824932" lat="45.573009"><ele>2018.595947</ele><time>2022-01-19T14:19:37Z</time><extensions><speed>4.324801</speed><course>273.418091</course><hAcc>4.718795</hAcc><vAcc>3.399634</vAcc></extensions></trkpt>
      <trkpt lon="6.824796" lat="45.573075"><ele>2017.684814</ele><time>2022-01-19T14:19:40Z</time><extensions><speed>3.486362</speed><course>312.420654</course><hAcc>4.680411</hAcc><vAcc>3.452288</vAcc></extensions></trkpt>
      <trkpt lon="6.824743" lat="45.573162"><ele>2016.866089</ele><time>2022-01-19T14:20:22Z</time><extensions><speed>0.000000</speed><course>324.884583</course><hAcc>4.666742</hAcc><vAcc>3.470743</vAcc></extensions></trkpt>
      <trkpt lon="6.824664" lat="45.573250"><ele>2018.226440</ele><time>2022-01-19T14:20:34Z</time><extensions><speed>2.463305</speed><course>333.155792</course><hAcc>4.683431</hAcc><vAcc>3.448189</vAcc></extensions></trkpt>
      <trkpt lon="6.824518" lat="45.573346"><ele>2014.853271</ele><time>2022-01-19T14:20:37Z</time><extensions><speed>5.460340</speed><course>309.760864</course><hAcc>4.699317</hAcc><vAcc>3.426509</vAcc></extensions></trkpt>
      <trkpt lon="6.824381" lat="45.573454"><ele>2010.718750</ele><time>2022-01-19T14:20:39Z</time><extensions><speed>7.504316</speed><course>320.001495</course><hAcc>4.673412</hAcc><vAcc>3.461756</vAcc></extensions></trkpt>
      <trkpt lon="6.824435" lat="45.573597"><ele>2007.463745</ele><time>2022-01-19T14:20:41Z</time><extensions><speed>7.555553</speed><course>6.760746</course><hAcc>4.687214</hAcc><vAcc>3.443046</vAcc></extensions></trkpt>
      <trkpt lon="6.824509" lat="45.573770"><ele>2001.711792</ele><time>2022-01-19T14:20:43Z</time><extensions><speed>9.783172</speed><course>10.747235</course><hAcc>4.681988</hAcc><vAcc>3.450149</vAcc></extensions></trkpt>
      <trkpt lon="6.824560" lat="45.573864"><ele>2000.854614</ele><time>2022-01-19T14:20:44Z</time><extensions><speed>10.459439</speed><course>17.779776</course><hAcc>4.692929</hAcc><vAcc>3.435251</vAcc></extensions></trkpt>
      <trkpt lon="6.824623" lat="45.573945"><ele>1998.935547</ele><time>2022-01-19T14:20:45Z</time><extensions><speed>10.524774</speed><course>21.709827</course><hAcc>4.699307</hAcc><vAcc>3.426521</vAcc></extensions></trkpt>
      <trkpt lon="6.824646" lat="45.574038"><ele>1996.184448</ele><time>2022-01-19T14:20:46Z</time><extensions><speed>10.462254</speed><course>14.205144</course><hAcc>4.693706</hAcc><vAcc>3.434191</vAcc></extensions></trkpt>
      <trkpt lon="6.824715" lat="45.574120"><ele>1995.688721</ele><time>2022-01-19T14:20:47Z</time><extensions><speed>10.301782</speed><course>27.228249</course><hAcc>4.705338</hAcc><vAcc>3.418235</vAcc></extensions></trkpt>
      <trkpt lon="6.824784" lat="45.574199"><ele>1991.951172</ele><time>2022-01-19T14:20:48Z</time><extensions><speed>10.608884</speed><course>26.238983</course><hAcc>4.709863</hAcc><vAcc>3.411997</vAcc></extensions></trkpt>
      <trkpt lon="6.824811" lat="45.574295"><ele>1988.916138</ele><time>2022-01-19T14:20:49Z</time><extensions><speed>11.035438</speed><course>15.964851</course><hAcc>4.702093</hAcc><vAcc>3.422698</vAcc></extensions></trkpt>
      <trkpt lon="6.824891" lat="45.574380"><ele>1989.643677</ele><time>2022-01-19T14:20:50Z</time><extensions><speed>10.766434</speed><course>30.022675</course><hAcc>4.712860</hAcc><vAcc>3.407857</vAcc></extensions></trkpt>
      <trkpt lon="6.824958" lat="45.574458"><ele>1987.953247</ele><time>2022-01-19T14:20:51Z</time><extensions><speed>10.757643</speed><course>27.789814</course><hAcc>4.715733</hAcc><vAcc>3.403880</vAcc></extensions></trkpt>
      <trkpt lon="6.825068" lat="45.574627"><ele>1983.963135</ele><time>2022-01-19T14:20:53Z</time><extensions><speed>10.435789</speed><course>30.059570</course><hAcc>4.711694</hAcc><vAcc>3.409469</vAcc></extensions></trkpt>
      <trkpt lon="6.825146" lat="45.574707"><ele>1982.160889</ele><time>2022-01-19T14:20:54Z</time><extensions><speed>10.715704</speed><course>30.061255</course><hAcc>4.709728</hAcc><vAcc>3.412184</vAcc></extensions></trkpt>
      <trkpt lon="6.825192" lat="45.574798"><ele>1981.098877</ele><time>2022-01-19T14:20:55Z</time><extensions><speed>10.691646</speed><course>23.298470</course><hAcc>4.709759</hAcc><vAcc>3.412142</vAcc></extensions></trkpt>
      <trkpt lon="6.825257" lat="45.574880"><ele>1979.733643</ele><time>2022-01-19T14:20:56Z</time><extensions><speed>10.363314</speed><course>30.328756</course><hAcc>4.737236</hAcc><vAcc>3.373889</vAcc></extensions></trkpt>
      <trkpt lon="6.825339" lat="45.574952"><ele>1977.945312</ele><time>2022-01-19T14:20:57Z</time><extensions><speed>10.356565</speed><course>31.655163</course><hAcc>4.754647</hAcc><vAcc>3.349309</vAcc></extensions></trkpt>
      <trkpt lon="6.825429" lat="45.575122"><ele>1975.991699</ele><time>2022-01-19T14:20:59Z</time><extensions><speed>10.141206</speed><course>21.996857</course><hAcc>4.733601</hAcc><vAcc>3.378988</vAcc></extensions></trkpt>
      <trkpt lon="6.825487" lat="45.575205"><ele>1974.708740</ele><time>2022-01-19T14:21:00Z</time><extensions><speed>10.297001</speed><course>25.872574</course><hAcc>4.772288</hAcc><vAcc>3.324125</vAcc></extensions></trkpt>
      <trkpt lon="6.825567" lat="45.575285"><ele>1974.056763</ele><time>2022-01-19T14:21:01Z</time><extensions><speed>10.261892</speed><course>35.272499</course><hAcc>4.802474</hAcc><vAcc>3.280364</vAcc></extensions></trkpt>
      <trkpt lon="6.825772" lat="45.575391"><ele>1970.052246</ele><time>2022-01-19T14:21:03Z</time><extensions><speed>10.240152</speed><course>42.609379</course><hAcc>4.820122</hAcc><vAcc>3.254376</vAcc></extensions></trkpt>
      <trkpt lon="6.825909" lat="45.575531"><ele>1966.758789</ele><time>2022-01-19T14:21:05Z</time><extensions><speed>9.788671</speed><course>34.522652</course><hAcc>4.799514</hAcc><vAcc>3.284692</vAcc></extensions></trkpt>
      <trkpt lon="6.826091" lat="45.575589"><ele>1965.105469</ele><time>2022-01-19T14:21:07Z</time><extensions><speed>7.895930</speed><course>67.901016</course><hAcc>4.788262</hAcc><vAcc>3.301073</vAcc></extensions></trkpt>
      <trkpt lon="6.826286" lat="45.575669"><ele>1959.757812</ele><time>2022-01-19T14:21:09Z</time><extensions><speed>9.281778</speed><course>51.827667</course><hAcc>4.780690</hAcc><vAcc>3.312030</vAcc></extensions></trkpt>
      <trkpt lon="6.826492" lat="45.575774"><ele>1956.269531</ele><time>2022-01-19T14:21:11Z</time><extensions><speed>10.061826</speed><course>51.278160</course><hAcc>4.803375</hAcc><vAcc>3.279043</vAcc></extensions></trkpt>
      <trkpt lon="6.826695" lat="45.575888"><ele>1952.943359</ele><time>2022-01-19T14:21:13Z</time><extensions><speed>10.143275</speed><course>53.905369</course><hAcc>4.792460</hAcc><vAcc>3.294975</vAcc></extensions></trkpt>
      <trkpt lon="6.826781" lat="45.575966"><ele>1951.091064</ele><time>2022-01-19T14:21:14Z</time><extensions><speed>10.596850</speed><course>45.700893</course><hAcc>4.784198</hAcc><vAcc>3.306961</vAcc></extensions></trkpt>
      <trkpt lon="6.826981" lat="45.576063"><ele>1949.461426</ele><time>2022-01-19T14:21:16Z</time><extensions><speed>9.723406</speed><course>56.399212</course><hAcc>4.758051</hAcc><vAcc>3.344471</vAcc></extensions></trkpt>
      <trkpt lon="6.827159" lat="45.576183"><ele>1946.901733</ele><time>2022-01-19T14:21:18Z</time><extensions><speed>9.774426</speed><course>51.714916</course><hAcc>4.818055</hAcc><vAcc>3.257435</vAcc></extensions></trkpt>
      <trkpt lon="6.827346" lat="45.576277"><ele>1943.767334</ele><time>2022-01-19T14:21:20Z</time><extensions><speed>9.161186</speed><course>47.999649</course><hAcc>4.827608</hAcc><vAcc>3.243260</vAcc></extensions></trkpt>
      <trkpt lon="6.827490" lat="45.576384"><ele>1942.731323</ele><time>2022-01-19T14:21:22Z</time><extensions><speed>7.884254</speed><course>59.094143</course><hAcc>4.835407</hAcc><vAcc>3.231621</vAcc></extensions></trkpt>
      <trkpt lon="6.827601" lat="45.576494"><ele>1939.664551</ele><time>2022-01-19T14:21:24Z</time><extensions><speed>7.643434</speed><course>35.242996</course><hAcc>4.823771</hAcc><vAcc>3.248965</vAcc></extensions></trkpt>
      <trkpt lon="6.827773" lat="45.576593"><ele>1937.319946</ele><time>2022-01-19T14:21:26Z</time><extensions><speed>8.346925</speed><course>62.522163</course><hAcc>4.788826</hAcc><vAcc>3.300254</vAcc></extensions></trkpt>
      <trkpt lon="6.827885" lat="45.576746"><ele>1932.190063</ele><time>2022-01-19T14:21:28Z</time><extensions><speed>10.012225</speed><course>27.115959</course><hAcc>4.800672</hAcc><vAcc>3.283000</vAcc></extensions></trkpt>
      <trkpt lon="6.828065" lat="45.576795"><ele>1930.467529</ele><time>2022-01-19T14:21:30Z</time><extensions><speed>6.918191</speed><course>61.650791</course><hAcc>4.755265</hAcc><vAcc>3.348431</vAcc></extensions></trkpt>
      <trkpt lon="6.828174" lat="45.576925"><ele>1927.616455</ele><time>2022-01-19T14:21:32Z</time><extensions><speed>8.581571</speed><course>30.196747</course><hAcc>4.769083</hAcc><vAcc>3.328722</vAcc></extensions></trkpt>
      <trkpt lon="6.828314" lat="45.577037"><ele>1925.989624</ele><time>2022-01-19T14:21:34Z</time><extensions><speed>8.096128</speed><course>47.934147</course><hAcc>4.791389</hAcc><vAcc>3.296534</vAcc></extensions></trkpt>
      <trkpt lon="6.828425" lat="45.577149"><ele>1924.356812</ele><time>2022-01-19T14:21:36Z</time><extensions><speed>7.627285</speed><course>33.240334</course><hAcc>4.839836</hAcc><vAcc>3.224985</vAcc></extensions></trkpt>
      <trkpt lon="6.828561" lat="45.577245"><ele>1923.928467</ele><time>2022-01-19T14:21:38Z</time><extensions><speed>7.095624</speed><course>51.389877</course><hAcc>4.857552</hAcc><vAcc>3.198238</vAcc></extensions></trkpt>
      <trkpt lon="6.828644" lat="45.577387"><ele>1922.353394</ele><time>2022-01-19T14:21:40Z</time><extensions><speed>8.164180</speed><course>22.789577</course><hAcc>4.895544</hAcc><vAcc>3.139776</vAcc></extensions></trkpt>
      <trkpt lon="6.828726" lat="45.577536"><ele>1919.840332</ele><time>2022-01-19T14:21:42Z</time><extensions><speed>8.104156</speed><course>37.166447</course><hAcc>4.880334</hAcc><vAcc>3.163364</vAcc></extensions></trkpt>
      <trkpt lon="6.828840" lat="45.577667"><ele>1916.844849</ele><time>2022-01-19T14:21:44Z</time><extensions><speed>9.139876</speed><course>18.414051</course><hAcc>4.882459</hAcc><vAcc>3.160084</vAcc></extensions></trkpt>
      <trkpt lon="6.829001" lat="45.577747"><ele>1914.147217</ele><time>2022-01-19T14:21:46Z</time><extensions><speed>7.453850</speed><course>48.359070</course><hAcc>4.800147</hAcc><vAcc>3.283767</vAcc></extensions></trkpt>
      <trkpt lon="6.829114" lat="45.577845"><ele>1910.325439</ele><time>2022-01-19T14:21:48Z</time><extensions><speed>8.191150</speed><course>27.125681</course><hAcc>4.776148</hAcc><vAcc>3.318575</vAcc></extensions></trkpt>
      <trkpt lon="6.829255" lat="45.577959"><ele>1907.598389</ele><time>2022-01-19T14:21:50Z</time><extensions><speed>8.636862</speed><course>37.824192</course><hAcc>4.797933</hAcc><vAcc>3.287001</vAcc></extensions></trkpt>
      <trkpt lon="6.829337" lat="45.578107"><ele>1903.789673</ele><time>2022-01-19T14:21:52Z</time><extensions><speed>9.300691</speed><course>21.854059</course><hAcc>4.775573</hAcc><vAcc>3.319403</vAcc></extensions></trkpt>
      <trkpt lon="6.829391" lat="45.578190"><ele>1902.207153</ele><time>2022-01-19T14:21:53Z</time><extensions><speed>9.539496</speed><course>30.355982</course><hAcc>4.772867</hAcc><vAcc>3.323294</vAcc></extensions></trkpt>
      <trkpt lon="6.829564" lat="45.578325"><ele>1898.549683</ele><time>2022-01-19T14:21:55Z</time><extensions><speed>10.185837</speed><course>35.684597</course><hAcc>4.768022</hAcc><vAcc>3.330240</vAcc></extensions></trkpt>
      <trkpt lon="6.829696" lat="45.578467"><ele>1894.030640</ele><time>2022-01-19T14:21:57Z</time><extensions><speed>9.746875</speed><course>35.475868</course><hAcc>4.744958</hAcc><vAcc>3.363021</vAcc></extensions></trkpt>
      <trkpt lon="6.829793" lat="45.578536"><ele>1894.041748</ele><time>2022-01-19T14:21:58Z</time><extensions><speed>10.200808</speed><course>41.145893</course><hAcc>4.766815</hAcc><vAcc>3.331968</vAcc></extensions></trkpt>
      <trkpt lon="6.829905" lat="45.578686"><ele>1890.048340</ele><time>2022-01-19T14:22:00Z</time><extensions><speed>9.746341</speed><course>24.898315</course><hAcc>4.813129</hAcc><vAcc>3.264709</vAcc></extensions></trkpt>
      <trkpt lon="6.830002" lat="45.578754"><ele>1889.905029</ele><time>2022-01-19T14:22:01Z</time><extensions><speed>10.146996</speed><course>39.671577</course><hAcc>4.802862</hAcc><vAcc>3.279795</vAcc></extensions></trkpt>
      <trkpt lon="6.830137" lat="45.578861"><ele>1888.615234</ele><time>2022-01-19T14:22:03Z</time><extensions><speed>8.253631</speed><course>32.143604</course><hAcc>4.836191</hAcc><vAcc>3.230447</vAcc></extensions></trkpt>
      <trkpt lon="6.830205" lat="45.579004"><ele>1886.735596</ele><time>2022-01-19T14:22:05Z</time><extensions><speed>8.474429</speed><course>22.548252</course><hAcc>4.828640</hAcc><vAcc>3.241723</vAcc></extensions></trkpt>
      <trkpt lon="6.830322" lat="45.579144"><ele>1885.098022</ele><time>2022-01-19T14:22:07Z</time><extensions><speed>8.759302</speed><course>33.019817</course><hAcc>4.828756</hAcc><vAcc>3.241551</vAcc></extensions></trkpt>
      <trkpt lon="6.830404" lat="45.579281"><ele>1883.092041</ele><time>2022-01-19T14:22:09Z</time><extensions><speed>8.296798</speed><course>16.486902</course><hAcc>4.891602</hAcc><vAcc>3.145913</vAcc></extensions></trkpt>
      <trkpt lon="6.830460" lat="45.579441"><ele>1879.726807</ele><time>2022-01-19T14:22:11Z</time><extensions><speed>8.775106</speed><course>19.321293</course><hAcc>4.816544</hAcc><vAcc>3.259669</vAcc></extensions></trkpt>
      <trkpt lon="6.830551" lat="45.579552"><ele>1877.664917</ele><time>2022-01-19T14:22:13Z</time><extensions><speed>7.693291</speed><course>24.567146</course><hAcc>4.819893</hAcc><vAcc>3.254714</vAcc></extensions></trkpt>
      <trkpt lon="6.830566" lat="45.579686"><ele>1874.997070</ele><time>2022-01-19T14:22:15Z</time><extensions><speed>8.034442</speed><course>8.612343</course><hAcc>4.806836</hAcc><vAcc>3.273968</vAcc></extensions></trkpt>
      <trkpt lon="6.830699" lat="45.579773"><ele>1872.646851</ele><time>2022-01-19T14:22:17Z</time><extensions><speed>7.202156</speed><course>40.796944</course><hAcc>4.773190</hAcc><vAcc>3.322830</vAcc></extensions></trkpt>
      <trkpt lon="6.830780" lat="45.579899"><ele>1868.974487</ele><time>2022-01-19T14:22:19Z</time><extensions><speed>7.936830</speed><course>20.855484</course><hAcc>4.834961</hAcc><vAcc>3.232288</vAcc></extensions></trkpt>
      <trkpt lon="6.830899" lat="45.580000"><ele>1866.553589</ele><time>2022-01-19T14:22:21Z</time><extensions><speed>7.236221</speed><course>35.108795</course><hAcc>4.884525</hAcc><vAcc>3.156889</vAcc></extensions></trkpt>
      <trkpt lon="6.830929" lat="45.580123"><ele>1863.607422</ele><time>2022-01-19T14:22:23Z</time><extensions><speed>7.062099</speed><course>17.036118</course><hAcc>4.970064</hAcc><vAcc>3.020431</vAcc></extensions></trkpt>
      <trkpt lon="6.831033" lat="45.580217"><ele>1860.199951</ele><time>2022-01-19T14:22:25Z</time><extensions><speed>6.622246</speed><course>40.494987</course><hAcc>4.897491</hAcc><vAcc>3.136737</vAcc></extensions></trkpt>
      <trkpt lon="6.831176" lat="45.580250"><ele>1858.032349</ele><time>2022-01-19T14:22:27Z</time><extensions><speed>6.226411</speed><course>53.364010</course><hAcc>4.843263</hAcc><vAcc>3.219835</vAcc></extensions></trkpt>
      <trkpt lon="6.831211" lat="45.580343"><ele>1854.788452</ele><time>2022-01-19T14:22:29Z</time><extensions><speed>5.795024</speed><course>17.480480</course><hAcc>4.867991</hAcc><vAcc>3.182327</vAcc></extensions></trkpt>
      <trkpt lon="6.831319" lat="45.580392"><ele>1851.479004</ele><time>2022-01-19T14:22:31Z</time><extensions><speed>4.848967</speed><course>52.428005</course><hAcc>4.801394</hAcc><vAcc>3.281943</vAcc></extensions></trkpt>
      <trkpt lon="6.831434" lat="45.580499"><ele>1849.428833</ele><time>2022-01-19T14:22:34Z</time><extensions><speed>5.481208</speed><course>20.501749</course><hAcc>4.784229</hAcc><vAcc>3.306915</vAcc></extensions></trkpt>
      <trkpt lon="6.831496" lat="45.580607"><ele>1846.261963</ele><time>2022-01-19T14:22:36Z</time><extensions><speed>6.562302</speed><course>32.739120</course><hAcc>4.751237</hAcc><vAcc>3.354144</vAcc></extensions></trkpt>
      <trkpt lon="6.831640" lat="45.580675"><ele>1843.982300</ele><time>2022-01-19T14:22:38Z</time><extensions><speed>6.976103</speed><course>45.003246</course><hAcc>4.765803</hAcc><vAcc>3.333415</vAcc></extensions></trkpt>
      <trkpt lon="6.831684" lat="45.580809"><ele>1842.441528</ele><time>2022-01-19T14:22:40Z</time><extensions><speed>7.358973</speed><course>21.515724</course><hAcc>4.761222</hAcc><vAcc>3.339955</vAcc></extensions></trkpt>
      <trkpt lon="6.831816" lat="45.580889"><ele>1839.909546</ele><time>2022-01-19T14:22:42Z</time><extensions><speed>6.931791</speed><course>44.676590</course><hAcc>4.799494</hAcc><vAcc>3.284722</vAcc></extensions></trkpt>
      <trkpt lon="6.831903" lat="45.580999"><ele>1839.060059</ele><time>2022-01-19T14:22:44Z</time><extensions><speed>6.878834</speed><course>27.801077</course><hAcc>4.795700</hAcc><vAcc>3.290258</vAcc></extensions></trkpt>
      <trkpt lon="6.831991" lat="45.581097"><ele>1837.373901</ele><time>2022-01-19T14:22:46Z</time><extensions><speed>6.153279</speed><course>39.452297</course><hAcc>4.772098</hAcc><vAcc>3.324397</vAcc></extensions></trkpt>
      <trkpt lon="6.832057" lat="45.581197"><ele>1835.866211</ele><time>2022-01-19T14:22:48Z</time><extensions><speed>6.185043</speed><course>17.344265</course><hAcc>4.738863</hAcc><vAcc>3.371604</vAcc></extensions></trkpt>
      <trkpt lon="6.832103" lat="45.581283"><ele>1834.500000</ele><time>2022-01-19T14:22:50Z</time><extensions><speed>5.809957</speed><course>15.804433</course><hAcc>4.710221</hAcc><vAcc>3.411503</vAcc></extensions></trkpt>
      <trkpt lon="6.832113" lat="45.581391"><ele>1832.911987</ele><time>2022-01-19T14:22:52Z</time><extensions><speed>6.466491</speed><course>6.076401</course><hAcc>4.698431</hAcc><vAcc>3.427723</vAcc></extensions></trkpt>
      <trkpt lon="6.832128" lat="45.581523"><ele>1831.825439</ele><time>2022-01-19T14:22:54Z</time><extensions><speed>7.431199</speed><course>5.987549</course><hAcc>4.702210</hAcc><vAcc>3.422537</vAcc></extensions></trkpt>
      <trkpt lon="6.832204" lat="45.581649"><ele>1830.793823</ele><time>2022-01-19T14:22:56Z</time><extensions><speed>7.646577</speed><course>22.287037</course><hAcc>4.715618</hAcc><vAcc>3.404040</vAcc></extensions></trkpt>
      <trkpt lon="6.832212" lat="45.581775"><ele>1829.781128</ele><time>2022-01-19T14:22:58Z</time><extensions><speed>6.973281</speed><course>3.922728</course><hAcc>4.713721</hAcc><vAcc>3.406666</vAcc></extensions></trkpt>
      <trkpt lon="6.832262" lat="45.581879"><ele>1828.673218</ele><time>2022-01-19T14:23:00Z</time><extensions><speed>6.121136</speed><course>21.896614</course><hAcc>4.709783</hAcc><vAcc>3.412108</vAcc></extensions></trkpt>
      <trkpt lon="6.832317" lat="45.581961"><ele>1825.893677</ele><time>2022-01-19T14:23:02Z</time><extensions><speed>5.210267</speed><course>19.054243</course><hAcc>4.710462</hAcc><vAcc>3.411170</vAcc></extensions></trkpt>
      <trkpt lon="6.832358" lat="45.582092"><ele>1825.580078</ele><time>2022-01-19T14:23:04Z</time><extensions><speed>6.777153</speed><course>13.853272</course><hAcc>4.693320</hAcc><vAcc>3.434718</vAcc></extensions></trkpt>
      <trkpt lon="6.832405" lat="45.582201"><ele>1825.193848</ele><time>2022-01-19T14:23:06Z</time><extensions><speed>6.333657</speed><course>20.045973</course><hAcc>4.697196</hAcc><vAcc>3.429415</vAcc></extensions></trkpt>
      <trkpt lon="6.832498" lat="45.582268"><ele>1825.477539</ele><time>2022-01-19T14:23:08Z</time><extensions><speed>5.228245</speed><course>39.815666</course><hAcc>4.707385</hAcc><vAcc>3.415415</vAcc></extensions></trkpt>
      <trkpt lon="6.832622" lat="45.582356"><ele>1824.336304</ele><time>2022-01-19T14:23:11Z</time><extensions><speed>4.031533</speed><course>38.944618</course><hAcc>4.709159</hAcc><vAcc>3.412969</vAcc></extensions></trkpt>
      <trkpt lon="6.832674" lat="45.582446"><ele>1824.880615</ele><time>2022-01-19T14:23:15Z</time><extensions><speed>2.510057</speed><course>15.406861</course><hAcc>4.704579</hAcc><vAcc>3.419280</vAcc></extensions></trkpt>
      <trkpt lon="6.832769" lat="45.582508"><ele>1825.031372</ele><time>2022-01-19T14:23:35Z</time><extensions><speed>0.629769</speed><course>104.983025</course><hAcc>4.729621</hAcc><vAcc>3.384557</vAcc></extensions></trkpt>
      <trkpt lon="6.832814" lat="45.582421"><ele>1824.186890</ele><time>2022-01-19T14:23:46Z</time><extensions><speed>0.989259</speed><course>187.944260</course><hAcc>4.671960</hAcc><vAcc>3.463715</vAcc></extensions></trkpt>
      <trkpt lon="6.832796" lat="45.582329"><ele>1827.534302</ele><time>2022-01-19T14:24:58Z</time><extensions><speed>0.944885</speed><course>194.409027</course><hAcc>4.676670</hAcc><vAcc>3.457354</vAcc></extensions></trkpt>
      <trkpt lon="6.832819" lat="45.582239"><ele>1827.265015</ele><time>2022-01-19T14:25:15Z</time><extensions><speed>0.654004</speed><course>195.656937</course><hAcc>4.675031</hAcc><vAcc>3.459569</vAcc></extensions></trkpt>
      <trkpt lon="6.832852" lat="45.582114"><ele>1823.208130</ele><time>2022-01-19T14:25:31Z</time><extensions><speed>2.511955</speed><course>187.610382</course><hAcc>4.909926</hAcc><vAcc>3.117237</vAcc></extensions></trkpt>
      <trkpt lon="6.832772" lat="45.581997"><ele>1824.374756</ele><time>2022-01-19T14:25:34Z</time><extensions><speed>2.929156</speed><course>198.456039</course><hAcc>4.755613</hAcc><vAcc>3.347937</vAcc></extensions></trkpt>
      <trkpt lon="6.832706" lat="45.581881"><ele>1827.591797</ele><time>2022-01-19T14:25:36Z</time><extensions><speed>4.863907</speed><course>190.085983</course><hAcc>4.671059</hAcc><vAcc>3.464931</vAcc></extensions></trkpt>
      <trkpt lon="6.832625" lat="45.581804"><ele>1829.296143</ele><time>2022-01-19T14:25:38Z</time><extensions><speed>5.077888</speed><course>201.121399</course><hAcc>4.652694</hAcc><vAcc>3.489552</vAcc></extensions></trkpt>
      <trkpt lon="6.832562" lat="45.581689"><ele>1832.948608</ele><time>2022-01-19T14:25:41Z</time><extensions><speed>4.888599</speed><course>199.817429</course><hAcc>4.660717</hAcc><vAcc>3.478830</vAcc></extensions></trkpt>
      <trkpt lon="6.832525" lat="45.581602"><ele>1835.659912</ele><time>2022-01-19T14:25:43Z</time><extensions><speed>5.035588</speed><course>194.610977</course><hAcc>4.662880</hAcc><vAcc>3.475929</vAcc></extensions></trkpt>
      <trkpt lon="6.832468" lat="45.581491"><ele>1839.238525</ele><time>2022-01-19T14:25:46Z</time><extensions><speed>4.828859</speed><course>196.879471</course><hAcc>4.666739</hAcc><vAcc>3.470746</vAcc></extensions></trkpt>
      <trkpt lon="6.832377" lat="45.581384"><ele>1841.210938</ele><time>2022-01-19T14:25:49Z</time><extensions><speed>5.056094</speed><course>214.571228</course><hAcc>4.663488</hAcc><vAcc>3.475114</vAcc></extensions></trkpt>
      <trkpt lon="6.832339" lat="45.581251"><ele>1841.350098</ele><time>2022-01-19T14:25:52Z</time><extensions><speed>5.110251</speed><course>197.631531</course><hAcc>4.662018</hAcc><vAcc>3.477086</vAcc></extensions></trkpt>
      <trkpt lon="6.832285" lat="45.581127"><ele>1841.648682</ele><time>2022-01-19T14:25:55Z</time><extensions><speed>4.936504</speed><course>195.624741</course><hAcc>4.669311</hAcc><vAcc>3.467286</vAcc></extensions></trkpt>
      <trkpt lon="6.832229" lat="45.581005"><ele>1843.228394</ele><time>2022-01-19T14:25:58Z</time><extensions><speed>4.913923</speed><course>195.286072</course><hAcc>4.673558</hAcc><vAcc>3.461560</vAcc></extensions></trkpt>
      <trkpt lon="6.832174" lat="45.580878"><ele>1845.315186</ele><time>2022-01-19T14:26:01Z</time><extensions><speed>4.909258</speed><course>198.670731</course><hAcc>4.674524</hAcc><vAcc>3.460254</vAcc></extensions></trkpt>
      <trkpt lon="6.832120" lat="45.580751"><ele>1847.430908</ele><time>2022-01-19T14:26:04Z</time><extensions><speed>5.016845</speed><course>200.011475</course><hAcc>4.673429</hAcc><vAcc>3.461734</vAcc></extensions></trkpt>
      <trkpt lon="6.832073" lat="45.580620"><ele>1850.198120</ele><time>2022-01-19T14:26:07Z</time><extensions><speed>5.055810</speed><course>194.939758</course><hAcc>4.680321</hAcc><vAcc>3.452410</vAcc></extensions></trkpt>
      <trkpt lon="6.832018" lat="45.580505"><ele>1854.714111</ele><time>2022-01-19T14:26:10Z</time><extensions><speed>4.580714</speed><course>195.010742</course><hAcc>4.685349</hAcc><vAcc>3.445584</vAcc></extensions></trkpt>
      <trkpt lon="6.831966" lat="45.580389"><ele>1860.916382</ele><time>2022-01-19T14:26:13Z</time><extensions><speed>4.775937</speed><course>196.608124</course><hAcc>4.685694</hAcc><vAcc>3.445114</vAcc></extensions></trkpt>
      <trkpt lon="6.831912" lat="45.580280"><ele>1867.322021</ele><time>2022-01-19T14:26:16Z</time><extensions><speed>4.655533</speed><course>201.406891</course><hAcc>4.677937</hAcc><vAcc>3.455640</vAcc></extensions></trkpt>
      <trkpt lon="6.831873" lat="45.580170"><ele>1874.633423</ele><time>2022-01-19T14:26:19Z</time><extensions><speed>4.758388</speed><course>196.251923</course><hAcc>4.668581</hAcc><vAcc>3.468270</vAcc></extensions></trkpt>
      <trkpt lon="6.831823" lat="45.580055"><ele>1881.847168</ele><time>2022-01-19T14:26:22Z</time><extensions><speed>4.850231</speed><course>195.002411</course><hAcc>4.657040</hAcc><vAcc>3.483750</vAcc></extensions></trkpt>
      <trkpt lon="6.831767" lat="45.579942"><ele>1890.480103</ele><time>2022-01-19T14:26:25Z</time><extensions><speed>4.972724</speed><course>199.363495</course><hAcc>4.652230</hAcc><vAcc>3.490171</vAcc></extensions></trkpt>
      <trkpt lon="6.831724" lat="45.579834"><ele>1898.379150</ele><time>2022-01-19T14:26:28Z</time><extensions><speed>4.959182</speed><course>199.105270</course><hAcc>4.640203</hAcc><vAcc>3.506145</vAcc></extensions></trkpt>
      <trkpt lon="6.831685" lat="45.579731"><ele>1906.048340</ele><time>2022-01-19T14:26:31Z</time><extensions><speed>4.874884</speed><course>194.986694</course><hAcc>4.630712</hAcc><vAcc>3.518670</vAcc></extensions></trkpt>
      <trkpt lon="6.831641" lat="45.579623"><ele>1914.360596</ele><time>2022-01-19T14:26:34Z</time><extensions><speed>4.925939</speed><course>193.391205</course><hAcc>4.629291</hAcc><vAcc>3.520540</vAcc></extensions></trkpt>
      <trkpt lon="6.831580" lat="45.579518"><ele>1918.618042</ele><time>2022-01-19T14:26:37Z</time><extensions><speed>4.881314</speed><course>201.999237</course><hAcc>4.643806</hAcc><vAcc>3.501372</vAcc></extensions></trkpt>
      <trkpt lon="6.831553" lat="45.579420"><ele>1920.964966</ele><time>2022-01-19T14:26:39Z</time><extensions><speed>5.225379</speed><course>197.672577</course><hAcc>4.655141</hAcc><vAcc>3.486287</vAcc></extensions></trkpt>
      <trkpt lon="6.831511" lat="45.579294"><ele>1925.693726</ele><time>2022-01-19T14:26:42Z</time><extensions><speed>5.280114</speed><course>193.682724</course><hAcc>4.665756</hAcc><vAcc>3.472068</vAcc></extensions></trkpt>
      <trkpt lon="6.831456" lat="45.579175"><ele>1930.476929</ele><time>2022-01-19T14:26:45Z</time><extensions><speed>4.970815</speed><course>196.653900</course><hAcc>4.676689</hAcc><vAcc>3.457328</vAcc></extensions></trkpt>
      <trkpt lon="6.831428" lat="45.579087"><ele>1935.149414</ele><time>2022-01-19T14:26:47Z</time><extensions><speed>5.380490</speed><course>194.204819</course><hAcc>4.678200</hAcc><vAcc>3.455283</vAcc></extensions></trkpt>
      <trkpt lon="6.831379" lat="45.578975"><ele>1938.036377</ele><time>2022-01-19T14:26:50Z</time><extensions><speed>4.689459</speed><course>195.441986</course><hAcc>4.688303</hAcc><vAcc>3.441563</vAcc></extensions></trkpt>
      <trkpt lon="6.831325" lat="45.578856"><ele>1942.255615</ele><time>2022-01-19T14:26:53Z</time><extensions><speed>4.828699</speed><course>195.310349</course><hAcc>4.691880</hAcc><vAcc>3.436684</vAcc></extensions></trkpt>
      <trkpt lon="6.831268" lat="45.578739"><ele>1947.116211</ele><time>2022-01-19T14:26:56Z</time><extensions><speed>4.758278</speed><course>199.689804</course><hAcc>4.694035</hAcc><vAcc>3.433740</vAcc></extensions></trkpt>
      <trkpt lon="6.831234" lat="45.578648"><ele>1947.419312</ele><time>2022-01-19T14:26:58Z</time><extensions><speed>5.160889</speed><course>197.428192</course><hAcc>4.696641</hAcc><vAcc>3.430174</vAcc></extensions></trkpt>
      <trkpt lon="6.831184" lat="45.578523"><ele>1948.692017</ele><time>2022-01-19T14:27:01Z</time><extensions><speed>4.905519</speed><course>194.931564</course><hAcc>4.704648</hAcc><vAcc>3.419185</vAcc></extensions></trkpt>
      <trkpt lon="6.831124" lat="45.578402"><ele>1950.384766</ele><time>2022-01-19T14:27:04Z</time><extensions><speed>4.767363</speed><course>196.680725</course><hAcc>4.709034</hAcc><vAcc>3.413141</vAcc></extensions></trkpt>
      <trkpt lon="6.831069" lat="45.578276"><ele>1953.495850</ele><time>2022-01-19T14:27:07Z</time><extensions><speed>4.855264</speed><course>198.581100</course><hAcc>4.708682</hAcc><vAcc>3.413628</vAcc></extensions></trkpt>
      <trkpt lon="6.831038" lat="45.578187"><ele>1954.957764</ele><time>2022-01-19T14:27:09Z</time><extensions><speed>5.024919</speed><course>195.235703</course><hAcc>4.708949</hAcc><vAcc>3.413260</vAcc></extensions></trkpt>
      <trkpt lon="6.830984" lat="45.578066"><ele>1957.673828</ele><time>2022-01-19T14:27:12Z</time><extensions><speed>4.824095</speed><course>195.647461</course><hAcc>4.708283</hAcc><vAcc>3.414178</vAcc></extensions></trkpt>
      <trkpt lon="6.830927" lat="45.577953"><ele>1960.366577</ele><time>2022-01-19T14:27:15Z</time><extensions><speed>4.634114</speed><course>199.252640</course><hAcc>4.705257</hAcc><vAcc>3.418346</vAcc></extensions></trkpt>
      <trkpt lon="6.830894" lat="45.577863"><ele>1962.906372</ele><time>2022-01-19T14:27:17Z</time><extensions><speed>4.996829</speed><course>197.642731</course><hAcc>4.696889</hAcc><vAcc>3.429836</vAcc></extensions></trkpt>
      <trkpt lon="6.830860" lat="45.577775"><ele>1965.057373</ele><time>2022-01-19T14:27:19Z</time><extensions><speed>4.986351</speed><course>196.840057</course><hAcc>4.697030</hAcc><vAcc>3.429642</vAcc></extensions></trkpt>
      <trkpt lon="6.830829" lat="45.577685"><ele>1968.283691</ele><time>2022-01-19T14:27:21Z</time><extensions><speed>4.835269</speed><course>199.179596</course><hAcc>4.693362</hAcc><vAcc>3.434660</vAcc></extensions></trkpt>
      <trkpt lon="6.830796" lat="45.577595"><ele>1971.519897</ele><time>2022-01-19T14:27:23Z</time><extensions><speed>4.720376</speed><course>197.817795</course><hAcc>4.698100</hAcc><vAcc>3.428176</vAcc></extensions></trkpt>
      <trkpt lon="6.830766" lat="45.577505"><ele>1974.694092</ele><time>2022-01-19T14:27:25Z</time><extensions><speed>4.742674</speed><course>200.279587</course><hAcc>4.696471</hAcc><vAcc>3.430408</vAcc></extensions></trkpt>
      <trkpt lon="6.830718" lat="45.577375"><ele>1978.376953</ele><time>2022-01-19T14:27:28Z</time><extensions><speed>4.741290</speed><course>198.223480</course><hAcc>4.697959</hAcc><vAcc>3.428369</vAcc></extensions></trkpt>
      <trkpt lon="6.830632" lat="45.577249"><ele>1982.222534</ele><time>2022-01-19T14:27:31Z</time><extensions><speed>5.228671</speed><course>211.907227</course><hAcc>4.694208</hAcc><vAcc>3.433504</vAcc></extensions></trkpt>
      <trkpt lon="6.830600" lat="45.577127"><ele>1984.931152</ele><time>2022-01-19T14:27:34Z</time><extensions><speed>4.567726</speed><course>194.364670</course><hAcc>4.690560</hAcc><vAcc>3.438485</vAcc></extensions></trkpt>
      <trkpt lon="6.830541" lat="45.577003"><ele>1989.277222</ele><time>2022-01-19T14:27:37Z</time><extensions><speed>4.864090</speed><course>196.617874</course><hAcc>4.682721</hAcc><vAcc>3.449154</vAcc></extensions></trkpt>
      <trkpt lon="6.830490" lat="45.576883"><ele>1992.293945</ele><time>2022-01-19T14:27:40Z</time><extensions><speed>4.737556</speed><course>198.119751</course><hAcc>4.677016</hAcc><vAcc>3.456885</vAcc></extensions></trkpt>
      <trkpt lon="6.830440" lat="45.576759"><ele>1996.945312</ele><time>2022-01-19T14:27:43Z</time><extensions><speed>4.934471</speed><course>197.040009</course><hAcc>4.673090</hAcc><vAcc>3.462192</vAcc></extensions></trkpt>
      <trkpt lon="6.830390" lat="45.576638"><ele>2000.495605</ele><time>2022-01-19T14:27:46Z</time><extensions><speed>4.755016</speed><course>195.824738</course><hAcc>4.673411</hAcc><vAcc>3.461757</vAcc></extensions></trkpt>
      <trkpt lon="6.830339" lat="45.576522"><ele>2003.380981</ele><time>2022-01-19T14:27:49Z</time><extensions><speed>4.745369</speed><course>195.878052</course><hAcc>4.678495</hAcc><vAcc>3.454883</vAcc></extensions></trkpt>
      <trkpt lon="6.830283" lat="45.576398"><ele>2004.322021</ele><time>2022-01-19T14:27:52Z</time><extensions><speed>5.126110</speed><course>198.035492</course><hAcc>4.675383</hAcc><vAcc>3.459094</vAcc></extensions></trkpt>
      <trkpt lon="6.830226" lat="45.576269"><ele>2005.723267</ele><time>2022-01-19T14:27:55Z</time><extensions><speed>5.116888</speed><course>197.866806</course><hAcc>4.676095</hAcc><vAcc>3.458132</vAcc></extensions></trkpt>
      <trkpt lon="6.830173" lat="45.576148"><ele>2007.569580</ele><time>2022-01-19T14:27:58Z</time><extensions><speed>4.849690</speed><course>197.191147</course><hAcc>4.679532</hAcc><vAcc>3.453479</vAcc></extensions></trkpt>
      <trkpt lon="6.830119" lat="45.576022"><ele>2009.603027</ele><time>2022-01-19T14:28:01Z</time><extensions><speed>4.829285</speed><course>195.264984</course><hAcc>4.680008</hAcc><vAcc>3.452834</vAcc></extensions></trkpt>
      <trkpt lon="6.830074" lat="45.575935"><ele>2011.218140</ele><time>2022-01-19T14:28:03Z</time><extensions><speed>4.972238</speed><course>198.445099</course><hAcc>4.682568</hAcc><vAcc>3.449361</vAcc></extensions></trkpt>
      <trkpt lon="6.830021" lat="45.575810"><ele>2013.638428</ele><time>2022-01-19T14:28:06Z</time><extensions><speed>4.936542</speed><course>198.203751</course><hAcc>4.683757</hAcc><vAcc>3.447746</vAcc></extensions></trkpt>
      <trkpt lon="6.829973" lat="45.575687"><ele>2015.745361</ele><time>2022-01-19T14:28:09Z</time><extensions><speed>4.791332</speed><course>195.368164</course><hAcc>4.686049</hAcc><vAcc>3.444630</vAcc></extensions></trkpt>
      <trkpt lon="6.829915" lat="45.575565"><ele>2018.124023</ele><time>2022-01-19T14:28:12Z</time><extensions><speed>4.944704</speed><course>196.273834</course><hAcc>4.688859</hAcc><vAcc>3.440805</vAcc></extensions></trkpt>
      <trkpt lon="6.829860" lat="45.575441"><ele>2020.463501</ele><time>2022-01-19T14:28:15Z</time><extensions><speed>4.834344</speed><course>198.565979</course><hAcc>4.689168</hAcc><vAcc>3.440384</vAcc></extensions></trkpt>
      <trkpt lon="6.829812" lat="45.575323"><ele>2022.781860</ele><time>2022-01-19T14:28:18Z</time><extensions><speed>4.570193</speed><course>196.762466</course><hAcc>4.692753</hAcc><vAcc>3.435493</vAcc></extensions></trkpt>
      <trkpt lon="6.829772" lat="45.575233"><ele>2021.731689</ele><time>2022-01-19T14:28:20Z</time><extensions><speed>5.072333</speed><course>195.799164</course><hAcc>4.694977</hAcc><vAcc>3.432452</vAcc></extensions></trkpt>
      <trkpt lon="6.829715" lat="45.575111"><ele>2021.482178</ele><time>2022-01-19T14:28:23Z</time><extensions><speed>5.023104</speed><course>197.038483</course><hAcc>4.692612</hAcc><vAcc>3.435685</vAcc></extensions></trkpt>
      <trkpt lon="6.829659" lat="45.574988"><ele>2021.365479</ele><time>2022-01-19T14:28:26Z</time><extensions><speed>4.932954</speed><course>197.667282</course><hAcc>4.687871</hAcc><vAcc>3.442150</vAcc></extensions></trkpt>
      <trkpt lon="6.829603" lat="45.574862"><ele>2022.074097</ele><time>2022-01-19T14:28:29Z</time><extensions><speed>4.900381</speed><course>196.716690</course><hAcc>4.683978</hAcc><vAcc>3.447446</vAcc></extensions></trkpt>
      <trkpt lon="6.829548" lat="45.574735"><ele>2022.666138</ele><time>2022-01-19T14:28:32Z</time><extensions><speed>4.745862</speed><course>196.661575</course><hAcc>4.684213</hAcc><vAcc>3.447128</vAcc></extensions></trkpt>
      <trkpt lon="6.829510" lat="45.574646"><ele>2023.593872</ele><time>2022-01-19T14:28:34Z</time><extensions><speed>4.971375</speed><course>197.148163</course><hAcc>4.684610</hAcc><vAcc>3.446588</vAcc></extensions></trkpt>
      <trkpt lon="6.829455" lat="45.574520"><ele>2024.509277</ele><time>2022-01-19T14:28:37Z</time><extensions><speed>4.920190</speed><course>196.786362</course><hAcc>4.690042</hAcc><vAcc>3.439191</vAcc></extensions></trkpt>
      <trkpt lon="6.829399" lat="45.574393"><ele>2025.483398</ele><time>2022-01-19T14:28:40Z</time><extensions><speed>4.878318</speed><course>196.644028</course><hAcc>4.690209</hAcc><vAcc>3.438964</vAcc></extensions></trkpt>
      <trkpt lon="6.829343" lat="45.574270"><ele>2027.078735</ele><time>2022-01-19T14:28:43Z</time><extensions><speed>4.883744</speed><course>196.949875</course><hAcc>4.690878</hAcc><vAcc>3.438051</vAcc></extensions></trkpt>
      <trkpt lon="6.829288" lat="45.574147"><ele>2027.532837</ele><time>2022-01-19T14:28:46Z</time><extensions><speed>4.727169</speed><course>198.525177</course><hAcc>4.693247</hAcc><vAcc>3.434817</vAcc></extensions></trkpt>
      <trkpt lon="6.829254" lat="45.574055"><ele>2028.067627</ele><time>2022-01-19T14:28:48Z</time><extensions><speed>4.933014</speed><course>196.270279</course><hAcc>4.694317</hAcc><vAcc>3.433355</vAcc></extensions></trkpt>
      <trkpt lon="6.829215" lat="45.573968"><ele>2028.785645</ele><time>2022-01-19T14:28:50Z</time><extensions><speed>4.973975</speed><course>197.021027</course><hAcc>4.693997</hAcc><vAcc>3.433792</vAcc></extensions></trkpt>
      <trkpt lon="6.829161" lat="45.573842"><ele>2029.855103</ele><time>2022-01-19T14:28:53Z</time><extensions><speed>4.827073</speed><course>197.626480</course><hAcc>4.697540</hAcc><vAcc>3.428944</vAcc></extensions></trkpt>
      <trkpt lon="6.829109" lat="45.573711"><ele>2031.562500</ele><time>2022-01-19T14:28:56Z</time><extensions><speed>5.095888</speed><course>195.739655</course><hAcc>4.699936</hAcc><vAcc>3.425658</vAcc></extensions></trkpt>
      <trkpt lon="6.829054" lat="45.573584"><ele>2032.945068</ele><time>2022-01-19T14:28:59Z</time><extensions><speed>4.908487</speed><course>195.757736</course><hAcc>4.697250</hAcc><vAcc>3.429341</vAcc></extensions></trkpt>
      <trkpt lon="6.828997" lat="45.573458"><ele>2034.003662</ele><time>2022-01-19T14:29:02Z</time><extensions><speed>4.894375</speed><course>197.246170</course><hAcc>4.699196</hAcc><vAcc>3.426673</vAcc></extensions></trkpt>
      <trkpt lon="6.828963" lat="45.573370"><ele>2035.350586</ele><time>2022-01-19T14:29:04Z</time><extensions><speed>4.854727</speed><course>196.602234</course><hAcc>4.700495</hAcc><vAcc>3.424892</vAcc></extensions></trkpt>
      <trkpt lon="6.828912" lat="45.573247"><ele>2037.315430</ele><time>2022-01-19T14:29:07Z</time><extensions><speed>4.802307</speed><course>195.973801</course><hAcc>4.702406</hAcc><vAcc>3.422267</vAcc></extensions></trkpt>
      <trkpt lon="6.828855" lat="45.573119"><ele>2039.935669</ele><time>2022-01-19T14:29:10Z</time><extensions><speed>4.982964</speed><course>197.300293</course><hAcc>4.697629</hAcc><vAcc>3.428822</vAcc></extensions></trkpt>
      <trkpt lon="6.828800" lat="45.572992"><ele>2042.713013</ele><time>2022-01-19T14:29:13Z</time><extensions><speed>4.890419</speed><course>197.243134</course><hAcc>4.697793</hAcc><vAcc>3.428597</vAcc></extensions></trkpt>
      <trkpt lon="6.828748" lat="45.572870"><ele>2044.908813</ele><time>2022-01-19T14:29:16Z</time><extensions><speed>4.860098</speed><course>196.877167</course><hAcc>4.699492</hAcc><vAcc>3.426267</vAcc></extensions></trkpt>
      <trkpt lon="6.828696" lat="45.572743"><ele>2047.319214</ele><time>2022-01-19T14:29:19Z</time><extensions><speed>4.958415</speed><course>196.679199</course><hAcc>4.703174</hAcc><vAcc>3.421212</vAcc></extensions></trkpt>
      <trkpt lon="6.828642" lat="45.572617"><ele>2047.757080</ele><time>2022-01-19T14:29:22Z</time><extensions><speed>5.087799</speed><course>196.234360</course><hAcc>4.701558</hAcc><vAcc>3.423433</vAcc></extensions></trkpt>
      <trkpt lon="6.828589" lat="45.572492"><ele>2048.337402</ele><time>2022-01-19T14:29:25Z</time><extensions><speed>4.882640</speed><course>196.817429</course><hAcc>4.703816</hAcc><vAcc>3.420329</vAcc></extensions></trkpt>
      <trkpt lon="6.828535" lat="45.572369"><ele>2049.421387</ele><time>2022-01-19T14:29:28Z</time><extensions><speed>4.823382</speed><course>197.328522</course><hAcc>4.701441</hAcc><vAcc>3.423593</vAcc></extensions></trkpt>
      <trkpt lon="6.828501" lat="45.572282"><ele>2050.568604</ele><time>2022-01-19T14:29:30Z</time><extensions><speed>4.970728</speed><course>196.181976</course><hAcc>4.703538</hAcc><vAcc>3.420711</vAcc></extensions></trkpt>
      <trkpt lon="6.828444" lat="45.572157"><ele>2051.659180</ele><time>2022-01-19T14:29:33Z</time><extensions><speed>4.919372</speed><course>197.079178</course><hAcc>4.703982</hAcc><vAcc>3.420101</vAcc></extensions></trkpt>
      <trkpt lon="6.828390" lat="45.572028"><ele>2053.520996</ele><time>2022-01-19T14:29:36Z</time><extensions><speed>4.900423</speed><course>197.427185</course><hAcc>4.705334</hAcc><vAcc>3.418241</vAcc></extensions></trkpt>
      <trkpt lon="6.828341" lat="45.571903"><ele>2055.368164</ele><time>2022-01-19T14:29:39Z</time><extensions><speed>4.871395</speed><course>196.421188</course><hAcc>4.707181</hAcc><vAcc>3.415698</vAcc></extensions></trkpt>
      <trkpt lon="6.828287" lat="45.571775"><ele>2057.291016</ele><time>2022-01-19T14:29:42Z</time><extensions><speed>4.918340</speed><course>196.033554</course><hAcc>4.707994</hAcc><vAcc>3.414575</vAcc></extensions></trkpt>
      <trkpt lon="6.828229" lat="45.571647"><ele>2059.911621</ele><time>2022-01-19T14:29:45Z</time><extensions><speed>5.016999</speed><course>197.652283</course><hAcc>4.704512</hAcc><vAcc>3.419373</vAcc></extensions></trkpt>
      <trkpt lon="6.828177" lat="45.571524"><ele>2062.566895</ele><time>2022-01-19T14:29:48Z</time><extensions><speed>4.862825</speed><course>198.243805</course><hAcc>4.704314</hAcc><vAcc>3.419644</vAcc></extensions></trkpt>
      <trkpt lon="6.828119" lat="45.571401"><ele>2065.637695</ele><time>2022-01-19T14:29:51Z</time><extensions><speed>4.990474</speed><course>199.970459</course><hAcc>4.707261</hAcc><vAcc>3.415587</vAcc></extensions></trkpt>
      <trkpt lon="6.828072" lat="45.571281"><ele>2069.749268</ele><time>2022-01-19T14:29:54Z</time><extensions><speed>4.884263</speed><course>195.653229</course><hAcc>4.709002</hAcc><vAcc>3.413186</vAcc></extensions></trkpt>
      <trkpt lon="6.828017" lat="45.571159"><ele>2073.585449</ele><time>2022-01-19T14:29:57Z</time><extensions><speed>4.862142</speed><course>195.995651</course><hAcc>4.711693</hAcc><vAcc>3.409470</vAcc></extensions></trkpt>
      <trkpt lon="6.827962" lat="45.571039"><ele>2078.273926</ele><time>2022-01-19T14:30:00Z</time><extensions><speed>4.838014</speed><course>198.053619</course><hAcc>4.711227</hAcc><vAcc>3.410114</vAcc></extensions></trkpt>
      <trkpt lon="6.827912" lat="45.570919"><ele>2082.794922</ele><time>2022-01-19T14:30:03Z</time><extensions><speed>4.936801</speed><course>197.663788</course><hAcc>4.708543</hAcc><vAcc>3.413819</vAcc></extensions></trkpt>
      <trkpt lon="6.827861" lat="45.570797"><ele>2087.341064</ele><time>2022-01-19T14:30:06Z</time><extensions><speed>4.925618</speed><course>195.972229</course><hAcc>4.710539</hAcc><vAcc>3.411064</vAcc></extensions></trkpt>
      <trkpt lon="6.827807" lat="45.570678"><ele>2092.585205</ele><time>2022-01-19T14:30:09Z</time><extensions><speed>4.847492</speed><course>196.163162</course><hAcc>4.713070</hAcc><vAcc>3.407566</vAcc></extensions></trkpt>
      <trkpt lon="6.827752" lat="45.570564"><ele>2096.914062</ele><time>2022-01-19T14:30:12Z</time><extensions><speed>4.842292</speed><course>197.218307</course><hAcc>4.713319</hAcc><vAcc>3.407221</vAcc></extensions></trkpt>
      <trkpt lon="6.827695" lat="45.570438"><ele>2099.195557</ele><time>2022-01-19T14:30:15Z</time><extensions><speed>5.186484</speed><course>198.729553</course><hAcc>4.713172</hAcc><vAcc>3.407425</vAcc></extensions></trkpt>
      <trkpt lon="6.827643" lat="45.570313"><ele>2101.509766</ele><time>2022-01-19T14:30:18Z</time><extensions><speed>5.017594</speed><course>197.383545</course><hAcc>4.714930</hAcc><vAcc>3.404993</vAcc></extensions></trkpt>
      <trkpt lon="6.827589" lat="45.570187"><ele>2104.568604</ele><time>2022-01-19T14:30:21Z</time><extensions><speed>4.879176</speed><course>196.377731</course><hAcc>4.716152</hAcc><vAcc>3.403300</vAcc></extensions></trkpt>
      <trkpt lon="6.827538" lat="45.570062"><ele>2107.660400</ele><time>2022-01-19T14:30:24Z</time><extensions><speed>4.840380</speed><course>195.852158</course><hAcc>4.717209</hAcc><vAcc>3.401834</vAcc></extensions></trkpt>
      <trkpt lon="6.827484" lat="45.569936"><ele>2111.030518</ele><time>2022-01-19T14:30:27Z</time><extensions><speed>4.929739</speed><course>196.692490</course><hAcc>4.717568</hAcc><vAcc>3.401336</vAcc></extensions></trkpt>
      <trkpt lon="6.827430" lat="45.569809"><ele>2114.720947</ele><time>2022-01-19T14:30:30Z</time><extensions><speed>4.949609</speed><course>197.621475</course><hAcc>4.719694</hAcc><vAcc>3.398386</vAcc></extensions></trkpt>
      <trkpt lon="6.827378" lat="45.569688"><ele>2118.433350</ele><time>2022-01-19T14:30:33Z</time><extensions><speed>4.883356</speed><course>197.015411</course><hAcc>4.720984</hAcc><vAcc>3.396595</vAcc></extensions></trkpt>
      <trkpt lon="6.827341" lat="45.569601"><ele>2120.954590</ele><time>2022-01-19T14:30:35Z</time><extensions><speed>4.990200</speed><course>196.649887</course><hAcc>4.719591</hAcc><vAcc>3.398529</vAcc></extensions></trkpt>
      <trkpt lon="6.827287" lat="45.569477"><ele>2124.895020</ele><time>2022-01-19T14:30:38Z</time><extensions><speed>4.955561</speed><course>196.920654</course><hAcc>4.717298</hAcc><vAcc>3.401711</vAcc></extensions></trkpt>
      <trkpt lon="6.827232" lat="45.569349"><ele>2126.377441</ele><time>2022-01-19T14:30:41Z</time><extensions><speed>5.128343</speed><course>197.399246</course><hAcc>4.719006</hAcc><vAcc>3.399341</vAcc></extensions></trkpt>
      <trkpt lon="6.827177" lat="45.569224"><ele>2128.225098</ele><time>2022-01-19T14:30:44Z</time><extensions><speed>4.952468</speed><course>197.586746</course><hAcc>4.719869</hAcc><vAcc>3.398143</vAcc></extensions></trkpt>
      <trkpt lon="6.827124" lat="45.569097"><ele>2130.322510</ele><time>2022-01-19T14:30:47Z</time><extensions><speed>5.016031</speed><course>196.063156</course><hAcc>4.719608</hAcc><vAcc>3.398505</vAcc></extensions></trkpt>
      <trkpt lon="6.827069" lat="45.568971"><ele>2132.716797</ele><time>2022-01-19T14:30:50Z</time><extensions><speed>4.921298</speed><course>196.311554</course><hAcc>4.720489</hAcc><vAcc>3.397281</vAcc></extensions></trkpt>
      <trkpt lon="6.827011" lat="45.568845"><ele>2135.479736</ele><time>2022-01-19T14:30:53Z</time><extensions><speed>4.843671</speed><course>198.074936</course><hAcc>4.720622</hAcc><vAcc>3.397097</vAcc></extensions></trkpt>
      <trkpt lon="6.826962" lat="45.568720"><ele>2137.797607</ele><time>2022-01-19T14:30:56Z</time><extensions><speed>4.978994</speed><course>196.443817</course><hAcc>4.721077</hAcc><vAcc>3.396464</vAcc></extensions></trkpt>
      <trkpt lon="6.826909" lat="45.568595"><ele>2140.074707</ele><time>2022-01-19T14:30:59Z</time><extensions><speed>4.980157</speed><course>196.103714</course><hAcc>4.721106</hAcc><vAcc>3.396424</vAcc></extensions></trkpt>
      <trkpt lon="6.826853" lat="45.568469"><ele>2143.397461</ele><time>2022-01-19T14:31:02Z</time><extensions><speed>5.084170</speed><course>197.546402</course><hAcc>4.718917</hAcc><vAcc>3.399464</vAcc></extensions></trkpt>
      <trkpt lon="6.826804" lat="45.568348"><ele>2146.314697</ele><time>2022-01-19T14:31:05Z</time><extensions><speed>4.815630</speed><course>196.315918</course><hAcc>4.718490</hAcc><vAcc>3.400058</vAcc></extensions></trkpt>
      <trkpt lon="6.826750" lat="45.568222"><ele>2149.586670</ele><time>2022-01-19T14:31:08Z</time><extensions><speed>5.006508</speed><course>196.213577</course><hAcc>4.718594</hAcc><vAcc>3.399913</vAcc></extensions></trkpt>
      <trkpt lon="6.826698" lat="45.568099"><ele>2152.163574</ele><time>2022-01-19T14:31:11Z</time><extensions><speed>4.868704</speed><course>197.451752</course><hAcc>4.716743</hAcc><vAcc>3.402481</vAcc></extensions></trkpt>
      <trkpt lon="6.826649" lat="45.567975"><ele>2155.507568</ele><time>2022-01-19T14:31:14Z</time><extensions><speed>4.857326</speed><course>196.883530</course><hAcc>4.716711</hAcc><vAcc>3.402525</vAcc></extensions></trkpt>
      <trkpt lon="6.826598" lat="45.567854"><ele>2159.101562</ele><time>2022-01-19T14:31:17Z</time><extensions><speed>4.783708</speed><course>196.656570</course><hAcc>4.716487</hAcc><vAcc>3.402835</vAcc></extensions></trkpt>
      <trkpt lon="6.826542" lat="45.567728"><ele>2162.597900</ele><time>2022-01-19T14:31:20Z</time><extensions><speed>5.000816</speed><course>196.933762</course><hAcc>4.715768</hAcc><vAcc>3.403831</vAcc></extensions></trkpt>
      <trkpt lon="6.826490" lat="45.567604"><ele>2166.620850</ele><time>2022-01-19T14:31:23Z</time><extensions><speed>4.990228</speed><course>196.638718</course><hAcc>4.715797</hAcc><vAcc>3.403791</vAcc></extensions></trkpt>
      <trkpt lon="6.826437" lat="45.567482"><ele>2170.318359</ele><time>2022-01-19T14:31:26Z</time><extensions><speed>4.868436</speed><course>196.913086</course><hAcc>4.719491</hAcc><vAcc>3.398668</vAcc></extensions></trkpt>
      <trkpt lon="6.826385" lat="45.567361"><ele>2174.278320</ele><time>2022-01-19T14:31:29Z</time><extensions><speed>4.887637</speed><course>196.877762</course><hAcc>4.721197</hAcc><vAcc>3.396298</vAcc></extensions></trkpt>
      <trkpt lon="6.826332" lat="45.567234"><ele>2179.032959</ele><time>2022-01-19T14:31:32Z</time><extensions><speed>4.954706</speed><course>196.307526</course><hAcc>4.722253</hAcc><vAcc>3.394828</vAcc></extensions></trkpt>
      <trkpt lon="6.826278" lat="45.567114"><ele>2181.651855</ele><time>2022-01-19T14:31:35Z</time><extensions><speed>4.919035</speed><course>198.153000</course><hAcc>4.721280</hAcc><vAcc>3.396182</vAcc></extensions></trkpt>
      <trkpt lon="6.826240" lat="45.567025"><ele>2181.448242</ele><time>2022-01-19T14:31:37Z</time><extensions><speed>5.080664</speed><course>197.357239</course><hAcc>4.721962</hAcc><vAcc>3.395233</vAcc></extensions></trkpt>
      <trkpt lon="6.826185" lat="45.566900"><ele>2181.901611</ele><time>2022-01-19T14:31:40Z</time><extensions><speed>5.071410</speed><course>196.614059</course><hAcc>4.722287</hAcc><vAcc>3.394782</vAcc></extensions></trkpt>
      <trkpt lon="6.826131" lat="45.566774"><ele>2182.752197</ele><time>2022-01-19T14:31:43Z</time><extensions><speed>4.932745</speed><course>196.532211</course><hAcc>4.723233</hAcc><vAcc>3.393466</vAcc></extensions></trkpt>
      <trkpt lon="6.826093" lat="45.566688"><ele>2183.584229</ele><time>2022-01-19T14:31:45Z</time><extensions><speed>4.952791</speed><course>197.030380</course><hAcc>4.723506</hAcc><vAcc>3.393085</vAcc></extensions></trkpt>
      <trkpt lon="6.826039" lat="45.566563"><ele>2184.215576</ele><time>2022-01-19T14:31:48Z</time><extensions><speed>4.886470</speed><course>196.785431</course><hAcc>4.724194</hAcc><vAcc>3.392128</vAcc></extensions></trkpt>
      <trkpt lon="6.825984" lat="45.566434"><ele>2185.405762</ele><time>2022-01-19T14:31:51Z</time><extensions><speed>4.934441</speed><course>196.629868</course><hAcc>4.724979</hAcc><vAcc>3.391034</vAcc></extensions></trkpt>
      <trkpt lon="6.825930" lat="45.566306"><ele>2187.047607</ele><time>2022-01-19T14:31:54Z</time><extensions><speed>4.923100</speed><course>196.748825</course><hAcc>4.724966</hAcc><vAcc>3.391052</vAcc></extensions></trkpt>
      <trkpt lon="6.825871" lat="45.566184"><ele>2188.457520</ele><time>2022-01-19T14:31:57Z</time><extensions><speed>4.754065</speed><course>200.217010</course><hAcc>4.724965</hAcc><vAcc>3.391054</vAcc></extensions></trkpt>
      <trkpt lon="6.825822" lat="45.566056"><ele>2187.306152</ele><time>2022-01-19T14:32:00Z</time><extensions><speed>4.881757</speed><course>196.639404</course><hAcc>4.724738</hAcc><vAcc>3.391370</vAcc></extensions></trkpt>
      <trkpt lon="6.825767" lat="45.565928"><ele>2186.800293</ele><time>2022-01-19T14:32:03Z</time><extensions><speed>4.990791</speed><course>196.825653</course><hAcc>4.722095</hAcc><vAcc>3.395049</vAcc></extensions></trkpt>
      <trkpt lon="6.825712" lat="45.565802"><ele>2186.074219</ele><time>2022-01-19T14:32:06Z</time><extensions><speed>4.985033</speed><course>197.046280</course><hAcc>4.721265</hAcc><vAcc>3.396202</vAcc></extensions></trkpt>
      <trkpt lon="6.825659" lat="45.565675"><ele>2185.828369</ele><time>2022-01-19T14:32:09Z</time><extensions><speed>4.951330</speed><course>197.161774</course><hAcc>4.718388</hAcc><vAcc>3.400199</vAcc></extensions></trkpt>
      <trkpt lon="6.825607" lat="45.565549"><ele>2185.915527</ele><time>2022-01-19T14:32:12Z</time><extensions><speed>4.927443</speed><course>195.958664</course><hAcc>4.718846</hAcc><vAcc>3.399563</vAcc></extensions></trkpt>
      <trkpt lon="6.825549" lat="45.565421"><ele>2185.867920</ele><time>2022-01-19T14:32:15Z</time><extensions><speed>4.936138</speed><course>196.704865</course><hAcc>4.720804</hAcc><vAcc>3.396844</vAcc></extensions></trkpt>
      <trkpt lon="6.825493" lat="45.565293"><ele>2185.691406</ele><time>2022-01-19T14:32:18Z</time><extensions><speed>4.985123</speed><course>197.523621</course><hAcc>4.721637</hAcc><vAcc>3.395685</vAcc></extensions></trkpt>
      <trkpt lon="6.825438" lat="45.565167"><ele>2186.016602</ele><time>2022-01-19T14:32:21Z</time><extensions><speed>4.885298</speed><course>196.897339</course><hAcc>4.722451</hAcc><vAcc>3.394554</vAcc></extensions></trkpt>
      <trkpt lon="6.825385" lat="45.565039"><ele>2186.390137</ele><time>2022-01-19T14:32:24Z</time><extensions><speed>4.968971</speed><course>196.401413</course><hAcc>4.722769</hAcc><vAcc>3.394111</vAcc></extensions></trkpt>
      <trkpt lon="6.825331" lat="45.564911"><ele>2186.986816</ele><time>2022-01-19T14:32:27Z</time><extensions><speed>4.940938</speed><course>196.808533</course><hAcc>4.723410</hAcc><vAcc>3.393219</vAcc></extensions></trkpt>
      <trkpt lon="6.825295" lat="45.564824"><ele>2187.570801</ele><time>2022-01-19T14:32:29Z</time><extensions><speed>4.974192</speed><course>196.822464</course><hAcc>4.723522</hAcc><vAcc>3.393064</vAcc></extensions></trkpt>
      <trkpt lon="6.825238" lat="45.564702"><ele>2187.804199</ele><time>2022-01-19T14:32:32Z</time><extensions><speed>4.829332</speed><course>197.776642</course><hAcc>4.722730</hAcc><vAcc>3.394165</vAcc></extensions></trkpt>
      <trkpt lon="6.825184" lat="45.564574"><ele>2188.177979</ele><time>2022-01-19T14:32:35Z</time><extensions><speed>4.927206</speed><course>196.786240</course><hAcc>4.722552</hAcc><vAcc>3.394413</vAcc></extensions></trkpt>
      <trkpt lon="6.825128" lat="45.564446"><ele>2189.108887</ele><time>2022-01-19T14:32:38Z</time><extensions><speed>4.929474</speed><course>197.093765</course><hAcc>4.723795</hAcc><vAcc>3.392683</vAcc></extensions></trkpt>
      <trkpt lon="6.825093" lat="45.564359"><ele>2189.874756</ele><time>2022-01-19T14:32:40Z</time><extensions><speed>4.982639</speed><course>196.477722</course><hAcc>4.724082</hAcc><vAcc>3.392284</vAcc></extensions></trkpt>
      <trkpt lon="6.825042" lat="45.564233"><ele>2191.212891</ele><time>2022-01-19T14:32:43Z</time><extensions><speed>4.900075</speed><course>196.521225</course><hAcc>4.723264</hAcc><vAcc>3.393422</vAcc></extensions></trkpt>
      <trkpt lon="6.824988" lat="45.564108"><ele>2192.053223</ele><time>2022-01-19T14:32:46Z</time><extensions><speed>4.916209</speed><course>196.619156</course><hAcc>4.720351</hAcc><vAcc>3.397473</vAcc></extensions></trkpt>
      <trkpt lon="6.824936" lat="45.563981"><ele>2193.335938</ele><time>2022-01-19T14:32:49Z</time><extensions><speed>4.844859</speed><course>196.700592</course><hAcc>4.720971</hAcc><vAcc>3.396611</vAcc></extensions></trkpt>
      <trkpt lon="6.824900" lat="45.563894"><ele>2194.301270</ele><time>2022-01-19T14:32:51Z</time><extensions><speed>4.981383</speed><course>196.370743</course><hAcc>4.721672</hAcc><vAcc>3.395637</vAcc></extensions></trkpt>
      <trkpt lon="6.824845" lat="45.563768"><ele>2195.806152</ele><time>2022-01-19T14:32:54Z</time><extensions><speed>4.856685</speed><course>196.707626</course><hAcc>4.723308</hAcc><vAcc>3.393361</vAcc></extensions></trkpt>
      <trkpt lon="6.824792" lat="45.563642"><ele>2197.719727</ele><time>2022-01-19T14:32:57Z</time><extensions><speed>4.941231</speed><course>196.857605</course><hAcc>4.722237</hAcc><vAcc>3.394852</vAcc></extensions></trkpt>
      <trkpt lon="6.824737" lat="45.563515"><ele>2198.906006</ele><time>2022-01-19T14:33:00Z</time><extensions><speed>4.860551</speed><course>197.554459</course><hAcc>4.721761</hAcc><vAcc>3.395513</vAcc></extensions></trkpt>
      <trkpt lon="6.824701" lat="45.563428"><ele>2198.500488</ele><time>2022-01-19T14:33:02Z</time><extensions><speed>4.959663</speed><course>196.275391</course><hAcc>4.721383</hAcc><vAcc>3.396039</vAcc></extensions></trkpt>
      <trkpt lon="6.824646" lat="45.563302"><ele>2198.731689</ele><time>2022-01-19T14:33:05Z</time><extensions><speed>4.899046</speed><course>196.758606</course><hAcc>4.722188</hAcc><vAcc>3.394918</vAcc></extensions></trkpt>
      <trkpt lon="6.824590" lat="45.563175"><ele>2199.104980</ele><time>2022-01-19T14:33:08Z</time><extensions><speed>5.017639</speed><course>197.648468</course><hAcc>4.718801</hAcc><vAcc>3.399625</vAcc></extensions></trkpt>
      <trkpt lon="6.824538" lat="45.563050"><ele>2199.437500</ele><time>2022-01-19T14:33:11Z</time><extensions><speed>4.945756</speed><course>196.540558</course><hAcc>4.716160</hAcc><vAcc>3.403288</vAcc></extensions></trkpt>
      <trkpt lon="6.824483" lat="45.562923"><ele>2200.000244</ele><time>2022-01-19T14:33:14Z</time><extensions><speed>4.905869</speed><course>196.017578</course><hAcc>4.716742</hAcc><vAcc>3.402482</vAcc></extensions></trkpt>
      <trkpt lon="6.824424" lat="45.562799"><ele>2200.975098</ele><time>2022-01-19T14:33:17Z</time><extensions><speed>4.844850</speed><course>197.403931</course><hAcc>4.720559</hAcc><vAcc>3.397184</vAcc></extensions></trkpt>
      <trkpt lon="6.824369" lat="45.562672"><ele>2202.105713</ele><time>2022-01-19T14:33:20Z</time><extensions><speed>4.947227</speed><course>197.492874</course><hAcc>4.721926</hAcc><vAcc>3.395284</vAcc></extensions></trkpt>
      <trkpt lon="6.824314" lat="45.562545"><ele>2203.605225</ele><time>2022-01-19T14:33:23Z</time><extensions><speed>4.941873</speed><course>196.737854</course><hAcc>4.723481</hAcc><vAcc>3.393121</vAcc></extensions></trkpt>
      <trkpt lon="6.824260" lat="45.562417"><ele>2205.030273</ele><time>2022-01-19T14:33:26Z</time><extensions><speed>4.920195</speed><course>196.131226</course><hAcc>4.724302</hAcc><vAcc>3.391977</vAcc></extensions></trkpt>
      <trkpt lon="6.824204" lat="45.562290"><ele>2206.939941</ele><time>2022-01-19T14:33:29Z</time><extensions><speed>4.919604</speed><course>196.859650</course><hAcc>4.724583</hAcc><vAcc>3.391586</vAcc></extensions></trkpt>
      <trkpt lon="6.824152" lat="45.562164"><ele>2208.381348</ele><time>2022-01-19T14:33:32Z</time><extensions><speed>4.819789</speed><course>196.632065</course><hAcc>4.723942</hAcc><vAcc>3.392478</vAcc></extensions></trkpt>
      <trkpt lon="6.824114" lat="45.562077"><ele>2209.638916</ele><time>2022-01-19T14:33:34Z</time><extensions><speed>4.948696</speed><course>196.378006</course><hAcc>4.723629</hAcc><vAcc>3.392914</vAcc></extensions></trkpt>
      <trkpt lon="6.824060" lat="45.561951"><ele>2212.098389</ele><time>2022-01-19T14:33:37Z</time><extensions><speed>4.878800</speed><course>196.354736</course><hAcc>4.723688</hAcc><vAcc>3.392832</vAcc></extensions></trkpt>
      <trkpt lon="6.824006" lat="45.561826"><ele>2214.969971</ele><time>2022-01-19T14:33:40Z</time><extensions><speed>4.869628</speed><course>197.204437</course><hAcc>4.724058</hAcc><vAcc>3.392317</vAcc></extensions></trkpt>
      <trkpt lon="6.823951" lat="45.561699"><ele>2217.420410</ele><time>2022-01-19T14:33:43Z</time><extensions><speed>4.947680</speed><course>197.347153</course><hAcc>4.723542</hAcc><vAcc>3.393035</vAcc></extensions></trkpt>
      <trkpt lon="6.823896" lat="45.561574"><ele>2220.190674</ele><time>2022-01-19T14:33:46Z</time><extensions><speed>4.932805</speed><course>196.711182</course><hAcc>4.723608</hAcc><vAcc>3.392944</vAcc></extensions></trkpt>
      <trkpt lon="6.823841" lat="45.561449"><ele>2223.226562</ele><time>2022-01-19T14:33:49Z</time><extensions><speed>4.862166</speed><course>196.475266</course><hAcc>4.723683</hAcc><vAcc>3.392838</vAcc></extensions></trkpt>
      <trkpt lon="6.823787" lat="45.561323"><ele>2226.161377</ele><time>2022-01-19T14:33:52Z</time><extensions><speed>4.921366</speed><course>196.908417</course><hAcc>4.723642</hAcc><vAcc>3.392895</vAcc></extensions></trkpt>
      <trkpt lon="6.823733" lat="45.561197"><ele>2229.783936</ele><time>2022-01-19T14:33:55Z</time><extensions><speed>4.944919</speed><course>197.328690</course><hAcc>4.723042</hAcc><vAcc>3.393731</vAcc></extensions></trkpt>
      <trkpt lon="6.823680" lat="45.561072"><ele>2233.105469</ele><time>2022-01-19T14:33:58Z</time><extensions><speed>4.903261</speed><course>196.704636</course><hAcc>4.723395</hAcc><vAcc>3.393240</vAcc></extensions></trkpt>
      <trkpt lon="6.823625" lat="45.560950"><ele>2235.809082</ele><time>2022-01-19T14:34:01Z</time><extensions><speed>4.842420</speed><course>197.984314</course><hAcc>4.723086</hAcc><vAcc>3.393669</vAcc></extensions></trkpt>
      <trkpt lon="6.823589" lat="45.560861"><ele>2236.785889</ele><time>2022-01-19T14:34:03Z</time><extensions><speed>5.014096</speed><course>196.802979</course><hAcc>4.722744</hAcc><vAcc>3.394145</vAcc></extensions></trkpt>
      <trkpt lon="6.823537" lat="45.560735"><ele>2239.145996</ele><time>2022-01-19T14:34:06Z</time><extensions><speed>4.968057</speed><course>196.897156</course><hAcc>4.719013</hAcc><vAcc>3.399332</vAcc></extensions></trkpt>
      <trkpt lon="6.823484" lat="45.560610"><ele>2241.425293</ele><time>2022-01-19T14:34:09Z</time><extensions><speed>4.907733</speed><course>196.599945</course><hAcc>4.718142</hAcc><vAcc>3.400541</vAcc></extensions></trkpt>
      <trkpt lon="6.823429" lat="45.560485"><ele>2244.487793</ele><time>2022-01-19T14:34:12Z</time><extensions><speed>5.002810</speed><course>197.619263</course><hAcc>4.714613</hAcc><vAcc>3.405431</vAcc></extensions></trkpt>
      <trkpt lon="6.823378" lat="45.560360"><ele>2246.687988</ele><time>2022-01-19T14:34:15Z</time><extensions><speed>4.906946</speed><course>197.086823</course><hAcc>4.714952</hAcc><vAcc>3.404962</vAcc></extensions></trkpt>
      <trkpt lon="6.823328" lat="45.560234"><ele>2249.367676</ele><time>2022-01-19T14:34:18Z</time><extensions><speed>4.947338</speed><course>196.493134</course><hAcc>4.715852</hAcc><vAcc>3.403715</vAcc></extensions></trkpt>
      <trkpt lon="6.823276" lat="45.560108"><ele>2252.467285</ele><time>2022-01-19T14:34:21Z</time><extensions><speed>4.859920</speed><course>196.314011</course><hAcc>4.717804</hAcc><vAcc>3.401009</vAcc></extensions></trkpt>
      <trkpt lon="6.823223" lat="45.559985"><ele>2255.498291</ele><time>2022-01-19T14:34:24Z</time><extensions><speed>4.883043</speed><course>197.036942</course><hAcc>4.719601</hAcc><vAcc>3.398516</vAcc></extensions></trkpt>
      <trkpt lon="6.823172" lat="45.559862"><ele>2258.226318</ele><time>2022-01-19T14:34:27Z</time><extensions><speed>4.873185</speed><course>197.381927</course><hAcc>4.720330</hAcc><vAcc>3.397502</vAcc></extensions></trkpt>
      <trkpt lon="6.823119" lat="45.559736"><ele>2261.733398</ele><time>2022-01-19T14:34:30Z</time><extensions><speed>4.951351</speed><course>196.694382</course><hAcc>4.720319</hAcc><vAcc>3.397517</vAcc></extensions></trkpt>
      <trkpt lon="6.823067" lat="45.559615"><ele>2264.943359</ele><time>2022-01-19T14:34:33Z</time><extensions><speed>4.865293</speed><course>196.199188</course><hAcc>4.720789</hAcc><vAcc>3.396864</vAcc></extensions></trkpt>
      <trkpt lon="6.823010" lat="45.559486"><ele>2265.969727</ele><time>2022-01-19T14:34:36Z</time><extensions><speed>5.048545</speed><course>196.816925</course><hAcc>4.720939</hAcc><vAcc>3.396656</vAcc></extensions></trkpt>
      <trkpt lon="6.822956" lat="45.559360"><ele>2267.510010</ele><time>2022-01-19T14:34:39Z</time><extensions><speed>4.960021</speed><course>197.214676</course><hAcc>4.718882</hAcc><vAcc>3.399513</vAcc></extensions></trkpt>
      <trkpt lon="6.822901" lat="45.559234"><ele>2269.238281</ele><time>2022-01-19T14:34:42Z</time><extensions><speed>4.938325</speed><course>197.137238</course><hAcc>4.719031</hAcc><vAcc>3.399306</vAcc></extensions></trkpt>
      <trkpt lon="6.822847" lat="45.559109"><ele>2271.279053</ele><time>2022-01-19T14:34:45Z</time><extensions><speed>4.902564</speed><course>196.837769</course><hAcc>4.718034</hAcc><vAcc>3.400690</vAcc></extensions></trkpt>
      <trkpt lon="6.822792" lat="45.558983"><ele>2273.286865</ele><time>2022-01-19T14:34:48Z</time><extensions><speed>4.921144</speed><course>196.614395</course><hAcc>4.719261</hAcc><vAcc>3.398987</vAcc></extensions></trkpt>
      <trkpt lon="6.822734" lat="45.558856"><ele>2275.678223</ele><time>2022-01-19T14:34:51Z</time><extensions><speed>4.958798</speed><course>197.091568</course><hAcc>4.720101</hAcc><vAcc>3.397820</vAcc></extensions></trkpt>
      <trkpt lon="6.822679" lat="45.558730"><ele>2278.405518</ele><time>2022-01-19T14:34:54Z</time><extensions><speed>4.966730</speed><course>196.964569</course><hAcc>4.715980</hAcc><vAcc>3.403538</vAcc></extensions></trkpt>
      <trkpt lon="6.822625" lat="45.558604"><ele>2281.445801</ele><time>2022-01-19T14:34:57Z</time><extensions><speed>4.951335</speed><course>197.018280</course><hAcc>4.709094</hAcc><vAcc>3.413059</vAcc></extensions></trkpt>
      <trkpt lon="6.822573" lat="45.558480"><ele>2283.820557</ele><time>2022-01-19T14:35:00Z</time><extensions><speed>4.927207</speed><course>196.924118</course><hAcc>4.713893</hAcc><vAcc>3.406427</vAcc></extensions></trkpt>
      <trkpt lon="6.822521" lat="45.558358"><ele>2286.321045</ele><time>2022-01-19T14:35:03Z</time><extensions><speed>4.919985</speed><course>196.776611</course><hAcc>4.713539</hAcc><vAcc>3.406918</vAcc></extensions></trkpt>
      <trkpt lon="6.822467" lat="45.558235"><ele>2289.241211</ele><time>2022-01-19T14:35:06Z</time><extensions><speed>4.906587</speed><course>196.888992</course><hAcc>4.712873</hAcc><vAcc>3.407840</vAcc></extensions></trkpt>
      <trkpt lon="6.822411" lat="45.558113"><ele>2292.849121</ele><time>2022-01-19T14:35:09Z</time><extensions><speed>4.845526</speed><course>199.424942</course><hAcc>4.710197</hAcc><vAcc>3.411536</vAcc></extensions></trkpt>
      <trkpt lon="6.822376" lat="45.558027"><ele>2292.713379</ele><time>2022-01-19T14:35:11Z</time><extensions><speed>4.986049</speed><course>197.484909</course><hAcc>4.709813</hAcc><vAcc>3.412066</vAcc></extensions></trkpt>
      <trkpt lon="6.822325" lat="45.557942"><ele>2294.017822</ele><time>2022-01-19T14:35:13Z</time><extensions><speed>5.148500</speed><course>204.220139</course><hAcc>4.706638</hAcc><vAcc>3.416445</vAcc></extensions></trkpt>
      <trkpt lon="6.822288" lat="45.557854"><ele>2294.348389</ele><time>2022-01-19T14:35:20Z</time><extensions><speed>1.140986</speed><course>204.394913</course><hAcc>4.662255</hAcc><vAcc>3.476768</vAcc></extensions></trkpt>
      <trkpt lon="6.822263" lat="45.557765"><ele>2293.210449</ele><time>2022-01-19T14:35:26Z</time><extensions><speed>2.419400</speed><course>203.101624</course><hAcc>4.666038</hAcc><vAcc>3.471690</vAcc></extensions></trkpt>
      <trkpt lon="6.822175" lat="45.557696"><ele>2294.424072</ele><time>2022-01-19T14:35:32Z</time><extensions><speed>1.723184</speed><course>225.199249</course><hAcc>4.692625</hAcc><vAcc>3.435668</vAcc></extensions></trkpt>
      <trkpt lon="6.822104" lat="45.557616"><ele>2293.662109</ele><time>2022-01-19T14:36:31Z</time><extensions><speed>2.096648</speed><course>213.061066</course><hAcc>4.718640</hAcc><vAcc>3.399849</vAcc></extensions></trkpt>
      <trkpt lon="6.821963" lat="45.557553"><ele>2292.072021</ele><time>2022-01-19T14:36:35Z</time><extensions><speed>3.456742</speed><course>243.971954</course><hAcc>4.721926</hAcc><vAcc>3.395284</vAcc></extensions></trkpt>
      <trkpt lon="6.821761" lat="45.557511"><ele>2289.226074</ele><time>2022-01-19T14:36:38Z</time><extensions><speed>5.804718</speed><course>255.295700</course><hAcc>4.723252</hAcc><vAcc>3.393440</vAcc></extensions></trkpt>
      <trkpt lon="6.821548" lat="45.557512"><ele>2284.388916</ele><time>2022-01-19T14:36:40Z</time><extensions><speed>7.851302</speed><course>272.548340</course><hAcc>4.723893</hAcc><vAcc>3.392547</vAcc></extensions></trkpt>
      <trkpt lon="6.821395" lat="45.557607"><ele>2280.442383</ele><time>2022-01-19T14:36:42Z</time><extensions><speed>7.758158</speed><course>304.033752</course><hAcc>4.726329</hAcc><vAcc>3.389153</vAcc></extensions></trkpt>
      <trkpt lon="6.821177" lat="45.557693"><ele>2277.482666</ele><time>2022-01-19T14:36:44Z</time><extensions><speed>9.413593</speed><course>302.033173</course><hAcc>4.726068</hAcc><vAcc>3.389516</vAcc></extensions></trkpt>
      <trkpt lon="6.821107" lat="45.557838"><ele>2274.594482</ele><time>2022-01-19T14:36:46Z</time><extensions><speed>8.391627</speed><course>337.043030</course><hAcc>4.728261</hAcc><vAcc>3.386457</vAcc></extensions></trkpt>
      <trkpt lon="6.820992" lat="45.557952"><ele>2271.423584</ele><time>2022-01-19T14:36:48Z</time><extensions><speed>7.942873</speed><course>323.211243</course><hAcc>4.726239</hAcc><vAcc>3.389277</vAcc></extensions></trkpt>
      <trkpt lon="6.820940" lat="45.558089"><ele>2270.271240</ele><time>2022-01-19T14:36:50Z</time><extensions><speed>7.746914</speed><course>348.990936</course><hAcc>4.728805</hAcc><vAcc>3.385696</vAcc></extensions></trkpt>
      <trkpt lon="6.820967" lat="45.558218"><ele>2269.337158</ele><time>2022-01-19T14:36:52Z</time><extensions><speed>7.290564</speed><course>3.844509</course><hAcc>4.730779</hAcc><vAcc>3.382938</vAcc></extensions></trkpt>
      <trkpt lon="6.820918" lat="45.558340"><ele>2267.739746</ele><time>2022-01-19T14:36:54Z</time><extensions><speed>7.231639</speed><course>342.253113</course><hAcc>4.729378</hAcc><vAcc>3.384896</vAcc></extensions></trkpt>
      <trkpt lon="6.820898" lat="45.558460"><ele>2265.925537</ele><time>2022-01-19T14:36:56Z</time><extensions><speed>6.783315</speed><course>351.955658</course><hAcc>4.730274</hAcc><vAcc>3.383644</vAcc></extensions></trkpt>
      <trkpt lon="6.820843" lat="45.558559"><ele>2265.080078</ele><time>2022-01-19T14:36:58Z</time><extensions><speed>5.795288</speed><course>350.605652</course><hAcc>4.730482</hAcc><vAcc>3.383353</vAcc></extensions></trkpt>
      <trkpt lon="6.820893" lat="45.558672"><ele>2263.257568</ele><time>2022-01-19T14:37:00Z</time><extensions><speed>6.653036</speed><course>15.469310</course><hAcc>4.729818</hAcc><vAcc>3.384281</vAcc></extensions></trkpt>
      <trkpt lon="6.820971" lat="45.558791"><ele>2262.166504</ele><time>2022-01-19T14:37:02Z</time><extensions><speed>7.408023</speed><course>22.939644</course><hAcc>4.730031</hAcc><vAcc>3.383983</vAcc></extensions></trkpt>
      <trkpt lon="6.821007" lat="45.558918"><ele>2259.992432</ele><time>2022-01-19T14:37:04Z</time><extensions><speed>7.190382</speed><course>2.503097</course><hAcc>4.730079</hAcc><vAcc>3.383917</vAcc></extensions></trkpt>
      <trkpt lon="6.820985" lat="45.559032"><ele>2259.185791</ele><time>2022-01-19T14:37:06Z</time><extensions><speed>6.531013</speed><course>358.180939</course><hAcc>4.728626</hAcc><vAcc>3.385946</vAcc></extensions></trkpt>
      <trkpt lon="6.821057" lat="45.559128"><ele>2258.202637</ele><time>2022-01-19T14:37:08Z</time><extensions><speed>5.753025</speed><course>29.094500</course><hAcc>4.730083</hAcc><vAcc>3.383910</vAcc></extensions></trkpt>
      <trkpt lon="6.821036" lat="45.559218"><ele>2256.852295</ele><time>2022-01-19T14:37:17Z</time><extensions><speed>0.000000</speed><course>352.400787</course><hAcc>4.730848</hAcc><vAcc>3.382841</vAcc></extensions></trkpt>
      <trkpt lon="6.820881" lat="45.559237"><ele>2251.961914</ele><time>2022-01-19T14:37:38Z</time><extensions><speed>0.000000</speed><course>352.400665</course><hAcc>4.723233</hAcc><vAcc>3.393466</vAcc></extensions></trkpt>
      <trkpt lon="6.820780" lat="45.559297"><ele>2251.570801</ele><time>2022-01-19T14:37:47Z</time><extensions><speed>0.000000</speed><course>293.402100</course><hAcc>4.725521</hAcc><vAcc>3.390278</vAcc></extensions></trkpt>
      <trkpt lon="6.820792" lat="45.559388"><ele>2250.968994</ele><time>2022-01-19T14:38:00Z</time><extensions><speed>1.593710</speed><course>21.861044</course><hAcc>4.718665</hAcc><vAcc>3.399815</vAcc></extensions></trkpt>
      <trkpt lon="6.820804" lat="45.559498"><ele>2250.302490</ele><time>2022-01-19T14:38:05Z</time><extensions><speed>2.686392</speed><course>353.151611</course><hAcc>4.724036</hAcc><vAcc>3.392347</vAcc></extensions></trkpt>
      <trkpt lon="6.820777" lat="45.559598"><ele>2249.002930</ele><time>2022-01-19T14:38:08Z</time><extensions><speed>3.888142</speed><course>346.545868</course><hAcc>4.725625</hAcc><vAcc>3.390134</vAcc></extensions></trkpt>
      <trkpt lon="6.820714" lat="45.559677"><ele>2247.926514</ele><time>2022-01-19T14:38:10Z</time><extensions><speed>4.831011</speed><course>332.848419</course><hAcc>4.725490</hAcc><vAcc>3.390322</vAcc></extensions></trkpt>
      <trkpt lon="6.820669" lat="45.559768"><ele>2247.210938</ele><time>2022-01-19T14:38:12Z</time><extensions><speed>5.285090</speed><course>343.184418</course><hAcc>4.727202</hAcc><vAcc>3.387934</vAcc></extensions></trkpt>
      <trkpt lon="6.820702" lat="45.559869"><ele>2245.184326</ele><time>2022-01-19T14:38:14Z</time><extensions><speed>5.645359</speed><course>5.306957</course><hAcc>4.729037</hAcc><vAcc>3.385372</vAcc></extensions></trkpt>
      <trkpt lon="6.820630" lat="45.559969"><ele>2244.258057</ele><time>2022-01-19T14:38:16Z</time><extensions><speed>5.949057</speed><course>337.044586</course><hAcc>4.729821</hAcc><vAcc>3.384277</vAcc></extensions></trkpt>
      <trkpt lon="6.820572" lat="45.560074"><ele>2243.148438</ele><time>2022-01-19T14:38:18Z</time><extensions><speed>6.337532</speed><course>342.939789</course><hAcc>4.731600</hAcc><vAcc>3.381789</vAcc></extensions></trkpt>
      <trkpt lon="6.820595" lat="45.560184"><ele>2242.355225</ele><time>2022-01-19T14:38:20Z</time><extensions><speed>6.090856</speed><course>10.819798</course><hAcc>4.733392</hAcc><vAcc>3.379281</vAcc></extensions></trkpt>
      <trkpt lon="6.820629" lat="45.560283"><ele>2241.853271</ele><time>2022-01-19T14:38:22Z</time><extensions><speed>5.345125</speed><course>8.869136</course><hAcc>4.733687</hAcc><vAcc>3.378868</vAcc></extensions></trkpt>
      <trkpt lon="6.820622" lat="45.560389"><ele>2242.587402</ele><time>2022-01-19T14:38:25Z</time><extensions><speed>3.627785</speed><course>4.222432</course><hAcc>4.732793</hAcc><vAcc>3.380120</vAcc></extensions></trkpt>
      <trkpt lon="6.820640" lat="45.560491"><ele>2245.127686</ele><time>2022-01-19T14:38:30Z</time><extensions><speed>1.761512</speed><course>17.769047</course><hAcc>4.735244</hAcc><vAcc>3.376684</vAcc></extensions></trkpt>
      <trkpt lon="6.820655" lat="45.560586"><ele>2245.260010</ele><time>2022-01-19T14:38:45Z</time><extensions><speed>0.961567</speed><course>14.703112</course><hAcc>4.730260</hAcc><vAcc>3.383663</vAcc></extensions></trkpt>
      <trkpt lon="6.820592" lat="45.560505"><ele>2244.135498</ele><time>2022-01-19T14:39:06Z</time><extensions><speed>1.009211</speed><course>201.116730</course><hAcc>4.720454</hAcc><vAcc>3.397330</vAcc></extensions></trkpt>
      <trkpt lon="6.820492" lat="45.560414"><ele>2242.266357</ele><time>2022-01-19T14:39:33Z</time><extensions><speed>2.080774</speed><course>196.550613</course><hAcc>4.722764</hAcc><vAcc>3.394119</vAcc></extensions></trkpt>
      <trkpt lon="6.820413" lat="45.560328"><ele>2242.279541</ele><time>2022-01-19T14:39:36Z</time><extensions><speed>2.715140</speed><course>199.056641</course><hAcc>4.705212</hAcc><vAcc>3.418409</vAcc></extensions></trkpt>
      <trkpt lon="6.820309" lat="45.560228"><ele>2242.958984</ele><time>2022-01-19T14:39:39Z</time><extensions><speed>3.285568</speed><course>208.246002</course><hAcc>4.678038</hAcc><vAcc>3.455503</vAcc></extensions></trkpt>
      <trkpt lon="6.820203" lat="45.560137"><ele>2247.098145</ele><time>2022-01-19T14:39:42Z</time><extensions><speed>3.501132</speed><course>213.036514</course><hAcc>4.675102</hAcc><vAcc>3.459474</vAcc></extensions></trkpt>
      <trkpt lon="6.820120" lat="45.560056"><ele>2249.954102</ele><time>2022-01-19T14:39:45Z</time><extensions><speed>3.405464</speed><course>219.103104</course><hAcc>4.677441</hAcc><vAcc>3.456311</vAcc></extensions></trkpt>
      <trkpt lon="6.820047" lat="45.559976"><ele>2252.312012</ele><time>2022-01-19T14:39:48Z</time><extensions><speed>3.272793</speed><course>215.209915</course><hAcc>4.707039</hAcc><vAcc>3.415893</vAcc></extensions></trkpt>
      <trkpt lon="6.819968" lat="45.559898"><ele>2256.805176</ele><time>2022-01-19T14:39:51Z</time><extensions><speed>3.692247</speed><course>213.592102</course><hAcc>4.675471</hAcc><vAcc>3.458975</vAcc></extensions></trkpt>
      <trkpt lon="6.819865" lat="45.559797"><ele>2260.478271</ele><time>2022-01-19T14:39:55Z</time><extensions><speed>3.733872</speed><course>217.222916</course><hAcc>4.672787</hAcc><vAcc>3.462600</vAcc></extensions></trkpt>
      <trkpt lon="6.819788" lat="45.559715"><ele>2263.581055</ele><time>2022-01-19T14:39:58Z</time><extensions><speed>3.648057</speed><course>216.384781</course><hAcc>4.696193</hAcc><vAcc>3.430789</vAcc></extensions></trkpt>
      <trkpt lon="6.819709" lat="45.559637"><ele>2266.680420</ele><time>2022-01-19T14:40:01Z</time><extensions><speed>3.600499</speed><course>212.971497</course><hAcc>4.710008</hAcc><vAcc>3.411797</vAcc></extensions></trkpt>
      <trkpt lon="6.819630" lat="45.559564"><ele>2268.059814</ele><time>2022-01-19T14:40:04Z</time><extensions><speed>3.484759</speed><course>214.112808</course><hAcc>4.711077</hAcc><vAcc>3.410321</vAcc></extensions></trkpt>
      <trkpt lon="6.819547" lat="45.559482"><ele>2269.186768</ele><time>2022-01-19T14:40:07Z</time><extensions><speed>3.833000</speed><course>214.050735</course><hAcc>4.711405</hAcc><vAcc>3.409867</vAcc></extensions></trkpt>
      <trkpt lon="6.819472" lat="45.559407"><ele>2270.162109</ele><time>2022-01-19T14:40:10Z</time><extensions><speed>3.539629</speed><course>211.562271</course><hAcc>4.710682</hAcc><vAcc>3.410866</vAcc></extensions></trkpt>
      <trkpt lon="6.819391" lat="45.559329"><ele>2271.594971</ele><time>2022-01-19T14:40:13Z</time><extensions><speed>3.499085</speed><course>216.345963</course><hAcc>4.709069</hAcc><vAcc>3.413093</vAcc></extensions></trkpt>
      <trkpt lon="6.819311" lat="45.559246"><ele>2272.631104</ele><time>2022-01-19T14:40:16Z</time><extensions><speed>3.827380</speed><course>215.252914</course><hAcc>4.727566</hAcc><vAcc>3.387426</vAcc></extensions></trkpt>
      <trkpt lon="6.819233" lat="45.559171"><ele>2273.834473</ele><time>2022-01-19T14:40:19Z</time><extensions><speed>3.500808</speed><course>216.223831</course><hAcc>4.705714</hAcc><vAcc>3.417718</vAcc></extensions></trkpt>
      <trkpt lon="6.819153" lat="45.559087"><ele>2275.165527</ele><time>2022-01-19T14:40:22Z</time><extensions><speed>3.709974</speed><course>214.543762</course><hAcc>4.702443</hAcc><vAcc>3.422217</vAcc></extensions></trkpt>
      <trkpt lon="6.819077" lat="45.559012"><ele>2276.734375</ele><time>2022-01-19T14:40:25Z</time><extensions><speed>3.574539</speed><course>215.422714</course><hAcc>4.704611</hAcc><vAcc>3.419235</vAcc></extensions></trkpt>
      <trkpt lon="6.819000" lat="45.558933"><ele>2278.778809</ele><time>2022-01-19T14:40:28Z</time><extensions><speed>3.527482</speed><course>216.795517</course><hAcc>4.704259</hAcc><vAcc>3.419719</vAcc></extensions></trkpt>
      <trkpt lon="6.818930" lat="45.558850"><ele>2281.213867</ele><time>2022-01-19T14:40:31Z</time><extensions><speed>3.301105</speed><course>213.457199</course><hAcc>4.704954</hAcc><vAcc>3.418764</vAcc></extensions></trkpt>
      <trkpt lon="6.818850" lat="45.558770"><ele>2282.912354</ele><time>2022-01-19T14:40:34Z</time><extensions><speed>3.572388</speed><course>214.526550</course><hAcc>4.701180</hAcc><vAcc>3.423952</vAcc></extensions></trkpt>
      <trkpt lon="6.818771" lat="45.558693"><ele>2285.400391</ele><time>2022-01-19T14:40:37Z</time><extensions><speed>3.582028</speed><course>215.293549</course><hAcc>4.696745</hAcc><vAcc>3.430032</vAcc></extensions></trkpt>
      <trkpt lon="6.818671" lat="45.558590"><ele>2286.759277</ele><time>2022-01-19T14:40:41Z</time><extensions><speed>3.862855</speed><course>214.590332</course><hAcc>4.692062</hAcc><vAcc>3.436436</vAcc></extensions></trkpt>
      <trkpt lon="6.818594" lat="45.558512"><ele>2287.745850</ele><time>2022-01-19T14:40:44Z</time><extensions><speed>3.591862</speed><course>214.733429</course><hAcc>4.692391</hAcc><vAcc>3.435986</vAcc></extensions></trkpt>
      <trkpt lon="6.818518" lat="45.558436"><ele>2288.940918</ele><time>2022-01-19T14:40:47Z</time><extensions><speed>3.588007</speed><course>214.715836</course><hAcc>4.688062</hAcc><vAcc>3.441890</vAcc></extensions></trkpt>
      <trkpt lon="6.818437" lat="45.558358"><ele>2289.854980</ele><time>2022-01-19T14:40:50Z</time><extensions><speed>3.586361</speed><course>215.546432</course><hAcc>4.684698</hAcc><vAcc>3.446468</vAcc></extensions></trkpt>
      <trkpt lon="6.818362" lat="45.558280"><ele>2291.525391</ele><time>2022-01-19T14:40:53Z</time><extensions><speed>3.569206</speed><course>215.601578</course><hAcc>4.684387</hAcc><vAcc>3.446891</vAcc></extensions></trkpt>
      <trkpt lon="6.818280" lat="45.558201"><ele>2292.960449</ele><time>2022-01-19T14:40:56Z</time><extensions><speed>3.585818</speed><course>215.811157</course><hAcc>4.684789</hAcc><vAcc>3.446344</vAcc></extensions></trkpt>
      <trkpt lon="6.818200" lat="45.558119"><ele>2294.353027</ele><time>2022-01-19T14:40:59Z</time><extensions><speed>3.619685</speed><course>215.666138</course><hAcc>4.683469</hAcc><vAcc>3.448138</vAcc></extensions></trkpt>
      <trkpt lon="6.818125" lat="45.558040"><ele>2295.776855</ele><time>2022-01-19T14:41:02Z</time><extensions><speed>3.573349</speed><course>215.370422</course><hAcc>4.683243</hAcc><vAcc>3.448445</vAcc></extensions></trkpt>
      <trkpt lon="6.818043" lat="45.557962"><ele>2297.374023</ele><time>2022-01-19T14:41:05Z</time><extensions><speed>3.584110</speed><course>215.322327</course><hAcc>4.684366</hAcc><vAcc>3.446920</vAcc></extensions></trkpt>
      <trkpt lon="6.817966" lat="45.557883"><ele>2298.887695</ele><time>2022-01-19T14:41:08Z</time><extensions><speed>3.557690</speed><course>214.977859</course><hAcc>4.683981</hAcc><vAcc>3.447443</vAcc></extensions></trkpt>
      <trkpt lon="6.817889" lat="45.557806"><ele>2300.304932</ele><time>2022-01-19T14:41:11Z</time><extensions><speed>3.574384</speed><course>215.215485</course><hAcc>4.679869</hAcc><vAcc>3.453022</vAcc></extensions></trkpt>
      <trkpt lon="6.817812" lat="45.557727"><ele>2302.124268</ele><time>2022-01-19T14:41:14Z</time><extensions><speed>3.581407</speed><course>214.828064</course><hAcc>4.682301</hAcc><vAcc>3.449724</vAcc></extensions></trkpt>
      <trkpt lon="6.817736" lat="45.557650"><ele>2303.197998</ele><time>2022-01-19T14:41:17Z</time><extensions><speed>3.541028</speed><course>214.919540</course><hAcc>4.686513</hAcc><vAcc>3.444000</vAcc></extensions></trkpt>
      <trkpt lon="6.817657" lat="45.557572"><ele>2305.573242</ele><time>2022-01-19T14:41:20Z</time><extensions><speed>3.558346</speed><course>215.131516</course><hAcc>4.688108</hAcc><vAcc>3.441828</vAcc></extensions></trkpt>
      <trkpt lon="6.817578" lat="45.557498"><ele>2308.282715</ele><time>2022-01-19T14:41:23Z</time><extensions><speed>3.584002</speed><course>216.703094</course><hAcc>4.687759</hAcc><vAcc>3.442303</vAcc></extensions></trkpt>
      <trkpt lon="6.817505" lat="45.557419"><ele>2310.634766</ele><time>2022-01-19T14:41:26Z</time><extensions><speed>3.604825</speed><course>214.833237</course><hAcc>4.690986</hAcc><vAcc>3.437904</vAcc></extensions></trkpt>
      <trkpt lon="6.817423" lat="45.557343"><ele>2313.562012</ele><time>2022-01-19T14:41:29Z</time><extensions><speed>3.649284</speed><course>215.092911</course><hAcc>4.696295</hAcc><vAcc>3.430648</vAcc></extensions></trkpt>
      <trkpt lon="6.817326" lat="45.557244"><ele>2315.772217</ele><time>2022-01-19T14:41:33Z</time><extensions><speed>3.400023</speed><course>213.843552</course><hAcc>4.697845</hAcc><vAcc>3.428526</vAcc></extensions></trkpt>
      <trkpt lon="6.817244" lat="45.557161"><ele>2316.895508</ele><time>2022-01-19T14:41:36Z</time><extensions><speed>3.603906</speed><course>215.918533</course><hAcc>4.692974</hAcc><vAcc>3.435190</vAcc></extensions></trkpt>
      <trkpt lon="6.817167" lat="45.557083"><ele>2317.649170</ele><time>2022-01-19T14:41:39Z</time><extensions><speed>3.585575</speed><course>214.856293</course><hAcc>4.695428</hAcc><vAcc>3.431835</vAcc></extensions></trkpt>
      <trkpt lon="6.817089" lat="45.557004"><ele>2319.318848</ele><time>2022-01-19T14:41:42Z</time><extensions><speed>3.607122</speed><course>215.352615</course><hAcc>4.698403</hAcc><vAcc>3.427762</vAcc></extensions></trkpt>
      <trkpt lon="6.817011" lat="45.556928"><ele>2320.167969</ele><time>2022-01-19T14:41:45Z</time><extensions><speed>3.576429</speed><course>214.985489</course><hAcc>4.700185</hAcc><vAcc>3.425317</vAcc></extensions></trkpt>
      <trkpt lon="6.816932" lat="45.556849"><ele>2320.963135</ele><time>2022-01-19T14:41:48Z</time><extensions><speed>3.544571</speed><course>214.381897</course><hAcc>4.702863</hAcc><vAcc>3.421639</vAcc></extensions></trkpt>
      <trkpt lon="6.816851" lat="45.556768"><ele>2322.795410</ele><time>2022-01-19T14:41:51Z</time><extensions><speed>3.584070</speed><course>215.110596</course><hAcc>4.701751</hAcc><vAcc>3.423168</vAcc></extensions></trkpt>
      <trkpt lon="6.816773" lat="45.556689"><ele>2323.796387</ele><time>2022-01-19T14:41:54Z</time><extensions><speed>3.590369</speed><course>215.635071</course><hAcc>4.701039</hAcc><vAcc>3.424145</vAcc></extensions></trkpt>
      <trkpt lon="6.816695" lat="45.556610"><ele>2325.692627</ele><time>2022-01-19T14:41:57Z</time><extensions><speed>3.580794</speed><course>214.493500</course><hAcc>4.699828</hAcc><vAcc>3.425807</vAcc></extensions></trkpt>
      <trkpt lon="6.816617" lat="45.556533"><ele>2327.429199</ele><time>2022-01-19T14:42:00Z</time><extensions><speed>3.551020</speed><course>214.735046</course><hAcc>4.701411</hAcc><vAcc>3.423634</vAcc></extensions></trkpt>
      <trkpt lon="6.816535" lat="45.556451"><ele>2328.933105</ele><time>2022-01-19T14:42:03Z</time><extensions><speed>3.609667</speed><course>216.508759</course><hAcc>4.703549</hAcc><vAcc>3.420696</vAcc></extensions></trkpt>
      <trkpt lon="6.816461" lat="45.556374"><ele>2330.952637</ele><time>2022-01-19T14:42:06Z</time><extensions><speed>3.549362</speed><course>215.187805</course><hAcc>4.706961</hAcc><vAcc>3.416000</vAcc></extensions></trkpt>
      <trkpt lon="6.816382" lat="45.556294"><ele>2333.275146</ele><time>2022-01-19T14:42:09Z</time><extensions><speed>3.554895</speed><course>214.788803</course><hAcc>4.709784</hAcc><vAcc>3.412107</vAcc></extensions></trkpt>
      <trkpt lon="6.816301" lat="45.556215"><ele>2335.584229</ele><time>2022-01-19T14:42:12Z</time><extensions><speed>3.584543</speed><course>215.062683</course><hAcc>4.711480</hAcc><vAcc>3.409764</vAcc></extensions></trkpt>
      <trkpt lon="6.816219" lat="45.556137"><ele>2337.957031</ele><time>2022-01-19T14:42:15Z</time><extensions><speed>3.609976</speed><course>214.678833</course><hAcc>4.712343</hAcc><vAcc>3.408572</vAcc></extensions></trkpt>
      <trkpt lon="6.816138" lat="45.556057"><ele>2339.355225</ele><time>2022-01-19T14:42:18Z</time><extensions><speed>3.603172</speed><course>214.548706</course><hAcc>4.712177</hAcc><vAcc>3.408802</vAcc></extensions></trkpt>
      <trkpt lon="6.816062" lat="45.555983"><ele>2342.096191</ele><time>2022-01-19T14:42:21Z</time><extensions><speed>3.515618</speed><course>215.832001</course><hAcc>4.713916</hAcc><vAcc>3.406395</vAcc></extensions></trkpt>
      <trkpt lon="6.815983" lat="45.555905"><ele>2345.011475</ele><time>2022-01-19T14:42:24Z</time><extensions><speed>3.577955</speed><course>215.241119</course><hAcc>4.715627</hAcc><vAcc>3.404027</vAcc></extensions></trkpt>
      <trkpt lon="6.815880" lat="45.555809"><ele>2347.924316</ele><time>2022-01-19T14:42:28Z</time><extensions><speed>3.546995</speed><course>215.592178</course><hAcc>4.715021</hAcc><vAcc>3.404866</vAcc></extensions></trkpt>
      <trkpt lon="6.815801" lat="45.555731"><ele>2349.739502</ele><time>2022-01-19T14:42:31Z</time><extensions><speed>3.646364</speed><course>215.430115</course><hAcc>4.714653</hAcc><vAcc>3.405375</vAcc></extensions></trkpt>
      <trkpt lon="6.815723" lat="45.555653"><ele>2352.111328</ele><time>2022-01-19T14:42:34Z</time><extensions><speed>3.600369</speed><course>215.561142</course><hAcc>4.714892</hAcc><vAcc>3.405045</vAcc></extensions></trkpt>
      <trkpt lon="6.815645" lat="45.555576"><ele>2354.298096</ele><time>2022-01-19T14:42:37Z</time><extensions><speed>3.584087</speed><course>215.572220</course><hAcc>4.715726</hAcc><vAcc>3.403890</vAcc></extensions></trkpt>
      <trkpt lon="6.815568" lat="45.555500"><ele>2357.142090</ele><time>2022-01-19T14:42:40Z</time><extensions><speed>3.623540</speed><course>215.660126</course><hAcc>4.715596</hAcc><vAcc>3.404069</vAcc></extensions></trkpt>
      <trkpt lon="6.815487" lat="45.555420"><ele>2358.156982</ele><time>2022-01-19T14:42:43Z</time><extensions><speed>3.620149</speed><course>215.024948</course><hAcc>4.709982</hAcc><vAcc>3.411834</vAcc></extensions></trkpt>
      <trkpt lon="6.815410" lat="45.555341"><ele>2359.016846</ele><time>2022-01-19T14:42:46Z</time><extensions><speed>3.472294</speed><course>215.436081</course><hAcc>4.706933</hAcc><vAcc>3.416038</vAcc></extensions></trkpt>
      <trkpt lon="6.815336" lat="45.555256"><ele>2360.392822</ele><time>2022-01-19T14:42:49Z</time><extensions><speed>3.626577</speed><course>210.351593</course><hAcc>4.705060</hAcc><vAcc>3.418617</vAcc></extensions></trkpt>
      <trkpt lon="6.815252" lat="45.555177"><ele>2361.660400</ele><time>2022-01-19T14:42:52Z</time><extensions><speed>3.620674</speed><course>215.294006</course><hAcc>4.702018</hAcc><vAcc>3.422800</vAcc></extensions></trkpt>
      <trkpt lon="6.815176" lat="45.555099"><ele>2363.199951</ele><time>2022-01-19T14:42:55Z</time><extensions><speed>3.531687</speed><course>215.710312</course><hAcc>4.701890</hAcc><vAcc>3.422976</vAcc></extensions></trkpt>
      <trkpt lon="6.815099" lat="45.555019"><ele>2365.940674</ele><time>2022-01-19T14:42:58Z</time><extensions><speed>3.562439</speed><course>215.681961</course><hAcc>4.704967</hAcc><vAcc>3.418746</vAcc></extensions></trkpt>
      <trkpt lon="6.815023" lat="45.554942"><ele>2368.008545</ele><time>2022-01-19T14:43:01Z</time><extensions><speed>3.617050</speed><course>215.180618</course><hAcc>4.705744</hAcc><vAcc>3.417677</vAcc></extensions></trkpt>
      <trkpt lon="6.814943" lat="45.554864"><ele>2370.880371</ele><time>2022-01-19T14:43:04Z</time><extensions><speed>3.707707</speed><course>215.185501</course><hAcc>4.710826</hAcc><vAcc>3.410667</vAcc></extensions></trkpt>
      <trkpt lon="6.814859" lat="45.554785"><ele>2372.585205</ele><time>2022-01-19T14:43:07Z</time><extensions><speed>3.815161</speed><course>214.287720</course><hAcc>4.713491</hAcc><vAcc>3.406983</vAcc></extensions></trkpt>
      <trkpt lon="6.814784" lat="45.554712"><ele>2374.664551</ele><time>2022-01-19T14:43:10Z</time><extensions><speed>3.535487</speed><course>213.784393</course><hAcc>4.715941</hAcc><vAcc>3.403592</vAcc></extensions></trkpt>
      <trkpt lon="6.814689" lat="45.554616"><ele>2379.085205</ele><time>2022-01-19T14:43:14Z</time><extensions><speed>3.773337</speed><course>212.330261</course><hAcc>4.718884</hAcc><vAcc>3.399511</vAcc></extensions></trkpt>
      <trkpt lon="6.814593" lat="45.554523"><ele>2384.608398</ele><time>2022-01-19T14:43:18Z</time><extensions><speed>3.286544</speed><course>214.792633</course><hAcc>4.718420</hAcc><vAcc>3.400155</vAcc></extensions></trkpt>
      <trkpt lon="6.814519" lat="45.554448"><ele>2388.375488</ele><time>2022-01-19T14:43:21Z</time><extensions><speed>3.527490</speed><course>216.170120</course><hAcc>4.717374</hAcc><vAcc>3.401606</vAcc></extensions></trkpt>
      <trkpt lon="6.814423" lat="45.554354"><ele>2393.931152</ele><time>2022-01-19T14:43:25Z</time><extensions><speed>3.511696</speed><course>214.144302</course><hAcc>4.715496</hAcc><vAcc>3.404209</vAcc></extensions></trkpt>
      <trkpt lon="6.814347" lat="45.554280"><ele>2398.836670</ele><time>2022-01-19T14:43:28Z</time><extensions><speed>3.592945</speed><course>215.077209</course><hAcc>4.717363</hAcc><vAcc>3.401620</vAcc></extensions></trkpt>
      <trkpt lon="6.814272" lat="45.554207"><ele>2403.277832</ele><time>2022-01-19T14:43:31Z</time><extensions><speed>3.608724</speed><course>215.100739</course><hAcc>4.718181</hAcc><vAcc>3.400486</vAcc></extensions></trkpt>
      <trkpt lon="6.814174" lat="45.554112"><ele>2409.229004</ele><time>2022-01-19T14:43:35Z</time><extensions><speed>3.533725</speed><course>215.146271</course><hAcc>4.717664</hAcc><vAcc>3.401203</vAcc></extensions></trkpt>
      <trkpt lon="6.814078" lat="45.554015"><ele>2414.893555</ele><time>2022-01-19T14:43:39Z</time><extensions><speed>3.543316</speed><course>215.603439</course><hAcc>4.720901</hAcc><vAcc>3.396709</vAcc></extensions></trkpt>
      <trkpt lon="6.813983" lat="45.553920"><ele>2420.835449</ele><time>2022-01-19T14:43:43Z</time><extensions><speed>3.513191</speed><course>214.757797</course><hAcc>4.725258</hAcc><vAcc>3.390645</vAcc></extensions></trkpt>
      <trkpt lon="6.813889" lat="45.553825"><ele>2427.169434</ele><time>2022-01-19T14:43:47Z</time><extensions><speed>3.518456</speed><course>215.078156</course><hAcc>4.728744</hAcc><vAcc>3.385782</vAcc></extensions></trkpt>
      <trkpt lon="6.813810" lat="45.553748"><ele>2429.527832</ele><time>2022-01-19T14:43:50Z</time><extensions><speed>3.833330</speed><course>215.945465</course><hAcc>4.723671</hAcc><vAcc>3.392855</vAcc></extensions></trkpt>
      <trkpt lon="6.813733" lat="45.553671"><ele>2432.564209</ele><time>2022-01-19T14:43:53Z</time><extensions><speed>3.839573</speed><course>215.199783</course><hAcc>4.724065</hAcc><vAcc>3.392307</vAcc></extensions></trkpt>
      <trkpt lon="6.813656" lat="45.553593"><ele>2435.283691</ele><time>2022-01-19T14:43:56Z</time><extensions><speed>3.666022</speed><course>215.386063</course><hAcc>4.723305</hAcc><vAcc>3.393365</vAcc></extensions></trkpt>
      <trkpt lon="6.813579" lat="45.553516"><ele>2438.269775</ele><time>2022-01-19T14:43:59Z</time><extensions><speed>3.559814</speed><course>214.883759</course><hAcc>4.722480</hAcc><vAcc>3.394513</vAcc></extensions></trkpt>
      <trkpt lon="6.813498" lat="45.553439"><ele>2440.447266</ele><time>2022-01-19T14:44:02Z</time><extensions><speed>3.692730</speed><course>215.056732</course><hAcc>4.723982</hAcc><vAcc>3.392422</vAcc></extensions></trkpt>
      <trkpt lon="6.813420" lat="45.553363"><ele>2443.108154</ele><time>2022-01-19T14:44:05Z</time><extensions><speed>3.599471</speed><course>215.333878</course><hAcc>4.724370</hAcc><vAcc>3.391883</vAcc></extensions></trkpt>
      <trkpt lon="6.813341" lat="45.553288"><ele>2445.757812</ele><time>2022-01-19T14:44:08Z</time><extensions><speed>3.548468</speed><course>215.563354</course><hAcc>4.725904</hAcc><vAcc>3.389745</vAcc></extensions></trkpt>
      <trkpt lon="6.813263" lat="45.553211"><ele>2449.332520</ele><time>2022-01-19T14:44:11Z</time><extensions><speed>3.556884</speed><course>215.741241</course><hAcc>4.725359</hAcc><vAcc>3.390504</vAcc></extensions></trkpt>
      <trkpt lon="6.813186" lat="45.553135"><ele>2452.636230</ele><time>2022-01-19T14:44:14Z</time><extensions><speed>3.587375</speed><course>215.342529</course><hAcc>4.723174</hAcc><vAcc>3.393547</vAcc></extensions></trkpt>
      <trkpt lon="6.813110" lat="45.553060"><ele>2455.860840</ele><time>2022-01-19T14:44:17Z</time><extensions><speed>3.580976</speed><course>214.794678</course><hAcc>4.726640</hAcc><vAcc>3.388718</vAcc></extensions></trkpt>
      <trkpt lon="6.813036" lat="45.552985"><ele>2459.422852</ele><time>2022-01-19T14:44:20Z</time><extensions><speed>3.550614</speed><course>215.049942</course><hAcc>4.725390</hAcc><vAcc>3.390461</vAcc></extensions></trkpt>
      <trkpt lon="6.812960" lat="45.552908"><ele>2463.064453</ele><time>2022-01-19T14:44:23Z</time><extensions><speed>3.599844</speed><course>214.891907</course><hAcc>4.727376</hAcc><vAcc>3.387691</vAcc></extensions></trkpt>
      <trkpt lon="6.812886" lat="45.552833"><ele>2466.614014</ele><time>2022-01-19T14:44:26Z</time><extensions><speed>3.566857</speed><course>215.325317</course><hAcc>4.729898</hAcc><vAcc>3.384169</vAcc></extensions></trkpt>
      <trkpt lon="6.812788" lat="45.552735"><ele>2471.511963</ele><time>2022-01-19T14:44:30Z</time><extensions><speed>3.607627</speed><course>215.173386</course><hAcc>4.731057</hAcc><vAcc>3.382549</vAcc></extensions></trkpt>
      <trkpt lon="6.812692" lat="45.552641"><ele>2476.857910</ele><time>2022-01-19T14:44:34Z</time><extensions><speed>3.494096</speed><course>215.902908</course><hAcc>4.730953</hAcc><vAcc>3.382694</vAcc></extensions></trkpt>
      <trkpt lon="6.812594" lat="45.552545"><ele>2481.699463</ele><time>2022-01-19T14:44:38Z</time><extensions><speed>3.634469</speed><course>214.815140</course><hAcc>4.729209</hAcc><vAcc>3.385131</vAcc></extensions></trkpt>
      <trkpt lon="6.812498" lat="45.552448"><ele>2486.463379</ele><time>2022-01-19T14:44:42Z</time><extensions><speed>3.529967</speed><course>215.003296</course><hAcc>4.723365</hAcc><vAcc>3.393282</vAcc></extensions></trkpt>
      <trkpt lon="6.812426" lat="45.552373"><ele>2490.707764</ele><time>2022-01-19T14:44:45Z</time><extensions><speed>3.626832</speed><course>213.917999</course><hAcc>4.720270</hAcc><vAcc>3.397586</vAcc></extensions></trkpt>
      <trkpt lon="6.812329" lat="45.552277"><ele>2496.322754</ele><time>2022-01-19T14:44:49Z</time><extensions><speed>3.540385</speed><course>214.578339</course><hAcc>4.725455</hAcc><vAcc>3.390371</vAcc></extensions></trkpt>
      <trkpt lon="6.812233" lat="45.552184"><ele>2501.495850</ele><time>2022-01-19T14:44:53Z</time><extensions><speed>3.496994</speed><course>216.677170</course><hAcc>4.722308</hAcc><vAcc>3.394753</vAcc></extensions></trkpt>
      <trkpt lon="6.812155" lat="45.552105"><ele>2503.477783</ele><time>2022-01-19T14:44:56Z</time><extensions><speed>3.595001</speed><course>215.349258</course><hAcc>4.723320</hAcc><vAcc>3.393343</vAcc></extensions></trkpt>
      <trkpt lon="6.812078" lat="45.552027"><ele>2506.086670</ele><time>2022-01-19T14:44:59Z</time><extensions><speed>3.731458</speed><course>215.007645</course><hAcc>4.718012</hAcc><vAcc>3.400720</vAcc></extensions></trkpt>
      <trkpt lon="6.812002" lat="45.551952"><ele>2508.011230</ele><time>2022-01-19T14:45:02Z</time><extensions><speed>3.617787</speed><course>215.131485</course><hAcc>4.718410</hAcc><vAcc>3.400168</vAcc></extensions></trkpt>
      <trkpt lon="6.811923" lat="45.551874"><ele>2510.321045</ele><time>2022-01-19T14:45:05Z</time><extensions><speed>3.535732</speed><course>215.304657</course><hAcc>4.720113</hAcc><vAcc>3.397803</vAcc></extensions></trkpt>
      <trkpt lon="6.811845" lat="45.551797"><ele>2512.887939</ele><time>2022-01-19T14:45:08Z</time><extensions><speed>3.551354</speed><course>215.180832</course><hAcc>4.721983</hAcc><vAcc>3.395204</vAcc></extensions></trkpt>
      <trkpt lon="6.811767" lat="45.551717"><ele>2514.989014</ele><time>2022-01-19T14:45:11Z</time><extensions><speed>3.625099</speed><course>214.891205</course><hAcc>4.719098</hAcc><vAcc>3.399214</vAcc></extensions></trkpt>
      <trkpt lon="6.811665" lat="45.551619"><ele>2519.117920</ele><time>2022-01-19T14:45:15Z</time><extensions><speed>3.558531</speed><course>215.389023</course><hAcc>4.716871</hAcc><vAcc>3.402302</vAcc></extensions></trkpt>
      <trkpt lon="6.811588" lat="45.551543"><ele>2522.752930</ele><time>2022-01-19T14:45:18Z</time><extensions><speed>3.577847</speed><course>215.083878</course><hAcc>4.717110</hAcc><vAcc>3.401972</vAcc></extensions></trkpt>
      <trkpt lon="6.811515" lat="45.551465"><ele>2525.690186</ele><time>2022-01-19T14:45:21Z</time><extensions><speed>3.559968</speed><course>214.188004</course><hAcc>4.716669</hAcc><vAcc>3.402583</vAcc></extensions></trkpt>
      <trkpt lon="6.811434" lat="45.551388"><ele>2528.951904</ele><time>2022-01-19T14:45:24Z</time><extensions><speed>3.581178</speed><course>215.324905</course><hAcc>4.717490</hAcc><vAcc>3.401444</vAcc></extensions></trkpt>
      <trkpt lon="6.811359" lat="45.551314"><ele>2532.795898</ele><time>2022-01-19T14:45:27Z</time><extensions><speed>3.597143</speed><course>214.899689</course><hAcc>4.715469</hAcc><vAcc>3.404246</vAcc></extensions></trkpt>
      <trkpt lon="6.811281" lat="45.551238"><ele>2534.517578</ele><time>2022-01-19T14:45:30Z</time><extensions><speed>3.644022</speed><course>215.517639</course><hAcc>4.711993</hAcc><vAcc>3.409055</vAcc></extensions></trkpt>
      <trkpt lon="6.811205" lat="45.551162"><ele>2536.491211</ele><time>2022-01-19T14:45:33Z</time><extensions><speed>3.609127</speed><course>214.984665</course><hAcc>4.713320</hAcc><vAcc>3.407221</vAcc></extensions></trkpt>
      <trkpt lon="6.811117" lat="45.551079"><ele>2537.052246</ele><time>2022-01-19T14:45:36Z</time><extensions><speed>4.038521</speed><course>217.384430</course><hAcc>4.713522</hAcc><vAcc>3.406940</vAcc></extensions></trkpt>
      <trkpt lon="6.811034" lat="45.551000"><ele>2537.945068</ele><time>2022-01-19T14:45:39Z</time><extensions><speed>3.318119</speed><course>219.859344</course><hAcc>4.709016</hAcc><vAcc>3.413166</vAcc></extensions></trkpt>
      <trkpt lon="6.810960" lat="45.550922"><ele>2537.561035</ele><time>2022-01-19T14:45:42Z</time><extensions><speed>3.512165</speed><course>212.436646</course><hAcc>4.697089</hAcc><vAcc>3.429561</vAcc></extensions></trkpt>
      <trkpt lon="6.810885" lat="45.550835"><ele>2540.123779</ele><time>2022-01-19T14:45:50Z</time><extensions><speed>2.562666</speed><course>204.902466</course><hAcc>4.735633</hAcc><vAcc>3.376140</vAcc></extensions></trkpt>
      <trkpt lon="6.810785" lat="45.550766"><ele>2540.718750</ele><time>2022-01-19T14:45:53Z</time><extensions><speed>3.077865</speed><course>230.041260</course><hAcc>4.743995</hAcc><vAcc>3.364380</vAcc></extensions></trkpt>
      <trkpt lon="6.810655" lat="45.550760"><ele>2539.834473</ele><time>2022-01-19T14:46:09Z</time><extensions><speed>1.268376</speed><course>249.900055</course><hAcc>4.719334</hAcc><vAcc>3.398885</vAcc></extensions></trkpt>
      <trkpt lon="6.810538" lat="45.550720"><ele>2538.724121</ele><time>2022-01-19T14:46:24Z</time><extensions><speed>0.857410</speed><course>217.613281</course><hAcc>4.716208</hAcc><vAcc>3.403222</vAcc></extensions></trkpt>
      <trkpt lon="6.810411" lat="45.550684"><ele>2539.068115</ele><time>2022-01-19T14:46:43Z</time><extensions><speed>1.007535</speed><course>238.109467</course><hAcc>4.715591</hAcc><vAcc>3.404077</vAcc></extensions></trkpt>
      <trkpt lon="6.810292" lat="45.550642"><ele>2540.816650</ele><time>2022-01-19T14:47:00Z</time><extensions><speed>0.853075</speed><course>226.494934</course><hAcc>4.715920</hAcc><vAcc>3.403621</vAcc></extensions></trkpt>
      <trkpt lon="6.810160" lat="45.550640"><ele>2537.542969</ele><time>2022-01-19T14:48:23Z</time><extensions><speed>0.724900</speed><course>283.832062</course><hAcc>4.681862</hAcc><vAcc>3.450320</vAcc></extensions></trkpt>
      <trkpt lon="6.810172" lat="45.550655"><ele>2544.390869</ele><time>2022-01-19T14:49:04Z</time><extensions><speed>0.172868</speed><course>134.540802</course><hAcc>61.000000</hAcc><vAcc>21.000000</vAcc></extensions></trkpt>
      <trkpt lon="6.810175" lat="45.550658"><ele>2545.630371</ele><time>2022-01-19T14:49:11Z</time><extensions><speed>0.172868</speed><course>84.680878</course><hAcc>61.000000</hAcc><vAcc>34.895851</vAcc></extensions></trkpt>
      <trkpt lon="6.810176" lat="45.550659"><ele>2546.128662</ele><time>2022-01-19T14:49:14Z</time><extensions><speed>0.000000</speed><course>-1.000000</course><hAcc>11.999370</hAcc><vAcc>13.630214</vAcc></extensions></trkpt>
      <trkpt lon="6.810039" lat="45.550659"><ele>2545.389893</ele><time>2022-01-19T14:50:13Z</time><extensions><speed>1.290614</speed><course>285.581573</course><hAcc>5.999685</hAcc><vAcc>3.000000</vAcc></extensions></trkpt>
      <trkpt lon="6.809895" lat="45.550706"><ele>2544.520752</ele><time>2022-01-19T14:50:17Z</time><extensions><speed>3.060961</speed><course>294.164062</course><hAcc>5.999685</hAcc><vAcc>3.229454</vAcc></extensions></trkpt>
      <trkpt lon="6.809747" lat="45.550751"><ele>2543.548828</ele><time>2022-01-19T14:50:19Z</time><extensions><speed>3.649377</speed><course>309.602966</course><hAcc>5.999685</hAcc><vAcc>3.667818</vAcc></extensions></trkpt>
      <trkpt lon="6.809611" lat="45.550817"><ele>2541.620850</ele><time>2022-01-19T14:50:21Z</time><extensions><speed>4.766447</speed><course>288.612122</course><hAcc>5.999685</hAcc><vAcc>3.870027</vAcc></extensions></trkpt>
      <trkpt lon="6.809426" lat="45.550850"><ele>2540.201416</ele><time>2022-01-19T14:50:23Z</time><extensions><speed>5.222142</speed><course>287.063721</course><hAcc>5.999685</hAcc><vAcc>4.395470</vAcc></extensions></trkpt>
      <trkpt lon="6.809276" lat="45.550907"><ele>2538.732666</ele><time>2022-01-19T14:50:25Z</time><extensions><speed>6.833522</speed><course>279.461792</course><hAcc>5.999685</hAcc><vAcc>4.881132</vAcc></extensions></trkpt>
      <trkpt lon="6.809073" lat="45.550923"><ele>2534.051514</ele><time>2022-01-19T14:50:27Z</time><extensions><speed>7.298639</speed><course>301.334167</course><hAcc>5.999685</hAcc><vAcc>4.905968</vAcc></extensions></trkpt>
      <trkpt lon="6.808948" lat="45.550989"><ele>2532.192383</ele><time>2022-01-19T14:50:29Z</time><extensions><speed>6.180032</speed><course>293.039490</course><hAcc>5.999685</hAcc><vAcc>4.956419</vAcc></extensions></trkpt>
      <trkpt lon="6.808779" lat="45.551027"><ele>2530.710205</ele><time>2022-01-19T14:50:31Z</time><extensions><speed>6.863400</speed><course>287.356720</course><hAcc>5.999685</hAcc><vAcc>5.019272</vAcc></extensions></trkpt>
      <trkpt lon="6.808656" lat="45.551074"><ele>2528.838379</ele><time>2022-01-19T14:50:33Z</time><extensions><speed>5.884427</speed><course>292.851685</course><hAcc>5.999685</hAcc><vAcc>5.051907</vAcc></extensions></trkpt>
      <trkpt lon="6.808511" lat="45.551096"><ele>2526.406250</ele><time>2022-01-19T14:50:35Z</time><extensions><speed>5.618843</speed><course>296.464722</course><hAcc>5.999685</hAcc><vAcc>5.014815</vAcc></extensions></trkpt>
      <trkpt lon="6.808347" lat="45.551150"><ele>2524.082520</ele><time>2022-01-19T14:50:38Z</time><extensions><speed>4.684814</speed><course>291.009399</course><hAcc>5.999685</hAcc><vAcc>4.938722</vAcc></extensions></trkpt>
      <trkpt lon="6.808222" lat="45.551175"><ele>2522.744629</ele><time>2022-01-19T14:50:40Z</time><extensions><speed>5.428855</speed><course>288.040924</course><hAcc>5.999685</hAcc><vAcc>4.828919</vAcc></extensions></trkpt>
      <trkpt lon="6.808066" lat="45.551203"><ele>2521.028809</ele><time>2022-01-19T14:50:42Z</time><extensions><speed>7.013713</speed><course>282.969360</course><hAcc>5.999685</hAcc><vAcc>4.773559</vAcc></extensions></trkpt>
      <trkpt lon="6.807874" lat="45.551246"><ele>2519.142822</ele><time>2022-01-19T14:50:44Z</time><extensions><speed>7.738881</speed><course>297.080872</course><hAcc>5.999685</hAcc><vAcc>4.848110</vAcc></extensions></trkpt>
      <trkpt lon="6.807670" lat="45.551301"><ele>2518.273682</ele><time>2022-01-19T14:50:46Z</time><extensions><speed>8.460851</speed><course>285.427765</course><hAcc>5.999685</hAcc><vAcc>4.844363</vAcc></extensions></trkpt>
      <trkpt lon="6.807461" lat="45.551391"><ele>2516.235352</ele><time>2022-01-19T14:50:48Z</time><extensions><speed>9.359952</speed><course>308.042633</course><hAcc>5.999685</hAcc><vAcc>4.883582</vAcc></extensions></trkpt>
      <trkpt lon="6.807312" lat="45.551552"><ele>2515.277344</ele><time>2022-01-19T14:50:50Z</time><extensions><speed>10.103248</speed><course>324.419678</course><hAcc>5.999685</hAcc><vAcc>4.916979</vAcc></extensions></trkpt>
      <trkpt lon="6.807219" lat="45.551635"><ele>2514.315918</ele><time>2022-01-19T14:50:51Z</time><extensions><speed>10.611970</speed><course>321.348602</course><hAcc>5.999685</hAcc><vAcc>4.928355</vAcc></extensions></trkpt>
      <trkpt lon="6.807136" lat="45.551712"><ele>2512.971924</ele><time>2022-01-19T14:50:52Z</time><extensions><speed>10.483002</speed><course>321.964569</course><hAcc>5.999685</hAcc><vAcc>4.900348</vAcc></extensions></trkpt>
      <trkpt lon="6.807077" lat="45.551797"><ele>2511.266602</ele><time>2022-01-19T14:50:53Z</time><extensions><speed>10.499952</speed><course>332.034546</course><hAcc>5.999685</hAcc><vAcc>4.849448</vAcc></extensions></trkpt>
      <trkpt lon="6.807024" lat="45.551881"><ele>2510.073242</ele><time>2022-01-19T14:50:54Z</time><extensions><speed>10.383674</speed><course>333.396149</course><hAcc>5.999685</hAcc><vAcc>4.846792</vAcc></extensions></trkpt>
      <trkpt lon="6.806948" lat="45.551958"><ele>2508.892578</ele><time>2022-01-19T14:50:55Z</time><extensions><speed>10.244064</speed><course>323.558197</course><hAcc>5.999685</hAcc><vAcc>4.875695</vAcc></extensions></trkpt>
      <trkpt lon="6.806857" lat="45.552029"><ele>2507.979736</ele><time>2022-01-19T14:50:56Z</time><extensions><speed>10.204349</speed><course>319.410645</course><hAcc>5.999685</hAcc><vAcc>4.904474</vAcc></extensions></trkpt>
      <trkpt lon="6.806762" lat="45.552096"><ele>2506.700195</ele><time>2022-01-19T14:50:57Z</time><extensions><speed>10.261125</speed><course>318.225739</course><hAcc>5.999685</hAcc><vAcc>4.917873</vAcc></extensions></trkpt>
      <trkpt lon="6.806667" lat="45.552165"><ele>2505.714844</ele><time>2022-01-19T14:50:58Z</time><extensions><speed>10.343628</speed><course>317.706177</course><hAcc>5.999685</hAcc><vAcc>4.855089</vAcc></extensions></trkpt>
      <trkpt lon="6.806569" lat="45.552231"><ele>2504.991943</ele><time>2022-01-19T14:50:59Z</time><extensions><speed>10.332201</speed><course>316.836884</course><hAcc>5.999685</hAcc><vAcc>4.818305</vAcc></extensions></trkpt>
      <trkpt lon="6.806463" lat="45.552307"><ele>2504.510010</ele><time>2022-01-19T14:51:00Z</time><extensions><speed>10.897677</speed><course>316.991119</course><hAcc>5.999685</hAcc><vAcc>4.849218</vAcc></extensions></trkpt>
      <trkpt lon="6.806379" lat="45.552380"><ele>2503.832520</ele><time>2022-01-19T14:51:01Z</time><extensions><speed>10.886730</speed><course>321.900726</course><hAcc>5.999685</hAcc><vAcc>4.870090</vAcc></extensions></trkpt>
      <trkpt lon="6.806245" lat="45.552522"><ele>2501.693359</ele><time>2022-01-19T14:51:03Z</time><extensions><speed>10.171089</speed><course>325.693207</course><hAcc>5.999685</hAcc><vAcc>4.882423</vAcc></extensions></trkpt>
      <trkpt lon="6.806088" lat="45.552659"><ele>2499.548096</ele><time>2022-01-19T14:51:05Z</time><extensions><speed>10.137414</speed><course>322.124603</course><hAcc>5.999685</hAcc><vAcc>4.865800</vAcc></extensions></trkpt>
      <trkpt lon="6.805919" lat="45.552776"><ele>2491.959961</ele><time>2022-01-19T14:51:07Z</time><extensions><speed>9.899962</speed><course>319.729095</course><hAcc>4.710945</hAcc><vAcc>3.410503</vAcc></extensions></trkpt>
      <trkpt lon="6.805781" lat="45.552908"><ele>2489.182129</ele><time>2022-01-19T14:51:09Z</time><extensions><speed>9.108819</speed><course>323.054260</course><hAcc>4.650871</hAcc><vAcc>3.491981</vAcc></extensions></trkpt>
      <trkpt lon="6.805727" lat="45.553052"><ele>2489.039307</ele><time>2022-01-19T14:51:11Z</time><extensions><speed>8.498697</speed><course>341.516571</course><hAcc>4.655484</hAcc><vAcc>3.485830</vAcc></extensions></trkpt>
      <trkpt lon="6.805673" lat="45.553195"><ele>2487.628418</ele><time>2022-01-19T14:51:13Z</time><extensions><speed>8.169844</speed><course>342.565125</course><hAcc>4.659661</hAcc><vAcc>3.480243</vAcc></extensions></trkpt>
      <trkpt lon="6.805559" lat="45.553299"><ele>2485.488525</ele><time>2022-01-19T14:51:15Z</time><extensions><speed>7.379663</speed><course>328.282684</course><hAcc>4.659620</hAcc><vAcc>3.480298</vAcc></extensions></trkpt>
      <trkpt lon="6.805513" lat="45.553441"><ele>2482.803955</ele><time>2022-01-19T14:51:17Z</time><extensions><speed>7.829340</speed><course>344.949982</course><hAcc>4.660930</hAcc><vAcc>3.478544</vAcc></extensions></trkpt>
      <trkpt lon="6.805449" lat="45.553571"><ele>2480.347900</ele><time>2022-01-19T14:51:19Z</time><extensions><speed>7.930866</speed><course>340.161163</course><hAcc>4.658101</hAcc><vAcc>3.482332</vAcc></extensions></trkpt>
      <trkpt lon="6.805375" lat="45.553698"><ele>2478.017090</ele><time>2022-01-19T14:51:21Z</time><extensions><speed>7.683875</speed><course>344.411560</course><hAcc>4.645636</hAcc><vAcc>3.498944</vAcc></extensions></trkpt>
      <trkpt lon="6.805353" lat="45.553802"><ele>2474.100830</ele><time>2022-01-19T14:51:23Z</time><extensions><speed>6.892733</speed><course>348.581390</course><hAcc>4.635435</hAcc><vAcc>3.512446</vAcc></extensions></trkpt>
      <trkpt lon="6.805353" lat="45.553948"><ele>2472.082520</ele><time>2022-01-19T14:51:25Z</time><extensions><speed>7.809476</speed><course>354.561981</course><hAcc>4.637901</hAcc><vAcc>3.509189</vAcc></extensions></trkpt>
      <trkpt lon="6.805291" lat="45.554064"><ele>2468.404785</ele><time>2022-01-19T14:51:27Z</time><extensions><speed>7.631281</speed><course>345.610077</course><hAcc>4.640124</hAcc><vAcc>3.506250</vAcc></extensions></trkpt>
      <trkpt lon="6.805290" lat="45.554213"><ele>2465.164795</ele><time>2022-01-19T14:51:29Z</time><extensions><speed>8.284354</speed><course>354.644043</course><hAcc>4.640921</hAcc><vAcc>3.505195</vAcc></extensions></trkpt>
      <trkpt lon="6.805296" lat="45.554342"><ele>2462.931641</ele><time>2022-01-19T14:51:31Z</time><extensions><speed>7.814182</speed><course>356.772522</course><hAcc>4.631640</hAcc><vAcc>3.517449</vAcc></extensions></trkpt>
      <trkpt lon="6.805284" lat="45.554512"><ele>2459.871094</ele><time>2022-01-19T14:51:33Z</time><extensions><speed>9.055556</speed><course>359.483276</course><hAcc>4.644107</hAcc><vAcc>3.500972</vAcc></extensions></trkpt>
      <trkpt lon="6.805209" lat="45.554679"><ele>2455.478271</ele><time>2022-01-19T14:51:35Z</time><extensions><speed>9.837794</speed><course>349.893951</course><hAcc>4.646809</hAcc><vAcc>3.497385</vAcc></extensions></trkpt>
      <trkpt lon="6.805187" lat="45.554836"><ele>2454.382080</ele><time>2022-01-19T14:51:37Z</time><extensions><speed>9.076606</speed><course>350.981171</course><hAcc>4.648198</hAcc><vAcc>3.495539</vAcc></extensions></trkpt>
      <trkpt lon="6.805185" lat="45.554932"><ele>2453.561279</ele><time>2022-01-19T14:51:38Z</time><extensions><speed>9.736738</speed><course>352.983551</course><hAcc>4.652555</hAcc><vAcc>3.489737</vAcc></extensions></trkpt>
      <trkpt lon="6.805196" lat="45.555028"><ele>2452.666748</ele><time>2022-01-19T14:51:39Z</time><extensions><speed>10.429107</speed><course>1.061874</course><hAcc>4.710410</hAcc><vAcc>3.411242</vAcc></extensions></trkpt>
      <trkpt lon="6.805146" lat="45.555134"><ele>2449.447998</ele><time>2022-01-19T14:51:40Z</time><extensions><speed>11.149954</speed><course>355.020752</course><hAcc>4.655801</hAcc><vAcc>3.485405</vAcc></extensions></trkpt>
      <trkpt lon="6.805131" lat="45.555224"><ele>2447.441162</ele><time>2022-01-19T14:51:41Z</time><extensions><speed>10.457899</speed><course>353.433960</course><hAcc>4.646933</hAcc><vAcc>3.497221</vAcc></extensions></trkpt>
      <trkpt lon="6.805097" lat="45.555321"><ele>2446.856445</ele><time>2022-01-19T14:51:42Z</time><extensions><speed>10.549358</speed><course>350.485840</course><hAcc>4.644220</hAcc><vAcc>3.500822</vAcc></extensions></trkpt>
      <trkpt lon="6.805020" lat="45.555405"><ele>2446.052002</ele><time>2022-01-19T14:51:43Z</time><extensions><speed>10.747910</speed><course>339.848114</course><hAcc>4.647982</hAcc><vAcc>3.495826</vAcc></extensions></trkpt>
      <trkpt lon="6.804981" lat="45.555507"><ele>2446.758789</ele><time>2022-01-19T14:51:44Z</time><extensions><speed>11.335967</speed><course>343.151825</course><hAcc>4.649266</hAcc><vAcc>3.494118</vAcc></extensions></trkpt>
      <trkpt lon="6.805027" lat="45.555658"><ele>2445.840576</ele><time>2022-01-19T14:51:46Z</time><extensions><speed>8.704752</speed><course>3.546488</course><hAcc>4.652258</hAcc><vAcc>3.490134</vAcc></extensions></trkpt>
      <trkpt lon="6.804949" lat="45.555813"><ele>2444.959229</ele><time>2022-01-19T14:51:48Z</time><extensions><speed>8.789243</speed><course>344.142792</course><hAcc>4.651148</hAcc><vAcc>3.491613</vAcc></extensions></trkpt>
      <trkpt lon="6.804895" lat="45.555980"><ele>2440.642578</ele><time>2022-01-19T14:51:50Z</time><extensions><speed>9.379895</speed><course>347.590607</course><hAcc>4.640677</hAcc><vAcc>3.505517</vAcc></extensions></trkpt>
      <trkpt lon="6.804884" lat="45.556145"><ele>2438.191650</ele><time>2022-01-19T14:51:52Z</time><extensions><speed>9.235949</speed><course>357.889923</course><hAcc>4.636313</hAcc><vAcc>3.511287</vAcc></extensions></trkpt>
      <trkpt lon="6.804812" lat="45.556322"><ele>2436.464355</ele><time>2022-01-19T14:51:54Z</time><extensions><speed>10.253061</speed><course>344.448669</course><hAcc>4.636051</hAcc><vAcc>3.511633</vAcc></extensions></trkpt>
      <trkpt lon="6.804760" lat="45.556429"><ele>2434.012695</ele><time>2022-01-19T14:51:55Z</time><extensions><speed>11.516069</speed><course>343.554016</course><hAcc>4.635430</hAcc><vAcc>3.512453</vAcc></extensions></trkpt>
      <trkpt lon="6.804787" lat="45.556528"><ele>2432.722900</ele><time>2022-01-19T14:51:56Z</time><extensions><speed>10.984921</speed><course>356.396790</course><hAcc>4.633674</hAcc><vAcc>3.514769</vAcc></extensions></trkpt>
      <trkpt lon="6.804812" lat="45.556681"><ele>2431.378906</ele><time>2022-01-19T14:51:58Z</time><extensions><speed>9.131783</speed><course>0.187486</course><hAcc>4.633221</hAcc><vAcc>3.515367</vAcc></extensions></trkpt>
      <trkpt lon="6.804848" lat="45.556777"><ele>2428.927002</ele><time>2022-01-19T14:51:59Z</time><extensions><speed>10.250001</speed><course>13.188159</course><hAcc>4.638026</hAcc><vAcc>3.509024</vAcc></extensions></trkpt>
      <trkpt lon="6.804779" lat="45.556858"><ele>2429.939941</ele><time>2022-01-19T14:52:00Z</time><extensions><speed>9.666551</speed><course>359.053833</course><hAcc>4.632003</hAcc><vAcc>3.516971</vAcc></extensions></trkpt>
      <trkpt lon="6.804764" lat="45.556997"><ele>2429.045410</ele><time>2022-01-19T14:52:02Z</time><extensions><speed>8.618432</speed><course>354.535217</course><hAcc>4.629175</hAcc><vAcc>3.520693</vAcc></extensions></trkpt>
      <trkpt lon="6.804639" lat="45.557123"><ele>2428.322998</ele><time>2022-01-19T14:52:04Z</time><extensions><speed>8.223595</speed><course>332.063660</course><hAcc>4.631323</hAcc><vAcc>3.517866</vAcc></extensions></trkpt>
      <trkpt lon="6.804446" lat="45.557207"><ele>2426.212891</ele><time>2022-01-19T14:52:06Z</time><extensions><speed>8.481800</speed><course>311.425232</course><hAcc>4.638453</hAcc><vAcc>3.508460</vAcc></extensions></trkpt>
      <trkpt lon="6.804346" lat="45.557316"><ele>2424.860840</ele><time>2022-01-19T14:52:08Z</time><extensions><speed>7.302961</speed><course>320.040039</course><hAcc>4.654417</hAcc><vAcc>3.487254</vAcc></extensions></trkpt>
      <trkpt lon="6.804140" lat="45.557393"><ele>2422.758301</ele><time>2022-01-19T14:52:10Z</time><extensions><speed>8.213091</speed><course>303.617432</course><hAcc>4.666718</hAcc><vAcc>3.470775</vAcc></extensions></trkpt>
      <trkpt lon="6.803966" lat="45.557442"><ele>2421.350586</ele><time>2022-01-19T14:52:12Z</time><extensions><speed>7.670537</speed><course>288.787964</course><hAcc>4.692347</hAcc><vAcc>3.436048</vAcc></extensions></trkpt>
      <trkpt lon="6.803770" lat="45.557433"><ele>2418.890869</ele><time>2022-01-19T14:52:14Z</time><extensions><speed>7.003975</speed><course>278.374481</course><hAcc>4.703949</hAcc><vAcc>3.420146</vAcc></extensions></trkpt>
      <trkpt lon="6.803677" lat="45.557540"><ele>2417.688965</ele><time>2022-01-19T14:52:16Z</time><extensions><speed>6.052261</speed><course>308.788727</course><hAcc>4.711380</hAcc><vAcc>3.409904</vAcc></extensions></trkpt>
      <trkpt lon="6.803518" lat="45.557565"><ele>2415.807373</ele><time>2022-01-19T14:52:18Z</time><extensions><speed>5.660320</speed><course>301.217987</course><hAcc>4.681773</hAcc><vAcc>3.450440</vAcc></extensions></trkpt>
      <trkpt lon="6.803440" lat="45.557642"><ele>2415.231201</ele><time>2022-01-19T14:52:20Z</time><extensions><speed>4.958400</speed><course>317.595306</course><hAcc>4.665078</hAcc><vAcc>3.472979</vAcc></extensions></trkpt>
      <trkpt lon="6.803353" lat="45.557720"><ele>2412.648682</ele><time>2022-01-19T14:52:22Z</time><extensions><speed>5.229482</speed><course>328.974976</course><hAcc>4.651680</hAcc><vAcc>3.490904</vAcc></extensions></trkpt>
      <trkpt lon="6.803355" lat="45.557824"><ele>2408.991699</ele><time>2022-01-19T14:52:24Z</time><extensions><speed>5.384004</speed><course>351.746613</course><hAcc>4.646838</hAcc><vAcc>3.497347</vAcc></extensions></trkpt>
      <trkpt lon="6.803324" lat="45.557928"><ele>2407.214355</ele><time>2022-01-19T14:52:26Z</time><extensions><speed>6.335728</speed><course>354.391754</course><hAcc>4.646029</hAcc><vAcc>3.498420</vAcc></extensions></trkpt>
      <trkpt lon="6.803316" lat="45.558085"><ele>2404.198975</ele><time>2022-01-19T14:52:28Z</time><extensions><speed>8.472645</speed><course>359.232269</course><hAcc>4.645383</hAcc><vAcc>3.499279</vAcc></extensions></trkpt>
      <trkpt lon="6.803175" lat="45.558211"><ele>2401.677734</ele><time>2022-01-19T14:52:30Z</time><extensions><speed>8.875053</speed><course>331.114136</course><hAcc>4.641726</hAcc><vAcc>3.504129</vAcc></extensions></trkpt>
      <trkpt lon="6.803217" lat="45.558365"><ele>2396.784180</ele><time>2022-01-19T14:52:32Z</time><extensions><speed>8.721728</speed><course>355.733154</course><hAcc>4.622369</hAcc><vAcc>3.529624</vAcc></extensions></trkpt>
      <trkpt lon="6.803266" lat="45.558462"><ele>2395.354492</ele><time>2022-01-19T14:52:33Z</time><extensions><speed>9.911120</speed><course>9.433590</course><hAcc>4.620565</hAcc><vAcc>3.531985</vAcc></extensions></trkpt>
      <trkpt lon="6.803330" lat="45.558611"><ele>2393.957520</ele><time>2022-01-19T14:52:35Z</time><extensions><speed>8.869529</speed><course>10.769268</course><hAcc>4.626779</hAcc><vAcc>3.523841</vAcc></extensions></trkpt>
      <trkpt lon="6.803431" lat="45.558778"><ele>2389.794189</ele><time>2022-01-19T14:52:37Z</time><extensions><speed>10.367342</speed><course>23.728039</course><hAcc>4.635325</hAcc><vAcc>3.512591</vAcc></extensions></trkpt>
      <trkpt lon="6.803359" lat="45.558919"><ele>2384.689697</ele><time>2022-01-19T14:52:39Z</time><extensions><speed>9.086689</speed><course>356.122040</course><hAcc>4.612521</hAcc><vAcc>3.542483</vAcc></extensions></trkpt>
      <trkpt lon="6.803286" lat="45.559008"><ele>2382.920898</ele><time>2022-01-19T14:52:40Z</time><extensions><speed>10.034770</speed><course>341.674347</course><hAcc>4.608870</hAcc><vAcc>3.547232</vAcc></extensions></trkpt>
      <trkpt lon="6.803243" lat="45.559108"><ele>2379.777100</ele><time>2022-01-19T14:52:41Z</time><extensions><speed>10.786767</speed><course>343.124451</course><hAcc>4.613206</hAcc><vAcc>3.541590</vAcc></extensions></trkpt>
      <trkpt lon="6.803108" lat="45.559239"><ele>2375.770752</ele><time>2022-01-19T14:52:43Z</time><extensions><speed>9.568623</speed><course>325.736908</course><hAcc>4.623868</hAcc><vAcc>3.527659</vAcc></extensions></trkpt>
      <trkpt lon="6.803067" lat="45.559331"><ele>2373.010986</ele><time>2022-01-19T14:52:44Z</time><extensions><speed>10.109954</speed><course>332.575165</course><hAcc>4.615513</hAcc><vAcc>3.538584</vAcc></extensions></trkpt>
      <trkpt lon="6.802951" lat="45.559424"><ele>2369.236572</ele><time>2022-01-19T14:52:46Z</time><extensions><speed>7.835538</speed><course>316.703888</course><hAcc>4.621409</hAcc><vAcc>3.530880</vAcc></extensions></trkpt>
      <trkpt lon="6.802770" lat="45.559555"><ele>2362.844727</ele><time>2022-01-19T14:52:48Z</time><extensions><speed>9.433893</speed><course>318.639191</course><hAcc>4.607148</hAcc><vAcc>3.549468</vAcc></extensions></trkpt>
      <trkpt lon="6.802733" lat="45.559687"><ele>2357.982910</ele><time>2022-01-19T14:52:50Z</time><extensions><speed>8.068032</speed><course>334.879150</course><hAcc>4.602236</hAcc><vAcc>3.555835</vAcc></extensions></trkpt>
      <trkpt lon="6.802726" lat="45.559784"><ele>2355.838623</ele><time>2022-01-19T14:52:51Z</time><extensions><speed>9.302588</speed><course>352.505310</course><hAcc>4.600574</hAcc><vAcc>3.557986</vAcc></extensions></trkpt>
      <trkpt lon="6.802854" lat="45.559863"><ele>2356.804443</ele><time>2022-01-19T14:52:54Z</time><extensions><speed>5.306583</speed><course>59.105881</course><hAcc>4.623157</hAcc><vAcc>3.528592</vAcc></extensions></trkpt>
      <trkpt lon="6.802827" lat="45.560038"><ele>2351.282471</ele><time>2022-01-19T14:52:57Z</time><extensions><speed>7.522197</speed><course>350.444916</course><hAcc>4.641932</hAcc><vAcc>3.503856</vAcc></extensions></trkpt>
      <trkpt lon="6.802917" lat="45.560179"><ele>2348.262451</ele><time>2022-01-19T14:52:59Z</time><extensions><speed>8.989386</speed><course>16.153877</course><hAcc>4.662396</hAcc><vAcc>3.476579</vAcc></extensions></trkpt>
      <trkpt lon="6.802911" lat="45.560276"><ele>2348.313477</ele><time>2022-01-19T14:53:01Z</time><extensions><speed>7.589067</speed><course>7.200816</course><hAcc>4.665718</hAcc><vAcc>3.472119</vAcc></extensions></trkpt>
      <trkpt lon="6.803068" lat="45.560367"><ele>2341.275879</ele><time>2022-01-19T14:53:04Z</time><extensions><speed>6.955016</speed><course>44.057823</course><hAcc>4.678189</hAcc><vAcc>3.455298</vAcc></extensions></trkpt>
      <trkpt lon="6.803099" lat="45.560514"><ele>2332.709717</ele><time>2022-01-19T14:53:07Z</time><extensions><speed>6.544940</speed><course>23.997278</course><hAcc>4.661614</hAcc><vAcc>3.477627</vAcc></extensions></trkpt>
      <trkpt lon="6.803237" lat="45.560572"><ele>2328.040039</ele><time>2022-01-19T14:53:09Z</time><extensions><speed>6.291074</speed><course>48.638218</course><hAcc>4.653048</hAcc><vAcc>3.489081</vAcc></extensions></trkpt>
      <trkpt lon="6.803203" lat="45.560676"><ele>2321.351562</ele><time>2022-01-19T14:53:11Z</time><extensions><speed>6.289840</speed><course>0.676635</course><hAcc>4.702029</hAcc><vAcc>3.422785</vAcc></extensions></trkpt>
      <trkpt lon="6.803239" lat="45.560763"><ele>2321.008789</ele><time>2022-01-19T14:53:12Z</time><extensions><speed>7.439447</speed><course>18.669668</course><hAcc>4.683686</hAcc><vAcc>3.447843</vAcc></extensions></trkpt>
      <trkpt lon="6.803318" lat="45.560870"><ele>2316.105469</ele><time>2022-01-19T14:53:14Z</time><extensions><speed>7.722964</speed><course>19.954910</course><hAcc>4.680290</hAcc><vAcc>3.452452</vAcc></extensions></trkpt>
      <trkpt lon="6.803248" lat="45.561033"><ele>2311.056396</ele><time>2022-01-19T14:53:16Z</time><extensions><speed>9.477714</speed><course>355.900787</course><hAcc>4.680817</hAcc><vAcc>3.451738</vAcc></extensions></trkpt>
      <trkpt lon="6.803265" lat="45.561164"><ele>2306.454590</ele><time>2022-01-19T14:53:18Z</time><extensions><speed>8.384005</speed><course>5.169991</course><hAcc>4.657253</hAcc><vAcc>3.483465</vAcc></extensions></trkpt>
      <trkpt lon="6.803145" lat="45.561323"><ele>2301.889160</ele><time>2022-01-19T14:53:20Z</time><extensions><speed>10.223126</speed><course>335.696106</course><hAcc>4.674690</hAcc><vAcc>3.460030</vAcc></extensions></trkpt>
      <trkpt lon="6.803063" lat="45.561483"><ele>2296.766113</ele><time>2022-01-19T14:53:22Z</time><extensions><speed>11.563896</speed><course>322.670288</course><hAcc>4.660543</hAcc><vAcc>3.479062</vAcc></extensions></trkpt>
      <trkpt lon="6.803107" lat="45.561637"><ele>2289.841553</ele><time>2022-01-19T14:53:24Z</time><extensions><speed>9.376801</speed><course>359.281677</course><hAcc>4.640848</hAcc><vAcc>3.505291</vAcc></extensions></trkpt>
      <trkpt lon="6.803104" lat="45.561791"><ele>2284.118408</ele><time>2022-01-19T14:53:26Z</time><extensions><speed>10.115640</speed><course>356.340393</course><hAcc>4.637172</hAcc><vAcc>3.510153</vAcc></extensions></trkpt>
      <trkpt lon="6.803145" lat="45.561928"><ele>2277.852539</ele><time>2022-01-19T14:53:28Z</time><extensions><speed>8.988850</speed><course>5.888182</course><hAcc>4.631925</hAcc><vAcc>3.517074</vAcc></extensions></trkpt>
      <trkpt lon="6.802992" lat="45.562094"><ele>2275.313965</ele><time>2022-01-19T14:53:30Z</time><extensions><speed>10.389947</speed><course>336.002319</course><hAcc>4.633215</hAcc><vAcc>3.515373</vAcc></extensions></trkpt>
      <trkpt lon="6.802837" lat="45.562246"><ele>2270.157227</ele><time>2022-01-19T14:53:32Z</time><extensions><speed>12.277236</speed><course>316.082306</course><hAcc>4.638377</hAcc><vAcc>3.508561</vAcc></extensions></trkpt>
      <trkpt lon="6.802769" lat="45.562389"><ele>2265.925293</ele><time>2022-01-19T14:53:34Z</time><extensions><speed>9.242129</speed><course>330.029541</course><hAcc>4.624417</hAcc><vAcc>3.526940</vAcc></extensions></trkpt>
      <trkpt lon="6.802794" lat="45.562520"><ele>2263.379150</ele><time>2022-01-19T14:53:36Z</time><extensions><speed>7.803033</speed><course>351.249207</course><hAcc>4.622657</hAcc><vAcc>3.529247</vAcc></extensions></trkpt>
      <trkpt lon="6.802917" lat="45.562724"><ele>2261.782715</ele><time>2022-01-19T14:53:38Z</time><extensions><speed>9.488034</speed><course>3.651708</course><hAcc>4.678485</hAcc><vAcc>3.454897</vAcc></extensions></trkpt>
      <trkpt lon="6.803042" lat="45.562809"><ele>2260.027344</ele><time>2022-01-19T14:53:40Z</time><extensions><speed>7.341172</speed><course>43.797379</course><hAcc>4.675531</hAcc><vAcc>3.458894</vAcc></extensions></trkpt>
      <trkpt lon="6.803108" lat="45.562988"><ele>2255.840088</ele><time>2022-01-19T14:53:43Z</time><extensions><speed>7.887898</speed><course>21.571789</course><hAcc>4.711697</hAcc><vAcc>3.409465</vAcc></extensions></trkpt>
      <trkpt lon="6.803098" lat="45.563162"><ele>2252.427490</ele><time>2022-01-19T14:53:45Z</time><extensions><speed>8.439155</speed><course>359.519775</course><hAcc>4.685148</hAcc><vAcc>3.445856</vAcc></extensions></trkpt>
      <trkpt lon="6.803048" lat="45.563298"><ele>2251.589355</ele><time>2022-01-19T14:53:47Z</time><extensions><speed>7.555175</speed><course>353.142456</course><hAcc>4.668306</hAcc><vAcc>3.468639</vAcc></extensions></trkpt>
      <trkpt lon="6.802848" lat="45.563378"><ele>2248.408691</ele><time>2022-01-19T14:53:49Z</time><extensions><speed>8.518822</speed><course>302.576385</course><hAcc>4.662710</hAcc><vAcc>3.476157</vAcc></extensions></trkpt>
      <trkpt lon="6.802873" lat="45.563515"><ele>2245.105713</ele><time>2022-01-19T14:53:52Z</time><extensions><speed>5.698714</speed><course>355.694611</course><hAcc>4.688333</hAcc><vAcc>3.441522</vAcc></extensions></trkpt>
      <trkpt lon="6.802743" lat="45.563563"><ele>2243.503174</ele><time>2022-01-19T14:53:53Z</time><extensions><speed>8.110749</speed><course>311.745117</course><hAcc>4.684572</hAcc><vAcc>3.446640</vAcc></extensions></trkpt>
      <trkpt lon="6.802670" lat="45.563703"><ele>2236.692871</ele><time>2022-01-19T14:53:56Z</time><extensions><speed>6.647642</speed><course>330.669312</course><hAcc>4.726509</hAcc><vAcc>3.388901</vAcc></extensions></trkpt>
      <trkpt lon="6.802549" lat="45.563754"><ele>2235.165771</ele><time>2022-01-19T14:53:57Z</time><extensions><speed>9.476810</speed><course>309.848297</course><hAcc>4.706311</hAcc><vAcc>3.416895</vAcc></extensions></trkpt>
      <trkpt lon="6.802444" lat="45.563875"><ele>2231.273438</ele><time>2022-01-19T14:53:59Z</time><extensions><speed>8.499347</speed><course>325.352203</course><hAcc>4.674378</hAcc><vAcc>3.460451</vAcc></extensions></trkpt>
      <trkpt lon="6.802304" lat="45.563874"><ele>2231.045654</ele><time>2022-01-19T14:54:00Z</time><extensions><speed>9.084973</speed><course>285.411194</course><hAcc>4.682501</hAcc><vAcc>3.449452</vAcc></extensions></trkpt>
      <trkpt lon="6.802113" lat="45.563915"><ele>2227.617676</ele><time>2022-01-19T14:54:02Z</time><extensions><speed>7.748631</speed><course>298.121643</course><hAcc>4.693743</hAcc><vAcc>3.434139</vAcc></extensions></trkpt>
      <trkpt lon="6.801978" lat="45.563811"><ele>2225.166504</ele><time>2022-01-19T14:54:04Z</time><extensions><speed>7.742023</speed><course>221.810730</course><hAcc>4.712125</hAcc><vAcc>3.408873</vAcc></extensions></trkpt>
      <trkpt lon="6.801953" lat="45.563686"><ele>2221.277100</ele><time>2022-01-19T14:54:06Z</time><extensions><speed>6.998694</speed><course>212.701950</course><hAcc>4.697548</hAcc><vAcc>3.428933</vAcc></extensions></trkpt>
      <trkpt lon="6.801777" lat="45.563703"><ele>2219.235107</ele><time>2022-01-19T14:54:08Z</time><extensions><speed>6.615259</speed><course>272.886688</course><hAcc>4.695321</hAcc><vAcc>3.431981</vAcc></extensions></trkpt>
      <trkpt lon="6.801615" lat="45.563558"><ele>2214.594727</ele><time>2022-01-19T14:54:10Z</time><extensions><speed>9.842014</speed><course>223.020889</course><hAcc>4.702178</hAcc><vAcc>3.422581</vAcc></extensions></trkpt>
      <trkpt lon="6.801435" lat="45.563523"><ele>2211.266357</ele><time>2022-01-19T14:54:12Z</time><extensions><speed>7.662552</speed><course>252.874451</course><hAcc>4.692959</hAcc><vAcc>3.435211</vAcc></extensions></trkpt>
      <trkpt lon="6.801313" lat="45.563434"><ele>2206.278076</ele><time>2022-01-19T14:54:14Z</time><extensions><speed>7.823130</speed><course>219.010971</course><hAcc>4.700652</hAcc><vAcc>3.424676</vAcc></extensions></trkpt>
      <trkpt lon="6.801145" lat="45.563417"><ele>2202.301758</ele><time>2022-01-19T14:54:16Z</time><extensions><speed>6.994873</speed><course>262.235107</course><hAcc>4.685239</hAcc><vAcc>3.445732</vAcc></extensions></trkpt>
      <trkpt lon="6.800980" lat="45.563496"><ele>2199.187256</ele><time>2022-01-19T14:54:18Z</time><extensions><speed>6.439896</speed><course>295.667419</course><hAcc>4.675327</hAcc><vAcc>3.459169</vAcc></extensions></trkpt>
      <trkpt lon="6.800970" lat="45.563613"><ele>2195.793457</ele><time>2022-01-19T14:54:21Z</time><extensions><speed>5.254727</speed><course>1.150700</course><hAcc>4.670383</hAcc><vAcc>3.465842</vAcc></extensions></trkpt>
      <trkpt lon="6.800744" lat="45.563696"><ele>2190.881348</ele><time>2022-01-19T14:54:23Z</time><extensions><speed>9.608994</speed><course>296.119781</course><hAcc>4.669933</hAcc><vAcc>3.466448</vAcc></extensions></trkpt>
      <trkpt lon="6.800639" lat="45.563761"><ele>2188.830322</ele><time>2022-01-19T14:54:24Z</time><extensions><speed>9.994596</speed><course>304.747559</course><hAcc>4.669003</hAcc><vAcc>3.467701</vAcc></extensions></trkpt>
      <trkpt lon="6.800621" lat="45.563860"><ele>2188.326660</ele><time>2022-01-19T14:54:25Z</time><extensions><speed>9.484453</speed><course>331.834137</course><hAcc>4.665037</hAcc><vAcc>3.473035</vAcc></extensions></trkpt>
      <trkpt lon="6.800580" lat="45.563951"><ele>2186.433838</ele><time>2022-01-19T14:54:26Z</time><extensions><speed>9.759733</speed><course>338.368866</course><hAcc>4.666477</hAcc><vAcc>3.471099</vAcc></extensions></trkpt>
      <trkpt lon="6.800414" lat="45.563981"><ele>2183.999756</ele><time>2022-01-19T14:54:27Z</time><extensions><speed>10.773961</speed><course>303.662079</course><hAcc>4.664097</hAcc><vAcc>3.474296</vAcc></extensions></trkpt>
      <trkpt lon="6.800249" lat="45.564012"><ele>2184.448242</ele><time>2022-01-19T14:54:28Z</time><extensions><speed>11.727781</speed><course>295.553467</course><hAcc>4.641382</hAcc><vAcc>3.504585</vAcc></extensions></trkpt>
      <trkpt lon="6.800113" lat="45.564038"><ele>2183.293457</ele><time>2022-01-19T14:54:29Z</time><extensions><speed>11.714059</speed><course>285.528900</course><hAcc>4.664409</hAcc><vAcc>3.473877</vAcc></extensions></trkpt>
      <trkpt lon="6.799961" lat="45.564069"><ele>2175.398926</ele><time>2022-01-19T14:54:36Z</time><extensions><speed>2.502435</speed><course>268.897614</course><hAcc>4.666719</hAcc><vAcc>3.470773</vAcc></extensions></trkpt>
      <trkpt lon="6.799689" lat="45.564060"><ele>2174.229004</ele><time>2022-01-19T14:54:38Z</time><extensions><speed>7.060505</speed><course>270.203064</course><hAcc>4.653244</hAcc><vAcc>3.488818</vAcc></extensions></trkpt>
      <trkpt lon="6.799481" lat="45.564104"><ele>2172.402588</ele><time>2022-01-19T14:54:40Z</time><extensions><speed>7.346930</speed><course>277.556030</course><hAcc>4.648509</hAcc><vAcc>3.495126</vAcc></extensions></trkpt>
      <trkpt lon="6.799297" lat="45.564069"><ele>2169.328857</ele><time>2022-01-19T14:54:42Z</time><extensions><speed>6.607489</speed><course>261.782043</course><hAcc>4.655475</hAcc><vAcc>3.485842</vAcc></extensions></trkpt>
      <trkpt lon="6.799186" lat="45.564125"><ele>2170.536865</ele><time>2022-01-19T14:54:44Z</time><extensions><speed>4.907087</speed><course>295.707794</course><hAcc>4.663913</hAcc><vAcc>3.474543</vAcc></extensions></trkpt>
      <trkpt lon="6.799023" lat="45.564185"><ele>2170.481934</ele><time>2022-01-19T14:54:47Z</time><extensions><speed>5.564600</speed><course>284.266479</course><hAcc>4.668927</hAcc><vAcc>3.467803</vAcc></extensions></trkpt>
      <trkpt lon="6.798887" lat="45.564221"><ele>2168.024414</ele><time>2022-01-19T14:54:49Z</time><extensions><speed>5.326145</speed><course>290.965912</course><hAcc>4.667107</hAcc><vAcc>3.470252</vAcc></extensions></trkpt>
      <trkpt lon="6.798752" lat="45.564255"><ele>2165.854248</ele><time>2022-01-19T14:54:51Z</time><extensions><speed>5.968306</speed><course>285.458435</course><hAcc>4.674335</hAcc><vAcc>3.460509</vAcc></extensions></trkpt>
      <trkpt lon="6.798534" lat="45.564332"><ele>2159.036621</ele><time>2022-01-19T14:54:53Z</time><extensions><speed>8.995964</speed><course>299.380035</course><hAcc>4.683416</hAcc><vAcc>3.448210</vAcc></extensions></trkpt>
      <trkpt lon="6.798429" lat="45.564385"><ele>2158.054688</ele><time>2022-01-19T14:54:54Z</time><extensions><speed>9.904344</speed><course>299.675079</course><hAcc>4.689097</hAcc><vAcc>3.440480</vAcc></extensions></trkpt>
      <trkpt lon="6.798302" lat="45.564432"><ele>2154.823242</ele><time>2022-01-19T14:54:55Z</time><extensions><speed>10.936840</speed><course>300.179962</course><hAcc>4.707129</hAcc><vAcc>3.415768</vAcc></extensions></trkpt>
      <trkpt lon="6.798186" lat="45.564482"><ele>2151.537109</ele><time>2022-01-19T14:54:56Z</time><extensions><speed>11.114847</speed><course>304.284454</course><hAcc>4.689512</hAcc><vAcc>3.439915</vAcc></extensions></trkpt>
      <trkpt lon="6.798057" lat="45.564521"><ele>2149.415283</ele><time>2022-01-19T14:54:57Z</time><extensions><speed>11.130553</speed><course>296.192719</course><hAcc>4.716550</hAcc><vAcc>3.402747</vAcc></extensions></trkpt>
      <trkpt lon="6.797912" lat="45.564594"><ele>2146.785645</ele><time>2022-01-19T14:54:58Z</time><extensions><speed>12.501174</speed><course>298.846619</course><hAcc>4.708101</hAcc><vAcc>3.414428</vAcc></extensions></trkpt>
      <trkpt lon="6.797772" lat="45.564668"><ele>2141.959229</ele><time>2022-01-19T14:54:59Z</time><extensions><speed>13.363311</speed><course>306.999390</course><hAcc>4.730587</hAcc><vAcc>3.383207</vAcc></extensions></trkpt>
      <trkpt lon="6.797574" lat="45.564745"><ele>2135.463135</ele><time>2022-01-19T14:55:01Z</time><extensions><speed>9.918391</speed><course>299.045319</course><hAcc>4.708065</hAcc><vAcc>3.414478</vAcc></extensions></trkpt>
      <trkpt lon="6.797442" lat="45.564807"><ele>2135.745117</ele><time>2022-01-19T14:55:02Z</time><extensions><speed>10.749336</speed><course>304.627258</course><hAcc>4.687986</hAcc><vAcc>3.441994</vAcc></extensions></trkpt>
      <trkpt lon="6.797325" lat="45.564871"><ele>2134.552490</ele><time>2022-01-19T14:55:03Z</time><extensions><speed>10.959020</speed><course>309.809570</course><hAcc>4.680492</hAcc><vAcc>3.452178</vAcc></extensions></trkpt>
      <trkpt lon="6.797153" lat="45.564954"><ele>2132.134521</ele><time>2022-01-19T14:55:05Z</time><extensions><speed>9.014312</speed><course>303.387207</course><hAcc>4.681754</hAcc><vAcc>3.450467</vAcc></extensions></trkpt>
      <trkpt lon="6.797003" lat="45.565038"><ele>2131.081299</ele><time>2022-01-19T14:55:07Z</time><extensions><speed>7.536623</speed><course>317.358368</course><hAcc>4.673838</hAcc><vAcc>3.461182</vAcc></extensions></trkpt>
      <trkpt lon="6.797012" lat="45.565148"><ele>2129.130615</ele><time>2022-01-19T14:55:09Z</time><extensions><speed>5.611938</speed><course>344.898560</course><hAcc>4.674773</hAcc><vAcc>3.459918</vAcc></extensions></trkpt>
      <trkpt lon="6.796755" lat="45.565172"><ele>2124.635254</ele><time>2022-01-19T14:55:11Z</time><extensions><speed>8.640302</speed><course>285.206360</course><hAcc>4.675462</hAcc><vAcc>3.458987</vAcc></extensions></trkpt>
      <trkpt lon="6.796535" lat="45.565242"><ele>2122.048584</ele><time>2022-01-19T14:55:13Z</time><extensions><speed>9.847586</speed><course>293.003296</course><hAcc>4.677730</hAcc><vAcc>3.455920</vAcc></extensions></trkpt>
      <trkpt lon="6.796343" lat="45.565242"><ele>2118.903320</ele><time>2022-01-19T14:55:15Z</time><extensions><speed>8.532968</speed><course>277.185883</course><hAcc>4.696379</hAcc><vAcc>3.430534</vAcc></extensions></trkpt>
      <trkpt lon="6.796210" lat="45.565280"><ele>2113.856445</ele><time>2022-01-19T14:55:17Z</time><extensions><speed>6.047782</speed><course>281.491119</course><hAcc>4.685573</hAcc><vAcc>3.445279</vAcc></extensions></trkpt>
      <trkpt lon="6.796078" lat="45.565308"><ele>2111.681396</ele><time>2022-01-19T14:55:19Z</time><extensions><speed>5.976924</speed><course>291.243958</course><hAcc>4.701809</hAcc><vAcc>3.423088</vAcc></extensions></trkpt>
      <trkpt lon="6.795901" lat="45.565277"><ele>2111.441162</ele><time>2022-01-19T14:55:21Z</time><extensions><speed>6.674471</speed><course>264.108521</course><hAcc>4.688068</hAcc><vAcc>3.441882</vAcc></extensions></trkpt>
      <trkpt lon="6.795774" lat="45.565188"><ele>2107.593994</ele><time>2022-01-19T14:55:23Z</time><extensions><speed>7.368633</speed><course>235.425751</course><hAcc>4.681084</hAcc><vAcc>3.451376</vAcc></extensions></trkpt>
      <trkpt lon="6.795612" lat="45.565199"><ele>2103.064941</ele><time>2022-01-19T14:55:25Z</time><extensions><speed>7.241528</speed><course>266.726868</course><hAcc>4.682503</hAcc><vAcc>3.449450</vAcc></extensions></trkpt>
      <trkpt lon="6.795442" lat="45.565156"><ele>2100.784912</ele><time>2022-01-19T14:55:27Z</time><extensions><speed>7.505322</speed><course>251.136246</course><hAcc>4.706861</hAcc><vAcc>3.416138</vAcc></extensions></trkpt>
      <trkpt lon="6.795282" lat="45.565119"><ele>2097.836182</ele><time>2022-01-19T14:55:29Z</time><extensions><speed>7.735639</speed><course>259.512085</course><hAcc>4.718324</hAcc><vAcc>3.400288</vAcc></extensions></trkpt>
      <trkpt lon="6.795114" lat="45.565109"><ele>2093.404785</ele><time>2022-01-19T14:55:31Z</time><extensions><speed>7.172158</speed><course>257.862701</course><hAcc>4.740965</hAcc><vAcc>3.368647</vAcc></extensions></trkpt>
      <trkpt lon="6.794944" lat="45.565092"><ele>2088.249023</ele><time>2022-01-19T14:55:33Z</time><extensions><speed>7.011514</speed><course>267.089386</course><hAcc>4.709501</hAcc><vAcc>3.412497</vAcc></extensions></trkpt>
      <trkpt lon="6.794803" lat="45.565059"><ele>2082.677246</ele><time>2022-01-19T14:55:35Z</time><extensions><speed>6.739178</speed><course>255.791962</course><hAcc>4.705553</hAcc><vAcc>3.417939</vAcc></extensions></trkpt>
      <trkpt lon="6.794609" lat="45.565036"><ele>2079.440430</ele><time>2022-01-19T14:55:37Z</time><extensions><speed>7.529507</speed><course>263.617859</course><hAcc>4.711877</hAcc><vAcc>3.409215</vAcc></extensions></trkpt>
      <trkpt lon="6.794484" lat="45.564932"><ele>2075.648438</ele><time>2022-01-19T14:55:39Z</time><extensions><speed>7.062003</speed><course>233.194351</course><hAcc>4.726850</hAcc><vAcc>3.388426</vAcc></extensions></trkpt>
      <trkpt lon="6.794280" lat="45.564968"><ele>2070.033447</ele><time>2022-01-19T14:55:42Z</time><extensions><speed>7.070760</speed><course>264.733887</course><hAcc>4.712894</hAcc><vAcc>3.407810</vAcc></extensions></trkpt>
      <trkpt lon="6.794090" lat="45.564926"><ele>2064.740234</ele><time>2022-01-19T14:55:44Z</time><extensions><speed>7.191511</speed><course>261.384583</course><hAcc>4.699077</hAcc><vAcc>3.426838</vAcc></extensions></trkpt>
      <trkpt lon="6.793944" lat="45.565005"><ele>2063.430664</ele><time>2022-01-19T14:55:46Z</time><extensions><speed>7.308857</speed><course>290.795288</course><hAcc>4.705706</hAcc><vAcc>3.417729</vAcc></extensions></trkpt>
      <trkpt lon="6.793651" lat="45.564996"><ele>2057.730225</ele><time>2022-01-19T14:55:51Z</time><extensions><speed>8.896608</speed><course>254.632629</course><hAcc>4.712594</hAcc><vAcc>3.408224</vAcc></extensions></trkpt>
      <trkpt lon="6.793523" lat="45.564941"><ele>2054.994141</ele><time>2022-01-19T14:55:52Z</time><extensions><speed>10.452018</speed><course>247.525314</course><hAcc>4.712710</hAcc><vAcc>3.408064</vAcc></extensions></trkpt>
      <trkpt lon="6.793391" lat="45.564942"><ele>2052.955078</ele><time>2022-01-19T14:55:53Z</time><extensions><speed>10.342216</speed><course>262.297760</course><hAcc>4.722798</hAcc><vAcc>3.394071</vAcc></extensions></trkpt>
      <trkpt lon="6.793269" lat="45.564972"><ele>2050.403076</ele><time>2022-01-19T14:55:54Z</time><extensions><speed>10.161086</speed><course>276.163849</course><hAcc>4.727226</hAcc><vAcc>3.387900</vAcc></extensions></trkpt>
      <trkpt lon="6.793056" lat="45.564969"><ele>2048.673828</ele><time>2022-01-19T14:55:56Z</time><extensions><speed>8.702412</speed><course>270.127167</course><hAcc>4.742907</hAcc><vAcc>3.365913</vAcc></extensions></trkpt>
      <trkpt lon="6.792890" lat="45.564964"><ele>2047.101807</ele><time>2022-01-19T14:55:58Z</time><extensions><speed>7.261038</speed><course>279.343933</course><hAcc>4.749631</hAcc><vAcc>3.356418</vAcc></extensions></trkpt>
      <trkpt lon="6.792751" lat="45.564921"><ele>2045.925781</ele><time>2022-01-19T14:56:00Z</time><extensions><speed>6.182011</speed><course>249.566086</course><hAcc>4.737684</hAcc><vAcc>3.373260</vAcc></extensions></trkpt>
      <trkpt lon="6.792595" lat="45.564837"><ele>2044.190796</ele><time>2022-01-19T14:56:02Z</time><extensions><speed>7.215455</speed><course>238.376205</course><hAcc>4.731977</hAcc><vAcc>3.381262</vAcc></extensions></trkpt>
      <trkpt lon="6.792385" lat="45.564818"><ele>2039.351440</ele><time>2022-01-19T14:56:03Z</time><extensions><speed>8.197512</speed><course>264.888123</course><hAcc>4.736033</hAcc><vAcc>3.375578</vAcc></extensions></trkpt>
      <trkpt lon="6.792220" lat="45.564775"><ele>2035.523193</ele><time>2022-01-19T14:56:05Z</time><extensions><speed>7.291134</speed><course>249.869293</course><hAcc>4.748744</hAcc><vAcc>3.357673</vAcc></extensions></trkpt>
      <trkpt lon="6.792048" lat="45.564788"><ele>2030.447510</ele><time>2022-01-19T14:56:07Z</time><extensions><speed>7.471465</speed><course>277.097107</course><hAcc>4.739274</hAcc><vAcc>3.371026</vAcc></extensions></trkpt>
      <trkpt lon="6.791881" lat="45.564716"><ele>2025.241089</ele><time>2022-01-19T14:56:09Z</time><extensions><speed>7.914275</speed><course>242.261551</course><hAcc>4.736310</hAcc><vAcc>3.375189</vAcc></extensions></trkpt>
      <trkpt lon="6.791710" lat="45.564721"><ele>2020.308105</ele><time>2022-01-19T14:56:11Z</time><extensions><speed>7.338336</speed><course>280.505096</course><hAcc>4.732363</hAcc><vAcc>3.380721</vAcc></extensions></trkpt>
      <trkpt lon="6.791559" lat="45.564615"><ele>2015.299072</ele><time>2022-01-19T14:56:13Z</time><extensions><speed>8.040907</speed><course>238.613052</course><hAcc>4.710225</hAcc><vAcc>3.411498</vAcc></extensions></trkpt>
      <trkpt lon="6.791389" lat="45.564635"><ele>2012.021118</ele><time>2022-01-19T14:56:15Z</time><extensions><speed>7.004695</speed><course>271.608002</course><hAcc>4.696746</hAcc><vAcc>3.430032</vAcc></extensions></trkpt>
      <trkpt lon="6.791205" lat="45.564636"><ele>2010.284912</ele><time>2022-01-19T14:56:17Z</time><extensions><speed>7.397999</speed><course>272.591675</course><hAcc>4.700380</hAcc><vAcc>3.425049</vAcc></extensions></trkpt>
      <trkpt lon="6.791032" lat="45.564638"><ele>2007.282471</ele><time>2022-01-19T14:56:19Z</time><extensions><speed>6.930982</speed><course>268.025604</course><hAcc>4.717351</hAcc><vAcc>3.401637</vAcc></extensions></trkpt>
      <trkpt lon="6.790906" lat="45.564548"><ele>2004.472412</ele><time>2022-01-19T14:56:21Z</time><extensions><speed>6.508524</speed><course>234.968033</course><hAcc>4.705019</hAcc><vAcc>3.418675</vAcc></extensions></trkpt>
      <trkpt lon="6.790713" lat="45.564535"><ele>2003.143921</ele><time>2022-01-19T14:56:23Z</time><extensions><speed>6.844731</speed><course>265.245850</course><hAcc>4.695243</hAcc><vAcc>3.432089</vAcc></extensions></trkpt>
      <trkpt lon="6.790560" lat="45.564533"><ele>1998.096680</ele><time>2022-01-19T14:56:25Z</time><extensions><speed>6.779440</speed><course>256.461639</course><hAcc>4.762280</hAcc><vAcc>3.338448</vAcc></extensions></trkpt>
      <trkpt lon="6.790378" lat="45.564496"><ele>1992.218994</ele><time>2022-01-19T14:56:27Z</time><extensions><speed>8.413572</speed><course>253.053696</course><hAcc>4.705131</hAcc><vAcc>3.418520</vAcc></extensions></trkpt>
      <trkpt lon="6.790218" lat="45.564549"><ele>1987.414795</ele><time>2022-01-19T14:56:29Z</time><extensions><speed>7.393199</speed><course>282.900696</course><hAcc>4.714312</hAcc><vAcc>3.405849</vAcc></extensions></trkpt>
      <trkpt lon="6.789993" lat="45.564620"><ele>1982.378906</ele><time>2022-01-19T14:56:32Z</time><extensions><speed>7.304647</speed><course>295.195221</course><hAcc>4.716678</hAcc><vAcc>3.402571</vAcc></extensions></trkpt>
      <trkpt lon="6.789837" lat="45.564706"><ele>1978.642700</ele><time>2022-01-19T14:56:34Z</time><extensions><speed>7.448405</speed><course>297.021484</course><hAcc>4.707043</hAcc><vAcc>3.415887</vAcc></extensions></trkpt>
      <trkpt lon="6.789597" lat="45.564730"><ele>1972.874512</ele><time>2022-01-19T14:56:36Z</time><extensions><speed>8.786921</speed><course>282.935272</course><hAcc>4.698673</hAcc><vAcc>3.427391</vAcc></extensions></trkpt>
      <trkpt lon="6.789542" lat="45.564812"><ele>1970.640137</ele><time>2022-01-19T14:56:37Z</time><extensions><speed>8.500468</speed><course>309.017029</course><hAcc>4.696599</hAcc><vAcc>3.430233</vAcc></extensions></trkpt>
      <trkpt lon="6.789501" lat="45.564916"><ele>1967.840820</ele><time>2022-01-19T14:56:39Z</time><extensions><speed>5.627178</speed><course>331.822571</course><hAcc>4.715673</hAcc><vAcc>3.403962</vAcc></extensions></trkpt>
      <trkpt lon="6.789348" lat="45.564939"><ele>1963.330811</ele><time>2022-01-19T14:56:40Z</time><extensions><speed>8.240979</speed><course>310.732361</course><hAcc>4.793381</hAcc><vAcc>3.293635</vAcc></extensions></trkpt>
      <trkpt lon="6.789156" lat="45.564997"><ele>1959.513550</ele><time>2022-01-19T14:56:42Z</time><extensions><speed>8.648093</speed><course>308.530426</course><hAcc>4.702580</hAcc><vAcc>3.422029</vAcc></extensions></trkpt>
      <trkpt lon="6.789010" lat="45.565017"><ele>1957.902344</ele><time>2022-01-19T14:56:43Z</time><extensions><speed>9.916801</speed><course>290.871521</course><hAcc>4.716017</hAcc><vAcc>3.403487</vAcc></extensions></trkpt>
      <trkpt lon="6.788876" lat="45.565004"><ele>1953.518311</ele><time>2022-01-19T14:56:44Z</time><extensions><speed>10.255823</speed><course>279.286255</course><hAcc>4.706633</hAcc><vAcc>3.416452</vAcc></extensions></trkpt>
      <trkpt lon="6.788767" lat="45.565103"><ele>1947.248779</ele><time>2022-01-19T14:56:46Z</time><extensions><speed>7.458659</speed><course>315.483429</course><hAcc>4.695195</hAcc><vAcc>3.432154</vAcc></extensions></trkpt>
      <trkpt lon="6.788600" lat="45.565184"><ele>1946.470459</ele><time>2022-01-19T14:56:48Z</time><extensions><speed>8.072101</speed><course>301.468048</course><hAcc>4.690121</hAcc><vAcc>3.439084</vAcc></extensions></trkpt>
      <trkpt lon="6.788520" lat="45.565258"><ele>1942.959717</ele><time>2022-01-19T14:56:49Z</time><extensions><speed>9.417209</speed><course>317.054016</course><hAcc>4.689081</hAcc><vAcc>3.440503</vAcc></extensions></trkpt>
      <trkpt lon="6.788438" lat="45.565363"><ele>1936.918579</ele><time>2022-01-19T14:56:51Z</time><extensions><speed>7.532824</speed><course>323.023376</course><hAcc>4.690908</hAcc><vAcc>3.438010</vAcc></extensions></trkpt>
      <trkpt lon="6.788299" lat="45.565452"><ele>1930.213623</ele><time>2022-01-19T14:56:53Z</time><extensions><speed>7.721419</speed><course>322.188934</course><hAcc>4.679088</hAcc><vAcc>3.454081</vAcc></extensions></trkpt>
      <trkpt lon="6.788202" lat="45.565519"><ele>1928.132568</ele><time>2022-01-19T14:56:54Z</time><extensions><speed>9.460956</speed><course>318.886047</course><hAcc>4.676682</hAcc><vAcc>3.457337</vAcc></extensions></trkpt>
      <trkpt lon="6.788073" lat="45.565522"><ele>1924.697998</ele><time>2022-01-19T14:56:55Z</time><extensions><speed>9.401909</speed><course>290.741028</course><hAcc>4.686073</hAcc><vAcc>3.444598</vAcc></extensions></trkpt>
      <trkpt lon="6.787922" lat="45.565574"><ele>1922.308716</ele><time>2022-01-19T14:56:56Z</time><extensions><speed>11.426787</speed><course>292.088348</course><hAcc>4.678233</hAcc><vAcc>3.455239</vAcc></extensions></trkpt>
      <trkpt lon="6.787808" lat="45.565646"><ele>1914.905029</ele><time>2022-01-19T14:56:57Z</time><extensions><speed>12.014707</speed><course>305.211456</course><hAcc>4.683849</hAcc><vAcc>3.447622</vAcc></extensions></trkpt>
      <trkpt lon="6.787723" lat="45.565754"><ele>1908.773071</ele><time>2022-01-19T14:56:58Z</time><extensions><speed>13.203304</speed><course>317.064697</course><hAcc>4.682969</hAcc><vAcc>3.448818</vAcc></extensions></trkpt>
      <trkpt lon="6.787603" lat="45.565823"><ele>1905.171631</ele><time>2022-01-19T14:56:59Z</time><extensions><speed>12.884431</speed><course>311.364777</course><hAcc>4.669514</hAcc><vAcc>3.467013</vAcc></extensions></trkpt>
      <trkpt lon="6.787425" lat="45.565892"><ele>1901.636719</ele><time>2022-01-19T14:57:00Z</time><extensions><speed>14.801565</speed><course>305.677063</course><hAcc>4.696151</hAcc><vAcc>3.430846</vAcc></extensions></trkpt>
      <trkpt lon="6.787288" lat="45.565940"><ele>1898.653076</ele><time>2022-01-19T14:57:01Z</time><extensions><speed>13.728326</speed><course>306.742126</course><hAcc>4.682789</hAcc><vAcc>3.449061</vAcc></extensions></trkpt>
      <trkpt lon="6.787192" lat="45.566004"><ele>1897.254517</ele><time>2022-01-19T14:57:02Z</time><extensions><speed>12.192757</speed><course>307.582825</course><hAcc>4.680440</hAcc><vAcc>3.452248</vAcc></extensions></trkpt>
      <trkpt lon="6.787046" lat="45.566054"><ele>1894.097534</ele><time>2022-01-19T14:57:03Z</time><extensions><speed>12.804698</speed><course>298.075165</course><hAcc>4.686980</hAcc><vAcc>3.443363</vAcc></extensions></trkpt>
      <trkpt lon="6.786951" lat="45.566122"><ele>1890.198853</ele><time>2022-01-19T14:57:04Z</time><extensions><speed>11.974396</speed><course>305.033936</course><hAcc>4.676479</hAcc><vAcc>3.457612</vAcc></extensions></trkpt>
      <trkpt lon="6.786819" lat="45.566258"><ele>1887.151001</ele><time>2022-01-19T14:57:06Z</time><extensions><speed>9.670267</speed><course>313.203583</course><hAcc>4.688865</hAcc><vAcc>3.440797</vAcc></extensions></trkpt>
      <trkpt lon="6.786696" lat="45.566326"><ele>1885.358765</ele><time>2022-01-19T14:57:07Z</time><extensions><speed>10.956388</speed><course>304.237976</course><hAcc>4.707710</hAcc><vAcc>3.414967</vAcc></extensions></trkpt>
      <trkpt lon="6.786589" lat="45.566408"><ele>1881.393921</ele><time>2022-01-19T14:57:08Z</time><extensions><speed>11.232209</speed><course>306.415771</course><hAcc>4.668882</hAcc><vAcc>3.467864</vAcc></extensions></trkpt>
      <trkpt lon="6.786504" lat="45.566475"><ele>1879.854614</ele><time>2022-01-19T14:57:09Z</time><extensions><speed>9.912805</speed><course>315.126709</course><hAcc>4.686849</hAcc><vAcc>3.443542</vAcc></extensions></trkpt>
      <trkpt lon="6.786409" lat="45.566590"><ele>1877.074463</ele><time>2022-01-19T14:57:10Z</time><extensions><speed>11.770934</speed><course>324.813995</course><hAcc>4.664844</hAcc><vAcc>3.473294</vAcc></extensions></trkpt>
      <trkpt lon="6.786300" lat="45.566640"><ele>1872.985596</ele><time>2022-01-19T14:57:11Z</time><extensions><speed>11.353666</speed><course>311.861755</course><hAcc>4.682648</hAcc><vAcc>3.449252</vAcc></extensions></trkpt>
      <trkpt lon="6.786139" lat="45.566670"><ele>1869.428833</ele><time>2022-01-19T14:57:12Z</time><extensions><speed>11.844327</speed><course>297.726685</course><hAcc>4.657522</hAcc><vAcc>3.483106</vAcc></extensions></trkpt>
      <trkpt lon="6.786027" lat="45.566731"><ele>1868.679810</ele><time>2022-01-19T14:57:13Z</time><extensions><speed>11.487287</speed><course>303.937805</course><hAcc>4.662727</hAcc><vAcc>3.476134</vAcc></extensions></trkpt>
      <trkpt lon="6.785974" lat="45.566822"><ele>1865.603882</ele><time>2022-01-19T14:57:14Z</time><extensions><speed>10.708724</speed><course>319.718842</course><hAcc>4.660278</hAcc><vAcc>3.479418</vAcc></extensions></trkpt>
      <trkpt lon="6.785938" lat="45.566923"><ele>1863.228027</ele><time>2022-01-19T14:57:15Z</time><extensions><speed>10.660936</speed><course>331.031311</course><hAcc>4.666538</hAcc><vAcc>3.471017</vAcc></extensions></trkpt>
      <trkpt lon="6.785855" lat="45.567015"><ele>1860.421021</ele><time>2022-01-19T14:57:16Z</time><extensions><speed>11.334474</speed><course>326.577148</course><hAcc>4.664210</hAcc><vAcc>3.474145</vAcc></extensions></trkpt>
      <trkpt lon="6.785727" lat="45.567109"><ele>1860.125610</ele><time>2022-01-19T14:57:17Z</time><extensions><speed>12.609605</speed><course>323.320618</course><hAcc>4.667235</hAcc><vAcc>3.470080</vAcc></extensions></trkpt>
      <trkpt lon="6.785640" lat="45.567191"><ele>1858.588867</ele><time>2022-01-19T14:57:18Z</time><extensions><speed>12.174229</speed><course>325.019653</course><hAcc>4.663818</hAcc><vAcc>3.474671</vAcc></extensions></trkpt>
      <trkpt lon="6.785552" lat="45.567256"><ele>1858.614746</ele><time>2022-01-19T14:57:19Z</time><extensions><speed>10.950952</speed><course>317.563507</course><hAcc>4.673883</hAcc><vAcc>3.461120</vAcc></extensions></trkpt>
      <trkpt lon="6.785477" lat="45.567349"><ele>1855.579102</ele><time>2022-01-19T14:57:20Z</time><extensions><speed>11.132359</speed><course>321.358093</course><hAcc>4.669607</hAcc><vAcc>3.466887</vAcc></extensions></trkpt>
      <trkpt lon="6.785398" lat="45.567450"><ele>1852.074951</ele><time>2022-01-19T14:57:21Z</time><extensions><speed>11.950805</speed><course>328.377960</course><hAcc>4.670385</hAcc><vAcc>3.465839</vAcc></extensions></trkpt>
      <trkpt lon="6.785334" lat="45.567532"><ele>1847.699829</ele><time>2022-01-19T14:57:22Z</time><extensions><speed>11.516633</speed><course>329.853912</course><hAcc>4.668986</hAcc><vAcc>3.467723</vAcc></extensions></trkpt>
      <trkpt lon="6.785238" lat="45.567617"><ele>1847.697144</ele><time>2022-01-19T14:57:23Z</time><extensions><speed>11.853164</speed><course>324.628143</course><hAcc>4.675488</hAcc><vAcc>3.458953</vAcc></extensions></trkpt>
      <trkpt lon="6.785098" lat="45.567692"><ele>1846.353882</ele><time>2022-01-19T14:57:24Z</time><extensions><speed>12.638691</speed><course>315.013397</course><hAcc>4.677332</hAcc><vAcc>3.456458</vAcc></extensions></trkpt>
      <trkpt lon="6.784985" lat="45.567766"><ele>1845.393433</ele><time>2022-01-19T14:57:25Z</time><extensions><speed>12.424137</speed><course>316.696259</course><hAcc>4.672878</hAcc><vAcc>3.462477</vAcc></extensions></trkpt>
      <trkpt lon="6.784930" lat="45.567855"><ele>1843.874268</ele><time>2022-01-19T14:57:26Z</time><extensions><speed>11.609981</speed><course>325.801971</course><hAcc>4.676503</hAcc><vAcc>3.457579</vAcc></extensions></trkpt>
      <trkpt lon="6.784880" lat="45.567950"><ele>1843.180176</ele><time>2022-01-19T14:57:27Z</time><extensions><speed>11.169190</speed><course>330.753021</course><hAcc>4.679068</hAcc><vAcc>3.454108</vAcc></extensions></trkpt>
      <trkpt lon="6.784792" lat="45.568046"><ele>1841.237915</ele><time>2022-01-19T14:57:28Z</time><extensions><speed>11.897611</speed><course>333.605408</course><hAcc>4.687255</hAcc><vAcc>3.442990</vAcc></extensions></trkpt>
      <trkpt lon="6.784666" lat="45.568110"><ele>1838.363403</ele><time>2022-01-19T14:57:29Z</time><extensions><speed>11.783238</speed><course>320.841431</course><hAcc>4.679416</hAcc><vAcc>3.453636</vAcc></extensions></trkpt>
      <trkpt lon="6.784589" lat="45.568210"><ele>1835.104736</ele><time>2022-01-19T14:57:30Z</time><extensions><speed>12.166988</speed><course>325.024506</course><hAcc>4.678317</hAcc><vAcc>3.455125</vAcc></extensions></trkpt>
      <trkpt lon="6.784542" lat="45.568313"><ele>1833.059937</ele><time>2022-01-19T14:57:31Z</time><extensions><speed>12.162236</speed><course>335.472198</course><hAcc>4.686332</hAcc><vAcc>3.444246</vAcc></extensions></trkpt>
      <trkpt lon="6.784457" lat="45.568397"><ele>1832.269775</ele><time>2022-01-19T14:57:32Z</time><extensions><speed>11.671922</speed><course>329.792297</course><hAcc>4.674525</hAcc><vAcc>3.460253</vAcc></extensions></trkpt>
      <trkpt lon="6.784345" lat="45.568466"><ele>1831.875122</ele><time>2022-01-19T14:57:33Z</time><extensions><speed>11.399973</speed><course>319.552429</course><hAcc>4.673889</hAcc><vAcc>3.461113</vAcc></extensions></trkpt>
      <trkpt lon="6.784157" lat="45.568493"><ele>1829.100342</ele><time>2022-01-19T14:57:34Z</time><extensions><speed>12.465884</speed><course>298.552856</course><hAcc>4.675658</hAcc><vAcc>3.458722</vAcc></extensions></trkpt>
      <trkpt lon="6.783987" lat="45.568508"><ele>1825.866211</ele><time>2022-01-19T14:57:35Z</time><extensions><speed>12.799305</speed><course>288.695190</course><hAcc>4.676154</hAcc><vAcc>3.458052</vAcc></extensions></trkpt>
      <trkpt lon="6.783865" lat="45.568548"><ele>1823.777100</ele><time>2022-01-19T14:57:36Z</time><extensions><speed>11.548375</speed><course>294.445312</course><hAcc>4.673513</hAcc><vAcc>3.461619</vAcc></extensions></trkpt>
      <trkpt lon="6.783695" lat="45.568642"><ele>1824.124390</ele><time>2022-01-19T14:57:38Z</time><extensions><speed>9.538141</speed><course>297.360474</course><hAcc>4.713972</hAcc><vAcc>3.406319</vAcc></extensions></trkpt>
      <trkpt lon="6.783574" lat="45.568702"><ele>1821.767822</ele><time>2022-01-19T14:57:39Z</time><extensions><speed>10.242270</speed><course>297.730865</course><hAcc>4.723063</hAcc><vAcc>3.393701</vAcc></extensions></trkpt>
      <trkpt lon="6.783416" lat="45.568846"><ele>1814.147583</ele><time>2022-01-19T14:57:41Z</time><extensions><speed>9.750801</speed><course>316.880219</course><hAcc>4.699957</hAcc><vAcc>3.425629</vAcc></extensions></trkpt>
      <trkpt lon="6.783218" lat="45.568910"><ele>1813.767822</ele><time>2022-01-19T14:57:43Z</time><extensions><speed>8.977322</speed><course>293.664978</course><hAcc>4.705832</hAcc><vAcc>3.417554</vAcc></extensions></trkpt>
      <trkpt lon="6.783039" lat="45.568995"><ele>1806.395142</ele><time>2022-01-19T14:57:45Z</time><extensions><speed>8.855233</speed><course>312.078979</course><hAcc>4.726738</hAcc><vAcc>3.388582</vAcc></extensions></trkpt>
      <trkpt lon="6.782958" lat="45.569108"><ele>1806.268921</ele><time>2022-01-19T14:57:47Z</time><extensions><speed>7.672704</speed><course>332.236786</course><hAcc>4.699109</hAcc><vAcc>3.426794</vAcc></extensions></trkpt>
      <trkpt lon="6.782830" lat="45.569183"><ele>1802.361450</ele><time>2022-01-19T14:57:51Z</time><extensions><speed>5.385452</speed><course>297.276672</course><hAcc>4.686118</hAcc><vAcc>3.444537</vAcc></extensions></trkpt>
      <trkpt lon="6.782695" lat="45.569177"><ele>1801.464355</ele><time>2022-01-19T14:57:53Z</time><extensions><speed>5.662916</speed><course>274.379120</course><hAcc>4.686895</hAcc><vAcc>3.443480</vAcc></extensions></trkpt>
      <trkpt lon="6.782583" lat="45.569238"><ele>1798.621948</ele><time>2022-01-19T14:57:55Z</time><extensions><speed>5.864933</speed><course>308.032715</course><hAcc>4.685179</hAcc><vAcc>3.445814</vAcc></extensions></trkpt>
      <trkpt lon="6.782528" lat="45.569340"><ele>1796.650146</ele><time>2022-01-19T14:57:58Z</time><extensions><speed>4.556167</speed><course>320.374786</course><hAcc>4.684138</hAcc><vAcc>3.447229</vAcc></extensions></trkpt>
      <trkpt lon="6.782362" lat="45.569399"><ele>1793.274048</ele><time>2022-01-19T14:58:00Z</time><extensions><speed>6.170139</speed><course>310.387665</course><hAcc>4.684006</hAcc><vAcc>3.447409</vAcc></extensions></trkpt>
      <trkpt lon="6.782254" lat="45.569512"><ele>1791.205566</ele><time>2022-01-19T14:58:03Z</time><extensions><speed>6.061416</speed><course>310.979797</course><hAcc>4.684519</hAcc><vAcc>3.446711</vAcc></extensions></trkpt>
      <trkpt lon="6.782140" lat="45.569628"><ele>1787.607666</ele><time>2022-01-19T14:58:05Z</time><extensions><speed>7.395129</speed><course>325.772125</course><hAcc>4.684857</hAcc><vAcc>3.446252</vAcc></extensions></trkpt>
      <trkpt lon="6.781977" lat="45.569680"><ele>1784.310791</ele><time>2022-01-19T14:58:07Z</time><extensions><speed>7.370394</speed><course>297.206909</course><hAcc>4.687052</hAcc><vAcc>3.443266</vAcc></extensions></trkpt>
      <trkpt lon="6.781798" lat="45.569779"><ele>1780.893677</ele><time>2022-01-19T14:58:09Z</time><extensions><speed>8.089528</speed><course>312.470581</course><hAcc>4.677004</hAcc><vAcc>3.456902</vAcc></extensions></trkpt>
      <trkpt lon="6.781836" lat="45.569870"><ele>1782.844238</ele><time>2022-01-19T14:58:11Z</time><extensions><speed>4.726470</speed><course>354.378204</course><hAcc>4.676332</hAcc><vAcc>3.457812</vAcc></extensions></trkpt>
      <trkpt lon="6.781707" lat="45.569927"><ele>1778.687622</ele><time>2022-01-19T14:58:13Z</time><extensions><speed>5.033322</speed><course>312.624664</course><hAcc>4.681227</hAcc><vAcc>3.451181</vAcc></extensions></trkpt>
      <trkpt lon="6.781601" lat="45.570002"><ele>1775.398438</ele><time>2022-01-19T14:58:14Z</time><extensions><speed>7.536714</speed><course>316.622345</course><hAcc>4.676841</hAcc><vAcc>3.457122</vAcc></extensions></trkpt>
      <trkpt lon="6.781645" lat="45.570094"><ele>1773.816162</ele><time>2022-01-19T14:58:16Z</time><extensions><speed>4.852159</speed><course>10.893270</course><hAcc>4.677242</hAcc><vAcc>3.456579</vAcc></extensions></trkpt>
      <trkpt lon="6.781525" lat="45.570195"><ele>1771.559692</ele><time>2022-01-19T14:58:19Z</time><extensions><speed>5.540547</speed><course>305.628479</course><hAcc>4.680061</hAcc><vAcc>3.452762</vAcc></extensions></trkpt>
      <trkpt lon="6.781397" lat="45.570231"><ele>1768.756592</ele><time>2022-01-19T14:58:21Z</time><extensions><speed>5.592152</speed><course>301.777130</course><hAcc>4.705780</hAcc><vAcc>3.417627</vAcc></extensions></trkpt>
      <trkpt lon="6.781265" lat="45.570283"><ele>1762.483887</ele><time>2022-01-19T14:58:24Z</time><extensions><speed>5.332774</speed><course>301.204254</course><hAcc>4.683854</hAcc><vAcc>3.447616</vAcc></extensions></trkpt>
      <trkpt lon="6.781070" lat="45.570357"><ele>1761.286133</ele><time>2022-01-19T14:59:10Z</time><extensions><speed>0.000000</speed><course>306.084442</course><hAcc>4.697424</hAcc><vAcc>3.429102</vAcc></extensions></trkpt>
      <trkpt lon="6.780947" lat="45.570410"><ele>1758.067139</ele><time>2022-01-19T14:59:11Z</time><extensions><speed>7.958987</speed><course>297.394897</course><hAcc>4.689310</hAcc><vAcc>3.440191</vAcc></extensions></trkpt>
      <trkpt lon="6.780754" lat="45.570469"><ele>1754.479492</ele><time>2022-01-19T14:59:14Z</time><extensions><speed>6.792873</speed><course>291.545746</course><hAcc>4.862949</hAcc><vAcc>3.190026</vAcc></extensions></trkpt>
      <trkpt lon="6.780916" lat="45.570533"><ele>1754.246704</ele><time>2022-01-19T14:59:15Z</time><extensions><speed>4.234993</speed><course>0.373582</course><hAcc>4.692017</hAcc><vAcc>3.436497</vAcc></extensions></trkpt>
      <trkpt lon="6.780887" lat="45.570634"><ele>1751.212280</ele><time>2022-01-19T14:59:19Z</time><extensions><speed>3.227325</speed><course>338.603668</course><hAcc>4.675579</hAcc><vAcc>3.458829</vAcc></extensions></trkpt>
      <trkpt lon="6.780915" lat="45.570739"><ele>1748.004150</ele><time>2022-01-19T14:59:22Z</time><extensions><speed>3.672450</speed><course>8.320723</course><hAcc>4.679549</hAcc><vAcc>3.453456</vAcc></extensions></trkpt>
      <trkpt lon="6.780939" lat="45.570836"><ele>1743.181763</ele><time>2022-01-19T14:59:25Z</time><extensions><speed>4.031927</speed><course>0.428972</course><hAcc>4.681522</hAcc><vAcc>3.450780</vAcc></extensions></trkpt>
      <trkpt lon="6.780815" lat="45.570916"><ele>1740.736816</ele><time>2022-01-19T14:59:27Z</time><extensions><speed>5.534922</speed><course>311.317902</course><hAcc>4.680353</hAcc><vAcc>3.452367</vAcc></extensions></trkpt>
      <trkpt lon="6.780667" lat="45.570937"><ele>1740.238892</ele><time>2022-01-19T14:59:31Z</time><extensions><speed>3.249046</speed><course>291.029449</course><hAcc>4.683366</hAcc><vAcc>3.448278</vAcc></extensions></trkpt>
      <trkpt lon="6.780507" lat="45.571016"><ele>1735.662964</ele><time>2022-01-19T14:59:41Z</time><extensions><speed>4.284259</speed><course>299.195435</course><hAcc>4.680991</hAcc><vAcc>3.451502</vAcc></extensions></trkpt>
      <trkpt lon="6.780389" lat="45.571076"><ele>1735.446167</ele><time>2022-01-19T14:59:43Z</time><extensions><speed>4.990402</speed><course>312.987122</course><hAcc>4.680660</hAcc><vAcc>3.451950</vAcc></extensions></trkpt>
      <trkpt lon="6.780263" lat="45.571162"><ele>1733.922607</ele><time>2022-01-19T14:59:46Z</time><extensions><speed>5.515282</speed><course>302.956573</course><hAcc>4.709677</hAcc><vAcc>3.412254</vAcc></extensions></trkpt>
      <trkpt lon="6.780198" lat="45.571273"><ele>1729.414429</ele><time>2022-01-19T14:59:49Z</time><extensions><speed>4.950842</speed><course>340.127167</course><hAcc>4.703024</hAcc><vAcc>3.421418</vAcc></extensions></trkpt>
      <trkpt lon="6.779997" lat="45.571329"><ele>1725.984741</ele><time>2022-01-19T14:59:51Z</time><extensions><speed>7.167671</speed><course>299.683197</course><hAcc>4.696297</hAcc><vAcc>3.430645</vAcc></extensions></trkpt>
      <trkpt lon="6.779966" lat="45.571443"><ele>1724.048584</ele><time>2022-01-19T14:59:53Z</time><extensions><speed>5.889633</speed><course>336.918610</course><hAcc>4.689160</hAcc><vAcc>3.440395</vAcc></extensions></trkpt>
      <trkpt lon="6.779931" lat="45.571535"><ele>1721.980225</ele><time>2022-01-19T14:59:55Z</time><extensions><speed>4.768391</speed><course>342.558594</course><hAcc>4.690888</hAcc><vAcc>3.438038</vAcc></extensions></trkpt>
      <trkpt lon="6.779734" lat="45.571570"><ele>1718.243896</ele><time>2022-01-19T14:59:57Z</time><extensions><speed>6.218344</speed><course>307.112152</course><hAcc>4.675117</hAcc><vAcc>3.459453</vAcc></extensions></trkpt>
      <trkpt lon="6.779632" lat="45.571638"><ele>1718.052490</ele><time>2022-01-19T14:59:59Z</time><extensions><speed>5.228380</speed><course>310.832550</course><hAcc>4.676020</hAcc><vAcc>3.458232</vAcc></extensions></trkpt>
      <trkpt lon="6.779398" lat="45.571653"><ele>1714.099243</ele><time>2022-01-19T15:00:01Z</time><extensions><speed>7.964882</speed><course>280.719910</course><hAcc>4.674860</hAcc><vAcc>3.459801</vAcc></extensions></trkpt>
      <trkpt lon="6.779273" lat="45.571719"><ele>1712.626465</ele><time>2022-01-19T15:00:03Z</time><extensions><speed>6.342368</speed><course>299.720520</course><hAcc>4.691195</hAcc><vAcc>3.437618</vAcc></extensions></trkpt>
      <trkpt lon="6.779137" lat="45.571737"><ele>1711.063232</ele><time>2022-01-19T15:00:05Z</time><extensions><speed>5.788002</speed><course>285.809875</course><hAcc>4.692896</hAcc><vAcc>3.435297</vAcc></extensions></trkpt>
      <trkpt lon="6.778981" lat="45.571773"><ele>1710.117554</ele><time>2022-01-19T15:00:12Z</time><extensions><speed>3.634823</speed><course>264.477386</course><hAcc>4.678747</hAcc><vAcc>3.454542</vAcc></extensions></trkpt>
      <trkpt lon="6.779049" lat="45.571646"><ele>1701.468750</ele><time>2022-01-19T15:02:15Z</time><extensions><speed>0.000000</speed><course>0.351562</course><hAcc>3.535534</hAcc><vAcc>4.000000</vAcc></extensions></trkpt>
      <trkpt lon="6.778934" lat="45.571692"><ele>1701.696899</ele><time>2022-01-19T15:02:46Z</time><extensions><speed>0.230000</speed><course>-1.000000</course><hAcc>4.599684</hAcc><vAcc>3.559135</vAcc></extensions></trkpt>
      <trkpt lon="6.778948" lat="45.571697"><ele>1709.083740</ele><time>2022-01-19T15:02:55Z</time><extensions><speed>0.000000</speed><course>188.298126</course><hAcc>4.703129</hAcc><vAcc>3.421273</vAcc></extensions></trkpt>
      <trkpt lon="6.778916" lat="45.571764"><ele>1710.119873</ele><time>2022-01-19T15:04:39Z</time><extensions><speed>0.075465</speed><course>15.159065</course><hAcc>206.666672</hAcc><vAcc>82.493568</vAcc></extensions></trkpt>
      <trkpt lon="6.778914" lat="45.571768"><ele>1710.183472</ele><time>2022-01-19T15:04:46Z</time><extensions><speed>0.075465</speed><course>167.826401</course><hAcc>63.996639</hAcc><vAcc>117.406982</vAcc></extensions></trkpt>
      <trkpt lon="6.778913" lat="45.571768"><ele>1710.193359</ele><time>2022-01-19T15:04:47Z</time><extensions><speed>0.075465</speed><course>121.424484</course><hAcc>61.000000</hAcc><vAcc>84.667412</vAcc></extensions></trkpt>
      <trkpt lon="6.778913" lat="45.571769"><ele>1710.203247</ele><time>2022-01-19T15:04:48Z</time><extensions><speed>0.075465</speed><course>127.535110</course><hAcc>61.000000</hAcc><vAcc>21.000000</vAcc></extensions></trkpt>
      <trkpt lon="6.778904" lat="45.571787"><ele>1710.477173</ele><time>2022-01-19T15:05:16Z</time><extensions><speed>1.253035</speed><course>334.407898</course><hAcc>5.999685</hAcc><vAcc>3.041222</vAcc></extensions></trkpt>
      <trkpt lon="6.778845" lat="45.571872"><ele>1709.694946</ele><time>2022-01-19T15:05:23Z</time><extensions><speed>1.224627</speed><course>340.934814</course><hAcc>4.663320</hAcc><vAcc>3.475339</vAcc></extensions></trkpt>
      <trkpt lon="6.778825" lat="45.571985"><ele>1710.064697</ele><time>2022-01-19T15:05:32Z</time><extensions><speed>1.762823</speed><course>348.462982</course><hAcc>4.667032</hAcc><vAcc>3.470353</vAcc></extensions></trkpt>
      <trkpt lon="6.778853" lat="45.572074"><ele>1709.033325</ele><time>2022-01-19T15:05:39Z</time><extensions><speed>1.049135</speed><course>32.358650</course><hAcc>4.655587</hAcc><vAcc>3.485691</vAcc></extensions></trkpt>
      <trkpt lon="6.778961" lat="45.572155"><ele>1708.651978</ele><time>2022-01-19T15:05:50Z</time><extensions><speed>2.298933</speed><course>58.425934</course><hAcc>4.649048</hAcc><vAcc>3.494408</vAcc></extensions></trkpt>
      <trkpt lon="6.778959" lat="45.572048"><ele>1713.141357</ele><time>2022-01-19T15:06:37Z</time><extensions><speed>0.000000</speed><course>219.789795</course><hAcc>4.680537</hAcc><vAcc>3.452116</vAcc></extensions></trkpt>
      <trkpt lon="6.779090" lat="45.572002"><ele>1708.588257</ele><time>2022-01-19T15:07:23Z</time><extensions><speed>1.825487</speed><course>94.214813</course><hAcc>4.626717</hAcc><vAcc>3.523922</vAcc></extensions></trkpt>
      <trkpt lon="6.779247" lat="45.571977"><ele>1708.195068</ele><time>2022-01-19T15:07:26Z</time><extensions><speed>3.520332</speed><course>104.044167</course><hAcc>4.621169</hAcc><vAcc>3.531194</vAcc></extensions></trkpt>
      <trkpt lon="6.779395" lat="45.571910"><ele>1714.049927</ele><time>2022-01-19T15:07:31Z</time><extensions><speed>3.332730</speed><course>108.012352</course><hAcc>4.629520</hAcc><vAcc>3.520239</vAcc></extensions></trkpt>
      <trkpt lon="6.779522" lat="45.571897"><ele>1718.614746</ele><time>2022-01-19T15:07:33Z</time><extensions><speed>3.700476</speed><course>103.528496</course><hAcc>4.635761</hAcc><vAcc>3.512016</vAcc></extensions></trkpt>
      <trkpt lon="6.779686" lat="45.571880"><ele>1724.392456</ele><time>2022-01-19T15:07:36Z</time><extensions><speed>3.688365</speed><course>99.654366</course><hAcc>4.647676</hAcc><vAcc>3.496233</vAcc></extensions></trkpt>
      <trkpt lon="6.779826" lat="45.571858"><ele>1728.731567</ele><time>2022-01-19T15:07:39Z</time><extensions><speed>3.454520</speed><course>107.547897</course><hAcc>4.652603</hAcc><vAcc>3.489673</vAcc></extensions></trkpt>
      <trkpt lon="6.780007" lat="45.571840"><ele>1730.289307</ele><time>2022-01-19T15:07:42Z</time><extensions><speed>4.528409</speed><course>107.669563</course><hAcc>4.656824</hAcc><vAcc>3.484040</vAcc></extensions></trkpt>
      <trkpt lon="6.780176" lat="45.571826"><ele>1735.018677</ele><time>2022-01-19T15:07:45Z</time><extensions><speed>4.171636</speed><course>102.277313</course><hAcc>4.675848</hAcc><vAcc>3.458466</vAcc></extensions></trkpt>
      <trkpt lon="6.780339" lat="45.571810"><ele>1739.369385</ele><time>2022-01-19T15:07:48Z</time><extensions><speed>4.030777</speed><course>100.816467</course><hAcc>4.685873</hAcc><vAcc>3.444870</vAcc></extensions></trkpt>
      <trkpt lon="6.780496" lat="45.571799"><ele>1743.721069</ele><time>2022-01-19T15:07:51Z</time><extensions><speed>4.076035</speed><course>101.183037</course><hAcc>4.699177</hAcc><vAcc>3.426700</vAcc></extensions></trkpt>
      <trkpt lon="6.780645" lat="45.571780"><ele>1747.198120</ele><time>2022-01-19T15:07:54Z</time><extensions><speed>4.118319</speed><course>103.698433</course><hAcc>4.707695</hAcc><vAcc>3.414988</vAcc></extensions></trkpt>
      <trkpt lon="6.780789" lat="45.571768"><ele>1750.574951</ele><time>2022-01-19T15:07:57Z</time><extensions><speed>4.008770</speed><course>101.204987</course><hAcc>4.709596</hAcc><vAcc>3.412366</vAcc></extensions></trkpt>
      <trkpt lon="6.780943" lat="45.571742"><ele>1753.666016</ele><time>2022-01-19T15:08:00Z</time><extensions><speed>4.044749</speed><course>102.193428</course><hAcc>4.705400</hAcc><vAcc>3.418151</vAcc></extensions></trkpt>
      <trkpt lon="6.781085" lat="45.571723"><ele>1757.599243</ele><time>2022-01-19T15:08:03Z</time><extensions><speed>4.008103</speed><course>98.388802</course><hAcc>4.705946</hAcc><vAcc>3.417398</vAcc></extensions></trkpt>
      <trkpt lon="6.781228" lat="45.571701"><ele>1760.260254</ele><time>2022-01-19T15:08:06Z</time><extensions><speed>4.143379</speed><course>98.573997</course><hAcc>4.702207</hAcc><vAcc>3.422541</vAcc></extensions></trkpt>
      <trkpt lon="6.781374" lat="45.571677"><ele>1763.754150</ele><time>2022-01-19T15:08:09Z</time><extensions><speed>3.960529</speed><course>101.112617</course><hAcc>4.706017</hAcc><vAcc>3.417301</vAcc></extensions></trkpt>
      <trkpt lon="6.781524" lat="45.571648"><ele>1768.188477</ele><time>2022-01-19T15:08:12Z</time><extensions><speed>4.026860</speed><course>101.812584</course><hAcc>4.703826</hAcc><vAcc>3.420315</vAcc></extensions></trkpt>
      <trkpt lon="6.781671" lat="45.571627"><ele>1772.056152</ele><time>2022-01-19T15:08:15Z</time><extensions><speed>4.007702</speed><course>102.234314</course><hAcc>4.707451</hAcc><vAcc>3.415325</vAcc></extensions></trkpt>
      <trkpt lon="6.781811" lat="45.571601"><ele>1776.605713</ele><time>2022-01-19T15:08:18Z</time><extensions><speed>4.031224</speed><course>104.167145</course><hAcc>4.709684</hAcc><vAcc>3.412245</vAcc></extensions></trkpt>
      <trkpt lon="6.781955" lat="45.571583"><ele>1778.356445</ele><time>2022-01-19T15:08:21Z</time><extensions><speed>4.156842</speed><course>98.214363</course><hAcc>4.709523</hAcc><vAcc>3.412467</vAcc></extensions></trkpt>
      <trkpt lon="6.782106" lat="45.571551"><ele>1780.869995</ele><time>2022-01-19T15:08:24Z</time><extensions><speed>4.083270</speed><course>104.192101</course><hAcc>4.707189</hAcc><vAcc>3.415686</vAcc></extensions></trkpt>
      <trkpt lon="6.782254" lat="45.571528"><ele>1783.368774</ele><time>2022-01-19T15:08:27Z</time><extensions><speed>4.057517</speed><course>102.757027</course><hAcc>4.707910</hAcc><vAcc>3.414692</vAcc></extensions></trkpt>
      <trkpt lon="6.782404" lat="45.571505"><ele>1786.133179</ele><time>2022-01-19T15:08:30Z</time><extensions><speed>3.911052</speed><course>101.922493</course><hAcc>4.708424</hAcc><vAcc>3.413983</vAcc></extensions></trkpt>
      <trkpt lon="6.782548" lat="45.571484"><ele>1789.610840</ele><time>2022-01-19T15:08:33Z</time><extensions><speed>3.938136</speed><course>102.375618</course><hAcc>4.704911</hAcc><vAcc>3.418823</vAcc></extensions></trkpt>
      <trkpt lon="6.782686" lat="45.571463"><ele>1793.266846</ele><time>2022-01-19T15:08:36Z</time><extensions><speed>4.006696</speed><course>102.985329</course><hAcc>4.702550</hAcc><vAcc>3.422070</vAcc></extensions></trkpt>
      <trkpt lon="6.782826" lat="45.571446"><ele>1796.337646</ele><time>2022-01-19T15:08:39Z</time><extensions><speed>3.984504</speed><course>102.143120</course><hAcc>4.698275</hAcc><vAcc>3.427936</vAcc></extensions></trkpt>
      <trkpt lon="6.782968" lat="45.571423"><ele>1799.680664</ele><time>2022-01-19T15:08:42Z</time><extensions><speed>4.004100</speed><course>102.893616</course><hAcc>4.698910</hAcc><vAcc>3.427067</vAcc></extensions></trkpt>
      <trkpt lon="6.783112" lat="45.571403"><ele>1803.289551</ele><time>2022-01-19T15:08:45Z</time><extensions><speed>4.076384</speed><course>103.336891</course><hAcc>4.694778</hAcc><vAcc>3.432724</vAcc></extensions></trkpt>
      <trkpt lon="6.783255" lat="45.571390"><ele>1806.732544</ele><time>2022-01-19T15:08:48Z</time><extensions><speed>3.983176</speed><course>100.893394</course><hAcc>4.693468</hAcc><vAcc>3.434515</vAcc></extensions></trkpt>
      <trkpt lon="6.783396" lat="45.571362"><ele>1807.110229</ele><time>2022-01-19T15:08:51Z</time><extensions><speed>3.874288</speed><course>101.876320</course><hAcc>4.695405</hAcc><vAcc>3.431866</vAcc></extensions></trkpt>
      <trkpt lon="6.783548" lat="45.571345"><ele>1808.171021</ele><time>2022-01-19T15:08:54Z</time><extensions><speed>4.007442</speed><course>103.080032</course><hAcc>4.693069</hAcc><vAcc>3.435061</vAcc></extensions></trkpt>
      <trkpt lon="6.783699" lat="45.571326"><ele>1809.459961</ele><time>2022-01-19T15:08:57Z</time><extensions><speed>3.959984</speed><course>101.977654</course><hAcc>4.693280</hAcc><vAcc>3.434772</vAcc></extensions></trkpt>
      <trkpt lon="6.783846" lat="45.571314"><ele>1810.518066</ele><time>2022-01-19T15:09:00Z</time><extensions><speed>3.825459</speed><course>95.396027</course><hAcc>4.686330</hAcc><vAcc>3.444248</vAcc></extensions></trkpt>
      <trkpt lon="6.783992" lat="45.571287"><ele>1810.955933</ele><time>2022-01-19T15:09:03Z</time><extensions><speed>3.880139</speed><course>101.535896</course><hAcc>4.688380</hAcc><vAcc>3.441457</vAcc></extensions></trkpt>
      <trkpt lon="6.784142" lat="45.571270"><ele>1811.842407</ele><time>2022-01-19T15:09:06Z</time><extensions><speed>4.014180</speed><course>102.545570</course><hAcc>4.684411</hAcc><vAcc>3.446859</vAcc></extensions></trkpt>
      <trkpt lon="6.784281" lat="45.571241"><ele>1812.417480</ele><time>2022-01-19T15:09:09Z</time><extensions><speed>3.668427</speed><course>105.098648</course><hAcc>4.674805</hAcc><vAcc>3.459876</vAcc></extensions></trkpt>
      <trkpt lon="6.784435" lat="45.571220"><ele>1814.973022</ele><time>2022-01-19T15:09:12Z</time><extensions><speed>4.044169</speed><course>99.204201</course><hAcc>4.663649</hAcc><vAcc>3.474898</vAcc></extensions></trkpt>
      <trkpt lon="6.784583" lat="45.571192"><ele>1817.023560</ele><time>2022-01-19T15:09:15Z</time><extensions><speed>4.014417</speed><course>106.340225</course><hAcc>4.680872</hAcc><vAcc>3.451662</vAcc></extensions></trkpt>
      <trkpt lon="6.784742" lat="45.571173"><ele>1818.878052</ele><time>2022-01-19T15:09:18Z</time><extensions><speed>4.164344</speed><course>101.022766</course><hAcc>4.685860</hAcc><vAcc>3.444889</vAcc></extensions></trkpt>
      <trkpt lon="6.784888" lat="45.571145"><ele>1820.917969</ele><time>2022-01-19T15:09:21Z</time><extensions><speed>3.968394</speed><course>100.772064</course><hAcc>4.689027</hAcc><vAcc>3.440576</vAcc></extensions></trkpt>
      <trkpt lon="6.785034" lat="45.571112"><ele>1822.395020</ele><time>2022-01-19T15:09:24Z</time><extensions><speed>4.050516</speed><course>104.992874</course><hAcc>4.688436</hAcc><vAcc>3.441381</vAcc></extensions></trkpt>
      <trkpt lon="6.785173" lat="45.571090"><ele>1824.820435</ele><time>2022-01-19T15:09:27Z</time><extensions><speed>3.947633</speed><course>104.140816</course><hAcc>4.680058</hAcc><vAcc>3.452766</vAcc></extensions></trkpt>
      <trkpt lon="6.785315" lat="45.571064"><ele>1826.913940</ele><time>2022-01-19T15:09:30Z</time><extensions><speed>3.897613</speed><course>105.650932</course><hAcc>4.676845</hAcc><vAcc>3.457117</vAcc></extensions></trkpt>
      <trkpt lon="6.785464" lat="45.571051"><ele>1826.159180</ele><time>2022-01-19T15:09:33Z</time><extensions><speed>3.946480</speed><course>99.651527</course><hAcc>4.688356</hAcc><vAcc>3.441490</vAcc></extensions></trkpt>
      <trkpt lon="6.785613" lat="45.571034"><ele>1826.924561</ele><time>2022-01-19T15:09:36Z</time><extensions><speed>3.913439</speed><course>98.510612</course><hAcc>4.695128</hAcc><vAcc>3.432245</vAcc></extensions></trkpt>
      <trkpt lon="6.785762" lat="45.571013"><ele>1827.563110</ele><time>2022-01-19T15:09:39Z</time><extensions><speed>4.067601</speed><course>103.490280</course><hAcc>4.699386</hAcc><vAcc>3.426413</vAcc></extensions></trkpt>
      <trkpt lon="6.785908" lat="45.570987"><ele>1827.256836</ele><time>2022-01-19T15:09:42Z</time><extensions><speed>4.011549</speed><course>105.186104</course><hAcc>4.697692</hAcc><vAcc>3.428735</vAcc></extensions></trkpt>
      <trkpt lon="6.786064" lat="45.570960"><ele>1826.898560</ele><time>2022-01-19T15:09:45Z</time><extensions><speed>4.104041</speed><course>100.757675</course><hAcc>4.695230</hAcc><vAcc>3.432105</vAcc></extensions></trkpt>
      <trkpt lon="6.786209" lat="45.570930"><ele>1826.799072</ele><time>2022-01-19T15:09:48Z</time><extensions><speed>3.953153</speed><course>104.771790</course><hAcc>4.704127</hAcc><vAcc>3.419901</vAcc></extensions></trkpt>
      <trkpt lon="6.786086" lat="45.570981"><ele>1829.144531</ele><time>2022-01-19T15:10:10Z</time><extensions><speed>0.000000</speed><course>295.225861</course><hAcc>4.703231</hAcc><vAcc>3.421134</vAcc></extensions></trkpt>
      <trkpt lon="6.785981" lat="45.571051"><ele>1828.201294</ele><time>2022-01-19T15:10:17Z</time><extensions><speed>1.482540</speed><course>305.235138</course><hAcc>4.675095</hAcc><vAcc>3.459484</vAcc></extensions></trkpt>
      <trkpt lon="6.785893" lat="45.571119"><ele>1825.247559</ele><time>2022-01-19T15:10:23Z</time><extensions><speed>1.645261</speed><course>307.648254</course><hAcc>4.675802</hAcc><vAcc>3.458527</vAcc></extensions></trkpt>
      <trkpt lon="6.785785" lat="45.571169"><ele>1822.911865</ele><time>2022-01-19T15:10:29Z</time><extensions><speed>1.878729</speed><course>294.201599</course><hAcc>4.667884</hAcc><vAcc>3.469206</vAcc></extensions></trkpt>
      <trkpt lon="6.785685" lat="45.571231"><ele>1822.543335</ele><time>2022-01-19T15:10:35Z</time><extensions><speed>1.617600</speed><course>302.094147</course><hAcc>4.655270</hAcc><vAcc>3.486115</vAcc></extensions></trkpt>
      <trkpt lon="6.785556" lat="45.571263"><ele>1822.315918</ele><time>2022-01-19T15:10:43Z</time><extensions><speed>1.786879</speed><course>274.176788</course><hAcc>4.659474</hAcc><vAcc>3.480494</vAcc></extensions></trkpt>
      <trkpt lon="6.785434" lat="45.571297"><ele>1821.281006</ele><time>2022-01-19T15:10:51Z</time><extensions><speed>1.084875</speed><course>283.490906</course><hAcc>4.661873</hAcc><vAcc>3.477280</vAcc></extensions></trkpt>
      <trkpt lon="6.785337" lat="45.571360"><ele>1822.754639</ele><time>2022-01-19T15:11:25Z</time><extensions><speed>0.543955</speed><course>331.183411</course><hAcc>4.684367</hAcc><vAcc>3.446918</vAcc></extensions></trkpt>
      <trkpt lon="6.785211" lat="45.571330"><ele>1813.612915</ele><time>2022-01-19T15:13:35Z</time><extensions><speed>0.852705</speed><course>277.031250</course><hAcc>4.599680</hAcc><vAcc>3.559140</vAcc></extensions></trkpt>
      <trkpt lon="6.785106" lat="45.571385"><ele>1819.252808</ele><time>2022-01-19T15:13:52Z</time><extensions><speed>0.709734</speed><course>323.032959</course><hAcc>4.747707</hAcc><vAcc>3.359138</vAcc></extensions></trkpt>
      <trkpt lon="6.785112" lat="45.571483"><ele>1813.937622</ele><time>2022-01-19T15:14:51Z</time><extensions><speed>0.925242</speed><course>1.137363</course><hAcc>4.754715</hAcc><vAcc>3.349212</vAcc></extensions></trkpt>
      <trkpt lon="6.785225" lat="45.571527"><ele>1813.228760</ele><time>2022-01-19T15:17:44Z</time><extensions><speed>0.611147</speed><course>93.433258</course><hAcc>4.676201</hAcc><vAcc>3.457988</vAcc></extensions></trkpt>
      <trkpt lon="6.785225" lat="45.571435"><ele>1814.928955</ele><time>2022-01-19T15:18:08Z</time><extensions><speed>0.477264</speed><course>170.266632</course><hAcc>4.677355</hAcc><vAcc>3.456427</vAcc></extensions></trkpt>
    </trkseg>
  </trk>
</gpx>