<?xml version="1.0" encoding="UTF-8"?>
<gpx version="1.1" creator="Apple Health Export" xmlns="http://www.topografix.com/GPX/1/1" xmlns:xsi="http://www.w3.org/2001/XMLSchema-instance" xsi:schemaLocation="http://www.topografix.com/GPX/1/1 http://www.topografix.com/GPX/1/1/gpx.xsd">
  <metadata>
    <time>2026-06-04T15:24:54Z</time>
  </metadata>
  <trk>
    <name>Route 2025-06-11 9:20pm</name>
    <trkseg>
      <trkpt lon="12.252155" lat="46.579544"><ele>1755.995033</ele><time>2025-06-11T18:04:34Z</time><extensions><speed>1.546495</speed><course>5.722699</course><hAcc>1.778681</hAcc><vAcc>2.243380</vAcc></extensions></trkpt>
      <trkpt lon="12.252157" lat="46.579557"><ele>1755.992931</ele><time>2025-06-11T18:04:35Z</time><extensions><speed>1.516074</speed><course>8.448366</course><hAcc>1.570158</hAcc><vAcc>2.024411</vAcc></extensions></trkpt>
      <trkpt lon="12.252159" lat="46.579571"><ele>1756.013504</ele><time>2025-06-11T18:04:36Z</time><extensions><speed>1.515694</speed><course>1.964107</course><hAcc>1.455863</hAcc><vAcc>1.839877</vAcc></extensions></trkpt>
      <trkpt lon="12.252160" lat="46.579584"><ele>1756.040332</ele><time>2025-06-11T18:04:37Z</time><extensions><speed>1.496685</speed><course>3.991775</course><hAcc>1.385218</hAcc><vAcc>1.685482</vAcc></extensions></trkpt>
      <trkpt lon="12.252163" lat="46.579598"><ele>1756.083658</ele><time>2025-06-11T18:04:38Z</time><extensions><speed>1.502283</speed><course>12.262785</course><hAcc>1.324984</hAcc><vAcc>1.558399</vAcc></extensions></trkpt>
      <trkpt lon="12.252166" lat="46.579611"><ele>1756.113357</ele><time>2025-06-11T18:04:39Z</time><extensions><speed>1.489237</speed><course>9.451665</course><hAcc>1.274959</hAcc><vAcc>1.455117</vAcc></extensions></trkpt>
      <trkpt lon="12.252168" lat="46.579624"><ele>1756.115763</ele><time>2025-06-11T18:04:40Z</time><extensions><speed>1.487342</speed><course>1.017331</course><hAcc>1.250918</hAcc><vAcc>1.372037</vAcc></extensions></trkpt>
      <trkpt lon="12.252167" lat="46.579637"><ele>1756.068300</ele><time>2025-06-11T18:04:41Z</time><extensions><speed>1.503803</speed><course>354.121785</course><hAcc>1.260615</hAcc><vAcc>1.305336</vAcc></extensions></trkpt>
      <trkpt lon="12.252165" lat="46.579651"><ele>1756.012188</ele><time>2025-06-11T18:04:42Z</time><extensions><speed>1.442782</speed><course>351.776848</course><hAcc>1.260816</hAcc><vAcc>1.252632</vAcc></extensions></trkpt>
      <trkpt lon="12.252163" lat="46.579663"><ele>1755.936635</ele><time>2025-06-11T18:04:43Z</time><extensions><speed>1.334778</speed><course>357.070554</course><hAcc>1.232117</hAcc><vAcc>1.211013</vAcc></extensions></trkpt>
      <trkpt lon="12.252162" lat="46.579674"><ele>1755.856045</ele><time>2025-06-11T18:04:44Z</time><extensions><speed>1.212712</speed><course>354.844034</course><hAcc>1.226562</hAcc><vAcc>1.178917</vAcc></extensions></trkpt>
      <trkpt lon="12.252160" lat="46.579685"><ele>1755.865963</ele><time>2025-06-11T18:04:45Z</time><extensions><speed>1.205658</speed><course>355.798515</course><hAcc>1.231652</hAcc><vAcc>1.153525</vAcc></extensions></trkpt>
      <trkpt lon="12.252159" lat="46.579696"><ele>1755.861923</ele><time>2025-06-11T18:04:46Z</time><extensions><speed>1.264455</speed><course>354.586618</course><hAcc>1.218040</hAcc><vAcc>1.134040</vAcc></extensions></trkpt>
      <trkpt lon="12.252157" lat="46.579708"><ele>1755.885379</ele><time>2025-06-11T18:04:47Z</time><extensions><speed>1.371881</speed><course>351.186030</course><hAcc>1.196082</hAcc><vAcc>1.120082</vAcc></extensions></trkpt>
      <trkpt lon="12.252154" lat="46.579720"><ele>1755.926318</ele><time>2025-06-11T18:04:48Z</time><extensions><speed>1.444977</speed><course>349.100290</course><hAcc>1.182049</hAcc><vAcc>1.110252</vAcc></extensions></trkpt>
      <trkpt lon="12.252150" lat="46.579733"><ele>1755.968428</ele><time>2025-06-11T18:04:49Z</time><extensions><speed>1.411144</speed><course>345.683630</course><hAcc>1.174203</hAcc><vAcc>1.103648</vAcc></extensions></trkpt>
      <trkpt lon="12.252145" lat="46.579745"><ele>1756.030712</ele><time>2025-06-11T18:04:50Z</time><extensions><speed>1.352309</speed><course>340.807768</course><hAcc>1.155146</hAcc><vAcc>1.100280</vAcc></extensions></trkpt>
      <trkpt lon="12.252139" lat="46.579755"><ele>1756.107045</ele><time>2025-06-11T18:04:51Z</time><extensions><speed>1.246681</speed><course>331.778519</course><hAcc>1.117125</hAcc><vAcc>1.097911</vAcc></extensions></trkpt>
      <trkpt lon="12.252131" lat="46.579765"><ele>1756.195750</ele><time>2025-06-11T18:04:52Z</time><extensions><speed>1.274810</speed><course>327.059276</course><hAcc>1.106391</hAcc><vAcc>1.096554</vAcc></extensions></trkpt>
      <trkpt lon="12.252121" lat="46.579775"><ele>1756.282248</ele><time>2025-06-11T18:04:53Z</time><extensions><speed>1.269572</speed><course>321.248623</course><hAcc>1.075522</hAcc><vAcc>1.096856</vAcc></extensions></trkpt>
      <trkpt lon="12.252109" lat="46.579783"><ele>1756.362858</ele><time>2025-06-11T18:04:54Z</time><extensions><speed>1.365970</speed><course>308.550097</course><hAcc>1.082943</hAcc><vAcc>1.097915</vAcc></extensions></trkpt>
      <trkpt lon="12.252094" lat="46.579789"><ele>1756.445314</ele><time>2025-06-11T18:04:55Z</time><extensions><speed>1.268994</speed><course>289.114187</course><hAcc>1.081723</hAcc><vAcc>1.099634</vAcc></extensions></trkpt>
      <trkpt lon="12.252079" lat="46.579794"><ele>1756.537599</ele><time>2025-06-11T18:04:56Z</time><extensions><speed>1.314361</speed><course>302.489372</course><hAcc>1.070182</hAcc><vAcc>1.101900</vAcc></extensions></trkpt>
      <trkpt lon="12.252069" lat="46.579802"><ele>1756.631190</ele><time>2025-06-11T18:04:57Z</time><extensions><speed>1.319269</speed><course>338.530770</course><hAcc>1.076057</hAcc><vAcc>1.104100</vAcc></extensions></trkpt>
      <trkpt lon="12.252067" lat="46.579815"><ele>1756.803095</ele><time>2025-06-11T18:04:58Z</time><extensions><speed>1.509013</speed><course>8.804521</course><hAcc>1.072094</hAcc><vAcc>1.104325</vAcc></extensions></trkpt>
      <trkpt lon="12.252072" lat="46.579828"><ele>1756.961848</ele><time>2025-06-11T18:04:59Z</time><extensions><speed>1.590852</speed><course>16.717725</course><hAcc>1.096277</hAcc><vAcc>1.104065</vAcc></extensions></trkpt>
      <trkpt lon="12.252078" lat="46.579842"><ele>1757.110869</ele><time>2025-06-11T18:05:00Z</time><extensions><speed>1.604744</speed><course>16.186751</course><hAcc>1.104223</hAcc><vAcc>1.104188</vAcc></extensions></trkpt>
      <trkpt lon="12.252083" lat="46.579856"><ele>1757.244253</ele><time>2025-06-11T18:05:01Z</time><extensions><speed>1.577088</speed><course>13.973983</course><hAcc>1.118894</hAcc><vAcc>1.104159</vAcc></extensions></trkpt>
      <trkpt lon="12.252088" lat="46.579870"><ele>1757.360148</ele><time>2025-06-11T18:05:02Z</time><extensions><speed>1.594756</speed><course>12.414789</course><hAcc>1.121035</hAcc><vAcc>1.105112</vAcc></extensions></trkpt>
      <trkpt lon="12.252092" lat="46.579884"><ele>1757.471061</ele><time>2025-06-11T18:05:03Z</time><extensions><speed>1.574214</speed><course>10.966182</course><hAcc>1.127902</hAcc><vAcc>1.104553</vAcc></extensions></trkpt>
      <trkpt lon="12.252096" lat="46.579898"><ele>1757.571361</ele><time>2025-06-11T18:05:04Z</time><extensions><speed>1.568073</speed><course>11.240547</course><hAcc>1.113597</hAcc><vAcc>1.102797</vAcc></extensions></trkpt>
      <trkpt lon="12.252100" lat="46.579912"><ele>1757.710875</ele><time>2025-06-11T18:05:05Z</time><extensions><speed>1.597788</speed><course>13.808814</course><hAcc>1.095298</hAcc><vAcc>1.100310</vAcc></extensions></trkpt>
      <trkpt lon="12.252105" lat="46.579925"><ele>1757.876525</ele><time>2025-06-11T18:05:06Z</time><extensions><speed>1.567426</speed><course>14.059942</course><hAcc>1.104271</hAcc><vAcc>1.096113</vAcc></extensions></trkpt>
      <trkpt lon="12.252110" lat="46.579939"><ele>1758.043413</ele><time>2025-06-11T18:05:07Z</time><extensions><speed>1.540091</speed><course>11.653186</course><hAcc>1.092269</hAcc><vAcc>1.090954</vAcc></extensions></trkpt>
      <trkpt lon="12.252114" lat="46.579952"><ele>1758.254856</ele><time>2025-06-11T18:05:08Z</time><extensions><speed>1.466862</speed><course>10.622084</course><hAcc>1.087196</hAcc><vAcc>1.083994</vAcc></extensions></trkpt>
      <trkpt lon="12.252117" lat="46.579966"><ele>1758.457626</ele><time>2025-06-11T18:05:09Z</time><extensions><speed>1.528565</speed><course>7.805277</course><hAcc>1.068745</hAcc><vAcc>1.076284</vAcc></extensions></trkpt>
      <trkpt lon="12.252119" lat="46.579979"><ele>1758.615359</ele><time>2025-06-11T18:05:10Z</time><extensions><speed>1.563465</speed><course>4.820272</course><hAcc>1.054985</hAcc><vAcc>1.068168</vAcc></extensions></trkpt>
      <trkpt lon="12.252121" lat="46.579993"><ele>1758.770096</ele><time>2025-06-11T18:05:11Z</time><extensions><speed>1.548800</speed><course>5.615245</course><hAcc>1.052758</hAcc><vAcc>1.059462</vAcc></extensions></trkpt>
      <trkpt lon="12.252123" lat="46.580007"><ele>1758.908634</ele><time>2025-06-11T18:05:12Z</time><extensions><speed>1.533391</speed><course>5.479402</course><hAcc>1.051961</hAcc><vAcc>1.051304</vAcc></extensions></trkpt>
      <trkpt lon="12.252125" lat="46.580021"><ele>1759.040911</ele><time>2025-06-11T18:05:13Z</time><extensions><speed>1.536155</speed><course>5.811244</course><hAcc>1.032544</hAcc><vAcc>1.042408</vAcc></extensions></trkpt>
      <trkpt lon="12.252127" lat="46.580035"><ele>1759.157622</ele><time>2025-06-11T18:05:14Z</time><extensions><speed>1.550323</speed><course>9.710539</course><hAcc>1.016502</hAcc><vAcc>1.033844</vAcc></extensions></trkpt>
      <trkpt lon="12.252131" lat="46.580048"><ele>1759.266216</ele><time>2025-06-11T18:05:15Z</time><extensions><speed>1.540052</speed><course>13.187358</course><hAcc>1.010294</hAcc><vAcc>1.025321</vAcc></extensions></trkpt>
      <trkpt lon="12.252135" lat="46.580062"><ele>1759.353920</ele><time>2025-06-11T18:05:16Z</time><extensions><speed>1.478150</speed><course>6.679002</course><hAcc>1.000356</hAcc><vAcc>1.013853</vAcc></extensions></trkpt>
      <trkpt lon="12.252135" lat="46.580075"><ele>1759.449088</ele><time>2025-06-11T18:05:17Z</time><extensions><speed>1.465200</speed><course>357.353534</course><hAcc>0.984506</hAcc><vAcc>1.001271</vAcc></extensions></trkpt>
      <trkpt lon="12.252134" lat="46.580088"><ele>1759.536077</ele><time>2025-06-11T18:05:18Z</time><extensions><speed>1.443517</speed><course>354.401885</course><hAcc>0.979004</hAcc><vAcc>0.990437</vAcc></extensions></trkpt>
      <trkpt lon="12.252134" lat="46.580101"><ele>1759.608689</ele><time>2025-06-11T18:05:19Z</time><extensions><speed>1.509821</speed><course>4.450049</course><hAcc>0.964496</hAcc><vAcc>0.981079</vAcc></extensions></trkpt>
      <trkpt lon="12.252136" lat="46.580115"><ele>1759.661701</ele><time>2025-06-11T18:05:20Z</time><extensions><speed>1.541699</speed><course>9.310293</course><hAcc>0.972840</hAcc><vAcc>0.972401</vAcc></extensions></trkpt>
      <trkpt lon="12.252138" lat="46.580129"><ele>1759.706343</ele><time>2025-06-11T18:05:21Z</time><extensions><speed>1.544047</speed><course>2.457895</course><hAcc>0.977012</hAcc><vAcc>0.964484</vAcc></extensions></trkpt>
      <trkpt lon="12.252139" lat="46.580142"><ele>1759.762117</ele><time>2025-06-11T18:05:22Z</time><extensions><speed>1.539817</speed><course>0.348707</course><hAcc>0.988220</hAcc><vAcc>0.956995</vAcc></extensions></trkpt>
      <trkpt lon="12.252139" lat="46.580156"><ele>1759.838288</ele><time>2025-06-11T18:05:23Z</time><extensions><speed>1.520014</speed><course>359.560259</course><hAcc>0.995516</hAcc><vAcc>0.950052</vAcc></extensions></trkpt>
      <trkpt lon="12.252139" lat="46.580170"><ele>1759.919180</ele><time>2025-06-11T18:05:24Z</time><extensions><speed>1.482791</speed><course>1.448996</course><hAcc>1.024094</hAcc><vAcc>0.944251</vAcc></extensions></trkpt>
      <trkpt lon="12.252140" lat="46.580183"><ele>1759.941790</ele><time>2025-06-11T18:05:25Z</time><extensions><speed>1.383872</speed><course>5.112370</course><hAcc>1.037991</hAcc><vAcc>0.939544</vAcc></extensions></trkpt>
      <trkpt lon="12.252140" lat="46.580194"><ele>1759.955630</ele><time>2025-06-11T18:05:26Z</time><extensions><speed>1.254584</speed><course>358.741826</course><hAcc>1.024133</hAcc><vAcc>0.935870</vAcc></extensions></trkpt>
      <trkpt lon="12.252140" lat="46.580207"><ele>1759.968437</ele><time>2025-06-11T18:05:27Z</time><extensions><speed>1.448992</speed><course>355.651436</course><hAcc>1.038493</hAcc><vAcc>0.933836</vAcc></extensions></trkpt>
      <trkpt lon="12.252138" lat="46.580220"><ele>1759.970644</ele><time>2025-06-11T18:05:28Z</time><extensions><speed>1.529074</speed><course>355.884885</course><hAcc>1.079732</hAcc><vAcc>0.933747</vAcc></extensions></trkpt>
      <trkpt lon="12.252136" lat="46.580234"><ele>1759.987912</ele><time>2025-06-11T18:05:29Z</time><extensions><speed>1.532211</speed><course>352.657757</course><hAcc>1.079972</hAcc><vAcc>0.934971</vAcc></extensions></trkpt>
      <trkpt lon="12.252133" lat="46.580247"><ele>1760.019606</ele><time>2025-06-11T18:05:30Z</time><extensions><speed>1.498093</speed><course>348.625687</course><hAcc>1.071706</hAcc><vAcc>0.936251</vAcc></extensions></trkpt>
      <trkpt lon="12.252129" lat="46.580260"><ele>1759.998586</ele><time>2025-06-11T18:05:31Z</time><extensions><speed>1.417187</speed><course>351.235466</course><hAcc>1.062021</hAcc><vAcc>0.938553</vAcc></extensions></trkpt>
      <trkpt lon="12.252127" lat="46.580272"><ele>1759.986973</ele><time>2025-06-11T18:05:32Z</time><extensions><speed>1.351967</speed><course>354.471367</course><hAcc>1.049344</hAcc><vAcc>0.941524</vAcc></extensions></trkpt>
      <trkpt lon="12.252127" lat="46.580284"><ele>1759.919233</ele><time>2025-06-11T18:05:33Z</time><extensions><speed>1.377246</speed><course>4.674076</course><hAcc>1.064852</hAcc><vAcc>0.944656</vAcc></extensions></trkpt>
      <trkpt lon="12.252130" lat="46.580297"><ele>1759.809149</ele><time>2025-06-11T18:05:34Z</time><extensions><speed>1.389544</speed><course>13.065631</course><hAcc>1.056838</hAcc><vAcc>0.947618</vAcc></extensions></trkpt>
      <trkpt lon="12.252131" lat="46.580309"><ele>1759.652412</ele><time>2025-06-11T18:05:35Z</time><extensions><speed>1.416215</speed><course>355.157802</course><hAcc>1.043223</hAcc><vAcc>0.949968</vAcc></extensions></trkpt>
      <trkpt lon="12.252128" lat="46.580322"><ele>1759.468298</ele><time>2025-06-11T18:05:36Z</time><extensions><speed>1.457762</speed><course>343.840604</course><hAcc>1.033544</hAcc><vAcc>0.951343</vAcc></extensions></trkpt>
      <trkpt lon="12.252123" lat="46.580334"><ele>1759.237576</ele><time>2025-06-11T18:05:37Z</time><extensions><speed>1.472395</speed><course>344.762629</course><hAcc>1.033179</hAcc><vAcc>0.951236</vAcc></extensions></trkpt>
      <trkpt lon="12.252118" lat="46.580347"><ele>1759.007156</ele><time>2025-06-11T18:05:38Z</time><extensions><speed>1.448905</speed><course>346.810569</course><hAcc>1.034650</hAcc><vAcc>0.950805</vAcc></extensions></trkpt>
      <trkpt lon="12.252113" lat="46.580359"><ele>1758.768441</ele><time>2025-06-11T18:05:39Z</time><extensions><speed>1.403939</speed><course>345.258386</course><hAcc>1.042927</hAcc><vAcc>0.949822</vAcc></extensions></trkpt>
      <trkpt lon="12.252109" lat="46.580371"><ele>1758.508386</ele><time>2025-06-11T18:05:40Z</time><extensions><speed>1.345017</speed><course>345.632201</course><hAcc>1.022200</hAcc><vAcc>0.947935</vAcc></extensions></trkpt>
      <trkpt lon="12.252105" lat="46.580383"><ele>1758.237196</ele><time>2025-06-11T18:05:41Z</time><extensions><speed>1.426757</speed><course>346.537858</course><hAcc>1.034439</hAcc><vAcc>0.945165</vAcc></extensions></trkpt>
      <trkpt lon="12.252101" lat="46.580396"><ele>1757.949822</ele><time>2025-06-11T18:05:42Z</time><extensions><speed>1.421570</speed><course>353.211376</course><hAcc>1.022223</hAcc><vAcc>0.941370</vAcc></extensions></trkpt>
      <trkpt lon="12.252099" lat="46.580409"><ele>1757.655911</ele><time>2025-06-11T18:05:43Z</time><extensions><speed>1.392097</speed><course>351.139524</course><hAcc>1.028395</hAcc><vAcc>0.936723</vAcc></extensions></trkpt>
      <trkpt lon="12.252096" lat="46.580421"><ele>1757.355004</ele><time>2025-06-11T18:05:44Z</time><extensions><speed>1.339437</speed><course>352.052134</course><hAcc>1.034465</hAcc><vAcc>0.931322</vAcc></extensions></trkpt>
      <trkpt lon="12.252093" lat="46.580432"><ele>1757.068336</ele><time>2025-06-11T18:05:45Z</time><extensions><speed>1.296705</speed><course>349.197609</course><hAcc>1.013291</hAcc><vAcc>0.925421</vAcc></extensions></trkpt>
      <trkpt lon="12.252091" lat="46.580444"><ele>1756.783628</ele><time>2025-06-11T18:05:46Z</time><extensions><speed>1.298471</speed><course>352.251708</course><hAcc>0.985882</hAcc><vAcc>0.919067</vAcc></extensions></trkpt>
      <trkpt lon="12.252088" lat="46.580456"><ele>1756.509383</ele><time>2025-06-11T18:05:47Z</time><extensions><speed>1.353361</speed><course>351.171355</course><hAcc>0.994113</hAcc><vAcc>0.912593</vAcc></extensions></trkpt>
      <trkpt lon="12.252086" lat="46.580468"><ele>1756.247612</ele><time>2025-06-11T18:05:48Z</time><extensions><speed>1.417879</speed><course>352.129347</course><hAcc>0.990788</hAcc><vAcc>0.906652</vAcc></extensions></trkpt>
      <trkpt lon="12.252083" lat="46.580481"><ele>1756.000139</ele><time>2025-06-11T18:05:49Z</time><extensions><speed>1.423467</speed><course>351.610366</course><hAcc>0.979816</hAcc><vAcc>0.901401</vAcc></extensions></trkpt>
      <trkpt lon="12.252080" lat="46.580493"><ele>1755.765094</ele><time>2025-06-11T18:05:50Z</time><extensions><speed>1.424832</speed><course>352.588154</course><hAcc>0.972118</hAcc><vAcc>0.896825</vAcc></extensions></trkpt>
      <trkpt lon="12.252078" lat="46.580506"><ele>1755.540447</ele><time>2025-06-11T18:05:51Z</time><extensions><speed>1.417492</speed><course>351.251318</course><hAcc>0.968403</hAcc><vAcc>0.893268</vAcc></extensions></trkpt>
      <trkpt lon="12.252075" lat="46.580518"><ele>1755.309845</ele><time>2025-06-11T18:05:52Z</time><extensions><speed>1.390647</speed><course>352.344714</course><hAcc>0.957416</hAcc><vAcc>0.890143</vAcc></extensions></trkpt>
      <trkpt lon="12.252073" lat="46.580531"><ele>1755.102918</ele><time>2025-06-11T18:05:53Z</time><extensions><speed>1.390172</speed><course>351.815036</course><hAcc>0.953477</hAcc><vAcc>0.887726</vAcc></extensions></trkpt>
      <trkpt lon="12.252070" lat="46.580543"><ele>1754.913979</ele><time>2025-06-11T18:05:54Z</time><extensions><speed>1.392265</speed><course>349.655033</course><hAcc>0.949833</hAcc><vAcc>0.886112</vAcc></extensions></trkpt>
      <trkpt lon="12.252066" lat="46.580555"><ele>1754.741270</ele><time>2025-06-11T18:05:55Z</time><extensions><speed>1.404396</speed><course>347.372788</course><hAcc>0.957985</hAcc><vAcc>0.885190</vAcc></extensions></trkpt>
      <trkpt lon="12.252062" lat="46.580568"><ele>1754.584652</ele><time>2025-06-11T18:05:56Z</time><extensions><speed>1.394519</speed><course>348.006937</course><hAcc>0.948273</hAcc><vAcc>0.884816</vAcc></extensions></trkpt>
      <trkpt lon="12.252059" lat="46.580580"><ele>1754.440284</ele><time>2025-06-11T18:05:57Z</time><extensions><speed>1.403515</speed><course>349.994687</course><hAcc>0.957084</hAcc><vAcc>0.884459</vAcc></extensions></trkpt>
      <trkpt lon="12.252056" lat="46.580592"><ele>1754.307232</ele><time>2025-06-11T18:05:58Z</time><extensions><speed>1.395535</speed><course>349.541910</course><hAcc>0.957872</hAcc><vAcc>0.883224</vAcc></extensions></trkpt>
      <trkpt lon="12.252052" lat="46.580605"><ele>1754.188822</ele><time>2025-06-11T18:05:59Z</time><extensions><speed>1.406801</speed><course>348.894513</course><hAcc>0.971073</hAcc><vAcc>0.881420</vAcc></extensions></trkpt>
      <trkpt lon="12.252048" lat="46.580617"><ele>1754.089924</ele><time>2025-06-11T18:06:00Z</time><extensions><speed>1.403807</speed><course>347.537091</course><hAcc>0.978206</hAcc><vAcc>0.881136</vAcc></extensions></trkpt>
      <trkpt lon="12.252045" lat="46.580629"><ele>1753.986781</ele><time>2025-06-11T18:06:01Z</time><extensions><speed>1.404604</speed><course>348.840293</course><hAcc>0.985558</hAcc><vAcc>0.880733</vAcc></extensions></trkpt>
      <trkpt lon="12.252041" lat="46.580642"><ele>1753.897700</ele><time>2025-06-11T18:06:02Z</time><extensions><speed>1.379843</speed><course>346.708619</course><hAcc>0.989914</hAcc><vAcc>0.880012</vAcc></extensions></trkpt>
      <trkpt lon="12.252037" lat="46.580654"><ele>1753.820841</ele><time>2025-06-11T18:06:03Z</time><extensions><speed>1.412429</speed><course>348.782139</course><hAcc>0.994068</hAcc><vAcc>0.878727</vAcc></extensions></trkpt>
      <trkpt lon="12.252033" lat="46.580666"><ele>1753.752124</ele><time>2025-06-11T18:06:04Z</time><extensions><speed>1.426331</speed><course>348.547083</course><hAcc>1.005034</hAcc><vAcc>0.877066</vAcc></extensions></trkpt>
      <trkpt lon="12.252030" lat="46.580679"><ele>1753.702469</ele><time>2025-06-11T18:06:05Z</time><extensions><speed>1.412887</speed><course>348.321408</course><hAcc>1.014909</hAcc><vAcc>0.875050</vAcc></extensions></trkpt>
      <trkpt lon="12.252026" lat="46.580691"><ele>1753.669877</ele><time>2025-06-11T18:06:06Z</time><extensions><speed>1.382913</speed><course>349.641691</course><hAcc>1.009186</hAcc><vAcc>0.872853</vAcc></extensions></trkpt>
      <trkpt lon="12.252023" lat="46.580703"><ele>1753.644962</ele><time>2025-06-11T18:06:07Z</time><extensions><speed>1.364685</speed><course>349.405412</course><hAcc>1.020058</hAcc><vAcc>0.870754</vAcc></extensions></trkpt>
      <trkpt lon="12.252020" lat="46.580716"><ele>1753.627505</ele><time>2025-06-11T18:06:08Z</time><extensions><speed>1.385563</speed><course>349.952007</course><hAcc>1.020562</hAcc><vAcc>0.868732</vAcc></extensions></trkpt>
      <trkpt lon="12.252017" lat="46.580728"><ele>1753.613946</ele><time>2025-06-11T18:06:09Z</time><extensions><speed>1.454119</speed><course>350.871194</course><hAcc>1.022069</hAcc><vAcc>0.867033</vAcc></extensions></trkpt>
      <trkpt lon="12.252014" lat="46.580741"><ele>1753.608273</ele><time>2025-06-11T18:06:10Z</time><extensions><speed>1.456677</speed><course>351.452419</course><hAcc>1.043230</hAcc><vAcc>0.865380</vAcc></extensions></trkpt>
      <trkpt lon="12.252010" lat="46.580754"><ele>1753.609603</ele><time>2025-06-11T18:06:11Z</time><extensions><speed>1.448270</speed><course>348.631566</course><hAcc>1.026199</hAcc><vAcc>0.863891</vAcc></extensions></trkpt>
      <trkpt lon="12.252006" lat="46.580767"><ele>1753.610851</ele><time>2025-06-11T18:06:12Z</time><extensions><speed>1.457169</speed><course>347.574890</course><hAcc>1.005630</hAcc><vAcc>0.862118</vAcc></extensions></trkpt>
      <trkpt lon="12.252002" lat="46.580780"><ele>1753.615694</ele><time>2025-06-11T18:06:13Z</time><extensions><speed>1.467409</speed><course>348.091460</course><hAcc>0.990026</hAcc><vAcc>0.860094</vAcc></extensions></trkpt>
      <trkpt lon="12.251999" lat="46.580793"><ele>1753.625383</ele><time>2025-06-11T18:06:14Z</time><extensions><speed>1.462871</speed><course>349.127178</course><hAcc>0.991635</hAcc><vAcc>0.857694</vAcc></extensions></trkpt>
      <trkpt lon="12.251996" lat="46.580806"><ele>1753.634895</ele><time>2025-06-11T18:06:15Z</time><extensions><speed>1.464284</speed><course>352.862855</course><hAcc>0.981697</hAcc><vAcc>0.854752</vAcc></extensions></trkpt>
      <trkpt lon="12.251994" lat="46.580819"><ele>1753.635633</ele><time>2025-06-11T18:06:16Z</time><extensions><speed>1.472258</speed><course>354.753010</course><hAcc>0.961491</hAcc><vAcc>0.851273</vAcc></extensions></trkpt>
      <trkpt lon="12.251992" lat="46.580832"><ele>1753.633280</ele><time>2025-06-11T18:06:17Z</time><extensions><speed>1.468698</speed><course>352.769792</course><hAcc>0.971154</hAcc><vAcc>0.847132</vAcc></extensions></trkpt>
      <trkpt lon="12.251989" lat="46.580845"><ele>1753.634049</ele><time>2025-06-11T18:06:18Z</time><extensions><speed>1.479591</speed><course>351.535771</course><hAcc>0.963619</hAcc><vAcc>0.842950</vAcc></extensions></trkpt>
      <trkpt lon="12.251986" lat="46.580858"><ele>1753.636916</ele><time>2025-06-11T18:06:19Z</time><extensions><speed>1.472409</speed><course>348.318180</course><hAcc>0.966319</hAcc><vAcc>0.838443</vAcc></extensions></trkpt>
      <trkpt lon="12.251981" lat="46.580871"><ele>1753.635586</ele><time>2025-06-11T18:06:20Z</time><extensions><speed>1.480931</speed><course>345.702404</course><hAcc>0.952624</hAcc><vAcc>0.833918</vAcc></extensions></trkpt>
      <trkpt lon="12.251976" lat="46.580884"><ele>1753.633253</ele><time>2025-06-11T18:06:21Z</time><extensions><speed>1.471886</speed><course>345.413043</course><hAcc>0.965618</hAcc><vAcc>0.829544</vAcc></extensions></trkpt>
      <trkpt lon="12.251971" lat="46.580897"><ele>1753.674698</ele><time>2025-06-11T18:06:22Z</time><extensions><speed>1.489134</speed><course>345.048499</course><hAcc>0.948367</hAcc><vAcc>0.825174</vAcc></extensions></trkpt>
      <trkpt lon="12.251967" lat="46.580910"><ele>1753.725526</ele><time>2025-06-11T18:06:23Z</time><extensions><speed>1.481255</speed><course>346.294585</course><hAcc>0.949062</hAcc><vAcc>0.822386</vAcc></extensions></trkpt>
      <trkpt lon="12.251963" lat="46.580923"><ele>1753.792946</ele><time>2025-06-11T18:06:24Z</time><extensions><speed>1.468111</speed><course>348.578360</course><hAcc>0.955976</hAcc><vAcc>0.820244</vAcc></extensions></trkpt>
      <trkpt lon="12.251958" lat="46.580936"><ele>1753.876683</ele><time>2025-06-11T18:06:25Z</time><extensions><speed>1.468924</speed><course>347.306636</course><hAcc>0.947746</hAcc><vAcc>0.819525</vAcc></extensions></trkpt>
      <trkpt lon="12.251954" lat="46.580948"><ele>1753.967633</ele><time>2025-06-11T18:06:26Z</time><extensions><speed>1.466544</speed><course>343.556134</course><hAcc>0.934058</hAcc><vAcc>0.820462</vAcc></extensions></trkpt>
      <trkpt lon="12.251948" lat="46.580961"><ele>1754.055001</ele><time>2025-06-11T18:06:27Z</time><extensions><speed>1.480142</speed><course>343.648581</course><hAcc>0.928197</hAcc><vAcc>0.824371</vAcc></extensions></trkpt>
      <trkpt lon="12.251943" lat="46.580974"><ele>1754.151985</ele><time>2025-06-11T18:06:28Z</time><extensions><speed>1.478646</speed><course>347.780892</course><hAcc>0.947423</hAcc><vAcc>0.831064</vAcc></extensions></trkpt>
      <trkpt lon="12.251939" lat="46.580987"><ele>1754.255618</ele><time>2025-06-11T18:06:29Z</time><extensions><speed>1.488299</speed><course>348.458025</course><hAcc>0.934294</hAcc><vAcc>0.840596</vAcc></extensions></trkpt>
      <trkpt lon="12.251935" lat="46.581000"><ele>1754.366672</ele><time>2025-06-11T18:06:30Z</time><extensions><speed>1.482053</speed><course>348.923269</course><hAcc>0.943640</hAcc><vAcc>0.854642</vAcc></extensions></trkpt>
      <trkpt lon="12.251932" lat="46.581013"><ele>1754.476917</ele><time>2025-06-11T18:06:31Z</time><extensions><speed>1.468940</speed><course>349.668473</course><hAcc>0.962077</hAcc><vAcc>0.872102</vAcc></extensions></trkpt>
      <trkpt lon="12.251929" lat="46.581026"><ele>1754.575946</ele><time>2025-06-11T18:06:32Z</time><extensions><speed>1.384683</speed><course>353.472428</course><hAcc>1.007287</hAcc><vAcc>0.893863</vAcc></extensions></trkpt>
      <trkpt lon="12.251928" lat="46.581038"><ele>1754.658947</ele><time>2025-06-11T18:06:33Z</time><extensions><speed>1.400347</speed><course>357.060992</course><hAcc>1.048895</hAcc><vAcc>0.918424</vAcc></extensions></trkpt>
      <trkpt lon="12.251925" lat="46.581051"><ele>1754.736083</ele><time>2025-06-11T18:06:34Z</time><extensions><speed>1.510099</speed><course>346.168421</course><hAcc>1.094615</hAcc><vAcc>0.946181</vAcc></extensions></trkpt>
      <trkpt lon="12.251919" lat="46.581064"><ele>1754.816845</ele><time>2025-06-11T18:06:35Z</time><extensions><speed>1.562070</speed><course>340.295407</course><hAcc>1.186922</hAcc><vAcc>0.978500</vAcc></extensions></trkpt>
      <trkpt lon="12.251911" lat="46.581078"><ele>1754.877804</ele><time>2025-06-11T18:06:36Z</time><extensions><speed>1.600264</speed><course>334.676772</course><hAcc>1.262002</hAcc><vAcc>1.012300</vAcc></extensions></trkpt>
      <trkpt lon="12.251902" lat="46.581091"><ele>1754.931113</ele><time>2025-06-11T18:06:37Z</time><extensions><speed>1.587028</speed><course>334.743126</course><hAcc>1.307694</hAcc><vAcc>1.049488</vAcc></extensions></trkpt>
      <trkpt lon="12.251893" lat="46.581104"><ele>1754.981050</ele><time>2025-06-11T18:06:38Z</time><extensions><speed>1.584462</speed><course>336.815535</course><hAcc>1.331496</hAcc><vAcc>1.088588</vAcc></extensions></trkpt>
      <trkpt lon="12.251885" lat="46.581117"><ele>1755.011981</ele><time>2025-06-11T18:06:39Z</time><extensions><speed>1.597931</speed><course>339.051996</course><hAcc>1.348715</hAcc><vAcc>1.126364</vAcc></extensions></trkpt>
      <trkpt lon="12.251878" lat="46.581130"><ele>1755.029295</ele><time>2025-06-11T18:06:40Z</time><extensions><speed>1.566717</speed><course>340.173209</course><hAcc>1.369079</hAcc><vAcc>1.162699</vAcc></extensions></trkpt>
      <trkpt lon="12.251871" lat="46.581143"><ele>1755.063705</ele><time>2025-06-11T18:06:41Z</time><extensions><speed>1.586743</speed><course>341.748873</course><hAcc>1.385005</hAcc><vAcc>1.199565</vAcc></extensions></trkpt>
      <trkpt lon="12.251864" lat="46.581157"><ele>1755.077393</ele><time>2025-06-11T18:06:42Z</time><extensions><speed>1.533852</speed><course>341.580810</course><hAcc>1.412943</hAcc><vAcc>1.234820</vAcc></extensions></trkpt>
      <trkpt lon="12.251857" lat="46.581170"><ele>1755.094412</ele><time>2025-06-11T18:06:43Z</time><extensions><speed>1.539699</speed><course>337.886931</course><hAcc>1.422548</hAcc><vAcc>1.269277</vAcc></extensions></trkpt>
      <trkpt lon="12.251849" lat="46.581182"><ele>1755.106554</ele><time>2025-06-11T18:06:44Z</time><extensions><speed>1.528702</speed><course>337.684358</course><hAcc>1.443947</hAcc><vAcc>1.300755</vAcc></extensions></trkpt>
      <trkpt lon="12.251841" lat="46.581195"><ele>1755.160340</ele><time>2025-06-11T18:06:45Z</time><extensions><speed>1.524122</speed><course>335.452633</course><hAcc>1.468690</hAcc><vAcc>1.331388</vAcc></extensions></trkpt>
      <trkpt lon="12.251833" lat="46.581207"><ele>1755.215103</ele><time>2025-06-11T18:06:46Z</time><extensions><speed>1.528427</speed><course>334.534751</course><hAcc>1.489621</hAcc><vAcc>1.359835</vAcc></extensions></trkpt>
      <trkpt lon="12.251824" lat="46.581220"><ele>1755.259658</ele><time>2025-06-11T18:06:47Z</time><extensions><speed>1.530719</speed><course>334.345741</course><hAcc>1.512385</hAcc><vAcc>1.388868</vAcc></extensions></trkpt>
      <trkpt lon="12.251815" lat="46.581232"><ele>1755.292086</ele><time>2025-06-11T18:06:48Z</time><extensions><speed>1.443550</speed><course>335.970092</course><hAcc>1.533512</hAcc><vAcc>1.417293</vAcc></extensions></trkpt>
      <trkpt lon="12.251808" lat="46.581243"><ele>1755.329003</ele><time>2025-06-11T18:06:49Z</time><extensions><speed>1.350011</speed><course>334.786496</course><hAcc>1.534094</hAcc><vAcc>1.443273</vAcc></extensions></trkpt>
      <trkpt lon="12.251800" lat="46.581254"><ele>1755.365113</ele><time>2025-06-11T18:06:50Z</time><extensions><speed>1.313053</speed><course>333.520990</course><hAcc>1.543021</hAcc><vAcc>1.465009</vAcc></extensions></trkpt>
      <trkpt lon="12.251792" lat="46.581264"><ele>1755.369804</ele><time>2025-06-11T18:06:51Z</time><extensions><speed>1.272039</speed><course>332.211949</course><hAcc>1.560593</hAcc><vAcc>1.489836</vAcc></extensions></trkpt>
      <trkpt lon="12.251785" lat="46.581275"><ele>1755.387052</ele><time>2025-06-11T18:06:52Z</time><extensions><speed>1.255928</speed><course>331.783409</course><hAcc>1.583504</hAcc><vAcc>1.511612</vAcc></extensions></trkpt>
      <trkpt lon="12.251777" lat="46.581284"><ele>1755.405466</ele><time>2025-06-11T18:06:53Z</time><extensions><speed>1.107533</speed><course>333.200751</course><hAcc>1.605941</hAcc><vAcc>1.529295</vAcc></extensions></trkpt>
      <trkpt lon="12.251771" lat="46.581292"><ele>1755.414735</ele><time>2025-06-11T18:06:54Z</time><extensions><speed>0.951753</speed><course>332.950380</course><hAcc>1.617865</hAcc><vAcc>1.549162</vAcc></extensions></trkpt>
      <trkpt lon="12.251766" lat="46.581300"><ele>1755.426486</ele><time>2025-06-11T18:06:55Z</time><extensions><speed>0.858112</speed><course>330.014456</course><hAcc>1.610597</hAcc><vAcc>1.563531</vAcc></extensions></trkpt>
      <trkpt lon="12.251760" lat="46.581306"><ele>1755.434755</ele><time>2025-06-11T18:06:56Z</time><extensions><speed>0.876973</speed><course>331.823120</course><hAcc>1.614793</hAcc><vAcc>1.574442</vAcc></extensions></trkpt>
      <trkpt lon="12.251755" lat="46.581314"><ele>1755.432011</ele><time>2025-06-11T18:06:57Z</time><extensions><speed>1.028510</speed><course>337.060956</course><hAcc>1.626490</hAcc><vAcc>1.583402</vAcc></extensions></trkpt>
      <trkpt lon="12.251750" lat="46.581324"><ele>1755.426742</ele><time>2025-06-11T18:06:58Z</time><extensions><speed>1.278721</speed><course>342.005817</course><hAcc>1.635867</hAcc><vAcc>1.591430</vAcc></extensions></trkpt>
      <trkpt lon="12.251745" lat="46.581336"><ele>1755.376205</ele><time>2025-06-11T18:06:59Z</time><extensions><speed>1.457201</speed><course>343.962636</course><hAcc>1.621155</hAcc><vAcc>1.595128</vAcc></extensions></trkpt>
      <trkpt lon="12.251739" lat="46.581349"><ele>1755.332928</ele><time>2025-06-11T18:07:00Z</time><extensions><speed>1.558476</speed><course>345.489369</course><hAcc>1.607180</hAcc><vAcc>1.602310</vAcc></extensions></trkpt>
      <trkpt lon="12.251735" lat="46.581363"><ele>1755.277589</ele><time>2025-06-11T18:07:01Z</time><extensions><speed>1.543467</speed><course>347.051786</course><hAcc>1.607661</hAcc><vAcc>1.607377</vAcc></extensions></trkpt>
      <trkpt lon="12.251730" lat="46.581376"><ele>1755.219187</ele><time>2025-06-11T18:07:02Z</time><extensions><speed>1.568766</speed><course>348.674930</course><hAcc>1.578071</hAcc><vAcc>1.605732</vAcc></extensions></trkpt>
      <trkpt lon="12.251727" lat="46.581391"><ele>1755.165402</ele><time>2025-06-11T18:07:03Z</time><extensions><speed>1.603637</speed><course>350.395432</course><hAcc>1.566343</hAcc><vAcc>1.605898</vAcc></extensions></trkpt>
      <trkpt lon="12.251724" lat="46.581404"><ele>1755.084195</ele><time>2025-06-11T18:07:04Z</time><extensions><speed>1.519909</speed><course>351.423262</course><hAcc>1.579240</hAcc><vAcc>1.604306</vAcc></extensions></trkpt>
      <trkpt lon="12.251721" lat="46.581418"><ele>1755.036298</ele><time>2025-06-11T18:07:05Z</time><extensions><speed>1.502179</speed><course>352.582852</course><hAcc>1.552178</hAcc><vAcc>1.596761</vAcc></extensions></trkpt>
      <trkpt lon="12.251719" lat="46.581432"><ele>1754.947170</ele><time>2025-06-11T18:07:06Z</time><extensions><speed>1.520502</speed><course>354.616325</course><hAcc>1.537084</hAcc><vAcc>1.587674</vAcc></extensions></trkpt>
      <trkpt lon="12.251718" lat="46.581445"><ele>1754.868778</ele><time>2025-06-11T18:07:07Z</time><extensions><speed>1.552198</speed><course>356.290119</course><hAcc>1.530762</hAcc><vAcc>1.570677</vAcc></extensions></trkpt>
      <trkpt lon="12.251717" lat="46.581460"><ele>1754.766029</ele><time>2025-06-11T18:07:08Z</time><extensions><speed>1.559287</speed><course>356.517115</course><hAcc>1.525550</hAcc><vAcc>1.531330</vAcc></extensions></trkpt>
      <trkpt lon="12.251717" lat="46.581474"><ele>1754.674805</ele><time>2025-06-11T18:07:09Z</time><extensions><speed>1.599614</speed><course>357.813305</course><hAcc>1.519437</hAcc><vAcc>1.490369</vAcc></extensions></trkpt>
      <trkpt lon="12.251716" lat="46.581488"><ele>1754.610539</ele><time>2025-06-11T18:07:10Z</time><extensions><speed>1.561546</speed><course>359.091503</course><hAcc>1.529092</hAcc><vAcc>1.460460</vAcc></extensions></trkpt>
      <trkpt lon="12.251716" lat="46.581502"><ele>1754.558320</ele><time>2025-06-11T18:07:11Z</time><extensions><speed>1.544855</speed><course>359.963534</course><hAcc>1.526586</hAcc><vAcc>1.426250</vAcc></extensions></trkpt>
      <trkpt lon="12.251717" lat="46.581516"><ele>1754.573104</ele><time>2025-06-11T18:07:12Z</time><extensions><speed>1.565040</speed><course>2.739911</course><hAcc>1.512663</hAcc><vAcc>1.395673</vAcc></extensions></trkpt>
      <trkpt lon="12.251719" lat="46.581530"><ele>1754.538293</ele><time>2025-06-11T18:07:13Z</time><extensions><speed>1.557953</speed><course>7.266459</course><hAcc>1.512631</hAcc><vAcc>1.362470</vAcc></extensions></trkpt>
      <trkpt lon="12.251723" lat="46.581544"><ele>1754.544984</ele><time>2025-06-11T18:07:14Z</time><extensions><speed>1.533706</speed><course>13.578145</course><hAcc>1.517358</hAcc><vAcc>1.326213</vAcc></extensions></trkpt>
      <trkpt lon="12.251729" lat="46.581557"><ele>1754.502285</ele><time>2025-06-11T18:07:15Z</time><extensions><speed>1.580366</speed><course>20.714984</course><hAcc>1.525739</hAcc><vAcc>1.292197</vAcc></extensions></trkpt>
      <trkpt lon="12.251736" lat="46.581570"><ele>1754.477568</ele><time>2025-06-11T18:07:16Z</time><extensions><speed>1.478217</speed><course>20.478181</course><hAcc>1.554353</hAcc><vAcc>1.255392</vAcc></extensions></trkpt>
      <trkpt lon="12.251743" lat="46.581583"><ele>1754.464296</ele><time>2025-06-11T18:07:17Z</time><extensions><speed>1.638567</speed><course>18.487873</course><hAcc>1.546073</hAcc><vAcc>1.220348</vAcc></extensions></trkpt>
      <trkpt lon="12.251751" lat="46.581597"><ele>1754.453036</ele><time>2025-06-11T18:07:18Z</time><extensions><speed>1.732768</speed><course>19.455165</course><hAcc>1.532452</hAcc><vAcc>1.185272</vAcc></extensions></trkpt>
      <trkpt lon="12.251759" lat="46.581613"><ele>1754.441326</ele><time>2025-06-11T18:07:19Z</time><extensions><speed>1.874129</speed><course>20.730251</course><hAcc>1.528886</hAcc><vAcc>1.150890</vAcc></extensions></trkpt>
      <trkpt lon="12.251767" lat="46.581627"><ele>1754.433685</ele><time>2025-06-11T18:07:20Z</time><extensions><speed>1.629120</speed><course>22.481900</course><hAcc>1.547302</hAcc><vAcc>1.117272</vAcc></extensions></trkpt>
      <trkpt lon="12.251776" lat="46.581640"><ele>1754.430310</ele><time>2025-06-11T18:07:21Z</time><extensions><speed>1.528608</speed><course>26.327769</course><hAcc>1.527195</hAcc><vAcc>1.084179</vAcc></extensions></trkpt>
      <trkpt lon="12.251786" lat="46.581652"><ele>1754.421491</ele><time>2025-06-11T18:07:22Z</time><extensions><speed>1.583305</speed><course>33.454616</course><hAcc>1.516311</hAcc><vAcc>1.053500</vAcc></extensions></trkpt>
      <trkpt lon="12.251797" lat="46.581664"><ele>1754.408469</ele><time>2025-06-11T18:07:23Z</time><extensions><speed>1.605239</speed><course>34.500873</course><hAcc>1.517601</hAcc><vAcc>1.024931</vAcc></extensions></trkpt>
      <trkpt lon="12.251809" lat="46.581676"><ele>1754.417519</ele><time>2025-06-11T18:07:24Z</time><extensions><speed>1.610965</speed><course>34.647177</course><hAcc>1.499307</hAcc><vAcc>0.998816</vAcc></extensions></trkpt>
      <trkpt lon="12.251820" lat="46.581687"><ele>1754.427808</ele><time>2025-06-11T18:07:25Z</time><extensions><speed>1.417378</speed><course>35.052998</course><hAcc>1.496057</hAcc><vAcc>0.974824</vAcc></extensions></trkpt>
      <trkpt lon="12.251830" lat="46.581697"><ele>1754.463364</ele><time>2025-06-11T18:07:26Z</time><extensions><speed>1.259916</speed><course>33.686596</course><hAcc>1.472128</hAcc><vAcc>0.952978</vAcc></extensions></trkpt>
      <trkpt lon="12.251839" lat="46.581707"><ele>1754.516379</ele><time>2025-06-11T18:07:27Z</time><extensions><speed>1.255566</speed><course>27.094045</course><hAcc>1.460118</hAcc><vAcc>0.932361</vAcc></extensions></trkpt>
      <trkpt lon="12.251845" lat="46.581717"><ele>1754.557844</ele><time>2025-06-11T18:07:28Z</time><extensions><speed>1.178484</speed><course>22.617872</course><hAcc>1.451592</hAcc><vAcc>0.914603</vAcc></extensions></trkpt>
      <trkpt lon="12.251851" lat="46.581726"><ele>1754.601018</ele><time>2025-06-11T18:07:29Z</time><extensions><speed>1.041173</speed><course>20.881913</course><hAcc>1.447750</hAcc><vAcc>0.898426</vAcc></extensions></trkpt>
      <trkpt lon="12.251855" lat="46.581735"><ele>1754.665453</ele><time>2025-06-11T18:07:30Z</time><extensions><speed>1.118932</speed><course>15.600258</course><hAcc>1.455445</hAcc><vAcc>0.883902</vAcc></extensions></trkpt>
      <trkpt lon="12.251858" lat="46.581745"><ele>1754.728888</ele><time>2025-06-11T18:07:31Z</time><extensions><speed>1.029358</speed><course>9.827601</course><hAcc>1.470196</hAcc><vAcc>0.871392</vAcc></extensions></trkpt>
      <trkpt lon="12.251860" lat="46.581753"><ele>1754.807109</ele><time>2025-06-11T18:07:32Z</time><extensions><speed>0.805837</speed><course>3.730435</course><hAcc>1.489262</hAcc><vAcc>0.860328</vAcc></extensions></trkpt>
      <trkpt lon="12.251860" lat="46.581759"><ele>1754.878006</ele><time>2025-06-11T18:07:33Z</time><extensions><speed>0.548404</speed><course>3.902933</course><hAcc>1.488135</hAcc><vAcc>0.851113</vAcc></extensions></trkpt>
      <trkpt lon="12.251861" lat="46.581764"><ele>1754.945120</ele><time>2025-06-11T18:07:34Z</time><extensions><speed>0.572142</speed><course>11.658500</course><hAcc>1.481555</hAcc><vAcc>0.842794</vAcc></extensions></trkpt>
      <trkpt lon="12.251864" lat="46.581770"><ele>1755.011304</ele><time>2025-06-11T18:07:35Z</time><extensions><speed>0.845838</speed><course>14.918432</course><hAcc>1.474088</hAcc><vAcc>0.835053</vAcc></extensions></trkpt>
      <trkpt lon="12.251867" lat="46.581779"><ele>1755.081308</ele><time>2025-06-11T18:07:36Z</time><extensions><speed>1.211342</speed><course>13.555824</course><hAcc>1.457493</hAcc><vAcc>0.827614</vAcc></extensions></trkpt>
      <trkpt lon="12.251871" lat="46.581791"><ele>1755.149432</ele><time>2025-06-11T18:07:37Z</time><extensions><speed>1.638607</speed><course>13.717050</course><hAcc>1.442767</hAcc><vAcc>0.820447</vAcc></extensions></trkpt>
      <trkpt lon="12.251876" lat="46.581805"><ele>1755.209632</ele><time>2025-06-11T18:07:38Z</time><extensions><speed>1.502337</speed><course>15.578040</course><hAcc>1.451942</hAcc><vAcc>0.813502</vAcc></extensions></trkpt>
      <trkpt lon="12.251882" lat="46.581818"><ele>1755.254017</ele><time>2025-06-11T18:07:39Z</time><extensions><speed>1.392424</speed><course>16.738658</course><hAcc>1.410982</hAcc><vAcc>0.806782</vAcc></extensions></trkpt>
      <trkpt lon="12.251888" lat="46.581829"><ele>1755.292293</ele><time>2025-06-11T18:07:40Z</time><extensions><speed>1.253754</speed><course>28.065437</course><hAcc>1.376144</hAcc><vAcc>0.800347</vAcc></extensions></trkpt>
      <trkpt lon="12.251896" lat="46.581839"><ele>1755.326687</ele><time>2025-06-11T18:07:41Z</time><extensions><speed>1.313153</speed><course>27.912145</course><hAcc>1.359986</hAcc><vAcc>0.794279</vAcc></extensions></trkpt>
      <trkpt lon="12.251904" lat="46.581850"><ele>1755.355938</ele><time>2025-06-11T18:07:42Z</time><extensions><speed>1.395429</speed><course>27.022552</course><hAcc>1.341169</hAcc><vAcc>0.788638</vAcc></extensions></trkpt>
      <trkpt lon="12.251912" lat="46.581861"><ele>1755.363472</ele><time>2025-06-11T18:07:43Z</time><extensions><speed>1.379559</speed><course>26.490555</course><hAcc>1.321407</hAcc><vAcc>0.783449</vAcc></extensions></trkpt>
      <trkpt lon="12.251920" lat="46.581872"><ele>1755.364671</ele><time>2025-06-11T18:07:44Z</time><extensions><speed>1.334027</speed><course>25.835099</course><hAcc>1.298827</hAcc><vAcc>0.778723</vAcc></extensions></trkpt>
      <trkpt lon="12.251928" lat="46.581883"><ele>1755.358748</ele><time>2025-06-11T18:07:45Z</time><extensions><speed>1.364915</speed><course>27.673011</course><hAcc>1.279975</hAcc><vAcc>0.774482</vAcc></extensions></trkpt>
      <trkpt lon="12.251937" lat="46.581894"><ele>1755.347052</ele><time>2025-06-11T18:07:46Z</time><extensions><speed>1.493284</speed><course>30.116866</course><hAcc>1.258521</hAcc><vAcc>0.770764</vAcc></extensions></trkpt>
      <trkpt lon="12.251948" lat="46.581906"><ele>1755.336057</ele><time>2025-06-11T18:07:47Z</time><extensions><speed>1.611920</speed><course>32.067630</course><hAcc>1.244723</hAcc><vAcc>0.767595</vAcc></extensions></trkpt>
      <trkpt lon="12.251959" lat="46.581918"><ele>1755.309394</ele><time>2025-06-11T18:07:48Z</time><extensions><speed>1.555785</speed><course>33.965869</course><hAcc>1.240478</hAcc><vAcc>0.764967</vAcc></extensions></trkpt>
      <trkpt lon="12.251971" lat="46.581930"><ele>1755.288288</ele><time>2025-06-11T18:07:49Z</time><extensions><speed>1.824058</speed><course>32.283698</course><hAcc>1.202546</hAcc><vAcc>0.762845</vAcc></extensions></trkpt>
      <trkpt lon="12.251984" lat="46.581943"><ele>1755.280811</ele><time>2025-06-11T18:07:50Z</time><extensions><speed>1.614754</speed><course>37.401798</course><hAcc>1.193158</hAcc><vAcc>0.761177</vAcc></extensions></trkpt>
      <trkpt lon="12.251997" lat="46.581955"><ele>1755.263566</ele><time>2025-06-11T18:07:51Z</time><extensions><speed>1.730874</speed><course>38.121817</course><hAcc>1.169723</hAcc><vAcc>0.759897</vAcc></extensions></trkpt>
      <trkpt lon="12.252009" lat="46.581966"><ele>1755.248894</ele><time>2025-06-11T18:07:52Z</time><extensions><speed>1.412508</speed><course>36.301849</course><hAcc>1.179489</hAcc><vAcc>0.758939</vAcc></extensions></trkpt>
      <trkpt lon="12.252020" lat="46.581977"><ele>1755.232652</ele><time>2025-06-11T18:07:53Z</time><extensions><speed>1.509011</speed><course>33.588497</course><hAcc>1.146882</hAcc><vAcc>0.758241</vAcc></extensions></trkpt>
      <trkpt lon="12.252031" lat="46.581988"><ele>1755.221202</ele><time>2025-06-11T18:07:54Z</time><extensions><speed>1.453399</speed><course>34.441695</course><hAcc>1.134107</hAcc><vAcc>0.757745</vAcc></extensions></trkpt>
      <trkpt lon="12.252042" lat="46.581999"><ele>1755.205746</ele><time>2025-06-11T18:07:55Z</time><extensions><speed>1.593838</speed><course>34.814261</course><hAcc>1.117397</hAcc><vAcc>0.757402</vAcc></extensions></trkpt>
      <trkpt lon="12.252054" lat="46.582010"><ele>1755.180094</ele><time>2025-06-11T18:07:56Z</time><extensions><speed>1.461607</speed><course>38.364320</course><hAcc>1.124118</hAcc><vAcc>0.757171</vAcc></extensions></trkpt>
      <trkpt lon="12.252066" lat="46.582021"><ele>1755.163821</ele><time>2025-06-11T18:07:57Z</time><extensions><speed>1.589333</speed><course>36.451450</course><hAcc>1.106801</hAcc><vAcc>0.757119</vAcc></extensions></trkpt>
      <trkpt lon="12.252079" lat="46.582032"><ele>1755.142073</ele><time>2025-06-11T18:07:58Z</time><extensions><speed>1.457394</speed><course>40.854659</course><hAcc>1.119426</hAcc><vAcc>0.757069</vAcc></extensions></trkpt>
      <trkpt lon="12.252091" lat="46.582043"><ele>1755.118326</ele><time>2025-06-11T18:07:59Z</time><extensions><speed>1.594631</speed><course>35.507123</course><hAcc>1.104124</hAcc><vAcc>0.757102</vAcc></extensions></trkpt>
      <trkpt lon="12.252102" lat="46.582055"><ele>1755.100063</ele><time>2025-06-11T18:08:00Z</time><extensions><speed>1.644984</speed><course>28.435600</course><hAcc>1.096499</hAcc><vAcc>0.757147</vAcc></extensions></trkpt>
      <trkpt lon="12.252112" lat="46.582069"><ele>1755.085252</ele><time>2025-06-11T18:08:01Z</time><extensions><speed>1.721004</speed><course>25.775635</course><hAcc>1.096106</hAcc><vAcc>0.757218</vAcc></extensions></trkpt>
      <trkpt lon="12.252121" lat="46.582081"><ele>1755.082321</ele><time>2025-06-11T18:08:02Z</time><extensions><speed>1.417409</speed><course>26.541766</course><hAcc>1.120880</hAcc><vAcc>0.757306</vAcc></extensions></trkpt>
      <trkpt lon="12.252129" lat="46.582093"><ele>1755.077199</ele><time>2025-06-11T18:08:03Z</time><extensions><speed>1.333894</speed><course>25.247513</course><hAcc>1.103562</hAcc><vAcc>0.757404</vAcc></extensions></trkpt>
      <trkpt lon="12.252137" lat="46.582103"><ele>1755.081401</ele><time>2025-06-11T18:08:04Z</time><extensions><speed>1.356973</speed><course>28.308873</course><hAcc>1.093294</hAcc><vAcc>0.757503</vAcc></extensions></trkpt>
      <trkpt lon="12.252146" lat="46.582115"><ele>1755.082143</ele><time>2025-06-11T18:08:05Z</time><extensions><speed>1.593163</speed><course>26.058538</course><hAcc>1.080586</hAcc><vAcc>0.757593</vAcc></extensions></trkpt>
      <trkpt lon="12.252155" lat="46.582129"><ele>1755.078195</ele><time>2025-06-11T18:08:06Z</time><extensions><speed>1.730111</speed><course>24.123748</course><hAcc>1.072845</hAcc><vAcc>0.757662</vAcc></extensions></trkpt>
      <trkpt lon="12.252164" lat="46.582142"><ele>1755.079035</ele><time>2025-06-11T18:08:07Z</time><extensions><speed>1.574747</speed><course>23.710133</course><hAcc>1.075036</hAcc><vAcc>0.757694</vAcc></extensions></trkpt>
      <trkpt lon="12.252173" lat="46.582156"><ele>1755.093226</ele><time>2025-06-11T18:08:08Z</time><extensions><speed>1.749720</speed><course>27.884672</course><hAcc>1.034246</hAcc><vAcc>0.757680</vAcc></extensions></trkpt>
      <trkpt lon="12.252184" lat="46.582169"><ele>1755.098447</ele><time>2025-06-11T18:08:09Z</time><extensions><speed>1.580840</speed><course>31.777016</course><hAcc>1.023100</hAcc><vAcc>0.757624</vAcc></extensions></trkpt>
      <trkpt lon="12.252195" lat="46.582180"><ele>1755.128215</ele><time>2025-06-11T18:08:10Z</time><extensions><speed>1.423811</speed><course>35.628019</course><hAcc>1.040782</hAcc><vAcc>0.757535</vAcc></extensions></trkpt>
      <trkpt lon="12.252207" lat="46.582191"><ele>1755.145736</ele><time>2025-06-11T18:08:11Z</time><extensions><speed>1.554754</speed><course>40.981627</course><hAcc>1.021299</hAcc><vAcc>0.757428</vAcc></extensions></trkpt>
      <trkpt lon="12.252220" lat="46.582201"><ele>1755.175553</ele><time>2025-06-11T18:08:12Z</time><extensions><speed>1.496046</speed><course>43.290717</course><hAcc>1.034681</hAcc><vAcc>0.757315</vAcc></extensions></trkpt>
      <trkpt lon="12.252234" lat="46.582211"><ele>1755.199503</ele><time>2025-06-11T18:08:13Z</time><extensions><speed>1.544416</speed><course>43.241411</course><hAcc>1.029424</hAcc><vAcc>0.757205</vAcc></extensions></trkpt>
      <trkpt lon="12.252248" lat="46.582221"><ele>1755.214217</ele><time>2025-06-11T18:08:14Z</time><extensions><speed>1.559927</speed><course>43.353930</course><hAcc>1.036351</hAcc><vAcc>0.757105</vAcc></extensions></trkpt>
      <trkpt lon="12.252262" lat="46.582231"><ele>1755.233370</ele><time>2025-06-11T18:08:15Z</time><extensions><speed>1.539138</speed><course>42.717132</course><hAcc>1.049736</hAcc><vAcc>0.757018</vAcc></extensions></trkpt>
      <trkpt lon="12.252276" lat="46.582241"><ele>1755.252752</ele><time>2025-06-11T18:08:16Z</time><extensions><speed>1.541381</speed><course>44.014696</course><hAcc>1.055220</hAcc><vAcc>0.756946</vAcc></extensions></trkpt>
      <trkpt lon="12.252289" lat="46.582251"><ele>1755.310040</ele><time>2025-06-11T18:08:17Z</time><extensions><speed>1.556609</speed><course>42.214687</course><hAcc>1.059178</hAcc><vAcc>0.756888</vAcc></extensions></trkpt>
      <trkpt lon="12.252303" lat="46.582262"><ele>1755.350648</ele><time>2025-06-11T18:08:18Z</time><extensions><speed>1.603354</speed><course>44.010503</course><hAcc>1.066173</hAcc><vAcc>0.756843</vAcc></extensions></trkpt>
      <trkpt lon="12.252317" lat="46.582272"><ele>1755.393904</ele><time>2025-06-11T18:08:19Z</time><extensions><speed>1.548124</speed><course>42.573568</course><hAcc>1.054869</hAcc><vAcc>0.756809</vAcc></extensions></trkpt>
      <trkpt lon="12.252331" lat="46.582283"><ele>1755.451083</ele><time>2025-06-11T18:08:20Z</time><extensions><speed>1.629947</speed><course>40.347817</course><hAcc>1.066502</hAcc><vAcc>0.756784</vAcc></extensions></trkpt>
      <trkpt lon="12.252344" lat="46.582294"><ele>1755.511923</ele><time>2025-06-11T18:08:21Z</time><extensions><speed>1.432148</speed><course>35.783797</course><hAcc>1.094739</hAcc><vAcc>0.756767</vAcc></extensions></trkpt>
      <trkpt lon="12.252355" lat="46.582304"><ele>1755.576017</ele><time>2025-06-11T18:08:22Z</time><extensions><speed>1.506761</speed><course>37.905669</course><hAcc>1.090607</hAcc><vAcc>0.756755</vAcc></extensions></trkpt>
      <trkpt lon="12.252368" lat="46.582315"><ele>1755.636918</ele><time>2025-06-11T18:08:23Z</time><extensions><speed>1.513477</speed><course>41.725549</course><hAcc>1.112051</hAcc><vAcc>0.756748</vAcc></extensions></trkpt>
      <trkpt lon="12.252381" lat="46.582324"><ele>1755.690992</ele><time>2025-06-11T18:08:24Z</time><extensions><speed>1.456861</speed><course>48.449654</course><hAcc>1.116745</hAcc><vAcc>0.756743</vAcc></extensions></trkpt>
      <trkpt lon="12.252396" lat="46.582332"><ele>1755.742883</ele><time>2025-06-11T18:08:25Z</time><extensions><speed>1.424836</speed><course>54.916528</course><hAcc>1.123772</hAcc><vAcc>0.756740</vAcc></extensions></trkpt>
      <trkpt lon="12.252409" lat="46.582341"><ele>1755.788104</ele><time>2025-06-11T18:08:26Z</time><extensions><speed>1.415725</speed><course>38.001512</course><hAcc>1.119240</hAcc><vAcc>0.756739</vAcc></extensions></trkpt>
      <trkpt lon="12.252418" lat="46.582353"><ele>1755.825342</ele><time>2025-06-11T18:08:27Z</time><extensions><speed>1.716573</speed><course>16.315473</course><hAcc>1.114028</hAcc><vAcc>0.756739</vAcc></extensions></trkpt>
      <trkpt lon="12.252423" lat="46.582367"><ele>1755.852145</ele><time>2025-06-11T18:08:28Z</time><extensions><speed>1.488330</speed><course>11.373872</course><hAcc>1.129213</hAcc><vAcc>0.756739</vAcc></extensions></trkpt>
      <trkpt lon="12.252429" lat="46.582381"><ele>1755.880658</ele><time>2025-06-11T18:08:29Z</time><extensions><speed>1.659157</speed><course>18.857432</course><hAcc>1.098374</hAcc><vAcc>0.756739</vAcc></extensions></trkpt>
      <trkpt lon="12.252438" lat="46.582394"><ele>1755.890956</ele><time>2025-06-11T18:08:30Z</time><extensions><speed>1.542080</speed><course>34.045967</course><hAcc>1.099673</hAcc><vAcc>0.756739</vAcc></extensions></trkpt>
      <trkpt lon="12.252451" lat="46.582404"><ele>1755.868999</ele><time>2025-06-11T18:08:31Z</time><extensions><speed>1.608519</speed><course>45.796943</course><hAcc>1.081867</hAcc><vAcc>0.756739</vAcc></extensions></trkpt>
      <trkpt lon="12.252466" lat="46.582414"><ele>1755.858473</ele><time>2025-06-11T18:08:32Z</time><extensions><speed>1.504178</speed><course>51.371473</course><hAcc>1.083869</hAcc><vAcc>0.756739</vAcc></extensions></trkpt>
      <trkpt lon="12.252482" lat="46.582423"><ele>1755.830680</ele><time>2025-06-11T18:08:33Z</time><extensions><speed>1.669345</speed><course>46.809703</course><hAcc>1.074639</hAcc><vAcc>0.756739</vAcc></extensions></trkpt>
      <trkpt lon="12.252495" lat="46.582433"><ele>1755.771615</ele><time>2025-06-11T18:08:34Z</time><extensions><speed>1.386674</speed><course>39.321800</course><hAcc>1.087078</hAcc><vAcc>0.756739</vAcc></extensions></trkpt>
      <trkpt lon="12.252506" lat="46.582443"><ele>1755.695271</ele><time>2025-06-11T18:08:35Z</time><extensions><speed>1.424468</speed><course>34.108177</course><hAcc>1.070205</hAcc><vAcc>0.756739</vAcc></extensions></trkpt>
      <trkpt lon="12.252517" lat="46.582454"><ele>1755.627496</ele><time>2025-06-11T18:08:36Z</time><extensions><speed>1.435182</speed><course>35.842305</course><hAcc>1.082792</hAcc><vAcc>0.756739</vAcc></extensions></trkpt>
      <trkpt lon="12.252529" lat="46.582464"><ele>1755.549715</ele><time>2025-06-11T18:08:37Z</time><extensions><speed>1.427861</speed><course>43.429607</course><hAcc>1.079164</hAcc><vAcc>0.756739</vAcc></extensions></trkpt>
      <trkpt lon="12.252543" lat="46.582472"><ele>1755.446715</ele><time>2025-06-11T18:08:38Z</time><extensions><speed>1.492777</speed><course>54.790844</course><hAcc>1.081067</hAcc><vAcc>0.756739</vAcc></extensions></trkpt>
      <trkpt lon="12.252560" lat="46.582480"><ele>1755.341499</ele><time>2025-06-11T18:08:39Z</time><extensions><speed>1.608678</speed><course>58.841272</course><hAcc>1.082255</hAcc><vAcc>0.756739</vAcc></extensions></trkpt>
      <trkpt lon="12.252578" lat="46.582487"><ele>1755.236076</ele><time>2025-06-11T18:08:40Z</time><extensions><speed>1.694642</speed><course>59.280489</course><hAcc>1.099357</hAcc><vAcc>0.756739</vAcc></extensions></trkpt>
      <trkpt lon="12.252596" lat="46.582495"><ele>1755.135768</ele><time>2025-06-11T18:08:41Z</time><extensions><speed>1.610675</speed><course>57.320946</course><hAcc>1.087430</hAcc><vAcc>0.756739</vAcc></extensions></trkpt>
      <trkpt lon="12.252613" lat="46.582504"><ele>1755.044511</ele><time>2025-06-11T18:08:42Z</time><extensions><speed>1.606028</speed><course>48.522506</course><hAcc>1.074810</hAcc><vAcc>0.756739</vAcc></extensions></trkpt>
      <trkpt lon="12.252628" lat="46.582514"><ele>1754.953473</ele><time>2025-06-11T18:08:43Z</time><extensions><speed>1.623854</speed><course>45.183044</course><hAcc>1.083199</hAcc><vAcc>0.756739</vAcc></extensions></trkpt>
      <trkpt lon="12.252643" lat="46.582524"><ele>1754.868371</ele><time>2025-06-11T18:08:44Z</time><extensions><speed>1.589794</speed><course>43.338536</course><hAcc>1.098125</hAcc><vAcc>0.756739</vAcc></extensions></trkpt>
      <trkpt lon="12.252656" lat="46.582534"><ele>1754.789245</ele><time>2025-06-11T18:08:45Z</time><extensions><speed>1.478231</speed><course>41.702787</course><hAcc>1.106005</hAcc><vAcc>0.756739</vAcc></extensions></trkpt>
      <trkpt lon="12.252668" lat="46.582543"><ele>1754.706904</ele><time>2025-06-11T18:08:46Z</time><extensions><speed>1.221014</speed><course>40.252825</course><hAcc>1.126485</hAcc><vAcc>0.756739</vAcc></extensions></trkpt>
      <trkpt lon="12.252678" lat="46.582551"><ele>1754.636506</ele><time>2025-06-11T18:08:47Z</time><extensions><speed>1.061817</speed><course>43.734065</course><hAcc>1.168405</hAcc><vAcc>0.756739</vAcc></extensions></trkpt>
      <trkpt lon="12.252683" lat="46.582557"><ele>1754.585122</ele><time>2025-06-11T18:08:48Z</time><extensions><speed>0.593319</speed><course>8.726348</course><hAcc>1.185200</hAcc><vAcc>0.756739</vAcc></extensions></trkpt>
      <trkpt lon="12.252683" lat="46.582563"><ele>1754.542361</ele><time>2025-06-11T18:08:49Z</time><extensions><speed>0.812809</speed><course>350.517608</course><hAcc>1.213725</hAcc><vAcc>0.756739</vAcc></extensions></trkpt>
      <trkpt lon="12.252682" lat="46.582572"><ele>1754.520727</ele><time>2025-06-11T18:08:50Z</time><extensions><speed>1.099960</speed><course>358.447396</course><hAcc>1.253695</hAcc><vAcc>0.756739</vAcc></extensions></trkpt>
      <trkpt lon="12.252683" lat="46.582583"><ele>1754.516463</ele><time>2025-06-11T18:08:51Z</time><extensions><speed>1.329911</speed><course>6.885355</course><hAcc>1.284693</hAcc><vAcc>0.756739</vAcc></extensions></trkpt>
      <trkpt lon="12.252686" lat="46.582595"><ele>1754.519391</ele><time>2025-06-11T18:08:52Z</time><extensions><speed>1.491192</speed><course>12.707340</course><hAcc>1.300957</hAcc><vAcc>0.756739</vAcc></extensions></trkpt>
      <trkpt lon="12.252691" lat="46.582609"><ele>1754.520858</ele><time>2025-06-11T18:08:53Z</time><extensions><speed>1.585284</speed><course>16.694762</course><hAcc>1.306904</hAcc><vAcc>0.756739</vAcc></extensions></trkpt>
      <trkpt lon="12.252698" lat="46.582622"><ele>1754.524961</ele><time>2025-06-11T18:08:54Z</time><extensions><speed>1.611446</speed><course>19.414384</course><hAcc>1.306553</hAcc><vAcc>0.756739</vAcc></extensions></trkpt>
      <trkpt lon="12.252705" lat="46.582636"><ele>1754.538965</ele><time>2025-06-11T18:08:55Z</time><extensions><speed>1.617785</speed><course>21.172164</course><hAcc>1.297769</hAcc><vAcc>0.756741</vAcc></extensions></trkpt>
      <trkpt lon="12.252713" lat="46.582650"><ele>1754.549986</ele><time>2025-06-11T18:08:56Z</time><extensions><speed>1.703903</speed><course>22.426457</course><hAcc>1.282627</hAcc><vAcc>0.756745</vAcc></extensions></trkpt>
      <trkpt lon="12.252721" lat="46.582664"><ele>1754.568071</ele><time>2025-06-11T18:08:57Z</time><extensions><speed>1.701483</speed><course>20.158565</course><hAcc>1.273219</hAcc><vAcc>0.756749</vAcc></extensions></trkpt>
      <trkpt lon="12.252730" lat="46.582678"><ele>1754.584567</ele><time>2025-06-11T18:08:58Z</time><extensions><speed>1.647246</speed><course>27.991777</course><hAcc>1.240377</hAcc><vAcc>0.756753</vAcc></extensions></trkpt>
      <trkpt lon="12.252740" lat="46.582690"><ele>1754.603514</ele><time>2025-06-11T18:08:59Z</time><extensions><speed>1.436735</speed><course>33.067828</course><hAcc>1.208267</hAcc><vAcc>0.756759</vAcc></extensions></trkpt>
      <trkpt lon="12.252750" lat="46.582701"><ele>1754.616722</ele><time>2025-06-11T18:09:00Z</time><extensions><speed>1.486125</speed><course>31.575896</course><hAcc>1.185371</hAcc><vAcc>0.756765</vAcc></extensions></trkpt>
      <trkpt lon="12.252760" lat="46.582712"><ele>1754.628998</ele><time>2025-06-11T18:09:01Z</time><extensions><speed>1.522976</speed><course>28.615525</course><hAcc>1.173479</hAcc><vAcc>0.756773</vAcc></extensions></trkpt>
      <trkpt lon="12.252769" lat="46.582725"><ele>1754.632857</ele><time>2025-06-11T18:09:02Z</time><extensions><speed>1.525934</speed><course>24.119462</course><hAcc>1.145776</hAcc><vAcc>0.756782</vAcc></extensions></trkpt>
      <trkpt lon="12.252776" lat="46.582737"><ele>1754.635959</ele><time>2025-06-11T18:09:02Z</time><extensions><speed>1.352442</speed><course>23.136055</course><hAcc>1.147063</hAcc><vAcc>0.756794</vAcc></extensions></trkpt>
      <trkpt lon="12.252783" lat="46.582747"><ele>1754.637176</ele><time>2025-06-11T18:09:03Z</time><extensions><speed>1.237598</speed><course>26.867262</course><hAcc>1.157011</hAcc><vAcc>0.756810</vAcc></extensions></trkpt>
      <trkpt lon="12.252790" lat="46.582756"><ele>1754.639579</ele><time>2025-06-11T18:09:05Z</time><extensions><speed>1.022546</speed><course>29.468732</course><hAcc>1.137636</hAcc><vAcc>0.756817</vAcc></extensions></trkpt>
      <trkpt lon="12.252796" lat="46.582764"><ele>1754.630421</ele><time>2025-06-11T18:09:06Z</time><extensions><speed>0.941532</speed><course>27.290900</course><hAcc>1.110312</hAcc><vAcc>0.756799</vAcc></extensions></trkpt>
      <trkpt lon="12.252803" lat="46.582772"><ele>1754.626515</ele><time>2025-06-11T18:09:07Z</time><extensions><speed>1.143492</speed><course>25.761786</course><hAcc>1.101682</hAcc><vAcc>0.756785</vAcc></extensions></trkpt>
      <trkpt lon="12.252810" lat="46.582783"><ele>1754.629585</ele><time>2025-06-11T18:09:08Z</time><extensions><speed>1.468715</speed><course>24.462286</course><hAcc>1.105694</hAcc><vAcc>0.756774</vAcc></extensions></trkpt>
      <trkpt lon="12.252817" lat="46.582795"><ele>1754.642719</ele><time>2025-06-11T18:09:09Z</time><extensions><speed>1.419422</speed><course>22.839409</course><hAcc>1.111313</hAcc><vAcc>0.756766</vAcc></extensions></trkpt>
      <trkpt lon="12.252825" lat="46.582807"><ele>1754.652641</ele><time>2025-06-11T18:09:10Z</time><extensions><speed>1.538924</speed><course>23.474031</course><hAcc>1.074947</hAcc><vAcc>0.756759</vAcc></extensions></trkpt>
      <trkpt lon="12.252833" lat="46.582820"><ele>1754.670221</ele><time>2025-06-11T18:09:11Z</time><extensions><speed>1.481820</speed><course>22.645722</course><hAcc>1.075690</hAcc><vAcc>0.756754</vAcc></extensions></trkpt>
      <trkpt lon="12.252841" lat="46.582832"><ele>1754.662839</ele><time>2025-06-11T18:09:12Z</time><extensions><speed>1.555422</speed><course>24.032359</course><hAcc>1.061734</hAcc><vAcc>0.756749</vAcc></extensions></trkpt>
      <trkpt lon="12.252849" lat="46.582845"><ele>1754.656535</ele><time>2025-06-11T18:09:13Z</time><extensions><speed>1.494738</speed><course>25.167471</course><hAcc>1.061105</hAcc><vAcc>0.756745</vAcc></extensions></trkpt>
      <trkpt lon="12.252857" lat="46.582857"><ele>1754.649494</ele><time>2025-06-11T18:09:14Z</time><extensions><speed>1.523674</speed><course>26.548636</course><hAcc>1.043573</hAcc><vAcc>0.756742</vAcc></extensions></trkpt>
      <trkpt lon="12.252866" lat="46.582869"><ele>1754.655842</ele><time>2025-06-11T18:09:15Z</time><extensions><speed>1.536823</speed><course>27.429497</course><hAcc>1.025115</hAcc><vAcc>0.756739</vAcc></extensions></trkpt>
      <trkpt lon="12.252875" lat="46.582882"><ele>1754.663602</ele><time>2025-06-11T18:09:16Z</time><extensions><speed>1.559108</speed><course>24.785427</course><hAcc>1.012499</hAcc><vAcc>0.756737</vAcc></extensions></trkpt>
      <trkpt lon="12.252883" lat="46.582894"><ele>1754.666121</ele><time>2025-06-11T18:09:17Z</time><extensions><speed>1.343633</speed><course>23.612254</course><hAcc>1.018508</hAcc><vAcc>0.756735</vAcc></extensions></trkpt>
      <trkpt lon="12.252891" lat="46.582905"><ele>1754.674626</ele><time>2025-06-11T18:09:18Z</time><extensions><speed>1.493657</speed><course>23.897831</course><hAcc>0.989470</hAcc><vAcc>0.756734</vAcc></extensions></trkpt>
      <trkpt lon="12.252899" lat="46.582917"><ele>1754.667049</ele><time>2025-06-11T18:09:19Z</time><extensions><speed>1.338694</speed><course>29.781051</course><hAcc>1.006419</hAcc><vAcc>0.756732</vAcc></extensions></trkpt>
      <trkpt lon="12.252908" lat="46.582927"><ele>1754.654688</ele><time>2025-06-11T18:09:20Z</time><extensions><speed>1.437557</speed><course>33.608873</course><hAcc>0.991253</hAcc><vAcc>0.756731</vAcc></extensions></trkpt>
      <trkpt lon="12.252918" lat="46.582938"><ele>1754.636511</ele><time>2025-06-11T18:09:21Z</time><extensions><speed>1.330140</speed><course>32.036918</course><hAcc>1.016639</hAcc><vAcc>0.756731</vAcc></extensions></trkpt>
      <trkpt lon="12.252927" lat="46.582948"><ele>1754.614654</ele><time>2025-06-11T18:09:22Z</time><extensions><speed>1.266673</speed><course>29.289634</course><hAcc>1.007340</hAcc><vAcc>0.756730</vAcc></extensions></trkpt>
      <trkpt lon="12.252935" lat="46.582958"><ele>1754.595506</ele><time>2025-06-11T18:09:23Z</time><extensions><speed>1.288811</speed><course>27.266729</course><hAcc>1.020791</hAcc><vAcc>0.756730</vAcc></extensions></trkpt>
      <trkpt lon="12.252943" lat="46.582969"><ele>1754.575565</ele><time>2025-06-11T18:09:24Z</time><extensions><speed>1.413374</speed><course>26.022676</course><hAcc>1.028266</hAcc><vAcc>0.756730</vAcc></extensions></trkpt>
      <trkpt lon="12.252951" lat="46.582980"><ele>1754.560974</ele><time>2025-06-11T18:09:25Z</time><extensions><speed>1.495247</speed><course>26.377669</course><hAcc>1.029249</hAcc><vAcc>0.756730</vAcc></extensions></trkpt>
      <trkpt lon="12.252960" lat="46.582992"><ele>1754.546369</ele><time>2025-06-11T18:09:26Z</time><extensions><speed>1.457181</speed><course>27.341233</course><hAcc>1.016429</hAcc><vAcc>0.756730</vAcc></extensions></trkpt>
      <trkpt lon="12.252969" lat="46.583004"><ele>1754.543307</ele><time>2025-06-11T18:09:27Z</time><extensions><speed>1.545021</speed><course>30.591709</course><hAcc>0.991334</hAcc><vAcc>0.756731</vAcc></extensions></trkpt>
      <trkpt lon="12.252980" lat="46.583016"><ele>1754.538007</ele><time>2025-06-11T18:09:28Z</time><extensions><speed>1.479027</speed><course>34.857586</course><hAcc>0.986791</hAcc><vAcc>0.756731</vAcc></extensions></trkpt>
      <trkpt lon="12.252990" lat="46.583026"><ele>1754.522908</ele><time>2025-06-11T18:09:29Z</time><extensions><speed>1.335070</speed><course>33.580104</course><hAcc>1.008916</hAcc><vAcc>0.756731</vAcc></extensions></trkpt>
      <trkpt lon="12.252999" lat="46.583036"><ele>1754.523215</ele><time>2025-06-11T18:09:30Z</time><extensions><speed>1.355778</speed><course>26.700670</course><hAcc>0.989261</hAcc><vAcc>0.756731</vAcc></extensions></trkpt>
      <trkpt lon="12.253007" lat="46.583048"><ele>1754.522723</ele><time>2025-06-11T18:09:31Z</time><extensions><speed>1.513526</speed><course>25.246401</course><hAcc>0.975153</hAcc><vAcc>0.756732</vAcc></extensions></trkpt>
      <trkpt lon="12.253016" lat="46.583060"><ele>1754.522140</ele><time>2025-06-11T18:09:32Z</time><extensions><speed>1.563036</speed><course>29.063721</course><hAcc>0.974907</hAcc><vAcc>0.756732</vAcc></extensions></trkpt>
      <trkpt lon="12.253026" lat="46.583072"><ele>1754.522261</ele><time>2025-06-11T18:09:33Z</time><extensions><speed>1.534337</speed><course>31.303397</course><hAcc>0.980889</hAcc><vAcc>0.756732</vAcc></extensions></trkpt>
      <trkpt lon="12.253036" lat="46.583083"><ele>1754.533838</ele><time>2025-06-11T18:09:34Z</time><extensions><speed>1.342732</speed><course>33.443457</course><hAcc>1.009497</hAcc><vAcc>0.756733</vAcc></extensions></trkpt>
      <trkpt lon="12.253046" lat="46.583094"><ele>1754.557693</ele><time>2025-06-11T18:09:35Z</time><extensions><speed>1.459291</speed><course>29.679040</course><hAcc>0.980794</hAcc><vAcc>0.756733</vAcc></extensions></trkpt>
      <trkpt lon="12.253055" lat="46.583106"><ele>1754.572948</ele><time>2025-06-11T18:09:36Z</time><extensions><speed>1.502905</speed><course>23.902852</course><hAcc>0.980115</hAcc><vAcc>0.756733</vAcc></extensions></trkpt>
      <trkpt lon="12.253063" lat="46.583119"><ele>1754.574888</ele><time>2025-06-11T18:09:37Z</time><extensions><speed>1.561521</speed><course>22.568997</course><hAcc>0.999867</hAcc><vAcc>0.756733</vAcc></extensions></trkpt>
      <trkpt lon="12.253070" lat="46.583131"><ele>1754.561485</ele><time>2025-06-11T18:09:38Z</time><extensions><speed>1.437205</speed><course>23.930560</course><hAcc>1.034325</hAcc><vAcc>0.756734</vAcc></extensions></trkpt>
      <trkpt lon="12.253078" lat="46.583143"><ele>1754.535732</ele><time>2025-06-11T18:09:39Z</time><extensions><speed>1.555412</speed><course>22.286987</course><hAcc>1.039354</hAcc><vAcc>0.756734</vAcc></extensions></trkpt>
      <trkpt lon="12.253086" lat="46.583157"><ele>1754.512790</ele><time>2025-06-11T18:09:40Z</time><extensions><speed>1.656070</speed><course>21.992932</course><hAcc>1.061167</hAcc><vAcc>0.756734</vAcc></extensions></trkpt>
      <trkpt lon="12.253094" lat="46.583171"><ele>1754.497239</ele><time>2025-06-11T18:09:41Z</time><extensions><speed>1.737157</speed><course>20.800858</course><hAcc>1.084289</hAcc><vAcc>0.756734</vAcc></extensions></trkpt>
      <trkpt lon="12.253101" lat="46.583185"><ele>1754.462502</ele><time>2025-06-11T18:09:42Z</time><extensions><speed>1.498280</speed><course>20.233713</course><hAcc>1.115552</hAcc><vAcc>0.756734</vAcc></extensions></trkpt>
      <trkpt lon="12.253107" lat="46.583198"><ele>1754.416119</ele><time>2025-06-11T18:09:43Z</time><extensions><speed>1.640457</speed><course>11.293977</course><hAcc>1.112570</hAcc><vAcc>0.756735</vAcc></extensions></trkpt>
      <trkpt lon="12.253110" lat="46.583212"><ele>1754.361195</ele><time>2025-06-11T18:09:44Z</time><extensions><speed>1.558905</speed><course>5.840952</course><hAcc>1.121760</hAcc><vAcc>0.756735</vAcc></extensions></trkpt>
      <trkpt lon="12.253112" lat="46.583226"><ele>1754.309158</ele><time>2025-06-11T18:09:45Z</time><extensions><speed>1.492582</speed><course>4.169087</course><hAcc>1.121784</hAcc><vAcc>0.756735</vAcc></extensions></trkpt>
      <trkpt lon="12.253112" lat="46.583239"><ele>1754.219707</ele><time>2025-06-11T18:09:46Z</time><extensions><speed>1.475951</speed><course>0.319446</course><hAcc>1.131895</hAcc><vAcc>0.756735</vAcc></extensions></trkpt>
      <trkpt lon="12.253113" lat="46.583253"><ele>1754.130970</ele><time>2025-06-11T18:09:47Z</time><extensions><speed>1.526327</speed><course>1.839158</course><hAcc>1.137375</hAcc><vAcc>0.756735</vAcc></extensions></trkpt>
      <trkpt lon="12.253114" lat="46.583266"><ele>1754.044331</ele><time>2025-06-11T18:09:48Z</time><extensions><speed>1.433681</speed><course>5.172373</course><hAcc>1.133114</hAcc><vAcc>0.756735</vAcc></extensions></trkpt>
      <trkpt lon="12.253116" lat="46.583279"><ele>1753.954822</ele><time>2025-06-11T18:09:49Z</time><extensions><speed>1.411059</speed><course>10.855813</course><hAcc>1.115288</hAcc><vAcc>0.756735</vAcc></extensions></trkpt>
      <trkpt lon="12.253121" lat="46.583292"><ele>1753.850139</ele><time>2025-06-11T18:09:50Z</time><extensions><speed>1.540050</speed><course>15.756765</course><hAcc>1.112633</hAcc><vAcc>0.756736</vAcc></extensions></trkpt>
      <trkpt lon="12.253127" lat="46.583305"><ele>1753.757260</ele><time>2025-06-11T18:09:51Z</time><extensions><speed>1.591519</speed><course>20.123881</course><hAcc>1.104186</hAcc><vAcc>0.756736</vAcc></extensions></trkpt>
      <trkpt lon="12.253135" lat="46.583318"><ele>1753.662685</ele><time>2025-06-11T18:09:52Z</time><extensions><speed>1.550106</speed><course>21.962998</course><hAcc>1.097591</hAcc><vAcc>0.756736</vAcc></extensions></trkpt>
      <trkpt lon="12.253142" lat="46.583330"><ele>1753.561334</ele><time>2025-06-11T18:09:53Z</time><extensions><speed>1.361767</speed><course>22.586085</course><hAcc>1.111478</hAcc><vAcc>0.756736</vAcc></extensions></trkpt>
      <trkpt lon="12.253149" lat="46.583342"><ele>1753.502484</ele><time>2025-06-11T18:09:54Z</time><extensions><speed>1.463686</speed><course>23.499377</course><hAcc>1.088982</hAcc><vAcc>0.756736</vAcc></extensions></trkpt>
      <trkpt lon="12.253157" lat="46.583355"><ele>1753.458175</ele><time>2025-06-11T18:09:55Z</time><extensions><speed>1.543651</speed><course>22.445046</course><hAcc>1.092845</hAcc><vAcc>0.756736</vAcc></extensions></trkpt>
      <trkpt lon="12.253164" lat="46.583367"><ele>1753.430478</ele><time>2025-06-11T18:09:56Z</time><extensions><speed>1.401276</speed><course>20.115652</course><hAcc>1.122577</hAcc><vAcc>0.756736</vAcc></extensions></trkpt>
      <trkpt lon="12.253171" lat="46.583379"><ele>1753.403450</ele><time>2025-06-11T18:09:57Z</time><extensions><speed>1.480352</speed><course>22.992187</course><hAcc>1.110136</hAcc><vAcc>0.756736</vAcc></extensions></trkpt>
      <trkpt lon="12.253179" lat="46.583391"><ele>1753.405517</ele><time>2025-06-11T18:09:58Z</time><extensions><speed>1.548856</speed><course>26.490665</course><hAcc>1.118348</hAcc><vAcc>0.756736</vAcc></extensions></trkpt>
      <trkpt lon="12.253188" lat="46.583403"><ele>1753.430067</ele><time>2025-06-11T18:09:59Z</time><extensions><speed>1.385364</speed><course>32.210325</course><hAcc>1.147187</hAcc><vAcc>0.756736</vAcc></extensions></trkpt>
      <trkpt lon="12.253198" lat="46.583413"><ele>1753.470781</ele><time>2025-06-11T18:10:00Z</time><extensions><speed>1.369128</speed><course>32.284415</course><hAcc>1.146797</hAcc><vAcc>0.756736</vAcc></extensions></trkpt>
      <trkpt lon="12.253207" lat="46.583424"><ele>1753.521856</ele><time>2025-06-11T18:10:01Z</time><extensions><speed>1.478833</speed><course>28.582013</course><hAcc>1.152740</hAcc><vAcc>0.756736</vAcc></extensions></trkpt>
      <trkpt lon="12.253216" lat="46.583437"><ele>1753.600645</ele><time>2025-06-11T18:10:02Z</time><extensions><speed>1.625089</speed><course>24.840376</course><hAcc>1.151797</hAcc><vAcc>0.756737</vAcc></extensions></trkpt>
      <trkpt lon="12.253224" lat="46.583451"><ele>1753.693445</ele><time>2025-06-11T18:10:03Z</time><extensions><speed>1.829442</speed><course>18.309158</course><hAcc>1.135355</hAcc><vAcc>0.756737</vAcc></extensions></trkpt>
      <trkpt lon="12.253232" lat="46.583468"><ele>1753.795962</ele><time>2025-06-11T18:10:04Z</time><extensions><speed>2.069858</speed><course>15.306139</course><hAcc>1.117496</hAcc><vAcc>0.756737</vAcc></extensions></trkpt>
      <trkpt lon="12.253239" lat="46.583485"><ele>1753.901472</ele><time>2025-06-11T18:10:05Z</time><extensions><speed>1.751887</speed><course>17.851018</course><hAcc>1.113003</hAcc><vAcc>0.756737</vAcc></extensions></trkpt>
      <trkpt lon="12.253247" lat="46.583499"><ele>1754.013433</ele><time>2025-06-11T18:10:06Z</time><extensions><speed>1.744681</speed><course>23.046188</course><hAcc>1.082404</hAcc><vAcc>0.756737</vAcc></extensions></trkpt>
      <trkpt lon="12.253256" lat="46.583513"><ele>1754.121545</ele><time>2025-06-11T18:10:07Z</time><extensions><speed>1.538567</speed><course>24.608399</course><hAcc>1.083932</hAcc><vAcc>0.756737</vAcc></extensions></trkpt>
      <trkpt lon="12.253263" lat="46.583525"><ele>1754.224428</ele><time>2025-06-11T18:10:08Z</time><extensions><speed>1.464021</speed><course>21.801947</course><hAcc>1.075899</hAcc><vAcc>0.756737</vAcc></extensions></trkpt>
      <trkpt lon="12.253270" lat="46.583537"><ele>1754.316039</ele><time>2025-06-11T18:10:09Z</time><extensions><speed>1.474380</speed><course>22.504492</course><hAcc>1.042962</hAcc><vAcc>0.756737</vAcc></extensions></trkpt>
      <trkpt lon="12.253278" lat="46.583550"><ele>1754.396274</ele><time>2025-06-11T18:10:10Z</time><extensions><speed>1.567610</speed><course>23.470512</course><hAcc>1.022266</hAcc><vAcc>0.756737</vAcc></extensions></trkpt>
      <trkpt lon="12.253287" lat="46.583563"><ele>1754.469054</ele><time>2025-06-11T18:10:11Z</time><extensions><speed>1.540241</speed><course>26.097353</course><hAcc>1.027103</hAcc><vAcc>0.756737</vAcc></extensions></trkpt>
      <trkpt lon="12.253295" lat="46.583574"><ele>1754.537403</ele><time>2025-06-11T18:10:12Z</time><extensions><speed>1.330413</speed><course>27.361219</course><hAcc>1.049721</hAcc><vAcc>0.756737</vAcc></extensions></trkpt>
      <trkpt lon="12.253304" lat="46.583585"><ele>1754.601891</ele><time>2025-06-11T18:10:13Z</time><extensions><speed>1.416789</speed><course>28.746080</course><hAcc>1.014329</hAcc><vAcc>0.756737</vAcc></extensions></trkpt>
      <trkpt lon="12.253313" lat="46.583597"><ele>1754.656307</ele><time>2025-06-11T18:10:14Z</time><extensions><speed>1.580582</speed><course>30.569385</course><hAcc>0.996292</hAcc><vAcc>0.756737</vAcc></extensions></trkpt>
      <trkpt lon="12.253324" lat="46.583610"><ele>1754.697886</ele><time>2025-06-11T18:10:15Z</time><extensions><speed>1.726287</speed><course>29.583678</course><hAcc>0.993109</hAcc><vAcc>0.756737</vAcc></extensions></trkpt>
      <trkpt lon="12.253335" lat="46.583623"><ele>1754.763988</ele><time>2025-06-11T18:10:16Z</time><extensions><speed>1.756475</speed><course>27.902926</course><hAcc>0.983097</hAcc><vAcc>0.756737</vAcc></extensions></trkpt>
      <trkpt lon="12.253346" lat="46.583637"><ele>1754.824758</ele><time>2025-06-11T18:10:17Z</time><extensions><speed>1.748843</speed><course>27.859256</course><hAcc>0.974676</hAcc><vAcc>0.756737</vAcc></extensions></trkpt>
      <trkpt lon="12.253357" lat="46.583651"><ele>1754.867852</ele><time>2025-06-11T18:10:18Z</time><extensions><speed>1.740673</speed><course>30.664157</course><hAcc>0.956882</hAcc><vAcc>0.756737</vAcc></extensions></trkpt>
      <trkpt lon="12.253369" lat="46.583664"><ele>1754.884587</ele><time>2025-06-11T18:10:19Z</time><extensions><speed>1.722990</speed><course>34.877518</course><hAcc>0.945846</hAcc><vAcc>0.756737</vAcc></extensions></trkpt>
      <trkpt lon="12.253382" lat="46.583676"><ele>1754.873618</ele><time>2025-06-11T18:10:20Z</time><extensions><speed>1.698616</speed><course>38.965552</course><hAcc>0.931446</hAcc><vAcc>0.756737</vAcc></extensions></trkpt>
      <trkpt lon="12.253397" lat="46.583688"><ele>1754.874265</ele><time>2025-06-11T18:10:21Z</time><extensions><speed>1.693405</speed><course>42.693615</course><hAcc>0.927243</hAcc><vAcc>0.756737</vAcc></extensions></trkpt>
      <trkpt lon="12.253412" lat="46.583699"><ele>1754.881629</ele><time>2025-06-11T18:10:22Z</time><extensions><speed>1.677525</speed><course>45.872019</course><hAcc>0.929433</hAcc><vAcc>0.756737</vAcc></extensions></trkpt>
      <trkpt lon="12.253427" lat="46.583709"><ele>1754.902119</ele><time>2025-06-11T18:10:23Z</time><extensions><speed>1.657962</speed><course>44.243153</course><hAcc>0.926498</hAcc><vAcc>0.756737</vAcc></extensions></trkpt>
      <trkpt lon="12.253443" lat="46.583720"><ele>1754.906460</ele><time>2025-06-11T18:10:24Z</time><extensions><speed>1.641442</speed><course>46.532220</course><hAcc>0.919941</hAcc><vAcc>0.756737</vAcc></extensions></trkpt>
      <trkpt lon="12.253459" lat="46.583729"><ele>1754.889873</ele><time>2025-06-11T18:10:25Z</time><extensions><speed>1.688533</speed><course>53.651569</course><hAcc>0.929490</hAcc><vAcc>0.756737</vAcc></extensions></trkpt>
      <trkpt lon="12.253477" lat="46.583737"><ele>1754.854340</ele><time>2025-06-11T18:10:26Z</time><extensions><speed>1.659578</speed><course>58.954936</course><hAcc>0.947285</hAcc><vAcc>0.756737</vAcc></extensions></trkpt>
      <trkpt lon="12.253496" lat="46.583745"><ele>1754.813857</ele><time>2025-06-11T18:10:27Z</time><extensions><speed>1.699536</speed><course>62.733834</course><hAcc>0.955184</hAcc><vAcc>0.756737</vAcc></extensions></trkpt>
      <trkpt lon="12.253517" lat="46.583751"><ele>1754.763193</ele><time>2025-06-11T18:10:28Z</time><extensions><speed>1.769814</speed><course>66.435715</course><hAcc>0.970557</hAcc><vAcc>0.756737</vAcc></extensions></trkpt>
      <trkpt lon="12.253538" lat="46.583757"><ele>1754.741288</ele><time>2025-06-11T18:10:29Z</time><extensions><speed>1.744527</speed><course>70.218895</course><hAcc>0.971460</hAcc><vAcc>0.756737</vAcc></extensions></trkpt>
      <trkpt lon="12.253559" lat="46.583763"><ele>1754.720737</ele><time>2025-06-11T18:10:29Z</time><extensions><speed>1.662761</speed><course>68.643916</course><hAcc>0.967476</hAcc><vAcc>0.756737</vAcc></extensions></trkpt>
      <trkpt lon="12.253579" lat="46.583768"><ele>1754.707401</ele><time>2025-06-11T18:10:30Z</time><extensions><speed>1.658392</speed><course>65.926911</course><hAcc>0.981757</hAcc><vAcc>0.756737</vAcc></extensions></trkpt>
      <trkpt lon="12.253598" lat="46.583776"><ele>1754.707379</ele><time>2025-06-11T18:10:31Z</time><extensions><speed>1.666175</speed><course>53.910517</course><hAcc>0.974120</hAcc><vAcc>0.756737</vAcc></extensions></trkpt>
      <trkpt lon="12.253614" lat="46.583785"><ele>1754.717136</ele><time>2025-06-11T18:10:32Z</time><extensions><speed>1.611983</speed><course>49.592897</course><hAcc>0.949876</hAcc><vAcc>0.756737</vAcc></extensions></trkpt>
      <trkpt lon="12.253630" lat="46.583795"><ele>1754.732571</ele><time>2025-06-11T18:10:33Z</time><extensions><speed>1.634797</speed><course>45.120861</course><hAcc>0.939507</hAcc><vAcc>0.756737</vAcc></extensions></trkpt>
      <trkpt lon="12.253645" lat="46.583805"><ele>1754.770189</ele><time>2025-06-11T18:10:34Z</time><extensions><speed>1.608491</speed><course>48.162328</course><hAcc>0.948213</hAcc><vAcc>0.756737</vAcc></extensions></trkpt>
      <trkpt lon="12.253660" lat="46.583815"><ele>1754.825689</ele><time>2025-06-11T18:10:35Z</time><extensions><speed>1.600589</speed><course>43.184284</course><hAcc>0.945267</hAcc><vAcc>0.756737</vAcc></extensions></trkpt>
      <trkpt lon="12.253675" lat="46.583825"><ele>1754.891905</ele><time>2025-06-11T18:10:36Z</time><extensions><speed>1.638141</speed><course>48.686484</course><hAcc>0.955979</hAcc><vAcc>0.756737</vAcc></extensions></trkpt>
      <trkpt lon="12.253692" lat="46.583834"><ele>1754.984728</ele><time>2025-06-11T18:10:37Z</time><extensions><speed>1.637427</speed><course>56.912530</course><hAcc>0.962180</hAcc><vAcc>0.756737</vAcc></extensions></trkpt>
      <trkpt lon="12.253711" lat="46.583841"><ele>1755.081503</ele><time>2025-06-11T18:10:38Z</time><extensions><speed>1.701177</speed><course>63.775598</course><hAcc>0.967564</hAcc><vAcc>0.756737</vAcc></extensions></trkpt>
      <trkpt lon="12.253732" lat="46.583846"><ele>1755.189322</ele><time>2025-06-11T18:10:39Z</time><extensions><speed>1.783182</speed><course>74.037825</course><hAcc>0.986245</hAcc><vAcc>0.756737</vAcc></extensions></trkpt>
      <trkpt lon="12.253756" lat="46.583849"><ele>1755.304985</ele><time>2025-06-11T18:10:40Z</time><extensions><speed>1.849770</speed><course>88.972271</course><hAcc>0.981374</hAcc><vAcc>0.756737</vAcc></extensions></trkpt>
      <trkpt lon="12.253780" lat="46.583848"><ele>1755.437504</ele><time>2025-06-11T18:10:41Z</time><extensions><speed>1.912303</speed><course>94.649722</course><hAcc>1.000047</hAcc><vAcc>0.756737</vAcc></extensions></trkpt>
      <trkpt lon="12.253805" lat="46.583846"><ele>1755.571158</ele><time>2025-06-11T18:10:42Z</time><extensions><speed>1.906112</speed><course>98.675159</course><hAcc>1.006067</hAcc><vAcc>0.756737</vAcc></extensions></trkpt>
      <trkpt lon="12.253829" lat="46.583844"><ele>1755.690950</ele><time>2025-06-11T18:10:43Z</time><extensions><speed>1.821855</speed><course>94.900645</course><hAcc>0.993480</hAcc><vAcc>0.756737</vAcc></extensions></trkpt>
      <trkpt lon="12.253852" lat="46.583843"><ele>1755.794264</ele><time>2025-06-11T18:10:44Z</time><extensions><speed>1.809952</speed><course>93.098773</course><hAcc>0.993460</hAcc><vAcc>0.756737</vAcc></extensions></trkpt>
      <trkpt lon="12.253876" lat="46.583843"><ele>1755.881237</ele><time>2025-06-11T18:10:45Z</time><extensions><speed>1.789716</speed><course>90.526513</course><hAcc>0.990070</hAcc><vAcc>0.756737</vAcc></extensions></trkpt>
      <trkpt lon="12.253899" lat="46.583843"><ele>1755.970028</ele><time>2025-06-11T18:10:46Z</time><extensions><speed>1.746032</speed><course>85.817902</course><hAcc>0.994153</hAcc><vAcc>0.756737</vAcc></extensions></trkpt>
      <trkpt lon="12.253921" lat="46.583844"><ele>1756.029913</ele><time>2025-06-11T18:10:47Z</time><extensions><speed>1.740921</speed><course>87.342264</course><hAcc>0.997638</hAcc><vAcc>0.756737</vAcc></extensions></trkpt>
      <trkpt lon="12.253944" lat="46.583845"><ele>1756.091682</ele><time>2025-06-11T18:10:48Z</time><extensions><speed>1.745342</speed><course>84.161614</course><hAcc>1.008508</hAcc><vAcc>0.756737</vAcc></extensions></trkpt>
      <trkpt lon="12.253966" lat="46.583848"><ele>1756.141924</ele><time>2025-06-11T18:10:49Z</time><extensions><speed>1.726703</speed><course>77.284587</course><hAcc>1.025098</hAcc><vAcc>0.756737</vAcc></extensions></trkpt>
      <trkpt lon="12.253987" lat="46.583853"><ele>1756.189689</ele><time>2025-06-11T18:10:50Z</time><extensions><speed>1.675815</speed><course>67.248893</course><hAcc>1.038711</hAcc><vAcc>0.756812</vAcc></extensions></trkpt>
      <trkpt lon="12.254007" lat="46.583859"><ele>1756.207858</ele><time>2025-06-11T18:10:51Z</time><extensions><speed>1.662288</speed><course>64.236100</course><hAcc>1.063678</hAcc><vAcc>0.756846</vAcc></extensions></trkpt>
      <trkpt lon="12.254026" lat="46.583866"><ele>1756.225692</ele><time>2025-06-11T18:10:52Z</time><extensions><speed>1.677878</speed><course>60.104252</course><hAcc>1.078060</hAcc><vAcc>0.756887</vAcc></extensions></trkpt>
      <trkpt lon="12.254044" lat="46.583872"><ele>1756.246887</ele><time>2025-06-11T18:10:53Z</time><extensions><speed>1.600396</speed><course>67.875368</course><hAcc>1.090219</hAcc><vAcc>0.756935</vAcc></extensions></trkpt>
      <trkpt lon="12.254064" lat="46.583877"><ele>1756.259050</ele><time>2025-06-11T18:10:54Z</time><extensions><speed>1.601701</speed><course>78.406032</course><hAcc>1.102231</hAcc><vAcc>0.756989</vAcc></extensions></trkpt>
      <trkpt lon="12.254084" lat="46.583879"><ele>1756.243693</ele><time>2025-06-11T18:10:55Z</time><extensions><speed>1.572762</speed><course>81.353285</course><hAcc>1.102899</hAcc><vAcc>0.757047</vAcc></extensions></trkpt>
      <trkpt lon="12.254105" lat="46.583882"><ele>1756.218880</ele><time>2025-06-11T18:10:56Z</time><extensions><speed>1.613933</speed><course>75.500986</course><hAcc>1.114967</hAcc><vAcc>0.757107</vAcc></extensions></trkpt>
      <trkpt lon="12.254124" lat="46.583888"><ele>1756.177176</ele><time>2025-06-11T18:10:57Z</time><extensions><speed>1.686888</speed><course>58.523289</course><hAcc>1.126512</hAcc><vAcc>0.757165</vAcc></extensions></trkpt>
      <trkpt lon="12.254142" lat="46.583897"><ele>1756.130379</ele><time>2025-06-11T18:10:58Z</time><extensions><speed>1.739319</speed><course>50.309648</course><hAcc>1.127718</hAcc><vAcc>0.757214</vAcc></extensions></trkpt>
      <trkpt lon="12.254160" lat="46.583907"><ele>1756.062005</ele><time>2025-06-11T18:10:59Z</time><extensions><speed>1.742598</speed><course>49.111006</course><hAcc>1.128328</hAcc><vAcc>0.757248</vAcc></extensions></trkpt>
      <trkpt lon="12.254176" lat="46.583918"><ele>1755.983753</ele><time>2025-06-11T18:11:00Z</time><extensions><speed>1.786484</speed><course>39.838526</course><hAcc>1.137844</hAcc><vAcc>0.757260</vAcc></extensions></trkpt>
      <trkpt lon="12.254191" lat="46.583930"><ele>1755.900524</ele><time>2025-06-11T18:11:01Z</time><extensions><speed>1.679830</speed><course>42.168308</course><hAcc>1.162071</hAcc><vAcc>0.757244</vAcc></extensions></trkpt>
      <trkpt lon="12.254203" lat="46.583940"><ele>1755.816248</ele><time>2025-06-11T18:11:02Z</time><extensions><speed>1.255534</speed><course>43.169381</course><hAcc>1.174924</hAcc><vAcc>0.757233</vAcc></extensions></trkpt>
      <trkpt lon="12.254215" lat="46.583948"><ele>1755.712628</ele><time>2025-06-11T18:11:03Z</time><extensions><speed>1.214185</speed><course>45.641608</course><hAcc>1.151022</hAcc><vAcc>0.757195</vAcc></extensions></trkpt>
      <trkpt lon="12.254227" lat="46.583956"><ele>1755.588001</ele><time>2025-06-11T18:11:04Z</time><extensions><speed>1.368833</speed><course>46.210417</course><hAcc>1.167748</hAcc><vAcc>0.757157</vAcc></extensions></trkpt>
      <trkpt lon="12.254240" lat="46.583964"><ele>1755.453089</ele><time>2025-06-11T18:11:05Z</time><extensions><speed>1.303200</speed><course>50.619596</course><hAcc>1.187628</hAcc><vAcc>0.757122</vAcc></extensions></trkpt>
      <trkpt lon="12.254255" lat="46.583971"><ele>1755.313110</ele><time>2025-06-11T18:11:06Z</time><extensions><speed>1.428676</speed><course>60.559236</course><hAcc>1.174508</hAcc><vAcc>0.757095</vAcc></extensions></trkpt>
      <trkpt lon="12.254272" lat="46.583977"><ele>1755.156910</ele><time>2025-06-11T18:11:07Z</time><extensions><speed>1.558780</speed><course>64.098467</course><hAcc>1.166292</hAcc><vAcc>0.757122</vAcc></extensions></trkpt>
      <trkpt lon="12.254290" lat="46.583982"><ele>1754.997015</ele><time>2025-06-11T18:11:08Z</time><extensions><speed>1.395589</speed><course>65.109784</course><hAcc>1.176469</hAcc><vAcc>0.757453</vAcc></extensions></trkpt>
      <trkpt lon="12.254307" lat="46.583988"><ele>1754.813041</ele><time>2025-06-11T18:11:09Z</time><extensions><speed>1.630458</speed><course>63.376673</course><hAcc>1.137039</hAcc><vAcc>0.758197</vAcc></extensions></trkpt>
      <trkpt lon="12.254325" lat="46.583994"><ele>1754.622814</ele><time>2025-06-11T18:11:11Z</time><extensions><speed>1.444787</speed><course>64.074343</course><hAcc>1.131885</hAcc><vAcc>0.759422</vAcc></extensions></trkpt>
      <trkpt lon="12.254343" lat="46.584000"><ele>1754.419237</ele><time>2025-06-11T18:11:12Z</time><extensions><speed>1.504320</speed><course>65.845922</course><hAcc>1.110140</hAcc><vAcc>0.761292</vAcc></extensions></trkpt>
      <trkpt lon="12.254360" lat="46.584005"><ele>1754.222557</ele><time>2025-06-11T18:11:13Z</time><extensions><speed>1.371888</speed><course>64.645554</course><hAcc>1.112171</hAcc><vAcc>0.764095</vAcc></extensions></trkpt>
      <trkpt lon="12.254377" lat="46.584010"><ele>1754.025755</ele><time>2025-06-11T18:11:14Z</time><extensions><speed>1.525196</speed><course>70.792670</course><hAcc>1.089720</hAcc><vAcc>0.767915</vAcc></extensions></trkpt>
      <trkpt lon="12.254396" lat="46.584014"><ele>1753.819271</ele><time>2025-06-11T18:11:15Z</time><extensions><speed>1.376984</speed><course>75.479755</course><hAcc>1.103883</hAcc><vAcc>0.772903</vAcc></extensions></trkpt>
      <trkpt lon="12.254415" lat="46.584016"><ele>1753.634491</ele><time>2025-06-11T18:11:16Z</time><extensions><speed>1.669648</speed><course>85.584905</course><hAcc>1.058931</hAcc><vAcc>0.778787</vAcc></extensions></trkpt>
      <trkpt lon="12.254438" lat="46.584016"><ele>1753.442920</ele><time>2025-06-11T18:11:17Z</time><extensions><speed>1.878077</speed><course>91.988181</course><hAcc>1.035654</hAcc><vAcc>0.786102</vAcc></extensions></trkpt>
      <trkpt lon="12.254463" lat="46.584016"><ele>1753.268332</ele><time>2025-06-11T18:11:18Z</time><extensions><speed>1.860052</speed><course>91.515348</course><hAcc>1.047477</hAcc><vAcc>0.794411</vAcc></extensions></trkpt>
      <trkpt lon="12.254486" lat="46.584015"><ele>1753.086241</ele><time>2025-06-11T18:11:19Z</time><extensions><speed>1.810253</speed><course>93.362655</course><hAcc>1.043729</hAcc><vAcc>0.803680</vAcc></extensions></trkpt>
      <trkpt lon="12.254510" lat="46.584014"><ele>1752.916435</ele><time>2025-06-11T18:11:20Z</time><extensions><speed>1.798484</speed><course>98.970202</course><hAcc>1.032975</hAcc><vAcc>0.813720</vAcc></extensions></trkpt>
      <trkpt lon="12.254533" lat="46.584010"><ele>1752.774639</ele><time>2025-06-11T18:11:21Z</time><extensions><speed>1.825322</speed><course>105.823627</course><hAcc>1.023627</hAcc><vAcc>0.823856</vAcc></extensions></trkpt>
      <trkpt lon="12.254556" lat="46.584006"><ele>1752.656844</ele><time>2025-06-11T18:11:22Z</time><extensions><speed>1.865361</speed><course>106.029848</course><hAcc>1.011943</hAcc><vAcc>0.833986</vAcc></extensions></trkpt>
      <trkpt lon="12.254579" lat="46.584001"><ele>1752.576212</ele><time>2025-06-11T18:11:23Z</time><extensions><speed>1.834073</speed><course>109.053766</course><hAcc>1.010849</hAcc><vAcc>0.843502</vAcc></extensions></trkpt>
      <trkpt lon="12.254601" lat="46.583995"><ele>1752.485023</ele><time>2025-06-11T18:11:24Z</time><extensions><speed>1.795623</speed><course>110.652326</course><hAcc>1.015170</hAcc><vAcc>0.852424</vAcc></extensions></trkpt>
      <trkpt lon="12.254622" lat="46.583990"><ele>1752.419211</ele><time>2025-06-11T18:11:25Z</time><extensions><speed>1.740670</speed><course>108.791283</course><hAcc>1.018469</hAcc><vAcc>0.860670</vAcc></extensions></trkpt>
      <trkpt lon="12.254643" lat="46.583985"><ele>1752.372519</ele><time>2025-06-11T18:11:26Z</time><extensions><speed>1.654532</speed><course>109.414652</course><hAcc>1.002662</hAcc><vAcc>0.868277</vAcc></extensions></trkpt>
      <trkpt lon="12.254663" lat="46.583980"><ele>1752.335104</ele><time>2025-06-11T18:11:27Z</time><extensions><speed>1.626511</speed><course>110.810931</course><hAcc>1.000082</hAcc><vAcc>0.873805</vAcc></extensions></trkpt>
      <trkpt lon="12.254684" lat="46.583975"><ele>1752.333776</ele><time>2025-06-11T18:11:28Z</time><extensions><speed>1.685973</speed><course>104.999201</course><hAcc>1.018614</hAcc><vAcc>0.877054</vAcc></extensions></trkpt>
      <trkpt lon="12.254705" lat="46.583972"><ele>1752.344406</ele><time>2025-06-11T18:11:29Z</time><extensions><speed>1.649641</speed><course>100.200509</course><hAcc>1.025158</hAcc><vAcc>0.879931</vAcc></extensions></trkpt>
      <trkpt lon="12.254725" lat="46.583969"><ele>1752.359576</ele><time>2025-06-11T18:11:30Z</time><extensions><speed>1.593582</speed><course>103.211524</course><hAcc>1.021274</hAcc><vAcc>0.881000</vAcc></extensions></trkpt>
      <trkpt lon="12.254745" lat="46.583965"><ele>1752.382844</ele><time>2025-06-11T18:11:31Z</time><extensions><speed>1.591402</speed><course>109.596967</course><hAcc>1.031540</hAcc><vAcc>0.879625</vAcc></extensions></trkpt>
      <trkpt lon="12.254765" lat="46.583960"><ele>1752.472269</ele><time>2025-06-11T18:11:32Z</time><extensions><speed>1.571738</speed><course>111.890588</course><hAcc>1.035697</hAcc><vAcc>0.876767</vAcc></extensions></trkpt>
      <trkpt lon="12.254783" lat="46.583955"><ele>1752.581626</ele><time>2025-06-11T18:11:33Z</time><extensions><speed>1.538804</speed><course>112.634405</course><hAcc>1.032086</hAcc><vAcc>0.873362</vAcc></extensions></trkpt>
      <trkpt lon="12.254803" lat="46.583951"><ele>1752.689352</ele><time>2025-06-11T18:11:34Z</time><extensions><speed>1.574967</speed><course>101.166087</course><hAcc>1.041763</hAcc><vAcc>0.868555</vAcc></extensions></trkpt>
      <trkpt lon="12.254823" lat="46.583948"><ele>1752.800915</ele><time>2025-06-11T18:11:35Z</time><extensions><speed>1.530188</speed><course>100.672099</course><hAcc>1.053429</hAcc><vAcc>0.863282</vAcc></extensions></trkpt>
      <trkpt lon="12.254840" lat="46.583946"><ele>1752.942416</ele><time>2025-06-11T18:11:36Z</time><extensions><speed>1.198188</speed><course>93.531917</course><hAcc>1.067855</hAcc><vAcc>0.857110</vAcc></extensions></trkpt>
      <trkpt lon="12.254856" lat="46.583946"><ele>1753.128249</ele><time>2025-06-11T18:11:37Z</time><extensions><speed>1.229319</speed><course>94.053193</course><hAcc>1.052879</hAcc><vAcc>0.849566</vAcc></extensions></trkpt>
      <trkpt lon="12.254872" lat="46.583945"><ele>1753.329345</ele><time>2025-06-11T18:11:38Z</time><extensions><speed>1.292821</speed><course>95.497381</course><hAcc>1.067843</hAcc><vAcc>0.842034</vAcc></extensions></trkpt>
      <trkpt lon="12.254889" lat="46.583944"><ele>1753.582569</ele><time>2025-06-11T18:11:39Z</time><extensions><speed>1.214908</speed><course>94.230928</course><hAcc>1.102427</hAcc><vAcc>0.834144</vAcc></extensions></trkpt>
      <trkpt lon="12.254905" lat="46.583942"><ele>1753.829222</ele><time>2025-06-11T18:11:40Z</time><extensions><speed>1.270621</speed><course>99.560106</course><hAcc>1.099828</hAcc><vAcc>0.830795</vAcc></extensions></trkpt>
      <trkpt lon="12.254922" lat="46.583940"><ele>1754.125917</ele><time>2025-06-11T18:11:41Z</time><extensions><speed>1.387230</speed><course>106.975701</course><hAcc>1.085809</hAcc><vAcc>0.824372</vAcc></extensions></trkpt>
      <trkpt lon="12.254939" lat="46.583935"><ele>1754.399621</ele><time>2025-06-11T18:11:42Z</time><extensions><speed>1.484387</speed><course>113.494848</course><hAcc>1.073590</hAcc><vAcc>0.817856</vAcc></extensions></trkpt>
      <trkpt lon="12.254956" lat="46.583930"><ele>1754.684965</ele><time>2025-06-11T18:11:43Z</time><extensions><speed>1.328002</speed><course>111.269921</course><hAcc>1.079738</hAcc><vAcc>0.813268</vAcc></extensions></trkpt>
      <trkpt lon="12.254973" lat="46.583927"><ele>1754.979043</ele><time>2025-06-11T18:11:44Z</time><extensions><speed>1.265977</speed><course>98.608971</course><hAcc>1.103624</hAcc><vAcc>0.809331</vAcc></extensions></trkpt>
      <trkpt lon="12.254989" lat="46.583926"><ele>1755.248824</ele><time>2025-06-11T18:11:45Z</time><extensions><speed>1.249634</speed><course>92.799201</course><hAcc>1.096351</hAcc><vAcc>0.805632</vAcc></extensions></trkpt>
      <trkpt lon="12.255006" lat="46.583925"><ele>1755.518679</ele><time>2025-06-11T18:11:46Z</time><extensions><speed>1.297025</speed><course>95.623160</course><hAcc>1.071539</hAcc><vAcc>0.802845</vAcc></extensions></trkpt>
      <trkpt lon="12.255024" lat="46.583923"><ele>1755.758503</ele><time>2025-06-11T18:11:47Z</time><extensions><speed>1.490876</speed><course>101.399476</course><hAcc>1.065800</hAcc><vAcc>0.801150</vAcc></extensions></trkpt>
      <trkpt lon="12.255042" lat="46.583920"><ele>1755.893827</ele><time>2025-06-11T18:11:48Z</time><extensions><speed>1.412090</speed><course>107.733269</course><hAcc>1.074862</hAcc><vAcc>0.798876</vAcc></extensions></trkpt>
      <trkpt lon="12.255059" lat="46.583915"><ele>1756.014700</ele><time>2025-06-11T18:11:49Z</time><extensions><speed>1.450037</speed><course>117.268534</course><hAcc>1.054591</hAcc><vAcc>0.796106</vAcc></extensions></trkpt>
      <trkpt lon="12.255072" lat="46.583911"><ele>1756.077475</ele><time>2025-06-11T18:11:49Z</time><extensions><speed>1.157176</speed><course>115.502655</course><hAcc>1.057088</hAcc><vAcc>0.793516</vAcc></extensions></trkpt>
      <trkpt lon="12.255074" lat="46.583910"><ele>1756.049652</ele><time>2025-06-11T18:11:50Z</time><extensions><speed>1.199858</speed><course>115.405392</course><hAcc>1.055978</hAcc><vAcc>0.788448</vAcc></extensions></trkpt>
      <trkpt lon="12.255093" lat="46.583905"><ele>1756.105971</ele><time>2025-06-11T18:11:51Z</time><extensions><speed>1.876704</speed><course>110.698744</course><hAcc>1.032598</hAcc><vAcc>0.790305</vAcc></extensions></trkpt>
      <trkpt lon="12.255115" lat="46.583899"><ele>1756.122390</ele><time>2025-06-11T18:11:52Z</time><extensions><speed>1.795092</speed><course>107.182603</course><hAcc>1.043573</hAcc><vAcc>0.791652</vAcc></extensions></trkpt>
      <trkpt lon="12.255137" lat="46.583895"><ele>1756.124182</ele><time>2025-06-11T18:11:53Z</time><extensions><speed>1.711513</speed><course>103.693628</course><hAcc>1.056496</hAcc><vAcc>0.792306</vAcc></extensions></trkpt>
      <trkpt lon="12.255160" lat="46.583892"><ele>1756.105959</ele><time>2025-06-11T18:11:54Z</time><extensions><speed>1.871219</speed><course>100.717532</course><hAcc>1.042227</hAcc><vAcc>0.792762</vAcc></extensions></trkpt>
      <trkpt lon="12.255185" lat="46.583889"><ele>1756.040422</ele><time>2025-06-11T18:11:55Z</time><extensions><speed>1.951971</speed><course>97.363014</course><hAcc>1.045549</hAcc><vAcc>0.793075</vAcc></extensions></trkpt>
      <trkpt lon="12.255209" lat="46.583887"><ele>1755.959555</ele><time>2025-06-11T18:11:56Z</time><extensions><speed>1.738228</speed><course>94.968541</course><hAcc>1.068788</hAcc><vAcc>0.793121</vAcc></extensions></trkpt>
      <trkpt lon="12.255233" lat="46.583887"><ele>1755.847059</ele><time>2025-06-11T18:11:57Z</time><extensions><speed>1.923562</speed><course>87.274148</course><hAcc>1.043209</hAcc><vAcc>0.793138</vAcc></extensions></trkpt>
      <trkpt lon="12.255255" lat="46.583888"><ele>1755.796306</ele><time>2025-06-11T18:11:58Z</time><extensions><speed>1.566789</speed><course>86.743280</course><hAcc>1.051627</hAcc><vAcc>0.793065</vAcc></extensions></trkpt>
      <trkpt lon="12.255275" lat="46.583887"><ele>1755.719120</ele><time>2025-06-11T18:11:59Z</time><extensions><speed>1.460892</speed><course>100.314694</course><hAcc>1.060089</hAcc><vAcc>0.793179</vAcc></extensions></trkpt>
      <trkpt lon="12.255295" lat="46.583883"><ele>1755.617206</ele><time>2025-06-11T18:12:00Z</time><extensions><speed>1.659069</speed><course>109.097455</course><hAcc>1.028212</hAcc><vAcc>0.793376</vAcc></extensions></trkpt>
      <trkpt lon="12.255316" lat="46.583877"><ele>1755.517310</ele><time>2025-06-11T18:12:01Z</time><extensions><speed>1.952430</speed><course>113.701577</course><hAcc>1.007555</hAcc><vAcc>0.793739</vAcc></extensions></trkpt>
      <trkpt lon="12.255340" lat="46.583871"><ele>1755.408160</ele><time>2025-06-11T18:12:02Z</time><extensions><speed>1.913435</speed><course>111.039470</course><hAcc>1.026047</hAcc><vAcc>0.794102</vAcc></extensions></trkpt>
      <trkpt lon="12.255363" lat="46.583865"><ele>1755.300011</ele><time>2025-06-11T18:12:03Z</time><extensions><speed>1.894057</speed><course>107.992655</course><hAcc>1.006629</hAcc><vAcc>0.794541</vAcc></extensions></trkpt>
      <trkpt lon="12.255386" lat="46.583860"><ele>1755.189895</ele><time>2025-06-11T18:12:04Z</time><extensions><speed>1.845661</speed><course>106.716133</course><hAcc>0.989569</hAcc><vAcc>0.794805</vAcc></extensions></trkpt>
      <trkpt lon="12.255409" lat="46.583855"><ele>1755.082502</ele><time>2025-06-11T18:12:05Z</time><extensions><speed>1.770262</speed><course>105.558957</course><hAcc>0.981240</hAcc><vAcc>0.795070</vAcc></extensions></trkpt>
      <trkpt lon="12.255431" lat="46.583850"><ele>1754.985379</ele><time>2025-06-11T18:12:06Z</time><extensions><speed>1.756189</speed><course>112.315580</course><hAcc>0.975799</hAcc><vAcc>0.795107</vAcc></extensions></trkpt>
      <trkpt lon="12.255452" lat="46.583844"><ele>1754.906611</ele><time>2025-06-11T18:12:07Z</time><extensions><speed>1.792385</speed><course>114.887624</course><hAcc>0.971485</hAcc><vAcc>0.795149</vAcc></extensions></trkpt>
      <trkpt lon="12.255473" lat="46.583837"><ele>1754.809132</ele><time>2025-06-11T18:12:08Z</time><extensions><speed>1.750563</speed><course>116.595444</course><hAcc>0.979838</hAcc><vAcc>0.795363</vAcc></extensions></trkpt>
      <trkpt lon="12.255494" lat="46.583830"><ele>1754.702451</ele><time>2025-06-11T18:12:09Z</time><extensions><speed>1.838046</speed><course>111.992236</course><hAcc>0.963681</hAcc><vAcc>0.795522</vAcc></extensions></trkpt>
      <trkpt lon="12.255517" lat="46.583825"><ele>1754.585190</ele><time>2025-06-11T18:12:10Z</time><extensions><speed>1.841020</speed><course>108.625905</course><hAcc>0.965504</hAcc><vAcc>0.795250</vAcc></extensions></trkpt>
      <trkpt lon="12.255540" lat="46.583820"><ele>1754.468059</ele><time>2025-06-11T18:12:11Z</time><extensions><speed>1.844773</speed><course>104.450952</course><hAcc>0.978494</hAcc><vAcc>0.794545</vAcc></extensions></trkpt>
      <trkpt lon="12.255563" lat="46.583817"><ele>1754.347457</ele><time>2025-06-11T18:12:12Z</time><extensions><speed>1.826406</speed><course>98.312884</course><hAcc>0.978787</hAcc><vAcc>0.793681</vAcc></extensions></trkpt>
      <trkpt lon="12.255587" lat="46.583815"><ele>1754.234651</ele><time>2025-06-11T18:12:13Z</time><extensions><speed>1.844367</speed><course>94.315870</course><hAcc>0.983522</hAcc><vAcc>0.794054</vAcc></extensions></trkpt>
      <trkpt lon="12.255611" lat="46.583814"><ele>1754.125044</ele><time>2025-06-11T18:12:13Z</time><extensions><speed>1.872575</speed><course>88.609014</course><hAcc>0.979677</hAcc><vAcc>0.794745</vAcc></extensions></trkpt>
      <trkpt lon="12.255635" lat="46.583815"><ele>1754.020549</ele><time>2025-06-11T18:12:14Z</time><extensions><speed>1.814836</speed><course>87.880410</course><hAcc>0.986055</hAcc><vAcc>0.794326</vAcc></extensions></trkpt>
      <trkpt lon="12.255659" lat="46.583816"><ele>1753.931904</ele><time>2025-06-11T18:12:15Z</time><extensions><speed>1.805861</speed><course>87.064312</course><hAcc>0.996006</hAcc><vAcc>0.793786</vAcc></extensions></trkpt>
      <trkpt lon="12.255682" lat="46.583816"><ele>1753.836456</ele><time>2025-06-11T18:12:16Z</time><extensions><speed>1.804856</speed><course>89.150228</course><hAcc>1.010093</hAcc><vAcc>0.793053</vAcc></extensions></trkpt>
      <trkpt lon="12.255705" lat="46.583817"><ele>1753.773450</ele><time>2025-06-11T18:12:17Z</time><extensions><speed>1.771475</speed><course>84.488718</course><hAcc>1.016163</hAcc><vAcc>0.792054</vAcc></extensions></trkpt>
      <trkpt lon="12.255728" lat="46.583819"><ele>1753.714609</ele><time>2025-06-11T18:12:18Z</time><extensions><speed>1.776131</speed><course>80.212235</course><hAcc>1.038371</hAcc><vAcc>0.790746</vAcc></extensions></trkpt>
      <trkpt lon="12.255751" lat="46.583822"><ele>1753.657234</ele><time>2025-06-11T18:12:19Z</time><extensions><speed>1.779852</speed><course>81.370418</course><hAcc>1.064257</hAcc><vAcc>0.789170</vAcc></extensions></trkpt>
      <trkpt lon="12.255775" lat="46.583823"><ele>1753.600517</ele><time>2025-06-11T18:12:20Z</time><extensions><speed>1.823305</speed><course>86.564592</course><hAcc>1.111791</hAcc><vAcc>0.792573</vAcc></extensions></trkpt>
      <trkpt lon="12.255798" lat="46.583823"><ele>1753.563034</ele><time>2025-06-11T18:12:21Z</time><extensions><speed>1.864044</speed><course>94.148583</course><hAcc>1.169361</hAcc><vAcc>0.800120</vAcc></extensions></trkpt>
      <trkpt lon="12.255823" lat="46.583821"><ele>1753.539886</ele><time>2025-06-11T18:12:22Z</time><extensions><speed>1.879681</speed><course>102.667027</course><hAcc>1.260275</hAcc><vAcc>0.812073</vAcc></extensions></trkpt>
      <trkpt lon="12.255846" lat="46.583817"><ele>1753.529706</ele><time>2025-06-11T18:12:23Z</time><extensions><speed>1.878704</speed><course>106.323028</course><hAcc>1.353202</hAcc><vAcc>0.829687</vAcc></extensions></trkpt>
      <trkpt lon="12.255870" lat="46.583812"><ele>1753.532434</ele><time>2025-06-11T18:12:24Z</time><extensions><speed>1.938391</speed><course>106.749503</course><hAcc>1.433070</hAcc><vAcc>0.854435</vAcc></extensions></trkpt>
      <trkpt lon="12.255895" lat="46.583807"><ele>1753.554828</ele><time>2025-06-11T18:12:25Z</time><extensions><speed>2.053378</speed><course>104.783285</course><hAcc>1.580792</hAcc><vAcc>0.884893</vAcc></extensions></trkpt>
      <trkpt lon="12.255920" lat="46.583803"><ele>1753.578021</ele><time>2025-06-11T18:12:26Z</time><extensions><speed>1.926319</speed><course>102.178153</course><hAcc>1.798142</hAcc><vAcc>0.927635</vAcc></extensions></trkpt>
      <trkpt lon="12.255945" lat="46.583799"><ele>1753.612809</ele><time>2025-06-11T18:12:27Z</time><extensions><speed>1.872570</speed><course>100.297513</course><hAcc>2.018865</hAcc><vAcc>0.983509</vAcc></extensions></trkpt>
      <trkpt lon="12.255967" lat="46.583797"><ele>1753.654306</ele><time>2025-06-11T18:12:28Z</time><extensions><speed>1.650808</speed><course>98.631529</course><hAcc>2.281972</hAcc><vAcc>1.053930</vAcc></extensions></trkpt>
      <trkpt lon="12.255987" lat="46.583794"><ele>1753.701192</ele><time>2025-06-11T18:12:30Z</time><extensions><speed>1.352546</speed><course>104.154595</course><hAcc>2.587920</hAcc><vAcc>1.141961</vAcc></extensions></trkpt>
      <trkpt lon="12.256071" lat="46.583744"><ele>1754.208101</ele><time>2025-06-11T18:12:48Z</time><extensions><speed>0.663466</speed><course>244.126916</course><hAcc>6.689580</hAcc><vAcc>1.358524</vAcc></extensions></trkpt>
      <trkpt lon="12.256065" lat="46.583742"><ele>1754.211750</ele><time>2025-06-11T18:12:49Z</time><extensions><speed>0.409303</speed><course>242.770724</course><hAcc>6.822876</hAcc><vAcc>1.336917</vAcc></extensions></trkpt>
      <trkpt lon="12.256060" lat="46.583740"><ele>1754.209630</ele><time>2025-06-11T18:12:50Z</time><extensions><speed>0.316374</speed><course>241.738418</course><hAcc>6.871988</hAcc><vAcc>1.336897</vAcc></extensions></trkpt>
      <trkpt lon="12.256057" lat="46.583739"><ele>1754.203274</ele><time>2025-06-11T18:12:51Z</time><extensions><speed>0.234680</speed><course>243.237415</course><hAcc>6.920354</hAcc><vAcc>1.359840</vAcc></extensions></trkpt>
      <trkpt lon="12.256054" lat="46.583738"><ele>1754.193632</ele><time>2025-06-11T18:12:52Z</time><extensions><speed>0.261754</speed><course>245.970704</course><hAcc>6.990728</hAcc><vAcc>1.407848</vAcc></extensions></trkpt>
      <trkpt lon="12.256013" lat="46.583727"><ele>1753.957285</ele><time>2025-06-11T18:13:00Z</time><extensions><speed>0.581679</speed><course>251.247034</course><hAcc>8.899159</hAcc><vAcc>1.564210</vAcc></extensions></trkpt>
      <trkpt lon="12.256006" lat="46.583726"><ele>1753.909434</ele><time>2025-06-11T18:13:01Z</time><extensions><speed>0.552271</speed><course>252.486253</course><hAcc>9.519549</hAcc><vAcc>1.586784</vAcc></extensions></trkpt>
      <trkpt lon="12.255999" lat="46.583725"><ele>1753.862593</ele><time>2025-06-11T18:13:02Z</time><extensions><speed>0.551742</speed><course>254.869201</course><hAcc>10.062898</hAcc><vAcc>1.641494</vAcc></extensions></trkpt>
      <trkpt lon="12.255991" lat="46.583723"><ele>1753.808912</ele><time>2025-06-11T18:13:03Z</time><extensions><speed>0.592145</speed><course>259.335481</course><hAcc>10.558908</hAcc><vAcc>1.741010</vAcc></extensions></trkpt>
      <trkpt lon="12.255885" lat="46.583657"><ele>1753.391187</ele><time>2025-06-11T18:13:23Z</time><extensions><speed>0.677168</speed><course>200.233622</course><hAcc>11.547391</hAcc><vAcc>1.940294</vAcc></extensions></trkpt>
      <trkpt lon="12.255882" lat="46.583652"><ele>1753.395211</ele><time>2025-06-11T18:13:24Z</time><extensions><speed>0.630680</speed><course>198.781641</course><hAcc>11.079650</hAcc><vAcc>1.873498</vAcc></extensions></trkpt>
      <trkpt lon="12.255880" lat="46.583647"><ele>1753.399098</ele><time>2025-06-11T18:13:25Z</time><extensions><speed>0.551368</speed><course>199.709910</course><hAcc>10.530500</hAcc><vAcc>1.830963</vAcc></extensions></trkpt>
      <trkpt lon="12.255877" lat="46.583643"><ele>1753.403048</ele><time>2025-06-11T18:13:26Z</time><extensions><speed>0.471635</speed><course>202.401529</course><hAcc>9.879206</hAcc><vAcc>1.816568</vAcc></extensions></trkpt>
      <trkpt lon="12.255867" lat="46.583631"><ele>1753.428992</ele><time>2025-06-11T18:13:34Z</time><extensions><speed>0.073472</speed><course>354.127756</course><hAcc>8.868973</hAcc><vAcc>1.632977</vAcc></extensions></trkpt>
      <trkpt lon="12.255867" lat="46.583632"><ele>1753.431909</ele><time>2025-06-11T18:13:35Z</time><extensions><speed>0.044569</speed><course>354.453485</course><hAcc>8.622039</hAcc><vAcc>1.556900</vAcc></extensions></trkpt>
      <trkpt lon="12.255867" lat="46.583632"><ele>1753.434677</ele><time>2025-06-11T18:13:36Z</time><extensions><speed>0.030871</speed><course>354.533763</course><hAcc>8.379816</hAcc><vAcc>1.496954</vAcc></extensions></trkpt>
      <trkpt lon="12.255867" lat="46.583633"><ele>1753.437305</ele><time>2025-06-11T18:13:37Z</time><extensions><speed>0.024696</speed><course>354.210298</course><hAcc>8.149393</hAcc><vAcc>1.451358</vAcc></extensions></trkpt>
      <trkpt lon="12.255867" lat="46.583633"><ele>1753.439824</ele><time>2025-06-11T18:13:38Z</time><extensions><speed>0.023222</speed><course>353.476947</course><hAcc>7.935613</hAcc><vAcc>1.418652</vAcc></extensions></trkpt>
      <trkpt lon="12.255867" lat="46.583634"><ele>1753.442244</ele><time>2025-06-11T18:13:39Z</time><extensions><speed>0.016987</speed><course>352.074093</course><hAcc>7.754093</hAcc><vAcc>1.398210</vAcc></extensions></trkpt>
      <trkpt lon="12.255867" lat="46.583634"><ele>1753.444551</ele><time>2025-06-11T18:13:40Z</time><extensions><speed>0.016800</speed><course>349.634766</course><hAcc>7.577242</hAcc><vAcc>1.389943</vAcc></extensions></trkpt>
      <trkpt lon="12.255867" lat="46.583634"><ele>1753.446758</ele><time>2025-06-11T18:13:41Z</time><extensions><speed>0.017735</speed><course>351.045357</course><hAcc>7.417211</hAcc><vAcc>1.393924</vAcc></extensions></trkpt>
      <trkpt lon="12.255867" lat="46.583635"><ele>1753.452159</ele><time>2025-06-11T18:13:43Z</time><extensions><speed>0.017088</speed><course>352.219744</course><hAcc>7.255461</hAcc><vAcc>1.388769</vAcc></extensions></trkpt>
      <trkpt lon="12.255867" lat="46.583635"><ele>1753.453526</ele><time>2025-06-11T18:13:44Z</time><extensions><speed>0.018006</speed><course>352.265763</course><hAcc>7.125356</hAcc><vAcc>1.359885</vAcc></extensions></trkpt>
      <trkpt lon="12.255866" lat="46.583635"><ele>1753.454757</ele><time>2025-06-11T18:13:45Z</time><extensions><speed>0.017686</speed><course>352.288751</course><hAcc>7.006717</hAcc><vAcc>1.338277</vAcc></extensions></trkpt>
      <trkpt lon="12.255866" lat="46.583636"><ele>1753.455859</ele><time>2025-06-11T18:13:46Z</time><extensions><speed>0.016614</speed><course>352.301423</course><hAcc>6.908181</hAcc><vAcc>1.322304</vAcc></extensions></trkpt>
      <trkpt lon="12.255866" lat="46.583636"><ele>1753.456863</ele><time>2025-06-11T18:13:48Z</time><extensions><speed>0.015015</speed><course>352.309096</course><hAcc>6.826203</hAcc><vAcc>1.310731</vAcc></extensions></trkpt>
      <trkpt lon="12.255866" lat="46.583636"><ele>1753.457731</ele><time>2025-06-11T18:13:49Z</time><extensions><speed>0.013657</speed><course>352.313512</course><hAcc>6.753031</hAcc><vAcc>1.302310</vAcc></extensions></trkpt>
      <trkpt lon="12.255866" lat="46.583635"><ele>1753.452977</ele><time>2025-06-11T18:13:50Z</time><extensions><speed>0.004192</speed><course>301.927277</course><hAcc>6.695118</hAcc><vAcc>1.303829</vAcc></extensions></trkpt>
      <trkpt lon="12.255865" lat="46.583633"><ele>1753.448355</ele><time>2025-06-11T18:13:51Z</time><extensions><speed>0.009739</speed><course>211.768491</course><hAcc>6.654325</hAcc><vAcc>1.308596</vAcc></extensions></trkpt>
      <trkpt lon="12.255865" lat="46.583632"><ele>1753.443590</ele><time>2025-06-11T18:13:52Z</time><extensions><speed>0.018648</speed><course>200.173145</course><hAcc>6.631964</hAcc><vAcc>1.316555</vAcc></extensions></trkpt>
      <trkpt lon="12.255865" lat="46.583631"><ele>1753.438586</ele><time>2025-06-11T18:13:53Z</time><extensions><speed>0.026534</speed><course>196.429539</course><hAcc>6.625581</hAcc><vAcc>1.327898</vAcc></extensions></trkpt>
      <trkpt lon="12.255864" lat="46.583630"><ele>1753.433266</ele><time>2025-06-11T18:13:54Z</time><extensions><speed>0.033836</speed><course>194.567965</course><hAcc>6.632613</hAcc><vAcc>1.343220</vAcc></extensions></trkpt>
      <trkpt lon="12.255864" lat="46.583629"><ele>1753.427595</ele><time>2025-06-11T18:13:55Z</time><extensions><speed>0.040219</speed><course>193.436133</course><hAcc>6.650467</hAcc><vAcc>1.363169</vAcc></extensions></trkpt>
      <trkpt lon="12.255864" lat="46.583628"><ele>1753.421915</ele><time>2025-06-11T18:13:56Z</time><extensions><speed>0.047199</speed><course>192.626257</course><hAcc>6.671773</hAcc><vAcc>1.388813</vAcc></extensions></trkpt>
      <trkpt lon="12.255863" lat="46.583627"><ele>1753.415372</ele><time>2025-06-11T18:13:57Z</time><extensions><speed>0.058867</speed><course>192.048411</course><hAcc>6.682868</hAcc><vAcc>1.421560</vAcc></extensions></trkpt>
      <trkpt lon="12.255863" lat="46.583626"><ele>1753.408470</ele><time>2025-06-11T18:13:58Z</time><extensions><speed>0.086791</speed><course>191.677644</course><hAcc>6.657895</hAcc><vAcc>1.463053</vAcc></extensions></trkpt>
      <trkpt lon="12.255863" lat="46.583625"><ele>1753.401248</ele><time>2025-06-11T18:13:59Z</time><extensions><speed>0.167842</speed><course>191.514609</course><hAcc>6.574895</hAcc><vAcc>1.514821</vAcc></extensions></trkpt>
      <trkpt lon="12.255860" lat="46.583614"><ele>1753.355384</ele><time>2025-06-11T18:14:05Z</time><extensions><speed>0.209237</speed><course>191.178913</course><hAcc>7.073833</hAcc><vAcc>1.560186</vAcc></extensions></trkpt>
      <trkpt lon="12.255859" lat="46.583612"><ele>1753.346595</ele><time>2025-06-11T18:14:06Z</time><extensions><speed>0.143987</speed><course>191.205747</course><hAcc>7.148041</hAcc><vAcc>1.513746</vAcc></extensions></trkpt>
      <trkpt lon="12.255859" lat="46.583610"><ele>1753.338453</ele><time>2025-06-11T18:14:07Z</time><extensions><speed>0.103177</speed><course>191.216872</course><hAcc>7.141559</hAcc><vAcc>1.478959</vAcc></extensions></trkpt>
      <trkpt lon="12.255858" lat="46.583609"><ele>1753.330962</ele><time>2025-06-11T18:14:08Z</time><extensions><speed>0.078583</speed><course>191.202827</course><hAcc>7.086932</hAcc><vAcc>1.453105</vAcc></extensions></trkpt>
      <trkpt lon="12.255858" lat="46.583608"><ele>1753.324050</ele><time>2025-06-11T18:14:09Z</time><extensions><speed>0.066171</speed><course>191.154812</course><hAcc>7.006193</hAcc><vAcc>1.433952</vAcc></extensions></trkpt>
      <trkpt lon="12.255858" lat="46.583607"><ele>1753.317734</ele><time>2025-06-11T18:14:10Z</time><extensions><speed>0.062460</speed><course>191.070530</course><hAcc>6.910170</hAcc><vAcc>1.419901</vAcc></extensions></trkpt>
      <trkpt lon="12.255857" lat="46.583606"><ele>1753.311976</ele><time>2025-06-11T18:14:11Z</time><extensions><speed>0.067916</speed><course>190.960282</course><hAcc>6.809399</hAcc><vAcc>1.409562</vAcc></extensions></trkpt>
      <trkpt lon="12.255857" lat="46.583605"><ele>1753.306756</ele><time>2025-06-11T18:14:12Z</time><extensions><speed>0.071181</speed><course>190.814826</course><hAcc>6.730741</hAcc><vAcc>1.402010</vAcc></extensions></trkpt>
      <trkpt lon="12.255857" lat="46.583604"><ele>1753.301998</ele><time>2025-06-11T18:14:13Z</time><extensions><speed>0.060954</speed><course>190.929153</course><hAcc>6.685081</hAcc><vAcc>1.396576</vAcc></extensions></trkpt>
      <trkpt lon="12.255857" lat="46.583604"><ele>1753.297742</ele><time>2025-06-11T18:14:14Z</time><extensions><speed>0.051524</speed><course>191.006061</course><hAcc>6.652052</hAcc><vAcc>1.392557</vAcc></extensions></trkpt>
      <trkpt lon="12.255856" lat="46.583603"><ele>1753.293933</ele><time>2025-06-11T18:14:15Z</time><extensions><speed>0.043786</speed><course>191.057769</course><hAcc>6.619468</hAcc><vAcc>1.389711</vAcc></extensions></trkpt>
      <trkpt lon="12.255856" lat="46.583602"><ele>1753.290535</ele><time>2025-06-11T18:14:16Z</time><extensions><speed>0.037900</speed><course>191.091399</course><hAcc>6.583791</hAcc><vAcc>1.387820</vAcc></extensions></trkpt>
      <trkpt lon="12.255856" lat="46.583602"><ele>1753.287530</ele><time>2025-06-11T18:14:17Z</time><extensions><speed>0.032616</speed><course>191.112552</course><hAcc>6.544580</hAcc><vAcc>1.386627</vAcc></extensions></trkpt>
      <trkpt lon="12.255856" lat="46.583601"><ele>1753.284891</ele><time>2025-06-11T18:14:18Z</time><extensions><speed>0.029811</speed><course>191.125314</course><hAcc>6.499920</hAcc><vAcc>1.385996</vAcc></extensions></trkpt>
      <trkpt lon="12.255856" lat="46.583601"><ele>1753.282586</ele><time>2025-06-11T18:14:19Z</time><extensions><speed>0.027419</speed><course>191.132482</course><hAcc>6.457545</hAcc><vAcc>1.385904</vAcc></extensions></trkpt>
      <trkpt lon="12.255856" lat="46.583600"><ele>1753.280623</ele><time>2025-06-11T18:14:20Z</time><extensions><speed>0.024098</speed><course>191.136528</course><hAcc>6.422420</hAcc><vAcc>1.387531</vAcc></extensions></trkpt>
      <trkpt lon="12.255856" lat="46.583600"><ele>1753.278926</ele><time>2025-06-11T18:14:21Z</time><extensions><speed>0.021483</speed><course>191.138840</course><hAcc>6.389421</hAcc><vAcc>1.389590</vAcc></extensions></trkpt>
      <trkpt lon="12.255856" lat="46.583600"><ele>1753.277468</ele><time>2025-06-11T18:14:22Z</time><extensions><speed>0.018907</speed><course>191.140117</course><hAcc>6.361477</hAcc><vAcc>1.392095</vAcc></extensions></trkpt>
      <trkpt lon="12.255855" lat="46.583599"><ele>1753.276229</ele><time>2025-06-11T18:14:23Z</time><extensions><speed>0.015709</speed><course>191.140817</course><hAcc>6.340525</hAcc><vAcc>1.395052</vAcc></extensions></trkpt>
      <trkpt lon="12.255855" lat="46.583599"><ele>1753.275173</ele><time>2025-06-11T18:14:24Z</time><extensions><speed>0.012002</speed><course>191.141227</course><hAcc>6.320044</hAcc><vAcc>1.398807</vAcc></extensions></trkpt>
      <trkpt lon="12.255855" lat="46.583599"><ele>1753.274290</ele><time>2025-06-11T18:14:25Z</time><extensions><speed>0.010146</speed><course>191.141457</course><hAcc>6.289942</hAcc><vAcc>1.403330</vAcc></extensions></trkpt>
      <trkpt lon="12.255855" lat="46.583599"><ele>1753.273557</ele><time>2025-06-11T18:14:26Z</time><extensions><speed>0.009154</speed><course>191.141570</course><hAcc>6.257355</hAcc><vAcc>1.408935</vAcc></extensions></trkpt>
      <trkpt lon="12.255855" lat="46.583599"><ele>1753.272956</ele><time>2025-06-11T18:14:27Z</time><extensions><speed>0.008680</speed><course>191.141620</course><hAcc>6.226244</hAcc><vAcc>1.415984</vAcc></extensions></trkpt>
      <trkpt lon="12.255855" lat="46.583598"><ele>1753.272468</ele><time>2025-06-11T18:14:28Z</time><extensions><speed>0.008876</speed><course>191.141642</course><hAcc>6.195451</hAcc><vAcc>1.425041</vAcc></extensions></trkpt>
      <trkpt lon="12.255855" lat="46.583598"><ele>1753.272076</ele><time>2025-06-11T18:14:29Z</time><extensions><speed>0.010532</speed><course>191.141651</course><hAcc>6.163205</hAcc><vAcc>1.436823</vAcc></extensions></trkpt>
      <trkpt lon="12.255855" lat="46.583598"><ele>1753.271514</ele><time>2025-06-11T18:14:31Z</time><extensions><speed>0.017335</speed><course>191.141655</course><hAcc>6.170232</hAcc><vAcc>1.463773</vAcc></extensions></trkpt>
      <trkpt lon="12.255855" lat="46.583598"><ele>1753.271498</ele><time>2025-06-11T18:14:32Z</time><extensions><speed>0.016147</speed><course>191.141655</course><hAcc>6.206285</hAcc><vAcc>1.456712</vAcc></extensions></trkpt>
      <trkpt lon="12.255855" lat="46.583597"><ele>1753.271535</ele><time>2025-06-11T18:14:33Z</time><extensions><speed>0.014796</speed><course>191.141656</course><hAcc>6.253510</hAcc><vAcc>1.452164</vAcc></extensions></trkpt>
      <trkpt lon="12.255855" lat="46.583597"><ele>1753.271613</ele><time>2025-06-11T18:14:34Z</time><extensions><speed>0.013501</speed><course>191.141656</course><hAcc>6.293256</hAcc><vAcc>1.449672</vAcc></extensions></trkpt>
      <trkpt lon="12.255855" lat="46.583597"><ele>1753.271725</ele><time>2025-06-11T18:14:35Z</time><extensions><speed>0.012190</speed><course>191.141656</course><hAcc>6.323409</hAcc><vAcc>1.448494</vAcc></extensions></trkpt>
      <trkpt lon="12.255855" lat="46.583597"><ele>1753.271863</ele><time>2025-06-11T18:14:36Z</time><extensions><speed>0.010975</speed><course>191.141656</course><hAcc>6.345768</hAcc><vAcc>1.448363</vAcc></extensions></trkpt>
      <trkpt lon="12.255855" lat="46.583597"><ele>1753.272020</ele><time>2025-06-11T18:14:37Z</time><extensions><speed>0.009689</speed><course>191.141656</course><hAcc>6.362121</hAcc><vAcc>1.448732</vAcc></extensions></trkpt>
      <trkpt lon="12.255853" lat="46.583596"><ele>1753.311011</ele><time>2025-06-11T18:14:38Z</time><extensions><speed>0.014697</speed><course>218.826795</course><hAcc>6.403654</hAcc><vAcc>1.468087</vAcc></extensions></trkpt>
      <trkpt lon="12.255852" lat="46.583596"><ele>1753.346924</ele><time>2025-06-11T18:14:39Z</time><extensions><speed>0.020133</speed><course>228.854834</course><hAcc>6.453647</hAcc><vAcc>1.492214</vAcc></extensions></trkpt>
      <trkpt lon="12.255851" lat="46.583595"><ele>1753.385198</ele><time>2025-06-11T18:14:40Z</time><extensions><speed>0.024749</speed><course>233.825967</course><hAcc>6.518774</hAcc><vAcc>1.519997</vAcc></extensions></trkpt>
      <trkpt lon="12.255850" lat="46.583595"><ele>1753.426598</ele><time>2025-06-11T18:14:41Z</time><extensions><speed>0.029046</speed><course>237.018667</course><hAcc>6.599399</hAcc><vAcc>1.551864</vAcc></extensions></trkpt>
      <trkpt lon="12.255849" lat="46.583595"><ele>1753.471782</ele><time>2025-06-11T18:14:42Z</time><extensions><speed>0.033721</speed><course>239.435289</course><hAcc>6.692626</hAcc><vAcc>1.588534</vAcc></extensions></trkpt>
      <trkpt lon="12.255848" lat="46.583594"><ele>1753.521255</ele><time>2025-06-11T18:14:43Z</time><extensions><speed>0.041536</speed><course>241.375346</course><hAcc>6.793951</hAcc><vAcc>1.630650</vAcc></extensions></trkpt>
      <trkpt lon="12.255848" lat="46.583594"><ele>1753.559648</ele><time>2025-06-11T18:14:44Z</time><extensions><speed>0.050783</speed><course>242.802691</course><hAcc>6.913770</hAcc><vAcc>1.689581</vAcc></extensions></trkpt>
      <trkpt lon="12.255847" lat="46.583594"><ele>1753.601684</ele><time>2025-06-11T18:14:45Z</time><extensions><speed>0.070191</speed><course>243.923064</course><hAcc>7.021440</hAcc><vAcc>1.758596</vAcc></extensions></trkpt>
      <trkpt lon="12.255846" lat="46.583594"><ele>1753.647275</ele><time>2025-06-11T18:14:46Z</time><extensions><speed>0.114685</speed><course>244.590766</course><hAcc>7.095849</hAcc><vAcc>1.838617</vAcc></extensions></trkpt>
      <trkpt lon="12.255844" lat="46.583593"><ele>1753.696418</ele><time>2025-06-11T18:14:47Z</time><extensions><speed>0.200807</speed><course>244.894371</course><hAcc>7.116826</hAcc><vAcc>1.930833</vAcc></extensions></trkpt>
      <trkpt lon="12.255810" lat="46.583582"><ele>1754.803694</ele><time>2025-06-11T18:15:02Z</time><extensions><speed>0.190149</speed><course>245.151727</course><hAcc>10.679229</hAcc><vAcc>2.419542</vAcc></extensions></trkpt>
      <trkpt lon="12.255808" lat="46.583581"><ele>1754.899063</ele><time>2025-06-11T18:15:03Z</time><extensions><speed>0.113219</speed><course>245.151878</course><hAcc>10.995996</hAcc><vAcc>2.495311</vAcc></extensions></trkpt>
      <trkpt lon="12.255807" lat="46.583581"><ele>1754.991620</ele><time>2025-06-11T18:15:04Z</time><extensions><speed>0.069724</speed><course>245.152037</course><hAcc>11.191044</hAcc><vAcc>2.601801</vAcc></extensions></trkpt>
      <trkpt lon="12.255806" lat="46.583581"><ele>1755.082030</ele><time>2025-06-11T18:15:05Z</time><extensions><speed>0.042564</speed><course>245.152182</course><hAcc>11.342870</hAcc><vAcc>2.737488</vAcc></extensions></trkpt>
      <trkpt lon="12.255806" lat="46.583581"><ele>1755.170658</ele><time>2025-06-11T18:15:06Z</time><extensions><speed>0.025448</speed><course>245.152290</course><hAcc>11.488409</hAcc><vAcc>2.900719</vAcc></extensions></trkpt>
      <trkpt lon="12.255805" lat="46.583581"><ele>1755.258478</ele><time>2025-06-11T18:15:07Z</time><extensions><speed>0.016781</speed><course>245.152337</course><hAcc>11.659167</hAcc><vAcc>3.091211</vAcc></extensions></trkpt>
      <trkpt lon="12.255889" lat="46.583599"><ele>1753.677364</ele><time>2025-06-11T18:17:37Z</time><extensions><speed>0.194623</speed><course>187.269367</course><hAcc>12.849151</hAcc><vAcc>3.503568</vAcc></extensions></trkpt>
      <trkpt lon="12.255889" lat="46.583597"><ele>1753.674166</ele><time>2025-06-11T18:17:39Z</time><extensions><speed>0.100304</speed><course>185.807242</course><hAcc>11.736844</hAcc><vAcc>3.115972</vAcc></extensions></trkpt>
      <trkpt lon="12.255889" lat="46.583596"><ele>1753.691793</ele><time>2025-06-11T18:17:40Z</time><extensions><speed>0.082295</speed><course>184.084083</course><hAcc>11.200872</hAcc><vAcc>2.930175</vAcc></extensions></trkpt>
      <trkpt lon="12.255890" lat="46.583596"><ele>1753.705889</ele><time>2025-06-11T18:17:41Z</time><extensions><speed>0.063712</speed><course>181.687742</course><hAcc>10.758998</hAcc><vAcc>2.772365</vAcc></extensions></trkpt>
      <trkpt lon="12.255890" lat="46.583596"><ele>1753.719104</ele><time>2025-06-11T18:17:42Z</time><extensions><speed>0.028783</speed><course>174.408304</course><hAcc>10.381592</hAcc><vAcc>2.638871</vAcc></extensions></trkpt>
      <trkpt lon="12.255891" lat="46.583596"><ele>1753.731591</ele><time>2025-06-11T18:17:43Z</time><extensions><speed>0.012050</speed><course>153.584673</course><hAcc>10.052903</hAcc><vAcc>2.525659</vAcc></extensions></trkpt>
      <trkpt lon="12.255891" lat="46.583596"><ele>1753.743479</ele><time>2025-06-11T18:17:44Z</time><extensions><speed>0.007370</speed><course>104.758276</course><hAcc>9.716749</hAcc><vAcc>2.429447</vAcc></extensions></trkpt>
      <trkpt lon="12.255891" lat="46.583596"><ele>1753.751924</ele><time>2025-06-11T18:17:45Z</time><extensions><speed>0.007272</speed><course>71.849806</course><hAcc>9.401149</hAcc><vAcc>2.348192</vAcc></extensions></trkpt>
      <trkpt lon="12.255892" lat="46.583596"><ele>1753.752949</ele><time>2025-06-11T18:17:46Z</time><extensions><speed>0.010191</speed><course>66.946375</course><hAcc>9.127207</hAcc><vAcc>2.279504</vAcc></extensions></trkpt>
      <trkpt lon="12.255894" lat="46.583596"><ele>1753.767736</ele><time>2025-06-11T18:17:47Z</time><extensions><speed>0.011588</speed><course>71.001824</course><hAcc>8.902561</hAcc><vAcc>2.221745</vAcc></extensions></trkpt>
      <trkpt lon="12.255895" lat="46.583597"><ele>1753.773283</ele><time>2025-06-11T18:17:48Z</time><extensions><speed>0.012273</speed><course>84.510749</course><hAcc>8.710284</hAcc><vAcc>2.173174</vAcc></extensions></trkpt>
      <trkpt lon="12.255896" lat="46.583597"><ele>1753.781178</ele><time>2025-06-11T18:17:49Z</time><extensions><speed>0.019866</speed><course>100.005707</course><hAcc>8.523286</hAcc><vAcc>2.132639</vAcc></extensions></trkpt>
      <trkpt lon="12.255899" lat="46.583597"><ele>1753.807841</ele><time>2025-06-11T18:17:50Z</time><extensions><speed>0.033508</speed><course>94.132049</course><hAcc>8.362585</hAcc><vAcc>2.098765</vAcc></extensions></trkpt>
      <trkpt lon="12.255902" lat="46.583598"><ele>1753.825381</ele><time>2025-06-11T18:17:51Z</time><extensions><speed>0.052421</speed><course>86.431510</course><hAcc>8.251228</hAcc><vAcc>2.070471</vAcc></extensions></trkpt>
      <trkpt lon="12.255907" lat="46.583599"><ele>1753.843770</ele><time>2025-06-11T18:17:52Z</time><extensions><speed>0.071447</speed><course>81.271919</course><hAcc>8.129543</hAcc><vAcc>2.046889</vAcc></extensions></trkpt>
      <trkpt lon="12.255911" lat="46.583600"><ele>1753.859458</ele><time>2025-06-11T18:17:53Z</time><extensions><speed>0.088862</speed><course>80.629789</course><hAcc>8.040267</hAcc><vAcc>2.027360</vAcc></extensions></trkpt>
      <trkpt lon="12.255914" lat="46.583601"><ele>1753.872192</ele><time>2025-06-11T18:17:54Z</time><extensions><speed>0.112350</speed><course>82.520815</course><hAcc>7.950900</hAcc><vAcc>2.011230</vAcc></extensions></trkpt>
      <trkpt lon="12.255918" lat="46.583602"><ele>1753.886278</ele><time>2025-06-11T18:17:55Z</time><extensions><speed>0.152908</speed><course>84.810107</course><hAcc>7.842164</hAcc><vAcc>1.997922</vAcc></extensions></trkpt>
      <trkpt lon="12.255921" lat="46.583602"><ele>1753.901566</ele><time>2025-06-11T18:17:56Z</time><extensions><speed>0.200057</speed><course>83.718759</course><hAcc>7.733543</hAcc><vAcc>1.986966</vAcc></extensions></trkpt>
      <trkpt lon="12.255925" lat="46.583603"><ele>1753.915441</ele><time>2025-06-11T18:17:57Z</time><extensions><speed>0.241033</speed><course>84.819760</course><hAcc>7.635018</hAcc><vAcc>1.977958</vAcc></extensions></trkpt>
      <trkpt lon="12.255929" lat="46.583604"><ele>1753.930492</ele><time>2025-06-11T18:17:58Z</time><extensions><speed>0.272125</speed><course>85.146573</course><hAcc>7.567587</hAcc><vAcc>1.970636</vAcc></extensions></trkpt>
      <trkpt lon="12.255934" lat="46.583605"><ele>1753.945182</ele><time>2025-06-11T18:17:59Z</time><extensions><speed>0.286199</speed><course>86.352228</course><hAcc>7.542632</hAcc><vAcc>1.964893</vAcc></extensions></trkpt>
      <trkpt lon="12.255938" lat="46.583605"><ele>1753.957944</ele><time>2025-06-11T18:18:00Z</time><extensions><speed>0.276288</speed><course>89.122627</course><hAcc>7.566155</hAcc><vAcc>1.960310</vAcc></extensions></trkpt>
      <trkpt lon="12.255942" lat="46.583606"><ele>1753.968575</ele><time>2025-06-11T18:18:01Z</time><extensions><speed>0.239530</speed><course>90.796465</course><hAcc>7.630868</hAcc><vAcc>1.957005</vAcc></extensions></trkpt>
      <trkpt lon="12.255945" lat="46.583606"><ele>1753.979516</ele><time>2025-06-11T18:18:02Z</time><extensions><speed>0.176472</speed><course>91.778764</course><hAcc>7.669761</hAcc><vAcc>1.954214</vAcc></extensions></trkpt>
      <trkpt lon="12.255948" lat="46.583606"><ele>1753.989790</ele><time>2025-06-11T18:18:03Z</time><extensions><speed>0.144822</speed><course>102.577051</course><hAcc>7.669317</hAcc><vAcc>1.952619</vAcc></extensions></trkpt>
      <trkpt lon="12.255950" lat="46.583606"><ele>1753.999363</ele><time>2025-06-11T18:18:04Z</time><extensions><speed>0.122977</speed><course>112.605297</course><hAcc>7.651891</hAcc><vAcc>1.951363</vAcc></extensions></trkpt>
      <trkpt lon="12.255952" lat="46.583606"><ele>1754.006346</ele><time>2025-06-11T18:18:05Z</time><extensions><speed>0.092353</speed><course>111.476525</course><hAcc>7.635919</hAcc><vAcc>1.950771</vAcc></extensions></trkpt>
      <trkpt lon="12.255953" lat="46.583606"><ele>1754.014240</ele><time>2025-06-11T18:18:06Z</time><extensions><speed>0.074153</speed><course>107.123049</course><hAcc>7.614068</hAcc><vAcc>1.950695</vAcc></extensions></trkpt>
      <trkpt lon="12.255954" lat="46.583606"><ele>1754.021131</ele><time>2025-06-11T18:18:07Z</time><extensions><speed>0.058167</speed><course>99.342835</course><hAcc>7.595463</hAcc><vAcc>1.950957</vAcc></extensions></trkpt>
      <trkpt lon="12.255955" lat="46.583606"><ele>1754.027709</ele><time>2025-06-11T18:18:08Z</time><extensions><speed>0.054018</speed><course>92.387180</course><hAcc>7.574253</hAcc><vAcc>1.951609</vAcc></extensions></trkpt>
      <trkpt lon="12.255956" lat="46.583606"><ele>1754.032614</ele><time>2025-06-11T18:18:09Z</time><extensions><speed>0.052611</speed><course>87.808214</course><hAcc>7.575432</hAcc><vAcc>1.952621</vAcc></extensions></trkpt>
      <trkpt lon="12.255957" lat="46.583607"><ele>1754.038954</ele><time>2025-06-11T18:18:10Z</time><extensions><speed>0.050508</speed><course>83.762102</course><hAcc>7.624074</hAcc><vAcc>1.953673</vAcc></extensions></trkpt>
      <trkpt lon="12.255958" lat="46.583606"><ele>1754.043354</ele><time>2025-06-11T18:18:11Z</time><extensions><speed>0.048602</speed><course>98.499128</course><hAcc>7.744363</hAcc><vAcc>1.960243</vAcc></extensions></trkpt>
      <trkpt lon="12.255959" lat="46.583605"><ele>1754.047664</ele><time>2025-06-11T18:18:12Z</time><extensions><speed>0.045929</speed><course>115.146795</course><hAcc>7.878302</hAcc><vAcc>1.971445</vAcc></extensions></trkpt>
      <trkpt lon="12.255960" lat="46.583605"><ele>1754.051700</ele><time>2025-06-11T18:18:13Z</time><extensions><speed>0.050008</speed><course>116.397092</course><hAcc>7.980950</hAcc><vAcc>1.986046</vAcc></extensions></trkpt>
      <trkpt lon="12.255960" lat="46.583606"><ele>1754.054514</ele><time>2025-06-11T18:18:14Z</time><extensions><speed>0.055264</speed><course>116.897821</course><hAcc>8.076614</hAcc><vAcc>2.003994</vAcc></extensions></trkpt>
      <trkpt lon="12.255961" lat="46.583606"><ele>1754.058259</ele><time>2025-06-11T18:18:15Z</time><extensions><speed>0.059541</speed><course>114.656638</course><hAcc>8.184237</hAcc><vAcc>2.025333</vAcc></extensions></trkpt>
      <trkpt lon="12.255961" lat="46.583606"><ele>1754.060889</ele><time>2025-06-11T18:18:16Z</time><extensions><speed>0.060518</speed><course>109.420099</course><hAcc>8.315522</hAcc><vAcc>2.050856</vAcc></extensions></trkpt>
      <trkpt lon="12.255962" lat="46.583607"><ele>1754.063533</ele><time>2025-06-11T18:18:17Z</time><extensions><speed>0.065969</speed><course>96.980319</course><hAcc>8.468530</hAcc><vAcc>2.081373</vAcc></extensions></trkpt>
      <trkpt lon="12.255963" lat="46.583607"><ele>1754.066169</ele><time>2025-06-11T18:18:18Z</time><extensions><speed>0.074648</speed><course>83.721240</course><hAcc>8.639142</hAcc><vAcc>2.121258</vAcc></extensions></trkpt>
      <trkpt lon="12.255965" lat="46.583608"><ele>1754.069638</ele><time>2025-06-11T18:18:19Z</time><extensions><speed>0.101186</speed><course>72.708719</course><hAcc>8.814217</hAcc><vAcc>2.169405</vAcc></extensions></trkpt>
      <trkpt lon="12.255967" lat="46.583609"><ele>1754.072036</ele><time>2025-06-11T18:18:20Z</time><extensions><speed>0.127023</speed><course>66.041242</course><hAcc>8.997584</hAcc><vAcc>2.227703</vAcc></extensions></trkpt>
      <trkpt lon="12.255976" lat="46.583614"><ele>1754.085060</ele><time>2025-06-11T18:18:29Z</time><extensions><speed>0.044019</speed><course>32.635149</course><hAcc>12.097909</hAcc><vAcc>2.413428</vAcc></extensions></trkpt>
      <trkpt lon="12.255978" lat="46.583616"><ele>1754.091426</ele><time>2025-06-11T18:18:30Z</time><extensions><speed>0.038450</speed><course>23.299828</course><hAcc>11.876302</hAcc><vAcc>2.362419</vAcc></extensions></trkpt>
      <trkpt lon="12.255978" lat="46.583618"><ele>1754.076613</ele><time>2025-06-11T18:18:31Z</time><extensions><speed>0.042220</speed><course>18.803168</course><hAcc>11.622372</hAcc><vAcc>2.321264</vAcc></extensions></trkpt>
      <trkpt lon="12.255979" lat="46.583619"><ele>1754.056271</ele><time>2025-06-11T18:18:32Z</time><extensions><speed>0.045734</speed><course>17.348444</course><hAcc>11.366585</hAcc><vAcc>2.288221</vAcc></extensions></trkpt>
      <trkpt lon="12.255979" lat="46.583619"><ele>1754.038352</ele><time>2025-06-11T18:18:33Z</time><extensions><speed>0.041496</speed><course>21.428169</course><hAcc>11.128731</hAcc><vAcc>2.262156</vAcc></extensions></trkpt>
      <trkpt lon="12.255979" lat="46.583620"><ele>1754.020093</ele><time>2025-06-11T18:18:34Z</time><extensions><speed>0.033382</speed><course>28.245967</course><hAcc>10.907942</hAcc><vAcc>2.242218</vAcc></extensions></trkpt>
      <trkpt lon="12.255978" lat="46.583620"><ele>1754.001679</ele><time>2025-06-11T18:18:35Z</time><extensions><speed>0.020575</speed><course>41.399034</course><hAcc>10.723965</hAcc><vAcc>2.228067</vAcc></extensions></trkpt>
      <trkpt lon="12.255977" lat="46.583620"><ele>1753.981384</ele><time>2025-06-11T18:18:37Z</time><extensions><speed>0.058702</speed><course>181.681468</course><hAcc>10.537417</hAcc><vAcc>2.244206</vAcc></extensions></trkpt>
      <trkpt lon="12.255976" lat="46.583621"><ele>1753.966643</ele><time>2025-06-11T18:18:38Z</time><extensions><speed>0.087406</speed><course>188.424536</course><hAcc>10.446744</hAcc><vAcc>2.225242</vAcc></extensions></trkpt>
      <trkpt lon="12.255976" lat="46.583620"><ele>1753.953561</ele><time>2025-06-11T18:18:39Z</time><extensions><speed>0.101823</speed><course>192.726729</course><hAcc>10.437785</hAcc><vAcc>2.210459</vAcc></extensions></trkpt>
      <trkpt lon="12.255975" lat="46.583620"><ele>1753.942352</ele><time>2025-06-11T18:18:40Z</time><extensions><speed>0.102925</speed><course>196.037498</course><hAcc>10.452199</hAcc><vAcc>2.199756</vAcc></extensions></trkpt>
      <trkpt lon="12.255975" lat="46.583619"><ele>1753.929830</ele><time>2025-06-11T18:18:41Z</time><extensions><speed>0.129762</speed><course>198.548656</course><hAcc>10.436994</hAcc><vAcc>2.193550</vAcc></extensions></trkpt>
      <trkpt lon="12.255974" lat="46.583619"><ele>1753.917259</ele><time>2025-06-11T18:18:42Z</time><extensions><speed>0.161042</speed><course>200.693710</course><hAcc>10.394708</hAcc><vAcc>2.191796</vAcc></extensions></trkpt>
      <trkpt lon="12.255972" lat="46.583617"><ele>1753.905602</ele><time>2025-06-11T18:18:43Z</time><extensions><speed>0.191971</speed><course>206.468955</course><hAcc>10.358245</hAcc><vAcc>2.206213</vAcc></extensions></trkpt>
      <trkpt lon="12.255969" lat="46.583616"><ele>1753.894917</ele><time>2025-06-11T18:18:44Z</time><extensions><speed>0.216931</speed><course>211.235671</course><hAcc>10.354595</hAcc><vAcc>2.243780</vAcc></extensions></trkpt>
      <trkpt lon="12.255967" lat="46.583614"><ele>1753.884454</ele><time>2025-06-11T18:18:45Z</time><extensions><speed>0.238590</speed><course>215.222080</course><hAcc>10.417317</hAcc><vAcc>2.291105</vAcc></extensions></trkpt>
      <trkpt lon="12.255964" lat="46.583613"><ele>1753.874101</ele><time>2025-06-11T18:18:46Z</time><extensions><speed>0.244111</speed><course>220.185309</course><hAcc>10.609453</hAcc><vAcc>2.349358</vAcc></extensions></trkpt>
      <trkpt lon="12.255954" lat="46.583613"><ele>1753.843733</ele><time>2025-06-11T18:18:51Z</time><extensions><speed>0.099600</speed><course>277.939309</course><hAcc>12.080846</hAcc><vAcc>2.514285</vAcc></extensions></trkpt>
      <trkpt lon="12.255951" lat="46.583617"><ele>1753.849887</ele><time>2025-06-11T18:18:52Z</time><extensions><speed>0.119010</speed><course>292.173871</course><hAcc>12.126057</hAcc><vAcc>2.523149</vAcc></extensions></trkpt>
      <trkpt lon="12.255948" lat="46.583621"><ele>1753.854196</ele><time>2025-06-11T18:18:53Z</time><extensions><speed>0.160936</speed><course>303.388510</course><hAcc>12.162738</hAcc><vAcc>2.548095</vAcc></extensions></trkpt>
      <trkpt lon="12.255944" lat="46.583624"><ele>1753.856735</ele><time>2025-06-11T18:18:54Z</time><extensions><speed>0.228354</speed><course>311.899716</course><hAcc>12.205052</hAcc><vAcc>2.588471</vAcc></extensions></trkpt>
      <trkpt lon="12.255941" lat="46.583629"><ele>1753.860584</ele><time>2025-06-11T18:18:55Z</time><extensions><speed>0.321205</speed><course>317.965569</course><hAcc>12.289464</hAcc><vAcc>2.643603</vAcc></extensions></trkpt>
      <trkpt lon="12.255937" lat="46.583634"><ele>1753.864564</ele><time>2025-06-11T18:18:56Z</time><extensions><speed>0.424889</speed><course>321.596555</course><hAcc>12.467240</hAcc><vAcc>2.713159</vAcc></extensions></trkpt>
      <trkpt lon="12.255906" lat="46.583669"><ele>1753.903816</ele><time>2025-06-11T18:19:02Z</time><extensions><speed>0.983957</speed><course>330.821065</course><hAcc>11.769351</hAcc><vAcc>2.932661</vAcc></extensions></trkpt>
      <trkpt lon="12.255859" lat="46.583732"><ele>1754.056500</ele><time>2025-06-11T18:19:14Z</time><extensions><speed>0.243290</speed><course>335.825483</course><hAcc>9.668485</hAcc><vAcc>2.974453</vAcc></extensions></trkpt>
      <trkpt lon="12.255856" lat="46.583739"><ele>1754.078781</ele><time>2025-06-11T18:19:15Z</time><extensions><speed>0.183990</speed><course>337.540810</course><hAcc>9.304608</hAcc><vAcc>2.856509</vAcc></extensions></trkpt>
      <trkpt lon="12.255853" lat="46.583744"><ele>1754.099302</ele><time>2025-06-11T18:19:16Z</time><extensions><speed>0.197942</speed><course>339.010277</course><hAcc>8.946327</hAcc><vAcc>2.754716</vAcc></extensions></trkpt>
      <trkpt lon="12.255851" lat="46.583749"><ele>1754.117898</ele><time>2025-06-11T18:19:16Z</time><extensions><speed>0.248838</speed><course>339.380512</course><hAcc>8.585211</hAcc><vAcc>2.667425</vAcc></extensions></trkpt>
      <trkpt lon="12.255849" lat="46.583754"><ele>1754.163846</ele><time>2025-06-11T18:19:17Z</time><extensions><speed>0.294216</speed><course>340.241270</course><hAcc>8.231317</hAcc><vAcc>2.591136</vAcc></extensions></trkpt>
      <trkpt lon="12.255846" lat="46.583759"><ele>1754.206261</ele><time>2025-06-11T18:19:18Z</time><extensions><speed>0.307702</speed><course>340.409947</course><hAcc>7.922024</hAcc><vAcc>2.525362</vAcc></extensions></trkpt>
      <trkpt lon="12.255844" lat="46.583763"><ele>1754.249011</ele><time>2025-06-11T18:19:19Z</time><extensions><speed>0.273514</speed><course>340.567557</course><hAcc>7.671735</hAcc><vAcc>2.468448</vAcc></extensions></trkpt>
      <trkpt lon="12.255842" lat="46.583767"><ele>1754.288043</ele><time>2025-06-11T18:19:20Z</time><extensions><speed>0.294730</speed><course>340.673097</course><hAcc>7.445036</hAcc><vAcc>2.419212</vAcc></extensions></trkpt>
      <trkpt lon="12.255841" lat="46.583770"><ele>1754.323636</ele><time>2025-06-11T18:19:21Z</time><extensions><speed>0.302241</speed><course>340.742612</course><hAcc>7.270109</hAcc><vAcc>2.377647</vAcc></extensions></trkpt>
      <trkpt lon="12.255839" lat="46.583774"><ele>1754.357159</ele><time>2025-06-11T18:19:23Z</time><extensions><speed>0.287930</speed><course>341.316049</course><hAcc>7.164425</hAcc><vAcc>2.341757</vAcc></extensions></trkpt>
      <trkpt lon="12.255838" lat="46.583777"><ele>1754.389410</ele><time>2025-06-11T18:19:24Z</time><extensions><speed>0.240528</speed><course>342.014533</course><hAcc>7.077902</hAcc><vAcc>2.310416</vAcc></extensions></trkpt>
      <trkpt lon="12.255836" lat="46.583780"><ele>1754.420395</ele><time>2025-06-11T18:19:25Z</time><extensions><speed>0.203491</speed><course>342.421843</course><hAcc>7.019833</hAcc><vAcc>2.283467</vAcc></extensions></trkpt>
      <trkpt lon="12.255836" lat="46.583781"><ele>1754.441843</ele><time>2025-06-11T18:19:26Z</time><extensions><speed>0.170775</speed><course>342.353535</course><hAcc>6.965419</hAcc><vAcc>2.260456</vAcc></extensions></trkpt>
      <trkpt lon="12.255835" lat="46.583782"><ele>1754.459178</ele><time>2025-06-11T18:19:27Z</time><extensions><speed>0.144947</speed><course>341.852308</course><hAcc>6.912630</hAcc><vAcc>2.241131</vAcc></extensions></trkpt>
      <trkpt lon="12.255835" lat="46.583783"><ele>1754.481079</ele><time>2025-06-11T18:19:28Z</time><extensions><speed>0.130309</speed><course>341.039798</course><hAcc>6.855604</hAcc><vAcc>2.225481</vAcc></extensions></trkpt>
      <trkpt lon="12.255834" lat="46.583784"><ele>1754.502920</ele><time>2025-06-11T18:19:29Z</time><extensions><speed>0.125938</speed><course>340.041126</course><hAcc>6.792215</hAcc><vAcc>2.213370</vAcc></extensions></trkpt>
      <trkpt lon="12.255833" lat="46.583786"><ele>1754.524572</ele><time>2025-06-11T18:19:30Z</time><extensions><speed>0.126827</speed><course>339.368601</course><hAcc>6.739024</hAcc><vAcc>2.204943</vAcc></extensions></trkpt>
      <trkpt lon="12.255833" lat="46.583787"><ele>1754.545092</ele><time>2025-06-11T18:19:31Z</time><extensions><speed>0.128916</speed><course>339.133571</course><hAcc>6.728724</hAcc><vAcc>2.200953</vAcc></extensions></trkpt>
      <trkpt lon="12.255832" lat="46.583789"><ele>1754.579121</ele><time>2025-06-11T18:19:33Z</time><extensions><speed>0.094056</speed><course>338.887676</course><hAcc>6.828945</hAcc><vAcc>2.226308</vAcc></extensions></trkpt>
      <trkpt lon="12.255831" lat="46.583790"><ele>1754.595180</ele><time>2025-06-11T18:19:34Z</time><extensions><speed>0.073108</speed><course>339.042054</course><hAcc>6.852412</hAcc><vAcc>2.211442</vAcc></extensions></trkpt>
      <trkpt lon="12.255831" lat="46.583791"><ele>1754.609979</ele><time>2025-06-11T18:19:35Z</time><extensions><speed>0.046289</speed><course>339.757448</course><hAcc>6.896821</hAcc><vAcc>2.199086</vAcc></extensions></trkpt>
      <trkpt lon="12.255830" lat="46.583791"><ele>1754.609868</ele><time>2025-06-11T18:19:36Z</time><extensions><speed>0.029279</speed><course>339.545301</course><hAcc>6.886243</hAcc><vAcc>2.188886</vAcc></extensions></trkpt>
      <trkpt lon="12.255830" lat="46.583792"><ele>1754.628585</ele><time>2025-06-11T18:19:37Z</time><extensions><speed>0.019670</speed><course>337.254904</course><hAcc>6.830513</hAcc><vAcc>2.180291</vAcc></extensions></trkpt>
      <trkpt lon="12.255830" lat="46.583792"><ele>1754.651464</ele><time>2025-06-11T18:19:38Z</time><extensions><speed>0.018067</speed><course>337.857969</course><hAcc>6.746097</hAcc><vAcc>2.173186</vAcc></extensions></trkpt>
      <trkpt lon="12.255830" lat="46.583793"><ele>1754.674439</ele><time>2025-06-11T18:19:39Z</time><extensions><speed>0.017891</speed><course>333.269315</course><hAcc>6.644595</hAcc><vAcc>2.167040</vAcc></extensions></trkpt>
      <trkpt lon="12.255830" lat="46.583794"><ele>1754.703067</ele><time>2025-06-11T18:19:40Z</time><extensions><speed>0.024763</speed><course>334.956149</course><hAcc>6.547113</hAcc><vAcc>2.161921</vAcc></extensions></trkpt>
      <trkpt lon="12.255829" lat="46.583795"><ele>1754.730905</ele><time>2025-06-11T18:19:41Z</time><extensions><speed>0.032779</speed><course>339.392732</course><hAcc>6.488019</hAcc><vAcc>2.157366</vAcc></extensions></trkpt>
      <trkpt lon="12.255829" lat="46.583795"><ele>1754.751168</ele><time>2025-06-11T18:19:42Z</time><extensions><speed>0.027130</speed><course>342.742066</course><hAcc>6.467312</hAcc><vAcc>2.153581</vAcc></extensions></trkpt>
      <trkpt lon="12.255829" lat="46.583795"><ele>1754.771848</ele><time>2025-06-11T18:19:43Z</time><extensions><speed>0.020880</speed><course>345.131108</course><hAcc>6.446638</hAcc><vAcc>2.150647</vAcc></extensions></trkpt>
      <trkpt lon="12.255829" lat="46.583795"><ele>1754.792199</ele><time>2025-06-11T18:19:44Z</time><extensions><speed>0.017047</speed><course>346.343961</course><hAcc>6.399557</hAcc><vAcc>2.147956</vAcc></extensions></trkpt>
      <trkpt lon="12.255829" lat="46.583794"><ele>1754.811863</ele><time>2025-06-11T18:19:45Z</time><extensions><speed>0.013872</speed><course>345.509699</course><hAcc>6.330932</hAcc><vAcc>2.145858</vAcc></extensions></trkpt>
      <trkpt lon="12.255829" lat="46.583794"><ele>1754.831801</ele><time>2025-06-11T18:19:46Z</time><extensions><speed>0.009262</speed><course>339.396901</course><hAcc>6.255227</hAcc><vAcc>2.144009</vAcc></extensions></trkpt>
      <trkpt lon="12.255829" lat="46.583794"><ele>1754.852134</ele><time>2025-06-11T18:19:47Z</time><extensions><speed>0.003286</speed><course>272.252115</course><hAcc>6.187790</hAcc><vAcc>2.142575</vAcc></extensions></trkpt>
      <trkpt lon="12.255829" lat="46.583794"><ele>1754.871708</ele><time>2025-06-11T18:19:48Z</time><extensions><speed>0.005034</speed><course>209.418768</course><hAcc>6.136130</hAcc><vAcc>2.141360</vAcc></extensions></trkpt>
      <trkpt lon="12.255829" lat="46.583794"><ele>1754.890456</ele><time>2025-06-11T18:19:49Z</time><extensions><speed>0.003565</speed><course>187.164831</course><hAcc>6.113031</hAcc><vAcc>2.140404</vAcc></extensions></trkpt>
      <trkpt lon="12.255830" lat="46.583794"><ele>1754.905091</ele><time>2025-06-11T18:19:50Z</time><extensions><speed>0.013384</speed><course>169.215175</course><hAcc>6.112881</hAcc><vAcc>2.139730</vAcc></extensions></trkpt>
      <trkpt lon="12.255830" lat="46.583793"><ele>1754.918896</ele><time>2025-06-11T18:19:51Z</time><extensions><speed>0.023286</speed><course>167.029548</course><hAcc>6.104879</hAcc><vAcc>2.139339</vAcc></extensions></trkpt>
      <trkpt lon="12.255830" lat="46.583792"><ele>1754.931839</ele><time>2025-06-11T18:19:52Z</time><extensions><speed>0.033386</speed><course>167.688559</course><hAcc>6.075025</hAcc><vAcc>2.139072</vAcc></extensions></trkpt>
      <trkpt lon="12.255830" lat="46.583792"><ele>1754.947008</ele><time>2025-06-11T18:19:53Z</time><extensions><speed>0.031855</speed><course>170.715083</course><hAcc>6.032080</hAcc><vAcc>2.139020</vAcc></extensions></trkpt>
      <trkpt lon="12.255829" lat="46.583792"><ele>1754.961356</ele><time>2025-06-11T18:19:54Z</time><extensions><speed>0.027810</speed><course>176.170728</course><hAcc>5.989647</hAcc><vAcc>2.138963</vAcc></extensions></trkpt>
      <trkpt lon="12.255831" lat="46.583793"><ele>1754.976972</ele><time>2025-06-11T18:19:55Z</time><extensions><speed>0.019878</speed><course>151.370412</course><hAcc>5.946780</hAcc><vAcc>2.139026</vAcc></extensions></trkpt>
      <trkpt lon="12.255832" lat="46.583794"><ele>1754.991859</ele><time>2025-06-11T18:19:56Z</time><extensions><speed>0.018729</speed><course>119.041903</course><hAcc>5.908144</hAcc><vAcc>2.139003</vAcc></extensions></trkpt>
      <trkpt lon="12.255834" lat="46.583794"><ele>1754.993359</ele><time>2025-06-11T18:19:57Z</time><extensions><speed>0.020066</speed><course>96.096803</course><hAcc>5.876807</hAcc><vAcc>2.139129</vAcc></extensions></trkpt>
      <trkpt lon="12.255836" lat="46.583794"><ele>1754.994214</ele><time>2025-06-11T18:19:58Z</time><extensions><speed>0.025016</speed><course>84.092440</course><hAcc>5.817261</hAcc><vAcc>2.139406</vAcc></extensions></trkpt>
      <trkpt lon="12.255837" lat="46.583794"><ele>1754.994301</ele><time>2025-06-11T18:19:59Z</time><extensions><speed>0.041268</speed><course>77.952216</course><hAcc>5.719555</hAcc><vAcc>2.139345</vAcc></extensions></trkpt>
      <trkpt lon="12.255840" lat="46.583795"><ele>1754.981750</ele><time>2025-06-11T18:20:00Z</time><extensions><speed>0.063080</speed><course>72.267221</course><hAcc>5.628487</hAcc><vAcc>2.139535</vAcc></extensions></trkpt>
      <trkpt lon="12.255842" lat="46.583795"><ele>1754.968608</ele><time>2025-06-11T18:20:01Z</time><extensions><speed>0.084165</speed><course>68.505970</course><hAcc>5.554376</hAcc><vAcc>2.139778</vAcc></extensions></trkpt>
      <trkpt lon="12.255845" lat="46.583796"><ele>1754.954926</ele><time>2025-06-11T18:20:02Z</time><extensions><speed>0.102932</speed><course>66.612727</course><hAcc>5.493141</hAcc><vAcc>2.139780</vAcc></extensions></trkpt>
      <trkpt lon="12.255847" lat="46.583796"><ele>1754.940780</ele><time>2025-06-11T18:20:02Z</time><extensions><speed>0.118132</speed><course>66.703454</course><hAcc>5.439426</hAcc><vAcc>2.139372</vAcc></extensions></trkpt>
      <trkpt lon="12.255850" lat="46.583797"><ele>1754.926193</ele><time>2025-06-11T18:20:03Z</time><extensions><speed>0.130307</speed><course>68.412116</course><hAcc>5.390435</hAcc><vAcc>2.139895</vAcc></extensions></trkpt>
      <trkpt lon="12.255853" lat="46.583798"><ele>1754.907979</ele><time>2025-06-11T18:20:04Z</time><extensions><speed>0.133093</speed><course>70.719277</course><hAcc>5.349493</hAcc><vAcc>2.140527</vAcc></extensions></trkpt>
      <trkpt lon="12.255855" lat="46.583799"><ele>1754.889125</ele><time>2025-06-11T18:20:05Z</time><extensions><speed>0.129585</speed><course>72.205243</course><hAcc>5.318964</hAcc><vAcc>2.141283</vAcc></extensions></trkpt>
      <trkpt lon="12.255857" lat="46.583799"><ele>1754.871053</ele><time>2025-06-11T18:20:06Z</time><extensions><speed>0.122636</speed><course>73.459458</course><hAcc>5.294837</hAcc><vAcc>2.142093</vAcc></extensions></trkpt>
      <trkpt lon="12.255859" lat="46.583800"><ele>1754.848615</ele><time>2025-06-11T18:20:07Z</time><extensions><speed>0.126691</speed><course>70.939334</course><hAcc>5.254110</hAcc><vAcc>2.142922</vAcc></extensions></trkpt>
      <trkpt lon="12.255862" lat="46.583801"><ele>1754.834953</ele><time>2025-06-11T18:20:08Z</time><extensions><speed>0.133466</speed><course>68.741243</course><hAcc>5.208133</hAcc><vAcc>2.143813</vAcc></extensions></trkpt>
      <trkpt lon="12.255864" lat="46.583801"><ele>1754.821388</ele><time>2025-06-11T18:20:09Z</time><extensions><speed>0.145279</speed><course>66.913501</course><hAcc>5.166523</hAcc><vAcc>2.144735</vAcc></extensions></trkpt>
      <trkpt lon="12.255866" lat="46.583802"><ele>1754.808050</ele><time>2025-06-11T18:20:10Z</time><extensions><speed>0.143260</speed><course>65.269198</course><hAcc>5.141779</hAcc><vAcc>2.145875</vAcc></extensions></trkpt>
      <trkpt lon="12.255868" lat="46.583803"><ele>1754.793521</ele><time>2025-06-11T18:20:11Z</time><extensions><speed>0.136990</speed><course>63.571205</course><hAcc>5.130280</hAcc><vAcc>2.147043</vAcc></extensions></trkpt>
      <trkpt lon="12.255870" lat="46.583804"><ele>1754.779754</ele><time>2025-06-11T18:20:12Z</time><extensions><speed>0.128496</speed><course>61.749534</course><hAcc>5.124390</hAcc><vAcc>2.148313</vAcc></extensions></trkpt>
      <trkpt lon="12.255872" lat="46.583804"><ele>1754.766796</ele><time>2025-06-11T18:20:13Z</time><extensions><speed>0.120570</speed><course>60.423003</course><hAcc>5.116997</hAcc><vAcc>2.149718</vAcc></extensions></trkpt>
      <trkpt lon="12.255873" lat="46.583805"><ele>1754.754873</ele><time>2025-06-11T18:20:14Z</time><extensions><speed>0.118388</speed><course>60.345351</course><hAcc>5.109136</hAcc><vAcc>2.151170</vAcc></extensions></trkpt>
      <trkpt lon="12.255874" lat="46.583806"><ele>1754.745124</ele><time>2025-06-11T18:20:15Z</time><extensions><speed>0.111648</speed><course>59.833595</course><hAcc>5.184944</hAcc><vAcc>2.203373</vAcc></extensions></trkpt>
      <trkpt lon="12.255876" lat="46.583806"><ele>1754.735677</ele><time>2025-06-11T18:20:16Z</time><extensions><speed>0.096281</speed><course>58.565069</course><hAcc>5.322465</hAcc><vAcc>2.263604</vAcc></extensions></trkpt>
      <trkpt lon="12.255876" lat="46.583807"><ele>1754.726546</ele><time>2025-06-11T18:20:17Z</time><extensions><speed>0.068016</speed><course>56.696229</course><hAcc>5.496928</hAcc><vAcc>2.332840</vAcc></extensions></trkpt>
      <trkpt lon="12.255877" lat="46.583807"><ele>1754.717725</ele><time>2025-06-11T18:20:18Z</time><extensions><speed>0.044765</speed><course>55.290886</course><hAcc>5.638617</hAcc><vAcc>2.412115</vAcc></extensions></trkpt>
      <trkpt lon="12.255878" lat="46.583807"><ele>1754.709194</ele><time>2025-06-11T18:20:19Z</time><extensions><speed>0.042352</speed><course>55.155890</course><hAcc>5.741984</hAcc><vAcc>2.502514</vAcc></extensions></trkpt>
      <trkpt lon="12.255878" lat="46.583807"><ele>1754.700922</ele><time>2025-06-11T18:20:20Z</time><extensions><speed>0.035918</speed><course>57.445735</course><hAcc>5.881438</hAcc><vAcc>2.605164</vAcc></extensions></trkpt>
      <trkpt lon="12.255878" lat="46.583807"><ele>1754.692873</ele><time>2025-06-11T18:20:21Z</time><extensions><speed>0.028036</speed><course>65.210158</course><hAcc>6.078318</hAcc><vAcc>2.721231</vAcc></extensions></trkpt>
      <trkpt lon="12.255879" lat="46.583807"><ele>1754.685008</ele><time>2025-06-11T18:20:22Z</time><extensions><speed>0.022590</speed><course>78.442841</course><hAcc>6.361201</hAcc><vAcc>2.851913</vAcc></extensions></trkpt>
      <trkpt lon="12.255879" lat="46.583807"><ele>1754.677280</ele><time>2025-06-11T18:20:23Z</time><extensions><speed>0.019769</speed><course>89.480335</course><hAcc>6.803492</hAcc><vAcc>2.998437</vAcc></extensions></trkpt>
      <trkpt lon="12.255879" lat="46.583807"><ele>1754.669638</ele><time>2025-06-11T18:20:24Z</time><extensions><speed>0.018391</speed><course>102.014456</course><hAcc>7.512955</hAcc><vAcc>3.162061</vAcc></extensions></trkpt>
    </trkseg>
  </trk>
</gpx>