<?xml version="1.0" encoding="UTF-8"?>
<gpx version="1.1" creator="Apple Health Export" xmlns="http://www.topografix.com/GPX/1/1" xmlns:xsi="http://www.w3.org/2001/XMLSchema-instance" xsi:schemaLocation="http://www.topografix.com/GPX/1/1 http://www.topografix.com/GPX/1/1/gpx.xsd">
  <metadata>
    <time>2026-06-04T15:24:52Z</time>
  </metadata>
  <trk>
    <name>Route 2022-07-14 9:10pm</name>
    <trkseg>
      <trkpt lon="35.002138" lat="31.900469"><ele>233.038010</ele><time>2022-07-14T17:52:53Z</time><extensions><speed>1.600253</speed><course>266.497498</course><hAcc>1.834772</hAcc><vAcc>1.461919</vAcc></extensions></trkpt>
      <trkpt lon="35.002125" lat="31.900469"><ele>233.041458</ele><time>2022-07-14T17:52:54Z</time><extensions><speed>1.589874</speed><course>265.219635</course><hAcc>1.702844</hAcc><vAcc>1.322394</vAcc></extensions></trkpt>
      <trkpt lon="35.002116" lat="31.900468"><ele>233.043961</ele><time>2022-07-14T17:52:55Z</time><extensions><speed>1.591887</speed><course>264.828217</course><hAcc>1.611165</hAcc><vAcc>1.230031</vAcc></extensions></trkpt>
      <trkpt lon="35.002099" lat="31.900467"><ele>233.048706</ele><time>2022-07-14T17:52:56Z</time><extensions><speed>1.589062</speed><course>261.387482</course><hAcc>1.517911</hAcc><vAcc>1.107992</vAcc></extensions></trkpt>
      <trkpt lon="35.002083" lat="31.900465"><ele>233.072540</ele><time>2022-07-14T17:52:57Z</time><extensions><speed>1.594408</speed><course>261.658478</course><hAcc>1.466691</hAcc><vAcc>1.017670</vAcc></extensions></trkpt>
      <trkpt lon="35.002066" lat="31.900463"><ele>233.113037</ele><time>2022-07-14T17:52:58Z</time><extensions><speed>1.587663</speed><course>256.496033</course><hAcc>1.437012</hAcc><vAcc>0.953344</vAcc></extensions></trkpt>
      <trkpt lon="35.002050" lat="31.900460"><ele>233.165405</ele><time>2022-07-14T17:52:59Z</time><extensions><speed>1.563283</speed><course>256.218964</course><hAcc>1.405722</hAcc><vAcc>0.909472</vAcc></extensions></trkpt>
      <trkpt lon="35.002034" lat="31.900456"><ele>233.235580</ele><time>2022-07-14T17:53:00Z</time><extensions><speed>1.548653</speed><course>255.950851</course><hAcc>1.370337</hAcc><vAcc>0.880947</vAcc></extensions></trkpt>
      <trkpt lon="35.002018" lat="31.900454"><ele>233.289200</ele><time>2022-07-14T17:53:01Z</time><extensions><speed>1.550222</speed><course>260.955261</course><hAcc>1.343649</hAcc><vAcc>0.863299</vAcc></extensions></trkpt>
      <trkpt lon="35.002002" lat="31.900452"><ele>233.356094</ele><time>2022-07-14T17:53:02Z</time><extensions><speed>1.582113</speed><course>260.078186</course><hAcc>1.339219</hAcc><vAcc>0.852979</vAcc></extensions></trkpt>
      <trkpt lon="35.001986" lat="31.900449"><ele>233.390015</ele><time>2022-07-14T17:53:03Z</time><extensions><speed>1.584304</speed><course>259.979340</course><hAcc>1.330406</hAcc><vAcc>0.847329</vAcc></extensions></trkpt>
      <trkpt lon="35.001970" lat="31.900446"><ele>233.420959</ele><time>2022-07-14T17:53:04Z</time><extensions><speed>1.564729</speed><course>257.975922</course><hAcc>1.321442</hAcc><vAcc>0.844470</vAcc></extensions></trkpt>
      <trkpt lon="35.001954" lat="31.900443"><ele>233.461533</ele><time>2022-07-14T17:53:05Z</time><extensions><speed>1.591552</speed><course>256.609467</course><hAcc>1.324388</hAcc><vAcc>0.843165</vAcc></extensions></trkpt>
      <trkpt lon="35.001938" lat="31.900439"><ele>233.491226</ele><time>2022-07-14T17:53:06Z</time><extensions><speed>1.588244</speed><course>254.396683</course><hAcc>1.321356</hAcc><vAcc>0.842605</vAcc></extensions></trkpt>
      <trkpt lon="35.001923" lat="31.900435"><ele>233.516861</ele><time>2022-07-14T17:53:07Z</time><extensions><speed>1.556195</speed><course>251.422318</course><hAcc>1.309441</hAcc><vAcc>0.842319</vAcc></extensions></trkpt>
      <trkpt lon="35.001908" lat="31.900430"><ele>233.535690</ele><time>2022-07-14T17:53:08Z</time><extensions><speed>1.546999</speed><course>252.178436</course><hAcc>1.299664</hAcc><vAcc>0.842056</vAcc></extensions></trkpt>
      <trkpt lon="35.001893" lat="31.900426"><ele>233.561066</ele><time>2022-07-14T17:53:09Z</time><extensions><speed>1.543455</speed><course>250.787460</course><hAcc>1.301021</hAcc><vAcc>0.841652</vAcc></extensions></trkpt>
      <trkpt lon="35.001878" lat="31.900420"><ele>233.596329</ele><time>2022-07-14T17:53:10Z</time><extensions><speed>1.541353</speed><course>247.256546</course><hAcc>1.307626</hAcc><vAcc>0.841090</vAcc></extensions></trkpt>
      <trkpt lon="35.001864" lat="31.900415"><ele>233.653915</ele><time>2022-07-14T17:53:11Z</time><extensions><speed>1.537017</speed><course>247.824127</course><hAcc>1.304006</hAcc><vAcc>0.840351</vAcc></extensions></trkpt>
      <trkpt lon="35.001850" lat="31.900410"><ele>233.730301</ele><time>2022-07-14T17:53:12Z</time><extensions><speed>1.548639</speed><course>247.185196</course><hAcc>1.308469</hAcc><vAcc>0.839470</vAcc></extensions></trkpt>
      <trkpt lon="35.001836" lat="31.900404"><ele>233.799744</ele><time>2022-07-14T17:53:13Z</time><extensions><speed>1.484599</speed><course>245.952438</course><hAcc>1.308599</hAcc><vAcc>0.838514</vAcc></extensions></trkpt>
      <trkpt lon="35.001823" lat="31.900398"><ele>233.868713</ele><time>2022-07-14T17:53:14Z</time><extensions><speed>1.445292</speed><course>243.064117</course><hAcc>1.302781</hAcc><vAcc>0.837539</vAcc></extensions></trkpt>
      <trkpt lon="35.001810" lat="31.900392"><ele>233.933884</ele><time>2022-07-14T17:53:15Z</time><extensions><speed>1.435768</speed><course>239.548492</course><hAcc>1.300150</hAcc><vAcc>0.836606</vAcc></extensions></trkpt>
      <trkpt lon="35.001797" lat="31.900386"><ele>233.987915</ele><time>2022-07-14T17:53:16Z</time><extensions><speed>1.480517</speed><course>237.393768</course><hAcc>1.308915</hAcc><vAcc>0.835712</vAcc></extensions></trkpt>
      <trkpt lon="35.001785" lat="31.900378"><ele>234.032272</ele><time>2022-07-14T17:53:17Z</time><extensions><speed>1.508236</speed><course>234.858078</course><hAcc>1.315914</hAcc><vAcc>0.834928</vAcc></extensions></trkpt>
      <trkpt lon="35.001773" lat="31.900370"><ele>234.071777</ele><time>2022-07-14T17:53:18Z</time><extensions><speed>1.420102</speed><course>231.033875</course><hAcc>1.313074</hAcc><vAcc>0.834243</vAcc></extensions></trkpt>
      <trkpt lon="35.001762" lat="31.900362"><ele>234.091629</ele><time>2022-07-14T17:53:19Z</time><extensions><speed>1.410627</speed><course>230.317215</course><hAcc>1.325407</hAcc><vAcc>0.833694</vAcc></extensions></trkpt>
      <trkpt lon="35.001753" lat="31.900354"><ele>234.096481</ele><time>2022-07-14T17:53:20Z</time><extensions><speed>1.296203</speed><course>223.511246</course><hAcc>1.331412</hAcc><vAcc>0.833229</vAcc></extensions></trkpt>
      <trkpt lon="35.001746" lat="31.900346"><ele>234.087845</ele><time>2022-07-14T17:53:21Z</time><extensions><speed>1.064156</speed><course>208.701767</course><hAcc>1.330566</hAcc><vAcc>0.832870</vAcc></extensions></trkpt>
      <trkpt lon="35.001741" lat="31.900338"><ele>234.084641</ele><time>2022-07-14T17:53:22Z</time><extensions><speed>0.947795</speed><course>203.655396</course><hAcc>1.313755</hAcc><vAcc>0.832666</vAcc></extensions></trkpt>
      <trkpt lon="35.001735" lat="31.900331"><ele>234.067169</ele><time>2022-07-14T17:53:23Z</time><extensions><speed>1.228324</speed><course>220.921234</course><hAcc>1.347340</hAcc><vAcc>0.832554</vAcc></extensions></trkpt>
      <trkpt lon="35.001726" lat="31.900322"><ele>234.035446</ele><time>2022-07-14T17:53:24Z</time><extensions><speed>1.401040</speed><course>225.839828</course><hAcc>1.367934</hAcc><vAcc>0.832538</vAcc></extensions></trkpt>
      <trkpt lon="35.001715" lat="31.900314"><ele>234.005142</ele><time>2022-07-14T17:53:25Z</time><extensions><speed>1.399550</speed><course>227.106232</course><hAcc>1.376132</hAcc><vAcc>0.832596</vAcc></extensions></trkpt>
      <trkpt lon="35.001704" lat="31.900305"><ele>233.967514</ele><time>2022-07-14T17:53:26Z</time><extensions><speed>1.393566</speed><course>227.563507</course><hAcc>1.387105</hAcc><vAcc>0.832732</vAcc></extensions></trkpt>
      <trkpt lon="35.001694" lat="31.900297"><ele>233.923630</ele><time>2022-07-14T17:53:27Z</time><extensions><speed>1.366107</speed><course>226.783569</course><hAcc>1.409526</hAcc><vAcc>0.832922</vAcc></extensions></trkpt>
      <trkpt lon="35.001684" lat="31.900288"><ele>233.869019</ele><time>2022-07-14T17:53:28Z</time><extensions><speed>1.330211</speed><course>213.046326</course><hAcc>1.427274</hAcc><vAcc>0.833115</vAcc></extensions></trkpt>
      <trkpt lon="35.001680" lat="31.900279"><ele>233.797897</ele><time>2022-07-14T17:53:29Z</time><extensions><speed>0.855256</speed><course>194.105927</course><hAcc>1.415025</hAcc><vAcc>0.833304</vAcc></extensions></trkpt>
      <trkpt lon="35.001678" lat="31.900274"><ele>233.729141</ele><time>2022-07-14T17:53:30Z</time><extensions><speed>0.450396</speed><course>201.038651</course><hAcc>1.424259</hAcc><vAcc>0.833457</vAcc></extensions></trkpt>
      <trkpt lon="35.001674" lat="31.900272"><ele>233.657623</ele><time>2022-07-14T17:53:31Z</time><extensions><speed>0.598072</speed><course>268.028748</course><hAcc>1.441054</hAcc><vAcc>0.833578</vAcc></extensions></trkpt>
      <trkpt lon="35.001665" lat="31.900272"><ele>233.598373</ele><time>2022-07-14T17:53:32Z</time><extensions><speed>1.099502</speed><course>271.629974</course><hAcc>1.429465</hAcc><vAcc>0.833653</vAcc></extensions></trkpt>
      <trkpt lon="35.001651" lat="31.900272"><ele>233.555496</ele><time>2022-07-14T17:53:33Z</time><extensions><speed>1.468781</speed><course>265.543976</course><hAcc>1.438679</hAcc><vAcc>0.833710</vAcc></extensions></trkpt>
      <trkpt lon="35.001635" lat="31.900271"><ele>233.523575</ele><time>2022-07-14T17:53:34Z</time><extensions><speed>1.583580</speed><course>264.519257</course><hAcc>1.430148</hAcc><vAcc>0.833807</vAcc></extensions></trkpt>
      <trkpt lon="35.001619" lat="31.900269"><ele>233.478424</ele><time>2022-07-14T17:53:35Z</time><extensions><speed>1.601114</speed><course>259.301331</course><hAcc>1.395794</hAcc><vAcc>0.833906</vAcc></extensions></trkpt>
      <trkpt lon="35.001603" lat="31.900266"><ele>233.443741</ele><time>2022-07-14T17:53:36Z</time><extensions><speed>1.579434</speed><course>252.133362</course><hAcc>1.376754</hAcc><vAcc>0.833992</vAcc></extensions></trkpt>
      <trkpt lon="35.001587" lat="31.900261"><ele>233.412109</ele><time>2022-07-14T17:53:37Z</time><extensions><speed>1.573810</speed><course>247.263138</course><hAcc>1.355125</hAcc><vAcc>0.834081</vAcc></extensions></trkpt>
      <trkpt lon="35.001572" lat="31.900255"><ele>233.376923</ele><time>2022-07-14T17:53:38Z</time><extensions><speed>1.569615</speed><course>246.639969</course><hAcc>1.335817</hAcc><vAcc>0.834187</vAcc></extensions></trkpt>
      <trkpt lon="35.001557" lat="31.900250"><ele>233.338028</ele><time>2022-07-14T17:53:39Z</time><extensions><speed>1.577449</speed><course>249.622635</course><hAcc>1.330509</hAcc><vAcc>0.834255</vAcc></extensions></trkpt>
      <trkpt lon="35.001542" lat="31.900245"><ele>233.298553</ele><time>2022-07-14T17:53:40Z</time><extensions><speed>1.581233</speed><course>248.757507</course><hAcc>1.315742</hAcc><vAcc>0.834344</vAcc></extensions></trkpt>
      <trkpt lon="35.001527" lat="31.900240"><ele>233.250488</ele><time>2022-07-14T17:53:41Z</time><extensions><speed>1.572227</speed><course>249.430511</course><hAcc>1.309387</hAcc><vAcc>0.834456</vAcc></extensions></trkpt>
      <trkpt lon="35.001512" lat="31.900235"><ele>233.200958</ele><time>2022-07-14T17:53:42Z</time><extensions><speed>1.543472</speed><course>247.288910</course><hAcc>1.301195</hAcc><vAcc>0.834574</vAcc></extensions></trkpt>
      <trkpt lon="35.001497" lat="31.900229"><ele>233.138321</ele><time>2022-07-14T17:53:43Z</time><extensions><speed>1.544151</speed><course>242.973083</course><hAcc>1.300797</hAcc><vAcc>0.834695</vAcc></extensions></trkpt>
      <trkpt lon="35.001484" lat="31.900222"><ele>233.067947</ele><time>2022-07-14T17:53:44Z</time><extensions><speed>1.533674</speed><course>238.598190</course><hAcc>1.297637</hAcc><vAcc>0.834795</vAcc></extensions></trkpt>
      <trkpt lon="35.001470" lat="31.900215"><ele>233.000168</ele><time>2022-07-14T17:53:45Z</time><extensions><speed>1.555128</speed><course>237.892075</course><hAcc>1.295643</hAcc><vAcc>0.834833</vAcc></extensions></trkpt>
      <trkpt lon="35.001457" lat="31.900208"><ele>232.932083</ele><time>2022-07-14T17:53:46Z</time><extensions><speed>1.560736</speed><course>235.925964</course><hAcc>1.295182</hAcc><vAcc>0.834828</vAcc></extensions></trkpt>
      <trkpt lon="35.001444" lat="31.900200"><ele>232.865707</ele><time>2022-07-14T17:53:47Z</time><extensions><speed>1.545226</speed><course>234.112961</course><hAcc>1.293560</hAcc><vAcc>0.834805</vAcc></extensions></trkpt>
      <trkpt lon="35.001432" lat="31.900191"><ele>232.785782</ele><time>2022-07-14T17:53:48Z</time><extensions><speed>1.523705</speed><course>233.562576</course><hAcc>1.287311</hAcc><vAcc>0.834765</vAcc></extensions></trkpt>
      <trkpt lon="35.001419" lat="31.900183"><ele>232.688904</ele><time>2022-07-14T17:53:49Z</time><extensions><speed>1.534516</speed><course>231.476273</course><hAcc>1.288202</hAcc><vAcc>0.834708</vAcc></extensions></trkpt>
      <trkpt lon="35.001407" lat="31.900175"><ele>232.588776</ele><time>2022-07-14T17:53:50Z</time><extensions><speed>1.542958</speed><course>231.772461</course><hAcc>1.296644</hAcc><vAcc>0.834648</vAcc></extensions></trkpt>
      <trkpt lon="35.001395" lat="31.900166"><ele>232.479355</ele><time>2022-07-14T17:53:51Z</time><extensions><speed>1.479842</speed><course>232.159180</course><hAcc>1.290146</hAcc><vAcc>0.834582</vAcc></extensions></trkpt>
      <trkpt lon="35.001383" lat="31.900158"><ele>232.369125</ele><time>2022-07-14T17:53:52Z</time><extensions><speed>1.477618</speed><course>232.301392</course><hAcc>1.290418</hAcc><vAcc>0.834556</vAcc></extensions></trkpt>
      <trkpt lon="35.001371" lat="31.900150"><ele>232.255524</ele><time>2022-07-14T17:53:53Z</time><extensions><speed>1.530616</speed><course>231.618515</course><hAcc>1.297737</hAcc><vAcc>0.834523</vAcc></extensions></trkpt>
      <trkpt lon="35.001359" lat="31.900141"><ele>232.144592</ele><time>2022-07-14T17:53:54Z</time><extensions><speed>1.518200</speed><course>230.608902</course><hAcc>1.293136</hAcc><vAcc>0.834493</vAcc></extensions></trkpt>
      <trkpt lon="35.001347" lat="31.900133"><ele>232.051636</ele><time>2022-07-14T17:53:55Z</time><extensions><speed>1.479867</speed><course>232.511230</course><hAcc>1.293410</hAcc><vAcc>0.834472</vAcc></extensions></trkpt>
      <trkpt lon="35.001336" lat="31.900125"><ele>231.956314</ele><time>2022-07-14T17:53:56Z</time><extensions><speed>1.478775</speed><course>229.675812</course><hAcc>1.295832</hAcc><vAcc>0.834473</vAcc></extensions></trkpt>
      <trkpt lon="35.001325" lat="31.900116"><ele>231.865662</ele><time>2022-07-14T17:53:57Z</time><extensions><speed>1.459160</speed><course>225.795364</course><hAcc>1.298662</hAcc><vAcc>0.834504</vAcc></extensions></trkpt>
      <trkpt lon="35.001315" lat="31.900106"><ele>231.768967</ele><time>2022-07-14T17:53:58Z</time><extensions><speed>1.512160</speed><course>224.798965</course><hAcc>1.307690</hAcc><vAcc>0.834535</vAcc></extensions></trkpt>
      <trkpt lon="35.001305" lat="31.900096"><ele>231.678879</ele><time>2022-07-14T17:53:59Z</time><extensions><speed>1.421605</speed><course>222.255814</course><hAcc>1.305729</hAcc><vAcc>0.834567</vAcc></extensions></trkpt>
      <trkpt lon="35.001296" lat="31.900087"><ele>231.574188</ele><time>2022-07-14T17:54:00Z</time><extensions><speed>1.399857</speed><course>221.069153</course><hAcc>1.297684</hAcc><vAcc>0.834612</vAcc></extensions></trkpt>
      <trkpt lon="35.001287" lat="31.900077"><ele>231.495010</ele><time>2022-07-14T17:54:01Z</time><extensions><speed>1.476085</speed><course>218.652664</course><hAcc>1.309245</hAcc><vAcc>0.834638</vAcc></extensions></trkpt>
      <trkpt lon="35.001279" lat="31.900066"><ele>231.405869</ele><time>2022-07-14T17:54:02Z</time><extensions><speed>1.502974</speed><course>211.727905</course><hAcc>1.311529</hAcc><vAcc>0.834640</vAcc></extensions></trkpt>
      <trkpt lon="35.001273" lat="31.900054"><ele>231.308060</ele><time>2022-07-14T17:54:03Z</time><extensions><speed>1.493819</speed><course>200.712860</course><hAcc>1.302985</hAcc><vAcc>0.834613</vAcc></extensions></trkpt>
      <trkpt lon="35.001269" lat="31.900041"><ele>231.195007</ele><time>2022-07-14T17:54:04Z</time><extensions><speed>1.560170</speed><course>195.080124</course><hAcc>1.307464</hAcc><vAcc>0.834556</vAcc></extensions></trkpt>
      <trkpt lon="35.001266" lat="31.900028"><ele>231.069061</ele><time>2022-07-14T17:54:05Z</time><extensions><speed>1.552454</speed><course>187.497314</course><hAcc>1.303335</hAcc><vAcc>0.834460</vAcc></extensions></trkpt>
      <trkpt lon="35.001266" lat="31.900014"><ele>230.919449</ele><time>2022-07-14T17:54:06Z</time><extensions><speed>1.585054</speed><course>178.920517</course><hAcc>1.304961</hAcc><vAcc>0.834338</vAcc></extensions></trkpt>
      <trkpt lon="35.001268" lat="31.900000"><ele>230.756012</ele><time>2022-07-14T17:54:07Z</time><extensions><speed>1.649548</speed><course>170.237762</course><hAcc>1.310938</hAcc><vAcc>0.834174</vAcc></extensions></trkpt>
      <trkpt lon="35.001273" lat="31.899986"><ele>230.578079</ele><time>2022-07-14T17:54:08Z</time><extensions><speed>1.686256</speed><course>161.047440</course><hAcc>1.305190</hAcc><vAcc>0.834006</vAcc></extensions></trkpt>
      <trkpt lon="35.001281" lat="31.899973"><ele>230.362991</ele><time>2022-07-14T17:54:09Z</time><extensions><speed>1.707294</speed><course>151.892578</course><hAcc>1.303249</hAcc><vAcc>0.833834</vAcc></extensions></trkpt>
      <trkpt lon="35.001291" lat="31.899960"><ele>230.132889</ele><time>2022-07-14T17:54:10Z</time><extensions><speed>1.725913</speed><course>145.215363</course><hAcc>1.313924</hAcc><vAcc>0.833672</vAcc></extensions></trkpt>
      <trkpt lon="35.001303" lat="31.899948"><ele>229.902206</ele><time>2022-07-14T17:54:11Z</time><extensions><speed>1.728253</speed><course>136.855362</course><hAcc>1.308874</hAcc><vAcc>0.833524</vAcc></extensions></trkpt>
      <trkpt lon="35.001316" lat="31.899938"><ele>229.648590</ele><time>2022-07-14T17:54:12Z</time><extensions><speed>1.769239</speed><course>130.772476</course><hAcc>1.310316</hAcc><vAcc>0.833375</vAcc></extensions></trkpt>
      <trkpt lon="35.001331" lat="31.899928"><ele>229.375275</ele><time>2022-07-14T17:54:13Z</time><extensions><speed>1.787389</speed><course>124.959763</course><hAcc>1.313149</hAcc><vAcc>0.833257</vAcc></extensions></trkpt>
      <trkpt lon="35.001348" lat="31.899920"><ele>229.092010</ele><time>2022-07-14T17:54:14Z</time><extensions><speed>1.768272</speed><course>119.339470</course><hAcc>1.324730</hAcc><vAcc>0.833184</vAcc></extensions></trkpt>
      <trkpt lon="35.001365" lat="31.899914"><ele>228.817444</ele><time>2022-07-14T17:54:15Z</time><extensions><speed>1.796785</speed><course>111.837715</course><hAcc>1.319787</hAcc><vAcc>0.833144</vAcc></extensions></trkpt>
      <trkpt lon="35.001383" lat="31.899909"><ele>228.553772</ele><time>2022-07-14T17:54:16Z</time><extensions><speed>1.793500</speed><course>108.308220</course><hAcc>1.310171</hAcc><vAcc>0.833136</vAcc></extensions></trkpt>
      <trkpt lon="35.001401" lat="31.899905"><ele>228.289856</ele><time>2022-07-14T17:54:17Z</time><extensions><speed>1.780467</speed><course>101.977608</course><hAcc>1.312358</hAcc><vAcc>0.833181</vAcc></extensions></trkpt>
      <trkpt lon="35.001419" lat="31.899903"><ele>228.039688</ele><time>2022-07-14T17:54:18Z</time><extensions><speed>1.762861</speed><course>94.935913</course><hAcc>1.314692</hAcc><vAcc>0.833258</vAcc></extensions></trkpt>
      <trkpt lon="35.001438" lat="31.899903"><ele>227.812851</ele><time>2022-07-14T17:54:19Z</time><extensions><speed>1.750048</speed><course>85.880417</course><hAcc>1.308114</hAcc><vAcc>0.833353</vAcc></extensions></trkpt>
      <trkpt lon="35.001456" lat="31.899905"><ele>227.607254</ele><time>2022-07-14T17:54:20Z</time><extensions><speed>1.746070</speed><course>82.285934</course><hAcc>1.302984</hAcc><vAcc>0.833457</vAcc></extensions></trkpt>
      <trkpt lon="35.001474" lat="31.899908"><ele>227.412247</ele><time>2022-07-14T17:54:21Z</time><extensions><speed>1.732441</speed><course>78.578201</course><hAcc>1.304888</hAcc><vAcc>0.833568</vAcc></extensions></trkpt>
      <trkpt lon="35.001491" lat="31.899912"><ele>227.230011</ele><time>2022-07-14T17:54:22Z</time><extensions><speed>1.726020</speed><course>73.541115</course><hAcc>1.297430</hAcc><vAcc>0.833676</vAcc></extensions></trkpt>
      <trkpt lon="35.001508" lat="31.899917"><ele>227.062500</ele><time>2022-07-14T17:54:23Z</time><extensions><speed>1.704277</speed><course>69.833084</course><hAcc>1.296584</hAcc><vAcc>0.833780</vAcc></extensions></trkpt>
      <trkpt lon="35.001525" lat="31.899922"><ele>226.900833</ele><time>2022-07-14T17:54:24Z</time><extensions><speed>1.694928</speed><course>67.703941</course><hAcc>1.294065</hAcc><vAcc>0.833844</vAcc></extensions></trkpt>
      <trkpt lon="35.001541" lat="31.899928"><ele>226.746964</ele><time>2022-07-14T17:54:25Z</time><extensions><speed>1.687869</speed><course>69.424866</course><hAcc>1.293434</hAcc><vAcc>0.833888</vAcc></extensions></trkpt>
      <trkpt lon="35.001557" lat="31.899933"><ele>226.601013</ele><time>2022-07-14T17:54:26Z</time><extensions><speed>1.662387</speed><course>69.287483</course><hAcc>1.286263</hAcc><vAcc>0.833952</vAcc></extensions></trkpt>
      <trkpt lon="35.001573" lat="31.899938"><ele>226.461838</ele><time>2022-07-14T17:54:27Z</time><extensions><speed>1.647577</speed><course>69.627815</course><hAcc>1.293027</hAcc><vAcc>0.833996</vAcc></extensions></trkpt>
      <trkpt lon="35.001589" lat="31.899943"><ele>226.355942</ele><time>2022-07-14T17:54:28Z</time><extensions><speed>1.613327</speed><course>71.159492</course><hAcc>1.290496</hAcc><vAcc>0.834011</vAcc></extensions></trkpt>
      <trkpt lon="35.001604" lat="31.899948"><ele>226.258179</ele><time>2022-07-14T17:54:29Z</time><extensions><speed>1.570711</speed><course>71.863022</course><hAcc>1.290545</hAcc><vAcc>0.834031</vAcc></extensions></trkpt>
      <trkpt lon="35.001620" lat="31.899952"><ele>226.160263</ele><time>2022-07-14T17:54:30Z</time><extensions><speed>1.536116</speed><course>72.595566</course><hAcc>1.288639</hAcc><vAcc>0.834035</vAcc></extensions></trkpt>
      <trkpt lon="35.001634" lat="31.899956"><ele>226.088440</ele><time>2022-07-14T17:54:31Z</time><extensions><speed>1.527382</speed><course>67.611115</course><hAcc>1.293028</hAcc><vAcc>0.834049</vAcc></extensions></trkpt>
      <trkpt lon="35.001648" lat="31.899961"><ele>226.038528</ele><time>2022-07-14T17:54:32Z</time><extensions><speed>1.466704</speed><course>65.607536</course><hAcc>1.290593</hAcc><vAcc>0.834049</vAcc></extensions></trkpt>
      <trkpt lon="35.001661" lat="31.899966"><ele>225.965286</ele><time>2022-07-14T17:54:33Z</time><extensions><speed>1.421380</speed><course>69.780159</course><hAcc>1.292738</hAcc><vAcc>0.834024</vAcc></extensions></trkpt>
      <trkpt lon="35.001675" lat="31.899970"><ele>225.896393</ele><time>2022-07-14T17:54:34Z</time><extensions><speed>1.418172</speed><course>77.875893</course><hAcc>1.295330</hAcc><vAcc>0.834006</vAcc></extensions></trkpt>
      <trkpt lon="35.001689" lat="31.899972"><ele>225.840210</ele><time>2022-07-14T17:54:35Z</time><extensions><speed>1.348790</speed><course>84.468895</course><hAcc>1.292588</hAcc><vAcc>0.834028</vAcc></extensions></trkpt>
      <trkpt lon="35.001702" lat="31.899974"><ele>225.795135</ele><time>2022-07-14T17:54:36Z</time><extensions><speed>1.412170</speed><course>82.652580</course><hAcc>1.303468</hAcc><vAcc>0.834031</vAcc></extensions></trkpt>
      <trkpt lon="35.001717" lat="31.899975"><ele>225.755096</ele><time>2022-07-14T17:54:37Z</time><extensions><speed>1.421567</speed><course>89.212372</course><hAcc>1.310247</hAcc><vAcc>0.834005</vAcc></extensions></trkpt>
      <trkpt lon="35.001731" lat="31.899974"><ele>225.715179</ele><time>2022-07-14T17:54:38Z</time><extensions><speed>1.343293</speed><course>100.139854</course><hAcc>1.300586</hAcc><vAcc>0.833941</vAcc></extensions></trkpt>
      <trkpt lon="35.001744" lat="31.899971"><ele>225.676086</ele><time>2022-07-14T17:54:39Z</time><extensions><speed>1.304202</speed><course>111.213768</course><hAcc>1.308227</hAcc><vAcc>0.833858</vAcc></extensions></trkpt>
      <trkpt lon="35.001757" lat="31.899966"><ele>225.638809</ele><time>2022-07-14T17:54:40Z</time><extensions><speed>1.400321</speed><course>118.800056</course><hAcc>1.329561</hAcc><vAcc>0.833738</vAcc></extensions></trkpt>
      <trkpt lon="35.001769" lat="31.899959"><ele>225.604599</ele><time>2022-07-14T17:54:41Z</time><extensions><speed>1.346634</speed><course>130.568527</course><hAcc>1.333504</hAcc><vAcc>0.833593</vAcc></extensions></trkpt>
      <trkpt lon="35.001779" lat="31.899951"><ele>225.566452</ele><time>2022-07-14T17:54:42Z</time><extensions><speed>1.353886</speed><course>133.050797</course><hAcc>1.362675</hAcc><vAcc>0.833415</vAcc></extensions></trkpt>
      <trkpt lon="35.001790" lat="31.899942"><ele>225.537460</ele><time>2022-07-14T17:54:43Z</time><extensions><speed>1.346503</speed><course>132.231018</course><hAcc>1.388509</hAcc><vAcc>0.833222</vAcc></extensions></trkpt>
      <trkpt lon="35.001800" lat="31.899935"><ele>225.508774</ele><time>2022-07-14T17:54:44Z</time><extensions><speed>1.282178</speed><course>127.669548</course><hAcc>1.423604</hAcc><vAcc>0.833039</vAcc></extensions></trkpt>
      <trkpt lon="35.001809" lat="31.899929"><ele>225.475327</ele><time>2022-07-14T17:54:45Z</time><extensions><speed>0.869019</speed><course>124.424599</course><hAcc>1.444656</hAcc><vAcc>0.832863</vAcc></extensions></trkpt>
      <trkpt lon="35.001816" lat="31.899925"><ele>225.430939</ele><time>2022-07-14T17:54:46Z</time><extensions><speed>0.698332</speed><course>132.079407</course><hAcc>1.453495</hAcc><vAcc>0.832714</vAcc></extensions></trkpt>
      <trkpt lon="35.001821" lat="31.899920"><ele>225.381454</ele><time>2022-07-14T17:54:47Z</time><extensions><speed>0.772329</speed><course>136.960464</course><hAcc>1.511177</hAcc><vAcc>0.832557</vAcc></extensions></trkpt>
      <trkpt lon="35.001827" lat="31.899915"><ele>225.319794</ele><time>2022-07-14T17:54:48Z</time><extensions><speed>0.867898</speed><course>140.789642</course><hAcc>1.572750</hAcc><vAcc>0.832395</vAcc></extensions></trkpt>
      <trkpt lon="35.001833" lat="31.899908"><ele>225.239166</ele><time>2022-07-14T17:54:49Z</time><extensions><speed>0.944988</speed><course>145.290878</course><hAcc>1.617444</hAcc><vAcc>0.832250</vAcc></extensions></trkpt>
      <trkpt lon="35.001838" lat="31.899901"><ele>225.150436</ele><time>2022-07-14T17:54:50Z</time><extensions><speed>0.976384</speed><course>145.595825</course><hAcc>1.634347</hAcc><vAcc>0.832117</vAcc></extensions></trkpt>
      <trkpt lon="35.001844" lat="31.899894"><ele>225.043518</ele><time>2022-07-14T17:54:51Z</time><extensions><speed>1.003003</speed><course>143.801361</course><hAcc>1.638723</hAcc><vAcc>0.832005</vAcc></extensions></trkpt>
      <trkpt lon="35.001851" lat="31.899886"><ele>224.934372</ele><time>2022-07-14T17:54:52Z</time><extensions><speed>1.036137</speed><course>141.520111</course><hAcc>1.627914</hAcc><vAcc>0.831887</vAcc></extensions></trkpt>
      <trkpt lon="35.001858" lat="31.899879"><ele>224.814117</ele><time>2022-07-14T17:54:53Z</time><extensions><speed>1.103468</speed><course>140.998138</course><hAcc>1.601845</hAcc><vAcc>0.831791</vAcc></extensions></trkpt>
      <trkpt lon="35.001866" lat="31.899871"><ele>224.686600</ele><time>2022-07-14T17:54:54Z</time><extensions><speed>1.169299</speed><course>140.581604</course><hAcc>1.571783</hAcc><vAcc>0.831730</vAcc></extensions></trkpt>
      <trkpt lon="35.001874" lat="31.899863"><ele>224.547150</ele><time>2022-07-14T17:54:55Z</time><extensions><speed>1.224818</speed><course>140.540436</course><hAcc>1.560456</hAcc><vAcc>0.831678</vAcc></extensions></trkpt>
      <trkpt lon="35.001882" lat="31.899854"><ele>224.411804</ele><time>2022-07-14T17:54:56Z</time><extensions><speed>1.256693</speed><course>140.426376</course><hAcc>1.592714</hAcc><vAcc>0.831616</vAcc></extensions></trkpt>
      <trkpt lon="35.001890" lat="31.899845"><ele>224.262100</ele><time>2022-07-14T17:54:57Z</time><extensions><speed>1.289510</speed><course>139.909042</course><hAcc>1.547743</hAcc><vAcc>0.831549</vAcc></extensions></trkpt>
      <trkpt lon="35.001900" lat="31.899836"><ele>224.103409</ele><time>2022-07-14T17:54:58Z</time><extensions><speed>1.369046</speed><course>137.234314</course><hAcc>1.533172</hAcc><vAcc>0.831477</vAcc></extensions></trkpt>
      <trkpt lon="35.001910" lat="31.899827"><ele>223.952301</ele><time>2022-07-14T17:54:59Z</time><extensions><speed>1.441294</speed><course>134.347580</course><hAcc>1.547840</hAcc><vAcc>0.831388</vAcc></extensions></trkpt>
      <trkpt lon="35.001921" lat="31.899818"><ele>223.791138</ele><time>2022-07-14T17:55:00Z</time><extensions><speed>1.403374</speed><course>134.660507</course><hAcc>1.573210</hAcc><vAcc>0.831297</vAcc></extensions></trkpt>
      <trkpt lon="35.001931" lat="31.899810"><ele>223.621353</ele><time>2022-07-14T17:55:01Z</time><extensions><speed>1.362011</speed><course>133.910202</course><hAcc>1.534609</hAcc><vAcc>0.831207</vAcc></extensions></trkpt>
      <trkpt lon="35.001942" lat="31.899801"><ele>223.434357</ele><time>2022-07-14T17:55:02Z</time><extensions><speed>1.352368</speed><course>132.461792</course><hAcc>1.518682</hAcc><vAcc>0.831119</vAcc></extensions></trkpt>
      <trkpt lon="35.001953" lat="31.899793"><ele>223.241486</ele><time>2022-07-14T17:55:03Z</time><extensions><speed>1.400153</speed><course>129.404114</course><hAcc>1.528781</hAcc><vAcc>0.831033</vAcc></extensions></trkpt>
      <trkpt lon="35.001965" lat="31.899785"><ele>223.051971</ele><time>2022-07-14T17:55:04Z</time><extensions><speed>1.425884</speed><course>129.227905</course><hAcc>1.561347</hAcc><vAcc>0.830951</vAcc></extensions></trkpt>
      <trkpt lon="35.001976" lat="31.899777"><ele>222.866486</ele><time>2022-07-14T17:55:05Z</time><extensions><speed>1.459019</speed><course>131.192993</course><hAcc>1.615827</hAcc><vAcc>0.830878</vAcc></extensions></trkpt>
      <trkpt lon="35.001987" lat="31.899768"><ele>222.688934</ele><time>2022-07-14T17:55:06Z</time><extensions><speed>1.378098</speed><course>132.541382</course><hAcc>1.586319</hAcc><vAcc>0.830813</vAcc></extensions></trkpt>
      <trkpt lon="35.001998" lat="31.899760"><ele>222.510025</ele><time>2022-07-14T17:55:07Z</time><extensions><speed>1.307025</speed><course>130.481262</course><hAcc>1.582119</hAcc><vAcc>0.830741</vAcc></extensions></trkpt>
      <trkpt lon="35.002009" lat="31.899753"><ele>222.325592</ele><time>2022-07-14T17:55:08Z</time><extensions><speed>1.269161</speed><course>123.171280</course><hAcc>1.581751</hAcc><vAcc>0.830649</vAcc></extensions></trkpt>
      <trkpt lon="35.002021" lat="31.899748"><ele>222.136841</ele><time>2022-07-14T17:55:09Z</time><extensions><speed>1.302229</speed><course>116.541199</course><hAcc>1.594515</hAcc><vAcc>0.830571</vAcc></extensions></trkpt>
      <trkpt lon="35.002033" lat="31.899743"><ele>221.955170</ele><time>2022-07-14T17:55:10Z</time><extensions><speed>1.342193</speed><course>113.232376</course><hAcc>1.601448</hAcc><vAcc>0.830480</vAcc></extensions></trkpt>
      <trkpt lon="35.002046" lat="31.899738"><ele>221.773209</ele><time>2022-07-14T17:55:11Z</time><extensions><speed>1.349935</speed><course>112.352364</course><hAcc>1.600423</hAcc><vAcc>0.830374</vAcc></extensions></trkpt>
      <trkpt lon="35.002059" lat="31.899734"><ele>221.581940</ele><time>2022-07-14T17:55:12Z</time><extensions><speed>1.284647</speed><course>112.247055</course><hAcc>1.582670</hAcc><vAcc>0.830279</vAcc></extensions></trkpt>
      <trkpt lon="35.002072" lat="31.899730"><ele>221.412842</ele><time>2022-07-14T17:55:13Z</time><extensions><speed>1.314360</speed><course>110.064903</course><hAcc>1.553973</hAcc><vAcc>0.830193</vAcc></extensions></trkpt>
      <trkpt lon="35.002086" lat="31.899726"><ele>221.243561</ele><time>2022-07-14T17:55:14Z</time><extensions><speed>1.405573</speed><course>109.761246</course><hAcc>1.551341</hAcc><vAcc>0.830123</vAcc></extensions></trkpt>
      <trkpt lon="35.002100" lat="31.899721"><ele>221.077133</ele><time>2022-07-14T17:55:15Z</time><extensions><speed>1.451918</speed><course>111.980469</course><hAcc>1.598701</hAcc><vAcc>0.830050</vAcc></extensions></trkpt>
      <trkpt lon="35.002114" lat="31.899716"><ele>220.919510</ele><time>2022-07-14T17:55:16Z</time><extensions><speed>1.450271</speed><course>117.784531</course><hAcc>1.588544</hAcc><vAcc>0.829983</vAcc></extensions></trkpt>
      <trkpt lon="35.002127" lat="31.899711"><ele>220.763565</ele><time>2022-07-14T17:55:17Z</time><extensions><speed>1.346743</speed><course>112.758972</course><hAcc>1.549032</hAcc><vAcc>0.829951</vAcc></extensions></trkpt>
      <trkpt lon="35.002140" lat="31.899707"><ele>220.608032</ele><time>2022-07-14T17:55:18Z</time><extensions><speed>1.269029</speed><course>106.466537</course><hAcc>1.550394</hAcc><vAcc>0.829910</vAcc></extensions></trkpt>
      <trkpt lon="35.002153" lat="31.899704"><ele>220.452515</ele><time>2022-07-14T17:55:19Z</time><extensions><speed>1.262804</speed><course>101.231400</course><hAcc>1.587708</hAcc><vAcc>0.829879</vAcc></extensions></trkpt>
      <trkpt lon="35.002167" lat="31.899702"><ele>220.297394</ele><time>2022-07-14T17:55:20Z</time><extensions><speed>1.294933</speed><course>95.059570</course><hAcc>1.596660</hAcc><vAcc>0.829843</vAcc></extensions></trkpt>
      <trkpt lon="35.002180" lat="31.899702"><ele>220.154663</ele><time>2022-07-14T17:55:21Z</time><extensions><speed>1.289731</speed><course>89.922157</course><hAcc>1.610274</hAcc><vAcc>0.829845</vAcc></extensions></trkpt>
      <trkpt lon="35.002194" lat="31.899702"><ele>220.020813</ele><time>2022-07-14T17:55:22Z</time><extensions><speed>1.278429</speed><course>86.508308</course><hAcc>1.627056</hAcc><vAcc>0.829878</vAcc></extensions></trkpt>
      <trkpt lon="35.002207" lat="31.899703"><ele>219.888474</ele><time>2022-07-14T17:55:23Z</time><extensions><speed>1.230299</speed><course>85.432091</course><hAcc>1.632436</hAcc><vAcc>0.829952</vAcc></extensions></trkpt>
      <trkpt lon="35.002220" lat="31.899704"><ele>219.765533</ele><time>2022-07-14T17:55:24Z</time><extensions><speed>1.226653</speed><course>84.928215</course><hAcc>1.632846</hAcc><vAcc>0.830061</vAcc></extensions></trkpt>
      <trkpt lon="35.002233" lat="31.899705"><ele>219.641205</ele><time>2022-07-14T17:55:25Z</time><extensions><speed>1.279762</speed><course>85.787216</course><hAcc>1.630904</hAcc><vAcc>0.830201</vAcc></extensions></trkpt>
      <trkpt lon="35.002247" lat="31.899706"><ele>219.521637</ele><time>2022-07-14T17:55:26Z</time><extensions><speed>1.345397</speed><course>84.843872</course><hAcc>1.622745</hAcc><vAcc>0.830356</vAcc></extensions></trkpt>
      <trkpt lon="35.002261" lat="31.899708"><ele>219.425064</ele><time>2022-07-14T17:55:27Z</time><extensions><speed>1.416748</speed><course>83.535812</course><hAcc>1.608237</hAcc><vAcc>0.830542</vAcc></extensions></trkpt>
      <trkpt lon="35.002277" lat="31.899709"><ele>219.321594</ele><time>2022-07-14T17:55:28Z</time><extensions><speed>1.472849</speed><course>82.853714</course><hAcc>1.561776</hAcc><vAcc>0.830747</vAcc></extensions></trkpt>
      <trkpt lon="35.002292" lat="31.899711"><ele>219.216476</ele><time>2022-07-14T17:55:29Z</time><extensions><speed>1.513232</speed><course>82.609055</course><hAcc>1.513363</hAcc><vAcc>0.830964</vAcc></extensions></trkpt>
      <trkpt lon="35.002308" lat="31.899713"><ele>219.128036</ele><time>2022-07-14T17:55:30Z</time><extensions><speed>1.560617</speed><course>81.592888</course><hAcc>1.480968</hAcc><vAcc>0.831203</vAcc></extensions></trkpt>
      <trkpt lon="35.002325" lat="31.899715"><ele>219.023895</ele><time>2022-07-14T17:55:31Z</time><extensions><speed>1.576712</speed><course>82.779503</course><hAcc>1.497846</hAcc><vAcc>0.831442</vAcc></extensions></trkpt>
      <trkpt lon="35.002341" lat="31.899717"><ele>218.910309</ele><time>2022-07-14T17:55:32Z</time><extensions><speed>1.582723</speed><course>80.027908</course><hAcc>1.490463</hAcc><vAcc>0.831677</vAcc></extensions></trkpt>
      <trkpt lon="35.002357" lat="31.899720"><ele>218.797043</ele><time>2022-07-14T17:55:33Z</time><extensions><speed>1.565092</speed><course>77.525200</course><hAcc>1.480174</hAcc><vAcc>0.831919</vAcc></extensions></trkpt>
      <trkpt lon="35.002373" lat="31.899723"><ele>218.692307</ele><time>2022-07-14T17:55:34Z</time><extensions><speed>1.531117</speed><course>79.209198</course><hAcc>1.469450</hAcc><vAcc>0.832160</vAcc></extensions></trkpt>
      <trkpt lon="35.002389" lat="31.899726"><ele>218.599045</ele><time>2022-07-14T17:55:35Z</time><extensions><speed>1.464183</speed><course>74.988747</course><hAcc>1.425530</hAcc><vAcc>0.832416</vAcc></extensions></trkpt>
      <trkpt lon="35.002403" lat="31.899730"><ele>218.512146</ele><time>2022-07-14T17:55:36Z</time><extensions><speed>1.425871</speed><course>71.019241</course><hAcc>1.389784</hAcc><vAcc>0.832648</vAcc></extensions></trkpt>
      <trkpt lon="35.002417" lat="31.899734"><ele>218.427811</ele><time>2022-07-14T17:55:37Z</time><extensions><speed>1.405706</speed><course>72.887878</course><hAcc>1.386610</hAcc><vAcc>0.832846</vAcc></extensions></trkpt>
      <trkpt lon="35.002431" lat="31.899737"><ele>218.341202</ele><time>2022-07-14T17:55:38Z</time><extensions><speed>1.458565</speed><course>78.985237</course><hAcc>1.414161</hAcc><vAcc>0.833028</vAcc></extensions></trkpt>
      <trkpt lon="35.002446" lat="31.899740"><ele>218.253708</ele><time>2022-07-14T17:55:39Z</time><extensions><speed>1.479729</speed><course>77.200798</course><hAcc>1.400701</hAcc><vAcc>0.833176</vAcc></extensions></trkpt>
      <trkpt lon="35.002461" lat="31.899744"><ele>218.164963</ele><time>2022-07-14T17:55:40Z</time><extensions><speed>1.493198</speed><course>73.555443</course><hAcc>1.368693</hAcc><vAcc>0.833318</vAcc></extensions></trkpt>
      <trkpt lon="35.002476" lat="31.899748"><ele>218.087189</ele><time>2022-07-14T17:55:41Z</time><extensions><speed>1.511729</speed><course>72.190247</course><hAcc>1.367916</hAcc><vAcc>0.833418</vAcc></extensions></trkpt>
      <trkpt lon="35.002491" lat="31.899752"><ele>218.009735</ele><time>2022-07-14T17:55:42Z</time><extensions><speed>1.468145</speed><course>71.245598</course><hAcc>1.355827</hAcc><vAcc>0.833485</vAcc></extensions></trkpt>
      <trkpt lon="35.002505" lat="31.899756"><ele>217.932312</ele><time>2022-07-14T17:55:43Z</time><extensions><speed>1.465785</speed><course>70.873436</course><hAcc>1.343321</hAcc><vAcc>0.833530</vAcc></extensions></trkpt>
      <trkpt lon="35.002520" lat="31.899761"><ele>217.857529</ele><time>2022-07-14T17:55:44Z</time><extensions><speed>1.476820</speed><course>70.176056</course><hAcc>1.343758</hAcc><vAcc>0.833582</vAcc></extensions></trkpt>
      <trkpt lon="35.002534" lat="31.899766"><ele>217.774277</ele><time>2022-07-14T17:55:45Z</time><extensions><speed>1.391547</speed><course>68.288506</course><hAcc>1.319586</hAcc><vAcc>0.833613</vAcc></extensions></trkpt>
      <trkpt lon="35.002547" lat="31.899770"><ele>217.691833</ele><time>2022-07-14T17:55:46Z</time><extensions><speed>1.434834</speed><course>68.496819</course><hAcc>1.344520</hAcc><vAcc>0.833631</vAcc></extensions></trkpt>
      <trkpt lon="35.002561" lat="31.899774"><ele>217.605240</ele><time>2022-07-14T17:55:47Z</time><extensions><speed>1.385074</speed><course>71.745331</course><hAcc>1.342813</hAcc><vAcc>0.833633</vAcc></extensions></trkpt>
      <trkpt lon="35.002575" lat="31.899779"><ele>217.529083</ele><time>2022-07-14T17:55:48Z</time><extensions><speed>1.444992</speed><course>69.826797</course><hAcc>1.362670</hAcc><vAcc>0.833619</vAcc></extensions></trkpt>
      <trkpt lon="35.002589" lat="31.899783"><ele>217.455093</ele><time>2022-07-14T17:55:49Z</time><extensions><speed>1.478654</speed><course>69.247406</course><hAcc>1.374954</hAcc><vAcc>0.833582</vAcc></extensions></trkpt>
      <trkpt lon="35.002603" lat="31.899788"><ele>217.372070</ele><time>2022-07-14T17:55:50Z</time><extensions><speed>1.392883</speed><course>69.298233</course><hAcc>1.356397</hAcc><vAcc>0.833540</vAcc></extensions></trkpt>
      <trkpt lon="35.002616" lat="31.899793"><ele>217.290848</ele><time>2022-07-14T17:55:51Z</time><extensions><speed>1.334426</speed><course>65.087669</course><hAcc>1.340134</hAcc><vAcc>0.833488</vAcc></extensions></trkpt>
      <trkpt lon="35.002629" lat="31.899798"><ele>217.202103</ele><time>2022-07-14T17:55:52Z</time><extensions><speed>1.347251</speed><course>59.019875</course><hAcc>1.350549</hAcc><vAcc>0.833437</vAcc></extensions></trkpt>
      <trkpt lon="35.002641" lat="31.899805"><ele>217.114212</ele><time>2022-07-14T17:55:53Z</time><extensions><speed>1.458163</speed><course>57.284199</course><hAcc>1.394050</hAcc><vAcc>0.833411</vAcc></extensions></trkpt>
      <trkpt lon="35.002653" lat="31.899812"><ele>217.032913</ele><time>2022-07-14T17:55:54Z</time><extensions><speed>1.427482</speed><course>56.941559</course><hAcc>1.382446</hAcc><vAcc>0.833386</vAcc></extensions></trkpt>
      <trkpt lon="35.002665" lat="31.899819"><ele>216.958420</ele><time>2022-07-14T17:55:55Z</time><extensions><speed>1.336012</speed><course>58.332672</course><hAcc>1.343324</hAcc><vAcc>0.833389</vAcc></extensions></trkpt>
      <trkpt lon="35.002677" lat="31.899824"><ele>216.876846</ele><time>2022-07-14T17:55:56Z</time><extensions><speed>1.326065</speed><course>64.488541</course><hAcc>1.337938</hAcc><vAcc>0.833406</vAcc></extensions></trkpt>
      <trkpt lon="35.002690" lat="31.899829"><ele>216.801361</ele><time>2022-07-14T17:55:57Z</time><extensions><speed>1.338235</speed><course>68.033539</course><hAcc>1.336726</hAcc><vAcc>0.833431</vAcc></extensions></trkpt>
      <trkpt lon="35.002703" lat="31.899834"><ele>216.740463</ele><time>2022-07-14T17:55:58Z</time><extensions><speed>1.466574</speed><course>67.618111</course><hAcc>1.335461</hAcc><vAcc>0.833453</vAcc></extensions></trkpt>
      <trkpt lon="35.002717" lat="31.899839"><ele>216.682175</ele><time>2022-07-14T17:55:59Z</time><extensions><speed>1.443087</speed><course>63.406357</course><hAcc>1.319570</hAcc><vAcc>0.833505</vAcc></extensions></trkpt>
      <trkpt lon="35.002729" lat="31.899845"><ele>216.624268</ele><time>2022-07-14T17:56:00Z</time><extensions><speed>1.399287</speed><course>57.057636</course><hAcc>1.309866</hAcc><vAcc>0.833545</vAcc></extensions></trkpt>
      <trkpt lon="35.002741" lat="31.899852"><ele>216.573730</ele><time>2022-07-14T17:56:01Z</time><extensions><speed>1.373764</speed><course>57.433090</course><hAcc>1.298732</hAcc><vAcc>0.833611</vAcc></extensions></trkpt>
      <trkpt lon="35.002753" lat="31.899858"><ele>216.522247</ele><time>2022-07-14T17:56:02Z</time><extensions><speed>1.344081</speed><course>61.159161</course><hAcc>1.293906</hAcc><vAcc>0.833685</vAcc></extensions></trkpt>
      <trkpt lon="35.002766" lat="31.899864"><ele>216.486359</ele><time>2022-07-14T17:56:03Z</time><extensions><speed>1.380686</speed><course>61.400654</course><hAcc>1.298292</hAcc><vAcc>0.833769</vAcc></extensions></trkpt>
      <trkpt lon="35.002779" lat="31.899870"><ele>216.446060</ele><time>2022-07-14T17:56:04Z</time><extensions><speed>1.421184</speed><course>63.668865</course><hAcc>1.300785</hAcc><vAcc>0.833836</vAcc></extensions></trkpt>
      <trkpt lon="35.002792" lat="31.899875"><ele>216.393341</ele><time>2022-07-14T17:56:05Z</time><extensions><speed>1.465694</speed><course>63.130436</course><hAcc>1.305815</hAcc><vAcc>0.833885</vAcc></extensions></trkpt>
      <trkpt lon="35.002805" lat="31.899882"><ele>216.352066</ele><time>2022-07-14T17:56:06Z</time><extensions><speed>1.399651</speed><course>60.473057</course><hAcc>1.298991</hAcc><vAcc>0.833902</vAcc></extensions></trkpt>
      <trkpt lon="35.002818" lat="31.899888"><ele>216.318390</ele><time>2022-07-14T17:56:07Z</time><extensions><speed>1.376328</speed><course>62.011826</course><hAcc>1.301665</hAcc><vAcc>0.833897</vAcc></extensions></trkpt>
      <trkpt lon="35.002830" lat="31.899893"><ele>216.293961</ele><time>2022-07-14T17:56:08Z</time><extensions><speed>1.392553</speed><course>64.690071</course><hAcc>1.305028</hAcc><vAcc>0.833847</vAcc></extensions></trkpt>
      <trkpt lon="35.002844" lat="31.899898"><ele>216.264862</ele><time>2022-07-14T17:56:09Z</time><extensions><speed>1.417433</speed><course>70.882362</course><hAcc>1.315037</hAcc><vAcc>0.833763</vAcc></extensions></trkpt>
      <trkpt lon="35.002858" lat="31.899902"><ele>216.233658</ele><time>2022-07-14T17:56:10Z</time><extensions><speed>1.348098</speed><course>73.450592</course><hAcc>1.315118</hAcc><vAcc>0.833660</vAcc></extensions></trkpt>
      <trkpt lon="35.002871" lat="31.899905"><ele>216.199295</ele><time>2022-07-14T17:56:11Z</time><extensions><speed>1.430453</speed><course>72.855530</course><hAcc>1.332284</hAcc><vAcc>0.833568</vAcc></extensions></trkpt>
      <trkpt lon="35.002885" lat="31.899909"><ele>216.175446</ele><time>2022-07-14T17:56:12Z</time><extensions><speed>1.408208</speed><course>68.544914</course><hAcc>1.335714</hAcc><vAcc>0.833437</vAcc></extensions></trkpt>
      <trkpt lon="35.002899" lat="31.899914"><ele>216.139618</ele><time>2022-07-14T17:56:13Z</time><extensions><speed>1.379205</speed><course>67.260895</course><hAcc>1.335432</hAcc><vAcc>0.833270</vAcc></extensions></trkpt>
      <trkpt lon="35.002912" lat="31.899919"><ele>216.118378</ele><time>2022-07-14T17:56:14Z</time><extensions><speed>1.348263</speed><course>66.210815</course><hAcc>1.338946</hAcc><vAcc>0.833058</vAcc></extensions></trkpt>
      <trkpt lon="35.002924" lat="31.899923"><ele>216.107712</ele><time>2022-07-14T17:56:15Z</time><extensions><speed>1.277925</speed><course>65.485390</course><hAcc>1.333179</hAcc><vAcc>0.832803</vAcc></extensions></trkpt>
      <trkpt lon="35.002937" lat="31.899929"><ele>216.094193</ele><time>2022-07-14T17:56:16Z</time><extensions><speed>1.386186</speed><course>64.248894</course><hAcc>1.356814</hAcc><vAcc>0.832552</vAcc></extensions></trkpt>
      <trkpt lon="35.002950" lat="31.899934"><ele>216.077789</ele><time>2022-07-14T17:56:17Z</time><extensions><speed>1.414437</speed><course>64.328812</course><hAcc>1.366593</hAcc><vAcc>0.832286</vAcc></extensions></trkpt>
      <trkpt lon="35.002963" lat="31.899939"><ele>216.058212</ele><time>2022-07-14T17:56:18Z</time><extensions><speed>1.407157</speed><course>65.081604</course><hAcc>1.367060</hAcc><vAcc>0.832007</vAcc></extensions></trkpt>
      <trkpt lon="35.002977" lat="31.899945"><ele>216.031097</ele><time>2022-07-14T17:56:19Z</time><extensions><speed>1.420841</speed><course>64.431007</course><hAcc>1.385277</hAcc><vAcc>0.831723</vAcc></extensions></trkpt>
      <trkpt lon="35.002990" lat="31.899950"><ele>216.011139</ele><time>2022-07-14T17:56:20Z</time><extensions><speed>1.432552</speed><course>63.774448</course><hAcc>1.410061</hAcc><vAcc>0.831456</vAcc></extensions></trkpt>
      <trkpt lon="35.003004" lat="31.899956"><ele>215.987396</ele><time>2022-07-14T17:56:21Z</time><extensions><speed>1.400539</speed><course>67.740440</course><hAcc>1.432296</hAcc><vAcc>0.831189</vAcc></extensions></trkpt>
      <trkpt lon="35.003017" lat="31.899960"><ele>215.961014</ele><time>2022-07-14T17:56:22Z</time><extensions><speed>1.259706</speed><course>73.897217</course><hAcc>1.441772</hAcc><vAcc>0.830932</vAcc></extensions></trkpt>
      <trkpt lon="35.003029" lat="31.899962"><ele>215.943954</ele><time>2022-07-14T17:56:23Z</time><extensions><speed>1.080187</speed><course>76.708961</course><hAcc>1.456084</hAcc><vAcc>0.830668</vAcc></extensions></trkpt>
      <trkpt lon="35.003039" lat="31.899964"><ele>215.929947</ele><time>2022-07-14T17:56:24Z</time><extensions><speed>1.013117</speed><course>78.055016</course><hAcc>1.504260</hAcc><vAcc>0.830406</vAcc></extensions></trkpt>
      <trkpt lon="35.003050" lat="31.899966"><ele>215.920547</ele><time>2022-07-14T17:56:25Z</time><extensions><speed>1.036526</speed><course>77.959984</course><hAcc>1.539107</hAcc><vAcc>0.830155</vAcc></extensions></trkpt>
      <trkpt lon="35.003061" lat="31.899968"><ele>215.917633</ele><time>2022-07-14T17:56:26Z</time><extensions><speed>1.144162</speed><course>76.258766</course><hAcc>1.573014</hAcc><vAcc>0.829895</vAcc></extensions></trkpt>
      <trkpt lon="35.003073" lat="31.899971"><ele>215.918106</ele><time>2022-07-14T17:56:27Z</time><extensions><speed>1.164792</speed><course>75.802299</course><hAcc>1.579914</hAcc><vAcc>0.829628</vAcc></extensions></trkpt>
      <trkpt lon="35.003085" lat="31.899973"><ele>215.922363</ele><time>2022-07-14T17:56:28Z</time><extensions><speed>1.165470</speed><course>76.255722</course><hAcc>1.573218</hAcc><vAcc>0.829437</vAcc></extensions></trkpt>
      <trkpt lon="35.003097" lat="31.899976"><ele>215.918335</ele><time>2022-07-14T17:56:29Z</time><extensions><speed>1.213084</speed><course>78.032486</course><hAcc>1.560704</hAcc><vAcc>0.829287</vAcc></extensions></trkpt>
      <trkpt lon="35.003110" lat="31.899978"><ele>215.912369</ele><time>2022-07-14T17:56:30Z</time><extensions><speed>1.306214</speed><course>77.738350</course><hAcc>1.568288</hAcc><vAcc>0.829175</vAcc></extensions></trkpt>
      <trkpt lon="35.003124" lat="31.899980"><ele>215.905853</ele><time>2022-07-14T17:56:31Z</time><extensions><speed>1.442437</speed><course>79.605659</course><hAcc>1.605456</hAcc><vAcc>0.829065</vAcc></extensions></trkpt>
      <trkpt lon="35.003138" lat="31.899982"><ele>215.892441</ele><time>2022-07-14T17:56:32Z</time><extensions><speed>1.314412</speed><course>81.151100</course><hAcc>1.574670</hAcc><vAcc>0.828978</vAcc></extensions></trkpt>
      <trkpt lon="35.003151" lat="31.899984"><ele>215.891052</ele><time>2022-07-14T17:56:33Z</time><extensions><speed>1.164503</speed><course>83.695549</course><hAcc>1.555609</hAcc><vAcc>0.828930</vAcc></extensions></trkpt>
      <trkpt lon="35.003163" lat="31.899985"><ele>215.895096</ele><time>2022-07-14T17:56:34Z</time><extensions><speed>1.045292</speed><course>88.394341</course><hAcc>1.576869</hAcc><vAcc>0.828893</vAcc></extensions></trkpt>
      <trkpt lon="35.003174" lat="31.899985"><ele>215.891006</ele><time>2022-07-14T17:56:35Z</time><extensions><speed>1.106570</speed><course>90.996178</course><hAcc>1.592660</hAcc><vAcc>0.828872</vAcc></extensions></trkpt>
      <trkpt lon="35.003186" lat="31.899984"><ele>215.901505</ele><time>2022-07-14T17:56:36Z</time><extensions><speed>1.186990</speed><course>94.422668</course><hAcc>1.589367</hAcc><vAcc>0.828860</vAcc></extensions></trkpt>
      <trkpt lon="35.003199" lat="31.899983"><ele>215.914169</ele><time>2022-07-14T17:56:37Z</time><extensions><speed>1.196399</speed><course>94.668549</course><hAcc>1.601703</hAcc><vAcc>0.828869</vAcc></extensions></trkpt>
      <trkpt lon="35.003211" lat="31.899982"><ele>215.928177</ele><time>2022-07-14T17:56:38Z</time><extensions><speed>1.179235</speed><course>95.341743</course><hAcc>1.613760</hAcc><vAcc>0.828885</vAcc></extensions></trkpt>
      <trkpt lon="35.003224" lat="31.899981"><ele>215.936081</ele><time>2022-07-14T17:56:39Z</time><extensions><speed>1.164806</speed><course>95.090714</course><hAcc>1.613447</hAcc><vAcc>0.828948</vAcc></extensions></trkpt>
      <trkpt lon="35.003236" lat="31.899980"><ele>215.946381</ele><time>2022-07-14T17:56:40Z</time><extensions><speed>1.197260</speed><course>95.040947</course><hAcc>1.604329</hAcc><vAcc>0.829038</vAcc></extensions></trkpt>
      <trkpt lon="35.003248" lat="31.899979"><ele>215.941910</ele><time>2022-07-14T17:56:41Z</time><extensions><speed>1.203061</speed><course>97.572990</course><hAcc>1.585157</hAcc><vAcc>0.829159</vAcc></extensions></trkpt>
      <trkpt lon="35.003261" lat="31.899978"><ele>215.931686</ele><time>2022-07-14T17:56:42Z</time><extensions><speed>1.217878</speed><course>99.156967</course><hAcc>1.579303</hAcc><vAcc>0.829252</vAcc></extensions></trkpt>
      <trkpt lon="35.003273" lat="31.899976"><ele>215.913895</ele><time>2022-07-14T17:56:43Z</time><extensions><speed>1.170820</speed><course>100.180740</course><hAcc>1.575173</hAcc><vAcc>0.829326</vAcc></extensions></trkpt>
      <trkpt lon="35.003286" lat="31.899974"><ele>215.887405</ele><time>2022-07-14T17:56:44Z</time><extensions><speed>1.192071</speed><course>98.074097</course><hAcc>1.575101</hAcc><vAcc>0.829376</vAcc></extensions></trkpt>
      <trkpt lon="35.003299" lat="31.899973"><ele>215.860031</ele><time>2022-07-14T17:56:45Z</time><extensions><speed>1.275300</speed><course>97.120949</course><hAcc>1.586923</hAcc><vAcc>0.829471</vAcc></extensions></trkpt>
      <trkpt lon="35.003312" lat="31.899971"><ele>215.836594</ele><time>2022-07-14T17:56:46Z</time><extensions><speed>1.221624</speed><course>101.492691</course><hAcc>1.536316</hAcc><vAcc>0.829564</vAcc></extensions></trkpt>
      <trkpt lon="35.003324" lat="31.899968"><ele>215.797073</ele><time>2022-07-14T17:56:47Z</time><extensions><speed>1.249928</speed><course>105.284988</course><hAcc>1.525828</hAcc><vAcc>0.829687</vAcc></extensions></trkpt>
      <trkpt lon="35.003337" lat="31.899965"><ele>215.756821</ele><time>2022-07-14T17:56:48Z</time><extensions><speed>1.294608</speed><course>108.268761</course><hAcc>1.550691</hAcc><vAcc>0.829795</vAcc></extensions></trkpt>
      <trkpt lon="35.003351" lat="31.899961"><ele>215.711365</ele><time>2022-07-14T17:56:49Z</time><extensions><speed>1.388807</speed><course>110.148483</course><hAcc>1.614059</hAcc><vAcc>0.829877</vAcc></extensions></trkpt>
      <trkpt lon="35.003363" lat="31.899957"><ele>215.663208</ele><time>2022-07-14T17:56:50Z</time><extensions><speed>1.144192</speed><course>108.298119</course><hAcc>1.599147</hAcc><vAcc>0.829931</vAcc></extensions></trkpt>
      <trkpt lon="35.003375" lat="31.899954"><ele>215.610123</ele><time>2022-07-14T17:56:51Z</time><extensions><speed>1.111195</speed><course>107.273552</course><hAcc>1.582450</hAcc><vAcc>0.830009</vAcc></extensions></trkpt>
      <trkpt lon="35.003386" lat="31.899951"><ele>215.563080</ele><time>2022-07-14T17:56:52Z</time><extensions><speed>1.146410</speed><course>111.418823</course><hAcc>1.593852</hAcc><vAcc>0.830054</vAcc></extensions></trkpt>
      <trkpt lon="35.003397" lat="31.899947"><ele>215.508392</ele><time>2022-07-14T17:56:53Z</time><extensions><speed>1.117079</speed><course>114.850609</course><hAcc>1.620719</hAcc><vAcc>0.830087</vAcc></extensions></trkpt>
      <trkpt lon="35.003407" lat="31.899943"><ele>215.456894</ele><time>2022-07-14T17:56:54Z</time><extensions><speed>1.056104</speed><course>115.758865</course><hAcc>1.647787</hAcc><vAcc>0.830107</vAcc></extensions></trkpt>
      <trkpt lon="35.003417" lat="31.899939"><ele>215.405594</ele><time>2022-07-14T17:56:55Z</time><extensions><speed>0.985619</speed><course>114.350449</course><hAcc>1.673295</hAcc><vAcc>0.830062</vAcc></extensions></trkpt>
      <trkpt lon="35.003426" lat="31.899935"><ele>215.359314</ele><time>2022-07-14T17:56:56Z</time><extensions><speed>0.829058</speed><course>113.574966</course><hAcc>1.678005</hAcc><vAcc>0.830007</vAcc></extensions></trkpt>
      <trkpt lon="35.003432" lat="31.899933"><ele>215.319748</ele><time>2022-07-14T17:56:57Z</time><extensions><speed>0.524345</speed><course>115.577400</course><hAcc>1.686393</hAcc><vAcc>0.829934</vAcc></extensions></trkpt>
      <trkpt lon="35.003436" lat="31.899931"><ele>215.287613</ele><time>2022-07-14T17:56:58Z</time><extensions><speed>0.329058</speed><course>119.441757</course><hAcc>1.695313</hAcc><vAcc>0.829802</vAcc></extensions></trkpt>
      <trkpt lon="35.003439" lat="31.899930"><ele>215.257568</ele><time>2022-07-14T17:56:59Z</time><extensions><speed>0.276478</speed><course>122.718987</course><hAcc>1.704545</hAcc><vAcc>0.829621</vAcc></extensions></trkpt>
      <trkpt lon="35.003442" lat="31.899928"><ele>215.228546</ele><time>2022-07-14T17:57:00Z</time><extensions><speed>0.264933</speed><course>124.609245</course><hAcc>1.712313</hAcc><vAcc>0.829493</vAcc></extensions></trkpt>
      <trkpt lon="35.003444" lat="31.899927"><ele>215.203430</ele><time>2022-07-14T17:57:01Z</time><extensions><speed>0.245212</speed><course>124.390327</course><hAcc>1.721877</hAcc><vAcc>0.829352</vAcc></extensions></trkpt>
      <trkpt lon="35.003446" lat="31.899926"><ele>215.182007</ele><time>2022-07-14T17:57:02Z</time><extensions><speed>0.226238</speed><course>121.844414</course><hAcc>1.722231</hAcc><vAcc>0.829228</vAcc></extensions></trkpt>
      <trkpt lon="35.003448" lat="31.899925"><ele>215.156464</ele><time>2022-07-14T17:57:03Z</time><extensions><speed>0.229807</speed><course>117.613693</course><hAcc>1.712832</hAcc><vAcc>0.829127</vAcc></extensions></trkpt>
      <trkpt lon="35.003449" lat="31.899924"><ele>215.132904</ele><time>2022-07-14T17:57:04Z</time><extensions><speed>0.086414</speed><course>119.955879</course><hAcc>1.721699</hAcc><vAcc>0.829032</vAcc></extensions></trkpt>
      <trkpt lon="35.003450" lat="31.899924"><ele>215.111084</ele><time>2022-07-14T17:57:05Z</time><extensions><speed>0.002301</speed><course>162.421844</course><hAcc>1.724349</hAcc><vAcc>0.828935</vAcc></extensions></trkpt>
      <trkpt lon="35.003450" lat="31.899924"><ele>215.087418</ele><time>2022-07-14T17:57:06Z</time><extensions><speed>0.044420</speed><course>306.786591</course><hAcc>1.724478</hAcc><vAcc>0.828866</vAcc></extensions></trkpt>
      <trkpt lon="35.003449" lat="31.899924"><ele>215.061279</ele><time>2022-07-14T17:57:07Z</time><extensions><speed>0.059762</speed><course>311.628418</course><hAcc>1.719586</hAcc><vAcc>0.828847</vAcc></extensions></trkpt>
      <trkpt lon="35.003449" lat="31.899925"><ele>215.032639</ele><time>2022-07-14T17:57:08Z</time><extensions><speed>0.050814</speed><course>306.920349</course><hAcc>1.717801</hAcc><vAcc>0.828840</vAcc></extensions></trkpt>
      <trkpt lon="35.003448" lat="31.899925"><ele>215.001480</ele><time>2022-07-14T17:57:09Z</time><extensions><speed>0.037574</speed><course>277.920593</course><hAcc>1.715087</hAcc><vAcc>0.828859</vAcc></extensions></trkpt>
      <trkpt lon="35.003448" lat="31.899924"><ele>214.971115</ele><time>2022-07-14T17:57:10Z</time><extensions><speed>0.047773</speed><course>223.188599</course><hAcc>1.710716</hAcc><vAcc>0.828910</vAcc></extensions></trkpt>
      <trkpt lon="35.003448" lat="31.899924"><ele>214.938232</ele><time>2022-07-14T17:57:11Z</time><extensions><speed>0.093015</speed><course>192.622192</course><hAcc>1.710830</hAcc><vAcc>0.828990</vAcc></extensions></trkpt>
      <trkpt lon="35.003448" lat="31.899923"><ele>214.903152</ele><time>2022-07-14T17:57:12Z</time><extensions><speed>0.173198</speed><course>178.021454</course><hAcc>1.709031</hAcc><vAcc>0.829100</vAcc></extensions></trkpt>
      <trkpt lon="35.003448" lat="31.899920"><ele>214.869370</ele><time>2022-07-14T17:57:13Z</time><extensions><speed>0.305397</speed><course>167.632034</course><hAcc>1.704114</hAcc><vAcc>0.829209</vAcc></extensions></trkpt>
      <trkpt lon="35.003449" lat="31.899917"><ele>214.826889</ele><time>2022-07-14T17:57:14Z</time><extensions><speed>0.507795</speed><course>159.222260</course><hAcc>1.702734</hAcc><vAcc>0.829309</vAcc></extensions></trkpt>
      <trkpt lon="35.003452" lat="31.899911"><ele>214.777466</ele><time>2022-07-14T17:57:15Z</time><extensions><speed>0.828027</speed><course>152.507828</course><hAcc>1.707324</hAcc><vAcc>0.829409</vAcc></extensions></trkpt>
      <trkpt lon="35.003457" lat="31.899904"><ele>214.728012</ele><time>2022-07-14T17:57:16Z</time><extensions><speed>1.079098</speed><course>154.781143</course><hAcc>1.707802</hAcc><vAcc>0.829514</vAcc></extensions></trkpt>
      <trkpt lon="35.003461" lat="31.899894"><ele>214.671127</ele><time>2022-07-14T17:57:17Z</time><extensions><speed>1.248211</speed><course>159.424591</course><hAcc>1.700783</hAcc><vAcc>0.829599</vAcc></extensions></trkpt>
      <trkpt lon="35.003466" lat="31.899883"><ele>214.610809</ele><time>2022-07-14T17:57:18Z</time><extensions><speed>1.413672</speed><course>164.470459</course><hAcc>1.692561</hAcc><vAcc>0.829676</vAcc></extensions></trkpt>
      <trkpt lon="35.003469" lat="31.899870"><ele>214.545288</ele><time>2022-07-14T17:57:19Z</time><extensions><speed>1.511724</speed><course>169.939743</course><hAcc>1.689733</hAcc><vAcc>0.829792</vAcc></extensions></trkpt>
      <trkpt lon="35.003471" lat="31.899856"><ele>214.481369</ele><time>2022-07-14T17:57:20Z</time><extensions><speed>1.540877</speed><course>174.579498</course><hAcc>1.690392</hAcc><vAcc>0.829922</vAcc></extensions></trkpt>
      <trkpt lon="35.003472" lat="31.899842"><ele>214.410461</ele><time>2022-07-14T17:57:21Z</time><extensions><speed>1.535573</speed><course>180.512512</course><hAcc>1.692621</hAcc><vAcc>0.830056</vAcc></extensions></trkpt>
      <trkpt lon="35.003471" lat="31.899828"><ele>214.339371</ele><time>2022-07-14T17:57:22Z</time><extensions><speed>1.513868</speed><course>187.984924</course><hAcc>1.691703</hAcc><vAcc>0.830206</vAcc></extensions></trkpt>
      <trkpt lon="35.003468" lat="31.899816"><ele>214.261200</ele><time>2022-07-14T17:57:23Z</time><extensions><speed>1.411092</speed><course>194.607513</course><hAcc>1.682372</hAcc><vAcc>0.830355</vAcc></extensions></trkpt>
      <trkpt lon="35.003464" lat="31.899804"><ele>214.189102</ele><time>2022-07-14T17:57:24Z</time><extensions><speed>1.220774</speed><course>198.093506</course><hAcc>1.678068</hAcc><vAcc>0.830514</vAcc></extensions></trkpt>
      <trkpt lon="35.003460" lat="31.899795"><ele>214.118240</ele><time>2022-07-14T17:57:25Z</time><extensions><speed>0.865352</speed><course>199.698532</course><hAcc>1.683172</hAcc><vAcc>0.830703</vAcc></extensions></trkpt>
      <trkpt lon="35.003458" lat="31.899789"><ele>214.045837</ele><time>2022-07-14T17:57:26Z</time><extensions><speed>0.569411</speed><course>197.694702</course><hAcc>1.689141</hAcc><vAcc>0.830877</vAcc></extensions></trkpt>
      <trkpt lon="35.003456" lat="31.899783"><ele>213.956970</ele><time>2022-07-14T17:57:27Z</time><extensions><speed>0.787788</speed><course>194.847092</course><hAcc>1.671343</hAcc><vAcc>0.831043</vAcc></extensions></trkpt>
      <trkpt lon="35.003453" lat="31.899776"><ele>213.878632</ele><time>2022-07-14T17:57:28Z</time><extensions><speed>0.988829</speed><course>201.012619</course><hAcc>1.673684</hAcc><vAcc>0.831213</vAcc></extensions></trkpt>
      <trkpt lon="35.003447" lat="31.899767"><ele>213.802460</ele><time>2022-07-14T17:57:29Z</time><extensions><speed>1.188135</speed><course>211.292358</course><hAcc>1.680253</hAcc><vAcc>0.831316</vAcc></extensions></trkpt>
      <trkpt lon="35.003440" lat="31.899757"><ele>213.724594</ele><time>2022-07-14T17:57:30Z</time><extensions><speed>1.342850</speed><course>216.578552</course><hAcc>1.677422</hAcc><vAcc>0.831359</vAcc></extensions></trkpt>
      <trkpt lon="35.003431" lat="31.899748"><ele>213.647766</ele><time>2022-07-14T17:57:31Z</time><extensions><speed>1.362024</speed><course>218.655594</course><hAcc>1.674106</hAcc><vAcc>0.831351</vAcc></extensions></trkpt>
      <trkpt lon="35.003422" lat="31.899738"><ele>213.567291</ele><time>2022-07-14T17:57:32Z</time><extensions><speed>1.397707</speed><course>216.938980</course><hAcc>1.670411</hAcc><vAcc>0.831268</vAcc></extensions></trkpt>
      <trkpt lon="35.003413" lat="31.899728"><ele>213.499054</ele><time>2022-07-14T17:57:33Z</time><extensions><speed>1.432020</speed><course>216.139648</course><hAcc>1.668525</hAcc><vAcc>0.831094</vAcc></extensions></trkpt>
      <trkpt lon="35.003405" lat="31.899717"><ele>213.443115</ele><time>2022-07-14T17:57:34Z</time><extensions><speed>1.431417</speed><course>214.783798</course><hAcc>1.671416</hAcc><vAcc>0.830873</vAcc></extensions></trkpt>
      <trkpt lon="35.003396" lat="31.899707"><ele>213.388962</ele><time>2022-07-14T17:57:35Z</time><extensions><speed>1.361374</speed><course>214.218781</course><hAcc>1.673920</hAcc><vAcc>0.830586</vAcc></extensions></trkpt>
      <trkpt lon="35.003388" lat="31.899697"><ele>213.328918</ele><time>2022-07-14T17:57:36Z</time><extensions><speed>1.278943</speed><course>213.800583</course><hAcc>1.667759</hAcc><vAcc>0.830242</vAcc></extensions></trkpt>
      <trkpt lon="35.003381" lat="31.899688"><ele>213.261475</ele><time>2022-07-14T17:57:37Z</time><extensions><speed>1.165950</speed><course>215.973297</course><hAcc>1.670262</hAcc><vAcc>0.829900</vAcc></extensions></trkpt>
      <trkpt lon="35.003373" lat="31.899679"><ele>213.199661</ele><time>2022-07-14T17:57:38Z</time><extensions><speed>1.253430</speed><course>216.135925</course><hAcc>1.673953</hAcc><vAcc>0.829490</vAcc></extensions></trkpt>
      <trkpt lon="35.003365" lat="31.899669"><ele>213.155884</ele><time>2022-07-14T17:57:39Z</time><extensions><speed>1.358559</speed><course>214.266541</course><hAcc>1.672483</hAcc><vAcc>0.829029</vAcc></extensions></trkpt>
      <trkpt lon="35.003357" lat="31.899658"><ele>213.142166</ele><time>2022-07-14T17:57:40Z</time><extensions><speed>1.478763</speed><course>211.852509</course><hAcc>1.673542</hAcc><vAcc>0.828569</vAcc></extensions></trkpt>
      <trkpt lon="35.003349" lat="31.899647"><ele>213.114944</ele><time>2022-07-14T17:57:41Z</time><extensions><speed>1.513749</speed><course>206.786163</course><hAcc>1.670237</hAcc><vAcc>0.828191</vAcc></extensions></trkpt>
      <trkpt lon="35.003343" lat="31.899634"><ele>213.080124</ele><time>2022-07-14T17:57:42Z</time><extensions><speed>1.549348</speed><course>202.265686</course><hAcc>1.666268</hAcc><vAcc>0.827838</vAcc></extensions></trkpt>
      <trkpt lon="35.003336" lat="31.899621"><ele>213.033707</ele><time>2022-07-14T17:57:43Z</time><extensions><speed>1.579913</speed><course>202.405243</course><hAcc>1.668729</hAcc><vAcc>0.827519</vAcc></extensions></trkpt>
      <trkpt lon="35.003330" lat="31.899608"><ele>212.986755</ele><time>2022-07-14T17:57:44Z</time><extensions><speed>1.536372</speed><course>203.707062</course><hAcc>1.675229</hAcc><vAcc>0.827249</vAcc></extensions></trkpt>
      <trkpt lon="35.003324" lat="31.899596"><ele>212.927704</ele><time>2022-07-14T17:57:45Z</time><extensions><speed>1.445121</speed><course>201.483688</course><hAcc>1.665462</hAcc><vAcc>0.827035</vAcc></extensions></trkpt>
      <trkpt lon="35.003318" lat="31.899584"><ele>212.875595</ele><time>2022-07-14T17:57:46Z</time><extensions><speed>1.379457</speed><course>200.841782</course><hAcc>1.651644</hAcc><vAcc>0.826879</vAcc></extensions></trkpt>
      <trkpt lon="35.003314" lat="31.899572"><ele>212.833710</ele><time>2022-07-14T17:57:47Z</time><extensions><speed>1.336484</speed><course>199.149506</course><hAcc>1.638659</hAcc><vAcc>0.826788</vAcc></extensions></trkpt>
      <trkpt lon="35.003309" lat="31.899560"><ele>212.793472</ele><time>2022-07-14T17:57:48Z</time><extensions><speed>1.375776</speed><course>196.769501</course><hAcc>1.621314</hAcc><vAcc>0.826703</vAcc></extensions></trkpt>
      <trkpt lon="35.003305" lat="31.899548"><ele>212.766678</ele><time>2022-07-14T17:57:49Z</time><extensions><speed>1.440233</speed><course>195.430176</course><hAcc>1.610243</hAcc><vAcc>0.826676</vAcc></extensions></trkpt>
      <trkpt lon="35.003301" lat="31.899536"><ele>212.732178</ele><time>2022-07-14T17:57:50Z</time><extensions><speed>1.466110</speed><course>194.726761</course><hAcc>1.621800</hAcc><vAcc>0.826659</vAcc></extensions></trkpt>
      <trkpt lon="35.003297" lat="31.899524"><ele>212.680405</ele><time>2022-07-14T17:57:51Z</time><extensions><speed>1.083540</speed><course>195.574600</course><hAcc>1.662138</hAcc><vAcc>0.826695</vAcc></extensions></trkpt>
      <trkpt lon="35.003294" lat="31.899514"><ele>212.622406</ele><time>2022-07-14T17:57:52Z</time><extensions><speed>1.195682</speed><course>193.735275</course><hAcc>1.617803</hAcc><vAcc>0.826753</vAcc></extensions></trkpt>
      <trkpt lon="35.003291" lat="31.899503"><ele>212.565063</ele><time>2022-07-14T17:57:53Z</time><extensions><speed>1.306664</speed><course>192.511276</course><hAcc>1.594198</hAcc><vAcc>0.826870</vAcc></extensions></trkpt>
      <trkpt lon="35.003288" lat="31.899491"><ele>212.505875</ele><time>2022-07-14T17:57:54Z</time><extensions><speed>1.397425</speed><course>192.645203</course><hAcc>1.580119</hAcc><vAcc>0.827050</vAcc></extensions></trkpt>
      <trkpt lon="35.003285" lat="31.899479"><ele>212.443512</ele><time>2022-07-14T17:57:55Z</time><extensions><speed>1.428095</speed><course>193.899094</course><hAcc>1.571268</hAcc><vAcc>0.827282</vAcc></extensions></trkpt>
      <trkpt lon="35.003281" lat="31.899466"><ele>212.389786</ele><time>2022-07-14T17:57:56Z</time><extensions><speed>1.430007</speed><course>193.818695</course><hAcc>1.573414</hAcc><vAcc>0.827560</vAcc></extensions></trkpt>
      <trkpt lon="35.003278" lat="31.899453"><ele>212.314713</ele><time>2022-07-14T17:57:57Z</time><extensions><speed>1.465131</speed><course>190.395996</course><hAcc>1.584724</hAcc><vAcc>0.827860</vAcc></extensions></trkpt>
      <trkpt lon="35.003275" lat="31.899441"><ele>212.264236</ele><time>2022-07-14T17:57:58Z</time><extensions><speed>1.405326</speed><course>190.272263</course><hAcc>1.566184</hAcc><vAcc>0.828174</vAcc></extensions></trkpt>
      <trkpt lon="35.003272" lat="31.899429"><ele>212.211090</ele><time>2022-07-14T17:57:59Z</time><extensions><speed>1.143415</speed><course>193.853912</course><hAcc>1.590302</hAcc><vAcc>0.828516</vAcc></extensions></trkpt>
      <trkpt lon="35.003269" lat="31.899419"><ele>212.168976</ele><time>2022-07-14T17:58:00Z</time><extensions><speed>1.315948</speed><course>197.459152</course><hAcc>1.573586</hAcc><vAcc>0.828847</vAcc></extensions></trkpt>
      <trkpt lon="35.003265" lat="31.899408"><ele>212.121292</ele><time>2022-07-14T17:58:01Z</time><extensions><speed>1.093488</speed><course>198.576981</course><hAcc>1.596238</hAcc><vAcc>0.829191</vAcc></extensions></trkpt>
      <trkpt lon="35.003262" lat="31.899398"><ele>212.081467</ele><time>2022-07-14T17:58:02Z</time><extensions><speed>1.229814</speed><course>194.460190</course><hAcc>1.576203</hAcc><vAcc>0.829534</vAcc></extensions></trkpt>
      <trkpt lon="35.003259" lat="31.899387"><ele>212.023102</ele><time>2022-07-14T17:58:03Z</time><extensions><speed>1.330582</speed><course>190.919403</course><hAcc>1.587467</hAcc><vAcc>0.829841</vAcc></extensions></trkpt>
      <trkpt lon="35.003256" lat="31.899375"><ele>211.959488</ele><time>2022-07-14T17:58:04Z</time><extensions><speed>1.356633</speed><course>188.231567</course><hAcc>1.612130</hAcc><vAcc>0.830092</vAcc></extensions></trkpt>
      <trkpt lon="35.003255" lat="31.899363"><ele>211.893921</ele><time>2022-07-14T17:58:05Z</time><extensions><speed>1.361226</speed><course>186.993637</course><hAcc>1.628222</hAcc><vAcc>0.830298</vAcc></extensions></trkpt>
      <trkpt lon="35.003253" lat="31.899351"><ele>211.831116</ele><time>2022-07-14T17:58:06Z</time><extensions><speed>1.354795</speed><course>185.710693</course><hAcc>1.633568</hAcc><vAcc>0.830456</vAcc></extensions></trkpt>
      <trkpt lon="35.003252" lat="31.899338"><ele>211.784149</ele><time>2022-07-14T17:58:07Z</time><extensions><speed>1.344602</speed><course>185.737778</course><hAcc>1.618577</hAcc><vAcc>0.830560</vAcc></extensions></trkpt>
      <trkpt lon="35.003250" lat="31.899326"><ele>211.754547</ele><time>2022-07-14T17:58:08Z</time><extensions><speed>1.361485</speed><course>186.126602</course><hAcc>1.601423</hAcc><vAcc>0.830623</vAcc></extensions></trkpt>
      <trkpt lon="35.003248" lat="31.899314"><ele>211.731033</ele><time>2022-07-14T17:58:09Z</time><extensions><speed>1.281194</speed><course>186.513992</course><hAcc>1.590248</hAcc><vAcc>0.830637</vAcc></extensions></trkpt>
      <trkpt lon="35.003247" lat="31.899303"><ele>211.714966</ele><time>2022-07-14T17:58:10Z</time><extensions><speed>1.269174</speed><course>187.825745</course><hAcc>1.593367</hAcc><vAcc>0.830627</vAcc></extensions></trkpt>
      <trkpt lon="35.003245" lat="31.899293"><ele>211.707443</ele><time>2022-07-14T17:58:11Z</time><extensions><speed>1.070450</speed><course>191.109833</course><hAcc>1.640339</hAcc><vAcc>0.830599</vAcc></extensions></trkpt>
      <trkpt lon="35.003243" lat="31.899283"><ele>211.722473</ele><time>2022-07-14T17:58:12Z</time><extensions><speed>1.185334</speed><course>186.805664</course><hAcc>1.607065</hAcc><vAcc>0.830553</vAcc></extensions></trkpt>
      <trkpt lon="35.003241" lat="31.899272"><ele>211.713287</ele><time>2022-07-14T17:58:13Z</time><extensions><speed>1.265682</speed><course>185.716629</course><hAcc>1.593093</hAcc><vAcc>0.830498</vAcc></extensions></trkpt>
      <trkpt lon="35.003240" lat="31.899260"><ele>211.714569</ele><time>2022-07-14T17:58:14Z</time><extensions><speed>1.271753</speed><course>183.868988</course><hAcc>1.590738</hAcc><vAcc>0.830453</vAcc></extensions></trkpt>
      <trkpt lon="35.003240" lat="31.899249"><ele>211.709579</ele><time>2022-07-14T17:58:15Z</time><extensions><speed>1.283030</speed><course>181.740799</course><hAcc>1.608129</hAcc><vAcc>0.830407</vAcc></extensions></trkpt>
      <trkpt lon="35.003239" lat="31.899237"><ele>211.709625</ele><time>2022-07-14T17:58:16Z</time><extensions><speed>1.360197</speed><course>182.223572</course><hAcc>1.635128</hAcc><vAcc>0.830365</vAcc></extensions></trkpt>
      <trkpt lon="35.003238" lat="31.899224"><ele>211.723267</ele><time>2022-07-14T17:58:17Z</time><extensions><speed>1.363250</speed><course>184.492767</course><hAcc>1.652061</hAcc><vAcc>0.830352</vAcc></extensions></trkpt>
      <trkpt lon="35.003237" lat="31.899212"><ele>211.738190</ele><time>2022-07-14T17:58:18Z</time><extensions><speed>1.385310</speed><course>187.868515</course><hAcc>1.649030</hAcc><vAcc>0.830359</vAcc></extensions></trkpt>
      <trkpt lon="35.003234" lat="31.899200"><ele>211.755280</ele><time>2022-07-14T17:58:19Z</time><extensions><speed>1.398489</speed><course>190.667206</course><hAcc>1.650965</hAcc><vAcc>0.830412</vAcc></extensions></trkpt>
      <trkpt lon="35.003232" lat="31.899188"><ele>211.786148</ele><time>2022-07-14T17:58:20Z</time><extensions><speed>1.356790</speed><course>191.748703</course><hAcc>1.664167</hAcc><vAcc>0.830468</vAcc></extensions></trkpt>
      <trkpt lon="35.003229" lat="31.899176"><ele>211.818192</ele><time>2022-07-14T17:58:21Z</time><extensions><speed>1.271814</speed><course>190.765671</course><hAcc>1.658364</hAcc><vAcc>0.830549</vAcc></extensions></trkpt>
      <trkpt lon="35.003226" lat="31.899165"><ele>211.843948</ele><time>2022-07-14T17:58:22Z</time><extensions><speed>1.235829</speed><course>190.041626</course><hAcc>1.656907</hAcc><vAcc>0.830635</vAcc></extensions></trkpt>
      <trkpt lon="35.003224" lat="31.899154"><ele>211.871811</ele><time>2022-07-14T17:58:23Z</time><extensions><speed>1.226579</speed><course>188.846695</course><hAcc>1.659773</hAcc><vAcc>0.830713</vAcc></extensions></trkpt>
      <trkpt lon="35.003222" lat="31.899143"><ele>211.907028</ele><time>2022-07-14T17:58:24Z</time><extensions><speed>1.262374</speed><course>188.744537</course><hAcc>1.661124</hAcc><vAcc>0.830766</vAcc></extensions></trkpt>
      <trkpt lon="35.003221" lat="31.899131"><ele>211.946320</ele><time>2022-07-14T17:58:25Z</time><extensions><speed>1.292338</speed><course>186.625549</course><hAcc>1.658681</hAcc><vAcc>0.830808</vAcc></extensions></trkpt>
      <trkpt lon="35.003219" lat="31.899120"><ele>211.995041</ele><time>2022-07-14T17:58:26Z</time><extensions><speed>1.322041</speed><course>184.039108</course><hAcc>1.663637</hAcc><vAcc>0.830842</vAcc></extensions></trkpt>
      <trkpt lon="35.003218" lat="31.899107"><ele>212.053360</ele><time>2022-07-14T17:58:27Z</time><extensions><speed>1.378754</speed><course>185.712173</course><hAcc>1.660804</hAcc><vAcc>0.830903</vAcc></extensions></trkpt>
      <trkpt lon="35.003216" lat="31.899095"><ele>212.082916</ele><time>2022-07-14T17:58:28Z</time><extensions><speed>1.368703</speed><course>188.743790</course><hAcc>1.667157</hAcc><vAcc>0.830922</vAcc></extensions></trkpt>
      <trkpt lon="35.003214" lat="31.899083"><ele>212.111084</ele><time>2022-07-14T17:58:29Z</time><extensions><speed>1.344593</speed><course>189.070541</course><hAcc>1.680102</hAcc><vAcc>0.830972</vAcc></extensions></trkpt>
      <trkpt lon="35.003212" lat="31.899071"><ele>212.143158</ele><time>2022-07-14T17:58:30Z</time><extensions><speed>1.281111</speed><course>185.292587</course><hAcc>1.664785</hAcc><vAcc>0.830980</vAcc></extensions></trkpt>
      <trkpt lon="35.003211" lat="31.899060"><ele>212.165497</ele><time>2022-07-14T17:58:31Z</time><extensions><speed>1.270091</speed><course>181.960571</course><hAcc>1.661288</hAcc><vAcc>0.831006</vAcc></extensions></trkpt>
      <trkpt lon="35.003211" lat="31.899048"><ele>212.186462</ele><time>2022-07-14T17:58:32Z</time><extensions><speed>1.277445</speed><course>180.725891</course><hAcc>1.666644</hAcc><vAcc>0.831003</vAcc></extensions></trkpt>
      <trkpt lon="35.003211" lat="31.899037"><ele>212.212524</ele><time>2022-07-14T17:58:33Z</time><extensions><speed>1.312258</speed><course>180.550873</course><hAcc>1.674294</hAcc><vAcc>0.830987</vAcc></extensions></trkpt>
      <trkpt lon="35.003211" lat="31.899024"><ele>212.245865</ele><time>2022-07-14T17:58:34Z</time><extensions><speed>1.407005</speed><course>180.058609</course><hAcc>1.680343</hAcc><vAcc>0.830958</vAcc></extensions></trkpt>
      <trkpt lon="35.003211" lat="31.899012"><ele>212.292099</ele><time>2022-07-14T17:58:35Z</time><extensions><speed>1.423940</speed><course>177.320129</course><hAcc>1.682334</hAcc><vAcc>0.830923</vAcc></extensions></trkpt>
      <trkpt lon="35.003212" lat="31.898999"><ele>212.338287</ele><time>2022-07-14T17:58:36Z</time><extensions><speed>1.415245</speed><course>175.461060</course><hAcc>1.683553</hAcc><vAcc>0.830868</vAcc></extensions></trkpt>
      <trkpt lon="35.003213" lat="31.898986"><ele>212.370865</ele><time>2022-07-14T17:58:37Z</time><extensions><speed>1.455545</speed><course>176.975525</course><hAcc>1.685548</hAcc><vAcc>0.830883</vAcc></extensions></trkpt>
      <trkpt lon="35.003214" lat="31.898973"><ele>212.389740</ele><time>2022-07-14T17:58:38Z</time><extensions><speed>1.441013</speed><course>178.584778</course><hAcc>1.678548</hAcc><vAcc>0.830865</vAcc></extensions></trkpt>
      <trkpt lon="35.003214" lat="31.898960"><ele>212.419739</ele><time>2022-07-14T17:58:39Z</time><extensions><speed>1.415388</speed><course>180.813248</course><hAcc>1.675542</hAcc><vAcc>0.830871</vAcc></extensions></trkpt>
      <trkpt lon="35.003214" lat="31.898947"><ele>212.454742</ele><time>2022-07-14T17:58:40Z</time><extensions><speed>1.380579</speed><course>182.169037</course><hAcc>1.670365</hAcc><vAcc>0.830862</vAcc></extensions></trkpt>
      <trkpt lon="35.003213" lat="31.898935"><ele>212.507355</ele><time>2022-07-14T17:58:41Z</time><extensions><speed>1.371112</speed><course>183.704056</course><hAcc>1.662442</hAcc><vAcc>0.830841</vAcc></extensions></trkpt>
      <trkpt lon="35.003212" lat="31.898922"><ele>212.567795</ele><time>2022-07-14T17:58:42Z</time><extensions><speed>1.412380</speed><course>184.597076</course><hAcc>1.640482</hAcc><vAcc>0.830813</vAcc></extensions></trkpt>
      <trkpt lon="35.003211" lat="31.898909"><ele>212.620438</ele><time>2022-07-14T17:58:43Z</time><extensions><speed>1.437347</speed><course>185.233856</course><hAcc>1.621792</hAcc><vAcc>0.830800</vAcc></extensions></trkpt>
      <trkpt lon="35.003209" lat="31.898896"><ele>212.683640</ele><time>2022-07-14T17:58:44Z</time><extensions><speed>1.392791</speed><course>184.657928</course><hAcc>1.619079</hAcc><vAcc>0.830771</vAcc></extensions></trkpt>
      <trkpt lon="35.003208" lat="31.898884"><ele>212.737900</ele><time>2022-07-14T17:58:45Z</time><extensions><speed>1.340915</speed><course>182.956314</course><hAcc>1.620131</hAcc><vAcc>0.830724</vAcc></extensions></trkpt>
      <trkpt lon="35.003208" lat="31.898872"><ele>212.787964</ele><time>2022-07-14T17:58:46Z</time><extensions><speed>1.442726</speed><course>180.798981</course><hAcc>1.599389</hAcc><vAcc>0.830622</vAcc></extensions></trkpt>
      <trkpt lon="35.003208" lat="31.898859"><ele>212.845764</ele><time>2022-07-14T17:58:47Z</time><extensions><speed>1.414358</speed><course>180.308319</course><hAcc>1.587129</hAcc><vAcc>0.830587</vAcc></extensions></trkpt>
      <trkpt lon="35.003208" lat="31.898846"><ele>212.896317</ele><time>2022-07-14T17:58:48Z</time><extensions><speed>1.410686</speed><course>179.984238</course><hAcc>1.574012</hAcc><vAcc>0.830547</vAcc></extensions></trkpt>
      <trkpt lon="35.003208" lat="31.898834"><ele>212.947189</ele><time>2022-07-14T17:58:49Z</time><extensions><speed>1.194496</speed><course>181.523651</course><hAcc>1.600962</hAcc><vAcc>0.830461</vAcc></extensions></trkpt>
      <trkpt lon="35.003207" lat="31.898823"><ele>212.996674</ele><time>2022-07-14T17:58:50Z</time><extensions><speed>1.372555</speed><course>181.968231</course><hAcc>1.576461</hAcc><vAcc>0.830334</vAcc></extensions></trkpt>
      <trkpt lon="35.003207" lat="31.898810"><ele>213.047256</ele><time>2022-07-14T17:58:51Z</time><extensions><speed>1.463035</speed><course>182.255875</course><hAcc>1.569811</hAcc><vAcc>0.830205</vAcc></extensions></trkpt>
      <trkpt lon="35.003206" lat="31.898797"><ele>213.099976</ele><time>2022-07-14T17:58:52Z</time><extensions><speed>1.426702</speed><course>182.681549</course><hAcc>1.598332</hAcc><vAcc>0.830076</vAcc></extensions></trkpt>
      <trkpt lon="35.003205" lat="31.898785"><ele>213.138596</ele><time>2022-07-14T17:58:53Z</time><extensions><speed>1.158491</speed><course>184.901169</course><hAcc>1.640655</hAcc><vAcc>0.829968</vAcc></extensions></trkpt>
      <trkpt lon="35.003204" lat="31.898774"><ele>213.185181</ele><time>2022-07-14T17:58:54Z</time><extensions><speed>1.256673</speed><course>186.759674</course><hAcc>1.622451</hAcc><vAcc>0.829874</vAcc></extensions></trkpt>
      <trkpt lon="35.003202" lat="31.898763"><ele>213.234085</ele><time>2022-07-14T17:58:55Z</time><extensions><speed>1.293607</speed><course>189.044571</course><hAcc>1.622512</hAcc><vAcc>0.829745</vAcc></extensions></trkpt>
      <trkpt lon="35.003200" lat="31.898752"><ele>213.290070</ele><time>2022-07-14T17:58:56Z</time><extensions><speed>1.265826</speed><course>190.653976</course><hAcc>1.633676</hAcc><vAcc>0.829566</vAcc></extensions></trkpt>
      <trkpt lon="35.003197" lat="31.898740"><ele>213.335388</ele><time>2022-07-14T17:58:57Z</time><extensions><speed>1.226454</speed><course>191.658600</course><hAcc>1.652959</hAcc><vAcc>0.829408</vAcc></extensions></trkpt>
      <trkpt lon="35.003195" lat="31.898730"><ele>213.381393</ele><time>2022-07-14T17:58:58Z</time><extensions><speed>1.199558</speed><course>192.325989</course><hAcc>1.664588</hAcc><vAcc>0.829279</vAcc></extensions></trkpt>
      <trkpt lon="35.003192" lat="31.898719"><ele>213.411819</ele><time>2022-07-14T17:58:59Z</time><extensions><speed>1.188531</speed><course>193.690414</course><hAcc>1.664751</hAcc><vAcc>0.829161</vAcc></extensions></trkpt>
      <trkpt lon="35.003189" lat="31.898709"><ele>213.437500</ele><time>2022-07-14T17:59:00Z</time><extensions><speed>1.230535</speed><course>195.116150</course><hAcc>1.657551</hAcc><vAcc>0.829031</vAcc></extensions></trkpt>
      <trkpt lon="35.003185" lat="31.898698"><ele>213.454514</ele><time>2022-07-14T17:59:01Z</time><extensions><speed>1.283286</speed><course>196.642532</course><hAcc>1.648824</hAcc><vAcc>0.828893</vAcc></extensions></trkpt>
      <trkpt lon="35.003181" lat="31.898687"><ele>213.473114</ele><time>2022-07-14T17:59:02Z</time><extensions><speed>1.271854</speed><course>199.360153</course><hAcc>1.648534</hAcc><vAcc>0.828811</vAcc></extensions></trkpt>
      <trkpt lon="35.003177" lat="31.898676"><ele>213.484879</ele><time>2022-07-14T17:59:03Z</time><extensions><speed>1.250835</speed><course>199.058578</course><hAcc>1.663573</hAcc><vAcc>0.828705</vAcc></extensions></trkpt>
      <trkpt lon="35.003174" lat="31.898666"><ele>213.497299</ele><time>2022-07-14T17:59:04Z</time><extensions><speed>1.211337</speed><course>193.452621</course><hAcc>1.675273</hAcc><vAcc>0.828661</vAcc></extensions></trkpt>
      <trkpt lon="35.003172" lat="31.898655"><ele>213.530060</ele><time>2022-07-14T17:59:05Z</time><extensions><speed>1.231951</speed><course>180.813934</course><hAcc>1.641379</hAcc><vAcc>0.828648</vAcc></extensions></trkpt>
      <trkpt lon="35.003174" lat="31.898644"><ele>213.549957</ele><time>2022-07-14T17:59:06Z</time><extensions><speed>1.250739</speed><course>164.949921</course><hAcc>1.627034</hAcc><vAcc>0.828683</vAcc></extensions></trkpt>
      <trkpt lon="35.003180" lat="31.898633"><ele>213.563599</ele><time>2022-07-14T17:59:07Z</time><extensions><speed>1.311711</speed><course>145.296143</course><hAcc>1.628540</hAcc><vAcc>0.828764</vAcc></extensions></trkpt>
      <trkpt lon="35.003190" lat="31.898624"><ele>213.588348</ele><time>2022-07-14T17:59:08Z</time><extensions><speed>1.439621</speed><course>128.966446</course><hAcc>1.627212</hAcc><vAcc>0.828883</vAcc></extensions></trkpt>
      <trkpt lon="35.003203" lat="31.898617"><ele>213.611420</ele><time>2022-07-14T17:59:09Z</time><extensions><speed>1.539013</speed><course>119.083611</course><hAcc>1.609968</hAcc><vAcc>0.829055</vAcc></extensions></trkpt>
      <trkpt lon="35.003217" lat="31.898611"><ele>213.624115</ele><time>2022-07-14T17:59:10Z</time><extensions><speed>1.536664</speed><course>114.360641</course><hAcc>1.593367</hAcc><vAcc>0.829265</vAcc></extensions></trkpt>
      <trkpt lon="35.003232" lat="31.898605"><ele>213.636520</ele><time>2022-07-14T17:59:11Z</time><extensions><speed>1.410774</speed><course>113.085396</course><hAcc>1.612170</hAcc><vAcc>0.829513</vAcc></extensions></trkpt>
      <trkpt lon="35.003244" lat="31.898601"><ele>213.650238</ele><time>2022-07-14T17:59:12Z</time><extensions><speed>1.070873</speed><course>112.803398</course><hAcc>1.658827</hAcc><vAcc>0.829755</vAcc></extensions></trkpt>
      <trkpt lon="35.003255" lat="31.898597"><ele>213.663239</ele><time>2022-07-14T17:59:13Z</time><extensions><speed>1.213446</speed><course>107.065971</course><hAcc>1.596941</hAcc><vAcc>0.829967</vAcc></extensions></trkpt>
      <trkpt lon="35.003268" lat="31.898594"><ele>213.665863</ele><time>2022-07-14T17:59:14Z</time><extensions><speed>1.269718</speed><course>106.054344</course><hAcc>1.572397</hAcc><vAcc>0.830126</vAcc></extensions></trkpt>
      <trkpt lon="35.003281" lat="31.898591"><ele>213.659592</ele><time>2022-07-14T17:59:15Z</time><extensions><speed>1.307391</speed><course>107.804382</course><hAcc>1.582571</hAcc><vAcc>0.830226</vAcc></extensions></trkpt>
      <trkpt lon="35.003294" lat="31.898587"><ele>213.657822</ele><time>2022-07-14T17:59:16Z</time><extensions><speed>1.368411</speed><course>109.501389</course><hAcc>1.595790</hAcc><vAcc>0.830236</vAcc></extensions></trkpt>
      <trkpt lon="35.003308" lat="31.898582"><ele>213.656570</ele><time>2022-07-14T17:59:17Z</time><extensions><speed>1.418535</speed><course>112.050919</course><hAcc>1.597459</hAcc><vAcc>0.830194</vAcc></extensions></trkpt>
      <trkpt lon="35.003322" lat="31.898577"><ele>213.660477</ele><time>2022-07-14T17:59:18Z</time><extensions><speed>1.477888</speed><course>114.895363</course><hAcc>1.574876</hAcc><vAcc>0.830150</vAcc></extensions></trkpt>
      <trkpt lon="35.003336" lat="31.898571"><ele>213.668442</ele><time>2022-07-14T17:59:19Z</time><extensions><speed>1.517064</speed><course>117.148331</course><hAcc>1.583270</hAcc><vAcc>0.830094</vAcc></extensions></trkpt>
      <trkpt lon="35.003350" lat="31.898565"><ele>213.670486</ele><time>2022-07-14T17:59:20Z</time><extensions><speed>1.480176</speed><course>117.794189</course><hAcc>1.602866</hAcc><vAcc>0.829998</vAcc></extensions></trkpt>
      <trkpt lon="35.003362" lat="31.898559"><ele>213.673630</ele><time>2022-07-14T17:59:21Z</time><extensions><speed>1.130672</speed><course>119.257629</course><hAcc>1.624026</hAcc><vAcc>0.829958</vAcc></extensions></trkpt>
      <trkpt lon="35.003373" lat="31.898554"><ele>213.675171</ele><time>2022-07-14T17:59:22Z</time><extensions><speed>1.275544</speed><course>121.706856</course><hAcc>1.580751</hAcc><vAcc>0.829903</vAcc></extensions></trkpt>
      <trkpt lon="35.003385" lat="31.898547"><ele>213.684189</ele><time>2022-07-14T17:59:23Z</time><extensions><speed>1.311326</speed><course>127.269920</course><hAcc>1.576604</hAcc><vAcc>0.829899</vAcc></extensions></trkpt>
      <trkpt lon="35.003395" lat="31.898540"><ele>213.701538</ele><time>2022-07-14T17:59:24Z</time><extensions><speed>1.279722</speed><course>131.333771</course><hAcc>1.604389</hAcc><vAcc>0.829915</vAcc></extensions></trkpt>
      <trkpt lon="35.003406" lat="31.898532"><ele>213.725098</ele><time>2022-07-14T17:59:25Z</time><extensions><speed>1.314594</speed><course>131.097580</course><hAcc>1.625446</hAcc><vAcc>0.829960</vAcc></extensions></trkpt>
      <trkpt lon="35.003416" lat="31.898524"><ele>213.742798</ele><time>2022-07-14T17:59:26Z</time><extensions><speed>1.386707</speed><course>130.831070</course><hAcc>1.630006</hAcc><vAcc>0.830099</vAcc></extensions></trkpt>
      <trkpt lon="35.003428" lat="31.898515"><ele>213.754318</ele><time>2022-07-14T17:59:27Z</time><extensions><speed>1.455863</speed><course>132.362991</course><hAcc>1.629976</hAcc><vAcc>0.830278</vAcc></extensions></trkpt>
      <trkpt lon="35.003439" lat="31.898506"><ele>213.752838</ele><time>2022-07-14T17:59:28Z</time><extensions><speed>1.405009</speed><course>134.824554</course><hAcc>1.645062</hAcc><vAcc>0.830519</vAcc></extensions></trkpt>
      <trkpt lon="35.003449" lat="31.898497"><ele>213.748764</ele><time>2022-07-14T17:59:29Z</time><extensions><speed>1.510652</speed><course>135.990982</course><hAcc>1.641774</hAcc><vAcc>0.830812</vAcc></extensions></trkpt>
      <trkpt lon="35.003461" lat="31.898487"><ele>213.747665</ele><time>2022-07-14T17:59:30Z</time><extensions><speed>1.510747</speed><course>135.962540</course><hAcc>1.622029</hAcc><vAcc>0.831135</vAcc></extensions></trkpt>
      <trkpt lon="35.003471" lat="31.898478"><ele>213.735168</ele><time>2022-07-14T17:59:31Z</time><extensions><speed>1.438626</speed><course>137.224762</course><hAcc>1.618347</hAcc><vAcc>0.831436</vAcc></extensions></trkpt>
      <trkpt lon="35.003482" lat="31.898468"><ele>213.719772</ele><time>2022-07-14T17:59:32Z</time><extensions><speed>1.472765</speed><course>139.045776</course><hAcc>1.615259</hAcc><vAcc>0.831745</vAcc></extensions></trkpt>
      <trkpt lon="35.003491" lat="31.898458"><ele>213.702789</ele><time>2022-07-14T17:59:33Z</time><extensions><speed>1.272485</speed><course>140.503540</course><hAcc>1.623890</hAcc><vAcc>0.832003</vAcc></extensions></trkpt>
      <trkpt lon="35.003500" lat="31.898449"><ele>213.692032</ele><time>2022-07-14T17:59:34Z</time><extensions><speed>1.392834</speed><course>141.498901</course><hAcc>1.592198</hAcc><vAcc>0.832174</vAcc></extensions></trkpt>
      <trkpt lon="35.003509" lat="31.898439"><ele>213.670456</ele><time>2022-07-14T17:59:35Z</time><extensions><speed>1.422863</speed><course>142.712860</course><hAcc>1.576627</hAcc><vAcc>0.832320</vAcc></extensions></trkpt>
      <trkpt lon="35.003517" lat="31.898429"><ele>213.660156</ele><time>2022-07-14T17:59:36Z</time><extensions><speed>1.201029</speed><course>141.959412</course><hAcc>1.588521</hAcc><vAcc>0.832417</vAcc></extensions></trkpt>
      <trkpt lon="35.003525" lat="31.898421"><ele>213.650253</ele><time>2022-07-14T17:59:37Z</time><extensions><speed>1.201677</speed><course>141.329742</course><hAcc>1.574169</hAcc><vAcc>0.832454</vAcc></extensions></trkpt>
      <trkpt lon="35.003533" lat="31.898413"><ele>213.643219</ele><time>2022-07-14T17:59:38Z</time><extensions><speed>1.111004</speed><course>140.909088</course><hAcc>1.602674</hAcc><vAcc>0.832455</vAcc></extensions></trkpt>
      <trkpt lon="35.003540" lat="31.898404"><ele>213.643021</ele><time>2022-07-14T17:59:39Z</time><extensions><speed>1.192281</speed><course>144.694290</course><hAcc>1.576832</hAcc><vAcc>0.832407</vAcc></extensions></trkpt>
      <trkpt lon="35.003548" lat="31.898395"><ele>213.657791</ele><time>2022-07-14T17:59:40Z</time><extensions><speed>1.345964</speed><course>147.309937</course><hAcc>1.555418</hAcc><vAcc>0.832323</vAcc></extensions></trkpt>
      <trkpt lon="35.003555" lat="31.898384"><ele>213.673965</ele><time>2022-07-14T17:59:41Z</time><extensions><speed>1.404701</speed><course>149.174347</course><hAcc>1.562722</hAcc><vAcc>0.832181</vAcc></extensions></trkpt>
      <trkpt lon="35.003563" lat="31.898373"><ele>213.687958</ele><time>2022-07-14T17:59:42Z</time><extensions><speed>1.327214</speed><course>151.979156</course><hAcc>1.598473</hAcc><vAcc>0.832017</vAcc></extensions></trkpt>
      <trkpt lon="35.003569" lat="31.898362"><ele>213.697037</ele><time>2022-07-14T17:59:43Z</time><extensions><speed>1.458750</speed><course>153.106827</course><hAcc>1.596100</hAcc><vAcc>0.831802</vAcc></extensions></trkpt>
      <trkpt lon="35.003576" lat="31.898350"><ele>213.698318</ele><time>2022-07-14T17:59:44Z</time><extensions><speed>1.433864</speed><course>155.539703</course><hAcc>1.595194</hAcc><vAcc>0.831553</vAcc></extensions></trkpt>
      <trkpt lon="35.003582" lat="31.898339"><ele>213.700302</ele><time>2022-07-14T17:59:45Z</time><extensions><speed>1.228052</speed><course>156.936676</course><hAcc>1.632592</hAcc><vAcc>0.831333</vAcc></extensions></trkpt>
      <trkpt lon="35.003587" lat="31.898329"><ele>213.701553</ele><time>2022-07-14T17:59:46Z</time><extensions><speed>1.326907</speed><course>158.151337</course><hAcc>1.619719</hAcc><vAcc>0.831094</vAcc></extensions></trkpt>
      <trkpt lon="35.003592" lat="31.898317"><ele>213.696106</ele><time>2022-07-14T17:59:47Z</time><extensions><speed>1.407299</speed><course>158.867462</course><hAcc>1.622559</hAcc><vAcc>0.830864</vAcc></extensions></trkpt>
      <trkpt lon="35.003597" lat="31.898305"><ele>213.695175</ele><time>2022-07-14T17:59:48Z</time><extensions><speed>1.369663</speed><course>161.883286</course><hAcc>1.638798</hAcc><vAcc>0.830608</vAcc></extensions></trkpt>
      <trkpt lon="35.003601" lat="31.898293"><ele>213.672104</ele><time>2022-07-14T17:59:49Z</time><extensions><speed>1.412440</speed><course>163.634735</course><hAcc>1.648707</hAcc><vAcc>0.830326</vAcc></extensions></trkpt>
      <trkpt lon="35.003605" lat="31.898281"><ele>213.654709</ele><time>2022-07-14T17:59:50Z</time><extensions><speed>1.406692</speed><course>165.621048</course><hAcc>1.660262</hAcc><vAcc>0.830038</vAcc></extensions></trkpt>
      <trkpt lon="35.003609" lat="31.898269"><ele>213.630173</ele><time>2022-07-14T17:59:51Z</time><extensions><speed>1.418906</speed><course>167.169434</course><hAcc>1.667798</hAcc><vAcc>0.829727</vAcc></extensions></trkpt>
      <trkpt lon="35.003612" lat="31.898256"><ele>213.596252</ele><time>2022-07-14T17:59:52Z</time><extensions><speed>1.415856</speed><course>167.550507</course><hAcc>1.655159</hAcc><vAcc>0.829454</vAcc></extensions></trkpt>
      <trkpt lon="35.003615" lat="31.898244"><ele>213.569763</ele><time>2022-07-14T17:59:53Z</time><extensions><speed>1.448544</speed><course>166.719467</course><hAcc>1.639425</hAcc><vAcc>0.829222</vAcc></extensions></trkpt>
      <trkpt lon="35.003619" lat="31.898231"><ele>213.555283</ele><time>2022-07-14T17:59:54Z</time><extensions><speed>1.395497</speed><course>167.711060</course><hAcc>1.638857</hAcc><vAcc>0.829000</vAcc></extensions></trkpt>
      <trkpt lon="35.003622" lat="31.898219"><ele>213.534729</ele><time>2022-07-14T17:59:55Z</time><extensions><speed>1.211401</speed><course>169.091721</course><hAcc>1.660081</hAcc><vAcc>0.828765</vAcc></extensions></trkpt>
      <trkpt lon="35.003624" lat="31.898208"><ele>213.514099</ele><time>2022-07-14T17:59:56Z</time><extensions><speed>1.266209</speed><course>169.546463</course><hAcc>1.649070</hAcc><vAcc>0.828640</vAcc></extensions></trkpt>
      <trkpt lon="35.003626" lat="31.898198"><ele>213.490585</ele><time>2022-07-14T17:59:57Z</time><extensions><speed>1.159870</speed><course>170.394699</course><hAcc>1.667486</hAcc><vAcc>0.828511</vAcc></extensions></trkpt>
      <trkpt lon="35.003628" lat="31.898187"><ele>213.470886</ele><time>2022-07-14T17:59:58Z</time><extensions><speed>1.292469</speed><course>172.689224</course><hAcc>1.652639</hAcc><vAcc>0.828421</vAcc></extensions></trkpt>
      <trkpt lon="35.003629" lat="31.898175"><ele>213.435730</ele><time>2022-07-14T17:59:59Z</time><extensions><speed>1.381510</speed><course>176.581284</course><hAcc>1.655631</hAcc><vAcc>0.828337</vAcc></extensions></trkpt>
      <trkpt lon="35.003630" lat="31.898162"><ele>213.406937</ele><time>2022-07-14T18:00:00Z</time><extensions><speed>1.416139</speed><course>178.519485</course><hAcc>1.667591</hAcc><vAcc>0.828242</vAcc></extensions></trkpt>
      <trkpt lon="35.003630" lat="31.898149"><ele>213.396439</ele><time>2022-07-14T18:00:01Z</time><extensions><speed>1.423202</speed><course>180.763962</course><hAcc>1.672671</hAcc><vAcc>0.828099</vAcc></extensions></trkpt>
      <trkpt lon="35.003630" lat="31.898136"><ele>213.386520</ele><time>2022-07-14T18:00:02Z</time><extensions><speed>1.423530</speed><course>181.347824</course><hAcc>1.669126</hAcc><vAcc>0.827935</vAcc></extensions></trkpt>
      <trkpt lon="35.003629" lat="31.898124"><ele>213.392288</ele><time>2022-07-14T18:00:03Z</time><extensions><speed>1.427368</speed><course>181.863586</course><hAcc>1.662602</hAcc><vAcc>0.827793</vAcc></extensions></trkpt>
      <trkpt lon="35.003629" lat="31.898111"><ele>213.403107</ele><time>2022-07-14T18:00:04Z</time><extensions><speed>1.436697</speed><course>183.392853</course><hAcc>1.649043</hAcc><vAcc>0.827643</vAcc></extensions></trkpt>
      <trkpt lon="35.003628" lat="31.898098"><ele>213.413910</ele><time>2022-07-14T18:00:05Z</time><extensions><speed>1.391929</speed><course>185.056396</course><hAcc>1.649446</hAcc><vAcc>0.827480</vAcc></extensions></trkpt>
      <trkpt lon="35.003626" lat="31.898087"><ele>213.439209</ele><time>2022-07-14T18:00:06Z</time><extensions><speed>1.159087</speed><course>186.548355</course><hAcc>1.678133</hAcc><vAcc>0.827280</vAcc></extensions></trkpt>
      <trkpt lon="35.003625" lat="31.898076"><ele>213.475677</ele><time>2022-07-14T18:00:07Z</time><extensions><speed>1.232506</speed><course>186.122787</course><hAcc>1.651526</hAcc><vAcc>0.827052</vAcc></extensions></trkpt>
      <trkpt lon="35.003624" lat="31.898065"><ele>213.516022</ele><time>2022-07-14T18:00:08Z</time><extensions><speed>1.148017</speed><course>185.531158</course><hAcc>1.653067</hAcc><vAcc>0.826793</vAcc></extensions></trkpt>
      <trkpt lon="35.003622" lat="31.898055"><ele>213.550201</ele><time>2022-07-14T18:00:09Z</time><extensions><speed>1.187783</speed><course>186.055939</course><hAcc>1.638311</hAcc><vAcc>0.826486</vAcc></extensions></trkpt>
      <trkpt lon="35.003621" lat="31.898044"><ele>213.591995</ele><time>2022-07-14T18:00:10Z</time><extensions><speed>1.272298</speed><course>187.325195</course><hAcc>1.639817</hAcc><vAcc>0.826148</vAcc></extensions></trkpt>
      <trkpt lon="35.003619" lat="31.898032"><ele>213.633453</ele><time>2022-07-14T18:00:11Z</time><extensions><speed>1.309869</speed><course>188.081177</course><hAcc>1.645168</hAcc><vAcc>0.825841</vAcc></extensions></trkpt>
      <trkpt lon="35.003617" lat="31.898021"><ele>213.680664</ele><time>2022-07-14T18:00:12Z</time><extensions><speed>1.251823</speed><course>189.175201</course><hAcc>1.650719</hAcc><vAcc>0.825625</vAcc></extensions></trkpt>
      <trkpt lon="35.003615" lat="31.898010"><ele>213.734695</ele><time>2022-07-14T18:00:13Z</time><extensions><speed>1.187975</speed><course>190.656189</course><hAcc>1.671993</hAcc><vAcc>0.825466</vAcc></extensions></trkpt>
      <trkpt lon="35.003612" lat="31.897999"><ele>213.796494</ele><time>2022-07-14T18:00:14Z</time><extensions><speed>1.236331</speed><course>192.201050</course><hAcc>1.683269</hAcc><vAcc>0.825408</vAcc></extensions></trkpt>
      <trkpt lon="35.003609" lat="31.897988"><ele>213.861298</ele><time>2022-07-14T18:00:15Z</time><extensions><speed>1.211933</speed><course>193.221268</course><hAcc>1.662487</hAcc><vAcc>0.825471</vAcc></extensions></trkpt>
      <trkpt lon="35.003606" lat="31.897978"><ele>213.916397</ele><time>2022-07-14T18:00:16Z</time><extensions><speed>1.202188</speed><course>193.244385</course><hAcc>1.662229</hAcc><vAcc>0.825583</vAcc></extensions></trkpt>
      <trkpt lon="35.003604" lat="31.897967"><ele>213.985687</ele><time>2022-07-14T18:00:17Z</time><extensions><speed>1.196668</speed><course>192.481522</course><hAcc>1.673237</hAcc><vAcc>0.825761</vAcc></extensions></trkpt>
      <trkpt lon="35.003601" lat="31.897957"><ele>214.089859</ele><time>2022-07-14T18:00:18Z</time><extensions><speed>1.184120</speed><course>192.367065</course><hAcc>1.678942</hAcc><vAcc>0.825953</vAcc></extensions></trkpt>
      <trkpt lon="35.003598" lat="31.897946"><ele>214.195389</ele><time>2022-07-14T18:00:19Z</time><extensions><speed>1.197424</speed><course>193.620224</course><hAcc>1.677773</hAcc><vAcc>0.826236</vAcc></extensions></trkpt>
      <trkpt lon="35.003595" lat="31.897936"><ele>214.301437</ele><time>2022-07-14T18:00:20Z</time><extensions><speed>1.208513</speed><course>195.094635</course><hAcc>1.676442</hAcc><vAcc>0.826527</vAcc></extensions></trkpt>
      <trkpt lon="35.003591" lat="31.897925"><ele>214.381760</ele><time>2022-07-14T18:00:21Z</time><extensions><speed>1.241949</speed><course>198.668671</course><hAcc>1.676308</hAcc><vAcc>0.826811</vAcc></extensions></trkpt>
      <trkpt lon="35.003586" lat="31.897914"><ele>214.463730</ele><time>2022-07-14T18:00:22Z</time><extensions><speed>1.309271</speed><course>202.437408</course><hAcc>1.673260</hAcc><vAcc>0.827067</vAcc></extensions></trkpt>
      <trkpt lon="35.003581" lat="31.897903"><ele>214.563232</ele><time>2022-07-14T18:00:23Z</time><extensions><speed>1.365880</speed><course>201.348953</course><hAcc>1.667692</hAcc><vAcc>0.827275</vAcc></extensions></trkpt>
      <trkpt lon="35.003576" lat="31.897891"><ele>214.677887</ele><time>2022-07-14T18:00:24Z</time><extensions><speed>1.365191</speed><course>197.204834</course><hAcc>1.678131</hAcc><vAcc>0.827434</vAcc></extensions></trkpt>
      <trkpt lon="35.003572" lat="31.897880"><ele>214.807800</ele><time>2022-07-14T18:00:25Z</time><extensions><speed>1.340837</speed><course>194.964569</course><hAcc>1.694722</hAcc><vAcc>0.827536</vAcc></extensions></trkpt>
      <trkpt lon="35.003569" lat="31.897867"><ele>214.926361</ele><time>2022-07-14T18:00:26Z</time><extensions><speed>1.469181</speed><course>195.243805</course><hAcc>1.665328</hAcc><vAcc>0.827553</vAcc></extensions></trkpt>
      <trkpt lon="35.003564" lat="31.897854"><ele>215.043442</ele><time>2022-07-14T18:00:27Z</time><extensions><speed>1.507488</speed><course>196.670319</course><hAcc>1.653180</hAcc><vAcc>0.827467</vAcc></extensions></trkpt>
      <trkpt lon="35.003560" lat="31.897842"><ele>215.154236</ele><time>2022-07-14T18:00:28Z</time><extensions><speed>1.449332</speed><course>197.584366</course><hAcc>1.663079</hAcc><vAcc>0.827287</vAcc></extensions></trkpt>
      <trkpt lon="35.003555" lat="31.897830"><ele>215.268112</ele><time>2022-07-14T18:00:29Z</time><extensions><speed>1.317244</speed><course>198.236877</course><hAcc>1.683928</hAcc><vAcc>0.827054</vAcc></extensions></trkpt>
      <trkpt lon="35.003551" lat="31.897819"><ele>215.388702</ele><time>2022-07-14T18:00:30Z</time><extensions><speed>1.307490</speed><course>196.184677</course><hAcc>1.685073</hAcc><vAcc>0.826842</vAcc></extensions></trkpt>
      <trkpt lon="35.003548" lat="31.897807"><ele>215.521164</ele><time>2022-07-14T18:00:31Z</time><extensions><speed>1.280275</speed><course>193.339447</course><hAcc>1.680369</hAcc><vAcc>0.826621</vAcc></extensions></trkpt>
      <trkpt lon="35.003545" lat="31.897796"><ele>215.646576</ele><time>2022-07-14T18:00:32Z</time><extensions><speed>1.282463</speed><course>192.565903</course><hAcc>1.675081</hAcc><vAcc>0.826427</vAcc></extensions></trkpt>
      <trkpt lon="35.003542" lat="31.897785"><ele>215.755798</ele><time>2022-07-14T18:00:33Z</time><extensions><speed>1.255040</speed><course>192.850204</course><hAcc>1.678323</hAcc><vAcc>0.826259</vAcc></extensions></trkpt>
      <trkpt lon="35.003539" lat="31.897774"><ele>215.865173</ele><time>2022-07-14T18:00:34Z</time><extensions><speed>1.284072</speed><course>193.014679</course><hAcc>1.686558</hAcc><vAcc>0.826214</vAcc></extensions></trkpt>
      <trkpt lon="35.003536" lat="31.897762"><ele>215.967178</ele><time>2022-07-14T18:00:35Z</time><extensions><speed>1.275439</speed><course>193.653992</course><hAcc>1.691250</hAcc><vAcc>0.826219</vAcc></extensions></trkpt>
      <trkpt lon="35.003533" lat="31.897751"><ele>216.059601</ele><time>2022-07-14T18:00:36Z</time><extensions><speed>1.284912</speed><course>193.943130</course><hAcc>1.682807</hAcc><vAcc>0.826290</vAcc></extensions></trkpt>
      <trkpt lon="35.003529" lat="31.897740"><ele>216.147156</ele><time>2022-07-14T18:00:37Z</time><extensions><speed>1.251316</speed><course>194.102097</course><hAcc>1.671155</hAcc><vAcc>0.826444</vAcc></extensions></trkpt>
      <trkpt lon="35.003527" lat="31.897729"><ele>216.231232</ele><time>2022-07-14T18:00:38Z</time><extensions><speed>1.187277</speed><course>192.010483</course><hAcc>1.659790</hAcc><vAcc>0.826698</vAcc></extensions></trkpt>
      <trkpt lon="35.003524" lat="31.897719"><ele>216.306717</ele><time>2022-07-14T18:00:39Z</time><extensions><speed>1.157749</speed><course>190.221985</course><hAcc>1.651297</hAcc><vAcc>0.827138</vAcc></extensions></trkpt>
      <trkpt lon="35.003522" lat="31.897709"><ele>216.370834</ele><time>2022-07-14T18:00:40Z</time><extensions><speed>1.179115</speed><course>186.569717</course><hAcc>1.665391</hAcc><vAcc>0.827645</vAcc></extensions></trkpt>
      <trkpt lon="35.003521" lat="31.897699"><ele>216.435822</ele><time>2022-07-14T18:00:41Z</time><extensions><speed>1.033338</speed><course>181.855072</course><hAcc>1.695168</hAcc><vAcc>0.828210</vAcc></extensions></trkpt>
      <trkpt lon="35.003522" lat="31.897690"><ele>216.489182</ele><time>2022-07-14T18:00:42Z</time><extensions><speed>1.029236</speed><course>175.959900</course><hAcc>1.661336</hAcc><vAcc>0.828861</vAcc></extensions></trkpt>
      <trkpt lon="35.003523" lat="31.897681"><ele>216.545975</ele><time>2022-07-14T18:00:43Z</time><extensions><speed>0.890755</speed><course>173.387024</course><hAcc>1.648357</hAcc><vAcc>0.829502</vAcc></extensions></trkpt>
      <trkpt lon="35.003523" lat="31.897673"><ele>216.603729</ele><time>2022-07-14T18:00:44Z</time><extensions><speed>0.761234</speed><course>176.255814</course><hAcc>1.660286</hAcc><vAcc>0.830116</vAcc></extensions></trkpt>
      <trkpt lon="35.003524" lat="31.897667"><ele>216.656219</ele><time>2022-07-14T18:00:45Z</time><extensions><speed>0.646157</speed><course>178.767685</course><hAcc>1.671601</hAcc><vAcc>0.830685</vAcc></extensions></trkpt>
      <trkpt lon="35.003524" lat="31.897661"><ele>216.705383</ele><time>2022-07-14T18:00:46Z</time><extensions><speed>0.599987</speed><course>183.273788</course><hAcc>1.679390</hAcc><vAcc>0.831198</vAcc></extensions></trkpt>
      <trkpt lon="35.003523" lat="31.897656"><ele>216.752014</ele><time>2022-07-14T18:00:47Z</time><extensions><speed>0.565658</speed><course>187.902237</course><hAcc>1.685064</hAcc><vAcc>0.831641</vAcc></extensions></trkpt>
      <trkpt lon="35.003522" lat="31.897651"><ele>216.795517</ele><time>2022-07-14T18:00:48Z</time><extensions><speed>0.554132</speed><course>193.995926</course><hAcc>1.684420</hAcc><vAcc>0.832027</vAcc></extensions></trkpt>
      <trkpt lon="35.003520" lat="31.897647"><ele>216.837372</ele><time>2022-07-14T18:00:49Z</time><extensions><speed>0.520250</speed><course>199.018539</course><hAcc>1.679644</hAcc><vAcc>0.832340</vAcc></extensions></trkpt>
      <trkpt lon="35.003519" lat="31.897642"><ele>216.883789</ele><time>2022-07-14T18:00:50Z</time><extensions><speed>0.534999</speed><course>199.128708</course><hAcc>1.683874</hAcc><vAcc>0.832579</vAcc></extensions></trkpt>
      <trkpt lon="35.003517" lat="31.897638"><ele>216.931259</ele><time>2022-07-14T18:00:51Z</time><extensions><speed>0.527349</speed><course>197.003326</course><hAcc>1.686150</hAcc><vAcc>0.832735</vAcc></extensions></trkpt>
      <trkpt lon="35.003515" lat="31.897633"><ele>216.977081</ele><time>2022-07-14T18:00:52Z</time><extensions><speed>0.546431</speed><course>193.961990</course><hAcc>1.684346</hAcc><vAcc>0.832820</vAcc></extensions></trkpt>
      <trkpt lon="35.003514" lat="31.897628"><ele>217.022507</ele><time>2022-07-14T18:00:53Z</time><extensions><speed>0.539928</speed><course>189.379150</course><hAcc>1.684048</hAcc><vAcc>0.832843</vAcc></extensions></trkpt>
      <trkpt lon="35.003513" lat="31.897624"><ele>217.073975</ele><time>2022-07-14T18:00:54Z</time><extensions><speed>0.494409</speed><course>185.241257</course><hAcc>1.682874</hAcc><vAcc>0.832794</vAcc></extensions></trkpt>
      <trkpt lon="35.003513" lat="31.897619"><ele>217.128113</ele><time>2022-07-14T18:00:55Z</time><extensions><speed>0.508256</speed><course>190.133133</course><hAcc>1.687808</hAcc><vAcc>0.832707</vAcc></extensions></trkpt>
      <trkpt lon="35.003512" lat="31.897615"><ele>217.182953</ele><time>2022-07-14T18:00:56Z</time><extensions><speed>0.501629</speed><course>193.106659</course><hAcc>1.682168</hAcc><vAcc>0.832584</vAcc></extensions></trkpt>
      <trkpt lon="35.003510" lat="31.897610"><ele>217.236755</ele><time>2022-07-14T18:00:57Z</time><extensions><speed>0.506334</speed><course>194.108429</course><hAcc>1.687207</hAcc><vAcc>0.832440</vAcc></extensions></trkpt>
      <trkpt lon="35.003509" lat="31.897606"><ele>217.281296</ele><time>2022-07-14T18:00:58Z</time><extensions><speed>0.495527</speed><course>195.064392</course><hAcc>1.687321</hAcc><vAcc>0.832289</vAcc></extensions></trkpt>
      <trkpt lon="35.003508" lat="31.897601"><ele>217.323456</ele><time>2022-07-14T18:00:59Z</time><extensions><speed>0.524678</speed><course>194.781891</course><hAcc>1.693814</hAcc><vAcc>0.832147</vAcc></extensions></trkpt>
      <trkpt lon="35.003506" lat="31.897597"><ele>217.365082</ele><time>2022-07-14T18:01:00Z</time><extensions><speed>0.524295</speed><course>196.045715</course><hAcc>1.694788</hAcc><vAcc>0.832006</vAcc></extensions></trkpt>
      <trkpt lon="35.003505" lat="31.897592"><ele>217.406525</ele><time>2022-07-14T18:01:01Z</time><extensions><speed>0.429207</speed><course>194.940781</course><hAcc>1.696150</hAcc><vAcc>0.831866</vAcc></extensions></trkpt>
      <trkpt lon="35.003504" lat="31.897589"><ele>217.444778</ele><time>2022-07-14T18:01:02Z</time><extensions><speed>0.274936</speed><course>185.483078</course><hAcc>1.714390</hAcc><vAcc>0.831720</vAcc></extensions></trkpt>
      <trkpt lon="35.003504" lat="31.897586"><ele>217.489883</ele><time>2022-07-14T18:01:03Z</time><extensions><speed>0.356727</speed><course>171.965775</course><hAcc>1.705460</hAcc><vAcc>0.831582</vAcc></extensions></trkpt>
      <trkpt lon="35.003505" lat="31.897582"><ele>217.528687</ele><time>2022-07-14T18:01:04Z</time><extensions><speed>0.586840</speed><course>165.301804</course><hAcc>1.689082</hAcc><vAcc>0.831467</vAcc></extensions></trkpt>
      <trkpt lon="35.003507" lat="31.897577"><ele>217.564835</ele><time>2022-07-14T18:01:05Z</time><extensions><speed>0.702951</speed><course>165.123978</course><hAcc>1.693640</hAcc><vAcc>0.831394</vAcc></extensions></trkpt>
      <trkpt lon="35.003509" lat="31.897570"><ele>217.607422</ele><time>2022-07-14T18:01:06Z</time><extensions><speed>0.778756</speed><course>167.109726</course><hAcc>1.704556</hAcc><vAcc>0.831345</vAcc></extensions></trkpt>
      <trkpt lon="35.003510" lat="31.897563"><ele>217.641602</ele><time>2022-07-14T18:01:07Z</time><extensions><speed>0.803827</speed><course>170.702881</course><hAcc>1.703142</hAcc><vAcc>0.831317</vAcc></extensions></trkpt>
      <trkpt lon="35.003511" lat="31.897556"><ele>217.676788</ele><time>2022-07-14T18:01:08Z</time><extensions><speed>0.792745</speed><course>176.395111</course><hAcc>1.699114</hAcc><vAcc>0.831313</vAcc></extensions></trkpt>
      <trkpt lon="35.003512" lat="31.897549"><ele>217.714081</ele><time>2022-07-14T18:01:09Z</time><extensions><speed>0.742520</speed><course>181.611832</course><hAcc>1.697187</hAcc><vAcc>0.831306</vAcc></extensions></trkpt>
      <trkpt lon="35.003511" lat="31.897543"><ele>217.740524</ele><time>2022-07-14T18:01:10Z</time><extensions><speed>0.575890</speed><course>186.077850</course><hAcc>1.705376</hAcc><vAcc>0.831314</vAcc></extensions></trkpt>
      <trkpt lon="35.003510" lat="31.897539"><ele>217.766632</ele><time>2022-07-14T18:01:11Z</time><extensions><speed>0.353302</speed><course>191.909149</course><hAcc>1.710305</hAcc><vAcc>0.831315</vAcc></extensions></trkpt>
      <trkpt lon="35.003509" lat="31.897536"><ele>217.795181</ele><time>2022-07-14T18:01:12Z</time><extensions><speed>0.371644</speed><course>195.335831</course><hAcc>1.697308</hAcc><vAcc>0.831314</vAcc></extensions></trkpt>
      <trkpt lon="35.003508" lat="31.897532"><ele>217.822495</ele><time>2022-07-14T18:01:13Z</time><extensions><speed>0.522633</speed><course>194.942734</course><hAcc>1.685755</hAcc><vAcc>0.831322</vAcc></extensions></trkpt>
      <trkpt lon="35.003507" lat="31.897527"><ele>217.857635</ele><time>2022-07-14T18:01:14Z</time><extensions><speed>0.579549</speed><course>196.445053</course><hAcc>1.696101</hAcc><vAcc>0.831364</vAcc></extensions></trkpt>
      <trkpt lon="35.003505" lat="31.897522"><ele>217.879227</ele><time>2022-07-14T18:01:15Z</time><extensions><speed>0.645407</speed><course>190.813629</course><hAcc>1.700434</hAcc><vAcc>0.831391</vAcc></extensions></trkpt>
      <trkpt lon="35.003504" lat="31.897515"><ele>217.909546</ele><time>2022-07-14T18:01:16Z</time><extensions><speed>0.727228</speed><course>185.929016</course><hAcc>1.701733</hAcc><vAcc>0.831405</vAcc></extensions></trkpt>
      <trkpt lon="35.003504" lat="31.897509"><ele>217.938110</ele><time>2022-07-14T18:01:17Z</time><extensions><speed>0.775811</speed><course>181.989853</course><hAcc>1.692718</hAcc><vAcc>0.831431</vAcc></extensions></trkpt>
      <trkpt lon="35.003503" lat="31.897502"><ele>217.969482</ele><time>2022-07-14T18:01:18Z</time><extensions><speed>0.779490</speed><course>179.481018</course><hAcc>1.686751</hAcc><vAcc>0.831457</vAcc></extensions></trkpt>
      <trkpt lon="35.003504" lat="31.897495"><ele>218.009644</ele><time>2022-07-14T18:01:19Z</time><extensions><speed>0.768125</speed><course>179.314255</course><hAcc>1.684874</hAcc><vAcc>0.831455</vAcc></extensions></trkpt>
      <trkpt lon="35.003503" lat="31.897488"><ele>218.059250</ele><time>2022-07-14T18:01:20Z</time><extensions><speed>0.749043</speed><course>189.003006</course><hAcc>1.685271</hAcc><vAcc>0.831448</vAcc></extensions></trkpt>
      <trkpt lon="35.003501" lat="31.897481"><ele>218.112793</ele><time>2022-07-14T18:01:21Z</time><extensions><speed>0.762601</speed><course>193.517197</course><hAcc>1.683461</hAcc><vAcc>0.831440</vAcc></extensions></trkpt>
      <trkpt lon="35.003499" lat="31.897475"><ele>218.168686</ele><time>2022-07-14T18:01:22Z</time><extensions><speed>0.712043</speed><course>194.789017</course><hAcc>1.688036</hAcc><vAcc>0.831430</vAcc></extensions></trkpt>
      <trkpt lon="35.003497" lat="31.897469"><ele>218.227646</ele><time>2022-07-14T18:01:23Z</time><extensions><speed>0.631459</speed><course>197.266663</course><hAcc>1.695399</hAcc><vAcc>0.831419</vAcc></extensions></trkpt>
      <trkpt lon="35.003495" lat="31.897464"><ele>218.291138</ele><time>2022-07-14T18:01:24Z</time><extensions><speed>0.569455</speed><course>200.774979</course><hAcc>1.701509</hAcc><vAcc>0.831415</vAcc></extensions></trkpt>
      <trkpt lon="35.003493" lat="31.897459"><ele>218.366058</ele><time>2022-07-14T18:01:25Z</time><extensions><speed>0.515234</speed><course>202.740005</course><hAcc>1.701467</hAcc><vAcc>0.831389</vAcc></extensions></trkpt>
      <trkpt lon="35.003491" lat="31.897455"><ele>218.446793</ele><time>2022-07-14T18:01:26Z</time><extensions><speed>0.493765</speed><course>206.833740</course><hAcc>1.716543</hAcc><vAcc>0.831347</vAcc></extensions></trkpt>
      <trkpt lon="35.003488" lat="31.897452"><ele>218.536194</ele><time>2022-07-14T18:01:27Z</time><extensions><speed>0.418332</speed><course>217.951767</course><hAcc>1.722595</hAcc><vAcc>0.831289</vAcc></extensions></trkpt>
      <trkpt lon="35.003485" lat="31.897449"><ele>218.631226</ele><time>2022-07-14T18:01:28Z</time><extensions><speed>0.342112</speed><course>236.548431</course><hAcc>1.724312</hAcc><vAcc>0.831237</vAcc></extensions></trkpt>
      <trkpt lon="35.003482" lat="31.897448"><ele>218.734680</ele><time>2022-07-14T18:01:29Z</time><extensions><speed>0.413213</speed><course>245.982162</course><hAcc>1.719128</hAcc><vAcc>0.831194</vAcc></extensions></trkpt>
      <trkpt lon="35.003477" lat="31.897446"><ele>218.856171</ele><time>2022-07-14T18:01:30Z</time><extensions><speed>0.593219</speed><course>245.691299</course><hAcc>1.712967</hAcc><vAcc>0.831157</vAcc></extensions></trkpt>
      <trkpt lon="35.003471" lat="31.897444"><ele>218.980179</ele><time>2022-07-14T18:01:31Z</time><extensions><speed>0.683087</speed><course>248.239594</course><hAcc>1.729608</hAcc><vAcc>0.831187</vAcc></extensions></trkpt>
      <trkpt lon="35.003464" lat="31.897442"><ele>219.111908</ele><time>2022-07-14T18:01:32Z</time><extensions><speed>0.658101</speed><course>254.664749</course><hAcc>1.734665</hAcc><vAcc>0.831232</vAcc></extensions></trkpt>
      <trkpt lon="35.003458" lat="31.897440"><ele>219.246597</ele><time>2022-07-14T18:01:33Z</time><extensions><speed>0.524705</speed><course>261.937469</course><hAcc>1.723714</hAcc><vAcc>0.831284</vAcc></extensions></trkpt>
      <trkpt lon="35.003452" lat="31.897440"><ele>219.374832</ele><time>2022-07-14T18:01:34Z</time><extensions><speed>0.604661</speed><course>262.407410</course><hAcc>1.706360</hAcc><vAcc>0.831335</vAcc></extensions></trkpt>
      <trkpt lon="35.003445" lat="31.897439"><ele>219.504654</ele><time>2022-07-14T18:01:35Z</time><extensions><speed>0.816197</speed><course>258.671448</course><hAcc>1.702944</hAcc><vAcc>0.831382</vAcc></extensions></trkpt>
      <trkpt lon="35.003436" lat="31.897437"><ele>219.635941</ele><time>2022-07-14T18:01:36Z</time><extensions><speed>0.864848</speed><course>251.485748</course><hAcc>1.709323</hAcc><vAcc>0.831424</vAcc></extensions></trkpt>
      <trkpt lon="35.003428" lat="31.897434"><ele>219.764664</ele><time>2022-07-14T18:01:37Z</time><extensions><speed>0.799417</speed><course>239.156097</course><hAcc>1.706099</hAcc><vAcc>0.831469</vAcc></extensions></trkpt>
      <trkpt lon="35.003422" lat="31.897429"><ele>219.888550</ele><time>2022-07-14T18:01:38Z</time><extensions><speed>0.726622</speed><course>224.710220</course><hAcc>1.693684</hAcc><vAcc>0.831501</vAcc></extensions></trkpt>
      <trkpt lon="35.003417" lat="31.897424"><ele>220.007156</ele><time>2022-07-14T18:01:39Z</time><extensions><speed>0.704780</speed><course>213.917877</course><hAcc>1.694283</hAcc><vAcc>0.831535</vAcc></extensions></trkpt>
      <trkpt lon="35.003413" lat="31.897419"><ele>220.123291</ele><time>2022-07-14T18:01:40Z</time><extensions><speed>0.706092</speed><course>205.902786</course><hAcc>1.695515</hAcc><vAcc>0.831555</vAcc></extensions></trkpt>
      <trkpt lon="35.003410" lat="31.897413"><ele>220.231018</ele><time>2022-07-14T18:01:41Z</time><extensions><speed>0.697121</speed><course>202.927139</course><hAcc>1.697210</hAcc><vAcc>0.831554</vAcc></extensions></trkpt>
      <trkpt lon="35.003407" lat="31.897407"><ele>220.333038</ele><time>2022-07-14T18:01:42Z</time><extensions><speed>0.676860</speed><course>203.242416</course><hAcc>1.699645</hAcc><vAcc>0.831512</vAcc></extensions></trkpt>
      <trkpt lon="35.003405" lat="31.897402"><ele>220.426773</ele><time>2022-07-14T18:01:43Z</time><extensions><speed>0.543580</speed><course>205.170120</course><hAcc>1.700370</hAcc><vAcc>0.831439</vAcc></extensions></trkpt>
      <trkpt lon="35.003403" lat="31.897398"><ele>220.512650</ele><time>2022-07-14T18:01:44Z</time><extensions><speed>0.386256</speed><course>202.653275</course><hAcc>1.697261</hAcc><vAcc>0.831344</vAcc></extensions></trkpt>
      <trkpt lon="35.003402" lat="31.897396"><ele>220.584656</ele><time>2022-07-14T18:01:45Z</time><extensions><speed>0.207604</speed><course>191.788467</course><hAcc>1.700882</hAcc><vAcc>0.831231</vAcc></extensions></trkpt>
      <trkpt lon="35.003402" lat="31.897394"><ele>220.648926</ele><time>2022-07-14T18:01:46Z</time><extensions><speed>0.144815</speed><course>177.539108</course><hAcc>1.704384</hAcc><vAcc>0.831096</vAcc></extensions></trkpt>
      <trkpt lon="35.003402" lat="31.897393"><ele>220.713654</ele><time>2022-07-14T18:01:47Z</time><extensions><speed>0.134920</speed><course>169.812744</course><hAcc>1.703184</hAcc><vAcc>0.830916</vAcc></extensions></trkpt>
      <trkpt lon="35.003402" lat="31.897392"><ele>220.767944</ele><time>2022-07-14T18:01:48Z</time><extensions><speed>0.147614</speed><course>169.039474</course><hAcc>1.693802</hAcc><vAcc>0.830522</vAcc></extensions></trkpt>
      <trkpt lon="35.003403" lat="31.897390"><ele>220.820129</ele><time>2022-07-14T18:01:49Z</time><extensions><speed>0.166269</speed><course>170.219803</course><hAcc>1.676948</hAcc><vAcc>0.829648</vAcc></extensions></trkpt>
      <trkpt lon="35.003403" lat="31.897389"><ele>220.872299</ele><time>2022-07-14T18:01:50Z</time><extensions><speed>0.169595</speed><course>169.478561</course><hAcc>1.664002</hAcc><vAcc>0.828236</vAcc></extensions></trkpt>
      <trkpt lon="35.003403" lat="31.897387"><ele>220.921082</ele><time>2022-07-14T18:01:51Z</time><extensions><speed>0.147944</speed><course>162.938126</course><hAcc>1.673069</hAcc><vAcc>0.826830</vAcc></extensions></trkpt>
      <trkpt lon="35.003404" lat="31.897386"><ele>220.967651</ele><time>2022-07-14T18:01:52Z</time><extensions><speed>0.108809</speed><course>148.492722</course><hAcc>1.704248</hAcc><vAcc>0.825032</vAcc></extensions></trkpt>
      <trkpt lon="35.003405" lat="31.897385"><ele>221.011353</ele><time>2022-07-14T18:01:53Z</time><extensions><speed>0.146761</speed><course>134.171844</course><hAcc>1.691702</hAcc><vAcc>0.822936</vAcc></extensions></trkpt>
      <trkpt lon="35.003406" lat="31.897384"><ele>221.048691</ele><time>2022-07-14T18:01:54Z</time><extensions><speed>0.219274</speed><course>129.406158</course><hAcc>1.674108</hAcc><vAcc>0.820458</vAcc></extensions></trkpt>
      <trkpt lon="35.003408" lat="31.897383"><ele>221.089310</ele><time>2022-07-14T18:01:55Z</time><extensions><speed>0.282332</speed><course>130.821136</course><hAcc>1.686772</hAcc><vAcc>0.817502</vAcc></extensions></trkpt>
      <trkpt lon="35.003411" lat="31.897381"><ele>221.128250</ele><time>2022-07-14T18:01:56Z</time><extensions><speed>0.348229</speed><course>136.099457</course><hAcc>1.716404</hAcc><vAcc>0.814032</vAcc></extensions></trkpt>
      <trkpt lon="35.003413" lat="31.897378"><ele>221.163422</ele><time>2022-07-14T18:01:57Z</time><extensions><speed>0.424667</speed><course>143.571793</course><hAcc>1.746350</hAcc><vAcc>0.810020</vAcc></extensions></trkpt>
      <trkpt lon="35.003416" lat="31.897374"><ele>221.201874</ele><time>2022-07-14T18:01:58Z</time><extensions><speed>0.533966</speed><course>151.549469</course><hAcc>1.765973</hAcc><vAcc>0.805979</vAcc></extensions></trkpt>
      <trkpt lon="35.003419" lat="31.897369"><ele>221.237640</ele><time>2022-07-14T18:01:59Z</time><extensions><speed>0.687412</speed><course>158.720963</course><hAcc>1.774676</hAcc><vAcc>0.801876</vAcc></extensions></trkpt>
      <trkpt lon="35.003421" lat="31.897363"><ele>221.270981</ele><time>2022-07-14T18:02:00Z</time><extensions><speed>0.916049</speed><course>164.596542</course><hAcc>1.779982</hAcc><vAcc>0.797676</vAcc></extensions></trkpt>
      <trkpt lon="35.003424" lat="31.897354"><ele>221.303802</ele><time>2022-07-14T18:02:01Z</time><extensions><speed>0.970734</speed><course>166.800293</course><hAcc>1.804640</hAcc><vAcc>0.793233</vAcc></extensions></trkpt>
      <trkpt lon="35.003426" lat="31.897346"><ele>221.335785</ele><time>2022-07-14T18:02:02Z</time><extensions><speed>0.916701</speed><course>169.242874</course><hAcc>1.813046</hAcc><vAcc>0.788570</vAcc></extensions></trkpt>
      <trkpt lon="35.003428" lat="31.897338"><ele>221.358170</ele><time>2022-07-14T18:02:03Z</time><extensions><speed>0.827197</speed><course>172.485703</course><hAcc>1.815089</hAcc><vAcc>0.784098</vAcc></extensions></trkpt>
      <trkpt lon="35.003429" lat="31.897331"><ele>221.383743</ele><time>2022-07-14T18:02:04Z</time><extensions><speed>0.696171</speed><course>170.780960</course><hAcc>1.815421</hAcc><vAcc>0.779751</vAcc></extensions></trkpt>
      <trkpt lon="35.003430" lat="31.897326"><ele>221.401306</ele><time>2022-07-14T18:02:05Z</time><extensions><speed>0.526278</speed><course>160.134552</course><hAcc>1.804820</hAcc><vAcc>0.775470</vAcc></extensions></trkpt>
      <trkpt lon="35.003433" lat="31.897323"><ele>221.415848</ele><time>2022-07-14T18:02:06Z</time><extensions><speed>0.359755</speed><course>135.585266</course><hAcc>1.812220</hAcc><vAcc>0.771224</vAcc></extensions></trkpt>
      <trkpt lon="35.003436" lat="31.897321"><ele>221.421677</ele><time>2022-07-14T18:02:07Z</time><extensions><speed>0.362847</speed><course>114.732224</course><hAcc>1.824405</hAcc><vAcc>0.767076</vAcc></extensions></trkpt>
      <trkpt lon="35.003439" lat="31.897320"><ele>221.424057</ele><time>2022-07-14T18:02:08Z</time><extensions><speed>0.363438</speed><course>105.132835</course><hAcc>1.850088</hAcc><vAcc>0.763036</vAcc></extensions></trkpt>
      <trkpt lon="35.003443" lat="31.897319"><ele>221.428116</ele><time>2022-07-14T18:02:09Z</time><extensions><speed>0.416798</speed><course>102.922966</course><hAcc>1.847810</hAcc><vAcc>0.759164</vAcc></extensions></trkpt>
      <trkpt lon="35.003448" lat="31.897318"><ele>221.425751</ele><time>2022-07-14T18:02:10Z</time><extensions><speed>0.422178</speed><course>104.936058</course><hAcc>1.849460</hAcc><vAcc>0.755568</vAcc></extensions></trkpt>
      <trkpt lon="35.003452" lat="31.897317"><ele>221.420258</ele><time>2022-07-14T18:02:11Z</time><extensions><speed>0.399153</speed><course>109.546349</course><hAcc>1.861202</hAcc><vAcc>0.752174</vAcc></extensions></trkpt>
      <trkpt lon="35.003455" lat="31.897315"><ele>221.408356</ele><time>2022-07-14T18:02:12Z</time><extensions><speed>0.364783</speed><course>117.633087</course><hAcc>1.875501</hAcc><vAcc>0.749138</vAcc></extensions></trkpt>
      <trkpt lon="35.003459" lat="31.897314"><ele>221.395538</ele><time>2022-07-14T18:02:13Z</time><extensions><speed>0.350661</speed><course>129.046722</course><hAcc>1.885643</hAcc><vAcc>0.746419</vAcc></extensions></trkpt>
      <trkpt lon="35.003461" lat="31.897311"><ele>221.383652</ele><time>2022-07-14T18:02:14Z</time><extensions><speed>0.394542</speed><course>142.487823</course><hAcc>1.887351</hAcc><vAcc>0.743864</vAcc></extensions></trkpt>
      <trkpt lon="35.003464" lat="31.897309"><ele>221.370758</ele><time>2022-07-14T18:02:15Z</time><extensions><speed>0.365652</speed><course>145.784683</course><hAcc>1.890906</hAcc><vAcc>0.741644</vAcc></extensions></trkpt>
      <trkpt lon="35.003466" lat="31.897306"><ele>221.354385</ele><time>2022-07-14T18:02:16Z</time><extensions><speed>0.299794</speed><course>146.815582</course><hAcc>1.892722</hAcc><vAcc>0.739649</vAcc></extensions></trkpt>
      <trkpt lon="35.003467" lat="31.897304"><ele>221.346527</ele><time>2022-07-14T18:02:17Z</time><extensions><speed>0.195097</speed><course>156.637100</course><hAcc>1.893782</hAcc><vAcc>0.737784</vAcc></extensions></trkpt>
      <trkpt lon="35.003467" lat="31.897302"><ele>221.344955</ele><time>2022-07-14T18:02:18Z</time><extensions><speed>0.209000</speed><course>181.978119</course><hAcc>1.892247</hAcc><vAcc>0.735837</vAcc></extensions></trkpt>
      <trkpt lon="35.003467" lat="31.897300"><ele>221.349915</ele><time>2022-07-14T18:02:19Z</time><extensions><speed>0.300259</speed><course>197.226028</course><hAcc>1.893260</hAcc><vAcc>0.733974</vAcc></extensions></trkpt>
      <trkpt lon="35.003465" lat="31.897297"><ele>221.361786</ele><time>2022-07-14T18:02:20Z</time><extensions><speed>0.414539</speed><course>203.272690</course><hAcc>1.899078</hAcc><vAcc>0.732017</vAcc></extensions></trkpt>
      <trkpt lon="35.003463" lat="31.897293"><ele>221.383209</ele><time>2022-07-14T18:02:21Z</time><extensions><speed>0.542201</speed><course>206.205017</course><hAcc>1.901901</hAcc><vAcc>0.730109</vAcc></extensions></trkpt>
      <trkpt lon="35.003460" lat="31.897288"><ele>221.410507</ele><time>2022-07-14T18:02:22Z</time><extensions><speed>0.679146</speed><course>208.007294</course><hAcc>1.901764</hAcc><vAcc>0.728296</vAcc></extensions></trkpt>
      <trkpt lon="35.003456" lat="31.897282"><ele>221.442932</ele><time>2022-07-14T18:02:23Z</time><extensions><speed>0.843937</speed><course>208.344528</course><hAcc>1.902879</hAcc><vAcc>0.726882</vAcc></extensions></trkpt>
      <trkpt lon="35.003452" lat="31.897276"><ele>221.481781</ele><time>2022-07-14T18:02:24Z</time><extensions><speed>0.828898</speed><course>211.142899</course><hAcc>1.919936</hAcc><vAcc>0.725874</vAcc></extensions></trkpt>
      <trkpt lon="35.003447" lat="31.897269"><ele>221.536545</ele><time>2022-07-14T18:02:25Z</time><extensions><speed>0.949790</speed><course>212.023071</course><hAcc>1.915341</hAcc><vAcc>0.725181</vAcc></extensions></trkpt>
      <trkpt lon="35.003441" lat="31.897261"><ele>221.596985</ele><time>2022-07-14T18:02:26Z</time><extensions><speed>1.163494</speed><course>213.384247</course><hAcc>1.894789</hAcc><vAcc>0.724629</vAcc></extensions></trkpt>
      <trkpt lon="35.003434" lat="31.897252"><ele>221.672043</ele><time>2022-07-14T18:02:27Z</time><extensions><speed>1.133433</speed><course>214.267105</course><hAcc>1.891571</hAcc><vAcc>0.724113</vAcc></extensions></trkpt>
      <trkpt lon="35.003428" lat="31.897244"><ele>221.757202</ele><time>2022-07-14T18:02:28Z</time><extensions><speed>0.991006</speed><course>212.813644</course><hAcc>1.884040</hAcc><vAcc>0.723597</vAcc></extensions></trkpt>
      <trkpt lon="35.003424" lat="31.897237"><ele>221.848740</ele><time>2022-07-14T18:02:29Z</time><extensions><speed>0.720964</speed><course>206.570969</course><hAcc>1.878612</hAcc><vAcc>0.723186</vAcc></extensions></trkpt>
      <trkpt lon="35.003422" lat="31.897232"><ele>221.947479</ele><time>2022-07-14T18:02:30Z</time><extensions><speed>0.508553</speed><course>187.167770</course><hAcc>1.880989</hAcc><vAcc>0.722454</vAcc></extensions></trkpt>
      <trkpt lon="35.003422" lat="31.897228"><ele>222.053741</ele><time>2022-07-14T18:02:31Z</time><extensions><speed>0.447814</speed><course>171.868378</course><hAcc>1.883845</hAcc><vAcc>0.721243</vAcc></extensions></trkpt>
      <trkpt lon="35.003422" lat="31.897224"><ele>222.174698</ele><time>2022-07-14T18:02:32Z</time><extensions><speed>0.470489</speed><course>169.944962</course><hAcc>1.876860</hAcc><vAcc>0.719384</vAcc></extensions></trkpt>
      <trkpt lon="35.003423" lat="31.897219"><ele>222.288330</ele><time>2022-07-14T18:02:33Z</time><extensions><speed>0.498520</speed><course>181.508530</course><hAcc>1.879850</hAcc><vAcc>0.716684</vAcc></extensions></trkpt>
      <trkpt lon="35.003422" lat="31.897214"><ele>222.407181</ele><time>2022-07-14T18:02:34Z</time><extensions><speed>0.645157</speed><course>197.580658</course><hAcc>1.881813</hAcc><vAcc>0.712782</vAcc></extensions></trkpt>
      <trkpt lon="35.003419" lat="31.897209"><ele>222.535156</ele><time>2022-07-14T18:02:35Z</time><extensions><speed>0.639211</speed><course>207.629562</course><hAcc>1.891446</hAcc><vAcc>0.707814</vAcc></extensions></trkpt>
      <trkpt lon="35.003416" lat="31.897204"><ele>222.664948</ele><time>2022-07-14T18:02:36Z</time><extensions><speed>0.595982</speed><course>216.617371</course><hAcc>1.913314</hAcc><vAcc>0.701963</vAcc></extensions></trkpt>
      <trkpt lon="35.003411" lat="31.897200"><ele>222.801636</ele><time>2022-07-14T18:02:37Z</time><extensions><speed>0.777790</speed><course>222.722702</course><hAcc>1.917978</hAcc><vAcc>0.695257</vAcc></extensions></trkpt>
      <trkpt lon="35.003405" lat="31.897195"><ele>222.941330</ele><time>2022-07-14T18:02:38Z</time><extensions><speed>0.819474</speed><course>225.260132</course><hAcc>1.940668</hAcc><vAcc>0.687913</vAcc></extensions></trkpt>
      <trkpt lon="35.003399" lat="31.897190"><ele>223.086090</ele><time>2022-07-14T18:02:39Z</time><extensions><speed>0.760884</speed><course>227.594543</course><hAcc>1.963381</hAcc><vAcc>0.680105</vAcc></extensions></trkpt>
      <trkpt lon="35.003393" lat="31.897185"><ele>223.231750</ele><time>2022-07-14T18:02:40Z</time><extensions><speed>0.713178</speed><course>228.823654</course><hAcc>1.967605</hAcc><vAcc>0.672142</vAcc></extensions></trkpt>
      <trkpt lon="35.003388" lat="31.897181"><ele>223.378494</ele><time>2022-07-14T18:02:41Z</time><extensions><speed>0.703005</speed><course>228.483215</course><hAcc>1.975001</hAcc><vAcc>0.664623</vAcc></extensions></trkpt>
      <trkpt lon="35.003382" lat="31.897177"><ele>223.516998</ele><time>2022-07-14T18:02:42Z</time><extensions><speed>0.707929</speed><course>227.575851</course><hAcc>1.989749</hAcc><vAcc>0.658325</vAcc></extensions></trkpt>
      <trkpt lon="35.003376" lat="31.897172"><ele>223.653214</ele><time>2022-07-14T18:02:43Z</time><extensions><speed>0.713002</speed><course>228.572876</course><hAcc>2.005291</hAcc><vAcc>0.654143</vAcc></extensions></trkpt>
      <trkpt lon="35.003371" lat="31.897168"><ele>223.789429</ele><time>2022-07-14T18:02:44Z</time><extensions><speed>0.728823</speed><course>230.067734</course><hAcc>2.016222</hAcc><vAcc>0.652967</vAcc></extensions></trkpt>
      <trkpt lon="35.003365" lat="31.897164"><ele>223.923492</ele><time>2022-07-14T18:02:45Z</time><extensions><speed>0.751437</speed><course>230.138092</course><hAcc>2.018571</hAcc><vAcc>0.655491</vAcc></extensions></trkpt>
      <trkpt lon="35.003358" lat="31.897160"><ele>224.053345</ele><time>2022-07-14T18:02:46Z</time><extensions><speed>0.779287</speed><course>230.379211</course><hAcc>2.005464</hAcc><vAcc>0.661918</vAcc></extensions></trkpt>
      <trkpt lon="35.003352" lat="31.897155"><ele>224.178070</ele><time>2022-07-14T18:02:47Z</time><extensions><speed>0.797589</speed><course>231.969696</course><hAcc>1.972861</hAcc><vAcc>0.672082</vAcc></extensions></trkpt>
      <trkpt lon="35.003345" lat="31.897151"><ele>224.297134</ele><time>2022-07-14T18:02:48Z</time><extensions><speed>0.752726</speed><course>234.255051</course><hAcc>1.928343</hAcc><vAcc>0.685373</vAcc></extensions></trkpt>
      <trkpt lon="35.003339" lat="31.897147"><ele>224.408203</ele><time>2022-07-14T18:02:49Z</time><extensions><speed>0.654908</speed><course>238.683304</course><hAcc>1.882613</hAcc><vAcc>0.700844</vAcc></extensions></trkpt>
      <trkpt lon="35.003334" lat="31.897145"><ele>224.518234</ele><time>2022-07-14T18:02:50Z</time><extensions><speed>0.559098</speed><course>243.460556</course><hAcc>1.848502</hAcc><vAcc>0.717304</vAcc></extensions></trkpt>
      <trkpt lon="35.003329" lat="31.897143"><ele>224.621185</ele><time>2022-07-14T18:02:51Z</time><extensions><speed>0.503231</speed><course>249.422638</course><hAcc>1.816817</hAcc><vAcc>0.733869</vAcc></extensions></trkpt>
      <trkpt lon="35.003324" lat="31.897141"><ele>224.718231</ele><time>2022-07-14T18:02:52Z</time><extensions><speed>0.502945</speed><course>251.032104</course><hAcc>1.787255</hAcc><vAcc>0.749537</vAcc></extensions></trkpt>
      <trkpt lon="35.003319" lat="31.897140"><ele>224.806427</ele><time>2022-07-14T18:02:53Z</time><extensions><speed>0.454028</speed><course>246.546036</course><hAcc>1.762262</hAcc><vAcc>0.763714</vAcc></extensions></trkpt>
      <trkpt lon="35.003315" lat="31.897138"><ele>224.888489</ele><time>2022-07-14T18:02:54Z</time><extensions><speed>0.334695</speed><course>246.184998</course><hAcc>1.743388</hAcc><vAcc>0.776077</vAcc></extensions></trkpt>
      <trkpt lon="35.003312" lat="31.897138"><ele>224.964493</ele><time>2022-07-14T18:02:55Z</time><extensions><speed>0.187093</speed><course>258.177643</course><hAcc>1.724020</hAcc><vAcc>0.786519</vAcc></extensions></trkpt>
      <trkpt lon="35.003310" lat="31.897137"><ele>225.034409</ele><time>2022-07-14T18:02:56Z</time><extensions><speed>0.192682</speed><course>262.531891</course><hAcc>1.706878</hAcc><vAcc>0.795096</vAcc></extensions></trkpt>
      <trkpt lon="35.003309" lat="31.897137"><ele>225.098328</ele><time>2022-07-14T18:02:57Z</time><extensions><speed>0.077052</speed><course>295.790619</course><hAcc>1.715976</hAcc><vAcc>0.801985</vAcc></extensions></trkpt>
      <trkpt lon="35.003309" lat="31.897138"><ele>225.156082</ele><time>2022-07-14T18:02:58Z</time><extensions><speed>0.052714</speed><course>339.967133</course><hAcc>1.734473</hAcc><vAcc>0.807415</vAcc></extensions></trkpt>
      <trkpt lon="35.003308" lat="31.897138"><ele>225.208099</ele><time>2022-07-14T18:02:59Z</time><extensions><speed>0.046867</speed><course>356.517822</course><hAcc>1.751204</hAcc><vAcc>0.811666</vAcc></extensions></trkpt>
      <trkpt lon="35.003308" lat="31.897139"><ele>225.254227</ele><time>2022-07-14T18:03:00Z</time><extensions><speed>0.050884</speed><course>347.745941</course><hAcc>1.728511</hAcc><vAcc>0.814894</vAcc></extensions></trkpt>
      <trkpt lon="35.003308" lat="31.897139"><ele>225.294495</ele><time>2022-07-14T18:03:01Z</time><extensions><speed>0.048499</speed><course>323.056854</course><hAcc>1.724732</hAcc><vAcc>0.817303</vAcc></extensions></trkpt>
      <trkpt lon="35.003308" lat="31.897139"><ele>225.329086</ele><time>2022-07-14T18:03:02Z</time><extensions><speed>0.053747</speed><course>305.131470</course><hAcc>1.730800</hAcc><vAcc>0.819098</vAcc></extensions></trkpt>
      <trkpt lon="35.003307" lat="31.897140"><ele>225.358337</ele><time>2022-07-14T18:03:03Z</time><extensions><speed>0.050740</speed><course>299.064514</course><hAcc>1.742175</hAcc><vAcc>0.820419</vAcc></extensions></trkpt>
      <trkpt lon="35.003307" lat="31.897140"><ele>225.382675</ele><time>2022-07-14T18:03:04Z</time><extensions><speed>0.041248</speed><course>296.266235</course><hAcc>1.747964</hAcc><vAcc>0.821399</vAcc></extensions></trkpt>
      <trkpt lon="35.003306" lat="31.897140"><ele>225.402603</ele><time>2022-07-14T18:03:05Z</time><extensions><speed>0.030738</speed><course>294.626984</course><hAcc>1.749063</hAcc><vAcc>0.822129</vAcc></extensions></trkpt>
      <trkpt lon="35.003306" lat="31.897140"><ele>225.418579</ele><time>2022-07-14T18:03:06Z</time><extensions><speed>0.021364</speed><course>293.510956</course><hAcc>1.748314</hAcc><vAcc>0.822679</vAcc></extensions></trkpt>
      <trkpt lon="35.003306" lat="31.897140"><ele>225.433502</ele><time>2022-07-14T18:03:07Z</time><extensions><speed>0.017887</speed><course>291.685425</course><hAcc>1.743543</hAcc><vAcc>0.823124</vAcc></extensions></trkpt>
      <trkpt lon="35.003306" lat="31.897140"><ele>225.448456</ele><time>2022-07-14T18:03:08Z</time><extensions><speed>0.018355</speed><course>287.990997</course><hAcc>1.736847</hAcc><vAcc>0.823407</vAcc></extensions></trkpt>
      <trkpt lon="35.003306" lat="31.897140"><ele>225.456192</ele><time>2022-07-14T18:03:09Z</time><extensions><speed>0.021360</speed><course>284.185516</course><hAcc>1.729797</hAcc><vAcc>0.823539</vAcc></extensions></trkpt>
      <trkpt lon="35.003305" lat="31.897140"><ele>225.512787</ele><time>2022-07-14T18:03:10Z</time><extensions><speed>0.027094</speed><course>280.025848</course><hAcc>1.724641</hAcc><vAcc>0.823487</vAcc></extensions></trkpt>
      <trkpt lon="35.003305" lat="31.897140"><ele>225.534317</ele><time>2022-07-14T18:03:11Z</time><extensions><speed>0.037014</speed><course>276.685516</course><hAcc>1.714702</hAcc><vAcc>0.823154</vAcc></extensions></trkpt>
      <trkpt lon="35.003304" lat="31.897140"><ele>225.544785</ele><time>2022-07-14T18:03:12Z</time><extensions><speed>0.051167</speed><course>273.975128</course><hAcc>1.707993</hAcc><vAcc>0.822509</vAcc></extensions></trkpt>
      <trkpt lon="35.003304" lat="31.897140"><ele>225.563568</ele><time>2022-07-14T18:03:13Z</time><extensions><speed>0.071351</speed><course>272.343597</course><hAcc>1.706560</hAcc><vAcc>0.821679</vAcc></extensions></trkpt>
      <trkpt lon="35.003303" lat="31.897140"><ele>225.614441</ele><time>2022-07-14T18:03:14Z</time><extensions><speed>0.097880</speed><course>270.529022</course><hAcc>1.711467</hAcc><vAcc>0.820575</vAcc></extensions></trkpt>
      <trkpt lon="35.003302" lat="31.897140"><ele>225.647110</ele><time>2022-07-14T18:03:15Z</time><extensions><speed>0.138625</speed><course>267.304230</course><hAcc>1.717230</hAcc><vAcc>0.819132</vAcc></extensions></trkpt>
      <trkpt lon="35.003300" lat="31.897140"><ele>225.717789</ele><time>2022-07-14T18:03:16Z</time><extensions><speed>0.185815</speed><course>261.493439</course><hAcc>1.726099</hAcc><vAcc>0.817244</vAcc></extensions></trkpt>
      <trkpt lon="35.003297" lat="31.897140"><ele>225.772079</ele><time>2022-07-14T18:03:17Z</time><extensions><speed>0.270673</speed><course>252.071136</course><hAcc>1.716071</hAcc><vAcc>0.815014</vAcc></extensions></trkpt>
      <trkpt lon="35.003295" lat="31.897138"><ele>225.842865</ele><time>2022-07-14T18:03:18Z</time><extensions><speed>0.352125</speed><course>240.435776</course><hAcc>1.719733</hAcc><vAcc>0.812439</vAcc></extensions></trkpt>
      <trkpt lon="35.003291" lat="31.897136"><ele>225.902496</ele><time>2022-07-14T18:03:19Z</time><extensions><speed>0.478918</speed><course>230.956024</course><hAcc>1.736051</hAcc><vAcc>0.809428</vAcc></extensions></trkpt>
      <trkpt lon="35.003286" lat="31.897133"><ele>226.004135</ele><time>2022-07-14T18:03:20Z</time><extensions><speed>0.692829</speed><course>225.431259</course><hAcc>1.754063</hAcc><vAcc>0.806250</vAcc></extensions></trkpt>
      <trkpt lon="35.003281" lat="31.897128"><ele>226.090790</ele><time>2022-07-14T18:03:21Z</time><extensions><speed>0.817898</speed><course>227.628250</course><hAcc>1.762019</hAcc><vAcc>0.802953</vAcc></extensions></trkpt>
      <trkpt lon="35.003274" lat="31.897123"><ele>226.206512</ele><time>2022-07-14T18:03:22Z</time><extensions><speed>0.861658</speed><course>236.504166</course><hAcc>1.774213</hAcc><vAcc>0.799677</vAcc></extensions></trkpt>
      <trkpt lon="35.003266" lat="31.897120"><ele>226.319046</ele><time>2022-07-14T18:03:23Z</time><extensions><speed>0.797610</speed><course>246.767792</course><hAcc>1.790835</hAcc><vAcc>0.796546</vAcc></extensions></trkpt>
      <trkpt lon="35.003259" lat="31.897117"><ele>226.460632</ele><time>2022-07-14T18:03:24Z</time><extensions><speed>0.768550</speed><course>239.077530</course><hAcc>1.786840</hAcc><vAcc>0.793619</vAcc></extensions></trkpt>
      <trkpt lon="35.003253" lat="31.897112"><ele>226.618515</ele><time>2022-07-14T18:03:25Z</time><extensions><speed>0.707410</speed><course>223.087631</course><hAcc>1.781985</hAcc><vAcc>0.791083</vAcc></extensions></trkpt>
      <trkpt lon="35.003248" lat="31.897107"><ele>226.751862</ele><time>2022-07-14T18:03:26Z</time><extensions><speed>0.750107</speed><course>207.757034</course><hAcc>1.791971</hAcc><vAcc>0.788885</vAcc></extensions></trkpt>
      <trkpt lon="35.003245" lat="31.897100"><ele>226.890991</ele><time>2022-07-14T18:03:27Z</time><extensions><speed>0.861179</speed><course>199.455521</course><hAcc>1.797943</hAcc><vAcc>0.787239</vAcc></extensions></trkpt>
      <trkpt lon="35.003242" lat="31.897093"><ele>227.031891</ele><time>2022-07-14T18:03:28Z</time><extensions><speed>0.959760</speed><course>194.911514</course><hAcc>1.794752</hAcc><vAcc>0.786155</vAcc></extensions></trkpt>
      <trkpt lon="35.003239" lat="31.897084"><ele>227.168427</ele><time>2022-07-14T18:03:29Z</time><extensions><speed>1.041538</speed><course>192.789154</course><hAcc>1.791892</hAcc><vAcc>0.785679</vAcc></extensions></trkpt>
      <trkpt lon="35.003237" lat="31.897074"><ele>227.306580</ele><time>2022-07-14T18:03:30Z</time><extensions><speed>1.064945</speed><course>190.553864</course><hAcc>1.791900</hAcc><vAcc>0.785837</vAcc></extensions></trkpt>
      <trkpt lon="35.003235" lat="31.897065"><ele>227.444870</ele><time>2022-07-14T18:03:31Z</time><extensions><speed>1.027102</speed><course>188.429291</course><hAcc>1.778709</hAcc><vAcc>0.786561</vAcc></extensions></trkpt>
      <trkpt lon="35.003234" lat="31.897056"><ele>227.577332</ele><time>2022-07-14T18:03:32Z</time><extensions><speed>0.981236</speed><course>186.916138</course><hAcc>1.770904</hAcc><vAcc>0.787785</vAcc></extensions></trkpt>
      <trkpt lon="35.003233" lat="31.897048"><ele>227.702194</ele><time>2022-07-14T18:03:33Z</time><extensions><speed>0.876933</speed><course>186.754272</course><hAcc>1.765969</hAcc><vAcc>0.789413</vAcc></extensions></trkpt>
      <trkpt lon="35.003232" lat="31.897040"><ele>227.817932</ele><time>2022-07-14T18:03:34Z</time><extensions><speed>0.792350</speed><course>185.822586</course><hAcc>1.766341</hAcc><vAcc>0.791317</vAcc></extensions></trkpt>
      <trkpt lon="35.003231" lat="31.897034"><ele>227.923477</ele><time>2022-07-14T18:03:35Z</time><extensions><speed>0.701307</speed><course>183.789001</course><hAcc>1.762629</hAcc><vAcc>0.793430</vAcc></extensions></trkpt>
      <trkpt lon="35.003231" lat="31.897027"><ele>228.020523</ele><time>2022-07-14T18:03:36Z</time><extensions><speed>0.651180</speed><course>182.292618</course><hAcc>1.746822</hAcc><vAcc>0.795674</vAcc></extensions></trkpt>
      <trkpt lon="35.003231" lat="31.897022"><ele>228.107895</ele><time>2022-07-14T18:03:37Z</time><extensions><speed>0.480889</speed><course>178.486176</course><hAcc>1.744183</hAcc><vAcc>0.797940</vAcc></extensions></trkpt>
      <trkpt lon="35.003231" lat="31.897019"><ele>228.186295</ele><time>2022-07-14T18:03:38Z</time><extensions><speed>0.269256</speed><course>171.557693</course><hAcc>1.757877</hAcc><vAcc>0.800168</vAcc></extensions></trkpt>
      <trkpt lon="35.003232" lat="31.897017"><ele>228.256409</ele><time>2022-07-14T18:03:39Z</time><extensions><speed>0.227231</speed><course>164.398178</course><hAcc>1.737877</hAcc><vAcc>0.802341</vAcc></extensions></trkpt>
      <trkpt lon="35.003232" lat="31.897015"><ele>228.318787</ele><time>2022-07-14T18:03:40Z</time><extensions><speed>0.200681</speed><course>158.962326</course><hAcc>1.723550</hAcc><vAcc>0.804434</vAcc></extensions></trkpt>
      <trkpt lon="35.003233" lat="31.897013"><ele>228.373947</ele><time>2022-07-14T18:03:41Z</time><extensions><speed>0.162984</speed><course>153.770844</course><hAcc>1.724603</hAcc><vAcc>0.806469</vAcc></extensions></trkpt>
      <trkpt lon="35.003234" lat="31.897012"><ele>228.422211</ele><time>2022-07-14T18:03:42Z</time><extensions><speed>0.142579</speed><course>147.968262</course><hAcc>1.724437</hAcc><vAcc>0.808348</vAcc></extensions></trkpt>
      <trkpt lon="35.003235" lat="31.897011"><ele>228.464020</ele><time>2022-07-14T18:03:43Z</time><extensions><speed>0.138351</speed><course>142.449112</course><hAcc>1.731314</hAcc><vAcc>0.810054</vAcc></extensions></trkpt>
      <trkpt lon="35.003236" lat="31.897010"><ele>228.499847</ele><time>2022-07-14T18:03:44Z</time><extensions><speed>0.135053</speed><course>137.941864</course><hAcc>1.747301</hAcc><vAcc>0.811558</vAcc></extensions></trkpt>
      <trkpt lon="35.003237" lat="31.897009"><ele>228.530212</ele><time>2022-07-14T18:03:45Z</time><extensions><speed>0.194719</speed><course>135.467621</course><hAcc>1.717365</hAcc><vAcc>0.812875</vAcc></extensions></trkpt>
      <trkpt lon="35.003238" lat="31.897008"><ele>228.555603</ele><time>2022-07-14T18:03:46Z</time><extensions><speed>0.202924</speed><course>134.609680</course><hAcc>1.704822</hAcc><vAcc>0.814019</vAcc></extensions></trkpt>
      <trkpt lon="35.003240" lat="31.897007"><ele>228.576523</ele><time>2022-07-14T18:03:47Z</time><extensions><speed>0.164109</speed><course>134.318222</course><hAcc>1.711694</hAcc><vAcc>0.815044</vAcc></extensions></trkpt>
      <trkpt lon="35.003241" lat="31.897006"><ele>228.593445</ele><time>2022-07-14T18:03:48Z</time><extensions><speed>0.119379</speed><course>134.146515</course><hAcc>1.714813</hAcc><vAcc>0.816004</vAcc></extensions></trkpt>
      <trkpt lon="35.003242" lat="31.897005"><ele>228.606842</ele><time>2022-07-14T18:03:49Z</time><extensions><speed>0.080137</speed><course>134.028702</course><hAcc>1.712044</hAcc><vAcc>0.816926</vAcc></extensions></trkpt>
      <trkpt lon="35.003242" lat="31.897005"><ele>228.617142</ele><time>2022-07-14T18:03:50Z</time><extensions><speed>0.051101</speed><course>133.939636</course><hAcc>1.705436</hAcc><vAcc>0.817796</vAcc></extensions></trkpt>
      <trkpt lon="35.003243" lat="31.897004"><ele>228.624817</ele><time>2022-07-14T18:03:51Z</time><extensions><speed>0.032915</speed><course>133.870789</course><hAcc>1.698133</hAcc><vAcc>0.818608</vAcc></extensions></trkpt>
      <trkpt lon="35.003243" lat="31.897004"><ele>228.630249</ele><time>2022-07-14T18:03:52Z</time><extensions><speed>0.019636</speed><course>133.817459</course><hAcc>1.703545</hAcc><vAcc>0.819339</vAcc></extensions></trkpt>
      <trkpt lon="35.003243" lat="31.897004"><ele>228.633820</ele><time>2022-07-14T18:03:53Z</time><extensions><speed>0.012959</speed><course>133.776047</course><hAcc>1.707435</hAcc><vAcc>0.819988</vAcc></extensions></trkpt>
      <trkpt lon="35.003243" lat="31.897004"><ele>228.635849</ele><time>2022-07-14T18:03:54Z</time><extensions><speed>0.008284</speed><course>133.746170</course><hAcc>1.717538</hAcc><vAcc>0.820532</vAcc></extensions></trkpt>
      <trkpt lon="35.003243" lat="31.897004"><ele>228.636642</ele><time>2022-07-14T18:03:55Z</time><extensions><speed>0.006880</speed><course>133.726089</course><hAcc>1.705979</hAcc><vAcc>0.820984</vAcc></extensions></trkpt>
      <trkpt lon="35.003243" lat="31.897004"><ele>228.636475</ele><time>2022-07-14T18:03:56Z</time><extensions><speed>0.005171</speed><course>133.714569</course><hAcc>1.714351</hAcc><vAcc>0.821310</vAcc></extensions></trkpt>
      <trkpt lon="35.003243" lat="31.897004"><ele>228.635559</ele><time>2022-07-14T18:03:57Z</time><extensions><speed>0.003660</speed><course>133.706772</course><hAcc>1.733656</hAcc><vAcc>0.821564</vAcc></extensions></trkpt>
      <trkpt lon="35.003243" lat="31.897004"><ele>228.634079</ele><time>2022-07-14T18:03:58Z</time><extensions><speed>0.002469</speed><course>133.700897</course><hAcc>1.750321</hAcc><vAcc>0.821748</vAcc></extensions></trkpt>
      <trkpt lon="35.003243" lat="31.897004"><ele>228.632217</ele><time>2022-07-14T18:03:59Z</time><extensions><speed>0.001596</speed><course>133.696060</course><hAcc>1.761366</hAcc><vAcc>0.821829</vAcc></extensions></trkpt>
      <trkpt lon="35.003243" lat="31.897004"><ele>228.630112</ele><time>2022-07-14T18:04:00Z</time><extensions><speed>0.000993</speed><course>133.691757</course><hAcc>1.767157</hAcc><vAcc>0.821907</vAcc></extensions></trkpt>
      <trkpt lon="35.003243" lat="31.897004"><ele>228.627869</ele><time>2022-07-14T18:04:01Z</time><extensions><speed>0.000603</speed><course>133.687653</course><hAcc>1.767570</hAcc><vAcc>0.821975</vAcc></extensions></trkpt>
      <trkpt lon="35.003243" lat="31.897004"><ele>228.625580</ele><time>2022-07-14T18:04:02Z</time><extensions><speed>0.000356</speed><course>133.683533</course><hAcc>1.765823</hAcc><vAcc>0.822023</vAcc></extensions></trkpt>
      <trkpt lon="35.003243" lat="31.897004"><ele>228.623306</ele><time>2022-07-14T18:04:03Z</time><extensions><speed>0.000201</speed><course>133.679138</course><hAcc>1.763639</hAcc><vAcc>0.822102</vAcc></extensions></trkpt>
      <trkpt lon="35.003243" lat="31.897004"><ele>228.621124</ele><time>2022-07-14T18:04:04Z</time><extensions><speed>0.000110</speed><course>133.674088</course><hAcc>1.757886</hAcc><vAcc>0.822184</vAcc></extensions></trkpt>
      <trkpt lon="35.003243" lat="31.897004"><ele>228.616241</ele><time>2022-07-14T18:04:05Z</time><extensions><speed>0.002981</speed><course>270.844025</course><hAcc>1.747382</hAcc><vAcc>0.822289</vAcc></extensions></trkpt>
      <trkpt lon="35.003243" lat="31.897004"><ele>228.641602</ele><time>2022-07-14T18:04:06Z</time><extensions><speed>0.005588</speed><course>269.015747</course><hAcc>1.738458</hAcc><vAcc>0.822327</vAcc></extensions></trkpt>
      <trkpt lon="35.003243" lat="31.897004"><ele>228.634781</ele><time>2022-07-14T18:04:07Z</time><extensions><speed>0.007799</speed><course>268.510559</course><hAcc>1.728781</hAcc><vAcc>0.822338</vAcc></extensions></trkpt>
      <trkpt lon="35.003243" lat="31.897004"><ele>228.629990</ele><time>2022-07-14T18:04:08Z</time><extensions><speed>0.009790</speed><course>258.041473</course><hAcc>1.710968</hAcc><vAcc>0.822319</vAcc></extensions></trkpt>
      <trkpt lon="35.003243" lat="31.897004"><ele>228.634476</ele><time>2022-07-14T18:04:09Z</time><extensions><speed>0.012167</speed><course>247.972824</course><hAcc>1.691229</hAcc><vAcc>0.822361</vAcc></extensions></trkpt>
      <trkpt lon="35.003243" lat="31.897004"><ele>228.632629</ele><time>2022-07-14T18:04:10Z</time><extensions><speed>0.013902</speed><course>234.871475</course><hAcc>1.685267</hAcc><vAcc>0.822207</vAcc></extensions></trkpt>
      <trkpt lon="35.003243" lat="31.897004"><ele>228.653931</ele><time>2022-07-14T18:04:11Z</time><extensions><speed>0.018182</speed><course>216.497345</course><hAcc>1.686408</hAcc><vAcc>0.821979</vAcc></extensions></trkpt>
      <trkpt lon="35.003243" lat="31.897003"><ele>228.672852</ele><time>2022-07-14T18:04:12Z</time><extensions><speed>0.027398</speed><course>189.946915</course><hAcc>1.706769</hAcc><vAcc>0.821656</vAcc></extensions></trkpt>
      <trkpt lon="35.003243" lat="31.897003"><ele>228.684433</ele><time>2022-07-14T18:04:13Z</time><extensions><speed>0.066279</speed><course>169.107788</course><hAcc>1.708125</hAcc><vAcc>0.821267</vAcc></extensions></trkpt>
      <trkpt lon="35.003243" lat="31.897002"><ele>228.713425</ele><time>2022-07-14T18:04:14Z</time><extensions><speed>0.185294</speed><course>158.852448</course><hAcc>1.682739</hAcc><vAcc>0.820761</vAcc></extensions></trkpt>
      <trkpt lon="35.003244" lat="31.897000"><ele>228.732422</ele><time>2022-07-14T18:04:15Z</time><extensions><speed>0.391797</speed><course>153.082260</course><hAcc>1.680901</hAcc><vAcc>0.820100</vAcc></extensions></trkpt>
      <trkpt lon="35.003247" lat="31.896995"><ele>228.742905</ele><time>2022-07-14T18:04:16Z</time><extensions><speed>0.733941</speed><course>151.144318</course><hAcc>1.698702</hAcc><vAcc>0.819256</vAcc></extensions></trkpt>
      <trkpt lon="35.003252" lat="31.896989"><ele>228.747437</ele><time>2022-07-14T18:04:17Z</time><extensions><speed>1.000202</speed><course>146.893860</course><hAcc>1.722467</hAcc><vAcc>0.818529</vAcc></extensions></trkpt>
      <trkpt lon="35.003259" lat="31.896981"><ele>228.767105</ele><time>2022-07-14T18:04:18Z</time><extensions><speed>1.115204</speed><course>141.647278</course><hAcc>1.728103</hAcc><vAcc>0.817837</vAcc></extensions></trkpt>
      <trkpt lon="35.003267" lat="31.896973"><ele>228.811356</ele><time>2022-07-14T18:04:19Z</time><extensions><speed>1.158088</speed><course>136.007416</course><hAcc>1.730486</hAcc><vAcc>0.817119</vAcc></extensions></trkpt>
      <trkpt lon="35.003276" lat="31.896966"><ele>228.801514</ele><time>2022-07-14T18:04:20Z</time><extensions><speed>1.157650</speed><course>130.113541</course><hAcc>1.725849</hAcc><vAcc>0.816416</vAcc></extensions></trkpt>
      <trkpt lon="35.003285" lat="31.896960"><ele>228.799881</ele><time>2022-07-14T18:04:21Z</time><extensions><speed>1.116031</speed><course>126.846100</course><hAcc>1.730729</hAcc><vAcc>0.815854</vAcc></extensions></trkpt>
      <trkpt lon="35.003294" lat="31.896954"><ele>228.820740</ele><time>2022-07-14T18:04:22Z</time><extensions><speed>1.068539</speed><course>122.858955</course><hAcc>1.732275</hAcc><vAcc>0.815381</vAcc></extensions></trkpt>
      <trkpt lon="35.003304" lat="31.896949"><ele>228.837662</ele><time>2022-07-14T18:04:23Z</time><extensions><speed>1.070460</speed><course>118.769768</course><hAcc>1.722060</hAcc><vAcc>0.814987</vAcc></extensions></trkpt>
      <trkpt lon="35.003314" lat="31.896944"><ele>228.855835</ele><time>2022-07-14T18:04:24Z</time><extensions><speed>1.071938</speed><course>121.075638</course><hAcc>1.719157</hAcc><vAcc>0.814762</vAcc></extensions></trkpt>
      <trkpt lon="35.003323" lat="31.896939"><ele>228.866165</ele><time>2022-07-14T18:04:25Z</time><extensions><speed>1.009612</speed><course>125.742691</course><hAcc>1.726018</hAcc><vAcc>0.814652</vAcc></extensions></trkpt>
      <trkpt lon="35.003331" lat="31.896934"><ele>228.871048</ele><time>2022-07-14T18:04:26Z</time><extensions><speed>0.937630</speed><course>127.876488</course><hAcc>1.725159</hAcc><vAcc>0.814627</vAcc></extensions></trkpt>
      <trkpt lon="35.003339" lat="31.896929"><ele>228.878006</ele><time>2022-07-14T18:04:27Z</time><extensions><speed>0.915141</speed><course>129.254471</course><hAcc>1.736104</hAcc><vAcc>0.814663</vAcc></extensions></trkpt>
      <trkpt lon="35.003347" lat="31.896924"><ele>228.896255</ele><time>2022-07-14T18:04:28Z</time><extensions><speed>0.929671</speed><course>126.947899</course><hAcc>1.737336</hAcc><vAcc>0.814699</vAcc></extensions></trkpt>
      <trkpt lon="35.003354" lat="31.896919"><ele>228.902817</ele><time>2022-07-14T18:04:29Z</time><extensions><speed>0.885536</speed><course>126.065262</course><hAcc>1.738323</hAcc><vAcc>0.814770</vAcc></extensions></trkpt>
      <trkpt lon="35.003361" lat="31.896914"><ele>228.908661</ele><time>2022-07-14T18:04:30Z</time><extensions><speed>0.744153</speed><course>125.236053</course><hAcc>1.754269</hAcc><vAcc>0.814870</vAcc></extensions></trkpt>
      <trkpt lon="35.003367" lat="31.896911"><ele>228.928238</ele><time>2022-07-14T18:04:31Z</time><extensions><speed>0.675773</speed><course>124.036186</course><hAcc>1.765384</hAcc><vAcc>0.815071</vAcc></extensions></trkpt>
      <trkpt lon="35.003373" lat="31.896908"><ele>228.943848</ele><time>2022-07-14T18:04:32Z</time><extensions><speed>0.582256</speed><course>122.713791</course><hAcc>1.769127</hAcc><vAcc>0.815289</vAcc></extensions></trkpt>
      <trkpt lon="35.003378" lat="31.896905"><ele>228.948730</ele><time>2022-07-14T18:04:33Z</time><extensions><speed>0.507259</speed><course>120.969337</course><hAcc>1.775703</hAcc><vAcc>0.815530</vAcc></extensions></trkpt>
      <trkpt lon="35.003382" lat="31.896903"><ele>228.948425</ele><time>2022-07-14T18:04:34Z</time><extensions><speed>0.448354</speed><course>119.008369</course><hAcc>1.794759</hAcc><vAcc>0.815851</vAcc></extensions></trkpt>
      <trkpt lon="35.003386" lat="31.896901"><ele>228.957764</ele><time>2022-07-14T18:04:35Z</time><extensions><speed>0.392730</speed><course>120.099983</course><hAcc>1.807187</hAcc><vAcc>0.816199</vAcc></extensions></trkpt>
      <trkpt lon="35.003391" lat="31.896899"><ele>228.998215</ele><time>2022-07-14T18:04:36Z</time><extensions><speed>0.552562</speed><course>119.928917</course><hAcc>1.797275</hAcc><vAcc>0.816652</vAcc></extensions></trkpt>
      <trkpt lon="35.003396" lat="31.896896"><ele>229.003159</ele><time>2022-07-14T18:04:37Z</time><extensions><speed>0.655004</speed><course>117.315117</course><hAcc>1.800144</hAcc><vAcc>0.817214</vAcc></extensions></trkpt>
      <trkpt lon="35.003404" lat="31.896893"><ele>229.002960</ele><time>2022-07-14T18:04:38Z</time><extensions><speed>0.993525</speed><course>116.648476</course><hAcc>1.782273</hAcc><vAcc>0.817885</vAcc></extensions></trkpt>
      <trkpt lon="35.003414" lat="31.896889"><ele>229.001633</ele><time>2022-07-14T18:04:39Z</time><extensions><speed>1.201905</speed><course>116.269852</course><hAcc>1.771059</hAcc><vAcc>0.818676</vAcc></extensions></trkpt>
      <trkpt lon="35.003426" lat="31.896884"><ele>229.021255</ele><time>2022-07-14T18:04:40Z</time><extensions><speed>1.263328</speed><course>116.187943</course><hAcc>1.760304</hAcc><vAcc>0.819582</vAcc></extensions></trkpt>
      <trkpt lon="35.003437" lat="31.896879"><ele>229.039078</ele><time>2022-07-14T18:04:41Z</time><extensions><speed>1.154682</speed><course>116.876846</course><hAcc>1.750030</hAcc><vAcc>0.820564</vAcc></extensions></trkpt>
      <trkpt lon="35.003447" lat="31.896874"><ele>229.045959</ele><time>2022-07-14T18:04:42Z</time><extensions><speed>1.005494</speed><course>117.505829</course><hAcc>1.721086</hAcc><vAcc>0.821571</vAcc></extensions></trkpt>
      <trkpt lon="35.003457" lat="31.896870"><ele>229.055313</ele><time>2022-07-14T18:04:43Z</time><extensions><speed>0.968697</speed><course>120.088226</course><hAcc>1.698884</hAcc><vAcc>0.822557</vAcc></extensions></trkpt>
      <trkpt lon="35.003465" lat="31.896865"><ele>229.061157</ele><time>2022-07-14T18:04:44Z</time><extensions><speed>0.986582</speed><course>121.386276</course><hAcc>1.680160</hAcc><vAcc>0.823466</vAcc></extensions></trkpt>
      <trkpt lon="35.003475" lat="31.896861"><ele>229.050873</ele><time>2022-07-14T18:04:45Z</time><extensions><speed>1.054379</speed><course>120.161575</course><hAcc>1.649310</hAcc><vAcc>0.824292</vAcc></extensions></trkpt>
      <trkpt lon="35.003485" lat="31.896856"><ele>229.039032</ele><time>2022-07-14T18:04:46Z</time><extensions><speed>1.101094</speed><course>118.318909</course><hAcc>1.658258</hAcc><vAcc>0.824975</vAcc></extensions></trkpt>
      <trkpt lon="35.003495" lat="31.896852"><ele>229.021561</ele><time>2022-07-14T18:04:47Z</time><extensions><speed>1.082437</speed><course>116.368408</course><hAcc>1.701801</hAcc><vAcc>0.825473</vAcc></extensions></trkpt>
      <trkpt lon="35.003505" lat="31.896847"><ele>229.016327</ele><time>2022-07-14T18:04:48Z</time><extensions><speed>0.990414</speed><course>120.706337</course><hAcc>1.657150</hAcc><vAcc>0.825852</vAcc></extensions></trkpt>
      <trkpt lon="35.003513" lat="31.896842"><ele>228.997253</ele><time>2022-07-14T18:04:49Z</time><extensions><speed>0.948096</speed><course>123.957497</course><hAcc>1.641055</hAcc><vAcc>0.826046</vAcc></extensions></trkpt>
      <trkpt lon="35.003522" lat="31.896838"><ele>228.966614</ele><time>2022-07-14T18:04:50Z</time><extensions><speed>1.034534</speed><course>122.520752</course><hAcc>1.655497</hAcc><vAcc>0.826102</vAcc></extensions></trkpt>
      <trkpt lon="35.003532" lat="31.896833"><ele>228.932739</ele><time>2022-07-14T18:04:51Z</time><extensions><speed>1.099895</speed><course>121.187378</course><hAcc>1.658751</hAcc><vAcc>0.826138</vAcc></extensions></trkpt>
      <trkpt lon="35.003542" lat="31.896827"><ele>228.904709</ele><time>2022-07-14T18:04:52Z</time><extensions><speed>1.113115</speed><course>119.501488</course><hAcc>1.670730</hAcc><vAcc>0.826084</vAcc></extensions></trkpt>
      <trkpt lon="35.003552" lat="31.896823"><ele>228.873642</ele><time>2022-07-14T18:04:53Z</time><extensions><speed>1.073175</speed><course>116.833054</course><hAcc>1.678896</hAcc><vAcc>0.825944</vAcc></extensions></trkpt>
      <trkpt lon="35.003562" lat="31.896819"><ele>228.821243</ele><time>2022-07-14T18:04:54Z</time><extensions><speed>1.054166</speed><course>114.015839</course><hAcc>1.679151</hAcc><vAcc>0.825754</vAcc></extensions></trkpt>
      <trkpt lon="35.003572" lat="31.896815"><ele>228.770325</ele><time>2022-07-14T18:04:55Z</time><extensions><speed>1.051211</speed><course>109.663422</course><hAcc>1.683956</hAcc><vAcc>0.825510</vAcc></extensions></trkpt>
      <trkpt lon="35.003583" lat="31.896812"><ele>228.746078</ele><time>2022-07-14T18:04:56Z</time><extensions><speed>1.061320</speed><course>103.258423</course><hAcc>1.669676</hAcc><vAcc>0.825285</vAcc></extensions></trkpt>
      <trkpt lon="35.003594" lat="31.896811"><ele>228.695496</ele><time>2022-07-14T18:04:57Z</time><extensions><speed>1.119860</speed><course>99.633446</course><hAcc>1.650504</hAcc><vAcc>0.825016</vAcc></extensions></trkpt>
      <trkpt lon="35.003606" lat="31.896809"><ele>228.640503</ele><time>2022-07-14T18:04:58Z</time><extensions><speed>1.158441</speed><course>97.487106</course><hAcc>1.636675</hAcc><vAcc>0.824762</vAcc></extensions></trkpt>
      <trkpt lon="35.003618" lat="31.896808"><ele>228.623016</ele><time>2022-07-14T18:04:59Z</time><extensions><speed>1.165128</speed><course>96.663765</course><hAcc>1.646043</hAcc><vAcc>0.824485</vAcc></extensions></trkpt>
      <trkpt lon="35.003630" lat="31.896806"><ele>228.568970</ele><time>2022-07-14T18:05:00Z</time><extensions><speed>1.031132</speed><course>100.963417</course><hAcc>1.679895</hAcc><vAcc>0.824182</vAcc></extensions></trkpt>
      <trkpt lon="35.003640" lat="31.896804"><ele>228.503571</ele><time>2022-07-14T18:05:01Z</time><extensions><speed>0.978974</speed><course>105.148071</course><hAcc>1.638775</hAcc><vAcc>0.823797</vAcc></extensions></trkpt>
      <trkpt lon="35.003650" lat="31.896801"><ele>228.480225</ele><time>2022-07-14T18:05:02Z</time><extensions><speed>1.000843</speed><course>110.403038</course><hAcc>1.612459</hAcc><vAcc>0.823304</vAcc></extensions></trkpt>
      <trkpt lon="35.003660" lat="31.896798"><ele>228.442062</ele><time>2022-07-14T18:05:03Z</time><extensions><speed>0.981214</speed><course>113.515923</course><hAcc>1.584384</hAcc><vAcc>0.822784</vAcc></extensions></trkpt>
      <trkpt lon="35.003669" lat="31.896794"><ele>228.414047</ele><time>2022-07-14T18:05:04Z</time><extensions><speed>0.998328</speed><course>117.483467</course><hAcc>1.595694</hAcc><vAcc>0.822209</vAcc></extensions></trkpt>
      <trkpt lon="35.003678" lat="31.896790"><ele>228.379044</ele><time>2022-07-14T18:05:05Z</time><extensions><speed>0.951446</speed><course>118.000801</course><hAcc>1.626139</hAcc><vAcc>0.821560</vAcc></extensions></trkpt>
      <trkpt lon="35.003687" lat="31.896786"><ele>228.370041</ele><time>2022-07-14T18:05:06Z</time><extensions><speed>0.860870</speed><course>115.269951</course><hAcc>1.617067</hAcc><vAcc>0.820746</vAcc></extensions></trkpt>
      <trkpt lon="35.003695" lat="31.896784"><ele>228.346222</ele><time>2022-07-14T18:05:07Z</time><extensions><speed>0.770088</speed><course>110.718460</course><hAcc>1.611804</hAcc><vAcc>0.819842</vAcc></extensions></trkpt>
      <trkpt lon="35.003702" lat="31.896781"><ele>228.313370</ele><time>2022-07-14T18:05:08Z</time><extensions><speed>0.738549</speed><course>109.194565</course><hAcc>1.655031</hAcc><vAcc>0.818872</vAcc></extensions></trkpt>
      <trkpt lon="35.003710" lat="31.896779"><ele>228.275238</ele><time>2022-07-14T18:05:09Z</time><extensions><speed>0.838692</speed><course>116.453438</course><hAcc>1.630890</hAcc><vAcc>0.817961</vAcc></extensions></trkpt>
      <trkpt lon="35.003718" lat="31.896775"><ele>228.257858</ele><time>2022-07-14T18:05:10Z</time><extensions><speed>0.920294</speed><course>121.540009</course><hAcc>1.645758</hAcc><vAcc>0.817145</vAcc></extensions></trkpt>
      <trkpt lon="35.003726" lat="31.896770"><ele>228.229492</ele><time>2022-07-14T18:05:11Z</time><extensions><speed>0.960811</speed><course>123.209846</course><hAcc>1.667352</hAcc><vAcc>0.816409</vAcc></extensions></trkpt>
      <trkpt lon="35.003735" lat="31.896766"><ele>228.225449</ele><time>2022-07-14T18:05:12Z</time><extensions><speed>0.983775</speed><course>122.297211</course><hAcc>1.688811</hAcc><vAcc>0.815748</vAcc></extensions></trkpt>
      <trkpt lon="35.003744" lat="31.896761"><ele>228.218262</ele><time>2022-07-14T18:05:13Z</time><extensions><speed>0.977714</speed><course>118.943649</course><hAcc>1.723002</hAcc><vAcc>0.815218</vAcc></extensions></trkpt>
      <trkpt lon="35.003753" lat="31.896758"><ele>228.189941</ele><time>2022-07-14T18:05:14Z</time><extensions><speed>0.909156</speed><course>108.004936</course><hAcc>1.739234</hAcc><vAcc>0.814943</vAcc></extensions></trkpt>
      <trkpt lon="35.003762" lat="31.896756"><ele>228.181198</ele><time>2022-07-14T18:05:15Z</time><extensions><speed>0.843430</speed><course>92.454735</course><hAcc>1.732376</hAcc><vAcc>0.814879</vAcc></extensions></trkpt>
      <trkpt lon="35.003771" lat="31.896757"><ele>228.155014</ele><time>2022-07-14T18:05:16Z</time><extensions><speed>0.859834</speed><course>77.169746</course><hAcc>1.719338</hAcc><vAcc>0.814950</vAcc></extensions></trkpt>
      <trkpt lon="35.003780" lat="31.896759"><ele>228.142227</ele><time>2022-07-14T18:05:17Z</time><extensions><speed>0.867832</speed><course>68.740761</course><hAcc>1.710788</hAcc><vAcc>0.815130</vAcc></extensions></trkpt>
      <trkpt lon="35.003788" lat="31.896762"><ele>228.112518</ele><time>2022-07-14T18:05:18Z</time><extensions><speed>0.881551</speed><course>66.232994</course><hAcc>1.705373</hAcc><vAcc>0.815248</vAcc></extensions></trkpt>
      <trkpt lon="35.003797" lat="31.896766"><ele>228.073120</ele><time>2022-07-14T18:05:19Z</time><extensions><speed>0.935765</speed><course>67.995415</course><hAcc>1.714297</hAcc><vAcc>0.814936</vAcc></extensions></trkpt>
      <trkpt lon="35.003806" lat="31.896769"><ele>228.042938</ele><time>2022-07-14T18:05:20Z</time><extensions><speed>0.859937</speed><course>71.120560</course><hAcc>1.735567</hAcc><vAcc>0.814880</vAcc></extensions></trkpt>
      <trkpt lon="35.003815" lat="31.896771"><ele>228.016068</ele><time>2022-07-14T18:05:21Z</time><extensions><speed>1.041861</speed><course>75.632843</course><hAcc>1.703360</hAcc><vAcc>0.814786</vAcc></extensions></trkpt>
      <trkpt lon="35.003826" lat="31.896773"><ele>227.971268</ele><time>2022-07-14T18:05:22Z</time><extensions><speed>1.047488</speed><course>75.319733</course><hAcc>1.680328</hAcc><vAcc>0.814542</vAcc></extensions></trkpt>
      <trkpt lon="35.003836" lat="31.896776"><ele>227.929169</ele><time>2022-07-14T18:05:23Z</time><extensions><speed>0.898380</speed><course>71.550491</course><hAcc>1.695548</hAcc><vAcc>0.814128</vAcc></extensions></trkpt>
      <trkpt lon="35.003844" lat="31.896779"><ele>227.887482</ele><time>2022-07-14T18:05:24Z</time><extensions><speed>0.776579</speed><course>65.155754</course><hAcc>1.736501</hAcc><vAcc>0.813539</vAcc></extensions></trkpt>
      <trkpt lon="35.003851" lat="31.896782"><ele>227.841309</ele><time>2022-07-14T18:05:25Z</time><extensions><speed>0.707643</speed><course>48.587566</course><hAcc>1.737404</hAcc><vAcc>0.812828</vAcc></extensions></trkpt>
      <trkpt lon="35.003855" lat="31.896787"><ele>227.782669</ele><time>2022-07-14T18:05:26Z</time><extensions><speed>0.613972</speed><course>21.530378</course><hAcc>1.737429</hAcc><vAcc>0.812058</vAcc></extensions></trkpt>
      <trkpt lon="35.003856" lat="31.896792"><ele>227.721634</ele><time>2022-07-14T18:05:27Z</time><extensions><speed>0.630543</speed><course>358.269409</course><hAcc>1.753085</hAcc><vAcc>0.811329</vAcc></extensions></trkpt>
      <trkpt lon="35.003855" lat="31.896798"><ele>227.653030</ele><time>2022-07-14T18:05:28Z</time><extensions><speed>0.631848</speed><course>342.146271</course><hAcc>1.778093</hAcc><vAcc>0.810711</vAcc></extensions></trkpt>
      <trkpt lon="35.003852" lat="31.896804"><ele>227.582932</ele><time>2022-07-14T18:05:29Z</time><extensions><speed>0.806679</speed><course>338.723816</course><hAcc>1.777317</hAcc><vAcc>0.810259</vAcc></extensions></trkpt>
      <trkpt lon="35.003849" lat="31.896811"><ele>227.509048</ele><time>2022-07-14T18:05:30Z</time><extensions><speed>0.791220</speed><course>338.641571</course><hAcc>1.793156</hAcc><vAcc>0.810004</vAcc></extensions></trkpt>
      <trkpt lon="35.003846" lat="31.896817"><ele>227.439117</ele><time>2022-07-14T18:05:31Z</time><extensions><speed>0.695132</speed><course>341.971558</course><hAcc>1.803997</hAcc><vAcc>0.809900</vAcc></extensions></trkpt>
      <trkpt lon="35.003844" lat="31.896823"><ele>227.370300</ele><time>2022-07-14T18:05:32Z</time><extensions><speed>0.549902</speed><course>337.955811</course><hAcc>1.804201</hAcc><vAcc>0.809992</vAcc></extensions></trkpt>
      <trkpt lon="35.003842" lat="31.896827"><ele>227.299179</ele><time>2022-07-14T18:05:33Z</time><extensions><speed>0.474460</speed><course>331.959564</course><hAcc>1.798634</hAcc><vAcc>0.810105</vAcc></extensions></trkpt>
      <trkpt lon="35.003839" lat="31.896830"><ele>227.223785</ele><time>2022-07-14T18:05:34Z</time><extensions><speed>0.427011</speed><course>327.094910</course><hAcc>1.793509</hAcc><vAcc>0.810306</vAcc></extensions></trkpt>
      <trkpt lon="35.003837" lat="31.896833"><ele>227.147964</ele><time>2022-07-14T18:05:35Z</time><extensions><speed>0.394019</speed><course>326.849396</course><hAcc>1.789201</hAcc><vAcc>0.810622</vAcc></extensions></trkpt>
      <trkpt lon="35.003835" lat="31.896836"><ele>227.071045</ele><time>2022-07-14T18:05:36Z</time><extensions><speed>0.363881</speed><course>330.196503</course><hAcc>1.789149</hAcc><vAcc>0.810945</vAcc></extensions></trkpt>
      <trkpt lon="35.003833" lat="31.896839"><ele>227.009140</ele><time>2022-07-14T18:05:37Z</time><extensions><speed>0.346274</speed><course>334.999969</course><hAcc>1.792999</hAcc><vAcc>0.811160</vAcc></extensions></trkpt>
      <trkpt lon="35.003832" lat="31.896842"><ele>226.943390</ele><time>2022-07-14T18:05:38Z</time><extensions><speed>0.337072</speed><course>339.151398</course><hAcc>1.794370</hAcc><vAcc>0.811297</vAcc></extensions></trkpt>
      <trkpt lon="35.003831" lat="31.896845"><ele>226.877960</ele><time>2022-07-14T18:05:39Z</time><extensions><speed>0.319569</speed><course>343.641998</course><hAcc>1.791975</hAcc><vAcc>0.811408</vAcc></extensions></trkpt>
      <trkpt lon="35.003830" lat="31.896847"><ele>226.820145</ele><time>2022-07-14T18:05:40Z</time><extensions><speed>0.283680</speed><course>352.630768</course><hAcc>1.793213</hAcc><vAcc>0.811549</vAcc></extensions></trkpt>
      <trkpt lon="35.003830" lat="31.896850"><ele>226.764923</ele><time>2022-07-14T18:05:41Z</time><extensions><speed>0.248834</speed><course>10.662257</course><hAcc>1.795263</hAcc><vAcc>0.811760</vAcc></extensions></trkpt>
      <trkpt lon="35.003831" lat="31.896852"><ele>226.717499</ele><time>2022-07-14T18:05:42Z</time><extensions><speed>0.248359</speed><course>38.757164</course><hAcc>1.796206</hAcc><vAcc>0.811966</vAcc></extensions></trkpt>
      <trkpt lon="35.003833" lat="31.896853"><ele>226.677048</ele><time>2022-07-14T18:05:43Z</time><extensions><speed>0.332331</speed><course>63.436714</course><hAcc>1.792869</hAcc><vAcc>0.812148</vAcc></extensions></trkpt>
      <trkpt lon="35.003838" lat="31.896854"><ele>226.643082</ele><time>2022-07-14T18:05:44Z</time><extensions><speed>0.505970</speed><course>75.396706</course><hAcc>1.790321</hAcc><vAcc>0.812343</vAcc></extensions></trkpt>
      <trkpt lon="35.003843" lat="31.896855"><ele>226.609421</ele><time>2022-07-14T18:05:45Z</time><extensions><speed>0.557511</speed><course>88.970421</course><hAcc>1.798782</hAcc><vAcc>0.812437</vAcc></extensions></trkpt>
      <trkpt lon="35.003848" lat="31.896855"><ele>226.580887</ele><time>2022-07-14T18:05:46Z</time><extensions><speed>0.448876</speed><course>98.172745</course><hAcc>1.788892</hAcc><vAcc>0.812592</vAcc></extensions></trkpt>
      <trkpt lon="35.003852" lat="31.896854"><ele>226.554749</ele><time>2022-07-14T18:05:47Z</time><extensions><speed>0.249692</speed><course>112.175919</course><hAcc>1.785269</hAcc><vAcc>0.812811</vAcc></extensions></trkpt>
      <trkpt lon="35.003854" lat="31.896853"><ele>226.526489</ele><time>2022-07-14T18:05:48Z</time><extensions><speed>0.150247</speed><course>124.106064</course><hAcc>1.779424</hAcc><vAcc>0.812978</vAcc></extensions></trkpt>
      <trkpt lon="35.003855" lat="31.896853"><ele>226.503525</ele><time>2022-07-14T18:05:49Z</time><extensions><speed>0.086996</speed><course>118.315804</course><hAcc>1.778949</hAcc><vAcc>0.813051</vAcc></extensions></trkpt>
      <trkpt lon="35.003856" lat="31.896853"><ele>226.489395</ele><time>2022-07-14T18:05:50Z</time><extensions><speed>0.069695</speed><course>83.183968</course><hAcc>1.782628</hAcc><vAcc>0.813122</vAcc></extensions></trkpt>
      <trkpt lon="35.003856" lat="31.896853"><ele>226.478424</ele><time>2022-07-14T18:05:51Z</time><extensions><speed>0.087764</speed><course>58.126087</course><hAcc>1.787020</hAcc><vAcc>0.813145</vAcc></extensions></trkpt>
      <trkpt lon="35.003857" lat="31.896853"><ele>226.470154</ele><time>2022-07-14T18:05:52Z</time><extensions><speed>0.097775</speed><course>45.275620</course><hAcc>1.784872</hAcc><vAcc>0.813152</vAcc></extensions></trkpt>
      <trkpt lon="35.003858" lat="31.896854"><ele>226.467346</ele><time>2022-07-14T18:05:53Z</time><extensions><speed>0.079213</speed><course>33.109077</course><hAcc>1.782240</hAcc><vAcc>0.813144</vAcc></extensions></trkpt>
      <trkpt lon="35.003858" lat="31.896855"><ele>226.464325</ele><time>2022-07-14T18:05:54Z</time><extensions><speed>0.048892</speed><course>354.759796</course><hAcc>1.780667</hAcc><vAcc>0.813178</vAcc></extensions></trkpt>
      <trkpt lon="35.003858" lat="31.896855"><ele>226.463120</ele><time>2022-07-14T18:05:55Z</time><extensions><speed>0.070107</speed><course>293.853394</course><hAcc>1.777509</hAcc><vAcc>0.813272</vAcc></extensions></trkpt>
      <trkpt lon="35.003857" lat="31.896855"><ele>226.463959</ele><time>2022-07-14T18:05:56Z</time><extensions><speed>0.109511</speed><course>269.654083</course><hAcc>1.775303</hAcc><vAcc>0.813357</vAcc></extensions></trkpt>
      <trkpt lon="35.003855" lat="31.896855"><ele>226.463287</ele><time>2022-07-14T18:05:57Z</time><extensions><speed>0.135852</speed><course>257.618286</course><hAcc>1.765617</hAcc><vAcc>0.813512</vAcc></extensions></trkpt>
      <trkpt lon="35.003854" lat="31.896855"><ele>226.462997</ele><time>2022-07-14T18:05:58Z</time><extensions><speed>0.135802</speed><course>254.681137</course><hAcc>1.749875</hAcc><vAcc>0.813720</vAcc></extensions></trkpt>
      <trkpt lon="35.003853" lat="31.896854"><ele>226.470154</ele><time>2022-07-14T18:05:59Z</time><extensions><speed>0.107246</speed><course>260.573853</course><hAcc>1.743835</hAcc><vAcc>0.814000</vAcc></extensions></trkpt>
      <trkpt lon="35.003852" lat="31.896854"><ele>226.471527</ele><time>2022-07-14T18:06:00Z</time><extensions><speed>0.073240</speed><course>273.661804</course><hAcc>1.754442</hAcc><vAcc>0.814240</vAcc></extensions></trkpt>
      <trkpt lon="35.003851" lat="31.896854"><ele>226.474930</ele><time>2022-07-14T18:06:01Z</time><extensions><speed>0.063233</speed><course>291.052277</course><hAcc>1.755757</hAcc><vAcc>0.814649</vAcc></extensions></trkpt>
      <trkpt lon="35.003850" lat="31.896855"><ele>226.479126</ele><time>2022-07-14T18:06:02Z</time><extensions><speed>0.071226</speed><course>305.069824</course><hAcc>1.753181</hAcc><vAcc>0.815085</vAcc></extensions></trkpt>
      <trkpt lon="35.003850" lat="31.896855"><ele>226.471558</ele><time>2022-07-14T18:06:03Z</time><extensions><speed>0.100238</speed><course>310.291199</course><hAcc>1.742238</hAcc><vAcc>0.815484</vAcc></extensions></trkpt>
      <trkpt lon="35.003849" lat="31.896856"><ele>226.461746</ele><time>2022-07-14T18:06:04Z</time><extensions><speed>0.129800</speed><course>310.072601</course><hAcc>1.743256</hAcc><vAcc>0.815823</vAcc></extensions></trkpt>
      <trkpt lon="35.003848" lat="31.896857"><ele>226.449615</ele><time>2022-07-14T18:06:05Z</time><extensions><speed>0.147272</speed><course>306.452484</course><hAcc>1.749236</hAcc><vAcc>0.816091</vAcc></extensions></trkpt>
      <trkpt lon="35.003846" lat="31.896857"><ele>226.435226</ele><time>2022-07-14T18:06:06Z</time><extensions><speed>0.148584</speed><course>298.581940</course><hAcc>1.752193</hAcc><vAcc>0.816350</vAcc></extensions></trkpt>
      <trkpt lon="35.003845" lat="31.896858"><ele>226.418564</ele><time>2022-07-14T18:06:07Z</time><extensions><speed>0.127398</speed><course>283.471680</course><hAcc>1.761979</hAcc><vAcc>0.816558</vAcc></extensions></trkpt>
      <trkpt lon="35.003844" lat="31.896858"><ele>226.399765</ele><time>2022-07-14T18:06:08Z</time><extensions><speed>0.116603</speed><course>258.188416</course><hAcc>1.765113</hAcc><vAcc>0.816708</vAcc></extensions></trkpt>
      <trkpt lon="35.003843" lat="31.896857"><ele>226.383163</ele><time>2022-07-14T18:06:09Z</time><extensions><speed>0.128681</speed><course>234.163162</course><hAcc>1.760917</hAcc><vAcc>0.816660</vAcc></extensions></trkpt>
      <trkpt lon="35.003841" lat="31.896856"><ele>226.365402</ele><time>2022-07-14T18:06:10Z</time><extensions><speed>0.141250</speed><course>219.013336</course><hAcc>1.757250</hAcc><vAcc>0.816516</vAcc></extensions></trkpt>
      <trkpt lon="35.003841" lat="31.896855"><ele>226.349136</ele><time>2022-07-14T18:06:11Z</time><extensions><speed>0.142624</speed><course>209.517426</course><hAcc>1.757132</hAcc><vAcc>0.816199</vAcc></extensions></trkpt>
      <trkpt lon="35.003840" lat="31.896854"><ele>226.336731</ele><time>2022-07-14T18:06:12Z</time><extensions><speed>0.136101</speed><course>203.748199</course><hAcc>1.755088</hAcc><vAcc>0.815746</vAcc></extensions></trkpt>
      <trkpt lon="35.003839" lat="31.896853"><ele>226.325455</ele><time>2022-07-14T18:06:13Z</time><extensions><speed>0.120352</speed><course>200.379242</course><hAcc>1.754355</hAcc><vAcc>0.815185</vAcc></extensions></trkpt>
      <trkpt lon="35.003839" lat="31.896852"><ele>226.316055</ele><time>2022-07-14T18:06:14Z</time><extensions><speed>0.102364</speed><course>198.817444</course><hAcc>1.757488</hAcc><vAcc>0.814550</vAcc></extensions></trkpt>
      <trkpt lon="35.003839" lat="31.896851"><ele>226.309036</ele><time>2022-07-14T18:06:15Z</time><extensions><speed>0.092971</speed><course>198.585464</course><hAcc>1.758727</hAcc><vAcc>0.813898</vAcc></extensions></trkpt>
      <trkpt lon="35.003838" lat="31.896851"><ele>226.304779</ele><time>2022-07-14T18:06:16Z</time><extensions><speed>0.091493</speed><course>199.682571</course><hAcc>1.760172</hAcc><vAcc>0.813263</vAcc></extensions></trkpt>
      <trkpt lon="35.003838" lat="31.896850"><ele>226.303421</ele><time>2022-07-14T18:06:17Z</time><extensions><speed>0.098019</speed><course>202.054245</course><hAcc>1.760254</hAcc><vAcc>0.812699</vAcc></extensions></trkpt>
      <trkpt lon="35.003838" lat="31.896849"><ele>226.304947</ele><time>2022-07-14T18:06:18Z</time><extensions><speed>0.105662</speed><course>206.130798</course><hAcc>1.758091</hAcc><vAcc>0.812158</vAcc></extensions></trkpt>
      <trkpt lon="35.003837" lat="31.896848"><ele>226.309097</ele><time>2022-07-14T18:06:19Z</time><extensions><speed>0.106586</speed><course>214.341248</course><hAcc>1.746659</hAcc><vAcc>0.811779</vAcc></extensions></trkpt>
      <trkpt lon="35.003836" lat="31.896847"><ele>226.315506</ele><time>2022-07-14T18:06:20Z</time><extensions><speed>0.095743</speed><course>227.541443</course><hAcc>1.731998</hAcc><vAcc>0.811576</vAcc></extensions></trkpt>
      <trkpt lon="35.003836" lat="31.896847"><ele>226.323685</ele><time>2022-07-14T18:06:21Z</time><extensions><speed>0.083589</speed><course>238.895111</course><hAcc>1.711810</hAcc><vAcc>0.811594</vAcc></extensions></trkpt>
      <trkpt lon="35.003835" lat="31.896847"><ele>226.333115</ele><time>2022-07-14T18:06:22Z</time><extensions><speed>0.066076</speed><course>245.082153</course><hAcc>1.694742</hAcc><vAcc>0.811814</vAcc></extensions></trkpt>
      <trkpt lon="35.003834" lat="31.896846"><ele>226.343262</ele><time>2022-07-14T18:06:23Z</time><extensions><speed>0.041955</speed><course>248.903030</course><hAcc>1.696009</hAcc><vAcc>0.812211</vAcc></extensions></trkpt>
      <trkpt lon="35.003834" lat="31.896846"><ele>226.353714</ele><time>2022-07-14T18:06:24Z</time><extensions><speed>0.026981</speed><course>251.611130</course><hAcc>1.691998</hAcc><vAcc>0.812692</vAcc></extensions></trkpt>
      <trkpt lon="35.003834" lat="31.896846"><ele>226.364090</ele><time>2022-07-14T18:06:25Z</time><extensions><speed>0.018313</speed><course>253.367767</course><hAcc>1.694956</hAcc><vAcc>0.813225</vAcc></extensions></trkpt>
      <trkpt lon="35.003834" lat="31.896846"><ele>226.374146</ele><time>2022-07-14T18:06:26Z</time><extensions><speed>0.009832</speed><course>254.553772</course><hAcc>1.718759</hAcc><vAcc>0.813729</vAcc></extensions></trkpt>
      <trkpt lon="35.003834" lat="31.896846"><ele>226.383682</ele><time>2022-07-14T18:06:27Z</time><extensions><speed>0.010428</speed><course>255.295074</course><hAcc>1.684867</hAcc><vAcc>0.814158</vAcc></extensions></trkpt>
      <trkpt lon="35.003833" lat="31.896846"><ele>226.400635</ele><time>2022-07-14T18:06:28Z</time><extensions><speed>0.008739</speed><course>267.672699</course><hAcc>1.682666</hAcc><vAcc>0.814337</vAcc></extensions></trkpt>
      <trkpt lon="35.003833" lat="31.896846"><ele>226.417389</ele><time>2022-07-14T18:06:29Z</time><extensions><speed>0.007898</speed><course>298.203674</course><hAcc>1.705539</hAcc><vAcc>0.814335</vAcc></extensions></trkpt>
      <trkpt lon="35.003833" lat="31.896846"><ele>226.431229</ele><time>2022-07-14T18:06:30Z</time><extensions><speed>0.010940</speed><course>331.903717</course><hAcc>1.725773</hAcc><vAcc>0.813990</vAcc></extensions></trkpt>
      <trkpt lon="35.003833" lat="31.896847"><ele>226.446411</ele><time>2022-07-14T18:06:31Z</time><extensions><speed>0.018279</speed><course>348.761322</course><hAcc>1.733575</hAcc><vAcc>0.813320</vAcc></extensions></trkpt>
      <trkpt lon="35.003833" lat="31.896847"><ele>226.461609</ele><time>2022-07-14T18:06:32Z</time><extensions><speed>0.028561</speed><course>355.230042</course><hAcc>1.731262</hAcc><vAcc>0.812338</vAcc></extensions></trkpt>
      <trkpt lon="35.003833" lat="31.896847"><ele>226.476852</ele><time>2022-07-14T18:06:33Z</time><extensions><speed>0.041541</speed><course>357.889801</course><hAcc>1.722548</hAcc><vAcc>0.811140</vAcc></extensions></trkpt>
      <trkpt lon="35.003833" lat="31.896848"><ele>226.487015</ele><time>2022-07-14T18:06:34Z</time><extensions><speed>0.054870</speed><course>358.429077</course><hAcc>1.715910</hAcc><vAcc>0.809696</vAcc></extensions></trkpt>
      <trkpt lon="35.003833" lat="31.896848"><ele>226.496353</ele><time>2022-07-14T18:06:35Z</time><extensions><speed>0.066668</speed><course>358.719910</course><hAcc>1.722686</hAcc><vAcc>0.808093</vAcc></extensions></trkpt>
      <trkpt lon="35.003833" lat="31.896849"><ele>226.504669</ele><time>2022-07-14T18:06:36Z</time><extensions><speed>0.081906</speed><course>358.973419</course><hAcc>1.727178</hAcc><vAcc>0.806354</vAcc></extensions></trkpt>
      <trkpt lon="35.003833" lat="31.896850"><ele>226.511856</ele><time>2022-07-14T18:06:37Z</time><extensions><speed>0.110315</speed><course>359.293030</course><hAcc>1.713535</hAcc><vAcc>0.804670</vAcc></extensions></trkpt>
      <trkpt lon="35.003833" lat="31.896851"><ele>226.517624</ele><time>2022-07-14T18:06:38Z</time><extensions><speed>0.123245</speed><course>359.927612</course><hAcc>1.716859</hAcc><vAcc>0.803124</vAcc></extensions></trkpt>
      <trkpt lon="35.003833" lat="31.896852"><ele>226.521698</ele><time>2022-07-14T18:06:39Z</time><extensions><speed>0.088639</speed><course>0.983908</course><hAcc>1.752359</hAcc><vAcc>0.801782</vAcc></extensions></trkpt>
      <trkpt lon="35.003833" lat="31.896852"><ele>226.523972</ele><time>2022-07-14T18:06:40Z</time><extensions><speed>0.084088</speed><course>0.949192</course><hAcc>1.735611</hAcc><vAcc>0.800722</vAcc></extensions></trkpt>
      <trkpt lon="35.003833" lat="31.896853"><ele>226.524445</ele><time>2022-07-14T18:06:41Z</time><extensions><speed>0.052371</speed><course>355.850525</course><hAcc>1.735883</hAcc><vAcc>0.800032</vAcc></extensions></trkpt>
      <trkpt lon="35.003833" lat="31.896853"><ele>226.524506</ele><time>2022-07-14T18:06:42Z</time><extensions><speed>0.016507</speed><course>310.054749</course><hAcc>1.752434</hAcc><vAcc>0.799679</vAcc></extensions></trkpt>
      <trkpt lon="35.003833" lat="31.896853"><ele>226.511566</ele><time>2022-07-14T18:06:43Z</time><extensions><speed>0.034060</speed><course>217.940750</course><hAcc>1.767902</hAcc><vAcc>0.799451</vAcc></extensions></trkpt>
      <trkpt lon="35.003833" lat="31.896853"><ele>226.495895</ele><time>2022-07-14T18:06:44Z</time><extensions><speed>0.052667</speed><course>207.989243</course><hAcc>1.772754</hAcc><vAcc>0.799506</vAcc></extensions></trkpt>
      <trkpt lon="35.003832" lat="31.896852"><ele>226.477798</ele><time>2022-07-14T18:06:45Z</time><extensions><speed>0.053802</speed><course>206.044815</course><hAcc>1.770309</hAcc><vAcc>0.799762</vAcc></extensions></trkpt>
      <trkpt lon="35.003832" lat="31.896852"><ele>226.457520</ele><time>2022-07-14T18:06:46Z</time><extensions><speed>0.049487</speed><course>205.943146</course><hAcc>1.764800</hAcc><vAcc>0.800139</vAcc></extensions></trkpt>
      <trkpt lon="35.003832" lat="31.896852"><ele>226.435349</ele><time>2022-07-14T18:06:47Z</time><extensions><speed>0.045554</speed><course>206.860687</course><hAcc>1.759581</hAcc><vAcc>0.800569</vAcc></extensions></trkpt>
      <trkpt lon="35.003832" lat="31.896851"><ele>226.411499</ele><time>2022-07-14T18:06:48Z</time><extensions><speed>0.043819</speed><course>208.323242</course><hAcc>1.758284</hAcc><vAcc>0.800963</vAcc></extensions></trkpt>
      <trkpt lon="35.003831" lat="31.896851"><ele>226.399094</ele><time>2022-07-14T18:06:49Z</time><extensions><speed>0.047759</speed><course>209.563126</course><hAcc>1.756977</hAcc><vAcc>0.801134</vAcc></extensions></trkpt>
      <trkpt lon="35.003831" lat="31.896850"><ele>226.387085</ele><time>2022-07-14T18:06:50Z</time><extensions><speed>0.055487</speed><course>210.111008</course><hAcc>1.758638</hAcc><vAcc>0.801215</vAcc></extensions></trkpt>
      <trkpt lon="35.003831" lat="31.896850"><ele>226.376297</ele><time>2022-07-14T18:06:51Z</time><extensions><speed>0.064538</speed><course>209.731888</course><hAcc>1.766165</hAcc><vAcc>0.801222</vAcc></extensions></trkpt>
      <trkpt lon="35.003830" lat="31.896849"><ele>226.367279</ele><time>2022-07-14T18:06:52Z</time><extensions><speed>0.067868</speed><course>207.842667</course><hAcc>1.773835</hAcc><vAcc>0.801088</vAcc></extensions></trkpt>
      <trkpt lon="35.003830" lat="31.896849"><ele>226.371140</ele><time>2022-07-14T18:06:53Z</time><extensions><speed>0.072471</speed><course>206.068268</course><hAcc>1.761011</hAcc><vAcc>0.800673</vAcc></extensions></trkpt>
      <trkpt lon="35.003830" lat="31.896848"><ele>226.380402</ele><time>2022-07-14T18:06:54Z</time><extensions><speed>0.067039</speed><course>205.488556</course><hAcc>1.761006</hAcc><vAcc>0.800310</vAcc></extensions></trkpt>
      <trkpt lon="35.003830" lat="31.896848"><ele>226.385803</ele><time>2022-07-14T18:06:55Z</time><extensions><speed>0.058716</speed><course>206.275421</course><hAcc>1.769471</hAcc><vAcc>0.800023</vAcc></extensions></trkpt>
      <trkpt lon="35.003829" lat="31.896847"><ele>226.401428</ele><time>2022-07-14T18:06:56Z</time><extensions><speed>0.052318</speed><course>207.897354</course><hAcc>1.777216</hAcc><vAcc>0.799820</vAcc></extensions></trkpt>
      <trkpt lon="35.003829" lat="31.896847"><ele>226.421783</ele><time>2022-07-14T18:06:57Z</time><extensions><speed>0.048208</speed><course>210.698593</course><hAcc>1.778466</hAcc><vAcc>0.799692</vAcc></extensions></trkpt>
      <trkpt lon="35.003829" lat="31.896847"><ele>226.446518</ele><time>2022-07-14T18:06:58Z</time><extensions><speed>0.041645</speed><course>216.124664</course><hAcc>1.771710</hAcc><vAcc>0.799637</vAcc></extensions></trkpt>
      <trkpt lon="35.003828" lat="31.896847"><ele>226.474930</ele><time>2022-07-14T18:06:59Z</time><extensions><speed>0.023744</speed><course>237.973541</course><hAcc>1.759547</hAcc><vAcc>0.799693</vAcc></extensions></trkpt>
      <trkpt lon="35.003828" lat="31.896847"><ele>226.506119</ele><time>2022-07-14T18:07:00Z</time><extensions><speed>0.025316</speed><course>339.367676</course><hAcc>1.759598</hAcc><vAcc>0.799873</vAcc></extensions></trkpt>
      <trkpt lon="35.003828" lat="31.896847"><ele>226.539124</ele><time>2022-07-14T18:07:01Z</time><extensions><speed>0.063799</speed><course>2.422741</course><hAcc>1.757169</hAcc><vAcc>0.800132</vAcc></extensions></trkpt>
      <trkpt lon="35.003828" lat="31.896848"><ele>226.573044</ele><time>2022-07-14T18:07:02Z</time><extensions><speed>0.104262</speed><course>6.903771</course><hAcc>1.744246</hAcc><vAcc>0.800487</vAcc></extensions></trkpt>
      <trkpt lon="35.003829" lat="31.896849"><ele>226.606964</ele><time>2022-07-14T18:07:03Z</time><extensions><speed>0.127275</speed><course>7.715012</course><hAcc>1.733607</hAcc><vAcc>0.800884</vAcc></extensions></trkpt>
      <trkpt lon="35.003829" lat="31.896850"><ele>226.640076</ele><time>2022-07-14T18:07:04Z</time><extensions><speed>0.121868</speed><course>7.604198</course><hAcc>1.730574</hAcc><vAcc>0.801382</vAcc></extensions></trkpt>
      <trkpt lon="35.003829" lat="31.896851"><ele>226.656937</ele><time>2022-07-14T18:07:05Z</time><extensions><speed>0.123276</speed><course>8.158862</course><hAcc>1.701097</hAcc><vAcc>0.801897</vAcc></extensions></trkpt>
      <trkpt lon="35.003829" lat="31.896852"><ele>226.678177</ele><time>2022-07-14T18:07:06Z</time><extensions><speed>0.090578</speed><course>8.100986</course><hAcc>1.688662</hAcc><vAcc>0.802172</vAcc></extensions></trkpt>
      <trkpt lon="35.003829" lat="31.896853"><ele>226.687225</ele><time>2022-07-14T18:07:07Z</time><extensions><speed>0.061727</speed><course>7.758104</course><hAcc>1.683954</hAcc><vAcc>0.802441</vAcc></extensions></trkpt>
      <trkpt lon="35.003829" lat="31.896853"><ele>226.689758</ele><time>2022-07-14T18:07:08Z</time><extensions><speed>0.038720</speed><course>6.798893</course><hAcc>1.688792</hAcc><vAcc>0.802492</vAcc></extensions></trkpt>
      <trkpt lon="35.003829" lat="31.896853"><ele>226.687180</ele><time>2022-07-14T18:07:09Z</time><extensions><speed>0.020971</speed><course>3.648078</course><hAcc>1.707624</hAcc><vAcc>0.802320</vAcc></extensions></trkpt>
      <trkpt lon="35.003829" lat="31.896854"><ele>226.690216</ele><time>2022-07-14T18:07:10Z</time><extensions><speed>0.009705</speed><course>348.510437</course><hAcc>1.720432</hAcc><vAcc>0.801817</vAcc></extensions></trkpt>
      <trkpt lon="35.003829" lat="31.896854"><ele>226.683273</ele><time>2022-07-14T18:07:11Z</time><extensions><speed>0.007968</speed><course>269.866852</course><hAcc>1.698682</hAcc><vAcc>0.801027</vAcc></extensions></trkpt>
      <trkpt lon="35.003829" lat="31.896853"><ele>226.686935</ele><time>2022-07-14T18:07:12Z</time><extensions><speed>0.020277</speed><course>225.601410</course><hAcc>1.710013</hAcc><vAcc>0.800209</vAcc></extensions></trkpt>
      <trkpt lon="35.003829" lat="31.896853"><ele>226.675171</ele><time>2022-07-14T18:07:13Z</time><extensions><speed>0.037838</speed><course>216.782669</course><hAcc>1.741504</hAcc><vAcc>0.799346</vAcc></extensions></trkpt>
      <trkpt lon="35.003829" lat="31.896853"><ele>226.671844</ele><time>2022-07-14T18:07:14Z</time><extensions><speed>0.057361</speed><course>213.247498</course><hAcc>1.766816</hAcc><vAcc>0.798586</vAcc></extensions></trkpt>
      <trkpt lon="35.003828" lat="31.896852"><ele>226.671402</ele><time>2022-07-14T18:07:15Z</time><extensions><speed>0.073940</speed><course>212.425064</course><hAcc>1.780691</hAcc><vAcc>0.797999</vAcc></extensions></trkpt>
      <trkpt lon="35.003828" lat="31.896852"><ele>226.664413</ele><time>2022-07-14T18:07:16Z</time><extensions><speed>0.075750</speed><course>205.675751</course><hAcc>1.786287</hAcc><vAcc>0.797756</vAcc></extensions></trkpt>
      <trkpt lon="35.003828" lat="31.896851"><ele>226.663345</ele><time>2022-07-14T18:07:17Z</time><extensions><speed>0.078503</speed><course>186.575989</course><hAcc>1.792265</hAcc><vAcc>0.797721</vAcc></extensions></trkpt>
      <trkpt lon="35.003828" lat="31.896850"><ele>226.664032</ele><time>2022-07-14T18:07:18Z</time><extensions><speed>0.110787</speed><course>169.213150</course><hAcc>1.802236</hAcc><vAcc>0.798110</vAcc></extensions></trkpt>
      <trkpt lon="35.003828" lat="31.896849"><ele>226.671875</ele><time>2022-07-14T18:07:19Z</time><extensions><speed>0.176206</speed><course>161.672211</course><hAcc>1.808620</hAcc><vAcc>0.798857</vAcc></extensions></trkpt>
      <trkpt lon="35.003829" lat="31.896847"><ele>226.684235</ele><time>2022-07-14T18:07:20Z</time><extensions><speed>0.292135</speed><course>159.064133</course><hAcc>1.800161</hAcc><vAcc>0.799929</vAcc></extensions></trkpt>
      <trkpt lon="35.003830" lat="31.896844"><ele>226.696960</ele><time>2022-07-14T18:07:21Z</time><extensions><speed>0.413199</speed><course>156.615540</course><hAcc>1.791118</hAcc><vAcc>0.801158</vAcc></extensions></trkpt>
      <trkpt lon="35.003833" lat="31.896840"><ele>226.708191</ele><time>2022-07-14T18:07:22Z</time><extensions><speed>0.493482</speed><course>153.437134</course><hAcc>1.786239</hAcc><vAcc>0.802572</vAcc></extensions></trkpt>
      <trkpt lon="35.003835" lat="31.896836"><ele>226.727127</ele><time>2022-07-14T18:07:23Z</time><extensions><speed>0.534914</speed><course>150.332443</course><hAcc>1.778220</hAcc><vAcc>0.803761</vAcc></extensions></trkpt>
      <trkpt lon="35.003838" lat="31.896832"><ele>226.746567</ele><time>2022-07-14T18:07:24Z</time><extensions><speed>0.534491</speed><course>148.048660</course><hAcc>1.762876</hAcc><vAcc>0.804616</vAcc></extensions></trkpt>
      <trkpt lon="35.003841" lat="31.896828"><ele>226.764542</ele><time>2022-07-14T18:07:25Z</time><extensions><speed>0.468088</speed><course>147.083740</course><hAcc>1.751009</hAcc><vAcc>0.805511</vAcc></extensions></trkpt>
      <trkpt lon="35.003843" lat="31.896825"><ele>226.779816</ele><time>2022-07-14T18:07:26Z</time><extensions><speed>0.328677</speed><course>147.217194</course><hAcc>1.751673</hAcc><vAcc>0.806187</vAcc></extensions></trkpt>
      <trkpt lon="35.003845" lat="31.896823"><ele>226.797607</ele><time>2022-07-14T18:07:27Z</time><extensions><speed>0.225855</speed><course>147.328537</course><hAcc>1.736211</hAcc><vAcc>0.806468</vAcc></extensions></trkpt>
      <trkpt lon="35.003845" lat="31.896822"><ele>226.814346</ele><time>2022-07-14T18:07:28Z</time><extensions><speed>0.112073</speed><course>148.320160</course><hAcc>1.724129</hAcc><vAcc>0.806593</vAcc></extensions></trkpt>
      <trkpt lon="35.003846" lat="31.896822"><ele>226.833496</ele><time>2022-07-14T18:07:29Z</time><extensions><speed>0.007334</speed><course>191.980209</course><hAcc>1.716390</hAcc><vAcc>0.806531</vAcc></extensions></trkpt>
      <trkpt lon="35.003845" lat="31.896822"><ele>226.847763</ele><time>2022-07-14T18:07:30Z</time><extensions><speed>0.088398</speed><course>331.389893</course><hAcc>1.711008</hAcc><vAcc>0.806209</vAcc></extensions></trkpt>
      <trkpt lon="35.003845" lat="31.896823"><ele>226.860428</ele><time>2022-07-14T18:07:31Z</time><extensions><speed>0.168030</speed><course>336.886658</course><hAcc>1.711858</hAcc><vAcc>0.805764</vAcc></extensions></trkpt>
      <trkpt lon="35.003844" lat="31.896825"><ele>226.866470</ele><time>2022-07-14T18:07:32Z</time><extensions><speed>0.235375</speed><course>337.416718</course><hAcc>1.715656</hAcc><vAcc>0.805288</vAcc></extensions></trkpt>
      <trkpt lon="35.003843" lat="31.896827"><ele>226.871567</ele><time>2022-07-14T18:07:33Z</time><extensions><speed>0.298477</speed><course>334.171997</course><hAcc>1.714043</hAcc><vAcc>0.804916</vAcc></extensions></trkpt>
      <trkpt lon="35.003841" lat="31.896830"><ele>226.872726</ele><time>2022-07-14T18:07:34Z</time><extensions><speed>0.335643</speed><course>329.941925</course><hAcc>1.712204</hAcc><vAcc>0.804768</vAcc></extensions></trkpt>
      <trkpt lon="35.003839" lat="31.896832"><ele>226.872726</ele><time>2022-07-14T18:07:35Z</time><extensions><speed>0.332959</speed><course>327.546570</course><hAcc>1.715219</hAcc><vAcc>0.804909</vAcc></extensions></trkpt>
      <trkpt lon="35.003838" lat="31.896835"><ele>226.874084</ele><time>2022-07-14T18:07:36Z</time><extensions><speed>0.302651</speed><course>327.670807</course><hAcc>1.717242</hAcc><vAcc>0.805406</vAcc></extensions></trkpt>
      <trkpt lon="35.003836" lat="31.896837"><ele>226.861206</ele><time>2022-07-14T18:07:37Z</time><extensions><speed>0.276279</speed><course>329.285217</course><hAcc>1.710159</hAcc><vAcc>0.806178</vAcc></extensions></trkpt>
      <trkpt lon="35.003835" lat="31.896839"><ele>226.852783</ele><time>2022-07-14T18:07:38Z</time><extensions><speed>0.246897</speed><course>332.341949</course><hAcc>1.704220</hAcc><vAcc>0.807062</vAcc></extensions></trkpt>
      <trkpt lon="35.003834" lat="31.896841"><ele>226.843445</ele><time>2022-07-14T18:07:39Z</time><extensions><speed>0.218404</speed><course>337.385437</course><hAcc>1.701927</hAcc><vAcc>0.807891</vAcc></extensions></trkpt>
      <trkpt lon="35.003833" lat="31.896843"><ele>226.832718</ele><time>2022-07-14T18:07:40Z</time><extensions><speed>0.209935</speed><course>342.784088</course><hAcc>1.693241</hAcc><vAcc>0.808620</vAcc></extensions></trkpt>
      <trkpt lon="35.003832" lat="31.896845"><ele>226.820953</ele><time>2022-07-14T18:07:41Z</time><extensions><speed>0.205411</speed><course>346.069122</course><hAcc>1.682707</hAcc><vAcc>0.809049</vAcc></extensions></trkpt>
      <trkpt lon="35.003832" lat="31.896846"><ele>226.803726</ele><time>2022-07-14T18:07:42Z</time><extensions><speed>0.192126</speed><course>344.943024</course><hAcc>1.675727</hAcc><vAcc>0.808968</vAcc></extensions></trkpt>
      <trkpt lon="35.003831" lat="31.896848"><ele>226.784622</ele><time>2022-07-14T18:07:43Z</time><extensions><speed>0.173602</speed><course>340.224365</course><hAcc>1.672482</hAcc><vAcc>0.808573</vAcc></extensions></trkpt>
      <trkpt lon="35.003830" lat="31.896849"><ele>226.762299</ele><time>2022-07-14T18:07:44Z</time><extensions><speed>0.153084</speed><course>333.024780</course><hAcc>1.675819</hAcc><vAcc>0.807652</vAcc></extensions></trkpt>
      <trkpt lon="35.003829" lat="31.896850"><ele>226.741287</ele><time>2022-07-14T18:07:45Z</time><extensions><speed>0.125186</speed><course>324.870728</course><hAcc>1.685081</hAcc><vAcc>0.806559</vAcc></extensions></trkpt>
      <trkpt lon="35.003829" lat="31.896851"><ele>226.720016</ele><time>2022-07-14T18:07:46Z</time><extensions><speed>0.124738</speed><course>318.136261</course><hAcc>1.670940</hAcc><vAcc>0.805140</vAcc></extensions></trkpt>
      <trkpt lon="35.003828" lat="31.896852"><ele>226.698685</ele><time>2022-07-14T18:07:47Z</time><extensions><speed>0.108792</speed><course>311.883484</course><hAcc>1.667366</hAcc><vAcc>0.803322</vAcc></extensions></trkpt>
      <trkpt lon="35.003827" lat="31.896853"><ele>226.677597</ele><time>2022-07-14T18:07:48Z</time><extensions><speed>0.095208</speed><course>301.107147</course><hAcc>1.673775</hAcc><vAcc>0.801299</vAcc></extensions></trkpt>
      <trkpt lon="35.003826" lat="31.896853"><ele>226.655075</ele><time>2022-07-14T18:07:49Z</time><extensions><speed>0.090540</speed><course>286.487274</course><hAcc>1.689923</hAcc><vAcc>0.799051</vAcc></extensions></trkpt>
      <trkpt lon="35.003825" lat="31.896853"><ele>226.638092</ele><time>2022-07-14T18:07:50Z</time><extensions><speed>0.100686</speed><course>274.899841</course><hAcc>1.699475</hAcc><vAcc>0.796894</vAcc></extensions></trkpt>
      <trkpt lon="35.003824" lat="31.896853"><ele>226.626221</ele><time>2022-07-14T18:07:51Z</time><extensions><speed>0.113928</speed><course>269.854797</course><hAcc>1.695042</hAcc><vAcc>0.794956</vAcc></extensions></trkpt>
      <trkpt lon="35.003823" lat="31.896853"><ele>226.613602</ele><time>2022-07-14T18:07:52Z</time><extensions><speed>0.107162</speed><course>272.819946</course><hAcc>1.676362</hAcc><vAcc>0.793434</vAcc></extensions></trkpt>
      <trkpt lon="35.003822" lat="31.896853"><ele>226.602982</ele><time>2022-07-14T18:07:53Z</time><extensions><speed>0.066326</speed><course>287.788727</course><hAcc>1.669463</hAcc><vAcc>0.792351</vAcc></extensions></trkpt>
      <trkpt lon="35.003822" lat="31.896853"><ele>226.594498</ele><time>2022-07-14T18:07:54Z</time><extensions><speed>0.037295</speed><course>313.107483</course><hAcc>1.664644</hAcc><vAcc>0.791876</vAcc></extensions></trkpt>
      <trkpt lon="35.003821" lat="31.896853"><ele>226.588348</ele><time>2022-07-14T18:07:55Z</time><extensions><speed>0.017048</speed><course>353.752045</course><hAcc>1.676136</hAcc><vAcc>0.791877</vAcc></extensions></trkpt>
      <trkpt lon="35.003821" lat="31.896854"><ele>226.584595</ele><time>2022-07-14T18:07:56Z</time><extensions><speed>0.016787</speed><course>58.579445</course><hAcc>1.673304</hAcc><vAcc>0.792182</vAcc></extensions></trkpt>
      <trkpt lon="35.003822" lat="31.896854"><ele>226.583099</ele><time>2022-07-14T18:07:57Z</time><extensions><speed>0.029561</speed><course>90.732811</course><hAcc>1.665769</hAcc><vAcc>0.792637</vAcc></extensions></trkpt>
      <trkpt lon="35.003822" lat="31.896854"><ele>226.583679</ele><time>2022-07-14T18:07:58Z</time><extensions><speed>0.051097</speed><course>104.764214</course><hAcc>1.653277</hAcc><vAcc>0.793144</vAcc></extensions></trkpt>
      <trkpt lon="35.003823" lat="31.896853"><ele>226.586044</ele><time>2022-07-14T18:07:59Z</time><extensions><speed>0.084518</speed><course>114.000740</course><hAcc>1.634385</hAcc><vAcc>0.793766</vAcc></extensions></trkpt>
      <trkpt lon="35.003824" lat="31.896853"><ele>226.589890</ele><time>2022-07-14T18:08:00Z</time><extensions><speed>0.107511</speed><course>121.420807</course><hAcc>1.635621</hAcc><vAcc>0.794318</vAcc></extensions></trkpt>
      <trkpt lon="35.003825" lat="31.896852"><ele>226.594742</ele><time>2022-07-14T18:08:01Z</time><extensions><speed>0.114139</speed><course>127.451057</course><hAcc>1.655459</hAcc><vAcc>0.794788</vAcc></extensions></trkpt>
      <trkpt lon="35.003825" lat="31.896852"><ele>226.600174</ele><time>2022-07-14T18:08:02Z</time><extensions><speed>0.076267</speed><course>131.778427</course><hAcc>1.694697</hAcc><vAcc>0.795157</vAcc></extensions></trkpt>
      <trkpt lon="35.003826" lat="31.896851"><ele>226.605911</ele><time>2022-07-14T18:08:03Z</time><extensions><speed>0.083415</speed><course>133.705170</course><hAcc>1.669880</hAcc><vAcc>0.795288</vAcc></extensions></trkpt>
      <trkpt lon="35.003827" lat="31.896851"><ele>226.611710</ele><time>2022-07-14T18:08:04Z</time><extensions><speed>0.072029</speed><course>134.371490</course><hAcc>1.661692</hAcc><vAcc>0.795406</vAcc></extensions></trkpt>
      <trkpt lon="35.003827" lat="31.896850"><ele>226.617416</ele><time>2022-07-14T18:08:05Z</time><extensions><speed>0.056962</speed><course>134.693100</course><hAcc>1.670185</hAcc><vAcc>0.795470</vAcc></extensions></trkpt>
      <trkpt lon="35.003828" lat="31.896850"><ele>226.622879</ele><time>2022-07-14T18:08:06Z</time><extensions><speed>0.042764</speed><course>134.872177</course><hAcc>1.681759</hAcc><vAcc>0.795416</vAcc></extensions></trkpt>
      <trkpt lon="35.003828" lat="31.896850"><ele>226.628021</ele><time>2022-07-14T18:08:07Z</time><extensions><speed>0.030108</speed><course>134.982269</course><hAcc>1.693941</hAcc><vAcc>0.795247</vAcc></extensions></trkpt>
      <trkpt lon="35.003828" lat="31.896850"><ele>226.632294</ele><time>2022-07-14T18:08:08Z</time><extensions><speed>0.023811</speed><course>132.834122</course><hAcc>1.700764</hAcc><vAcc>0.794941</vAcc></extensions></trkpt>
      <trkpt lon="35.003828" lat="31.896850"><ele>226.634521</ele><time>2022-07-14T18:08:09Z</time><extensions><speed>0.020923</speed><course>129.882034</course><hAcc>1.702743</hAcc><vAcc>0.794731</vAcc></extensions></trkpt>
      <trkpt lon="35.003829" lat="31.896849"><ele>226.635986</ele><time>2022-07-14T18:08:10Z</time><extensions><speed>0.021931</speed><course>126.624016</course><hAcc>1.697415</hAcc><vAcc>0.794696</vAcc></extensions></trkpt>
      <trkpt lon="35.003829" lat="31.896849"><ele>226.636597</ele><time>2022-07-14T18:08:11Z</time><extensions><speed>0.024648</speed><course>123.935287</course><hAcc>1.696713</hAcc><vAcc>0.794693</vAcc></extensions></trkpt>
      <trkpt lon="35.003829" lat="31.896849"><ele>226.636444</ele><time>2022-07-14T18:08:12Z</time><extensions><speed>0.030230</speed><course>122.096436</course><hAcc>1.694719</hAcc><vAcc>0.794808</vAcc></extensions></trkpt>
      <trkpt lon="35.003829" lat="31.896849"><ele>226.635513</ele><time>2022-07-14T18:08:13Z</time><extensions><speed>0.040041</speed><course>121.051262</course><hAcc>1.686613</hAcc><vAcc>0.794968</vAcc></extensions></trkpt>
      <trkpt lon="35.003830" lat="31.896849"><ele>226.633896</ele><time>2022-07-14T18:08:14Z</time><extensions><speed>0.052329</speed><course>120.520409</course><hAcc>1.681419</hAcc><vAcc>0.795259</vAcc></extensions></trkpt>
      <trkpt lon="35.003830" lat="31.896848"><ele>226.631622</ele><time>2022-07-14T18:08:15Z</time><extensions><speed>0.067024</speed><course>120.280663</course><hAcc>1.679347</hAcc><vAcc>0.795540</vAcc></extensions></trkpt>
      <trkpt lon="35.003831" lat="31.896848"><ele>226.628784</ele><time>2022-07-14T18:08:16Z</time><extensions><speed>0.087609</speed><course>120.235237</course><hAcc>1.673757</hAcc><vAcc>0.795784</vAcc></extensions></trkpt>
      <trkpt lon="35.003832" lat="31.896848"><ele>226.625443</ele><time>2022-07-14T18:08:17Z</time><extensions><speed>0.100983</speed><course>120.378563</course><hAcc>1.672313</hAcc><vAcc>0.795657</vAcc></extensions></trkpt>
      <trkpt lon="35.003833" lat="31.896847"><ele>226.621735</ele><time>2022-07-14T18:08:18Z</time><extensions><speed>0.111488</speed><course>120.881836</course><hAcc>1.655470</hAcc><vAcc>0.795343</vAcc></extensions></trkpt>
      <trkpt lon="35.003834" lat="31.896847"><ele>226.626617</ele><time>2022-07-14T18:08:19Z</time><extensions><speed>0.093581</speed><course>123.883194</course><hAcc>1.647892</hAcc><vAcc>0.794983</vAcc></extensions></trkpt>
      <trkpt lon="35.003834" lat="31.896846"><ele>226.631760</ele><time>2022-07-14T18:08:20Z</time><extensions><speed>0.070019</speed><course>130.276260</course><hAcc>1.640040</hAcc><vAcc>0.794657</vAcc></extensions></trkpt>
      <trkpt lon="35.003835" lat="31.896846"><ele>226.638184</ele><time>2022-07-14T18:08:21Z</time><extensions><speed>0.054957</speed><course>140.605606</course><hAcc>1.619363</hAcc><vAcc>0.794478</vAcc></extensions></trkpt>
      <trkpt lon="35.003835" lat="31.896845"><ele>226.648163</ele><time>2022-07-14T18:08:22Z</time><extensions><speed>0.041144</speed><course>152.983795</course><hAcc>1.601259</hAcc><vAcc>0.794391</vAcc></extensions></trkpt>
      <trkpt lon="35.003835" lat="31.896845"><ele>226.657608</ele><time>2022-07-14T18:08:23Z</time><extensions><speed>0.030461</speed><course>169.220779</course><hAcc>1.596311</hAcc><vAcc>0.794428</vAcc></extensions></trkpt>
      <trkpt lon="35.003835" lat="31.896845"><ele>226.672729</ele><time>2022-07-14T18:08:24Z</time><extensions><speed>0.023786</speed><course>190.593796</course><hAcc>1.606687</hAcc><vAcc>0.794637</vAcc></extensions></trkpt>
      <trkpt lon="35.003835" lat="31.896845"><ele>226.690079</ele><time>2022-07-14T18:08:25Z</time><extensions><speed>0.023930</speed><course>210.066818</course><hAcc>1.623432</hAcc><vAcc>0.795000</vAcc></extensions></trkpt>
      <trkpt lon="35.003835" lat="31.896845"><ele>226.709503</ele><time>2022-07-14T18:08:26Z</time><extensions><speed>0.031722</speed><course>224.043457</course><hAcc>1.632916</hAcc><vAcc>0.795497</vAcc></extensions></trkpt>
      <trkpt lon="35.003834" lat="31.896844"><ele>226.730728</ele><time>2022-07-14T18:08:27Z</time><extensions><speed>0.073858</speed><course>232.064484</course><hAcc>1.596513</hAcc><vAcc>0.796157</vAcc></extensions></trkpt>
      <trkpt lon="35.003834" lat="31.896844"><ele>226.753387</ele><time>2022-07-14T18:08:28Z</time><extensions><speed>0.096236</speed><course>239.541351</course><hAcc>1.603035</hAcc><vAcc>0.797079</vAcc></extensions></trkpt>
      <trkpt lon="35.003833" lat="31.896844"><ele>226.777023</ele><time>2022-07-14T18:08:29Z</time><extensions><speed>0.097384</speed><course>254.451187</course><hAcc>1.631799</hAcc><vAcc>0.798235</vAcc></extensions></trkpt>
      <trkpt lon="35.003832" lat="31.896843"><ele>226.795563</ele><time>2022-07-14T18:08:30Z</time><extensions><speed>0.088585</speed><course>283.966675</course><hAcc>1.648886</hAcc><vAcc>0.799525</vAcc></extensions></trkpt>
      <trkpt lon="35.003831" lat="31.896844"><ele>226.811920</ele><time>2022-07-14T18:08:31Z</time><extensions><speed>0.103090</speed><course>317.873260</course><hAcc>1.648923</hAcc><vAcc>0.800523</vAcc></extensions></trkpt>
      <trkpt lon="35.003830" lat="31.896845"><ele>226.826736</ele><time>2022-07-14T18:08:32Z</time><extensions><speed>0.126516</speed><course>334.872406</course><hAcc>1.636921</hAcc><vAcc>0.801289</vAcc></extensions></trkpt>
      <trkpt lon="35.003830" lat="31.896846"><ele>226.839584</ele><time>2022-07-14T18:08:33Z</time><extensions><speed>0.126128</speed><course>341.375580</course><hAcc>1.629770</hAcc><vAcc>0.801607</vAcc></extensions></trkpt>
      <trkpt lon="35.003830" lat="31.896847"><ele>226.850266</ele><time>2022-07-14T18:08:34Z</time><extensions><speed>0.089207</speed><course>346.540344</course><hAcc>1.646417</hAcc><vAcc>0.801519</vAcc></extensions></trkpt>
      <trkpt lon="35.003830" lat="31.896847"><ele>226.858459</ele><time>2022-07-14T18:08:35Z</time><extensions><speed>0.058392</speed><course>357.793365</course><hAcc>1.659980</hAcc><vAcc>0.800818</vAcc></extensions></trkpt>
      <trkpt lon="35.003830" lat="31.896848"><ele>226.864029</ele><time>2022-07-14T18:08:36Z</time><extensions><speed>0.041513</speed><course>24.478243</course><hAcc>1.664569</hAcc><vAcc>0.799410</vAcc></extensions></trkpt>
      <trkpt lon="35.003830" lat="31.896848"><ele>226.867096</ele><time>2022-07-14T18:08:37Z</time><extensions><speed>0.059060</speed><course>57.619339</course><hAcc>1.641904</hAcc><vAcc>0.797582</vAcc></extensions></trkpt>
      <trkpt lon="35.003831" lat="31.896848"><ele>226.871872</ele><time>2022-07-14T18:08:38Z</time><extensions><speed>0.080164</speed><course>78.837143</course><hAcc>1.651609</hAcc><vAcc>0.795265</vAcc></extensions></trkpt>
      <trkpt lon="35.003832" lat="31.896848"><ele>226.875687</ele><time>2022-07-14T18:08:39Z</time><extensions><speed>0.103822</speed><course>90.937881</course><hAcc>1.674629</hAcc><vAcc>0.792622</vAcc></extensions></trkpt>
      <trkpt lon="35.003833" lat="31.896848"><ele>226.874893</ele><time>2022-07-14T18:08:40Z</time><extensions><speed>0.111024</speed><course>98.270172</course><hAcc>1.694305</hAcc><vAcc>0.789928</vAcc></extensions></trkpt>
      <trkpt lon="35.003834" lat="31.896848"><ele>226.872864</ele><time>2022-07-14T18:08:41Z</time><extensions><speed>0.099818</speed><course>104.359734</course><hAcc>1.706991</hAcc><vAcc>0.787171</vAcc></extensions></trkpt>
      <trkpt lon="35.003835" lat="31.896848"><ele>226.870041</ele><time>2022-07-14T18:08:42Z</time><extensions><speed>0.080833</speed><course>111.116539</course><hAcc>1.717655</hAcc><vAcc>0.784580</vAcc></extensions></trkpt>
      <trkpt lon="35.003835" lat="31.896848"><ele>226.866241</ele><time>2022-07-14T18:08:43Z</time><extensions><speed>0.063469</speed><course>121.558144</course><hAcc>1.725518</hAcc><vAcc>0.782209</vAcc></extensions></trkpt>
      <trkpt lon="35.003836" lat="31.896847"><ele>226.851242</ele><time>2022-07-14T18:08:44Z</time><extensions><speed>0.050934</speed><course>135.208878</course><hAcc>1.735642</hAcc><vAcc>0.780155</vAcc></extensions></trkpt>
      <trkpt lon="35.003836" lat="31.896847"><ele>226.841156</ele><time>2022-07-14T18:08:45Z</time><extensions><speed>0.047830</speed><course>152.117950</course><hAcc>1.740955</hAcc><vAcc>0.778508</vAcc></extensions></trkpt>
      <trkpt lon="35.003836" lat="31.896847"><ele>226.832260</ele><time>2022-07-14T18:08:46Z</time><extensions><speed>0.051558</speed><course>163.334167</course><hAcc>1.740196</hAcc><vAcc>0.777703</vAcc></extensions></trkpt>
      <trkpt lon="35.003837" lat="31.896846"><ele>226.824554</ele><time>2022-07-14T18:08:47Z</time><extensions><speed>0.056609</speed><course>170.213257</course><hAcc>1.734412</hAcc><vAcc>0.777621</vAcc></extensions></trkpt>
      <trkpt lon="35.003837" lat="31.896846"><ele>226.801895</ele><time>2022-07-14T18:08:48Z</time><extensions><speed>0.054928</speed><course>171.991745</course><hAcc>1.724022</hAcc><vAcc>0.778304</vAcc></extensions></trkpt>
      <trkpt lon="35.003837" lat="31.896845"><ele>226.788574</ele><time>2022-07-14T18:08:49Z</time><extensions><speed>0.041625</speed><course>169.177277</course><hAcc>1.718357</hAcc><vAcc>0.779624</vAcc></extensions></trkpt>
      <trkpt lon="35.003837" lat="31.896845"><ele>226.787415</ele><time>2022-07-14T18:08:50Z</time><extensions><speed>0.026797</speed><course>154.508545</course><hAcc>1.714782</hAcc><vAcc>0.781433</vAcc></extensions></trkpt>
      <trkpt lon="35.003837" lat="31.896844"><ele>226.781769</ele><time>2022-07-14T18:08:51Z</time><extensions><speed>0.021768</speed><course>113.894905</course><hAcc>1.714465</hAcc><vAcc>0.783441</vAcc></extensions></trkpt>
      <trkpt lon="35.003838" lat="31.896844"><ele>226.787842</ele><time>2022-07-14T18:08:52Z</time><extensions><speed>0.033652</speed><course>85.196266</course><hAcc>1.715060</hAcc><vAcc>0.785164</vAcc></extensions></trkpt>
      <trkpt lon="35.003838" lat="31.896844"><ele>226.794174</ele><time>2022-07-14T18:08:53Z</time><extensions><speed>0.059560</speed><course>85.260429</course><hAcc>1.712450</hAcc><vAcc>0.786217</vAcc></extensions></trkpt>
      <trkpt lon="35.003839" lat="31.896844"><ele>226.812668</ele><time>2022-07-14T18:08:54Z</time><extensions><speed>0.089010</speed><course>99.244781</course><hAcc>1.720460</hAcc><vAcc>0.787363</vAcc></extensions></trkpt>
      <trkpt lon="35.003840" lat="31.896844"><ele>226.833618</ele><time>2022-07-14T18:08:55Z</time><extensions><speed>0.128003</speed><course>116.817650</course><hAcc>1.737877</hAcc><vAcc>0.788389</vAcc></extensions></trkpt>
      <trkpt lon="35.003841" lat="31.896843"><ele>226.850128</ele><time>2022-07-14T18:08:56Z</time><extensions><speed>0.192455</speed><course>132.149948</course><hAcc>1.756469</hAcc><vAcc>0.789073</vAcc></extensions></trkpt>
      <trkpt lon="35.003843" lat="31.896842"><ele>226.869720</ele><time>2022-07-14T18:08:57Z</time><extensions><speed>0.321463</speed><course>140.970398</course><hAcc>1.758733</hAcc><vAcc>0.789737</vAcc></extensions></trkpt>
      <trkpt lon="35.003846" lat="31.896838"><ele>226.892120</ele><time>2022-07-14T18:08:58Z</time><extensions><speed>0.537583</speed><course>142.787201</course><hAcc>1.747971</hAcc><vAcc>0.790388</vAcc></extensions></trkpt>
      <trkpt lon="35.003849" lat="31.896834"><ele>226.916824</ele><time>2022-07-14T18:08:59Z</time><extensions><speed>0.601429</speed><course>147.462326</course><hAcc>1.762273</hAcc><vAcc>0.790983</vAcc></extensions></trkpt>
      <trkpt lon="35.003852" lat="31.896830"><ele>226.943741</ele><time>2022-07-14T18:09:00Z</time><extensions><speed>0.508797</speed><course>148.505997</course><hAcc>1.785184</hAcc><vAcc>0.791460</vAcc></extensions></trkpt>
      <trkpt lon="35.003855" lat="31.896827"><ele>226.968842</ele><time>2022-07-14T18:09:01Z</time><extensions><speed>0.328945</speed><course>154.127441</course><hAcc>1.812158</hAcc><vAcc>0.791792</vAcc></extensions></trkpt>
      <trkpt lon="35.003856" lat="31.896824"><ele>226.993073</ele><time>2022-07-14T18:09:02Z</time><extensions><speed>0.308806</speed><course>156.985703</course><hAcc>1.806845</hAcc><vAcc>0.792276</vAcc></extensions></trkpt>
      <trkpt lon="35.003857" lat="31.896821"><ele>227.015427</ele><time>2022-07-14T18:09:03Z</time><extensions><speed>0.365855</speed><course>155.947693</course><hAcc>1.792189</hAcc><vAcc>0.793002</vAcc></extensions></trkpt>
      <trkpt lon="35.003859" lat="31.896819"><ele>227.035126</ele><time>2022-07-14T18:09:04Z</time><extensions><speed>0.278118</speed><course>156.901993</course><hAcc>1.800257</hAcc><vAcc>0.793948</vAcc></extensions></trkpt>
      <trkpt lon="35.003860" lat="31.896817"><ele>227.051727</ele><time>2022-07-14T18:09:05Z</time><extensions><speed>0.109187</speed><course>111.893898</course><hAcc>1.805478</hAcc><vAcc>0.795140</vAcc></extensions></trkpt>
      <trkpt lon="35.003861" lat="31.896817"><ele>227.065125</ele><time>2022-07-14T18:09:06Z</time><extensions><speed>0.102278</speed><course>63.144646</course><hAcc>1.793972</hAcc><vAcc>0.796532</vAcc></extensions></trkpt>
      <trkpt lon="35.003862" lat="31.896818"><ele>227.075546</ele><time>2022-07-14T18:09:07Z</time><extensions><speed>0.095911</speed><course>51.258194</course><hAcc>1.787192</hAcc><vAcc>0.798041</vAcc></extensions></trkpt>
      <trkpt lon="35.003863" lat="31.896818"><ele>227.083282</ele><time>2022-07-14T18:09:08Z</time><extensions><speed>0.074431</speed><course>54.896439</course><hAcc>1.784778</hAcc><vAcc>0.799582</vAcc></extensions></trkpt>
      <trkpt lon="35.003863" lat="31.896819"><ele>227.088623</ele><time>2022-07-14T18:09:09Z</time><extensions><speed>0.055810</speed><course>71.111252</course><hAcc>1.779943</hAcc><vAcc>0.800843</vAcc></extensions></trkpt>
      <trkpt lon="35.003864" lat="31.896819"><ele>227.091888</ele><time>2022-07-14T18:09:10Z</time><extensions><speed>0.045908</speed><course>92.558258</course><hAcc>1.776020</hAcc><vAcc>0.801738</vAcc></extensions></trkpt>
      <trkpt lon="35.003864" lat="31.896819"><ele>227.093475</ele><time>2022-07-14T18:09:11Z</time><extensions><speed>0.039001</speed><course>106.965805</course><hAcc>1.773533</hAcc><vAcc>0.802350</vAcc></extensions></trkpt>
      <trkpt lon="35.003864" lat="31.896818"><ele>227.093704</ele><time>2022-07-14T18:09:12Z</time><extensions><speed>0.029924</speed><course>114.744743</course><hAcc>1.773539</hAcc><vAcc>0.802913</vAcc></extensions></trkpt>
      <trkpt lon="35.003865" lat="31.896818"><ele>227.105347</ele><time>2022-07-14T18:09:13Z</time><extensions><speed>0.022412</speed><course>119.938049</course><hAcc>1.767920</hAcc><vAcc>0.803300</vAcc></extensions></trkpt>
      <trkpt lon="35.003865" lat="31.896818"><ele>227.115494</ele><time>2022-07-14T18:09:14Z</time><extensions><speed>0.015959</speed><course>127.151199</course><hAcc>1.759306</hAcc><vAcc>0.803239</vAcc></extensions></trkpt>
      <trkpt lon="35.003865" lat="31.896818"><ele>227.130066</ele><time>2022-07-14T18:09:15Z</time><extensions><speed>0.011489</speed><course>137.216721</course><hAcc>1.749013</hAcc><vAcc>0.803188</vAcc></extensions></trkpt>
      <trkpt lon="35.003865" lat="31.896818"><ele>227.142426</ele><time>2022-07-14T18:09:16Z</time><extensions><speed>0.009110</speed><course>154.538025</course><hAcc>1.738773</hAcc><vAcc>0.803160</vAcc></extensions></trkpt>
      <trkpt lon="35.003865" lat="31.896818"><ele>227.153717</ele><time>2022-07-14T18:09:17Z</time><extensions><speed>0.007649</speed><course>169.172226</course><hAcc>1.727238</hAcc><vAcc>0.803067</vAcc></extensions></trkpt>
      <trkpt lon="35.003865" lat="31.896818"><ele>227.162704</ele><time>2022-07-14T18:09:18Z</time><extensions><speed>0.007424</speed><course>189.551743</course><hAcc>1.710869</hAcc><vAcc>0.803040</vAcc></extensions></trkpt>
      <trkpt lon="35.003865" lat="31.896818"><ele>227.177307</ele><time>2022-07-14T18:09:19Z</time><extensions><speed>0.007485</speed><course>200.788391</course><hAcc>1.699003</hAcc><vAcc>0.802967</vAcc></extensions></trkpt>
      <trkpt lon="35.003865" lat="31.896818"><ele>227.190521</ele><time>2022-07-14T18:09:20Z</time><extensions><speed>0.008095</speed><course>221.653198</course><hAcc>1.704152</hAcc><vAcc>0.803034</vAcc></extensions></trkpt>
      <trkpt lon="35.003865" lat="31.896818"><ele>227.203354</ele><time>2022-07-14T18:09:21Z</time><extensions><speed>0.010560</speed><course>245.494736</course><hAcc>1.719386</hAcc><vAcc>0.803082</vAcc></extensions></trkpt>
      <trkpt lon="35.003865" lat="31.896818"><ele>227.209763</ele><time>2022-07-14T18:09:22Z</time><extensions><speed>0.018513</speed><course>266.463531</course><hAcc>1.716472</hAcc><vAcc>0.802824</vAcc></extensions></trkpt>
      <trkpt lon="35.003864" lat="31.896818"><ele>227.206329</ele><time>2022-07-14T18:09:23Z</time><extensions><speed>0.042650</speed><course>280.984070</course><hAcc>1.676387</hAcc><vAcc>0.802340</vAcc></extensions></trkpt>
      <trkpt lon="35.003864" lat="31.896818"><ele>227.210480</ele><time>2022-07-14T18:09:24Z</time><extensions><speed>0.065068</speed><course>292.603271</course><hAcc>1.672351</hAcc><vAcc>0.802123</vAcc></extensions></trkpt>
      <trkpt lon="35.003863" lat="31.896818"><ele>227.207565</ele><time>2022-07-14T18:09:25Z</time><extensions><speed>0.082886</speed><course>302.954529</course><hAcc>1.713356</hAcc><vAcc>0.801805</vAcc></extensions></trkpt>
      <trkpt lon="35.003862" lat="31.896819"><ele>227.204330</ele><time>2022-07-14T18:09:26Z</time><extensions><speed>0.102964</speed><course>308.346680</course><hAcc>1.755685</hAcc><vAcc>0.801601</vAcc></extensions></trkpt>
      <trkpt lon="35.003861" lat="31.896820"><ele>227.198486</ele><time>2022-07-14T18:09:27Z</time><extensions><speed>0.197356</speed><course>307.442322</course><hAcc>1.735233</hAcc><vAcc>0.801364</vAcc></extensions></trkpt>
      <trkpt lon="35.003859" lat="31.896821"><ele>227.190308</ele><time>2022-07-14T18:09:28Z</time><extensions><speed>0.278718</speed><course>303.607178</course><hAcc>1.734468</hAcc><vAcc>0.801089</vAcc></extensions></trkpt>
      <trkpt lon="35.003856" lat="31.896823"><ele>227.180069</ele><time>2022-07-14T18:09:29Z</time><extensions><speed>0.380342</speed><course>298.771271</course><hAcc>1.747403</hAcc><vAcc>0.800777</vAcc></extensions></trkpt>
      <trkpt lon="35.003852" lat="31.896824"><ele>227.168152</ele><time>2022-07-14T18:09:30Z</time><extensions><speed>0.459821</speed><course>293.981842</course><hAcc>1.770904</hAcc><vAcc>0.800511</vAcc></extensions></trkpt>
      <trkpt lon="35.003847" lat="31.896826"><ele>227.161804</ele><time>2022-07-14T18:09:31Z</time><extensions><speed>0.522895</speed><course>289.493408</course><hAcc>1.787207</hAcc><vAcc>0.800392</vAcc></extensions></trkpt>
      <trkpt lon="35.003841" lat="31.896827"><ele>227.162201</ele><time>2022-07-14T18:09:32Z</time><extensions><speed>0.562593</speed><course>285.281769</course><hAcc>1.786792</hAcc><vAcc>0.800396</vAcc></extensions></trkpt>
      <trkpt lon="35.003835" lat="31.896828"><ele>227.151749</ele><time>2022-07-14T18:09:33Z</time><extensions><speed>0.564261</speed><course>281.346008</course><hAcc>1.770549</hAcc><vAcc>0.800759</vAcc></extensions></trkpt>
      <trkpt lon="35.003830" lat="31.896829"><ele>227.157761</ele><time>2022-07-14T18:09:34Z</time><extensions><speed>0.500570</speed><course>278.214966</course><hAcc>1.752314</hAcc><vAcc>0.801353</vAcc></extensions></trkpt>
      <trkpt lon="35.003825" lat="31.896830"><ele>227.144485</ele><time>2022-07-14T18:09:35Z</time><extensions><speed>0.419575</speed><course>275.576691</course><hAcc>1.738459</hAcc><vAcc>0.802243</vAcc></extensions></trkpt>
      <trkpt lon="35.003821" lat="31.896830"><ele>227.136246</ele><time>2022-07-14T18:09:36Z</time><extensions><speed>0.280618</speed><course>272.462799</course><hAcc>1.746145</hAcc><vAcc>0.803051</vAcc></extensions></trkpt>
      <trkpt lon="35.003818" lat="31.896830"><ele>227.129181</ele><time>2022-07-14T18:09:37Z</time><extensions><speed>0.231550</speed><course>269.671753</course><hAcc>1.731684</hAcc><vAcc>0.803707</vAcc></extensions></trkpt>
      <trkpt lon="35.003816" lat="31.896830"><ele>227.120239</ele><time>2022-07-14T18:09:38Z</time><extensions><speed>0.208241</speed><course>267.732513</course><hAcc>1.725433</hAcc><vAcc>0.804272</vAcc></extensions></trkpt>
      <trkpt lon="35.003814" lat="31.896830"><ele>227.116394</ele><time>2022-07-14T18:09:39Z</time><extensions><speed>0.205501</speed><course>267.303223</course><hAcc>1.732533</hAcc><vAcc>0.804190</vAcc></extensions></trkpt>
      <trkpt lon="35.003811" lat="31.896830"><ele>227.111191</ele><time>2022-07-14T18:09:40Z</time><extensions><speed>0.265279</speed><course>269.532471</course><hAcc>1.724593</hAcc><vAcc>0.803674</vAcc></extensions></trkpt>
      <trkpt lon="35.003808" lat="31.896830"><ele>227.110474</ele><time>2022-07-14T18:09:41Z</time><extensions><speed>0.312903</speed><course>275.101532</course><hAcc>1.727369</hAcc><vAcc>0.802917</vAcc></extensions></trkpt>
      <trkpt lon="35.003805" lat="31.896831"><ele>227.104752</ele><time>2022-07-14T18:09:42Z</time><extensions><speed>0.320740</speed><course>285.016479</course><hAcc>1.744903</hAcc><vAcc>0.801580</vAcc></extensions></trkpt>
      <trkpt lon="35.003802" lat="31.896832"><ele>227.101242</ele><time>2022-07-14T18:09:43Z</time><extensions><speed>0.291165</speed><course>302.809204</course><hAcc>1.767269</hAcc><vAcc>0.799686</vAcc></extensions></trkpt>
      <trkpt lon="35.003800" lat="31.896834"><ele>227.093765</ele><time>2022-07-14T18:09:44Z</time><extensions><speed>0.275190</speed><course>331.387512</course><hAcc>1.785171</hAcc><vAcc>0.797410</vAcc></extensions></trkpt>
      <trkpt lon="35.003799" lat="31.896836"><ele>227.089249</ele><time>2022-07-14T18:09:45Z</time><extensions><speed>0.300840</speed><course>359.315674</course><hAcc>1.798604</hAcc><vAcc>0.795028</vAcc></extensions></trkpt>
      <trkpt lon="35.003800" lat="31.896839"><ele>227.070953</ele><time>2022-07-14T18:09:46Z</time><extensions><speed>0.355754</speed><course>17.137712</course><hAcc>1.802218</hAcc><vAcc>0.792551</vAcc></extensions></trkpt>
      <trkpt lon="35.003801" lat="31.896842"><ele>227.057373</ele><time>2022-07-14T18:09:47Z</time><extensions><speed>0.372302</speed><course>28.774780</course><hAcc>1.811457</hAcc><vAcc>0.790024</vAcc></extensions></trkpt>
      <trkpt lon="35.003803" lat="31.896845"><ele>227.043243</ele><time>2022-07-14T18:09:48Z</time><extensions><speed>0.342425</speed><course>38.058189</course><hAcc>1.824220</hAcc><vAcc>0.787710</vAcc></extensions></trkpt>
      <trkpt lon="35.003806" lat="31.896847"><ele>227.028564</ele><time>2022-07-14T18:09:49Z</time><extensions><speed>0.323338</speed><course>45.256790</course><hAcc>1.821146</hAcc><vAcc>0.785665</vAcc></extensions></trkpt>
      <trkpt lon="35.003808" lat="31.896849"><ele>227.013321</ele><time>2022-07-14T18:09:50Z</time><extensions><speed>0.263553</speed><course>51.808804</course><hAcc>1.819659</hAcc><vAcc>0.783962</vAcc></extensions></trkpt>
      <trkpt lon="35.003810" lat="31.896850"><ele>226.997513</ele><time>2022-07-14T18:09:51Z</time><extensions><speed>0.201637</speed><course>57.352795</course><hAcc>1.809199</hAcc><vAcc>0.782661</vAcc></extensions></trkpt>
      <trkpt lon="35.003812" lat="31.896851"><ele>226.981216</ele><time>2022-07-14T18:09:52Z</time><extensions><speed>0.156068</speed><course>57.727341</course><hAcc>1.785894</hAcc><vAcc>0.781789</vAcc></extensions></trkpt>
      <trkpt lon="35.003813" lat="31.896851"><ele>226.964539</ele><time>2022-07-14T18:09:53Z</time><extensions><speed>0.119878</speed><course>50.838196</course><hAcc>1.762896</hAcc><vAcc>0.781358</vAcc></extensions></trkpt>
      <trkpt lon="35.003814" lat="31.896852"><ele>226.947754</ele><time>2022-07-14T18:09:54Z</time><extensions><speed>0.086368</speed><course>37.413448</course><hAcc>1.763373</hAcc><vAcc>0.781377</vAcc></extensions></trkpt>
      <trkpt lon="35.003814" lat="31.896853"><ele>226.931137</ele><time>2022-07-14T18:09:55Z</time><extensions><speed>0.049314</speed><course>15.764778</course><hAcc>1.793524</hAcc><vAcc>0.781811</vAcc></extensions></trkpt>
      <trkpt lon="35.003814" lat="31.896853"><ele>226.915100</ele><time>2022-07-14T18:09:56Z</time><extensions><speed>0.037639</speed><course>349.821564</course><hAcc>1.788200</hAcc><vAcc>0.782566</vAcc></extensions></trkpt>
      <trkpt lon="35.003814" lat="31.896853"><ele>226.900040</ele><time>2022-07-14T18:09:57Z</time><extensions><speed>0.039614</speed><course>336.932343</course><hAcc>1.744927</hAcc><vAcc>0.783529</vAcc></extensions></trkpt>
      <trkpt lon="35.003814" lat="31.896854"><ele>226.886215</ele><time>2022-07-14T18:09:58Z</time><extensions><speed>0.033565</speed><course>331.863373</course><hAcc>1.727680</hAcc><vAcc>0.784612</vAcc></extensions></trkpt>
      <trkpt lon="35.003814" lat="31.896854"><ele>226.869019</ele><time>2022-07-14T18:09:59Z</time><extensions><speed>0.022032</speed><course>313.982056</course><hAcc>1.729502</hAcc><vAcc>0.785656</vAcc></extensions></trkpt>
      <trkpt lon="35.003813" lat="31.896854"><ele>226.853149</ele><time>2022-07-14T18:10:00Z</time><extensions><speed>0.016442</speed><course>274.305756</course><hAcc>1.726970</hAcc><vAcc>0.786424</vAcc></extensions></trkpt>
      <trkpt lon="35.003813" lat="31.896854"><ele>226.836945</ele><time>2022-07-14T18:10:01Z</time><extensions><speed>0.021826</speed><course>234.464600</course><hAcc>1.720892</hAcc><vAcc>0.787077</vAcc></extensions></trkpt>
      <trkpt lon="35.003813" lat="31.896853"><ele>226.821213</ele><time>2022-07-14T18:10:02Z</time><extensions><speed>0.033252</speed><course>217.545975</course><hAcc>1.715325</hAcc><vAcc>0.787516</vAcc></extensions></trkpt>
      <trkpt lon="35.003813" lat="31.896853"><ele>226.805893</ele><time>2022-07-14T18:10:03Z</time><extensions><speed>0.045355</speed><course>210.649719</course><hAcc>1.711957</hAcc><vAcc>0.787807</vAcc></extensions></trkpt>
      <trkpt lon="35.003812" lat="31.896853"><ele>226.797531</ele><time>2022-07-14T18:10:04Z</time><extensions><speed>0.069930</speed><course>208.595947</course><hAcc>1.686576</hAcc><vAcc>0.788018</vAcc></extensions></trkpt>
      <trkpt lon="35.003812" lat="31.896852"><ele>226.794525</ele><time>2022-07-14T18:10:05Z</time><extensions><speed>0.088667</speed><course>207.361404</course><hAcc>1.681890</hAcc><vAcc>0.788028</vAcc></extensions></trkpt>
      <trkpt lon="35.003811" lat="31.896851"><ele>226.790573</ele><time>2022-07-14T18:10:06Z</time><extensions><speed>0.100731</speed><course>206.865128</course><hAcc>1.697966</hAcc><vAcc>0.787766</vAcc></extensions></trkpt>
      <trkpt lon="35.003811" lat="31.896850"><ele>226.785568</ele><time>2022-07-14T18:10:07Z</time><extensions><speed>0.131360</speed><course>206.886398</course><hAcc>1.707844</hAcc><vAcc>0.787606</vAcc></extensions></trkpt>
      <trkpt lon="35.003810" lat="31.896849"><ele>226.784714</ele><time>2022-07-14T18:10:08Z</time><extensions><speed>0.153655</speed><course>207.190292</course><hAcc>1.721199</hAcc><vAcc>0.787433</vAcc></extensions></trkpt>
      <trkpt lon="35.003809" lat="31.896848"><ele>226.786392</ele><time>2022-07-14T18:10:09Z</time><extensions><speed>0.223124</speed><course>207.932358</course><hAcc>1.694473</hAcc><vAcc>0.787328</vAcc></extensions></trkpt>
      <trkpt lon="35.003808" lat="31.896846"><ele>226.794540</ele><time>2022-07-14T18:10:10Z</time><extensions><speed>0.215997</speed><course>209.171280</course><hAcc>1.697860</hAcc><vAcc>0.787383</vAcc></extensions></trkpt>
      <trkpt lon="35.003807" lat="31.896844"><ele>226.802704</ele><time>2022-07-14T18:10:11Z</time><extensions><speed>0.168821</speed><course>211.055862</course><hAcc>1.729918</hAcc><vAcc>0.787704</vAcc></extensions></trkpt>
      <trkpt lon="35.003806" lat="31.896843"><ele>226.813141</ele><time>2022-07-14T18:10:12Z</time><extensions><speed>0.125119</speed><course>213.866638</course><hAcc>1.756900</hAcc><vAcc>0.788350</vAcc></extensions></trkpt>
      <trkpt lon="35.003806" lat="31.896842"><ele>226.825607</ele><time>2022-07-14T18:10:13Z</time><extensions><speed>0.086491</speed><course>217.388611</course><hAcc>1.774187</hAcc><vAcc>0.789325</vAcc></extensions></trkpt>
      <trkpt lon="35.003805" lat="31.896842"><ele>226.839691</ele><time>2022-07-14T18:10:14Z</time><extensions><speed>0.052088</speed><course>219.377625</course><hAcc>1.772776</hAcc><vAcc>0.790564</vAcc></extensions></trkpt>
      <trkpt lon="35.003805" lat="31.896842"><ele>226.854874</ele><time>2022-07-14T18:10:15Z</time><extensions><speed>0.018221</speed><course>221.835999</course><hAcc>1.760095</hAcc><vAcc>0.792005</vAcc></extensions></trkpt>
      <trkpt lon="35.003805" lat="31.896842"><ele>226.870621</ele><time>2022-07-14T18:10:16Z</time><extensions><speed>0.003381</speed><course>62.602211</course><hAcc>1.759082</hAcc><vAcc>0.793641</vAcc></extensions></trkpt>
      <trkpt lon="35.003805" lat="31.896842"><ele>226.886566</ele><time>2022-07-14T18:10:17Z</time><extensions><speed>0.013895</speed><course>95.995712</course><hAcc>1.747338</hAcc><vAcc>0.795380</vAcc></extensions></trkpt>
      <trkpt lon="35.003805" lat="31.896842"><ele>226.902390</ele><time>2022-07-14T18:10:18Z</time><extensions><speed>0.024488</speed><course>112.576057</course><hAcc>1.713629</hAcc><vAcc>0.797192</vAcc></extensions></trkpt>
      <trkpt lon="35.003805" lat="31.896841"><ele>226.917740</ele><time>2022-07-14T18:10:19Z</time><extensions><speed>0.027596</speed><course>121.558479</course><hAcc>1.675094</hAcc><vAcc>0.798974</vAcc></extensions></trkpt>
      <trkpt lon="35.003806" lat="31.896841"><ele>226.933090</ele><time>2022-07-14T18:10:20Z</time><extensions><speed>0.021996</speed><course>121.890068</course><hAcc>1.664704</hAcc><vAcc>0.800491</vAcc></extensions></trkpt>
      <trkpt lon="35.003806" lat="31.896841"><ele>226.946381</ele><time>2022-07-14T18:10:21Z</time><extensions><speed>0.010144</speed><course>115.991440</course><hAcc>1.701702</hAcc><vAcc>0.801964</vAcc></extensions></trkpt>
      <trkpt lon="35.003806" lat="31.896841"><ele>226.958466</ele><time>2022-07-14T18:10:22Z</time><extensions><speed>0.008474</speed><course>104.569550</course><hAcc>1.697760</hAcc><vAcc>0.803360</vAcc></extensions></trkpt>
      <trkpt lon="35.003806" lat="31.896841"><ele>226.973618</ele><time>2022-07-14T18:10:23Z</time><extensions><speed>0.009274</speed><course>88.440315</course><hAcc>1.697019</hAcc><vAcc>0.804598</vAcc></extensions></trkpt>
      <trkpt lon="35.003806" lat="31.896841"><ele>226.987900</ele><time>2022-07-14T18:10:24Z</time><extensions><speed>0.020607</speed><course>78.520668</course><hAcc>1.659331</hAcc><vAcc>0.805669</vAcc></extensions></trkpt>
      <trkpt lon="35.003807" lat="31.896841"><ele>227.001587</ele><time>2022-07-14T18:10:25Z</time><extensions><speed>0.032102</speed><course>73.753876</course><hAcc>1.666787</hAcc><vAcc>0.806535</vAcc></extensions></trkpt>
      <trkpt lon="35.003807" lat="31.896841"><ele>227.014694</ele><time>2022-07-14T18:10:26Z</time><extensions><speed>0.046219</speed><course>71.252213</course><hAcc>1.703416</hAcc><vAcc>0.807219</vAcc></extensions></trkpt>
      <trkpt lon="35.003807" lat="31.896842"><ele>227.027298</ele><time>2022-07-14T18:10:27Z</time><extensions><speed>0.064574</speed><course>70.418556</course><hAcc>1.736657</hAcc><vAcc>0.807745</vAcc></extensions></trkpt>
      <trkpt lon="35.003808" lat="31.896842"><ele>227.039459</ele><time>2022-07-14T18:10:28Z</time><extensions><speed>0.086309</speed><course>70.896858</course><hAcc>1.756845</hAcc><vAcc>0.808161</vAcc></extensions></trkpt>
      <trkpt lon="35.003809" lat="31.896842"><ele>227.051239</ele><time>2022-07-14T18:10:29Z</time><extensions><speed>0.106415</speed><course>72.793762</course><hAcc>1.762604</hAcc><vAcc>0.808483</vAcc></extensions></trkpt>
      <trkpt lon="35.003810" lat="31.896842"><ele>227.062637</ele><time>2022-07-14T18:10:30Z</time><extensions><speed>0.110672</speed><course>77.677307</course><hAcc>1.757555</hAcc><vAcc>0.808769</vAcc></extensions></trkpt>
      <trkpt lon="35.003811" lat="31.896843"><ele>227.073654</ele><time>2022-07-14T18:10:31Z</time><extensions><speed>0.090530</speed><course>79.977715</course><hAcc>1.755030</hAcc><vAcc>0.809007</vAcc></extensions></trkpt>
      <trkpt lon="35.003812" lat="31.896843"><ele>227.084274</ele><time>2022-07-14T18:10:32Z</time><extensions><speed>0.064659</speed><course>72.451698</course><hAcc>1.750608</hAcc><vAcc>0.809254</vAcc></extensions></trkpt>
      <trkpt lon="35.003813" lat="31.896843"><ele>227.094711</ele><time>2022-07-14T18:10:33Z</time><extensions><speed>0.041667</speed><course>60.464993</course><hAcc>1.740727</hAcc><vAcc>0.816370</vAcc></extensions></trkpt>
      <trkpt lon="35.003813" lat="31.896843"><ele>227.104797</ele><time>2022-07-14T18:10:34Z</time><extensions><speed>0.024828</speed><course>48.480759</course><hAcc>1.725365</hAcc><vAcc>0.827772</vAcc></extensions></trkpt>
      <trkpt lon="35.003813" lat="31.896843"><ele>227.114487</ele><time>2022-07-14T18:10:35Z</time><extensions><speed>0.015518</speed><course>37.732079</course><hAcc>1.706879</hAcc><vAcc>0.845640</vAcc></extensions></trkpt>
      <trkpt lon="35.003813" lat="31.896843"><ele>227.123734</ele><time>2022-07-14T18:10:36Z</time><extensions><speed>0.010049</speed><course>28.986145</course><hAcc>1.691961</hAcc><vAcc>0.872770</vAcc></extensions></trkpt>
      <trkpt lon="35.003813" lat="31.896843"><ele>227.132568</ele><time>2022-07-14T18:10:37Z</time><extensions><speed>0.006264</speed><course>22.321836</course><hAcc>1.697878</hAcc><vAcc>0.912470</vAcc></extensions></trkpt>
      <trkpt lon="35.003813" lat="31.896843"><ele>227.140991</ele><time>2022-07-14T18:10:38Z</time><extensions><speed>0.003540</speed><course>17.242285</course><hAcc>1.737261</hAcc><vAcc>0.968295</vAcc></extensions></trkpt>
      <trkpt lon="35.003813" lat="31.896843"><ele>227.149094</ele><time>2022-07-14T18:10:39Z</time><extensions><speed>0.001761</speed><course>13.242841</course><hAcc>1.805315</hAcc><vAcc>1.043674</vAcc></extensions></trkpt>
      <trkpt lon="35.003813" lat="31.896843"><ele>227.156921</ele><time>2022-07-14T18:10:40Z</time><extensions><speed>0.000878</speed><course>10.030811</course><hAcc>1.878771</hAcc><vAcc>1.141497</vAcc></extensions></trkpt>
      <trkpt lon="35.003813" lat="31.896843"><ele>227.164581</ele><time>2022-07-14T18:10:41Z</time><extensions><speed>0.000906</speed><course>8.283928</course><hAcc>1.989178</hAcc><vAcc>1.263820</vAcc></extensions></trkpt>
      <trkpt lon="35.003813" lat="31.896843"><ele>227.172134</ele><time>2022-07-14T18:10:42Z</time><extensions><speed>0.000750</speed><course>7.908254</course><hAcc>2.385208</hAcc><vAcc>1.411720</vAcc></extensions></trkpt>
    </trkseg>
  </trk>
</gpx>