<?xml version="1.0" encoding="UTF-8"?>
<gpx version="1.1" creator="Apple Health Export" xmlns="http://www.topografix.com/GPX/1/1" xmlns:xsi="http://www.w3.org/2001/XMLSchema-instance" xsi:schemaLocation="http://www.topografix.com/GPX/1/1 http://www.topografix.com/GPX/1/1/gpx.xsd">
  <metadata>
    <time>2026-06-04T15:24:56Z</time>
  </metadata>
  <trk>
    <name>Route 2026-05-30 9:39pm</name>
    <trkseg>
      <trkpt lon="34.992044" lat="31.904836"><ele>231.523471</ele><time>2026-05-30T17:51:05Z</time><extensions><speed>3.182638</speed><course>131.374275</course><hAcc>6.236989</hAcc><vAcc>1.673550</vAcc></extensions></trkpt>
      <trkpt lon="34.992055" lat="31.904826"><ele>231.432744</ele><time>2026-05-30T17:51:05Z</time><extensions><speed>3.054592</speed><course>130.657767</course><hAcc>5.577748</hAcc><vAcc>1.529597</vAcc></extensions></trkpt>
      <trkpt lon="34.992075" lat="31.904813"><ele>231.169540</ele><time>2026-05-30T17:51:06Z</time><extensions><speed>2.050015</speed><course>120.602076</course><hAcc>4.694225</hAcc><vAcc>1.327702</vAcc></extensions></trkpt>
      <trkpt lon="34.992083" lat="31.904803"><ele>230.859175</ele><time>2026-05-30T17:51:07Z</time><extensions><speed>1.048418</speed><course>187.908124</course><hAcc>4.070764</hAcc><vAcc>1.166017</vAcc></extensions></trkpt>
      <trkpt lon="34.992082" lat="31.904800"><ele>230.731870</ele><time>2026-05-30T17:51:07Z</time><extensions><speed>1.077680</speed><course>195.181976</course><hAcc>3.888491</hAcc><vAcc>1.114905</vAcc></extensions></trkpt>
      <trkpt lon="34.992076" lat="31.904790"><ele>230.426461</ele><time>2026-05-30T17:51:08Z</time><extensions><speed>1.470485</speed><course>217.509499</course><hAcc>3.431483</hAcc><vAcc>1.004177</vAcc></extensions></trkpt>
      <trkpt lon="34.992064" lat="31.904780"><ele>230.132502</ele><time>2026-05-30T17:51:09Z</time><extensions><speed>1.777395</speed><course>227.265528</course><hAcc>3.007132</hAcc><vAcc>0.925533</vAcc></extensions></trkpt>
      <trkpt lon="34.992048" lat="31.904768"><ele>229.836919</ele><time>2026-05-30T17:51:10Z</time><extensions><speed>2.124834</speed><course>233.313582</course><hAcc>2.604913</hAcc><vAcc>0.871989</vAcc></extensions></trkpt>
      <trkpt lon="34.992029" lat="31.904757"><ele>229.535149</ele><time>2026-05-30T17:51:11Z</time><extensions><speed>2.275166</speed><course>239.070616</course><hAcc>2.259689</hAcc><vAcc>0.840379</vAcc></extensions></trkpt>
      <trkpt lon="34.992007" lat="31.904747"><ele>229.233442</ele><time>2026-05-30T17:51:12Z</time><extensions><speed>2.456731</speed><course>245.701197</course><hAcc>1.953633</hAcc><vAcc>0.825526</vAcc></extensions></trkpt>
      <trkpt lon="34.991983" lat="31.904738"><ele>228.931382</ele><time>2026-05-30T17:51:13Z</time><extensions><speed>2.400842</speed><course>246.107230</course><hAcc>1.722982</hAcc><vAcc>0.822719</vAcc></extensions></trkpt>
      <trkpt lon="34.991962" lat="31.904729"><ele>228.625241</ele><time>2026-05-30T17:51:14Z</time><extensions><speed>2.104834</speed><course>240.783304</course><hAcc>1.588024</hAcc><vAcc>0.828084</vAcc></extensions></trkpt>
      <trkpt lon="34.991948" lat="31.904721"><ele>228.314154</ele><time>2026-05-30T17:51:15Z</time><extensions><speed>1.172696</speed><course>227.612947</course><hAcc>1.570436</hAcc><vAcc>0.838632</vAcc></extensions></trkpt>
      <trkpt lon="34.991942" lat="31.904715"><ele>228.006668</ele><time>2026-05-30T17:51:16Z</time><extensions><speed>0.464473</speed><course>214.617273</course><hAcc>1.592921</hAcc><vAcc>0.852104</vAcc></extensions></trkpt>
      <trkpt lon="34.991941" lat="31.904712"><ele>227.714799</ele><time>2026-05-30T17:51:17Z</time><extensions><speed>0.276017</speed><course>187.378079</course><hAcc>1.598336</hAcc><vAcc>0.866746</vAcc></extensions></trkpt>
      <trkpt lon="34.991941" lat="31.904709"><ele>227.464452</ele><time>2026-05-30T17:51:18Z</time><extensions><speed>0.465407</speed><course>164.648531</course><hAcc>1.602558</hAcc><vAcc>0.881210</vAcc></extensions></trkpt>
      <trkpt lon="34.991944" lat="31.904704"><ele>227.201614</ele><time>2026-05-30T17:51:19Z</time><extensions><speed>0.669846</speed><course>150.655637</course><hAcc>1.604245</hAcc><vAcc>0.894595</vAcc></extensions></trkpt>
      <trkpt lon="34.991948" lat="31.904697"><ele>226.974416</ele><time>2026-05-30T17:51:20Z</time><extensions><speed>0.947767</speed><course>151.270551</course><hAcc>1.598689</hAcc><vAcc>0.906419</vAcc></extensions></trkpt>
      <trkpt lon="34.991954" lat="31.904688"><ele>226.800890</ele><time>2026-05-30T17:51:21Z</time><extensions><speed>1.326838</speed><course>151.053394</course><hAcc>1.610482</hAcc><vAcc>0.916488</vAcc></extensions></trkpt>
      <trkpt lon="34.991962" lat="31.904676"><ele>226.667187</ele><time>2026-05-30T17:51:22Z</time><extensions><speed>1.827407</speed><course>151.273756</course><hAcc>1.630477</hAcc><vAcc>0.924797</vAcc></extensions></trkpt>
      <trkpt lon="34.991973" lat="31.904659"><ele>226.587355</ele><time>2026-05-30T17:51:23Z</time><extensions><speed>2.385226</speed><course>149.684210</course><hAcc>1.632095</hAcc><vAcc>0.931462</vAcc></extensions></trkpt>
      <trkpt lon="34.991987" lat="31.904640"><ele>226.521661</ele><time>2026-05-30T17:51:24Z</time><extensions><speed>2.644738</speed><course>147.740402</course><hAcc>1.629073</hAcc><vAcc>0.936662</vAcc></extensions></trkpt>
      <trkpt lon="34.992004" lat="31.904619"><ele>226.496509</ele><time>2026-05-30T17:51:25Z</time><extensions><speed>2.907062</speed><course>144.427847</course><hAcc>1.622230</hAcc><vAcc>0.940609</vAcc></extensions></trkpt>
      <trkpt lon="34.992022" lat="31.904598"><ele>226.486655</ele><time>2026-05-30T17:51:26Z</time><extensions><speed>3.029086</speed><course>141.723980</course><hAcc>1.622786</hAcc><vAcc>0.943517</vAcc></extensions></trkpt>
      <trkpt lon="34.992043" lat="31.904576"><ele>226.852958</ele><time>2026-05-30T17:51:27Z</time><extensions><speed>3.095759</speed><course>140.564936</course><hAcc>1.624732</hAcc><vAcc>0.938563</vAcc></extensions></trkpt>
      <trkpt lon="34.992063" lat="31.904554"><ele>227.197451</ele><time>2026-05-30T17:51:28Z</time><extensions><speed>3.081653</speed><course>141.723920</course><hAcc>1.619888</hAcc><vAcc>0.933028</vAcc></extensions></trkpt>
      <trkpt lon="34.992083" lat="31.904532"><ele>227.540860</ele><time>2026-05-30T17:51:29Z</time><extensions><speed>3.055443</speed><course>142.829335</course><hAcc>1.604421</hAcc><vAcc>0.926535</vAcc></extensions></trkpt>
      <trkpt lon="34.992102" lat="31.904511"><ele>227.922333</ele><time>2026-05-30T17:51:30Z</time><extensions><speed>2.974193</speed><course>142.936989</course><hAcc>1.601506</hAcc><vAcc>0.918857</vAcc></extensions></trkpt>
      <trkpt lon="34.992121" lat="31.904489"><ele>228.338227</ele><time>2026-05-30T17:51:31Z</time><extensions><speed>2.937969</speed><course>142.582420</course><hAcc>1.602860</hAcc><vAcc>0.909852</vAcc></extensions></trkpt>
      <trkpt lon="34.992140" lat="31.904469"><ele>228.790172</ele><time>2026-05-30T17:51:32Z</time><extensions><speed>2.923680</speed><course>142.577630</course><hAcc>1.600451</hAcc><vAcc>0.899443</vAcc></extensions></trkpt>
      <trkpt lon="34.992159" lat="31.904448"><ele>229.279454</ele><time>2026-05-30T17:51:33Z</time><extensions><speed>2.918589</speed><course>142.796504</course><hAcc>1.589795</hAcc><vAcc>0.887639</vAcc></extensions></trkpt>
      <trkpt lon="34.992177" lat="31.904427"><ele>229.785606</ele><time>2026-05-30T17:51:34Z</time><extensions><speed>2.857927</speed><course>142.620492</course><hAcc>1.561354</hAcc><vAcc>0.874559</vAcc></extensions></trkpt>
      <trkpt lon="34.992196" lat="31.904406"><ele>230.323941</ele><time>2026-05-30T17:51:35Z</time><extensions><speed>2.871653</speed><course>142.439630</course><hAcc>1.550094</hAcc><vAcc>0.860460</vAcc></extensions></trkpt>
      <trkpt lon="34.992214" lat="31.904386"><ele>230.884739</ele><time>2026-05-30T17:51:36Z</time><extensions><speed>2.819280</speed><course>142.347581</course><hAcc>1.509328</hAcc><vAcc>0.845772</vAcc></extensions></trkpt>
      <trkpt lon="34.992233" lat="31.904366"><ele>231.426541</ele><time>2026-05-30T17:51:37Z</time><extensions><speed>2.876871</speed><course>141.790385</course><hAcc>1.410550</hAcc><vAcc>0.831118</vAcc></extensions></trkpt>
      <trkpt lon="34.992251" lat="31.904346"><ele>231.971393</ele><time>2026-05-30T17:51:38Z</time><extensions><speed>2.846530</speed><course>141.863185</course><hAcc>1.357325</hAcc><vAcc>0.817204</vAcc></extensions></trkpt>
      <trkpt lon="34.992269" lat="31.904325"><ele>232.522124</ele><time>2026-05-30T17:51:39Z</time><extensions><speed>2.835607</speed><course>144.956085</course><hAcc>1.337072</hAcc><vAcc>0.804602</vAcc></extensions></trkpt>
      <trkpt lon="34.992286" lat="31.904303"><ele>233.052714</ele><time>2026-05-30T17:51:40Z</time><extensions><speed>2.898528</speed><course>149.529186</course><hAcc>1.344077</hAcc><vAcc>0.793644</vAcc></extensions></trkpt>
      <trkpt lon="34.992300" lat="31.904280"><ele>233.567187</ele><time>2026-05-30T17:51:41Z</time><extensions><speed>3.012386</speed><course>155.060616</course><hAcc>1.396230</hAcc><vAcc>0.784459</vAcc></extensions></trkpt>
      <trkpt lon="34.992314" lat="31.904255"><ele>234.054943</ele><time>2026-05-30T17:51:42Z</time><extensions><speed>3.019305</speed><course>153.028901</course><hAcc>1.466960</hAcc><vAcc>0.777018</vAcc></extensions></trkpt>
      <trkpt lon="34.992330" lat="31.904232"><ele>234.506667</ele><time>2026-05-30T17:51:43Z</time><extensions><speed>3.054074</speed><course>146.881295</course><hAcc>1.552635</hAcc><vAcc>0.771180</vAcc></extensions></trkpt>
      <trkpt lon="34.992348" lat="31.904209"><ele>234.932829</ele><time>2026-05-30T17:51:44Z</time><extensions><speed>3.072178</speed><course>142.193640</course><hAcc>1.637139</hAcc><vAcc>0.766741</vAcc></extensions></trkpt>
      <trkpt lon="34.992368" lat="31.904188"><ele>235.324140</ele><time>2026-05-30T17:51:45Z</time><extensions><speed>2.960598</speed><course>142.580987</course><hAcc>1.710114</hAcc><vAcc>0.763470</vAcc></extensions></trkpt>
      <trkpt lon="34.992387" lat="31.904167"><ele>235.676865</ele><time>2026-05-30T17:51:46Z</time><extensions><speed>2.936462</speed><course>143.997593</course><hAcc>1.755551</hAcc><vAcc>0.761135</vAcc></extensions></trkpt>
      <trkpt lon="34.992404" lat="31.904145"><ele>236.003761</ele><time>2026-05-30T17:51:47Z</time><extensions><speed>2.916377</speed><course>145.167689</course><hAcc>1.771760</hAcc><vAcc>0.759524</vAcc></extensions></trkpt>
      <trkpt lon="34.992422" lat="31.904124"><ele>236.305317</ele><time>2026-05-30T17:51:48Z</time><extensions><speed>2.861143</speed><course>145.590885</course><hAcc>1.773901</hAcc><vAcc>0.758452</vAcc></extensions></trkpt>
      <trkpt lon="34.992439" lat="31.904103"><ele>236.572284</ele><time>2026-05-30T17:51:49Z</time><extensions><speed>2.804724</speed><course>144.536360</course><hAcc>1.765935</hAcc><vAcc>0.757769</vAcc></extensions></trkpt>
      <trkpt lon="34.992455" lat="31.904083"><ele>236.822311</ele><time>2026-05-30T17:51:50Z</time><extensions><speed>2.614406</speed><course>147.894634</course><hAcc>1.741009</hAcc><vAcc>0.757354</vAcc></extensions></trkpt>
      <trkpt lon="34.992469" lat="31.904063"><ele>237.042561</ele><time>2026-05-30T17:51:51Z</time><extensions><speed>2.621763</speed><course>151.789348</course><hAcc>1.709672</hAcc><vAcc>0.757118</vAcc></extensions></trkpt>
      <trkpt lon="34.992482" lat="31.904041"><ele>237.219829</ele><time>2026-05-30T17:51:52Z</time><extensions><speed>2.785377</speed><course>154.192654</course><hAcc>1.679646</hAcc><vAcc>0.756994</vAcc></extensions></trkpt>
      <trkpt lon="34.992494" lat="31.904018"><ele>237.386889</ele><time>2026-05-30T17:51:53Z</time><extensions><speed>2.910275</speed><course>155.626876</course><hAcc>1.652275</hAcc><vAcc>0.756936</vAcc></extensions></trkpt>
      <trkpt lon="34.992507" lat="31.903995"><ele>237.519491</ele><time>2026-05-30T17:51:54Z</time><extensions><speed>2.798771</speed><course>153.656073</course><hAcc>1.635408</hAcc><vAcc>0.756913</vAcc></extensions></trkpt>
      <trkpt lon="34.992521" lat="31.903972"><ele>237.633673</ele><time>2026-05-30T17:51:55Z</time><extensions><speed>2.900728</speed><course>150.658537</course><hAcc>1.617315</hAcc><vAcc>0.756906</vAcc></extensions></trkpt>
      <trkpt lon="34.992537" lat="31.903950"><ele>237.741975</ele><time>2026-05-30T17:51:56Z</time><extensions><speed>2.773215</speed><course>147.210552</course><hAcc>1.599411</hAcc><vAcc>0.756904</vAcc></extensions></trkpt>
      <trkpt lon="34.992553" lat="31.903930"><ele>237.824941</ele><time>2026-05-30T17:51:57Z</time><extensions><speed>2.800906</speed><course>143.364720</course><hAcc>1.581904</hAcc><vAcc>0.756901</vAcc></extensions></trkpt>
      <trkpt lon="34.992571" lat="31.903910"><ele>237.895038</ele><time>2026-05-30T17:51:58Z</time><extensions><speed>2.805368</speed><course>141.014289</course><hAcc>1.564452</hAcc><vAcc>0.756895</vAcc></extensions></trkpt>
      <trkpt lon="34.992591" lat="31.903890"><ele>237.953384</ele><time>2026-05-30T17:52:00Z</time><extensions><speed>2.864394</speed><course>139.347492</course><hAcc>1.550529</hAcc><vAcc>0.756885</vAcc></extensions></trkpt>
      <trkpt lon="34.992611" lat="31.903870"><ele>238.015918</ele><time>2026-05-30T17:52:01Z</time><extensions><speed>2.949621</speed><course>137.982304</course><hAcc>1.534168</hAcc><vAcc>0.756872</vAcc></extensions></trkpt>
      <trkpt lon="34.992632" lat="31.903851"><ele>238.086310</ele><time>2026-05-30T17:52:02Z</time><extensions><speed>2.913336</speed><course>137.224667</course><hAcc>1.519254</hAcc><vAcc>0.756858</vAcc></extensions></trkpt>
      <trkpt lon="34.992652" lat="31.903832"><ele>238.150051</ele><time>2026-05-30T17:52:03Z</time><extensions><speed>2.902678</speed><course>139.107620</course><hAcc>1.510347</hAcc><vAcc>0.756842</vAcc></extensions></trkpt>
      <trkpt lon="34.992670" lat="31.903811"><ele>238.213561</ele><time>2026-05-30T17:52:04Z</time><extensions><speed>2.762401</speed><course>146.263520</course><hAcc>1.497539</hAcc><vAcc>0.756827</vAcc></extensions></trkpt>
      <trkpt lon="34.992685" lat="31.903790"><ele>238.243762</ele><time>2026-05-30T17:52:05Z</time><extensions><speed>2.765281</speed><course>151.286206</course><hAcc>1.476962</hAcc><vAcc>0.756813</vAcc></extensions></trkpt>
      <trkpt lon="34.992699" lat="31.903768"><ele>238.286350</ele><time>2026-05-30T17:52:06Z</time><extensions><speed>2.843786</speed><course>151.892917</course><hAcc>1.457751</hAcc><vAcc>0.756801</vAcc></extensions></trkpt>
      <trkpt lon="34.992714" lat="31.903746"><ele>238.324362</ele><time>2026-05-30T17:52:07Z</time><extensions><speed>2.825831</speed><course>148.944491</course><hAcc>1.438794</hAcc><vAcc>0.756790</vAcc></extensions></trkpt>
      <trkpt lon="34.992731" lat="31.903725"><ele>238.348885</ele><time>2026-05-30T17:52:08Z</time><extensions><speed>2.862492</speed><course>142.695439</course><hAcc>1.420500</hAcc><vAcc>0.756781</vAcc></extensions></trkpt>
      <trkpt lon="34.992750" lat="31.903705"><ele>238.360395</ele><time>2026-05-30T17:52:09Z</time><extensions><speed>2.805490</speed><course>138.188648</course><hAcc>1.404858</hAcc><vAcc>0.756773</vAcc></extensions></trkpt>
      <trkpt lon="34.992770" lat="31.903687"><ele>238.363348</ele><time>2026-05-30T17:52:10Z</time><extensions><speed>2.839094</speed><course>135.687021</course><hAcc>1.396088</hAcc><vAcc>0.756768</vAcc></extensions></trkpt>
      <trkpt lon="34.992793" lat="31.903671"><ele>238.364613</ele><time>2026-05-30T17:52:11Z</time><extensions><speed>2.701800</speed><course>122.372108</course><hAcc>1.393649</hAcc><vAcc>0.756763</vAcc></extensions></trkpt>
      <trkpt lon="34.992817" lat="31.903659"><ele>238.360487</ele><time>2026-05-30T17:52:12Z</time><extensions><speed>2.564415</speed><course>116.354808</course><hAcc>1.388114</hAcc><vAcc>0.756759</vAcc></extensions></trkpt>
      <trkpt lon="34.992841" lat="31.903649"><ele>238.366156</ele><time>2026-05-30T17:52:13Z</time><extensions><speed>2.433099</speed><course>115.583478</course><hAcc>1.383641</hAcc><vAcc>0.756756</vAcc></extensions></trkpt>
      <trkpt lon="34.992863" lat="31.903639"><ele>238.350410</ele><time>2026-05-30T17:52:14Z</time><extensions><speed>2.339940</speed><course>120.535204</course><hAcc>1.381189</hAcc><vAcc>0.756754</vAcc></extensions></trkpt>
      <trkpt lon="34.992884" lat="31.903629"><ele>238.332135</ele><time>2026-05-30T17:52:15Z</time><extensions><speed>2.277511</speed><course>120.321701</course><hAcc>1.370550</hAcc><vAcc>0.756753</vAcc></extensions></trkpt>
      <trkpt lon="34.992905" lat="31.903620"><ele>238.312451</ele><time>2026-05-30T17:52:16Z</time><extensions><speed>2.203148</speed><course>113.030653</course><hAcc>1.358333</hAcc><vAcc>0.756751</vAcc></extensions></trkpt>
      <trkpt lon="34.992926" lat="31.903613"><ele>238.293526</ele><time>2026-05-30T17:52:17Z</time><extensions><speed>2.117178</speed><course>107.600207</course><hAcc>1.348285</hAcc><vAcc>0.756750</vAcc></extensions></trkpt>
      <trkpt lon="34.992947" lat="31.903610"><ele>238.289353</ele><time>2026-05-30T17:52:18Z</time><extensions><speed>1.851732</speed><course>89.419355</course><hAcc>1.355724</hAcc><vAcc>0.756750</vAcc></extensions></trkpt>
      <trkpt lon="34.992968" lat="31.903613"><ele>238.296686</ele><time>2026-05-30T17:52:19Z</time><extensions><speed>2.225240</speed><course>72.042858</course><hAcc>1.346342</hAcc><vAcc>0.756749</vAcc></extensions></trkpt>
      <trkpt lon="34.992992" lat="31.903621"><ele>238.320212</ele><time>2026-05-30T17:52:20Z</time><extensions><speed>2.659909</speed><course>66.766686</course><hAcc>1.326300</hAcc><vAcc>0.756748</vAcc></extensions></trkpt>
      <trkpt lon="34.993019" lat="31.903631"><ele>238.360949</ele><time>2026-05-30T17:52:21Z</time><extensions><speed>2.918253</speed><course>65.689642</course><hAcc>1.318636</hAcc><vAcc>0.756748</vAcc></extensions></trkpt>
      <trkpt lon="34.993048" lat="31.903641"><ele>238.413541</ele><time>2026-05-30T17:52:22Z</time><extensions><speed>2.995041</speed><course>68.870427</course><hAcc>1.336300</hAcc><vAcc>0.756747</vAcc></extensions></trkpt>
      <trkpt lon="34.993079" lat="31.903650"><ele>238.472307</ele><time>2026-05-30T17:52:23Z</time><extensions><speed>3.069984</speed><course>73.928168</course><hAcc>1.343079</hAcc><vAcc>0.756747</vAcc></extensions></trkpt>
      <trkpt lon="34.993111" lat="31.903656"><ele>238.542620</ele><time>2026-05-30T17:52:24Z</time><extensions><speed>3.130768</speed><course>79.941836</course><hAcc>1.329487</hAcc><vAcc>0.756746</vAcc></extensions></trkpt>
      <trkpt lon="34.993143" lat="31.903660"><ele>238.608356</ele><time>2026-05-30T17:52:25Z</time><extensions><speed>2.950741</speed><course>85.992429</course><hAcc>1.326154</hAcc><vAcc>0.756746</vAcc></extensions></trkpt>
      <trkpt lon="34.993173" lat="31.903660"><ele>238.686682</ele><time>2026-05-30T17:52:26Z</time><extensions><speed>2.874105</speed><course>92.648673</course><hAcc>1.315350</hAcc><vAcc>0.756746</vAcc></extensions></trkpt>
      <trkpt lon="34.993203" lat="31.903658"><ele>238.766831</ele><time>2026-05-30T17:52:27Z</time><extensions><speed>2.763441</speed><course>97.577881</course><hAcc>1.304148</hAcc><vAcc>0.756745</vAcc></extensions></trkpt>
      <trkpt lon="34.993231" lat="31.903653"><ele>238.842824</ele><time>2026-05-30T17:52:28Z</time><extensions><speed>2.737668</speed><course>105.478394</course><hAcc>1.312455</hAcc><vAcc>0.756745</vAcc></extensions></trkpt>
      <trkpt lon="34.993258" lat="31.903645"><ele>238.914422</ele><time>2026-05-30T17:52:29Z</time><extensions><speed>2.652646</speed><course>112.645824</course><hAcc>1.318532</hAcc><vAcc>0.756745</vAcc></extensions></trkpt>
      <trkpt lon="34.993284" lat="31.903635"><ele>238.994369</ele><time>2026-05-30T17:52:30Z</time><extensions><speed>2.810638</speed><course>117.221681</course><hAcc>1.307892</hAcc><vAcc>0.756744</vAcc></extensions></trkpt>
      <trkpt lon="34.993310" lat="31.903623"><ele>239.055450</ele><time>2026-05-30T17:52:31Z</time><extensions><speed>2.734899</speed><course>115.936307</course><hAcc>1.327647</hAcc><vAcc>0.756744</vAcc></extensions></trkpt>
      <trkpt lon="34.993337" lat="31.903612"><ele>239.125942</ele><time>2026-05-30T17:52:32Z</time><extensions><speed>2.963027</speed><course>115.253692</course><hAcc>1.329472</hAcc><vAcc>0.756744</vAcc></extensions></trkpt>
      <trkpt lon="34.993366" lat="31.903600"><ele>239.190635</ele><time>2026-05-30T17:52:33Z</time><extensions><speed>3.092540</speed><course>117.606963</course><hAcc>1.332486</hAcc><vAcc>0.756744</vAcc></extensions></trkpt>
      <trkpt lon="34.993395" lat="31.903587"><ele>239.245910</ele><time>2026-05-30T17:52:34Z</time><extensions><speed>3.215543</speed><course>117.226101</course><hAcc>1.341467</hAcc><vAcc>0.756743</vAcc></extensions></trkpt>
      <trkpt lon="34.993426" lat="31.903575"><ele>239.301902</ele><time>2026-05-30T17:52:35Z</time><extensions><speed>3.237999</speed><course>110.649066</course><hAcc>1.331009</hAcc><vAcc>0.756743</vAcc></extensions></trkpt>
      <trkpt lon="34.993457" lat="31.903567"><ele>239.360205</ele><time>2026-05-30T17:52:36Z</time><extensions><speed>3.017020</speed><course>104.190385</course><hAcc>1.328574</hAcc><vAcc>0.756743</vAcc></extensions></trkpt>
      <trkpt lon="34.993487" lat="31.903560"><ele>239.412227</ele><time>2026-05-30T17:52:37Z</time><extensions><speed>2.781290</speed><course>105.414571</course><hAcc>1.317896</hAcc><vAcc>0.756743</vAcc></extensions></trkpt>
      <trkpt lon="34.993514" lat="31.903553"><ele>239.474936</ele><time>2026-05-30T17:52:38Z</time><extensions><speed>2.703699</speed><course>109.961046</course><hAcc>1.312332</hAcc><vAcc>0.756743</vAcc></extensions></trkpt>
      <trkpt lon="34.993540" lat="31.903544"><ele>239.538397</ele><time>2026-05-30T17:52:39Z</time><extensions><speed>2.496172</speed><course>111.082612</course><hAcc>1.295390</hAcc><vAcc>0.756742</vAcc></extensions></trkpt>
      <trkpt lon="34.993565" lat="31.903537"><ele>239.603978</ele><time>2026-05-30T17:52:40Z</time><extensions><speed>2.460006</speed><course>109.882321</course><hAcc>1.279368</hAcc><vAcc>0.756742</vAcc></extensions></trkpt>
      <trkpt lon="34.993589" lat="31.903530"><ele>239.683958</ele><time>2026-05-30T17:52:41Z</time><extensions><speed>2.451231</speed><course>106.493671</course><hAcc>1.276972</hAcc><vAcc>0.756742</vAcc></extensions></trkpt>
      <trkpt lon="34.993615" lat="31.903523"><ele>239.757720</ele><time>2026-05-30T17:52:42Z</time><extensions><speed>2.656863</speed><course>108.330037</course><hAcc>1.267593</hAcc><vAcc>0.756742</vAcc></extensions></trkpt>
      <trkpt lon="34.993642" lat="31.903515"><ele>239.846814</ele><time>2026-05-30T17:52:43Z</time><extensions><speed>2.775713</speed><course>108.412277</course><hAcc>1.258188</hAcc><vAcc>0.756742</vAcc></extensions></trkpt>
      <trkpt lon="34.993670" lat="31.903507"><ele>239.939025</ele><time>2026-05-30T17:52:44Z</time><extensions><speed>2.698508</speed><course>109.731161</course><hAcc>1.245287</hAcc><vAcc>0.756742</vAcc></extensions></trkpt>
      <trkpt lon="34.993696" lat="31.903500"><ele>240.067622</ele><time>2026-05-30T17:52:45Z</time><extensions><speed>2.626553</speed><course>106.584818</course><hAcc>1.234202</hAcc><vAcc>0.756742</vAcc></extensions></trkpt>
      <trkpt lon="34.993722" lat="31.903493"><ele>240.222364</ele><time>2026-05-30T17:52:46Z</time><extensions><speed>2.453914</speed><course>106.127673</course><hAcc>1.228324</hAcc><vAcc>0.756742</vAcc></extensions></trkpt>
      <trkpt lon="34.993746" lat="31.903487"><ele>240.385782</ele><time>2026-05-30T17:52:47Z</time><extensions><speed>2.315112</speed><course>108.761434</course><hAcc>1.223820</hAcc><vAcc>0.756741</vAcc></extensions></trkpt>
      <trkpt lon="34.993768" lat="31.903481"><ele>240.548360</ele><time>2026-05-30T17:52:48Z</time><extensions><speed>2.153141</speed><course>105.668287</course><hAcc>1.242334</hAcc><vAcc>0.756741</vAcc></extensions></trkpt>
      <trkpt lon="34.993791" lat="31.903474"><ele>240.718230</ele><time>2026-05-30T17:52:49Z</time><extensions><speed>2.408129</speed><course>111.989773</course><hAcc>1.221839</hAcc><vAcc>0.756741</vAcc></extensions></trkpt>
      <trkpt lon="34.993816" lat="31.903464"><ele>240.893184</ele><time>2026-05-30T17:52:50Z</time><extensions><speed>2.732113</speed><course>119.605493</course><hAcc>1.212698</hAcc><vAcc>0.756741</vAcc></extensions></trkpt>
      <trkpt lon="34.993841" lat="31.903450"><ele>241.077246</ele><time>2026-05-30T17:52:51Z</time><extensions><speed>2.939810</speed><course>125.395102</course><hAcc>1.212416</hAcc><vAcc>0.756741</vAcc></extensions></trkpt>
      <trkpt lon="34.993867" lat="31.903436"><ele>241.259597</ele><time>2026-05-30T17:52:52Z</time><extensions><speed>2.931596</speed><course>119.967822</course><hAcc>1.223112</hAcc><vAcc>0.756741</vAcc></extensions></trkpt>
      <trkpt lon="34.993895" lat="31.903424"><ele>241.445940</ele><time>2026-05-30T17:52:53Z</time><extensions><speed>2.931535</speed><course>111.600670</course><hAcc>1.242237</hAcc><vAcc>0.756741</vAcc></extensions></trkpt>
      <trkpt lon="34.993923" lat="31.903415"><ele>241.630284</ele><time>2026-05-30T17:52:54Z</time><extensions><speed>2.735333</speed><course>111.344067</course><hAcc>1.260908</hAcc><vAcc>0.756741</vAcc></extensions></trkpt>
      <trkpt lon="34.993947" lat="31.903405"><ele>241.801748</ele><time>2026-05-30T17:52:55Z</time><extensions><speed>2.469350</speed><course>120.294527</course><hAcc>1.291045</hAcc><vAcc>0.756741</vAcc></extensions></trkpt>
      <trkpt lon="34.993969" lat="31.903394"><ele>241.971720</ele><time>2026-05-30T17:52:56Z</time><extensions><speed>2.346304</speed><course>123.180610</course><hAcc>1.340546</hAcc><vAcc>0.756741</vAcc></extensions></trkpt>
      <trkpt lon="34.993990" lat="31.903382"><ele>242.143674</ele><time>2026-05-30T17:52:57Z</time><extensions><speed>2.439623</speed><course>122.637220</course><hAcc>1.384490</hAcc><vAcc>0.756741</vAcc></extensions></trkpt>
      <trkpt lon="34.994013" lat="31.903370"><ele>242.302699</ele><time>2026-05-30T17:52:58Z</time><extensions><speed>2.643617</speed><course>118.512510</course><hAcc>1.442384</hAcc><vAcc>0.756741</vAcc></extensions></trkpt>
      <trkpt lon="34.994040" lat="31.903360"><ele>242.461811</ele><time>2026-05-30T17:52:59Z</time><extensions><speed>2.888382</speed><course>112.371339</course><hAcc>1.502050</hAcc><vAcc>0.756741</vAcc></extensions></trkpt>
      <trkpt lon="34.994069" lat="31.903351"><ele>242.620560</ele><time>2026-05-30T17:53:00Z</time><extensions><speed>3.044288</speed><course>104.326638</course><hAcc>1.565196</hAcc><vAcc>0.756741</vAcc></extensions></trkpt>
      <trkpt lon="34.994101" lat="31.903346"><ele>242.779666</ele><time>2026-05-30T17:53:01Z</time><extensions><speed>3.151657</speed><course>96.810753</course><hAcc>1.623217</hAcc><vAcc>0.756741</vAcc></extensions></trkpt>
      <trkpt lon="34.994135" lat="31.903345"><ele>242.941581</ele><time>2026-05-30T17:53:02Z</time><extensions><speed>3.251215</speed><course>88.908808</course><hAcc>1.655004</hAcc><vAcc>0.756741</vAcc></extensions></trkpt>
      <trkpt lon="34.994169" lat="31.903347"><ele>243.099140</ele><time>2026-05-30T17:53:03Z</time><extensions><speed>3.281840</speed><course>82.630944</course><hAcc>1.670197</hAcc><vAcc>0.756740</vAcc></extensions></trkpt>
      <trkpt lon="34.994203" lat="31.903351"><ele>243.255016</ele><time>2026-05-30T17:53:04Z</time><extensions><speed>3.121267</speed><course>80.055669</course><hAcc>1.668204</hAcc><vAcc>0.756740</vAcc></extensions></trkpt>
      <trkpt lon="34.994234" lat="31.903356"><ele>243.390876</ele><time>2026-05-30T17:53:05Z</time><extensions><speed>2.850568</speed><course>78.935054</course><hAcc>1.668650</hAcc><vAcc>0.756740</vAcc></extensions></trkpt>
      <trkpt lon="34.994262" lat="31.903360"><ele>243.541242</ele><time>2026-05-30T17:53:06Z</time><extensions><speed>2.612016</speed><course>82.330529</course><hAcc>1.664155</hAcc><vAcc>0.756743</vAcc></extensions></trkpt>
      <trkpt lon="34.994290" lat="31.903362"><ele>243.687263</ele><time>2026-05-30T17:53:07Z</time><extensions><speed>2.760742</speed><course>89.919828</course><hAcc>1.654323</hAcc><vAcc>0.756746</vAcc></extensions></trkpt>
      <trkpt lon="34.994321" lat="31.903361"><ele>243.829828</ele><time>2026-05-30T17:53:08Z</time><extensions><speed>3.042815</speed><course>92.572992</course><hAcc>1.634641</hAcc><vAcc>0.756749</vAcc></extensions></trkpt>
      <trkpt lon="34.994353" lat="31.903360"><ele>243.954881</ele><time>2026-05-30T17:53:09Z</time><extensions><speed>2.968141</speed><course>93.311776</course><hAcc>1.616413</hAcc><vAcc>0.756753</vAcc></extensions></trkpt>
      <trkpt lon="34.994384" lat="31.903358"><ele>244.085954</ele><time>2026-05-30T17:53:10Z</time><extensions><speed>2.907200</speed><course>95.668426</course><hAcc>1.601686</hAcc><vAcc>0.756757</vAcc></extensions></trkpt>
      <trkpt lon="34.994414" lat="31.903355"><ele>244.197493</ele><time>2026-05-30T17:53:11Z</time><extensions><speed>2.836497</speed><course>97.307570</course><hAcc>1.589765</hAcc><vAcc>0.756761</vAcc></extensions></trkpt>
      <trkpt lon="34.994443" lat="31.903352"><ele>244.305911</ele><time>2026-05-30T17:53:12Z</time><extensions><speed>2.811819</speed><course>97.330051</course><hAcc>1.576368</hAcc><vAcc>0.756767</vAcc></extensions></trkpt>
      <trkpt lon="34.994472" lat="31.903348"><ele>244.406244</ele><time>2026-05-30T17:53:13Z</time><extensions><speed>2.707427</speed><course>97.715728</course><hAcc>1.562395</hAcc><vAcc>0.756774</vAcc></extensions></trkpt>
      <trkpt lon="34.994501" lat="31.903345"><ele>244.496280</ele><time>2026-05-30T17:53:14Z</time><extensions><speed>2.785328</speed><course>100.415253</course><hAcc>1.550923</hAcc><vAcc>0.756783</vAcc></extensions></trkpt>
      <trkpt lon="34.994530" lat="31.903339"><ele>244.578018</ele><time>2026-05-30T17:53:15Z</time><extensions><speed>2.847962</speed><course>103.626171</course><hAcc>1.539536</hAcc><vAcc>0.756796</vAcc></extensions></trkpt>
      <trkpt lon="34.994559" lat="31.903333"><ele>244.647112</ele><time>2026-05-30T17:53:16Z</time><extensions><speed>2.796784</speed><course>105.061745</course><hAcc>1.524742</hAcc><vAcc>0.756799</vAcc></extensions></trkpt>
      <trkpt lon="34.994587" lat="31.903327"><ele>244.710162</ele><time>2026-05-30T17:53:17Z</time><extensions><speed>2.711483</speed><course>105.063604</course><hAcc>1.508292</hAcc><vAcc>0.756781</vAcc></extensions></trkpt>
      <trkpt lon="34.994613" lat="31.903320"><ele>244.767151</ele><time>2026-05-30T17:53:18Z</time><extensions><speed>2.500685</speed><course>106.390711</course><hAcc>1.497167</hAcc><vAcc>0.756768</vAcc></extensions></trkpt>
      <trkpt lon="34.994639" lat="31.903314"><ele>244.825870</ele><time>2026-05-30T17:53:19Z</time><extensions><speed>2.460428</speed><course>107.683078</course><hAcc>1.483818</hAcc><vAcc>0.756758</vAcc></extensions></trkpt>
      <trkpt lon="34.994664" lat="31.903307"><ele>244.886385</ele><time>2026-05-30T17:53:20Z</time><extensions><speed>2.534657</speed><course>108.565659</course><hAcc>1.471325</hAcc><vAcc>0.756751</vAcc></extensions></trkpt>
      <trkpt lon="34.994689" lat="31.903300"><ele>244.953001</ele><time>2026-05-30T17:53:21Z</time><extensions><speed>2.607419</speed><course>106.780913</course><hAcc>1.463241</hAcc><vAcc>0.756745</vAcc></extensions></trkpt>
      <trkpt lon="34.994716" lat="31.903293"><ele>245.027559</ele><time>2026-05-30T17:53:22Z</time><extensions><speed>2.629561</speed><course>103.835339</course><hAcc>1.458451</hAcc><vAcc>0.756740</vAcc></extensions></trkpt>
      <trkpt lon="34.994744" lat="31.903288"><ele>245.082606</ele><time>2026-05-30T17:53:23Z</time><extensions><speed>2.700642</speed><course>101.847523</course><hAcc>1.454359</hAcc><vAcc>0.756736</vAcc></extensions></trkpt>
      <trkpt lon="34.994772" lat="31.903284"><ele>245.153027</ele><time>2026-05-30T17:53:24Z</time><extensions><speed>2.692306</speed><course>98.364688</course><hAcc>1.449392</hAcc><vAcc>0.756733</vAcc></extensions></trkpt>
      <trkpt lon="34.994800" lat="31.903280"><ele>245.216612</ele><time>2026-05-30T17:53:25Z</time><extensions><speed>2.685048</speed><course>97.526785</course><hAcc>1.448160</hAcc><vAcc>0.756731</vAcc></extensions></trkpt>
      <trkpt lon="34.994828" lat="31.903277"><ele>245.288311</ele><time>2026-05-30T17:53:26Z</time><extensions><speed>2.655331</speed><course>97.874076</course><hAcc>1.452203</hAcc><vAcc>0.756729</vAcc></extensions></trkpt>
      <trkpt lon="34.994856" lat="31.903274"><ele>245.354068</ele><time>2026-05-30T17:53:27Z</time><extensions><speed>2.601830</speed><course>97.581370</course><hAcc>1.458597</hAcc><vAcc>0.756728</vAcc></extensions></trkpt>
      <trkpt lon="34.994883" lat="31.903271"><ele>245.414083</ele><time>2026-05-30T17:53:28Z</time><extensions><speed>2.572166</speed><course>97.872168</course><hAcc>1.470420</hAcc><vAcc>0.756727</vAcc></extensions></trkpt>
      <trkpt lon="34.994909" lat="31.903268"><ele>245.472344</ele><time>2026-05-30T17:53:29Z</time><extensions><speed>2.467196</speed><course>95.268148</course><hAcc>1.484100</hAcc><vAcc>0.756726</vAcc></extensions></trkpt>
      <trkpt lon="34.994934" lat="31.903266"><ele>245.528005</ele><time>2026-05-30T17:53:30Z</time><extensions><speed>2.260651</speed><course>94.254547</course><hAcc>1.498879</hAcc><vAcc>0.756726</vAcc></extensions></trkpt>
      <trkpt lon="34.994958" lat="31.903264"><ele>245.584277</ele><time>2026-05-30T17:53:31Z</time><extensions><speed>2.288037</speed><course>100.435341</course><hAcc>1.519544</hAcc><vAcc>0.756725</vAcc></extensions></trkpt>
      <trkpt lon="34.994983" lat="31.903259"><ele>245.630413</ele><time>2026-05-30T17:53:32Z</time><extensions><speed>2.461039</speed><course>106.930786</course><hAcc>1.541880</hAcc><vAcc>0.756725</vAcc></extensions></trkpt>
      <trkpt lon="34.995009" lat="31.903252"><ele>245.681955</ele><time>2026-05-30T17:53:33Z</time><extensions><speed>2.652809</speed><course>107.080500</course><hAcc>1.564632</hAcc><vAcc>0.756726</vAcc></extensions></trkpt>
      <trkpt lon="34.995036" lat="31.903245"><ele>245.719531</ele><time>2026-05-30T17:53:34Z</time><extensions><speed>2.764303</speed><course>106.667132</course><hAcc>1.589074</hAcc><vAcc>0.756726</vAcc></extensions></trkpt>
      <trkpt lon="34.995065" lat="31.903238"><ele>245.767762</ele><time>2026-05-30T17:53:35Z</time><extensions><speed>2.841658</speed><course>104.626908</course><hAcc>1.613566</hAcc><vAcc>0.756726</vAcc></extensions></trkpt>
      <trkpt lon="34.995094" lat="31.903232"><ele>245.801918</ele><time>2026-05-30T17:53:36Z</time><extensions><speed>2.841690</speed><course>101.719477</course><hAcc>1.636667</hAcc><vAcc>0.756727</vAcc></extensions></trkpt>
      <trkpt lon="34.995123" lat="31.903228"><ele>245.841871</ele><time>2026-05-30T17:53:37Z</time><extensions><speed>2.811260</speed><course>97.860729</course><hAcc>1.655106</hAcc><vAcc>0.756727</vAcc></extensions></trkpt>
      <trkpt lon="34.995152" lat="31.903225"><ele>245.880243</ele><time>2026-05-30T17:53:38Z</time><extensions><speed>2.703071</speed><course>95.536837</course><hAcc>1.676051</hAcc><vAcc>0.756728</vAcc></extensions></trkpt>
      <trkpt lon="34.995180" lat="31.903223"><ele>245.934627</ele><time>2026-05-30T17:53:39Z</time><extensions><speed>2.591487</speed><course>94.343401</course><hAcc>1.697679</hAcc><vAcc>0.756729</vAcc></extensions></trkpt>
      <trkpt lon="34.995208" lat="31.903220"><ele>245.975689</ele><time>2026-05-30T17:53:40Z</time><extensions><speed>2.604675</speed><course>96.100817</course><hAcc>1.711664</hAcc><vAcc>0.756729</vAcc></extensions></trkpt>
      <trkpt lon="34.995236" lat="31.903218"><ele>246.028673</ele><time>2026-05-30T17:53:41Z</time><extensions><speed>2.655364</speed><course>96.897810</course><hAcc>1.724995</hAcc><vAcc>0.756730</vAcc></extensions></trkpt>
      <trkpt lon="34.995264" lat="31.903214"><ele>246.086047</ele><time>2026-05-30T17:53:42Z</time><extensions><speed>2.722926</speed><course>97.846068</course><hAcc>1.743832</hAcc><vAcc>0.756730</vAcc></extensions></trkpt>
      <trkpt lon="34.995293" lat="31.903211"><ele>246.147615</ele><time>2026-05-30T17:53:43Z</time><extensions><speed>2.748429</speed><course>99.968417</course><hAcc>1.759744</hAcc><vAcc>0.756731</vAcc></extensions></trkpt>
      <trkpt lon="34.995322" lat="31.903206"><ele>246.205847</ele><time>2026-05-30T17:53:44Z</time><extensions><speed>2.764590</speed><course>102.685995</course><hAcc>1.774489</hAcc><vAcc>0.756731</vAcc></extensions></trkpt>
      <trkpt lon="34.995351" lat="31.903200"><ele>246.276646</ele><time>2026-05-30T17:53:45Z</time><extensions><speed>2.763991</speed><course>103.559246</course><hAcc>1.785908</hAcc><vAcc>0.756732</vAcc></extensions></trkpt>
      <trkpt lon="34.995380" lat="31.903194"><ele>246.355812</ele><time>2026-05-30T17:53:46Z</time><extensions><speed>2.782234</speed><course>104.584857</course><hAcc>1.794435</hAcc><vAcc>0.756732</vAcc></extensions></trkpt>
      <trkpt lon="34.995409" lat="31.903188"><ele>246.446243</ele><time>2026-05-30T17:53:47Z</time><extensions><speed>2.801267</speed><course>104.890146</course><hAcc>1.801860</hAcc><vAcc>0.756732</vAcc></extensions></trkpt>
      <trkpt lon="34.995438" lat="31.903181"><ele>246.544010</ele><time>2026-05-30T17:53:48Z</time><extensions><speed>2.839745</speed><course>105.401483</course><hAcc>1.797869</hAcc><vAcc>0.756733</vAcc></extensions></trkpt>
      <trkpt lon="34.995467" lat="31.903174"><ele>246.626205</ele><time>2026-05-30T17:53:49Z</time><extensions><speed>2.949252</speed><course>106.237932</course><hAcc>1.791176</hAcc><vAcc>0.756733</vAcc></extensions></trkpt>
      <trkpt lon="34.995498" lat="31.903167"><ele>246.723661</ele><time>2026-05-30T17:53:50Z</time><extensions><speed>3.047963</speed><course>106.116875</course><hAcc>1.774799</hAcc><vAcc>0.756734</vAcc></extensions></trkpt>
      <trkpt lon="34.995529" lat="31.903159"><ele>246.827865</ele><time>2026-05-30T17:53:51Z</time><extensions><speed>3.051388</speed><course>108.111254</course><hAcc>1.752871</hAcc><vAcc>0.756734</vAcc></extensions></trkpt>
      <trkpt lon="34.995559" lat="31.903150"><ele>246.940351</ele><time>2026-05-30T17:53:52Z</time><extensions><speed>3.093325</speed><course>107.584498</course><hAcc>1.733989</hAcc><vAcc>0.756734</vAcc></extensions></trkpt>
      <trkpt lon="34.995590" lat="31.903143"><ele>247.056564</ele><time>2026-05-30T17:53:53Z</time><extensions><speed>2.975065</speed><course>100.409589</course><hAcc>1.707364</hAcc><vAcc>0.756735</vAcc></extensions></trkpt>
      <trkpt lon="34.995621" lat="31.903140"><ele>247.179446</ele><time>2026-05-30T17:53:54Z</time><extensions><speed>2.848096</speed><course>90.988322</course><hAcc>1.682072</hAcc><vAcc>0.756735</vAcc></extensions></trkpt>
      <trkpt lon="34.995650" lat="31.903142"><ele>247.317229</ele><time>2026-05-30T17:53:55Z</time><extensions><speed>2.768497</speed><course>80.080001</course><hAcc>1.661196</hAcc><vAcc>0.756735</vAcc></extensions></trkpt>
      <trkpt lon="34.995678" lat="31.903148"><ele>247.450823</ele><time>2026-05-30T17:53:56Z</time><extensions><speed>2.801994</speed><course>71.006257</course><hAcc>1.640573</hAcc><vAcc>0.756735</vAcc></extensions></trkpt>
      <trkpt lon="34.995706" lat="31.903157"><ele>247.596703</ele><time>2026-05-30T17:53:57Z</time><extensions><speed>2.799806</speed><course>68.190047</course><hAcc>1.620268</hAcc><vAcc>0.756736</vAcc></extensions></trkpt>
      <trkpt lon="34.995734" lat="31.903165"><ele>247.745926</ele><time>2026-05-30T17:53:58Z</time><extensions><speed>2.781318</speed><course>71.564618</course><hAcc>1.595132</hAcc><vAcc>0.756736</vAcc></extensions></trkpt>
      <trkpt lon="34.995763" lat="31.903172"><ele>247.891323</ele><time>2026-05-30T17:53:59Z</time><extensions><speed>2.852522</speed><course>78.897521</course><hAcc>1.566980</hAcc><vAcc>0.756736</vAcc></extensions></trkpt>
      <trkpt lon="34.995792" lat="31.903175"><ele>248.018618</ele><time>2026-05-30T17:54:00Z</time><extensions><speed>2.760139</speed><course>85.661376</course><hAcc>1.540660</hAcc><vAcc>0.756736</vAcc></extensions></trkpt>
      <trkpt lon="34.995821" lat="31.903175"><ele>248.146764</ele><time>2026-05-30T17:54:01Z</time><extensions><speed>2.771149</speed><course>93.863891</course><hAcc>1.513963</hAcc><vAcc>0.756736</vAcc></extensions></trkpt>
      <trkpt lon="34.995850" lat="31.903173"><ele>248.258582</ele><time>2026-05-30T17:54:02Z</time><extensions><speed>2.616240</speed><course>97.077110</course><hAcc>1.496325</hAcc><vAcc>0.756736</vAcc></extensions></trkpt>
      <trkpt lon="34.995876" lat="31.903169"><ele>248.369127</ele><time>2026-05-30T17:54:03Z</time><extensions><speed>2.507948</speed><course>101.377780</course><hAcc>1.477484</hAcc><vAcc>0.756737</vAcc></extensions></trkpt>
      <trkpt lon="34.995902" lat="31.903164"><ele>248.463477</ele><time>2026-05-30T17:54:04Z</time><extensions><speed>2.370357</speed><course>104.547373</course><hAcc>1.474318</hAcc><vAcc>0.756737</vAcc></extensions></trkpt>
      <trkpt lon="34.995926" lat="31.903157"><ele>248.549432</ele><time>2026-05-30T17:54:05Z</time><extensions><speed>2.569670</speed><course>113.999590</course><hAcc>1.444050</hAcc><vAcc>0.756737</vAcc></extensions></trkpt>
      <trkpt lon="34.995951" lat="31.903147"><ele>248.624900</ele><time>2026-05-30T17:54:06Z</time><extensions><speed>2.626588</speed><course>117.314565</course><hAcc>1.429041</hAcc><vAcc>0.756737</vAcc></extensions></trkpt>
      <trkpt lon="34.995975" lat="31.903137"><ele>248.680759</ele><time>2026-05-30T17:54:07Z</time><extensions><speed>2.470787</speed><course>115.274586</course><hAcc>1.417587</hAcc><vAcc>0.756737</vAcc></extensions></trkpt>
      <trkpt lon="34.995999" lat="31.903129"><ele>248.726270</ele><time>2026-05-30T17:54:08Z</time><extensions><speed>2.497613</speed><course>105.881595</course><hAcc>1.406198</hAcc><vAcc>0.756737</vAcc></extensions></trkpt>
      <trkpt lon="34.996026" lat="31.903124"><ele>248.747338</ele><time>2026-05-30T17:54:09Z</time><extensions><speed>2.584482</speed><course>100.605011</course><hAcc>1.388236</hAcc><vAcc>0.756737</vAcc></extensions></trkpt>
      <trkpt lon="34.996053" lat="31.903120"><ele>248.765599</ele><time>2026-05-30T17:54:10Z</time><extensions><speed>2.714802</speed><course>97.576844</course><hAcc>1.372645</hAcc><vAcc>0.756737</vAcc></extensions></trkpt>
      <trkpt lon="34.996082" lat="31.903117"><ele>248.785504</ele><time>2026-05-30T17:54:11Z</time><extensions><speed>2.848826</speed><course>96.367902</course><hAcc>1.362147</hAcc><vAcc>0.756738</vAcc></extensions></trkpt>
      <trkpt lon="34.996112" lat="31.903114"><ele>248.787013</ele><time>2026-05-30T17:54:12Z</time><extensions><speed>2.810046</speed><course>96.613511</course><hAcc>1.348564</hAcc><vAcc>0.756738</vAcc></extensions></trkpt>
      <trkpt lon="34.996140" lat="31.903111"><ele>248.798724</ele><time>2026-05-30T17:54:13Z</time><extensions><speed>2.570853</speed><course>97.890572</course><hAcc>1.327935</hAcc><vAcc>0.756738</vAcc></extensions></trkpt>
      <trkpt lon="34.996167" lat="31.903107"><ele>248.793236</ele><time>2026-05-30T17:54:14Z</time><extensions><speed>2.557663</speed><course>100.897671</course><hAcc>1.310679</hAcc><vAcc>0.756738</vAcc></extensions></trkpt>
      <trkpt lon="34.996194" lat="31.903102"><ele>248.805563</ele><time>2026-05-30T17:54:15Z</time><extensions><speed>2.584441</speed><course>101.738134</course><hAcc>1.297560</hAcc><vAcc>0.756738</vAcc></extensions></trkpt>
      <trkpt lon="34.996221" lat="31.903098"><ele>248.821556</ele><time>2026-05-30T17:54:16Z</time><extensions><speed>2.682724</speed><course>102.240342</course><hAcc>1.284706</hAcc><vAcc>0.756738</vAcc></extensions></trkpt>
      <trkpt lon="34.996249" lat="31.903092"><ele>248.831312</ele><time>2026-05-30T17:54:17Z</time><extensions><speed>2.785155</speed><course>101.639795</course><hAcc>1.270058</hAcc><vAcc>0.756738</vAcc></extensions></trkpt>
      <trkpt lon="34.996278" lat="31.903087"><ele>248.851995</ele><time>2026-05-30T17:54:18Z</time><extensions><speed>2.834330</speed><course>101.278988</course><hAcc>1.257992</hAcc><vAcc>0.756738</vAcc></extensions></trkpt>
      <trkpt lon="34.996308" lat="31.903082"><ele>248.872193</ele><time>2026-05-30T17:54:19Z</time><extensions><speed>2.930327</speed><course>100.564333</course><hAcc>1.249343</hAcc><vAcc>0.756738</vAcc></extensions></trkpt>
      <trkpt lon="34.996338" lat="31.903078"><ele>248.903278</ele><time>2026-05-30T17:54:20Z</time><extensions><speed>2.820142</speed><course>98.095941</course><hAcc>1.234451</hAcc><vAcc>0.756738</vAcc></extensions></trkpt>
      <trkpt lon="34.996367" lat="31.903076"><ele>248.938487</ele><time>2026-05-30T17:54:21Z</time><extensions><speed>2.632658</speed><course>94.794363</course><hAcc>1.221152</hAcc><vAcc>0.756738</vAcc></extensions></trkpt>
      <trkpt lon="34.996394" lat="31.903074"><ele>248.987011</ele><time>2026-05-30T17:54:22Z</time><extensions><speed>2.457380</speed><course>93.091888</course><hAcc>1.212910</hAcc><vAcc>0.756738</vAcc></extensions></trkpt>
      <trkpt lon="34.996419" lat="31.903073"><ele>249.029025</ele><time>2026-05-30T17:54:23Z</time><extensions><speed>2.346926</speed><course>93.931830</course><hAcc>1.203376</hAcc><vAcc>0.756738</vAcc></extensions></trkpt>
      <trkpt lon="34.996445" lat="31.903071"><ele>249.069124</ele><time>2026-05-30T17:54:24Z</time><extensions><speed>2.534101</speed><course>96.625614</course><hAcc>1.198212</hAcc><vAcc>0.756738</vAcc></extensions></trkpt>
      <trkpt lon="34.996472" lat="31.903068"><ele>249.091842</ele><time>2026-05-30T17:54:25Z</time><extensions><speed>2.691097</speed><course>96.375856</course><hAcc>1.193894</hAcc><vAcc>0.756738</vAcc></extensions></trkpt>
      <trkpt lon="34.996500" lat="31.903066"><ele>249.121677</ele><time>2026-05-30T17:54:26Z</time><extensions><speed>2.619116</speed><course>94.144977</course><hAcc>1.186895</hAcc><vAcc>0.756738</vAcc></extensions></trkpt>
      <trkpt lon="34.996529" lat="31.903064"><ele>249.151425</ele><time>2026-05-30T17:54:27Z</time><extensions><speed>2.786876</speed><course>94.787672</course><hAcc>1.183185</hAcc><vAcc>0.756738</vAcc></extensions></trkpt>
      <trkpt lon="34.996559" lat="31.903062"><ele>249.190747</ele><time>2026-05-30T17:54:28Z</time><extensions><speed>3.032407</speed><course>94.788492</course><hAcc>1.176005</hAcc><vAcc>0.756738</vAcc></extensions></trkpt>
      <trkpt lon="34.996590" lat="31.903059"><ele>249.240773</ele><time>2026-05-30T17:54:29Z</time><extensions><speed>2.874740</speed><course>95.760192</course><hAcc>1.164875</hAcc><vAcc>0.756738</vAcc></extensions></trkpt>
      <trkpt lon="34.996620" lat="31.903056"><ele>249.281703</ele><time>2026-05-30T17:54:30Z</time><extensions><speed>2.777012</speed><course>98.627915</course><hAcc>1.160311</hAcc><vAcc>0.756738</vAcc></extensions></trkpt>
      <trkpt lon="34.996648" lat="31.903051"><ele>249.332746</ele><time>2026-05-30T17:54:31Z</time><extensions><speed>2.717430</speed><course>104.237251</course><hAcc>1.152181</hAcc><vAcc>0.756739</vAcc></extensions></trkpt>
      <trkpt lon="34.996675" lat="31.903045"><ele>249.380017</ele><time>2026-05-30T17:54:32Z</time><extensions><speed>2.498730</speed><course>105.742585</course><hAcc>1.153053</hAcc><vAcc>0.756739</vAcc></extensions></trkpt>
      <trkpt lon="34.996701" lat="31.903039"><ele>249.428936</ele><time>2026-05-30T17:54:33Z</time><extensions><speed>2.689454</speed><course>105.682490</course><hAcc>1.144033</hAcc><vAcc>0.756739</vAcc></extensions></trkpt>
      <trkpt lon="34.996729" lat="31.903032"><ele>249.473690</ele><time>2026-05-30T17:54:34Z</time><extensions><speed>2.749251</speed><course>106.223942</course><hAcc>1.134230</hAcc><vAcc>0.756739</vAcc></extensions></trkpt>
      <trkpt lon="34.996757" lat="31.903025"><ele>249.521230</ele><time>2026-05-30T17:54:35Z</time><extensions><speed>2.707981</speed><course>106.297585</course><hAcc>1.134296</hAcc><vAcc>0.756739</vAcc></extensions></trkpt>
      <trkpt lon="34.996785" lat="31.903018"><ele>249.569931</ele><time>2026-05-30T17:54:36Z</time><extensions><speed>2.809751</speed><course>107.626615</course><hAcc>1.129035</hAcc><vAcc>0.756739</vAcc></extensions></trkpt>
      <trkpt lon="34.996814" lat="31.903010"><ele>249.625682</ele><time>2026-05-30T17:54:37Z</time><extensions><speed>2.951848</speed><course>105.608262</course><hAcc>1.123305</hAcc><vAcc>0.756739</vAcc></extensions></trkpt>
      <trkpt lon="34.996844" lat="31.903005"><ele>249.676602</ele><time>2026-05-30T17:54:38Z</time><extensions><speed>2.966926</speed><course>98.663278</course><hAcc>1.115942</hAcc><vAcc>0.756739</vAcc></extensions></trkpt>
      <trkpt lon="34.996874" lat="31.903002"><ele>249.736847</ele><time>2026-05-30T17:54:39Z</time><extensions><speed>2.714123</speed><course>94.282796</course><hAcc>1.115565</hAcc><vAcc>0.756739</vAcc></extensions></trkpt>
      <trkpt lon="34.996903" lat="31.903000"><ele>249.777598</ele><time>2026-05-30T17:54:40Z</time><extensions><speed>2.689582</speed><course>93.130299</course><hAcc>1.108277</hAcc><vAcc>0.756739</vAcc></extensions></trkpt>
      <trkpt lon="34.996930" lat="31.903000"><ele>249.809044</ele><time>2026-05-30T17:54:40Z</time><extensions><speed>2.503636</speed><course>90.129228</course><hAcc>1.102709</hAcc><vAcc>0.756739</vAcc></extensions></trkpt>
      <trkpt lon="34.996956" lat="31.903001"><ele>249.815535</ele><time>2026-05-30T17:54:41Z</time><extensions><speed>2.366478</speed><course>85.132897</course><hAcc>1.106082</hAcc><vAcc>0.756739</vAcc></extensions></trkpt>
      <trkpt lon="34.996982" lat="31.903003"><ele>249.813984</ele><time>2026-05-30T17:54:42Z</time><extensions><speed>2.565784</speed><course>81.792928</course><hAcc>1.105808</hAcc><vAcc>0.756739</vAcc></extensions></trkpt>
      <trkpt lon="34.997008" lat="31.903007"><ele>249.810832</ele><time>2026-05-30T17:54:43Z</time><extensions><speed>2.559882</speed><course>79.764495</course><hAcc>1.114704</hAcc><vAcc>0.756739</vAcc></extensions></trkpt>
      <trkpt lon="34.997036" lat="31.903009"><ele>249.805206</ele><time>2026-05-30T17:54:44Z</time><extensions><speed>2.629226</speed><course>88.143594</course><hAcc>1.134098</hAcc><vAcc>0.756739</vAcc></extensions></trkpt>
      <trkpt lon="34.997064" lat="31.903007"><ele>249.784438</ele><time>2026-05-30T17:54:45Z</time><extensions><speed>2.798360</speed><course>99.775650</course><hAcc>1.149604</hAcc><vAcc>0.756739</vAcc></extensions></trkpt>
      <trkpt lon="34.997094" lat="31.903002"><ele>249.770929</ele><time>2026-05-30T17:54:46Z</time><extensions><speed>2.968132</speed><course>105.969688</course><hAcc>1.170945</hAcc><vAcc>0.756739</vAcc></extensions></trkpt>
      <trkpt lon="34.997126" lat="31.902993"><ele>249.751252</ele><time>2026-05-30T17:54:47Z</time><extensions><speed>3.351063</speed><course>107.349944</course><hAcc>1.183992</hAcc><vAcc>0.756739</vAcc></extensions></trkpt>
      <trkpt lon="34.997160" lat="31.902984"><ele>249.721692</ele><time>2026-05-30T17:54:48Z</time><extensions><speed>3.350768</speed><course>107.672935</course><hAcc>1.183048</hAcc><vAcc>0.756739</vAcc></extensions></trkpt>
      <trkpt lon="34.997193" lat="31.902974"><ele>249.699768</ele><time>2026-05-30T17:54:49Z</time><extensions><speed>3.354848</speed><course>110.573596</course><hAcc>1.170935</hAcc><vAcc>0.756739</vAcc></extensions></trkpt>
      <trkpt lon="34.997225" lat="31.902964"><ele>249.675729</ele><time>2026-05-30T17:54:50Z</time><extensions><speed>3.064754</speed><course>110.366167</course><hAcc>1.167276</hAcc><vAcc>0.756739</vAcc></extensions></trkpt>
      <trkpt lon="34.997253" lat="31.902955"><ele>249.695798</ele><time>2026-05-30T17:54:51Z</time><extensions><speed>2.697940</speed><course>111.094571</course><hAcc>1.168255</hAcc><vAcc>0.756739</vAcc></extensions></trkpt>
      <trkpt lon="34.997280" lat="31.902946"><ele>249.717017</ele><time>2026-05-30T17:54:52Z</time><extensions><speed>2.804704</speed><course>112.061992</course><hAcc>1.156633</hAcc><vAcc>0.756739</vAcc></extensions></trkpt>
      <trkpt lon="34.997309" lat="31.902937"><ele>249.761080</ele><time>2026-05-30T17:54:53Z</time><extensions><speed>2.931678</speed><course>109.560317</course><hAcc>1.148329</hAcc><vAcc>0.756739</vAcc></extensions></trkpt>
      <trkpt lon="34.997338" lat="31.902929"><ele>249.808823</ele><time>2026-05-30T17:54:54Z</time><extensions><speed>2.849442</speed><course>104.082395</course><hAcc>1.142141</hAcc><vAcc>0.756739</vAcc></extensions></trkpt>
      <trkpt lon="34.997367" lat="31.902924"><ele>249.871302</ele><time>2026-05-30T17:54:55Z</time><extensions><speed>2.821791</speed><course>99.188365</course><hAcc>1.136940</hAcc><vAcc>0.756739</vAcc></extensions></trkpt>
      <trkpt lon="34.997397" lat="31.902920"><ele>249.929488</ele><time>2026-05-30T17:54:56Z</time><extensions><speed>2.821357</speed><course>99.201839</course><hAcc>1.130756</hAcc><vAcc>0.756739</vAcc></extensions></trkpt>
      <trkpt lon="34.997426" lat="31.902916"><ele>249.990510</ele><time>2026-05-30T17:54:57Z</time><extensions><speed>2.796122</speed><course>100.588566</course><hAcc>1.126259</hAcc><vAcc>0.756739</vAcc></extensions></trkpt>
      <trkpt lon="34.997454" lat="31.902910"><ele>250.055604</ele><time>2026-05-30T17:54:58Z</time><extensions><speed>2.679584</speed><course>105.754480</course><hAcc>1.118700</hAcc><vAcc>0.756739</vAcc></extensions></trkpt>
      <trkpt lon="34.997481" lat="31.902903"><ele>250.118640</ele><time>2026-05-30T17:54:59Z</time><extensions><speed>2.691893</speed><course>110.412129</course><hAcc>1.116589</hAcc><vAcc>0.756739</vAcc></extensions></trkpt>
      <trkpt lon="34.997507" lat="31.902893"><ele>250.178264</ele><time>2026-05-30T17:55:00Z</time><extensions><speed>2.724720</speed><course>116.524485</course><hAcc>1.127326</hAcc><vAcc>0.756739</vAcc></extensions></trkpt>
      <trkpt lon="34.997533" lat="31.902882"><ele>250.250020</ele><time>2026-05-30T17:55:01Z</time><extensions><speed>2.704940</speed><course>119.168932</course><hAcc>1.145039</hAcc><vAcc>0.756739</vAcc></extensions></trkpt>
      <trkpt lon="34.997558" lat="31.902870"><ele>250.292402</ele><time>2026-05-30T17:55:02Z</time><extensions><speed>2.796508</speed><course>115.417750</course><hAcc>1.150259</hAcc><vAcc>0.756739</vAcc></extensions></trkpt>
      <trkpt lon="34.997587" lat="31.902861"><ele>250.346822</ele><time>2026-05-30T17:55:03Z</time><extensions><speed>2.973732</speed><course>108.146728</course><hAcc>1.156418</hAcc><vAcc>0.756739</vAcc></extensions></trkpt>
      <trkpt lon="34.997617" lat="31.902854"><ele>250.368592</ele><time>2026-05-30T17:55:04Z</time><extensions><speed>2.961460</speed><course>102.214855</course><hAcc>1.162914</hAcc><vAcc>0.756739</vAcc></extensions></trkpt>
      <trkpt lon="34.997647" lat="31.902849"><ele>250.404640</ele><time>2026-05-30T17:55:05Z</time><extensions><speed>2.921442</speed><course>97.747164</course><hAcc>1.156523</hAcc><vAcc>0.756739</vAcc></extensions></trkpt>
      <trkpt lon="34.997678" lat="31.902847"><ele>250.424777</ele><time>2026-05-30T17:55:06Z</time><extensions><speed>2.836272</speed><course>92.338037</course><hAcc>1.156552</hAcc><vAcc>0.756739</vAcc></extensions></trkpt>
      <trkpt lon="34.997707" lat="31.902846"><ele>250.452945</ele><time>2026-05-30T17:55:07Z</time><extensions><speed>2.684889</speed><course>88.661147</course><hAcc>1.154884</hAcc><vAcc>0.756739</vAcc></extensions></trkpt>
      <trkpt lon="34.997735" lat="31.902847"><ele>250.485322</ele><time>2026-05-30T17:55:08Z</time><extensions><speed>2.597046</speed><course>87.934976</course><hAcc>1.156131</hAcc><vAcc>0.756739</vAcc></extensions></trkpt>
      <trkpt lon="34.997762" lat="31.902848"><ele>250.522421</ele><time>2026-05-30T17:55:09Z</time><extensions><speed>2.621564</speed><course>89.809748</course><hAcc>1.160631</hAcc><vAcc>0.756739</vAcc></extensions></trkpt>
      <trkpt lon="34.997791" lat="31.902847"><ele>250.547553</ele><time>2026-05-30T17:55:10Z</time><extensions><speed>2.723112</speed><course>94.644353</course><hAcc>1.166903</hAcc><vAcc>0.756739</vAcc></extensions></trkpt>
      <trkpt lon="34.997820" lat="31.902844"><ele>250.575460</ele><time>2026-05-30T17:55:11Z</time><extensions><speed>2.813380</speed><course>99.937752</course><hAcc>1.174442</hAcc><vAcc>0.756741</vAcc></extensions></trkpt>
      <trkpt lon="34.997849" lat="31.902838"><ele>250.596709</ele><time>2026-05-30T17:55:12Z</time><extensions><speed>2.830940</speed><course>102.808199</course><hAcc>1.178683</hAcc><vAcc>0.756744</vAcc></extensions></trkpt>
      <trkpt lon="34.997878" lat="31.902832"><ele>250.618498</ele><time>2026-05-30T17:55:13Z</time><extensions><speed>2.803102</speed><course>105.205742</course><hAcc>1.182151</hAcc><vAcc>0.756747</vAcc></extensions></trkpt>
      <trkpt lon="34.997906" lat="31.902826"><ele>250.645934</ele><time>2026-05-30T17:55:14Z</time><extensions><speed>2.666065</speed><course>106.745486</course><hAcc>1.183681</hAcc><vAcc>0.756751</vAcc></extensions></trkpt>
      <trkpt lon="34.997932" lat="31.902819"><ele>250.674708</ele><time>2026-05-30T17:55:15Z</time><extensions><speed>2.477491</speed><course>108.093138</course><hAcc>1.187548</hAcc><vAcc>0.756755</vAcc></extensions></trkpt>
      <trkpt lon="34.997956" lat="31.902812"><ele>250.709468</ele><time>2026-05-30T17:55:16Z</time><extensions><speed>2.483168</speed><course>108.814535</course><hAcc>1.194124</hAcc><vAcc>0.756760</vAcc></extensions></trkpt>
      <trkpt lon="34.997982" lat="31.902804"><ele>250.729229</ele><time>2026-05-30T17:55:17Z</time><extensions><speed>2.693135</speed><course>109.365144</course><hAcc>1.213153</hAcc><vAcc>0.756766</vAcc></extensions></trkpt>
      <trkpt lon="34.998010" lat="31.902796"><ele>250.752189</ele><time>2026-05-30T17:55:18Z</time><extensions><speed>2.824317</speed><course>109.507736</course><hAcc>1.237903</hAcc><vAcc>0.756774</vAcc></extensions></trkpt>
      <trkpt lon="34.998039" lat="31.902787"><ele>250.756435</ele><time>2026-05-30T17:55:19Z</time><extensions><speed>3.052856</speed><course>107.258569</course><hAcc>1.260592</hAcc><vAcc>0.756784</vAcc></extensions></trkpt>
      <trkpt lon="34.998071" lat="31.902780"><ele>250.764007</ele><time>2026-05-30T17:55:20Z</time><extensions><speed>3.246158</speed><course>102.120359</course><hAcc>1.275820</hAcc><vAcc>0.756797</vAcc></extensions></trkpt>
      <trkpt lon="34.998106" lat="31.902775"><ele>250.767351</ele><time>2026-05-30T17:55:22Z</time><extensions><speed>3.320971</speed><course>96.431075</course><hAcc>1.287657</hAcc><vAcc>0.756803</vAcc></extensions></trkpt>
      <trkpt lon="34.998141" lat="31.902774"><ele>250.781257</ele><time>2026-05-30T17:55:23Z</time><extensions><speed>3.335487</speed><course>90.657642</course><hAcc>1.295625</hAcc><vAcc>0.756788</vAcc></extensions></trkpt>
      <trkpt lon="34.998175" lat="31.902774"><ele>250.793615</ele><time>2026-05-30T17:55:24Z</time><extensions><speed>3.082674</speed><course>88.361008</course><hAcc>1.299149</hAcc><vAcc>0.756778</vAcc></extensions></trkpt>
      <trkpt lon="34.998207" lat="31.902774"><ele>250.806686</ele><time>2026-05-30T17:55:25Z</time><extensions><speed>3.085811</speed><course>92.141086</course><hAcc>1.296081</hAcc><vAcc>0.756770</vAcc></extensions></trkpt>
      <trkpt lon="34.998239" lat="31.902771"><ele>250.817723</ele><time>2026-05-30T17:55:26Z</time><extensions><speed>3.025121</speed><course>99.214127</course><hAcc>1.288205</hAcc><vAcc>0.756763</vAcc></extensions></trkpt>
      <trkpt lon="34.998270" lat="31.902765"><ele>250.823877</ele><time>2026-05-30T17:55:27Z</time><extensions><speed>3.033670</speed><course>107.062762</course><hAcc>1.276674</hAcc><vAcc>0.756758</vAcc></extensions></trkpt>
      <trkpt lon="34.998300" lat="31.902756"><ele>250.830558</ele><time>2026-05-30T17:55:28Z</time><extensions><speed>2.979390</speed><course>111.865533</course><hAcc>1.268579</hAcc><vAcc>0.756754</vAcc></extensions></trkpt>
      <trkpt lon="34.998329" lat="31.902745"><ele>250.833609</ele><time>2026-05-30T17:55:29Z</time><extensions><speed>2.836208</speed><course>114.647188</course><hAcc>1.262117</hAcc><vAcc>0.756751</vAcc></extensions></trkpt>
      <trkpt lon="34.998355" lat="31.902736"><ele>250.806299</ele><time>2026-05-30T17:55:30Z</time><extensions><speed>2.634053</speed><course>112.433785</course><hAcc>1.253028</hAcc><vAcc>0.756748</vAcc></extensions></trkpt>
      <trkpt lon="34.998381" lat="31.902728"><ele>250.791465</ele><time>2026-05-30T17:55:31Z</time><extensions><speed>2.591113</speed><course>106.064116</course><hAcc>1.250503</hAcc><vAcc>0.756745</vAcc></extensions></trkpt>
      <trkpt lon="34.998407" lat="31.902722"><ele>250.760653</ele><time>2026-05-30T17:55:32Z</time><extensions><speed>2.497659</speed><course>103.068347</course><hAcc>1.248498</hAcc><vAcc>0.756743</vAcc></extensions></trkpt>
      <trkpt lon="34.998432" lat="31.902717"><ele>250.726721</ele><time>2026-05-30T17:55:33Z</time><extensions><speed>2.398365</speed><course>103.651019</course><hAcc>1.253519</hAcc><vAcc>0.756742</vAcc></extensions></trkpt>
      <trkpt lon="34.998457" lat="31.902711"><ele>250.685674</ele><time>2026-05-30T17:55:34Z</time><extensions><speed>2.515177</speed><course>104.888310</course><hAcc>1.262004</hAcc><vAcc>0.756740</vAcc></extensions></trkpt>
      <trkpt lon="34.998484" lat="31.902706"><ele>250.643516</ele><time>2026-05-30T17:55:35Z</time><extensions><speed>2.702469</speed><course>103.144122</course><hAcc>1.269585</hAcc><vAcc>0.756739</vAcc></extensions></trkpt>
      <trkpt lon="34.998513" lat="31.902701"><ele>250.608448</ele><time>2026-05-30T17:55:36Z</time><extensions><speed>2.939510</speed><course>98.292764</course><hAcc>1.271280</hAcc><vAcc>0.756738</vAcc></extensions></trkpt>
      <trkpt lon="34.998544" lat="31.902698"><ele>250.566932</ele><time>2026-05-30T17:55:37Z</time><extensions><speed>2.963855</speed><course>93.106642</course><hAcc>1.266943</hAcc><vAcc>0.756737</vAcc></extensions></trkpt>
      <trkpt lon="34.998575" lat="31.902698"><ele>250.539695</ele><time>2026-05-30T17:55:38Z</time><extensions><speed>2.757496</speed><course>87.930670</course><hAcc>1.257917</hAcc><vAcc>0.756736</vAcc></extensions></trkpt>
      <trkpt lon="34.998603" lat="31.902700"><ele>250.518047</ele><time>2026-05-30T17:55:39Z</time><extensions><speed>2.675428</speed><course>84.289875</course><hAcc>1.242857</hAcc><vAcc>0.756736</vAcc></extensions></trkpt>
      <trkpt lon="34.998631" lat="31.902703"><ele>250.499783</ele><time>2026-05-30T17:55:40Z</time><extensions><speed>2.586016</speed><course>79.966447</course><hAcc>1.228934</hAcc><vAcc>0.756735</vAcc></extensions></trkpt>
      <trkpt lon="34.998657" lat="31.902709"><ele>250.467712</ele><time>2026-05-30T17:55:41Z</time><extensions><speed>2.527499</speed><course>70.977401</course><hAcc>1.216322</hAcc><vAcc>0.756735</vAcc></extensions></trkpt>
      <trkpt lon="34.998682" lat="31.902718"><ele>250.442396</ele><time>2026-05-30T17:55:42Z</time><extensions><speed>2.644073</speed><course>60.181009</course><hAcc>1.203324</hAcc><vAcc>0.756735</vAcc></extensions></trkpt>
      <trkpt lon="34.998706" lat="31.902732"><ele>250.421855</ele><time>2026-05-30T17:55:43Z</time><extensions><speed>2.755063</speed><course>53.796082</course><hAcc>1.195548</hAcc><vAcc>0.756735</vAcc></extensions></trkpt>
      <trkpt lon="34.998729" lat="31.902747"><ele>250.384561</ele><time>2026-05-30T17:55:44Z</time><extensions><speed>2.851329</speed><course>53.115319</course><hAcc>1.187069</hAcc><vAcc>0.756735</vAcc></extensions></trkpt>
      <trkpt lon="34.998754" lat="31.902760"><ele>250.362964</ele><time>2026-05-30T17:55:45Z</time><extensions><speed>2.725747</speed><course>63.983788</course><hAcc>1.184488</hAcc><vAcc>0.756735</vAcc></extensions></trkpt>
      <trkpt lon="34.998781" lat="31.902767"><ele>250.337146</ele><time>2026-05-30T17:55:46Z</time><extensions><speed>2.577614</speed><course>80.220364</course><hAcc>1.188494</hAcc><vAcc>0.756735</vAcc></extensions></trkpt>
      <trkpt lon="34.998808" lat="31.902769"><ele>250.321114</ele><time>2026-05-30T17:55:47Z</time><extensions><speed>2.641979</speed><course>90.280544</course><hAcc>1.191223</hAcc><vAcc>0.756735</vAcc></extensions></trkpt>
      <trkpt lon="34.998837" lat="31.902768"><ele>250.297016</ele><time>2026-05-30T17:55:48Z</time><extensions><speed>2.869802</speed><course>94.219706</course><hAcc>1.193111</hAcc><vAcc>0.756736</vAcc></extensions></trkpt>
      <trkpt lon="34.998869" lat="31.902766"><ele>250.265985</ele><time>2026-05-30T17:55:49Z</time><extensions><speed>3.180784</speed><course>94.859522</course><hAcc>1.193522</hAcc><vAcc>0.756736</vAcc></extensions></trkpt>
      <trkpt lon="34.998901" lat="31.902763"><ele>250.228384</ele><time>2026-05-30T17:55:50Z</time><extensions><speed>2.934188</speed><course>95.818374</course><hAcc>1.197237</hAcc><vAcc>0.756736</vAcc></extensions></trkpt>
      <trkpt lon="34.998931" lat="31.902760"><ele>250.175358</ele><time>2026-05-30T17:55:51Z</time><extensions><speed>2.695488</speed><course>100.287002</course><hAcc>1.199436</hAcc><vAcc>0.756736</vAcc></extensions></trkpt>
      <trkpt lon="34.998958" lat="31.902756"><ele>250.106500</ele><time>2026-05-30T17:55:52Z</time><extensions><speed>2.484265</speed><course>101.100027</course><hAcc>1.200373</hAcc><vAcc>0.756736</vAcc></extensions></trkpt>
      <trkpt lon="34.998983" lat="31.902752"><ele>250.039470</ele><time>2026-05-30T17:55:53Z</time><extensions><speed>2.334249</speed><course>96.692681</course><hAcc>1.200339</hAcc><vAcc>0.756736</vAcc></extensions></trkpt>
      <trkpt lon="34.999008" lat="31.902751"><ele>249.962390</ele><time>2026-05-30T17:55:54Z</time><extensions><speed>2.404838</speed><course>88.212543</course><hAcc>1.199503</hAcc><vAcc>0.756736</vAcc></extensions></trkpt>
      <trkpt lon="34.999034" lat="31.902753"><ele>249.888925</ele><time>2026-05-30T17:55:55Z</time><extensions><speed>2.585981</speed><course>84.632638</course><hAcc>1.192786</hAcc><vAcc>0.756736</vAcc></extensions></trkpt>
      <trkpt lon="34.999062" lat="31.902754"><ele>249.810676</ele><time>2026-05-30T17:55:56Z</time><extensions><speed>2.709126</speed><course>91.132710</course><hAcc>1.183736</hAcc><vAcc>0.756736</vAcc></extensions></trkpt>
      <trkpt lon="34.999091" lat="31.902752"><ele>249.715020</ele><time>2026-05-30T17:55:57Z</time><extensions><speed>2.867564</speed><course>94.664474</course><hAcc>1.176745</hAcc><vAcc>0.756737</vAcc></extensions></trkpt>
      <trkpt lon="34.999121" lat="31.902749"><ele>249.621732</ele><time>2026-05-30T17:55:58Z</time><extensions><speed>2.873039</speed><course>99.858174</course><hAcc>1.168938</hAcc><vAcc>0.756737</vAcc></extensions></trkpt>
      <trkpt lon="34.999151" lat="31.902743"><ele>249.515679</ele><time>2026-05-30T17:55:59Z</time><extensions><speed>2.875143</speed><course>108.017454</course><hAcc>1.165639</hAcc><vAcc>0.756737</vAcc></extensions></trkpt>
      <trkpt lon="34.999180" lat="31.902733"><ele>249.395822</ele><time>2026-05-30T17:56:00Z</time><extensions><speed>3.035956</speed><course>114.994327</course><hAcc>1.162150</hAcc><vAcc>0.756737</vAcc></extensions></trkpt>
      <trkpt lon="34.999208" lat="31.902719"><ele>249.281644</ele><time>2026-05-30T17:56:01Z</time><extensions><speed>3.087834</speed><course>124.778765</course><hAcc>1.160969</hAcc><vAcc>0.756737</vAcc></extensions></trkpt>
      <trkpt lon="34.999233" lat="31.902703"><ele>249.158474</ele><time>2026-05-30T17:56:02Z</time><extensions><speed>2.905442</speed><course>129.520024</course><hAcc>1.158443</hAcc><vAcc>0.756737</vAcc></extensions></trkpt>
      <trkpt lon="34.999256" lat="31.902687"><ele>249.025646</ele><time>2026-05-30T17:56:03Z</time><extensions><speed>2.777598</speed><course>127.800954</course><hAcc>1.152595</hAcc><vAcc>0.756737</vAcc></extensions></trkpt>
      <trkpt lon="34.999279" lat="31.902674"><ele>248.894055</ele><time>2026-05-30T17:56:04Z</time><extensions><speed>2.388111</speed><course>117.221977</course><hAcc>1.147029</hAcc><vAcc>0.756737</vAcc></extensions></trkpt>
      <trkpt lon="34.999303" lat="31.902668"><ele>248.755685</ele><time>2026-05-30T17:56:05Z</time><extensions><speed>2.322641</speed><course>100.804343</course><hAcc>1.142033</hAcc><vAcc>0.756737</vAcc></extensions></trkpt>
      <trkpt lon="34.999327" lat="31.902666"><ele>248.626281</ele><time>2026-05-30T17:56:06Z</time><extensions><speed>2.395908</speed><course>89.901838</course><hAcc>1.132868</hAcc><vAcc>0.756737</vAcc></extensions></trkpt>
      <trkpt lon="34.999353" lat="31.902666"><ele>248.481209</ele><time>2026-05-30T17:56:07Z</time><extensions><speed>2.502129</speed><course>90.060670</course><hAcc>1.121739</hAcc><vAcc>0.756737</vAcc></extensions></trkpt>
      <trkpt lon="34.999381" lat="31.902665"><ele>248.339428</ele><time>2026-05-30T17:56:08Z</time><extensions><speed>2.761416</speed><course>92.232952</course><hAcc>1.112405</hAcc><vAcc>0.756737</vAcc></extensions></trkpt>
      <trkpt lon="34.999411" lat="31.902663"><ele>248.210874</ele><time>2026-05-30T17:56:09Z</time><extensions><speed>2.993306</speed><course>95.718225</course><hAcc>1.109971</hAcc><vAcc>0.756737</vAcc></extensions></trkpt>
      <trkpt lon="34.999442" lat="31.902660"><ele>248.072156</ele><time>2026-05-30T17:56:10Z</time><extensions><speed>2.793252</speed><course>99.203568</course><hAcc>1.101963</hAcc><vAcc>0.756737</vAcc></extensions></trkpt>
      <trkpt lon="34.999471" lat="31.902656"><ele>247.925227</ele><time>2026-05-30T17:56:11Z</time><extensions><speed>2.853537</speed><course>98.855120</course><hAcc>1.090667</hAcc><vAcc>0.756737</vAcc></extensions></trkpt>
      <trkpt lon="34.999501" lat="31.902653"><ele>247.800284</ele><time>2026-05-30T17:56:12Z</time><extensions><speed>2.952847</speed><course>96.012276</course><hAcc>1.084293</hAcc><vAcc>0.756737</vAcc></extensions></trkpt>
      <trkpt lon="34.999532" lat="31.902651"><ele>247.676275</ele><time>2026-05-30T17:56:13Z</time><extensions><speed>2.916851</speed><course>91.325739</course><hAcc>1.079440</hAcc><vAcc>0.756738</vAcc></extensions></trkpt>
      <trkpt lon="34.999563" lat="31.902652"><ele>247.554108</ele><time>2026-05-30T17:56:14Z</time><extensions><speed>2.872619</speed><course>83.130448</course><hAcc>1.077297</hAcc><vAcc>0.756738</vAcc></extensions></trkpt>
      <trkpt lon="34.999591" lat="31.902658"><ele>247.422679</ele><time>2026-05-30T17:56:15Z</time><extensions><speed>2.695015</speed><course>71.101492</course><hAcc>1.077440</hAcc><vAcc>0.756738</vAcc></extensions></trkpt>
      <trkpt lon="34.999616" lat="31.902667"><ele>247.301095</ele><time>2026-05-30T17:56:16Z</time><extensions><speed>2.457359</speed><course>58.269965</course><hAcc>1.076951</hAcc><vAcc>0.756738</vAcc></extensions></trkpt>
      <trkpt lon="34.999636" lat="31.902680"><ele>247.190706</ele><time>2026-05-30T17:56:17Z</time><extensions><speed>2.269183</speed><course>49.137106</course><hAcc>1.074136</hAcc><vAcc>0.756738</vAcc></extensions></trkpt>
      <trkpt lon="34.999654" lat="31.902694"><ele>247.078154</ele><time>2026-05-30T17:56:18Z</time><extensions><speed>2.448832</speed><course>44.852459</course><hAcc>1.064699</hAcc><vAcc>0.756738</vAcc></extensions></trkpt>
      <trkpt lon="34.999673" lat="31.902711"><ele>246.960584</ele><time>2026-05-30T17:56:19Z</time><extensions><speed>2.623194</speed><course>44.691003</course><hAcc>1.058215</hAcc><vAcc>0.756738</vAcc></extensions></trkpt>
      <trkpt lon="34.999693" lat="31.902726"><ele>246.843527</ele><time>2026-05-30T17:56:20Z</time><extensions><speed>2.502658</speed><course>48.559757</course><hAcc>1.054689</hAcc><vAcc>0.756738</vAcc></extensions></trkpt>
      <trkpt lon="34.999715" lat="31.902742"><ele>246.725655</ele><time>2026-05-30T17:56:21Z</time><extensions><speed>2.863580</speed><course>53.977529</course><hAcc>1.048577</hAcc><vAcc>0.756738</vAcc></extensions></trkpt>
      <trkpt lon="34.999742" lat="31.902757"><ele>246.591663</ele><time>2026-05-30T17:56:22Z</time><extensions><speed>3.292690</speed><course>56.828052</course><hAcc>1.041850</hAcc><vAcc>0.756738</vAcc></extensions></trkpt>
      <trkpt lon="34.999770" lat="31.902773"><ele>246.445168</ele><time>2026-05-30T17:56:23Z</time><extensions><speed>3.119722</speed><course>55.789826</course><hAcc>1.039865</hAcc><vAcc>0.756738</vAcc></extensions></trkpt>
      <trkpt lon="34.999797" lat="31.902789"><ele>246.311960</ele><time>2026-05-30T17:56:24Z</time><extensions><speed>2.974226</speed><course>56.096292</course><hAcc>1.038335</hAcc><vAcc>0.756738</vAcc></extensions></trkpt>
      <trkpt lon="34.999823" lat="31.902803"><ele>246.176890</ele><time>2026-05-30T17:56:25Z</time><extensions><speed>3.005266</speed><course>60.063029</course><hAcc>1.034284</hAcc><vAcc>0.756738</vAcc></extensions></trkpt>
      <trkpt lon="34.999852" lat="31.902815"><ele>246.041511</ele><time>2026-05-30T17:56:26Z</time><extensions><speed>2.985953</speed><course>65.694001</course><hAcc>1.036818</hAcc><vAcc>0.756738</vAcc></extensions></trkpt>
      <trkpt lon="34.999881" lat="31.902826"><ele>245.897083</ele><time>2026-05-30T17:56:27Z</time><extensions><speed>2.999863</speed><course>68.651565</course><hAcc>1.035375</hAcc><vAcc>0.756738</vAcc></extensions></trkpt>
      <trkpt lon="34.999910" lat="31.902835"><ele>245.768315</ele><time>2026-05-30T17:56:28Z</time><extensions><speed>2.911404</speed><course>72.334694</course><hAcc>1.030646</hAcc><vAcc>0.756738</vAcc></extensions></trkpt>
      <trkpt lon="34.999940" lat="31.902842"><ele>245.634870</ele><time>2026-05-30T17:56:29Z</time><extensions><speed>3.009934</speed><course>77.243052</course><hAcc>1.024219</hAcc><vAcc>0.756738</vAcc></extensions></trkpt>
      <trkpt lon="34.999972" lat="31.902846"><ele>245.502150</ele><time>2026-05-30T17:56:30Z</time><extensions><speed>3.036089</speed><course>82.385273</course><hAcc>1.019637</hAcc><vAcc>0.756738</vAcc></extensions></trkpt>
      <trkpt lon="35.000005" lat="31.902847"><ele>245.376561</ele><time>2026-05-30T17:56:31Z</time><extensions><speed>3.196896</speed><course>93.596244</course><hAcc>1.014101</hAcc><vAcc>0.756738</vAcc></extensions></trkpt>
      <trkpt lon="35.000038" lat="31.902842"><ele>245.261830</ele><time>2026-05-30T17:56:32Z</time><extensions><speed>3.267593</speed><course>106.384965</course><hAcc>1.009545</hAcc><vAcc>0.756738</vAcc></extensions></trkpt>
      <trkpt lon="35.000069" lat="31.902831"><ele>245.144613</ele><time>2026-05-30T17:56:33Z</time><extensions><speed>3.130144</speed><course>121.826416</course><hAcc>1.004232</hAcc><vAcc>0.756738</vAcc></extensions></trkpt>
      <trkpt lon="35.000095" lat="31.902813"><ele>245.046456</ele><time>2026-05-30T17:56:34Z</time><extensions><speed>3.121581</speed><course>134.307196</course><hAcc>1.002625</hAcc><vAcc>0.756738</vAcc></extensions></trkpt>
      <trkpt lon="35.000116" lat="31.902792"><ele>244.950452</ele><time>2026-05-30T17:56:34Z</time><extensions><speed>3.106495</speed><course>144.707053</course><hAcc>1.000598</hAcc><vAcc>0.756738</vAcc></extensions></trkpt>
      <trkpt lon="35.000133" lat="31.902769"><ele>244.873552</ele><time>2026-05-30T17:56:35Z</time><extensions><speed>2.963980</speed><course>151.105311</course><hAcc>1.001698</hAcc><vAcc>0.756738</vAcc></extensions></trkpt>
      <trkpt lon="35.000148" lat="31.902745"><ele>244.805195</ele><time>2026-05-30T17:56:36Z</time><extensions><speed>3.105995</speed><course>151.519536</course><hAcc>1.001096</hAcc><vAcc>0.756738</vAcc></extensions></trkpt>
      <trkpt lon="35.000165" lat="31.902721"><ele>244.744086</ele><time>2026-05-30T17:56:37Z</time><extensions><speed>3.087898</speed><course>148.545215</course><hAcc>0.998282</hAcc><vAcc>0.756738</vAcc></extensions></trkpt>
      <trkpt lon="35.000182" lat="31.902697"><ele>244.703484</ele><time>2026-05-30T17:56:38Z</time><extensions><speed>3.154431</speed><course>146.854690</course><hAcc>0.999266</hAcc><vAcc>0.756738</vAcc></extensions></trkpt>
      <trkpt lon="35.000200" lat="31.902674"><ele>244.660801</ele><time>2026-05-30T17:56:39Z</time><extensions><speed>3.009725</speed><course>146.872961</course><hAcc>0.999554</hAcc><vAcc>0.756738</vAcc></extensions></trkpt>
      <trkpt lon="35.000218" lat="31.902651"><ele>244.627378</ele><time>2026-05-30T17:56:40Z</time><extensions><speed>3.117030</speed><course>147.413062</course><hAcc>0.997263</hAcc><vAcc>0.756738</vAcc></extensions></trkpt>
      <trkpt lon="35.000235" lat="31.902626"><ele>244.607429</ele><time>2026-05-30T17:56:41Z</time><extensions><speed>3.150964</speed><course>149.689806</course><hAcc>0.997671</hAcc><vAcc>0.756738</vAcc></extensions></trkpt>
      <trkpt lon="35.000250" lat="31.902602"><ele>244.586701</ele><time>2026-05-30T17:56:42Z</time><extensions><speed>2.993765</speed><course>153.259585</course><hAcc>0.997921</hAcc><vAcc>0.756738</vAcc></extensions></trkpt>
      <trkpt lon="35.000264" lat="31.902578"><ele>244.577705</ele><time>2026-05-30T17:56:43Z</time><extensions><speed>2.982472</speed><course>156.839689</course><hAcc>1.002867</hAcc><vAcc>0.756738</vAcc></extensions></trkpt>
      <trkpt lon="35.000276" lat="31.902553"><ele>244.567383</ele><time>2026-05-30T17:56:44Z</time><extensions><speed>2.902550</speed><course>158.669004</course><hAcc>1.009967</hAcc><vAcc>0.756738</vAcc></extensions></trkpt>
      <trkpt lon="35.000287" lat="31.902528"><ele>244.572141</ele><time>2026-05-30T17:56:45Z</time><extensions><speed>2.958364</speed><course>159.339625</course><hAcc>1.016499</hAcc><vAcc>0.756738</vAcc></extensions></trkpt>
      <trkpt lon="35.000297" lat="31.902503"><ele>244.584471</ele><time>2026-05-30T17:56:46Z</time><extensions><speed>2.963542</speed><course>160.757302</course><hAcc>1.018944</hAcc><vAcc>0.756738</vAcc></extensions></trkpt>
      <trkpt lon="35.000308" lat="31.902478"><ele>244.584028</ele><time>2026-05-30T17:56:47Z</time><extensions><speed>2.920243</speed><course>160.603985</course><hAcc>1.017757</hAcc><vAcc>0.756738</vAcc></extensions></trkpt>
      <trkpt lon="35.000319" lat="31.902454"><ele>244.596538</ele><time>2026-05-30T17:56:48Z</time><extensions><speed>2.954875</speed><course>156.584325</course><hAcc>1.015030</hAcc><vAcc>0.756738</vAcc></extensions></trkpt>
      <trkpt lon="35.000332" lat="31.902429"><ele>244.607787</ele><time>2026-05-30T17:56:49Z</time><extensions><speed>2.983324</speed><course>153.702340</course><hAcc>1.014928</hAcc><vAcc>0.756738</vAcc></extensions></trkpt>
      <trkpt lon="35.000346" lat="31.902405"><ele>244.606124</ele><time>2026-05-30T17:56:50Z</time><extensions><speed>2.991372</speed><course>152.349431</course><hAcc>1.011945</hAcc><vAcc>0.756738</vAcc></extensions></trkpt>
      <trkpt lon="35.000362" lat="31.902382"><ele>244.608205</ele><time>2026-05-30T17:56:51Z</time><extensions><speed>2.962342</speed><course>150.547582</course><hAcc>1.005681</hAcc><vAcc>0.756738</vAcc></extensions></trkpt>
      <trkpt lon="35.000377" lat="31.902359"><ele>244.611382</ele><time>2026-05-30T17:56:52Z</time><extensions><speed>2.940893</speed><course>151.270235</course><hAcc>1.003309</hAcc><vAcc>0.756738</vAcc></extensions></trkpt>
      <trkpt lon="35.000391" lat="31.902335"><ele>244.606311</ele><time>2026-05-30T17:56:53Z</time><extensions><speed>2.960824</speed><course>152.158525</course><hAcc>0.999802</hAcc><vAcc>0.756738</vAcc></extensions></trkpt>
      <trkpt lon="35.000405" lat="31.902311"><ele>244.601271</ele><time>2026-05-30T17:56:54Z</time><extensions><speed>2.943555</speed><course>154.872961</course><hAcc>0.995818</hAcc><vAcc>0.756738</vAcc></extensions></trkpt>
      <trkpt lon="35.000418" lat="31.902288"><ele>244.590274</ele><time>2026-05-30T17:56:55Z</time><extensions><speed>2.823605</speed><course>154.581567</course><hAcc>0.998724</hAcc><vAcc>0.756738</vAcc></extensions></trkpt>
      <trkpt lon="35.000432" lat="31.902265"><ele>244.583847</ele><time>2026-05-30T17:56:56Z</time><extensions><speed>2.862842</speed><course>153.678457</course><hAcc>1.001018</hAcc><vAcc>0.756738</vAcc></extensions></trkpt>
      <trkpt lon="35.000446" lat="31.902242"><ele>244.579111</ele><time>2026-05-30T17:56:57Z</time><extensions><speed>2.882431</speed><course>149.867041</course><hAcc>1.007876</hAcc><vAcc>0.756738</vAcc></extensions></trkpt>
      <trkpt lon="35.000462" lat="31.902219"><ele>244.566709</ele><time>2026-05-30T17:56:58Z</time><extensions><speed>2.926234</speed><course>147.922928</course><hAcc>1.011153</hAcc><vAcc>0.756738</vAcc></extensions></trkpt>
      <trkpt lon="35.000478" lat="31.902197"><ele>244.560802</ele><time>2026-05-30T17:56:59Z</time><extensions><speed>3.016840</speed><course>148.331396</course><hAcc>1.013310</hAcc><vAcc>0.756738</vAcc></extensions></trkpt>
      <trkpt lon="35.000495" lat="31.902174"><ele>244.556457</ele><time>2026-05-30T17:57:00Z</time><extensions><speed>2.914273</speed><course>149.075120</course><hAcc>1.015222</hAcc><vAcc>0.756738</vAcc></extensions></trkpt>
      <trkpt lon="35.000510" lat="31.902151"><ele>244.543760</ele><time>2026-05-30T17:57:01Z</time><extensions><speed>2.956112</speed><course>150.846958</course><hAcc>1.013258</hAcc><vAcc>0.756738</vAcc></extensions></trkpt>
      <trkpt lon="35.000525" lat="31.902128"><ele>244.525352</ele><time>2026-05-30T17:57:02Z</time><extensions><speed>2.792218</speed><course>151.097681</course><hAcc>1.011314</hAcc><vAcc>0.756738</vAcc></extensions></trkpt>
      <trkpt lon="35.000539" lat="31.902107"><ele>244.499640</ele><time>2026-05-30T17:57:03Z</time><extensions><speed>2.738146</speed><course>149.417067</course><hAcc>1.009691</hAcc><vAcc>0.756738</vAcc></extensions></trkpt>
      <trkpt lon="35.000555" lat="31.902085"><ele>244.476471</ele><time>2026-05-30T17:57:04Z</time><extensions><speed>2.922183</speed><course>147.685391</course><hAcc>1.004851</hAcc><vAcc>0.756738</vAcc></extensions></trkpt>
      <trkpt lon="35.000571" lat="31.902063"><ele>244.439955</ele><time>2026-05-30T17:57:05Z</time><extensions><speed>2.834888</speed><course>147.147774</course><hAcc>1.002805</hAcc><vAcc>0.756738</vAcc></extensions></trkpt>
      <trkpt lon="35.000587" lat="31.902042"><ele>244.395406</ele><time>2026-05-30T17:57:06Z</time><extensions><speed>2.801359</speed><course>147.952857</course><hAcc>0.997949</hAcc><vAcc>0.756738</vAcc></extensions></trkpt>
      <trkpt lon="35.000603" lat="31.902020"><ele>244.356144</ele><time>2026-05-30T17:57:07Z</time><extensions><speed>2.804157</speed><course>147.675442</course><hAcc>0.997542</hAcc><vAcc>0.756738</vAcc></extensions></trkpt>
      <trkpt lon="35.000619" lat="31.901999"><ele>244.308225</ele><time>2026-05-30T17:57:08Z</time><extensions><speed>2.877757</speed><course>146.333602</course><hAcc>0.997146</hAcc><vAcc>0.756738</vAcc></extensions></trkpt>
      <trkpt lon="35.000637" lat="31.901977"><ele>244.246685</ele><time>2026-05-30T17:57:09Z</time><extensions><speed>2.875446</speed><course>143.116453</course><hAcc>0.995846</hAcc><vAcc>0.756738</vAcc></extensions></trkpt>
      <trkpt lon="35.000656" lat="31.901957"><ele>244.175663</ele><time>2026-05-30T17:57:10Z</time><extensions><speed>2.976689</speed><course>140.473567</course><hAcc>0.994932</hAcc><vAcc>0.756738</vAcc></extensions></trkpt>
      <trkpt lon="35.000676" lat="31.901936"><ele>244.106277</ele><time>2026-05-30T17:57:11Z</time><extensions><speed>2.950962</speed><course>139.247565</course><hAcc>0.995061</hAcc><vAcc>0.756738</vAcc></extensions></trkpt>
      <trkpt lon="35.000697" lat="31.901916"><ele>244.040352</ele><time>2026-05-30T17:57:12Z</time><extensions><speed>2.936885</speed><course>139.089307</course><hAcc>0.992345</hAcc><vAcc>0.756738</vAcc></extensions></trkpt>
      <trkpt lon="35.000717" lat="31.901896"><ele>243.966242</ele><time>2026-05-30T17:57:13Z</time><extensions><speed>2.961655</speed><course>139.813170</course><hAcc>0.992402</hAcc><vAcc>0.756738</vAcc></extensions></trkpt>
      <trkpt lon="35.000736" lat="31.901876"><ele>243.890482</ele><time>2026-05-30T17:57:14Z</time><extensions><speed>2.783981</speed><course>140.343531</course><hAcc>0.994098</hAcc><vAcc>0.756738</vAcc></extensions></trkpt>
      <trkpt lon="35.000755" lat="31.901857"><ele>243.807926</ele><time>2026-05-30T17:57:15Z</time><extensions><speed>2.820637</speed><course>140.865680</course><hAcc>0.995860</hAcc><vAcc>0.756738</vAcc></extensions></trkpt>
      <trkpt lon="35.000774" lat="31.901837"><ele>243.721977</ele><time>2026-05-30T17:57:16Z</time><extensions><speed>2.753828</speed><course>139.085579</course><hAcc>1.002374</hAcc><vAcc>0.756738</vAcc></extensions></trkpt>
      <trkpt lon="35.000794" lat="31.901818"><ele>243.623838</ele><time>2026-05-30T17:57:17Z</time><extensions><speed>2.828065</speed><course>138.232979</course><hAcc>1.004988</hAcc><vAcc>0.756741</vAcc></extensions></trkpt>
      <trkpt lon="35.000814" lat="31.901800"><ele>243.533361</ele><time>2026-05-30T17:57:18Z</time><extensions><speed>2.873952</speed><course>136.192760</course><hAcc>1.005078</hAcc><vAcc>0.756744</vAcc></extensions></trkpt>
      <trkpt lon="35.000836" lat="31.901781"><ele>243.443841</ele><time>2026-05-30T17:57:19Z</time><extensions><speed>2.966616</speed><course>135.409858</course><hAcc>1.010150</hAcc><vAcc>0.756748</vAcc></extensions></trkpt>
      <trkpt lon="35.000858" lat="31.901762"><ele>243.344843</ele><time>2026-05-30T17:57:20Z</time><extensions><speed>2.902732</speed><course>134.703798</course><hAcc>1.008486</hAcc><vAcc>0.756753</vAcc></extensions></trkpt>
      <trkpt lon="35.000878" lat="31.901744"><ele>243.247488</ele><time>2026-05-30T17:57:21Z</time><extensions><speed>2.666343</speed><course>137.368136</course><hAcc>1.005329</hAcc><vAcc>0.756758</vAcc></extensions></trkpt>
      <trkpt lon="35.000897" lat="31.901727"><ele>243.139457</ele><time>2026-05-30T17:57:22Z</time><extensions><speed>2.477923</speed><course>137.375308</course><hAcc>1.008197</hAcc><vAcc>0.756764</vAcc></extensions></trkpt>
      <trkpt lon="35.000915" lat="31.901710"><ele>243.030817</ele><time>2026-05-30T17:57:23Z</time><extensions><speed>2.686395</speed><course>137.346050</course><hAcc>1.008653</hAcc><vAcc>0.756772</vAcc></extensions></trkpt>
      <trkpt lon="35.000935" lat="31.901692"><ele>242.932612</ele><time>2026-05-30T17:57:24Z</time><extensions><speed>2.758830</speed><course>135.512545</course><hAcc>1.004359</hAcc><vAcc>0.756781</vAcc></extensions></trkpt>
      <trkpt lon="35.000956" lat="31.901674"><ele>242.823691</ele><time>2026-05-30T17:57:25Z</time><extensions><speed>2.927381</speed><course>134.477597</course><hAcc>1.004799</hAcc><vAcc>0.756793</vAcc></extensions></trkpt>
      <trkpt lon="35.000978" lat="31.901656"><ele>242.720300</ele><time>2026-05-30T17:57:26Z</time><extensions><speed>2.895670</speed><course>132.936571</course><hAcc>1.001277</hAcc><vAcc>0.756809</vAcc></extensions></trkpt>
      <trkpt lon="35.001001" lat="31.901638"><ele>242.624958</ele><time>2026-05-30T17:57:28Z</time><extensions><speed>2.972197</speed><course>132.297978</course><hAcc>0.999253</hAcc><vAcc>0.756816</vAcc></extensions></trkpt>
      <trkpt lon="35.001025" lat="31.901620"><ele>242.516175</ele><time>2026-05-30T17:57:29Z</time><extensions><speed>2.971569</speed><course>128.865394</course><hAcc>0.998789</hAcc><vAcc>0.756798</vAcc></extensions></trkpt>
      <trkpt lon="35.001049" lat="31.901604"><ele>242.405401</ele><time>2026-05-30T17:57:30Z</time><extensions><speed>2.878268</speed><course>128.808242</course><hAcc>0.999698</hAcc><vAcc>0.756785</vAcc></extensions></trkpt>
      <trkpt lon="35.001073" lat="31.901587"><ele>242.294115</ele><time>2026-05-30T17:57:31Z</time><extensions><speed>2.941083</speed><course>130.066254</course><hAcc>0.997660</hAcc><vAcc>0.756775</vAcc></extensions></trkpt>
      <trkpt lon="35.001097" lat="31.901570"><ele>242.176735</ele><time>2026-05-30T17:57:32Z</time><extensions><speed>2.980626</speed><course>131.665509</course><hAcc>0.998917</hAcc><vAcc>0.756768</vAcc></extensions></trkpt>
      <trkpt lon="35.001121" lat="31.901552"><ele>242.056567</ele><time>2026-05-30T17:57:33Z</time><extensions><speed>3.042255</speed><course>130.362468</course><hAcc>0.997407</hAcc><vAcc>0.756761</vAcc></extensions></trkpt>
      <trkpt lon="35.001146" lat="31.901534"><ele>241.923664</ele><time>2026-05-30T17:57:34Z</time><extensions><speed>3.111294</speed><course>128.904471</course><hAcc>0.996530</hAcc><vAcc>0.756756</vAcc></extensions></trkpt>
      <trkpt lon="35.001171" lat="31.901516"><ele>241.802637</ele><time>2026-05-30T17:57:35Z</time><extensions><speed>3.124945</speed><course>128.740191</course><hAcc>0.995357</hAcc><vAcc>0.756752</vAcc></extensions></trkpt>
      <trkpt lon="35.001197" lat="31.901499"><ele>241.682026</ele><time>2026-05-30T17:57:36Z</time><extensions><speed>3.060697</speed><course>128.670799</course><hAcc>0.994997</hAcc><vAcc>0.756749</vAcc></extensions></trkpt>
      <trkpt lon="35.001222" lat="31.901482"><ele>241.564191</ele><time>2026-05-30T17:57:37Z</time><extensions><speed>2.974572</speed><course>128.683633</course><hAcc>0.993926</hAcc><vAcc>0.756746</vAcc></extensions></trkpt>
      <trkpt lon="35.001246" lat="31.901465"><ele>241.436111</ele><time>2026-05-30T17:57:38Z</time><extensions><speed>2.934473</speed><course>128.092705</course><hAcc>0.990583</hAcc><vAcc>0.756743</vAcc></extensions></trkpt>
      <trkpt lon="35.001271" lat="31.901450"><ele>241.306376</ele><time>2026-05-30T17:57:39Z</time><extensions><speed>2.914780</speed><course>125.691240</course><hAcc>0.987109</hAcc><vAcc>0.756741</vAcc></extensions></trkpt>
      <trkpt lon="35.001296" lat="31.901435"><ele>241.190863</ele><time>2026-05-30T17:57:40Z</time><extensions><speed>2.824676</speed><course>124.186564</course><hAcc>0.987039</hAcc><vAcc>0.756740</vAcc></extensions></trkpt>
      <trkpt lon="35.001321" lat="31.901421"><ele>241.072075</ele><time>2026-05-30T17:57:41Z</time><extensions><speed>2.875396</speed><course>120.851276</course><hAcc>0.986079</hAcc><vAcc>0.756738</vAcc></extensions></trkpt>
      <trkpt lon="35.001348" lat="31.901409"><ele>240.963670</ele><time>2026-05-30T17:57:42Z</time><extensions><speed>2.917651</speed><course>114.976882</course><hAcc>0.985307</hAcc><vAcc>0.756736</vAcc></extensions></trkpt>
      <trkpt lon="35.001376" lat="31.901398"><ele>240.856860</ele><time>2026-05-30T17:57:43Z</time><extensions><speed>2.840802</speed><course>112.549341</course><hAcc>0.990272</hAcc><vAcc>0.756735</vAcc></extensions></trkpt>
      <trkpt lon="35.001404" lat="31.901388"><ele>240.727454</ele><time>2026-05-30T17:57:44Z</time><extensions><speed>2.951273</speed><course>113.757490</course><hAcc>0.993494</hAcc><vAcc>0.756734</vAcc></extensions></trkpt>
      <trkpt lon="35.001432" lat="31.901377"><ele>240.606857</ele><time>2026-05-30T17:57:45Z</time><extensions><speed>2.928621</speed><course>115.431421</course><hAcc>0.995088</hAcc><vAcc>0.756734</vAcc></extensions></trkpt>
      <trkpt lon="35.001460" lat="31.901365"><ele>240.482865</ele><time>2026-05-30T17:57:46Z</time><extensions><speed>2.966445</speed><course>116.623419</course><hAcc>0.997296</hAcc><vAcc>0.756733</vAcc></extensions></trkpt>
      <trkpt lon="35.001489" lat="31.901353"><ele>240.366628</ele><time>2026-05-30T17:57:47Z</time><extensions><speed>3.071537</speed><course>117.102605</course><hAcc>0.995837</hAcc><vAcc>0.756733</vAcc></extensions></trkpt>
      <trkpt lon="35.001518" lat="31.901341"><ele>240.247455</ele><time>2026-05-30T17:57:48Z</time><extensions><speed>3.020592</speed><course>116.676016</course><hAcc>0.994513</hAcc><vAcc>0.756733</vAcc></extensions></trkpt>
      <trkpt lon="35.001546" lat="31.901328"><ele>240.134658</ele><time>2026-05-30T17:57:49Z</time><extensions><speed>3.009042</speed><course>117.339472</course><hAcc>0.991360</hAcc><vAcc>0.756733</vAcc></extensions></trkpt>
      <trkpt lon="35.001573" lat="31.901316"><ele>240.014764</ele><time>2026-05-30T17:57:50Z</time><extensions><speed>2.872084</speed><course>120.290079</course><hAcc>0.987936</hAcc><vAcc>0.756733</vAcc></extensions></trkpt>
      <trkpt lon="35.001600" lat="31.901302"><ele>239.892471</ele><time>2026-05-30T17:57:51Z</time><extensions><speed>2.901121</speed><course>121.120793</course><hAcc>0.986144</hAcc><vAcc>0.756733</vAcc></extensions></trkpt>
      <trkpt lon="35.001626" lat="31.901289"><ele>239.773243</ele><time>2026-05-30T17:57:52Z</time><extensions><speed>2.939757</speed><course>120.635631</course><hAcc>0.983251</hAcc><vAcc>0.756733</vAcc></extensions></trkpt>
      <trkpt lon="35.001653" lat="31.901275"><ele>239.659341</ele><time>2026-05-30T17:57:53Z</time><extensions><speed>2.934381</speed><course>120.999982</course><hAcc>0.980572</hAcc><vAcc>0.756734</vAcc></extensions></trkpt>
      <trkpt lon="35.001679" lat="31.901262"><ele>239.537133</ele><time>2026-05-30T17:57:54Z</time><extensions><speed>2.777852</speed><course>121.323766</course><hAcc>0.978437</hAcc><vAcc>0.756734</vAcc></extensions></trkpt>
      <trkpt lon="35.001704" lat="31.901250"><ele>239.411329</ele><time>2026-05-30T17:57:55Z</time><extensions><speed>2.752967</speed><course>114.388483</course><hAcc>0.976955</hAcc><vAcc>0.756734</vAcc></extensions></trkpt>
      <trkpt lon="35.001732" lat="31.901240"><ele>239.278852</ele><time>2026-05-30T17:57:56Z</time><extensions><speed>2.990386</speed><course>110.154403</course><hAcc>0.975865</hAcc><vAcc>0.756734</vAcc></extensions></trkpt>
      <trkpt lon="35.001762" lat="31.901231"><ele>239.152931</ele><time>2026-05-30T17:57:57Z</time><extensions><speed>2.886347</speed><course>110.248128</course><hAcc>0.974784</hAcc><vAcc>0.756734</vAcc></extensions></trkpt>
      <trkpt lon="35.001790" lat="31.901222"><ele>239.022535</ele><time>2026-05-30T17:57:58Z</time><extensions><speed>2.894125</speed><course>112.398860</course><hAcc>0.975190</hAcc><vAcc>0.756734</vAcc></extensions></trkpt>
      <trkpt lon="35.001818" lat="31.901211"><ele>238.910558</ele><time>2026-05-30T17:57:59Z</time><extensions><speed>2.888706</speed><course>114.839589</course><hAcc>0.973249</hAcc><vAcc>0.756735</vAcc></extensions></trkpt>
      <trkpt lon="35.001845" lat="31.901200"><ele>238.806750</ele><time>2026-05-30T17:58:00Z</time><extensions><speed>2.786090</speed><course>116.902311</course><hAcc>0.973827</hAcc><vAcc>0.756735</vAcc></extensions></trkpt>
      <trkpt lon="35.001871" lat="31.901189"><ele>238.701094</ele><time>2026-05-30T17:58:01Z</time><extensions><speed>2.780247</speed><course>114.584340</course><hAcc>0.974866</hAcc><vAcc>0.756735</vAcc></extensions></trkpt>
      <trkpt lon="35.001899" lat="31.901180"><ele>238.593627</ele><time>2026-05-30T17:58:02Z</time><extensions><speed>2.891624</speed><course>110.430072</course><hAcc>0.973182</hAcc><vAcc>0.756735</vAcc></extensions></trkpt>
      <trkpt lon="35.001928" lat="31.901170"><ele>238.485925</ele><time>2026-05-30T17:58:03Z</time><extensions><speed>3.042422</speed><course>111.200649</course><hAcc>0.971929</hAcc><vAcc>0.756735</vAcc></extensions></trkpt>
      <trkpt lon="35.001958" lat="31.901159"><ele>238.375947</ele><time>2026-05-30T17:58:04Z</time><extensions><speed>3.071148</speed><course>114.294782</course><hAcc>0.970915</hAcc><vAcc>0.756735</vAcc></extensions></trkpt>
      <trkpt lon="35.001987" lat="31.901148"><ele>238.269474</ele><time>2026-05-30T17:58:05Z</time><extensions><speed>2.898409</speed><course>117.122698</course><hAcc>0.968096</hAcc><vAcc>0.756735</vAcc></extensions></trkpt>
      <trkpt lon="35.002014" lat="31.901136"><ele>238.177973</ele><time>2026-05-30T17:58:06Z</time><extensions><speed>2.893586</speed><course>115.892120</course><hAcc>0.971051</hAcc><vAcc>0.756736</vAcc></extensions></trkpt>
      <trkpt lon="35.002042" lat="31.901125"><ele>238.096089</ele><time>2026-05-30T17:58:07Z</time><extensions><speed>2.934521</speed><course>115.298806</course><hAcc>0.971999</hAcc><vAcc>0.756736</vAcc></extensions></trkpt>
      <trkpt lon="35.002070" lat="31.901113"><ele>238.034028</ele><time>2026-05-30T17:58:08Z</time><extensions><speed>2.915869</speed><course>116.708512</course><hAcc>0.974563</hAcc><vAcc>0.756736</vAcc></extensions></trkpt>
      <trkpt lon="35.002097" lat="31.901101"><ele>237.978025</ele><time>2026-05-30T17:58:09Z</time><extensions><speed>2.906761</speed><course>116.901828</course><hAcc>0.976501</hAcc><vAcc>0.756736</vAcc></extensions></trkpt>
      <trkpt lon="35.002124" lat="31.901090"><ele>237.926944</ele><time>2026-05-30T17:58:10Z</time><extensions><speed>2.791575</speed><course>116.475459</course><hAcc>0.976241</hAcc><vAcc>0.756736</vAcc></extensions></trkpt>
      <trkpt lon="35.002151" lat="31.901079"><ele>237.880263</ele><time>2026-05-30T17:58:11Z</time><extensions><speed>2.880347</speed><course>115.451817</course><hAcc>0.973631</hAcc><vAcc>0.756736</vAcc></extensions></trkpt>
      <trkpt lon="35.002179" lat="31.901067"><ele>237.836344</ele><time>2026-05-30T17:58:12Z</time><extensions><speed>2.980900</speed><course>114.683284</course><hAcc>0.972306</hAcc><vAcc>0.756736</vAcc></extensions></trkpt>
      <trkpt lon="35.002207" lat="31.901056"><ele>237.803886</ele><time>2026-05-30T17:58:13Z</time><extensions><speed>2.948913</speed><course>115.593517</course><hAcc>0.973625</hAcc><vAcc>0.756736</vAcc></extensions></trkpt>
      <trkpt lon="35.002236" lat="31.901044"><ele>237.777599</ele><time>2026-05-30T17:58:14Z</time><extensions><speed>3.023073</speed><course>115.782580</course><hAcc>0.969330</hAcc><vAcc>0.756736</vAcc></extensions></trkpt>
      <trkpt lon="35.002265" lat="31.901033"><ele>237.764042</ele><time>2026-05-30T17:58:15Z</time><extensions><speed>2.982187</speed><course>112.556581</course><hAcc>0.968663</hAcc><vAcc>0.756736</vAcc></extensions></trkpt>
      <trkpt lon="35.002295" lat="31.901023"><ele>237.753604</ele><time>2026-05-30T17:58:16Z</time><extensions><speed>3.066008</speed><course>110.891237</course><hAcc>0.968988</hAcc><vAcc>0.756736</vAcc></extensions></trkpt>
      <trkpt lon="35.002325" lat="31.901013"><ele>237.744800</ele><time>2026-05-30T17:58:17Z</time><extensions><speed>3.151589</speed><course>112.548724</course><hAcc>0.966276</hAcc><vAcc>0.756736</vAcc></extensions></trkpt>
      <trkpt lon="35.002355" lat="31.901001"><ele>237.724261</ele><time>2026-05-30T17:58:18Z</time><extensions><speed>3.088596</speed><course>116.715264</course><hAcc>0.965412</hAcc><vAcc>0.756737</vAcc></extensions></trkpt>
      <trkpt lon="35.002384" lat="31.900988"><ele>237.705146</ele><time>2026-05-30T17:58:19Z</time><extensions><speed>3.075971</speed><course>118.912482</course><hAcc>0.962731</hAcc><vAcc>0.756737</vAcc></extensions></trkpt>
      <trkpt lon="35.002412" lat="31.900975"><ele>237.672838</ele><time>2026-05-30T17:58:20Z</time><extensions><speed>3.026066</speed><course>116.615620</course><hAcc>0.962123</hAcc><vAcc>0.756737</vAcc></extensions></trkpt>
      <trkpt lon="35.002441" lat="31.900964"><ele>237.640434</ele><time>2026-05-30T17:58:21Z</time><extensions><speed>2.934776</speed><course>111.936157</course><hAcc>0.963694</hAcc><vAcc>0.756737</vAcc></extensions></trkpt>
      <trkpt lon="35.002470" lat="31.900955"><ele>237.595444</ele><time>2026-05-30T17:58:22Z</time><extensions><speed>2.959442</speed><course>109.414077</course><hAcc>0.960547</hAcc><vAcc>0.756737</vAcc></extensions></trkpt>
      <trkpt lon="35.002500" lat="31.900946"><ele>237.557430</ele><time>2026-05-30T17:58:23Z</time><extensions><speed>2.972992</speed><course>107.641355</course><hAcc>0.962268</hAcc><vAcc>0.756737</vAcc></extensions></trkpt>
      <trkpt lon="35.002530" lat="31.900938"><ele>237.501715</ele><time>2026-05-30T17:58:24Z</time><extensions><speed>2.937912</speed><course>106.607517</course><hAcc>0.967486</hAcc><vAcc>0.756737</vAcc></extensions></trkpt>
      <trkpt lon="35.002561" lat="31.900930"><ele>237.444698</ele><time>2026-05-30T17:58:25Z</time><extensions><speed>3.159980</speed><course>108.066996</course><hAcc>0.971377</hAcc><vAcc>0.756737</vAcc></extensions></trkpt>
      <trkpt lon="35.002591" lat="31.900920"><ele>237.373728</ele><time>2026-05-30T17:58:26Z</time><extensions><speed>3.070637</speed><course>113.194639</course><hAcc>0.979449</hAcc><vAcc>0.756737</vAcc></extensions></trkpt>
      <trkpt lon="35.002621" lat="31.900908"><ele>237.300764</ele><time>2026-05-30T17:58:27Z</time><extensions><speed>3.236218</speed><course>119.055594</course><hAcc>0.985022</hAcc><vAcc>0.756737</vAcc></extensions></trkpt>
      <trkpt lon="35.002651" lat="31.900893"><ele>237.208454</ele><time>2026-05-30T17:58:28Z</time><extensions><speed>3.382967</speed><course>122.813512</course><hAcc>0.990044</hAcc><vAcc>0.756737</vAcc></extensions></trkpt>
      <trkpt lon="35.002680" lat="31.900876"><ele>237.106228</ele><time>2026-05-30T17:58:29Z</time><extensions><speed>3.274609</speed><course>124.613580</course><hAcc>0.989412</hAcc><vAcc>0.756737</vAcc></extensions></trkpt>
      <trkpt lon="35.002708" lat="31.900859"><ele>236.982129</ele><time>2026-05-30T17:58:29Z</time><extensions><speed>3.169408</speed><course>126.502537</course><hAcc>0.988325</hAcc><vAcc>0.756737</vAcc></extensions></trkpt>
      <trkpt lon="35.002734" lat="31.900842"><ele>236.861091</ele><time>2026-05-30T17:58:30Z</time><extensions><speed>3.002296</speed><course>127.485098</course><hAcc>0.986042</hAcc><vAcc>0.756737</vAcc></extensions></trkpt>
      <trkpt lon="35.002759" lat="31.900826"><ele>236.745635</ele><time>2026-05-30T17:58:31Z</time><extensions><speed>2.962127</speed><course>126.254665</course><hAcc>0.984064</hAcc><vAcc>0.756737</vAcc></extensions></trkpt>
      <trkpt lon="35.002785" lat="31.900811"><ele>236.641491</ele><time>2026-05-30T17:58:32Z</time><extensions><speed>2.926406</speed><course>123.279925</course><hAcc>0.982851</hAcc><vAcc>0.756737</vAcc></extensions></trkpt>
      <trkpt lon="35.002811" lat="31.900797"><ele>236.530447</ele><time>2026-05-30T17:58:33Z</time><extensions><speed>2.950015</speed><course>120.616601</course><hAcc>0.981688</hAcc><vAcc>0.756737</vAcc></extensions></trkpt>
      <trkpt lon="35.002839" lat="31.900784"><ele>236.435868</ele><time>2026-05-30T17:58:34Z</time><extensions><speed>3.049646</speed><course>116.417552</course><hAcc>0.979868</hAcc><vAcc>0.756737</vAcc></extensions></trkpt>
      <trkpt lon="35.002868" lat="31.900772"><ele>236.338806</ele><time>2026-05-30T17:58:35Z</time><extensions><speed>3.084608</speed><course>115.184376</course><hAcc>0.981569</hAcc><vAcc>0.756737</vAcc></extensions></trkpt>
      <trkpt lon="35.002898" lat="31.900760"><ele>236.249385</ele><time>2026-05-30T17:58:36Z</time><extensions><speed>3.054900</speed><course>114.714577</course><hAcc>0.981834</hAcc><vAcc>0.756737</vAcc></extensions></trkpt>
      <trkpt lon="35.002926" lat="31.900749"><ele>236.176772</ele><time>2026-05-30T17:58:37Z</time><extensions><speed>2.888752</speed><course>114.825801</course><hAcc>0.980639</hAcc><vAcc>0.756737</vAcc></extensions></trkpt>
      <trkpt lon="35.002954" lat="31.900739"><ele>236.107509</ele><time>2026-05-30T17:58:38Z</time><extensions><speed>2.757613</speed><course>113.169911</course><hAcc>0.980180</hAcc><vAcc>0.756737</vAcc></extensions></trkpt>
      <trkpt lon="35.002980" lat="31.900730"><ele>236.034997</ele><time>2026-05-30T17:58:39Z</time><extensions><speed>2.655728</speed><course>108.921682</course><hAcc>0.983339</hAcc><vAcc>0.756737</vAcc></extensions></trkpt>
      <trkpt lon="35.003008" lat="31.900724"><ele>235.968095</ele><time>2026-05-30T17:58:40Z</time><extensions><speed>2.728352</speed><course>100.635507</course><hAcc>0.977427</hAcc><vAcc>0.756737</vAcc></extensions></trkpt>
      <trkpt lon="35.003038" lat="31.900719"><ele>235.886859</ele><time>2026-05-30T17:58:41Z</time><extensions><speed>3.055525</speed><course>98.572039</course><hAcc>0.977186</hAcc><vAcc>0.756737</vAcc></extensions></trkpt>
      <trkpt lon="35.003071" lat="31.900715"><ele>235.815810</ele><time>2026-05-30T17:58:42Z</time><extensions><speed>3.296071</speed><course>101.124529</course><hAcc>0.977987</hAcc><vAcc>0.756737</vAcc></extensions></trkpt>
      <trkpt lon="35.003105" lat="31.900707"><ele>235.730021</ele><time>2026-05-30T17:58:43Z</time><extensions><speed>3.292568</speed><course>106.555904</course><hAcc>0.975466</hAcc><vAcc>0.756737</vAcc></extensions></trkpt>
      <trkpt lon="35.003137" lat="31.900698"><ele>235.636303</ele><time>2026-05-30T17:58:44Z</time><extensions><speed>3.164166</speed><course>111.481869</course><hAcc>0.973797</hAcc><vAcc>0.756737</vAcc></extensions></trkpt>
      <trkpt lon="35.003167" lat="31.900688"><ele>235.532115</ele><time>2026-05-30T17:58:45Z</time><extensions><speed>2.944865</speed><course>112.572014</course><hAcc>0.971849</hAcc><vAcc>0.756737</vAcc></extensions></trkpt>
      <trkpt lon="35.003196" lat="31.900678"><ele>235.400997</ele><time>2026-05-30T17:58:46Z</time><extensions><speed>2.905555</speed><course>110.847862</course><hAcc>0.970947</hAcc><vAcc>0.756737</vAcc></extensions></trkpt>
      <trkpt lon="35.003224" lat="31.900669"><ele>235.263606</ele><time>2026-05-30T17:58:47Z</time><extensions><speed>2.851736</speed><course>108.497638</course><hAcc>0.973454</hAcc><vAcc>0.756737</vAcc></extensions></trkpt>
      <trkpt lon="35.003254" lat="31.900661"><ele>235.105097</ele><time>2026-05-30T17:58:48Z</time><extensions><speed>3.034091</speed><course>109.187046</course><hAcc>0.973148</hAcc><vAcc>0.756737</vAcc></extensions></trkpt>
      <trkpt lon="35.003283" lat="31.900651"><ele>234.925172</ele><time>2026-05-30T17:58:49Z</time><extensions><speed>2.932830</speed><course>112.353868</course><hAcc>0.976832</hAcc><vAcc>0.756737</vAcc></extensions></trkpt>
      <trkpt lon="35.003311" lat="31.900640"><ele>234.732475</ele><time>2026-05-30T17:58:50Z</time><extensions><speed>2.940620</speed><course>116.314975</course><hAcc>0.976347</hAcc><vAcc>0.756737</vAcc></extensions></trkpt>
      <trkpt lon="35.003339" lat="31.900628"><ele>234.524017</ele><time>2026-05-30T17:58:51Z</time><extensions><speed>2.939567</speed><course>119.067538</course><hAcc>0.977374</hAcc><vAcc>0.756737</vAcc></extensions></trkpt>
      <trkpt lon="35.003367" lat="31.900616"><ele>234.289087</ele><time>2026-05-30T17:58:52Z</time><extensions><speed>2.983475</speed><course>115.211310</course><hAcc>0.974291</hAcc><vAcc>0.756737</vAcc></extensions></trkpt>
      <trkpt lon="35.003396" lat="31.900605"><ele>234.036717</ele><time>2026-05-30T17:58:53Z</time><extensions><speed>2.958535</speed><course>112.143560</course><hAcc>0.972461</hAcc><vAcc>0.756737</vAcc></extensions></trkpt>
      <trkpt lon="35.003426" lat="31.900595"><ele>233.782511</ele><time>2026-05-30T17:58:54Z</time><extensions><speed>3.093386</speed><course>109.026477</course><hAcc>0.970931</hAcc><vAcc>0.756737</vAcc></extensions></trkpt>
      <trkpt lon="35.003457" lat="31.900586"><ele>233.522265</ele><time>2026-05-30T17:58:55Z</time><extensions><speed>3.191716</speed><course>108.898308</course><hAcc>0.967742</hAcc><vAcc>0.756737</vAcc></extensions></trkpt>
      <trkpt lon="35.003488" lat="31.900576"><ele>233.250898</ele><time>2026-05-30T17:58:56Z</time><extensions><speed>3.056106</speed><course>111.395169</course><hAcc>0.968320</hAcc><vAcc>0.756737</vAcc></extensions></trkpt>
      <trkpt lon="35.003518" lat="31.900566"><ele>232.972680</ele><time>2026-05-30T17:58:57Z</time><extensions><speed>3.004776</speed><course>111.829631</course><hAcc>0.970864</hAcc><vAcc>0.756737</vAcc></extensions></trkpt>
      <trkpt lon="35.003547" lat="31.900556"><ele>232.672503</ele><time>2026-05-30T17:58:58Z</time><extensions><speed>2.911655</speed><course>111.759656</course><hAcc>0.975185</hAcc><vAcc>0.756737</vAcc></extensions></trkpt>
      <trkpt lon="35.003576" lat="31.900546"><ele>232.370018</ele><time>2026-05-30T17:58:59Z</time><extensions><speed>3.001413</speed><course>112.770768</course><hAcc>0.980475</hAcc><vAcc>0.756737</vAcc></extensions></trkpt>
      <trkpt lon="35.003605" lat="31.900536"><ele>232.070761</ele><time>2026-05-30T17:59:00Z</time><extensions><speed>3.003600</speed><course>114.326108</course><hAcc>0.977559</hAcc><vAcc>0.756737</vAcc></extensions></trkpt>
      <trkpt lon="35.003632" lat="31.900524"><ele>231.766409</ele><time>2026-05-30T17:59:01Z</time><extensions><speed>2.779073</speed><course>116.447865</course><hAcc>0.977876</hAcc><vAcc>0.756737</vAcc></extensions></trkpt>
      <trkpt lon="35.003659" lat="31.900513"><ele>231.465018</ele><time>2026-05-30T17:59:02Z</time><extensions><speed>2.905874</speed><course>115.346978</course><hAcc>0.981427</hAcc><vAcc>0.756737</vAcc></extensions></trkpt>
      <trkpt lon="35.003688" lat="31.900502"><ele>231.151497</ele><time>2026-05-30T17:59:03Z</time><extensions><speed>3.112071</speed><course>112.613908</course><hAcc>0.979838</hAcc><vAcc>0.756737</vAcc></extensions></trkpt>
      <trkpt lon="35.003719" lat="31.900492"><ele>230.848881</ele><time>2026-05-30T17:59:04Z</time><extensions><speed>3.175155</speed><course>110.652253</course><hAcc>0.978987</hAcc><vAcc>0.756737</vAcc></extensions></trkpt>
      <trkpt lon="35.003751" lat="31.900482"><ele>230.558447</ele><time>2026-05-30T17:59:05Z</time><extensions><speed>3.195031</speed><course>110.993382</course><hAcc>0.979460</hAcc><vAcc>0.756737</vAcc></extensions></trkpt>
      <trkpt lon="35.003781" lat="31.900471"><ele>230.262196</ele><time>2026-05-30T17:59:06Z</time><extensions><speed>3.085115</speed><course>114.415399</course><hAcc>0.977107</hAcc><vAcc>0.756737</vAcc></extensions></trkpt>
      <trkpt lon="35.003811" lat="31.900459"><ele>229.969694</ele><time>2026-05-30T17:59:07Z</time><extensions><speed>3.072613</speed><course>114.582945</course><hAcc>0.976263</hAcc><vAcc>0.756737</vAcc></extensions></trkpt>
      <trkpt lon="35.003840" lat="31.900448"><ele>229.676190</ele><time>2026-05-30T17:59:08Z</time><extensions><speed>2.966103</speed><course>112.898502</course><hAcc>0.974183</hAcc><vAcc>0.756737</vAcc></extensions></trkpt>
      <trkpt lon="35.003869" lat="31.900438"><ele>229.383063</ele><time>2026-05-30T17:59:09Z</time><extensions><speed>2.905040</speed><course>110.220095</course><hAcc>0.973107</hAcc><vAcc>0.756737</vAcc></extensions></trkpt>
      <trkpt lon="35.003898" lat="31.900429"><ele>229.102193</ele><time>2026-05-30T17:59:10Z</time><extensions><speed>2.961918</speed><course>109.180100</course><hAcc>0.974567</hAcc><vAcc>0.756737</vAcc></extensions></trkpt>
      <trkpt lon="35.003928" lat="31.900420"><ele>228.823974</ele><time>2026-05-30T17:59:11Z</time><extensions><speed>2.972733</speed><course>110.105758</course><hAcc>0.974873</hAcc><vAcc>0.756737</vAcc></extensions></trkpt>
      <trkpt lon="35.003957" lat="31.900411"><ele>228.561908</ele><time>2026-05-30T17:59:12Z</time><extensions><speed>2.988468</speed><course>110.934118</course><hAcc>0.975071</hAcc><vAcc>0.756737</vAcc></extensions></trkpt>
      <trkpt lon="35.003987" lat="31.900402"><ele>228.316679</ele><time>2026-05-30T17:59:13Z</time><extensions><speed>2.939039</speed><course>110.990242</course><hAcc>0.975954</hAcc><vAcc>0.756737</vAcc></extensions></trkpt>
      <trkpt lon="35.004016" lat="31.900392"><ele>228.081447</ele><time>2026-05-30T17:59:14Z</time><extensions><speed>3.022533</speed><course>110.898191</course><hAcc>0.981565</hAcc><vAcc>0.756737</vAcc></extensions></trkpt>
      <trkpt lon="35.004046" lat="31.900382"><ele>227.863364</ele><time>2026-05-30T17:59:15Z</time><extensions><speed>3.004029</speed><course>113.031189</course><hAcc>0.985125</hAcc><vAcc>0.756737</vAcc></extensions></trkpt>
      <trkpt lon="35.004074" lat="31.900370"><ele>227.653409</ele><time>2026-05-30T17:59:16Z</time><extensions><speed>2.966011</speed><course>116.392060</course><hAcc>0.992302</hAcc><vAcc>0.756737</vAcc></extensions></trkpt>
      <trkpt lon="35.004102" lat="31.900358"><ele>227.457759</ele><time>2026-05-30T17:59:17Z</time><extensions><speed>2.966193</speed><course>117.685110</course><hAcc>1.001975</hAcc><vAcc>0.756737</vAcc></extensions></trkpt>
      <trkpt lon="35.004130" lat="31.900346"><ele>227.275743</ele><time>2026-05-30T17:59:18Z</time><extensions><speed>2.923496</speed><course>117.275740</course><hAcc>1.007222</hAcc><vAcc>0.756737</vAcc></extensions></trkpt>
      <trkpt lon="35.004158" lat="31.900334"><ele>227.102296</ele><time>2026-05-30T17:59:19Z</time><extensions><speed>2.983098</speed><course>114.903179</course><hAcc>1.009556</hAcc><vAcc>0.756737</vAcc></extensions></trkpt>
      <trkpt lon="35.004187" lat="31.900323"><ele>226.944022</ele><time>2026-05-30T17:59:20Z</time><extensions><speed>2.968306</speed><course>113.367945</course><hAcc>1.011314</hAcc><vAcc>0.756737</vAcc></extensions></trkpt>
      <trkpt lon="35.004215" lat="31.900312"><ele>226.793704</ele><time>2026-05-30T17:59:21Z</time><extensions><speed>2.999136</speed><course>115.179125</course><hAcc>1.015096</hAcc><vAcc>0.756737</vAcc></extensions></trkpt>
      <trkpt lon="35.004244" lat="31.900301"><ele>226.653927</ele><time>2026-05-30T17:59:22Z</time><extensions><speed>3.030146</speed><course>115.715910</course><hAcc>1.017815</hAcc><vAcc>0.756737</vAcc></extensions></trkpt>
      <trkpt lon="35.004273" lat="31.900289"><ele>226.518385</ele><time>2026-05-30T17:59:23Z</time><extensions><speed>2.961160</speed><course>114.355044</course><hAcc>1.018952</hAcc><vAcc>0.756740</vAcc></extensions></trkpt>
      <trkpt lon="35.004302" lat="31.900279"><ele>226.399891</ele><time>2026-05-30T17:59:24Z</time><extensions><speed>3.038809</speed><course>111.410103</course><hAcc>1.019757</hAcc><vAcc>0.756744</vAcc></extensions></trkpt>
      <trkpt lon="35.004332" lat="31.900269"><ele>226.272113</ele><time>2026-05-30T17:59:25Z</time><extensions><speed>3.041475</speed><course>110.693251</course><hAcc>1.020180</hAcc><vAcc>0.756748</vAcc></extensions></trkpt>
      <trkpt lon="35.004362" lat="31.900259"><ele>226.151708</ele><time>2026-05-30T17:59:26Z</time><extensions><speed>3.080530</speed><course>112.669235</course><hAcc>1.020482</hAcc><vAcc>0.756753</vAcc></extensions></trkpt>
      <trkpt lon="35.004392" lat="31.900248"><ele>226.030081</ele><time>2026-05-30T17:59:27Z</time><extensions><speed>3.115675</speed><course>114.240745</course><hAcc>1.019364</hAcc><vAcc>0.756758</vAcc></extensions></trkpt>
      <trkpt lon="35.004421" lat="31.900236"><ele>225.922289</ele><time>2026-05-30T17:59:28Z</time><extensions><speed>2.960850</speed><course>115.725290</course><hAcc>1.019060</hAcc><vAcc>0.756765</vAcc></extensions></trkpt>
      <trkpt lon="35.004450" lat="31.900224"><ele>225.811422</ele><time>2026-05-30T17:59:29Z</time><extensions><speed>3.038327</speed><course>114.678322</course><hAcc>1.019445</hAcc><vAcc>0.756772</vAcc></extensions></trkpt>
      <trkpt lon="35.004480" lat="31.900213"><ele>225.692841</ele><time>2026-05-30T17:59:30Z</time><extensions><speed>3.122321</speed><course>113.353630</course><hAcc>1.021259</hAcc><vAcc>0.756782</vAcc></extensions></trkpt>
      <trkpt lon="35.004511" lat="31.900202"><ele>225.570087</ele><time>2026-05-30T17:59:31Z</time><extensions><speed>3.300169</speed><course>112.618721</course><hAcc>1.023929</hAcc><vAcc>0.756795</vAcc></extensions></trkpt>
      <trkpt lon="35.004543" lat="31.900190"><ele>225.450930</ele><time>2026-05-30T17:59:32Z</time><extensions><speed>3.262031</speed><course>114.294123</course><hAcc>1.025069</hAcc><vAcc>0.756812</vAcc></extensions></trkpt>
      <trkpt lon="35.004573" lat="31.900177"><ele>225.333118</ele><time>2026-05-30T17:59:34Z</time><extensions><speed>3.187580</speed><course>121.378378</course><hAcc>1.026730</hAcc><vAcc>0.756819</vAcc></extensions></trkpt>
      <trkpt lon="35.004599" lat="31.900160"><ele>225.214535</ele><time>2026-05-30T17:59:35Z</time><extensions><speed>3.016438</speed><course>130.282834</course><hAcc>1.029007</hAcc><vAcc>0.756801</vAcc></extensions></trkpt>
      <trkpt lon="35.004623" lat="31.900142"><ele>225.100985</ele><time>2026-05-30T17:59:36Z</time><extensions><speed>3.027703</speed><course>136.863968</course><hAcc>1.031432</hAcc><vAcc>0.756788</vAcc></extensions></trkpt>
      <trkpt lon="35.004644" lat="31.900121"><ele>224.997526</ele><time>2026-05-30T17:59:37Z</time><extensions><speed>3.066819</speed><course>140.735000</course><hAcc>1.033639</hAcc><vAcc>0.756778</vAcc></extensions></trkpt>
      <trkpt lon="35.004664" lat="31.900099"><ele>224.888460</ele><time>2026-05-30T17:59:38Z</time><extensions><speed>3.091589</speed><course>143.367133</course><hAcc>1.036582</hAcc><vAcc>0.756770</vAcc></extensions></trkpt>
      <trkpt lon="35.004682" lat="31.900076"><ele>224.784809</ele><time>2026-05-30T17:59:39Z</time><extensions><speed>3.053012</speed><course>146.647623</course><hAcc>1.041267</hAcc><vAcc>0.756764</vAcc></extensions></trkpt>
      <trkpt lon="35.004699" lat="31.900052"><ele>224.672276</ele><time>2026-05-30T17:59:40Z</time><extensions><speed>3.187943</speed><course>153.614695</course><hAcc>1.048925</hAcc><vAcc>0.756759</vAcc></extensions></trkpt>
      <trkpt lon="35.004710" lat="31.900026"><ele>224.558708</ele><time>2026-05-30T17:59:41Z</time><extensions><speed>3.066022</speed><course>167.680913</course><hAcc>1.050161</hAcc><vAcc>0.756754</vAcc></extensions></trkpt>
      <trkpt lon="35.004714" lat="31.899998"><ele>224.450032</ele><time>2026-05-30T17:59:42Z</time><extensions><speed>3.201569</speed><course>178.168122</course><hAcc>1.052071</hAcc><vAcc>0.756751</vAcc></extensions></trkpt>
      <trkpt lon="35.004712" lat="31.899969"><ele>224.345390</ele><time>2026-05-30T17:59:43Z</time><extensions><speed>3.199343</speed><course>188.793786</course><hAcc>1.054611</hAcc><vAcc>0.756748</vAcc></extensions></trkpt>
      <trkpt lon="35.004705" lat="31.899940"><ele>224.236565</ele><time>2026-05-30T17:59:44Z</time><extensions><speed>3.294787</speed><course>192.984522</course><hAcc>1.062510</hAcc><vAcc>0.756745</vAcc></extensions></trkpt>
      <trkpt lon="35.004698" lat="31.899912"><ele>224.130302</ele><time>2026-05-30T17:59:45Z</time><extensions><speed>3.204343</speed><course>190.365880</course><hAcc>1.071793</hAcc><vAcc>0.756743</vAcc></extensions></trkpt>
      <trkpt lon="35.004692" lat="31.899883"><ele>224.029972</ele><time>2026-05-30T17:59:46Z</time><extensions><speed>3.168812</speed><course>189.213679</course><hAcc>1.079954</hAcc><vAcc>0.756741</vAcc></extensions></trkpt>
      <trkpt lon="35.004688" lat="31.899856"><ele>223.922846</ele><time>2026-05-30T17:59:47Z</time><extensions><speed>2.991504</speed><course>187.149253</course><hAcc>1.083937</hAcc><vAcc>0.756739</vAcc></extensions></trkpt>
      <trkpt lon="35.004683" lat="31.899830"><ele>223.808613</ele><time>2026-05-30T17:59:48Z</time><extensions><speed>2.856933</speed><course>189.719620</course><hAcc>1.090618</hAcc><vAcc>0.756738</vAcc></extensions></trkpt>
      <trkpt lon="35.004678" lat="31.899805"><ele>223.700837</ele><time>2026-05-30T17:59:49Z</time><extensions><speed>2.701841</speed><course>191.579159</course><hAcc>1.093290</hAcc><vAcc>0.756737</vAcc></extensions></trkpt>
      <trkpt lon="35.004673" lat="31.899781"><ele>223.602239</ele><time>2026-05-30T17:59:50Z</time><extensions><speed>2.693207</speed><course>190.067950</course><hAcc>1.099274</hAcc><vAcc>0.756736</vAcc></extensions></trkpt>
      <trkpt lon="35.004669" lat="31.899757"><ele>223.509717</ele><time>2026-05-30T17:59:51Z</time><extensions><speed>2.658825</speed><course>184.422953</course><hAcc>1.105132</hAcc><vAcc>0.756735</vAcc></extensions></trkpt>
      <trkpt lon="35.004669" lat="31.899733"><ele>223.405674</ele><time>2026-05-30T17:59:52Z</time><extensions><speed>2.758852</speed><course>175.321878</course><hAcc>1.107194</hAcc><vAcc>0.756735</vAcc></extensions></trkpt>
      <trkpt lon="35.004673" lat="31.899708"><ele>223.302592</ele><time>2026-05-30T17:59:53Z</time><extensions><speed>2.860048</speed><course>168.426364</course><hAcc>1.111049</hAcc><vAcc>0.756734</vAcc></extensions></trkpt>
      <trkpt lon="35.004679" lat="31.899682"><ele>223.204018</ele><time>2026-05-30T17:59:54Z</time><extensions><speed>3.004447</speed><course>169.067851</course><hAcc>1.114641</hAcc><vAcc>0.756734</vAcc></extensions></trkpt>
      <trkpt lon="35.004685" lat="31.899655"><ele>223.100206</ele><time>2026-05-30T17:59:55Z</time><extensions><speed>2.984353</speed><course>171.369296</course><hAcc>1.116437</hAcc><vAcc>0.756734</vAcc></extensions></trkpt>
      <trkpt lon="35.004689" lat="31.899629"><ele>222.995149</ele><time>2026-05-30T17:59:56Z</time><extensions><speed>2.856725</speed><course>174.381526</course><hAcc>1.114226</hAcc><vAcc>0.756734</vAcc></extensions></trkpt>
      <trkpt lon="35.004691" lat="31.899603"><ele>222.885548</ele><time>2026-05-30T17:59:57Z</time><extensions><speed>3.001507</speed><course>175.421894</course><hAcc>1.109667</hAcc><vAcc>0.756734</vAcc></extensions></trkpt>
      <trkpt lon="35.004694" lat="31.899576"><ele>222.783414</ele><time>2026-05-30T17:59:58Z</time><extensions><speed>3.085157</speed><course>174.104691</course><hAcc>1.109229</hAcc><vAcc>0.756734</vAcc></extensions></trkpt>
      <trkpt lon="35.004698" lat="31.899549"><ele>222.683660</ele><time>2026-05-30T17:59:59Z</time><extensions><speed>2.926948</speed><course>172.389449</course><hAcc>1.110109</hAcc><vAcc>0.756734</vAcc></extensions></trkpt>
      <trkpt lon="35.004703" lat="31.899522"><ele>222.572309</ele><time>2026-05-30T18:00:00Z</time><extensions><speed>2.963227</speed><course>170.372475</course><hAcc>1.114259</hAcc><vAcc>0.756734</vAcc></extensions></trkpt>
      <trkpt lon="35.004709" lat="31.899497"><ele>222.464880</ele><time>2026-05-30T18:00:01Z</time><extensions><speed>2.768330</speed><course>165.273460</course><hAcc>1.125225</hAcc><vAcc>0.756734</vAcc></extensions></trkpt>
      <trkpt lon="35.004717" lat="31.899473"><ele>222.340704</ele><time>2026-05-30T18:00:02Z</time><extensions><speed>2.741328</speed><course>161.421872</course><hAcc>1.141495</hAcc><vAcc>0.756735</vAcc></extensions></trkpt>
      <trkpt lon="35.004727" lat="31.899449"><ele>222.215553</ele><time>2026-05-30T18:00:03Z</time><extensions><speed>2.890250</speed><course>159.382637</course><hAcc>1.150500</hAcc><vAcc>0.756735</vAcc></extensions></trkpt>
      <trkpt lon="35.004738" lat="31.899425"><ele>222.098504</ele><time>2026-05-30T18:00:04Z</time><extensions><speed>2.855456</speed><course>158.492949</course><hAcc>1.162446</hAcc><vAcc>0.756735</vAcc></extensions></trkpt>
      <trkpt lon="35.004750" lat="31.899401"><ele>221.966702</ele><time>2026-05-30T18:00:05Z</time><extensions><speed>2.936368</speed><course>157.895680</course><hAcc>1.175344</hAcc><vAcc>0.756735</vAcc></extensions></trkpt>
      <trkpt lon="35.004762" lat="31.899376"><ele>221.839675</ele><time>2026-05-30T18:00:06Z</time><extensions><speed>3.138657</speed><course>156.496567</course><hAcc>1.182371</hAcc><vAcc>0.756735</vAcc></extensions></trkpt>
      <trkpt lon="35.004776" lat="31.899350"><ele>221.713157</ele><time>2026-05-30T18:00:07Z</time><extensions><speed>3.133285</speed><course>153.801197</course><hAcc>1.184308</hAcc><vAcc>0.756735</vAcc></extensions></trkpt>
      <trkpt lon="35.004791" lat="31.899325"><ele>221.585683</ele><time>2026-05-30T18:00:08Z</time><extensions><speed>3.164505</speed><course>152.507370</course><hAcc>1.186700</hAcc><vAcc>0.756735</vAcc></extensions></trkpt>
      <trkpt lon="35.004806" lat="31.899300"><ele>221.470151</ele><time>2026-05-30T18:00:09Z</time><extensions><speed>2.980205</speed><course>152.042912</course><hAcc>1.186013</hAcc><vAcc>0.756735</vAcc></extensions></trkpt>
      <trkpt lon="35.004821" lat="31.899276"><ele>221.346331</ele><time>2026-05-30T18:00:10Z</time><extensions><speed>2.976543</speed><course>151.793422</course><hAcc>1.184897</hAcc><vAcc>0.756735</vAcc></extensions></trkpt>
      <trkpt lon="35.004836" lat="31.899253"><ele>221.227665</ele><time>2026-05-30T18:00:11Z</time><extensions><speed>2.897024</speed><course>149.357836</course><hAcc>1.182359</hAcc><vAcc>0.756736</vAcc></extensions></trkpt>
      <trkpt lon="35.004853" lat="31.899231"><ele>221.116962</ele><time>2026-05-30T18:00:12Z</time><extensions><speed>2.943735</speed><course>143.629096</course><hAcc>1.179409</hAcc><vAcc>0.756736</vAcc></extensions></trkpt>
      <trkpt lon="35.004873" lat="31.899211"><ele>221.018557</ele><time>2026-05-30T18:00:13Z</time><extensions><speed>2.944580</speed><course>138.853112</course><hAcc>1.181315</hAcc><vAcc>0.756736</vAcc></extensions></trkpt>
      <trkpt lon="35.004894" lat="31.899191"><ele>220.935645</ele><time>2026-05-30T18:00:14Z</time><extensions><speed>3.131726</speed><course>135.403053</course><hAcc>1.188702</hAcc><vAcc>0.756736</vAcc></extensions></trkpt>
      <trkpt lon="35.004918" lat="31.899171"><ele>220.853035</ele><time>2026-05-30T18:00:15Z</time><extensions><speed>3.096221</speed><course>134.063466</course><hAcc>1.198020</hAcc><vAcc>0.756736</vAcc></extensions></trkpt>
      <trkpt lon="35.004941" lat="31.899151"><ele>220.788433</ele><time>2026-05-30T18:00:16Z</time><extensions><speed>3.122070</speed><course>136.229777</course><hAcc>1.199744</hAcc><vAcc>0.756736</vAcc></extensions></trkpt>
      <trkpt lon="35.004963" lat="31.899131"><ele>220.761716</ele><time>2026-05-30T18:00:17Z</time><extensions><speed>2.922811</speed><course>137.038591</course><hAcc>1.202774</hAcc><vAcc>0.756736</vAcc></extensions></trkpt>
      <trkpt lon="35.004984" lat="31.899112"><ele>220.741688</ele><time>2026-05-30T18:00:18Z</time><extensions><speed>2.938318</speed><course>139.241560</course><hAcc>1.203129</hAcc><vAcc>0.756736</vAcc></extensions></trkpt>
      <trkpt lon="35.005003" lat="31.899092"><ele>220.736124</ele><time>2026-05-30T18:00:19Z</time><extensions><speed>2.823110</speed><course>139.521555</course><hAcc>1.200356</hAcc><vAcc>0.756736</vAcc></extensions></trkpt>
      <trkpt lon="35.005023" lat="31.899073"><ele>220.726341</ele><time>2026-05-30T18:00:20Z</time><extensions><speed>2.836184</speed><course>137.242678</course><hAcc>1.198985</hAcc><vAcc>0.756736</vAcc></extensions></trkpt>
      <trkpt lon="35.005044" lat="31.899055"><ele>220.744359</ele><time>2026-05-30T18:00:21Z</time><extensions><speed>2.810282</speed><course>134.237873</course><hAcc>1.196830</hAcc><vAcc>0.756736</vAcc></extensions></trkpt>
      <trkpt lon="35.005067" lat="31.899038"><ele>220.773546</ele><time>2026-05-30T18:00:22Z</time><extensions><speed>2.894934</speed><course>127.260350</course><hAcc>1.194175</hAcc><vAcc>0.756736</vAcc></extensions></trkpt>
      <trkpt lon="35.005092" lat="31.899022"><ele>220.802664</ele><time>2026-05-30T18:00:23Z</time><extensions><speed>3.035446</speed><course>123.944272</course><hAcc>1.190199</hAcc><vAcc>0.756736</vAcc></extensions></trkpt>
      <trkpt lon="35.005119" lat="31.899007"><ele>220.838360</ele><time>2026-05-30T18:00:24Z</time><extensions><speed>3.027816</speed><course>122.667104</course><hAcc>1.184773</hAcc><vAcc>0.756736</vAcc></extensions></trkpt>
      <trkpt lon="35.005146" lat="31.898993"><ele>220.875412</ele><time>2026-05-30T18:00:25Z</time><extensions><speed>3.064168</speed><course>122.116327</course><hAcc>1.179380</hAcc><vAcc>0.756736</vAcc></extensions></trkpt>
      <trkpt lon="35.005174" lat="31.898978"><ele>220.919930</ele><time>2026-05-30T18:00:26Z</time><extensions><speed>3.114065</speed><course>121.791617</course><hAcc>1.174372</hAcc><vAcc>0.756736</vAcc></extensions></trkpt>
      <trkpt lon="35.005202" lat="31.898963"><ele>220.971786</ele><time>2026-05-30T18:00:27Z</time><extensions><speed>3.037537</speed><course>121.145324</course><hAcc>1.170152</hAcc><vAcc>0.756736</vAcc></extensions></trkpt>
      <trkpt lon="35.005230" lat="31.898949"><ele>221.017447</ele><time>2026-05-30T18:00:28Z</time><extensions><speed>3.071986</speed><course>119.474345</course><hAcc>1.168076</hAcc><vAcc>0.756736</vAcc></extensions></trkpt>
      <trkpt lon="35.005257" lat="31.898936"><ele>221.067691</ele><time>2026-05-30T18:00:28Z</time><extensions><speed>2.945158</speed><course>118.643472</course><hAcc>1.168231</hAcc><vAcc>0.756736</vAcc></extensions></trkpt>
      <trkpt lon="35.005285" lat="31.898924"><ele>221.122499</ele><time>2026-05-30T18:00:29Z</time><extensions><speed>2.880604</speed><course>118.029594</course><hAcc>1.169356</hAcc><vAcc>0.756736</vAcc></extensions></trkpt>
      <trkpt lon="35.005312" lat="31.898912"><ele>221.180578</ele><time>2026-05-30T18:00:30Z</time><extensions><speed>2.912886</speed><course>115.585080</course><hAcc>1.168176</hAcc><vAcc>0.756736</vAcc></extensions></trkpt>
      <trkpt lon="35.005340" lat="31.898901"><ele>221.233943</ele><time>2026-05-30T18:00:31Z</time><extensions><speed>2.881892</speed><course>112.409098</course><hAcc>1.169841</hAcc><vAcc>0.756736</vAcc></extensions></trkpt>
      <trkpt lon="35.005369" lat="31.898891"><ele>221.289499</ele><time>2026-05-30T18:00:32Z</time><extensions><speed>3.058178</speed><course>111.302068</course><hAcc>1.175475</hAcc><vAcc>0.756736</vAcc></extensions></trkpt>
      <trkpt lon="35.005399" lat="31.898881"><ele>221.323355</ele><time>2026-05-30T18:00:33Z</time><extensions><speed>3.049949</speed><course>111.557211</course><hAcc>1.179877</hAcc><vAcc>0.756737</vAcc></extensions></trkpt>
      <trkpt lon="35.005429" lat="31.898872"><ele>221.352078</ele><time>2026-05-30T18:00:34Z</time><extensions><speed>3.072727</speed><course>109.405518</course><hAcc>1.185680</hAcc><vAcc>0.756737</vAcc></extensions></trkpt>
      <trkpt lon="35.005460" lat="31.898863"><ele>221.380035</ele><time>2026-05-30T18:00:35Z</time><extensions><speed>3.024589</speed><course>106.517753</course><hAcc>1.189894</hAcc><vAcc>0.756737</vAcc></extensions></trkpt>
      <trkpt lon="35.005490" lat="31.898856"><ele>221.390598</ele><time>2026-05-30T18:00:36Z</time><extensions><speed>2.902547</speed><course>103.612528</course><hAcc>1.193990</hAcc><vAcc>0.756737</vAcc></extensions></trkpt>
      <trkpt lon="35.005520" lat="31.898850"><ele>221.400374</ele><time>2026-05-30T18:00:37Z</time><extensions><speed>2.944314</speed><course>102.783949</course><hAcc>1.193622</hAcc><vAcc>0.756737</vAcc></extensions></trkpt>
      <trkpt lon="35.005551" lat="31.898845"><ele>221.403592</ele><time>2026-05-30T18:00:38Z</time><extensions><speed>2.912060</speed><course>101.434510</course><hAcc>1.195466</hAcc><vAcc>0.756737</vAcc></extensions></trkpt>
      <trkpt lon="35.005580" lat="31.898839"><ele>221.402649</ele><time>2026-05-30T18:00:39Z</time><extensions><speed>2.861949</speed><course>102.487839</course><hAcc>1.194426</hAcc><vAcc>0.756737</vAcc></extensions></trkpt>
      <trkpt lon="35.005610" lat="31.898834"><ele>221.394774</ele><time>2026-05-30T18:00:40Z</time><extensions><speed>2.820644</speed><course>102.499382</course><hAcc>1.190774</hAcc><vAcc>0.756737</vAcc></extensions></trkpt>
      <trkpt lon="35.005639" lat="31.898829"><ele>221.380179</ele><time>2026-05-30T18:00:41Z</time><extensions><speed>2.840628</speed><course>100.232464</course><hAcc>1.183188</hAcc><vAcc>0.756737</vAcc></extensions></trkpt>
      <trkpt lon="35.005670" lat="31.898825"><ele>221.352860</ele><time>2026-05-30T18:00:42Z</time><extensions><speed>3.053610</speed><course>94.977054</course><hAcc>1.179383</hAcc><vAcc>0.756737</vAcc></extensions></trkpt>
      <trkpt lon="35.005702" lat="31.898824"><ele>221.336357</ele><time>2026-05-30T18:00:43Z</time><extensions><speed>3.040378</speed><course>91.661771</course><hAcc>1.178015</hAcc><vAcc>0.756737</vAcc></extensions></trkpt>
      <trkpt lon="35.005735" lat="31.898823"><ele>221.333115</ele><time>2026-05-30T18:00:44Z</time><extensions><speed>3.114524</speed><course>90.577224</course><hAcc>1.172243</hAcc><vAcc>0.756737</vAcc></extensions></trkpt>
      <trkpt lon="35.005766" lat="31.898822"><ele>221.364686</ele><time>2026-05-30T18:00:45Z</time><extensions><speed>2.904561</speed><course>92.963343</course><hAcc>1.169973</hAcc><vAcc>0.756737</vAcc></extensions></trkpt>
      <trkpt lon="35.005797" lat="31.898820"><ele>221.393271</ele><time>2026-05-30T18:00:46Z</time><extensions><speed>2.896967</speed><course>96.590781</course><hAcc>1.165997</hAcc><vAcc>0.756737</vAcc></extensions></trkpt>
      <trkpt lon="35.005827" lat="31.898817"><ele>221.434639</ele><time>2026-05-30T18:00:47Z</time><extensions><speed>2.873366</speed><course>96.093377</course><hAcc>1.162394</hAcc><vAcc>0.756737</vAcc></extensions></trkpt>
      <trkpt lon="35.005857" lat="31.898816"><ele>221.501994</ele><time>2026-05-30T18:00:48Z</time><extensions><speed>2.867137</speed><course>91.561416</course><hAcc>1.163525</hAcc><vAcc>0.756737</vAcc></extensions></trkpt>
      <trkpt lon="35.005887" lat="31.898817"><ele>221.587759</ele><time>2026-05-30T18:00:49Z</time><extensions><speed>2.801327</speed><course>83.564145</course><hAcc>1.163795</hAcc><vAcc>0.756737</vAcc></extensions></trkpt>
      <trkpt lon="35.005917" lat="31.898821"><ele>221.689911</ele><time>2026-05-30T18:00:50Z</time><extensions><speed>2.836761</speed><course>77.071244</course><hAcc>1.163012</hAcc><vAcc>0.756737</vAcc></extensions></trkpt>
      <trkpt lon="35.005946" lat="31.898828"><ele>221.815205</ele><time>2026-05-30T18:00:51Z</time><extensions><speed>2.974182</speed><course>69.902784</course><hAcc>1.158624</hAcc><vAcc>0.756737</vAcc></extensions></trkpt>
      <trkpt lon="35.005975" lat="31.898839"><ele>221.958699</ele><time>2026-05-30T18:00:52Z</time><extensions><speed>3.039743</speed><course>65.147287</course><hAcc>1.154719</hAcc><vAcc>0.756737</vAcc></extensions></trkpt>
      <trkpt lon="35.006004" lat="31.898850"><ele>222.110324</ele><time>2026-05-30T18:00:53Z</time><extensions><speed>2.919188</speed><course>65.781108</course><hAcc>1.154709</hAcc><vAcc>0.756737</vAcc></extensions></trkpt>
      <trkpt lon="35.006032" lat="31.898860"><ele>222.266612</ele><time>2026-05-30T18:00:54Z</time><extensions><speed>2.893300</speed><course>66.436522</course><hAcc>1.155896</hAcc><vAcc>0.756737</vAcc></extensions></trkpt>
      <trkpt lon="35.006060" lat="31.898871"><ele>222.433312</ele><time>2026-05-30T18:00:55Z</time><extensions><speed>2.819248</speed><course>66.539098</course><hAcc>1.157017</hAcc><vAcc>0.756737</vAcc></extensions></trkpt>
      <trkpt lon="35.006086" lat="31.898882"><ele>222.605636</ele><time>2026-05-30T18:00:56Z</time><extensions><speed>2.810486</speed><course>62.683694</course><hAcc>1.154322</hAcc><vAcc>0.756737</vAcc></extensions></trkpt>
      <trkpt lon="35.006112" lat="31.898894"><ele>222.773239</ele><time>2026-05-30T18:00:57Z</time><extensions><speed>2.794038</speed><course>59.743402</course><hAcc>1.152586</hAcc><vAcc>0.756737</vAcc></extensions></trkpt>
      <trkpt lon="35.006136" lat="31.898905"><ele>222.935663</ele><time>2026-05-30T18:00:58Z</time><extensions><speed>2.496602</speed><course>60.888642</course><hAcc>1.144985</hAcc><vAcc>0.756737</vAcc></extensions></trkpt>
      <trkpt lon="35.006158" lat="31.898916"><ele>223.089803</ele><time>2026-05-30T18:00:59Z</time><extensions><speed>2.221108</speed><course>61.979653</course><hAcc>1.137110</hAcc><vAcc>0.756737</vAcc></extensions></trkpt>
      <trkpt lon="35.006178" lat="31.898924"><ele>223.239120</ele><time>2026-05-30T18:01:00Z</time><extensions><speed>1.980614</speed><course>63.178535</course><hAcc>1.129986</hAcc><vAcc>0.756737</vAcc></extensions></trkpt>
      <trkpt lon="35.006196" lat="31.898931"><ele>223.362548</ele><time>2026-05-30T18:01:01Z</time><extensions><speed>1.636708</speed><course>72.800979</course><hAcc>1.123083</hAcc><vAcc>0.756737</vAcc></extensions></trkpt>
      <trkpt lon="35.006210" lat="31.898932"><ele>223.432771</ele><time>2026-05-30T18:01:02Z</time><extensions><speed>1.184931</speed><course>103.785905</course><hAcc>1.114312</hAcc><vAcc>0.756737</vAcc></extensions></trkpt>
      <trkpt lon="35.006216" lat="31.898923"><ele>223.501569</ele><time>2026-05-30T18:01:03Z</time><extensions><speed>1.566142</speed><course>179.553026</course><hAcc>1.110507</hAcc><vAcc>0.756737</vAcc></extensions></trkpt>
      <trkpt lon="35.006209" lat="31.898907"><ele>223.557020</ele><time>2026-05-30T18:01:04Z</time><extensions><speed>2.404423</speed><course>213.771177</course><hAcc>1.109253</hAcc><vAcc>0.756737</vAcc></extensions></trkpt>
      <trkpt lon="35.006192" lat="31.898890"><ele>223.602819</ele><time>2026-05-30T18:01:05Z</time><extensions><speed>2.687976</speed><course>225.924167</course><hAcc>1.099644</hAcc><vAcc>0.756737</vAcc></extensions></trkpt>
      <trkpt lon="35.006172" lat="31.898874"><ele>223.634925</ele><time>2026-05-30T18:01:06Z</time><extensions><speed>2.391062</speed><course>227.433426</course><hAcc>1.091165</hAcc><vAcc>0.756737</vAcc></extensions></trkpt>
      <trkpt lon="35.006158" lat="31.898862"><ele>223.658766</ele><time>2026-05-30T18:01:07Z</time><extensions><speed>1.357027</speed><course>223.865908</course><hAcc>1.102685</hAcc><vAcc>0.756737</vAcc></extensions></trkpt>
      <trkpt lon="35.006155" lat="31.898858"><ele>223.662898</ele><time>2026-05-30T18:01:08Z</time><extensions><speed>0.300258</speed><course>64.501458</course><hAcc>1.086651</hAcc><vAcc>0.756737</vAcc></extensions></trkpt>
      <trkpt lon="35.006161" lat="31.898864"><ele>223.651434</ele><time>2026-05-30T18:01:09Z</time><extensions><speed>1.544826</speed><course>38.970692</course><hAcc>1.093472</hAcc><vAcc>0.756737</vAcc></extensions></trkpt>
      <trkpt lon="35.006169" lat="31.898878"><ele>223.625068</ele><time>2026-05-30T18:01:10Z</time><extensions><speed>1.828740</speed><course>16.485024</course><hAcc>1.087038</hAcc><vAcc>0.756737</vAcc></extensions></trkpt>
      <trkpt lon="35.006168" lat="31.898893"><ele>223.595523</ele><time>2026-05-30T18:01:11Z</time><extensions><speed>1.740428</speed><course>334.501485</course><hAcc>1.085925</hAcc><vAcc>0.756737</vAcc></extensions></trkpt>
      <trkpt lon="35.006154" lat="31.898903"><ele>223.565567</ele><time>2026-05-30T18:01:12Z</time><extensions><speed>2.139858</speed><course>289.218654</course><hAcc>1.088169</hAcc><vAcc>0.756737</vAcc></extensions></trkpt>
      <trkpt lon="35.006129" lat="31.898905"><ele>223.531402</ele><time>2026-05-30T18:01:13Z</time><extensions><speed>2.542399</speed><course>264.079527</course><hAcc>1.080042</hAcc><vAcc>0.756737</vAcc></extensions></trkpt>
      <trkpt lon="35.006104" lat="31.898900"><ele>223.500243</ele><time>2026-05-30T18:01:14Z</time><extensions><speed>2.408342</speed><course>247.844397</course><hAcc>1.077328</hAcc><vAcc>0.756737</vAcc></extensions></trkpt>
      <trkpt lon="35.006086" lat="31.898890"><ele>223.450719</ele><time>2026-05-30T18:01:15Z</time><extensions><speed>1.840938</speed><course>225.136646</course><hAcc>1.072922</hAcc><vAcc>0.756737</vAcc></extensions></trkpt>
      <trkpt lon="35.006079" lat="31.898879"><ele>223.390137</ele><time>2026-05-30T18:01:16Z</time><extensions><speed>1.185983</speed><course>175.316767</course><hAcc>1.075013</hAcc><vAcc>0.756737</vAcc></extensions></trkpt>
      <trkpt lon="35.006088" lat="31.898872"><ele>223.321506</ele><time>2026-05-30T18:01:17Z</time><extensions><speed>1.566830</speed><course>101.620371</course><hAcc>1.090130</hAcc><vAcc>0.756737</vAcc></extensions></trkpt>
      <trkpt lon="35.006110" lat="31.898874"><ele>223.262199</ele><time>2026-05-30T18:01:18Z</time><extensions><speed>2.818914</speed><course>73.267000</course><hAcc>1.080685</hAcc><vAcc>0.756737</vAcc></extensions></trkpt>
      <trkpt lon="35.006140" lat="31.898884"><ele>223.222299</ele><time>2026-05-30T18:01:19Z</time><extensions><speed>3.321446</speed><course>65.291075</course><hAcc>1.085973</hAcc><vAcc>0.756737</vAcc></extensions></trkpt>
      <trkpt lon="35.006171" lat="31.898897"><ele>223.184462</ele><time>2026-05-30T18:01:20Z</time><extensions><speed>3.135854</speed><course>60.916882</course><hAcc>1.098025</hAcc><vAcc>0.756737</vAcc></extensions></trkpt>
      <trkpt lon="35.006198" lat="31.898910"><ele>223.158425</ele><time>2026-05-30T18:01:21Z</time><extensions><speed>2.807717</speed><course>59.589122</course><hAcc>1.102535</hAcc><vAcc>0.756737</vAcc></extensions></trkpt>
      <trkpt lon="35.006222" lat="31.898922"><ele>223.138046</ele><time>2026-05-30T18:01:22Z</time><extensions><speed>2.356745</speed><course>62.690751</course><hAcc>1.106001</hAcc><vAcc>0.756737</vAcc></extensions></trkpt>
      <trkpt lon="35.006244" lat="31.898929"><ele>223.121812</ele><time>2026-05-30T18:01:23Z</time><extensions><speed>2.044994</speed><course>77.571438</course><hAcc>1.102981</hAcc><vAcc>0.756737</vAcc></extensions></trkpt>
      <trkpt lon="35.006265" lat="31.898928"><ele>223.106629</ele><time>2026-05-30T18:01:24Z</time><extensions><speed>2.053516</speed><course>104.355109</course><hAcc>1.096904</hAcc><vAcc>0.756737</vAcc></extensions></trkpt>
      <trkpt lon="35.006284" lat="31.898920"><ele>223.102339</ele><time>2026-05-30T18:01:25Z</time><extensions><speed>2.213614</speed><course>126.858709</course><hAcc>1.097146</hAcc><vAcc>0.756737</vAcc></extensions></trkpt>
      <trkpt lon="35.006303" lat="31.898908"><ele>223.117728</ele><time>2026-05-30T18:01:26Z</time><extensions><speed>2.177051</speed><course>130.215404</course><hAcc>1.096122</hAcc><vAcc>0.756737</vAcc></extensions></trkpt>
      <trkpt lon="35.006321" lat="31.898897"><ele>223.133846</ele><time>2026-05-30T18:01:27Z</time><extensions><speed>2.066846</speed><course>121.153355</course><hAcc>1.094597</hAcc><vAcc>0.756737</vAcc></extensions></trkpt>
      <trkpt lon="35.006340" lat="31.898891"><ele>223.176918</ele><time>2026-05-30T18:01:28Z</time><extensions><speed>1.940298</speed><course>92.961651</course><hAcc>1.088539</hAcc><vAcc>0.756737</vAcc></extensions></trkpt>
      <trkpt lon="35.006361" lat="31.898897"><ele>223.227387</ele><time>2026-05-30T18:01:29Z</time><extensions><speed>2.385074</speed><course>52.903554</course><hAcc>1.090893</hAcc><vAcc>0.756740</vAcc></extensions></trkpt>
      <trkpt lon="35.006381" lat="31.898916"><ele>223.295919</ele><time>2026-05-30T18:01:30Z</time><extensions><speed>3.306010</speed><course>36.660194</course><hAcc>1.093159</hAcc><vAcc>0.756743</vAcc></extensions></trkpt>
      <trkpt lon="35.006401" lat="31.898942"><ele>223.374191</ele><time>2026-05-30T18:01:31Z</time><extensions><speed>3.576944</speed><course>29.523320</course><hAcc>1.092844</hAcc><vAcc>0.756748</vAcc></extensions></trkpt>
      <trkpt lon="35.006419" lat="31.898969"><ele>223.470643</ele><time>2026-05-30T18:01:32Z</time><extensions><speed>3.452713</speed><course>28.871203</course><hAcc>1.094876</hAcc><vAcc>0.756752</vAcc></extensions></trkpt>
      <trkpt lon="35.006436" lat="31.898995"><ele>223.564698</ele><time>2026-05-30T18:01:33Z</time><extensions><speed>3.104731</speed><course>29.559767</course><hAcc>1.099945</hAcc><vAcc>0.756758</vAcc></extensions></trkpt>
      <trkpt lon="35.006452" lat="31.899019"><ele>223.658184</ele><time>2026-05-30T18:01:34Z</time><extensions><speed>2.961722</speed><course>31.645355</course><hAcc>1.103557</hAcc><vAcc>0.756765</vAcc></extensions></trkpt>
      <trkpt lon="35.006469" lat="31.899040"><ele>223.775637</ele><time>2026-05-30T18:01:35Z</time><extensions><speed>2.700597</speed><course>33.949166</course><hAcc>1.104985</hAcc><vAcc>0.756773</vAcc></extensions></trkpt>
      <trkpt lon="35.006485" lat="31.899060"><ele>223.896336</ele><time>2026-05-30T18:01:36Z</time><extensions><speed>2.742378</speed><course>37.354192</course><hAcc>1.106922</hAcc><vAcc>0.756783</vAcc></extensions></trkpt>
      <trkpt lon="35.006504" lat="31.899080"><ele>224.030171</ele><time>2026-05-30T18:01:37Z</time><extensions><speed>2.837872</speed><course>39.732764</course><hAcc>1.110145</hAcc><vAcc>0.756796</vAcc></extensions></trkpt>
      <trkpt lon="35.006523" lat="31.899100"><ele>224.159739</ele><time>2026-05-30T18:01:38Z</time><extensions><speed>2.799341</speed><course>38.764548</course><hAcc>1.116186</hAcc><vAcc>0.756813</vAcc></extensions></trkpt>
      <trkpt lon="35.006541" lat="31.899119"><ele>224.299120</ele><time>2026-05-30T18:01:40Z</time><extensions><speed>2.727489</speed><course>39.559202</course><hAcc>1.125787</hAcc><vAcc>0.756821</vAcc></extensions></trkpt>
      <trkpt lon="35.006560" lat="31.899138"><ele>224.430466</ele><time>2026-05-30T18:01:41Z</time><extensions><speed>2.819504</speed><course>42.836871</course><hAcc>1.136249</hAcc><vAcc>0.756803</vAcc></extensions></trkpt>
      <trkpt lon="35.006581" lat="31.899156"><ele>224.558116</ele><time>2026-05-30T18:01:42Z</time><extensions><speed>2.752389</speed><course>44.990120</course><hAcc>1.145772</hAcc><vAcc>0.756789</vAcc></extensions></trkpt>
      <trkpt lon="35.006601" lat="31.899173"><ele>224.697239</ele><time>2026-05-30T18:01:43Z</time><extensions><speed>2.665388</speed><course>45.218922</course><hAcc>1.149925</hAcc><vAcc>0.756779</vAcc></extensions></trkpt>
      <trkpt lon="35.006621" lat="31.899191"><ele>224.833370</ele><time>2026-05-30T18:01:44Z</time><extensions><speed>2.903147</speed><course>41.733678</course><hAcc>1.153243</hAcc><vAcc>0.756771</vAcc></extensions></trkpt>
      <trkpt lon="35.006642" lat="31.899211"><ele>224.962519</ele><time>2026-05-30T18:01:45Z</time><extensions><speed>2.957135</speed><course>40.454941</course><hAcc>1.157946</hAcc><vAcc>0.756765</vAcc></extensions></trkpt>
      <trkpt lon="35.006663" lat="31.899232"><ele>225.076346</ele><time>2026-05-30T18:01:46Z</time><extensions><speed>3.109910</speed><course>42.693217</course><hAcc>1.160225</hAcc><vAcc>0.756760</vAcc></extensions></trkpt>
      <trkpt lon="35.006686" lat="31.899252"><ele>225.185458</ele><time>2026-05-30T18:01:47Z</time><extensions><speed>3.037526</speed><course>46.374926</course><hAcc>1.162325</hAcc><vAcc>0.756756</vAcc></extensions></trkpt>
      <trkpt lon="35.006710" lat="31.899269"><ele>225.278626</ele><time>2026-05-30T18:01:48Z</time><extensions><speed>2.909172</speed><course>53.221496</course><hAcc>1.163540</hAcc><vAcc>0.756752</vAcc></extensions></trkpt>
      <trkpt lon="35.006735" lat="31.899283"><ele>225.351383</ele><time>2026-05-30T18:01:49Z</time><extensions><speed>2.829774</speed><course>58.214837</course><hAcc>1.162591</hAcc><vAcc>0.756750</vAcc></extensions></trkpt>
      <trkpt lon="35.006761" lat="31.899295"><ele>225.411405</ele><time>2026-05-30T18:01:50Z</time><extensions><speed>2.765827</speed><course>65.579537</course><hAcc>1.161718</hAcc><vAcc>0.756747</vAcc></extensions></trkpt>
      <trkpt lon="35.006787" lat="31.899303"><ele>225.452523</ele><time>2026-05-30T18:01:51Z</time><extensions><speed>2.593722</speed><course>75.451030</course><hAcc>1.162559</hAcc><vAcc>0.756745</vAcc></extensions></trkpt>
      <trkpt lon="35.006814" lat="31.899307"><ele>225.476987</ele><time>2026-05-30T18:01:52Z</time><extensions><speed>2.593064</speed><course>88.808743</course><hAcc>1.165586</hAcc><vAcc>0.756743</vAcc></extensions></trkpt>
      <trkpt lon="35.006841" lat="31.899304"><ele>225.486283</ele><time>2026-05-30T18:01:53Z</time><extensions><speed>2.535633</speed><course>104.601456</course><hAcc>1.170361</hAcc><vAcc>0.756741</vAcc></extensions></trkpt>
      <trkpt lon="35.006868" lat="31.899296"><ele>225.479858</ele><time>2026-05-30T18:01:54Z</time><extensions><speed>2.833375</speed><course>114.204362</course><hAcc>1.174947</hAcc><vAcc>0.756904</vAcc></extensions></trkpt>
      <trkpt lon="35.006896" lat="31.899285"><ele>225.467761</ele><time>2026-05-30T18:01:55Z</time><extensions><speed>3.054118</speed><course>114.433854</course><hAcc>1.179207</hAcc><vAcc>0.757527</vAcc></extensions></trkpt>
      <trkpt lon="35.006926" lat="31.899274"><ele>225.462105</ele><time>2026-05-30T18:01:56Z</time><extensions><speed>3.159341</speed><course>111.883825</course><hAcc>1.186629</hAcc><vAcc>0.757897</vAcc></extensions></trkpt>
      <trkpt lon="35.006957" lat="31.899264"><ele>225.454730</ele><time>2026-05-30T18:01:57Z</time><extensions><speed>3.104198</speed><course>108.528303</course><hAcc>1.193841</hAcc><vAcc>0.758379</vAcc></extensions></trkpt>
      <trkpt lon="35.006989" lat="31.899255"><ele>225.452914</ele><time>2026-05-30T18:01:58Z</time><extensions><speed>3.232108</speed><course>107.947935</course><hAcc>1.206869</hAcc><vAcc>0.758883</vAcc></extensions></trkpt>
      <trkpt lon="35.007022" lat="31.899246"><ele>225.458435</ele><time>2026-05-30T18:01:59Z</time><extensions><speed>3.259244</speed><course>107.534401</course><hAcc>1.214173</hAcc><vAcc>0.759448</vAcc></extensions></trkpt>
      <trkpt lon="35.007055" lat="31.899237"><ele>225.475820</ele><time>2026-05-30T18:02:00Z</time><extensions><speed>3.336982</speed><course>108.395099</course><hAcc>1.216730</hAcc><vAcc>0.760057</vAcc></extensions></trkpt>
      <trkpt lon="35.007088" lat="31.899227"><ele>225.517713</ele><time>2026-05-30T18:02:01Z</time><extensions><speed>3.232997</speed><course>110.145137</course><hAcc>1.221730</hAcc><vAcc>0.760711</vAcc></extensions></trkpt>
      <trkpt lon="35.007118" lat="31.899217"><ele>225.558256</ele><time>2026-05-30T18:02:02Z</time><extensions><speed>3.016469</speed><course>112.574806</course><hAcc>1.225821</hAcc><vAcc>0.761319</vAcc></extensions></trkpt>
      <trkpt lon="35.007147" lat="31.899207"><ele>225.622035</ele><time>2026-05-30T18:02:03Z</time><extensions><speed>2.874025</speed><course>113.918837</course><hAcc>1.226615</hAcc><vAcc>0.761836</vAcc></extensions></trkpt>
      <trkpt lon="35.007174" lat="31.899196"><ele>225.679824</ele><time>2026-05-30T18:02:04Z</time><extensions><speed>2.705067</speed><course>114.956917</course><hAcc>1.228401</hAcc><vAcc>0.762185</vAcc></extensions></trkpt>
      <trkpt lon="35.007200" lat="31.899186"><ele>225.769214</ele><time>2026-05-30T18:02:05Z</time><extensions><speed>2.748872</speed><course>114.711009</course><hAcc>1.231257</hAcc><vAcc>0.762285</vAcc></extensions></trkpt>
      <trkpt lon="35.007227" lat="31.899175"><ele>225.857922</ele><time>2026-05-30T18:02:06Z</time><extensions><speed>2.902677</speed><course>115.449357</course><hAcc>1.234944</hAcc><vAcc>0.762107</vAcc></extensions></trkpt>
      <trkpt lon="35.007256" lat="31.899163"><ele>225.936846</ele><time>2026-05-30T18:02:07Z</time><extensions><speed>3.079129</speed><course>115.539999</course><hAcc>1.241095</hAcc><vAcc>0.761700</vAcc></extensions></trkpt>
      <trkpt lon="35.007286" lat="31.899152"><ele>226.027171</ele><time>2026-05-30T18:02:08Z</time><extensions><speed>3.185055</speed><course>114.148761</course><hAcc>1.245882</hAcc><vAcc>0.761146</vAcc></extensions></trkpt>
      <trkpt lon="35.007316" lat="31.899140"><ele>226.124664</ele><time>2026-05-30T18:02:09Z</time><extensions><speed>3.115127</speed><course>114.509921</course><hAcc>1.251887</hAcc><vAcc>0.760522</vAcc></extensions></trkpt>
      <trkpt lon="35.007344" lat="31.899128"><ele>226.204439</ele><time>2026-05-30T18:02:10Z</time><extensions><speed>2.831760</speed><course>116.443665</course><hAcc>1.258148</hAcc><vAcc>0.759890</vAcc></extensions></trkpt>
      <trkpt lon="35.007371" lat="31.899117"><ele>226.278491</ele><time>2026-05-30T18:02:11Z</time><extensions><speed>2.835777</speed><course>115.747504</course><hAcc>1.262701</hAcc><vAcc>0.759289</vAcc></extensions></trkpt>
      <trkpt lon="35.007399" lat="31.899106"><ele>226.350737</ele><time>2026-05-30T18:02:12Z</time><extensions><speed>2.867065</speed><course>114.735111</course><hAcc>1.258853</hAcc><vAcc>0.758746</vAcc></extensions></trkpt>
      <trkpt lon="35.007427" lat="31.899096"><ele>226.426910</ele><time>2026-05-30T18:02:13Z</time><extensions><speed>2.971640</speed><course>112.646023</course><hAcc>1.255910</hAcc><vAcc>0.758276</vAcc></extensions></trkpt>
      <trkpt lon="35.007456" lat="31.899086"><ele>226.496366</ele><time>2026-05-30T18:02:14Z</time><extensions><speed>2.920621</speed><course>110.324735</course><hAcc>1.250268</hAcc><vAcc>0.757884</vAcc></extensions></trkpt>
      <trkpt lon="35.007486" lat="31.899076"><ele>226.554612</ele><time>2026-05-30T18:02:15Z</time><extensions><speed>3.135000</speed><course>109.702060</course><hAcc>1.248445</hAcc><vAcc>0.757568</vAcc></extensions></trkpt>
      <trkpt lon="35.007518" lat="31.899067"><ele>226.620389</ele><time>2026-05-30T18:02:16Z</time><extensions><speed>3.204004</speed><course>109.678163</course><hAcc>1.248439</hAcc><vAcc>0.757321</vAcc></extensions></trkpt>
      <trkpt lon="35.007549" lat="31.899057"><ele>226.684477</ele><time>2026-05-30T18:02:17Z</time><extensions><speed>3.166857</speed><course>111.667334</course><hAcc>1.240999</hAcc><vAcc>0.757136</vAcc></extensions></trkpt>
      <trkpt lon="35.007580" lat="31.899046"><ele>226.767692</ele><time>2026-05-30T18:02:18Z</time><extensions><speed>3.025835</speed><course>111.824170</course><hAcc>1.238658</hAcc><vAcc>0.757000</vAcc></extensions></trkpt>
      <trkpt lon="35.007609" lat="31.899037"><ele>226.866115</ele><time>2026-05-30T18:02:19Z</time><extensions><speed>2.898510</speed><course>110.452558</course><hAcc>1.229612</hAcc><vAcc>0.756903</vAcc></extensions></trkpt>
      <trkpt lon="35.007638" lat="31.899028"><ele>226.990933</ele><time>2026-05-30T18:02:20Z</time><extensions><speed>2.957278</speed><course>109.894828</course><hAcc>1.224989</hAcc><vAcc>0.756838</vAcc></extensions></trkpt>
      <trkpt lon="35.007668" lat="31.899018"><ele>227.124804</ele><time>2026-05-30T18:02:21Z</time><extensions><speed>3.079054</speed><course>111.312138</course><hAcc>1.222277</hAcc><vAcc>0.756795</vAcc></extensions></trkpt>
      <trkpt lon="35.007699" lat="31.899007"><ele>227.254653</ele><time>2026-05-30T18:02:22Z</time><extensions><speed>3.222495</speed><course>112.869846</course><hAcc>1.228659</hAcc><vAcc>0.756768</vAcc></extensions></trkpt>
      <trkpt lon="35.007730" lat="31.898996"><ele>227.404390</ele><time>2026-05-30T18:02:23Z</time><extensions><speed>3.259545</speed><course>113.274023</course><hAcc>1.240733</hAcc><vAcc>0.756753</vAcc></extensions></trkpt>
      <trkpt lon="35.007760" lat="31.898984"><ele>227.538855</ele><time>2026-05-30T18:02:24Z</time><extensions><speed>2.943552</speed><course>118.751399</course><hAcc>1.240655</hAcc><vAcc>0.756744</vAcc></extensions></trkpt>
      <trkpt lon="35.007786" lat="31.898971"><ele>227.695448</ele><time>2026-05-30T18:02:25Z</time><extensions><speed>2.885439</speed><course>120.067982</course><hAcc>1.239574</hAcc><vAcc>0.756741</vAcc></extensions></trkpt>
      <trkpt lon="35.007813" lat="31.898958"><ele>227.852059</ele><time>2026-05-30T18:02:26Z</time><extensions><speed>2.923758</speed><course>119.712206</course><hAcc>1.243027</hAcc><vAcc>0.756739</vAcc></extensions></trkpt>
      <trkpt lon="35.007841" lat="31.898944"><ele>227.995595</ele><time>2026-05-30T18:02:27Z</time><extensions><speed>3.191801</speed><course>121.194762</course><hAcc>1.235648</hAcc><vAcc>0.756739</vAcc></extensions></trkpt>
      <trkpt lon="35.007869" lat="31.898929"><ele>228.139488</ele><time>2026-05-30T18:02:28Z</time><extensions><speed>3.112134</speed><course>122.343432</course><hAcc>1.228329</hAcc><vAcc>0.756740</vAcc></extensions></trkpt>
      <trkpt lon="35.007896" lat="31.898913"><ele>228.263833</ele><time>2026-05-30T18:02:29Z</time><extensions><speed>3.029036</speed><course>124.562101</course><hAcc>1.232716</hAcc><vAcc>0.756740</vAcc></extensions></trkpt>
      <trkpt lon="35.007922" lat="31.898898"><ele>228.383532</ele><time>2026-05-30T18:02:30Z</time><extensions><speed>2.855436</speed><course>126.847240</course><hAcc>1.236138</hAcc><vAcc>0.756741</vAcc></extensions></trkpt>
      <trkpt lon="35.007945" lat="31.898882"><ele>228.500716</ele><time>2026-05-30T18:02:31Z</time><extensions><speed>2.934228</speed><course>131.139782</course><hAcc>1.236277</hAcc><vAcc>0.756741</vAcc></extensions></trkpt>
      <trkpt lon="35.007970" lat="31.898863"><ele>228.570352</ele><time>2026-05-30T18:02:32Z</time><extensions><speed>3.342036</speed><course>131.848419</course><hAcc>1.238728</hAcc><vAcc>0.756741</vAcc></extensions></trkpt>
      <trkpt lon="35.007997" lat="31.898844"><ele>228.626838</ele><time>2026-05-30T18:02:32Z</time><extensions><speed>3.265503</speed><course>128.607987</course><hAcc>1.242540</hAcc><vAcc>0.756740</vAcc></extensions></trkpt>
      <trkpt lon="35.008023" lat="31.898827"><ele>228.671911</ele><time>2026-05-30T18:02:33Z</time><extensions><speed>2.966265</speed><course>125.607768</course><hAcc>1.252233</hAcc><vAcc>0.756740</vAcc></extensions></trkpt>
      <trkpt lon="35.008048" lat="31.898812"><ele>228.689366</ele><time>2026-05-30T18:02:34Z</time><extensions><speed>2.747378</speed><course>122.205225</course><hAcc>1.262606</hAcc><vAcc>0.756739</vAcc></extensions></trkpt>
      <trkpt lon="35.008072" lat="31.898800"><ele>228.694706</ele><time>2026-05-30T18:02:35Z</time><extensions><speed>2.546144</speed><course>118.385455</course><hAcc>1.263001</hAcc><vAcc>0.756739</vAcc></extensions></trkpt>
      <trkpt lon="35.008097" lat="31.898789"><ele>228.690812</ele><time>2026-05-30T18:02:36Z</time><extensions><speed>2.646113</speed><course>116.072355</course><hAcc>1.264793</hAcc><vAcc>0.756738</vAcc></extensions></trkpt>
      <trkpt lon="35.008123" lat="31.898779"><ele>228.682865</ele><time>2026-05-30T18:02:37Z</time><extensions><speed>2.773896</speed><course>113.925994</course><hAcc>1.263672</hAcc><vAcc>0.756738</vAcc></extensions></trkpt>
      <trkpt lon="35.008150" lat="31.898769"><ele>228.663157</ele><time>2026-05-30T18:02:38Z</time><extensions><speed>2.907836</speed><course>113.733387</course><hAcc>1.260935</hAcc><vAcc>0.756738</vAcc></extensions></trkpt>
      <trkpt lon="35.008178" lat="31.898759"><ele>228.641550</ele><time>2026-05-30T18:02:39Z</time><extensions><speed>2.778269</speed><course>111.085561</course><hAcc>1.255372</hAcc><vAcc>0.756737</vAcc></extensions></trkpt>
      <trkpt lon="35.008206" lat="31.898751"><ele>228.619593</ele><time>2026-05-30T18:02:40Z</time><extensions><speed>2.722512</speed><course>104.633453</course><hAcc>1.250055</hAcc><vAcc>0.756737</vAcc></extensions></trkpt>
      <trkpt lon="35.008235" lat="31.898746"><ele>228.618659</ele><time>2026-05-30T18:02:41Z</time><extensions><speed>2.932266</speed><course>101.244319</course><hAcc>1.251517</hAcc><vAcc>0.756737</vAcc></extensions></trkpt>
      <trkpt lon="35.008265" lat="31.898741"><ele>228.620775</ele><time>2026-05-30T18:02:42Z</time><extensions><speed>2.769116</speed><course>99.150142</course><hAcc>1.250283</hAcc><vAcc>0.756737</vAcc></extensions></trkpt>
      <trkpt lon="35.008293" lat="31.898736"><ele>228.628308</ele><time>2026-05-30T18:02:43Z</time><extensions><speed>2.739090</speed><course>103.351023</course><hAcc>1.245572</hAcc><vAcc>0.756737</vAcc></extensions></trkpt>
      <trkpt lon="35.008321" lat="31.898730"><ele>228.639471</ele><time>2026-05-30T18:02:44Z</time><extensions><speed>2.792777</speed><course>107.654052</course><hAcc>1.242857</hAcc><vAcc>0.756737</vAcc></extensions></trkpt>
      <trkpt lon="35.008349" lat="31.898721"><ele>228.651616</ele><time>2026-05-30T18:02:45Z</time><extensions><speed>2.858827</speed><course>112.309448</course><hAcc>1.239465</hAcc><vAcc>0.756736</vAcc></extensions></trkpt>
      <trkpt lon="35.008377" lat="31.898709"><ele>228.671177</ele><time>2026-05-30T18:02:46Z</time><extensions><speed>2.974978</speed><course>119.587375</course><hAcc>1.232020</hAcc><vAcc>0.756736</vAcc></extensions></trkpt>
      <trkpt lon="35.008404" lat="31.898695"><ele>228.680105</ele><time>2026-05-30T18:02:47Z</time><extensions><speed>3.029434</speed><course>122.631542</course><hAcc>1.225617</hAcc><vAcc>0.756736</vAcc></extensions></trkpt>
      <trkpt lon="35.008431" lat="31.898679"><ele>228.718755</ele><time>2026-05-30T18:02:48Z</time><extensions><speed>3.144979</speed><course>128.516119</course><hAcc>1.215598</hAcc><vAcc>0.756736</vAcc></extensions></trkpt>
      <trkpt lon="35.008455" lat="31.898662"><ele>228.770702</ele><time>2026-05-30T18:02:49Z</time><extensions><speed>2.852649</speed><course>128.542078</course><hAcc>1.204747</hAcc><vAcc>0.756736</vAcc></extensions></trkpt>
      <trkpt lon="35.008479" lat="31.898647"><ele>228.812500</ele><time>2026-05-30T18:02:50Z</time><extensions><speed>2.755748</speed><course>126.930863</course><hAcc>1.196959</hAcc><vAcc>0.756736</vAcc></extensions></trkpt>
      <trkpt lon="35.008502" lat="31.898631"><ele>228.861033</ele><time>2026-05-30T18:02:51Z</time><extensions><speed>2.882949</speed><course>128.553031</course><hAcc>1.185994</hAcc><vAcc>0.756736</vAcc></extensions></trkpt>
      <trkpt lon="35.008526" lat="31.898614"><ele>228.905433</ele><time>2026-05-30T18:02:52Z</time><extensions><speed>3.040205</speed><course>131.333095</course><hAcc>1.175721</hAcc><vAcc>0.756736</vAcc></extensions></trkpt>
      <trkpt lon="35.008550" lat="31.898595"><ele>228.952224</ele><time>2026-05-30T18:02:53Z</time><extensions><speed>3.013682</speed><course>134.958281</course><hAcc>1.168721</hAcc><vAcc>0.756736</vAcc></extensions></trkpt>
      <trkpt lon="35.008571" lat="31.898576"><ele>229.007366</ele><time>2026-05-30T18:02:54Z</time><extensions><speed>2.907226</speed><course>137.308939</course><hAcc>1.161350</hAcc><vAcc>0.756736</vAcc></extensions></trkpt>
      <trkpt lon="35.008592" lat="31.898557"><ele>229.069915</ele><time>2026-05-30T18:02:55Z</time><extensions><speed>2.813348</speed><course>136.591379</course><hAcc>1.155024</hAcc><vAcc>0.756736</vAcc></extensions></trkpt>
      <trkpt lon="35.008612" lat="31.898539"><ele>229.126099</ele><time>2026-05-30T18:02:56Z</time><extensions><speed>2.770664</speed><course>138.267768</course><hAcc>1.151202</hAcc><vAcc>0.756736</vAcc></extensions></trkpt>
      <trkpt lon="35.008632" lat="31.898521"><ele>229.176464</ele><time>2026-05-30T18:02:57Z</time><extensions><speed>2.798376</speed><course>135.303300</course><hAcc>1.148820</hAcc><vAcc>0.756736</vAcc></extensions></trkpt>
      <trkpt lon="35.008653" lat="31.898503"><ele>229.234381</ele><time>2026-05-30T18:02:58Z</time><extensions><speed>2.849627</speed><course>135.065365</course><hAcc>1.148569</hAcc><vAcc>0.756736</vAcc></extensions></trkpt>
      <trkpt lon="35.008674" lat="31.898484"><ele>229.295158</ele><time>2026-05-30T18:02:59Z</time><extensions><speed>2.908917</speed><course>135.361557</course><hAcc>1.153996</hAcc><vAcc>0.756736</vAcc></extensions></trkpt>
      <trkpt lon="35.008695" lat="31.898466"><ele>229.356646</ele><time>2026-05-30T18:03:00Z</time><extensions><speed>2.695889</speed><course>134.580347</course><hAcc>1.166635</hAcc><vAcc>0.756736</vAcc></extensions></trkpt>
      <trkpt lon="35.008716" lat="31.898450"><ele>229.425566</ele><time>2026-05-30T18:03:01Z</time><extensions><speed>2.515124</speed><course>131.160277</course><hAcc>1.188652</hAcc><vAcc>0.756736</vAcc></extensions></trkpt>
      <trkpt lon="35.008736" lat="31.898436"><ele>229.486272</ele><time>2026-05-30T18:03:02Z</time><extensions><speed>2.523395</speed><course>128.104554</course><hAcc>1.219886</hAcc><vAcc>0.756736</vAcc></extensions></trkpt>
      <trkpt lon="35.008757" lat="31.898423"><ele>229.550754</ele><time>2026-05-30T18:03:03Z</time><extensions><speed>2.331367</speed><course>120.804048</course><hAcc>1.236733</hAcc><vAcc>0.756736</vAcc></extensions></trkpt>
      <trkpt lon="35.008778" lat="31.898416"><ele>229.619088</ele><time>2026-05-30T18:03:04Z</time><extensions><speed>1.986912</speed><course>101.674095</course><hAcc>1.247423</hAcc><vAcc>0.756736</vAcc></extensions></trkpt>
      <trkpt lon="35.008797" lat="31.898416"><ele>229.689652</ele><time>2026-05-30T18:03:05Z</time><extensions><speed>1.604354</speed><course>77.062977</course><hAcc>1.267725</hAcc><vAcc>0.756736</vAcc></extensions></trkpt>
      <trkpt lon="35.008811" lat="31.898423"><ele>229.753292</ele><time>2026-05-30T18:03:06Z</time><extensions><speed>1.683903</speed><course>43.415343</course><hAcc>1.273765</hAcc><vAcc>0.756736</vAcc></extensions></trkpt>
      <trkpt lon="35.008824" lat="31.898438"><ele>229.802825</ele><time>2026-05-30T18:03:07Z</time><extensions><speed>2.569324</speed><course>32.973834</course><hAcc>1.240096</hAcc><vAcc>0.756736</vAcc></extensions></trkpt>
      <trkpt lon="35.008840" lat="31.898459"><ele>229.841016</ele><time>2026-05-30T18:03:08Z</time><extensions><speed>2.927052</speed><course>33.122761</course><hAcc>1.236290</hAcc><vAcc>0.756736</vAcc></extensions></trkpt>
      <trkpt lon="35.008859" lat="31.898480"><ele>229.886709</ele><time>2026-05-30T18:03:09Z</time><extensions><speed>2.951609</speed><course>42.868746</course><hAcc>1.242485</hAcc><vAcc>0.756736</vAcc></extensions></trkpt>
      <trkpt lon="35.008883" lat="31.898498"><ele>229.934925</ele><time>2026-05-30T18:03:10Z</time><extensions><speed>2.954574</speed><course>54.216174</course><hAcc>1.244726</hAcc><vAcc>0.756736</vAcc></extensions></trkpt>
      <trkpt lon="35.008909" lat="31.898510"><ele>229.977526</ele><time>2026-05-30T18:03:11Z</time><extensions><speed>2.880603</speed><course>67.010879</course><hAcc>1.241888</hAcc><vAcc>0.756736</vAcc></extensions></trkpt>
      <trkpt lon="35.008938" lat="31.898518"><ele>230.021266</ele><time>2026-05-30T18:03:12Z</time><extensions><speed>2.775032</speed><course>78.495811</course><hAcc>1.236123</hAcc><vAcc>0.756736</vAcc></extensions></trkpt>
      <trkpt lon="35.008966" lat="31.898521"><ele>230.075475</ele><time>2026-05-30T18:03:13Z</time><extensions><speed>2.625431</speed><course>88.040288</course><hAcc>1.229361</hAcc><vAcc>0.756736</vAcc></extensions></trkpt>
      <trkpt lon="35.008992" lat="31.898520"><ele>230.128741</ele><time>2026-05-30T18:03:14Z</time><extensions><speed>2.382559</speed><course>94.621820</course><hAcc>1.222685</hAcc><vAcc>0.756736</vAcc></extensions></trkpt>
      <trkpt lon="35.009017" lat="31.898518"><ele>230.175799</ele><time>2026-05-30T18:03:15Z</time><extensions><speed>2.370453</speed><course>98.722898</course><hAcc>1.215614</hAcc><vAcc>0.756736</vAcc></extensions></trkpt>
      <trkpt lon="35.009043" lat="31.898514"><ele>230.216236</ele><time>2026-05-30T18:03:16Z</time><extensions><speed>2.514893</speed><course>102.295912</course><hAcc>1.208572</hAcc><vAcc>0.756736</vAcc></extensions></trkpt>
      <trkpt lon="35.009069" lat="31.898508"><ele>230.270924</ele><time>2026-05-30T18:03:17Z</time><extensions><speed>2.572606</speed><course>108.309350</course><hAcc>1.207990</hAcc><vAcc>0.756736</vAcc></extensions></trkpt>
      <trkpt lon="35.009093" lat="31.898499"><ele>230.333332</ele><time>2026-05-30T18:03:18Z</time><extensions><speed>2.461692</speed><course>117.617463</course><hAcc>1.204155</hAcc><vAcc>0.756736</vAcc></extensions></trkpt>
      <trkpt lon="35.009115" lat="31.898488"><ele>230.377094</ele><time>2026-05-30T18:03:19Z</time><extensions><speed>2.437618</speed><course>124.832907</course><hAcc>1.203385</hAcc><vAcc>0.756736</vAcc></extensions></trkpt>
      <trkpt lon="35.009135" lat="31.898474"><ele>230.424639</ele><time>2026-05-30T18:03:20Z</time><extensions><speed>2.516648</speed><course>133.155716</course><hAcc>1.197342</hAcc><vAcc>0.756736</vAcc></extensions></trkpt>
      <trkpt lon="35.009153" lat="31.898456"><ele>230.480031</ele><time>2026-05-30T18:03:21Z</time><extensions><speed>2.584892</speed><course>144.656560</course><hAcc>1.191464</hAcc><vAcc>0.756736</vAcc></extensions></trkpt>
      <trkpt lon="35.009168" lat="31.898435"><ele>230.513197</ele><time>2026-05-30T18:03:22Z</time><extensions><speed>2.927557</speed><course>153.822756</course><hAcc>1.188142</hAcc><vAcc>0.756736</vAcc></extensions></trkpt>
      <trkpt lon="35.009180" lat="31.898409"><ele>230.554613</ele><time>2026-05-30T18:03:23Z</time><extensions><speed>3.247665</speed><course>160.541337</course><hAcc>1.182246</hAcc><vAcc>0.756736</vAcc></extensions></trkpt>
      <trkpt lon="35.009189" lat="31.898381"><ele>230.579159</ele><time>2026-05-30T18:03:24Z</time><extensions><speed>3.217676</speed><course>170.634641</course><hAcc>1.178484</hAcc><vAcc>0.756736</vAcc></extensions></trkpt>
      <trkpt lon="35.009191" lat="31.898353"><ele>230.600855</ele><time>2026-05-30T18:03:25Z</time><extensions><speed>3.140073</speed><course>182.509058</course><hAcc>1.174336</hAcc><vAcc>0.756736</vAcc></extensions></trkpt>
      <trkpt lon="35.009188" lat="31.898325"><ele>230.609658</ele><time>2026-05-30T18:03:26Z</time><extensions><speed>3.004775</speed><course>189.093594</course><hAcc>1.175817</hAcc><vAcc>0.756736</vAcc></extensions></trkpt>
      <trkpt lon="35.009183" lat="31.898299"><ele>230.612171</ele><time>2026-05-30T18:03:27Z</time><extensions><speed>2.909667</speed><course>188.862120</course><hAcc>1.185213</hAcc><vAcc>0.756736</vAcc></extensions></trkpt>
      <trkpt lon="35.009179" lat="31.898273"><ele>230.603035</ele><time>2026-05-30T18:03:28Z</time><extensions><speed>2.803536</speed><course>186.191932</course><hAcc>1.183372</hAcc><vAcc>0.756736</vAcc></extensions></trkpt>
      <trkpt lon="35.009177" lat="31.898249"><ele>230.570838</ele><time>2026-05-30T18:03:29Z</time><extensions><speed>2.700268</speed><course>180.034661</course><hAcc>1.188424</hAcc><vAcc>0.756736</vAcc></extensions></trkpt>
      <trkpt lon="35.009181" lat="31.898225"><ele>230.541243</ele><time>2026-05-30T18:03:30Z</time><extensions><speed>2.545085</speed><course>163.622559</course><hAcc>1.187692</hAcc><vAcc>0.756736</vAcc></extensions></trkpt>
      <trkpt lon="35.009193" lat="31.898204"><ele>230.510706</ele><time>2026-05-30T18:03:31Z</time><extensions><speed>2.687091</speed><course>147.166580</course><hAcc>1.195285</hAcc><vAcc>0.756736</vAcc></extensions></trkpt>
      <trkpt lon="35.009211" lat="31.898185"><ele>230.477159</ele><time>2026-05-30T18:03:32Z</time><extensions><speed>2.874034</speed><course>136.317525</course><hAcc>1.203078</hAcc><vAcc>0.756736</vAcc></extensions></trkpt>
      <trkpt lon="35.009232" lat="31.898166"><ele>230.440494</ele><time>2026-05-30T18:03:33Z</time><extensions><speed>2.919029</speed><course>133.462624</course><hAcc>1.212976</hAcc><vAcc>0.756736</vAcc></extensions></trkpt>
      <trkpt lon="35.009255" lat="31.898148"><ele>230.409750</ele><time>2026-05-30T18:03:34Z</time><extensions><speed>2.943389</speed><course>135.062465</course><hAcc>1.222206</hAcc><vAcc>0.756736</vAcc></extensions></trkpt>
      <trkpt lon="35.009276" lat="31.898128"><ele>230.388031</ele><time>2026-05-30T18:03:35Z</time><extensions><speed>2.996072</speed><course>137.044505</course><hAcc>1.222641</hAcc><vAcc>0.756739</vAcc></extensions></trkpt>
      <trkpt lon="35.009298" lat="31.898108"><ele>230.345088</ele><time>2026-05-30T18:03:36Z</time><extensions><speed>2.975454</speed><course>138.202502</course><hAcc>1.219503</hAcc><vAcc>0.756743</vAcc></extensions></trkpt>
      <trkpt lon="35.009319" lat="31.898089"><ele>230.309769</ele><time>2026-05-30T18:03:37Z</time><extensions><speed>2.908373</speed><course>137.573097</course><hAcc>1.220436</hAcc><vAcc>0.756747</vAcc></extensions></trkpt>
      <trkpt lon="35.009340" lat="31.898070"><ele>230.268049</ele><time>2026-05-30T18:03:38Z</time><extensions><speed>2.886201</speed><course>135.213920</course><hAcc>1.223173</hAcc><vAcc>0.756752</vAcc></extensions></trkpt>
      <trkpt lon="35.009362" lat="31.898051"><ele>230.232276</ele><time>2026-05-30T18:03:39Z</time><extensions><speed>2.925484</speed><course>134.727610</course><hAcc>1.224189</hAcc><vAcc>0.756758</vAcc></extensions></trkpt>
      <trkpt lon="35.009383" lat="31.898032"><ele>230.195053</ele><time>2026-05-30T18:03:40Z</time><extensions><speed>2.971275</speed><course>137.740287</course><hAcc>1.227144</hAcc><vAcc>0.756765</vAcc></extensions></trkpt>
      <trkpt lon="35.009403" lat="31.898012"><ele>230.161213</ele><time>2026-05-30T18:03:41Z</time><extensions><speed>2.920407</speed><course>142.636980</course><hAcc>1.231068</hAcc><vAcc>0.756773</vAcc></extensions></trkpt>
      <trkpt lon="35.009421" lat="31.897990"><ele>230.133886</ele><time>2026-05-30T18:03:42Z</time><extensions><speed>2.836243</speed><course>146.857010</course><hAcc>1.234946</hAcc><vAcc>0.756783</vAcc></extensions></trkpt>
      <trkpt lon="35.009437" lat="31.897969"><ele>230.111458</ele><time>2026-05-30T18:03:43Z</time><extensions><speed>2.849425</speed><course>147.774039</course><hAcc>1.235673</hAcc><vAcc>0.756797</vAcc></extensions></trkpt>
      <trkpt lon="35.009453" lat="31.897947"><ele>230.112369</ele><time>2026-05-30T18:03:44Z</time><extensions><speed>2.882259</speed><course>146.511193</course><hAcc>1.237845</hAcc><vAcc>0.756814</vAcc></extensions></trkpt>
      <trkpt lon="35.009471" lat="31.897926"><ele>230.119290</ele><time>2026-05-30T18:03:46Z</time><extensions><speed>2.898947</speed><course>143.598352</course><hAcc>1.238826</hAcc><vAcc>0.756822</vAcc></extensions></trkpt>
      <trkpt lon="35.009489" lat="31.897905"><ele>230.122506</ele><time>2026-05-30T18:03:47Z</time><extensions><speed>2.921886</speed><course>143.707279</course><hAcc>1.233849</hAcc><vAcc>0.756803</vAcc></extensions></trkpt>
      <trkpt lon="35.009507" lat="31.897883"><ele>230.142825</ele><time>2026-05-30T18:03:48Z</time><extensions><speed>2.926225</speed><course>147.168689</course><hAcc>1.231163</hAcc><vAcc>0.756790</vAcc></extensions></trkpt>
      <trkpt lon="35.009522" lat="31.897860"><ele>230.154867</ele><time>2026-05-30T18:03:49Z</time><extensions><speed>2.906334</speed><course>150.733512</course><hAcc>1.234564</hAcc><vAcc>0.756780</vAcc></extensions></trkpt>
      <trkpt lon="35.009538" lat="31.897838"><ele>230.172722</ele><time>2026-05-30T18:03:50Z</time><extensions><speed>2.906847</speed><course>149.981874</course><hAcc>1.235530</hAcc><vAcc>0.756772</vAcc></extensions></trkpt>
      <trkpt lon="35.009554" lat="31.897816"><ele>230.226056</ele><time>2026-05-30T18:03:51Z</time><extensions><speed>2.847137</speed><course>144.420684</course><hAcc>1.232234</hAcc><vAcc>0.756765</vAcc></extensions></trkpt>
      <trkpt lon="35.009573" lat="31.897796"><ele>230.271560</ele><time>2026-05-30T18:03:52Z</time><extensions><speed>2.807289</speed><course>138.769136</course><hAcc>1.227313</hAcc><vAcc>0.756760</vAcc></extensions></trkpt>
      <trkpt lon="35.009593" lat="31.897777"><ele>230.335567</ele><time>2026-05-30T18:03:53Z</time><extensions><speed>2.794026</speed><course>136.132106</course><hAcc>1.225340</hAcc><vAcc>0.756756</vAcc></extensions></trkpt>
      <trkpt lon="35.009614" lat="31.897759"><ele>230.411470</ele><time>2026-05-30T18:03:54Z</time><extensions><speed>2.839030</speed><course>135.485212</course><hAcc>1.225660</hAcc><vAcc>0.756753</vAcc></extensions></trkpt>
      <trkpt lon="35.009635" lat="31.897741"><ele>230.495838</ele><time>2026-05-30T18:03:55Z</time><extensions><speed>2.767965</speed><course>132.691476</course><hAcc>1.229430</hAcc><vAcc>0.756750</vAcc></extensions></trkpt>
      <trkpt lon="35.009656" lat="31.897724"><ele>230.599953</ele><time>2026-05-30T18:03:56Z</time><extensions><speed>2.743424</speed><course>132.647377</course><hAcc>1.239560</hAcc><vAcc>0.756747</vAcc></extensions></trkpt>
      <trkpt lon="35.009677" lat="31.897707"><ele>230.711161</ele><time>2026-05-30T18:03:57Z</time><extensions><speed>2.766693</speed><course>135.563335</course><hAcc>1.248209</hAcc><vAcc>0.756745</vAcc></extensions></trkpt>
      <trkpt lon="35.009698" lat="31.897689"><ele>230.829257</ele><time>2026-05-30T18:03:58Z</time><extensions><speed>2.865147</speed><course>137.631613</course><hAcc>1.256100</hAcc><vAcc>0.756743</vAcc></extensions></trkpt>
      <trkpt lon="35.009717" lat="31.897668"><ele>230.957373</ele><time>2026-05-30T18:03:59Z</time><extensions><speed>2.957912</speed><course>142.911167</course><hAcc>1.256682</hAcc><vAcc>0.756741</vAcc></extensions></trkpt>
      <trkpt lon="35.009735" lat="31.897646"><ele>231.098757</ele><time>2026-05-30T18:04:00Z</time><extensions><speed>2.950076</speed><course>147.366859</course><hAcc>1.256153</hAcc><vAcc>0.756739</vAcc></extensions></trkpt>
      <trkpt lon="35.009751" lat="31.897624"><ele>231.221298</ele><time>2026-05-30T18:04:01Z</time><extensions><speed>2.834149</speed><course>149.891754</course><hAcc>1.253958</hAcc><vAcc>0.756738</vAcc></extensions></trkpt>
      <trkpt lon="35.009766" lat="31.897602"><ele>231.360643</ele><time>2026-05-30T18:04:02Z</time><extensions><speed>2.826262</speed><course>149.540257</course><hAcc>1.251061</hAcc><vAcc>0.756737</vAcc></extensions></trkpt>
      <trkpt lon="35.009783" lat="31.897580"><ele>231.516825</ele><time>2026-05-30T18:04:03Z</time><extensions><speed>2.965769</speed><course>146.068128</course><hAcc>1.246517</hAcc><vAcc>0.756736</vAcc></extensions></trkpt>
      <trkpt lon="35.009801" lat="31.897558"><ele>231.652082</ele><time>2026-05-30T18:04:04Z</time><extensions><speed>3.004669</speed><course>142.864309</course><hAcc>1.244840</hAcc><vAcc>0.756736</vAcc></extensions></trkpt>
      <trkpt lon="35.009820" lat="31.897536"><ele>231.793397</ele><time>2026-05-30T18:04:05Z</time><extensions><speed>3.005773</speed><course>142.905499</course><hAcc>1.242069</hAcc><vAcc>0.756735</vAcc></extensions></trkpt>
      <trkpt lon="35.009838" lat="31.897514"><ele>231.908084</ele><time>2026-05-30T18:04:06Z</time><extensions><speed>2.922514</speed><course>147.681232</course><hAcc>1.242740</hAcc><vAcc>0.756735</vAcc></extensions></trkpt>
      <trkpt lon="35.009854" lat="31.897492"><ele>232.012477</ele><time>2026-05-30T18:04:07Z</time><extensions><speed>2.819858</speed><course>150.630221</course><hAcc>1.237489</hAcc><vAcc>0.756735</vAcc></extensions></trkpt>
      <trkpt lon="35.009868" lat="31.897471"><ele>232.128059</ele><time>2026-05-30T18:04:08Z</time><extensions><speed>2.596992</speed><course>146.979372</course><hAcc>1.236213</hAcc><vAcc>0.756735</vAcc></extensions></trkpt>
      <trkpt lon="35.009885" lat="31.897451"><ele>232.225721</ele><time>2026-05-30T18:04:09Z</time><extensions><speed>2.878150</speed><course>144.402859</course><hAcc>1.234817</hAcc><vAcc>0.756735</vAcc></extensions></trkpt>
      <trkpt lon="35.009903" lat="31.897430"><ele>232.327063</ele><time>2026-05-30T18:04:10Z</time><extensions><speed>2.911502</speed><course>141.710288</course><hAcc>1.234422</hAcc><vAcc>0.756735</vAcc></extensions></trkpt>
      <trkpt lon="35.009923" lat="31.897410"><ele>232.413282</ele><time>2026-05-30T18:04:11Z</time><extensions><speed>2.907510</speed><course>140.024244</course><hAcc>1.234295</hAcc><vAcc>0.756735</vAcc></extensions></trkpt>
      <trkpt lon="35.009943" lat="31.897390"><ele>232.500817</ele><time>2026-05-30T18:04:12Z</time><extensions><speed>2.930118</speed><course>138.125826</course><hAcc>1.235398</hAcc><vAcc>0.756735</vAcc></extensions></trkpt>
      <trkpt lon="35.009964" lat="31.897370"><ele>232.567103</ele><time>2026-05-30T18:04:13Z</time><extensions><speed>2.951213</speed><course>137.961858</course><hAcc>1.244377</hAcc><vAcc>0.756735</vAcc></extensions></trkpt>
      <trkpt lon="35.009985" lat="31.897350"><ele>232.627630</ele><time>2026-05-30T18:04:14Z</time><extensions><speed>2.911338</speed><course>137.203312</course><hAcc>1.256287</hAcc><vAcc>0.756735</vAcc></extensions></trkpt>
      <trkpt lon="35.010005" lat="31.897331"><ele>232.681826</ele><time>2026-05-30T18:04:15Z</time><extensions><speed>2.860721</speed><course>137.374511</course><hAcc>1.265576</hAcc><vAcc>0.756735</vAcc></extensions></trkpt>
      <trkpt lon="35.010025" lat="31.897312"><ele>232.734193</ele><time>2026-05-30T18:04:16Z</time><extensions><speed>2.816078</speed><course>139.558053</course><hAcc>1.276844</hAcc><vAcc>0.756735</vAcc></extensions></trkpt>
      <trkpt lon="35.010044" lat="31.897292"><ele>232.782411</ele><time>2026-05-30T18:04:17Z</time><extensions><speed>2.823254</speed><course>144.164554</course><hAcc>1.284229</hAcc><vAcc>0.756735</vAcc></extensions></trkpt>
      <trkpt lon="35.010061" lat="31.897270"><ele>232.828239</ele><time>2026-05-30T18:04:18Z</time><extensions><speed>2.944189</speed><course>147.795390</course><hAcc>1.291150</hAcc><vAcc>0.756735</vAcc></extensions></trkpt>
      <trkpt lon="35.010077" lat="31.897248"><ele>232.871924</ele><time>2026-05-30T18:04:19Z</time><extensions><speed>2.976755</speed><course>148.529320</course><hAcc>1.297729</hAcc><vAcc>0.756735</vAcc></extensions></trkpt>
      <trkpt lon="35.010094" lat="31.897225"><ele>232.910390</ele><time>2026-05-30T18:04:20Z</time><extensions><speed>2.971728</speed><course>147.606252</course><hAcc>1.310302</hAcc><vAcc>0.756735</vAcc></extensions></trkpt>
      <trkpt lon="35.010111" lat="31.897202"><ele>232.938195</ele><time>2026-05-30T18:04:21Z</time><extensions><speed>2.924490</speed><course>146.900093</course><hAcc>1.325089</hAcc><vAcc>0.756735</vAcc></extensions></trkpt>
      <trkpt lon="35.010128" lat="31.897180"><ele>232.962389</ele><time>2026-05-30T18:04:22Z</time><extensions><speed>2.938465</speed><course>145.304733</course><hAcc>1.336520</hAcc><vAcc>0.756735</vAcc></extensions></trkpt>
      <trkpt lon="35.010146" lat="31.897159"><ele>232.973576</ele><time>2026-05-30T18:04:23Z</time><extensions><speed>2.858453</speed><course>146.352993</course><hAcc>1.343207</hAcc><vAcc>0.756735</vAcc></extensions></trkpt>
      <trkpt lon="35.010161" lat="31.897137"><ele>232.975697</ele><time>2026-05-30T18:04:24Z</time><extensions><speed>2.750256</speed><course>151.782201</course><hAcc>1.344194</hAcc><vAcc>0.756735</vAcc></extensions></trkpt>
      <trkpt lon="35.010173" lat="31.897115"><ele>232.972355</ele><time>2026-05-30T18:04:25Z</time><extensions><speed>2.606358</speed><course>157.499331</course><hAcc>1.345316</hAcc><vAcc>0.756735</vAcc></extensions></trkpt>
      <trkpt lon="35.010185" lat="31.897093"><ele>232.963358</ele><time>2026-05-30T18:04:26Z</time><extensions><speed>2.737287</speed><course>153.696242</course><hAcc>1.340223</hAcc><vAcc>0.756736</vAcc></extensions></trkpt>
      <trkpt lon="35.010199" lat="31.897073"><ele>232.954810</ele><time>2026-05-30T18:04:27Z</time><extensions><speed>2.619268</speed><course>143.943441</course><hAcc>1.334563</hAcc><vAcc>0.756736</vAcc></extensions></trkpt>
      <trkpt lon="35.010218" lat="31.897054"><ele>232.958350</ele><time>2026-05-30T18:04:28Z</time><extensions><speed>2.816145</speed><course>136.797460</course><hAcc>1.329950</hAcc><vAcc>0.756736</vAcc></extensions></trkpt>
      <trkpt lon="35.010240" lat="31.897035"><ele>232.965047</ele><time>2026-05-30T18:04:29Z</time><extensions><speed>3.120732</speed><course>133.786839</course><hAcc>1.327750</hAcc><vAcc>0.756736</vAcc></extensions></trkpt>
      <trkpt lon="35.010265" lat="31.897015"><ele>232.954655</ele><time>2026-05-30T18:04:30Z</time><extensions><speed>3.314823</speed><course>132.353284</course><hAcc>1.323274</hAcc><vAcc>0.756736</vAcc></extensions></trkpt>
      <trkpt lon="35.010291" lat="31.896994"><ele>232.969281</ele><time>2026-05-30T18:04:31Z</time><extensions><speed>3.374413</speed><course>133.635762</course><hAcc>1.320045</hAcc><vAcc>0.756736</vAcc></extensions></trkpt>
      <trkpt lon="35.010315" lat="31.896973"><ele>232.995266</ele><time>2026-05-30T18:04:31Z</time><extensions><speed>3.175661</speed><course>135.750311</course><hAcc>1.317879</hAcc><vAcc>0.756736</vAcc></extensions></trkpt>
      <trkpt lon="35.010338" lat="31.896952"><ele>233.024482</ele><time>2026-05-30T18:04:32Z</time><extensions><speed>3.069373</speed><course>140.119409</course><hAcc>1.315915</hAcc><vAcc>0.756736</vAcc></extensions></trkpt>
      <trkpt lon="35.010357" lat="31.896931"><ele>233.064172</ele><time>2026-05-30T18:04:33Z</time><extensions><speed>2.948820</speed><course>142.784741</course><hAcc>1.310137</hAcc><vAcc>0.756736</vAcc></extensions></trkpt>
      <trkpt lon="35.010376" lat="31.896910"><ele>233.108844</ele><time>2026-05-30T18:04:34Z</time><extensions><speed>2.894516</speed><course>142.368096</course><hAcc>1.305069</hAcc><vAcc>0.756736</vAcc></extensions></trkpt>
      <trkpt lon="35.010395" lat="31.896889"><ele>233.158354</ele><time>2026-05-30T18:04:35Z</time><extensions><speed>2.993236</speed><course>141.591724</course><hAcc>1.302418</hAcc><vAcc>0.756736</vAcc></extensions></trkpt>
      <trkpt lon="35.010415" lat="31.896868"><ele>233.217558</ele><time>2026-05-30T18:04:36Z</time><extensions><speed>2.988629</speed><course>142.021782</course><hAcc>1.298861</hAcc><vAcc>0.756736</vAcc></extensions></trkpt>
      <trkpt lon="35.010435" lat="31.896847"><ele>233.290809</ele><time>2026-05-30T18:04:37Z</time><extensions><speed>3.003666</speed><course>140.108128</course><hAcc>1.298727</hAcc><vAcc>0.756736</vAcc></extensions></trkpt>
      <trkpt lon="35.010455" lat="31.896827"><ele>233.377420</ele><time>2026-05-30T18:04:38Z</time><extensions><speed>2.935674</speed><course>139.589353</course><hAcc>1.304439</hAcc><vAcc>0.756736</vAcc></extensions></trkpt>
      <trkpt lon="35.010475" lat="31.896806"><ele>233.466730</ele><time>2026-05-30T18:04:39Z</time><extensions><speed>2.913676</speed><course>140.276633</course><hAcc>1.313928</hAcc><vAcc>0.756736</vAcc></extensions></trkpt>
      <trkpt lon="35.010495" lat="31.896785"><ele>233.555506</ele><time>2026-05-30T18:04:40Z</time><extensions><speed>3.093929</speed><course>142.808716</course><hAcc>1.323329</hAcc><vAcc>0.756736</vAcc></extensions></trkpt>
      <trkpt lon="35.010514" lat="31.896762"><ele>233.650647</ele><time>2026-05-30T18:04:41Z</time><extensions><speed>3.145206</speed><course>145.699144</course><hAcc>1.333430</hAcc><vAcc>0.756736</vAcc></extensions></trkpt>
      <trkpt lon="35.010533" lat="31.896739"><ele>233.731596</ele><time>2026-05-30T18:04:42Z</time><extensions><speed>3.113887</speed><course>144.776172</course><hAcc>1.340888</hAcc><vAcc>0.756736</vAcc></extensions></trkpt>
      <trkpt lon="35.010552" lat="31.896717"><ele>233.829472</ele><time>2026-05-30T18:04:43Z</time><extensions><speed>2.965040</speed><course>144.520250</course><hAcc>1.341934</hAcc><vAcc>0.756736</vAcc></extensions></trkpt>
      <trkpt lon="35.010570" lat="31.896695"><ele>233.906984</ele><time>2026-05-30T18:04:44Z</time><extensions><speed>2.832908</speed><course>143.893990</course><hAcc>1.341603</hAcc><vAcc>0.756736</vAcc></extensions></trkpt>
      <trkpt lon="35.010587" lat="31.896675"><ele>233.984856</ele><time>2026-05-30T18:04:45Z</time><extensions><speed>2.800517</speed><course>144.159347</course><hAcc>1.340828</hAcc><vAcc>0.756736</vAcc></extensions></trkpt>
      <trkpt lon="35.010604" lat="31.896655"><ele>234.060179</ele><time>2026-05-30T18:04:46Z</time><extensions><speed>2.709780</speed><course>143.686174</course><hAcc>1.337489</hAcc><vAcc>0.756736</vAcc></extensions></trkpt>
      <trkpt lon="35.010622" lat="31.896635"><ele>234.119918</ele><time>2026-05-30T18:04:47Z</time><extensions><speed>2.776578</speed><course>142.578637</course><hAcc>1.335859</hAcc><vAcc>0.756736</vAcc></extensions></trkpt>
      <trkpt lon="35.010640" lat="31.896615"><ele>234.177648</ele><time>2026-05-30T18:04:48Z</time><extensions><speed>2.835945</speed><course>139.506634</course><hAcc>1.339437</hAcc><vAcc>0.756736</vAcc></extensions></trkpt>
      <trkpt lon="35.010660" lat="31.896597"><ele>234.210156</ele><time>2026-05-30T18:04:49Z</time><extensions><speed>2.814930</speed><course>134.954528</course><hAcc>1.345701</hAcc><vAcc>0.756736</vAcc></extensions></trkpt>
      <trkpt lon="35.010682" lat="31.896578"><ele>234.241620</ele><time>2026-05-30T18:04:50Z</time><extensions><speed>2.934828</speed><course>133.952504</course><hAcc>1.346807</hAcc><vAcc>0.756736</vAcc></extensions></trkpt>
      <trkpt lon="35.010705" lat="31.896560"><ele>234.264510</ele><time>2026-05-30T18:04:51Z</time><extensions><speed>2.948460</speed><course>134.039962</course><hAcc>1.343511</hAcc><vAcc>0.756736</vAcc></extensions></trkpt>
      <trkpt lon="35.010727" lat="31.896541"><ele>234.292590</ele><time>2026-05-30T18:04:52Z</time><extensions><speed>3.009456</speed><course>134.501727</course><hAcc>1.342619</hAcc><vAcc>0.756736</vAcc></extensions></trkpt>
      <trkpt lon="35.010750" lat="31.896522"><ele>234.329054</ele><time>2026-05-30T18:04:53Z</time><extensions><speed>3.073946</speed><course>134.598543</course><hAcc>1.339067</hAcc><vAcc>0.756736</vAcc></extensions></trkpt>
      <trkpt lon="35.010773" lat="31.896502"><ele>234.366949</ele><time>2026-05-30T18:04:54Z</time><extensions><speed>3.118011</speed><course>135.870365</course><hAcc>1.334843</hAcc><vAcc>0.756736</vAcc></extensions></trkpt>
      <trkpt lon="35.010797" lat="31.896481"><ele>234.385606</ele><time>2026-05-30T18:04:55Z</time><extensions><speed>3.305672</speed><course>135.893206</course><hAcc>1.330100</hAcc><vAcc>0.756736</vAcc></extensions></trkpt>
      <trkpt lon="35.010819" lat="31.896461"><ele>234.422778</ele><time>2026-05-30T18:04:56Z</time><extensions><speed>2.916374</speed><course>138.400865</course><hAcc>1.327397</hAcc><vAcc>0.756736</vAcc></extensions></trkpt>
      <trkpt lon="35.010838" lat="31.896441"><ele>234.461644</ele><time>2026-05-30T18:04:57Z</time><extensions><speed>2.732126</speed><course>141.837156</course><hAcc>1.326701</hAcc><vAcc>0.756736</vAcc></extensions></trkpt>
      <trkpt lon="35.010855" lat="31.896421"><ele>234.494879</ele><time>2026-05-30T18:04:58Z</time><extensions><speed>2.710824</speed><course>148.554788</course><hAcc>1.320919</hAcc><vAcc>0.756736</vAcc></extensions></trkpt>
      <trkpt lon="35.010868" lat="31.896399"><ele>234.535032</ele><time>2026-05-30T18:04:59Z</time><extensions><speed>2.758394</speed><course>154.545454</course><hAcc>1.315742</hAcc><vAcc>0.756736</vAcc></extensions></trkpt>
      <trkpt lon="35.010880" lat="31.896376"><ele>234.559871</ele><time>2026-05-30T18:05:00Z</time><extensions><speed>2.983090</speed><course>158.903789</course><hAcc>1.306089</hAcc><vAcc>0.756736</vAcc></extensions></trkpt>
      <trkpt lon="35.010893" lat="31.896351"><ele>234.548939</ele><time>2026-05-30T18:05:01Z</time><extensions><speed>2.881716</speed><course>154.740051</course><hAcc>1.294447</hAcc><vAcc>0.756736</vAcc></extensions></trkpt>
      <trkpt lon="35.010907" lat="31.896329"><ele>234.565409</ele><time>2026-05-30T18:05:02Z</time><extensions><speed>2.682079</speed><course>147.878977</course><hAcc>1.285151</hAcc><vAcc>0.756876</vAcc></extensions></trkpt>
      <trkpt lon="35.010922" lat="31.896309"><ele>234.560934</ele><time>2026-05-30T18:05:03Z</time><extensions><speed>2.604470</speed><course>146.851885</course><hAcc>1.274249</hAcc><vAcc>0.756941</vAcc></extensions></trkpt>
      <trkpt lon="35.010937" lat="31.896289"><ele>234.553884</ele><time>2026-05-30T18:05:04Z</time><extensions><speed>2.752634</speed><course>146.703060</course><hAcc>1.263722</hAcc><vAcc>0.757018</vAcc></extensions></trkpt>
      <trkpt lon="35.010954" lat="31.896268"><ele>234.542301</ele><time>2026-05-30T18:05:05Z</time><extensions><speed>2.889158</speed><course>143.816044</course><hAcc>1.261603</hAcc><vAcc>0.757107</vAcc></extensions></trkpt>
      <trkpt lon="35.010974" lat="31.896248"><ele>234.523430</ele><time>2026-05-30T18:05:06Z</time><extensions><speed>2.853471</speed><course>135.756380</course><hAcc>1.256072</hAcc><vAcc>0.757208</vAcc></extensions></trkpt>
      <trkpt lon="35.010996" lat="31.896231"><ele>234.489562</ele><time>2026-05-30T18:05:07Z</time><extensions><speed>2.846370</speed><course>131.703118</course><hAcc>1.273743</hAcc><vAcc>0.757317</vAcc></extensions></trkpt>
      <trkpt lon="35.011019" lat="31.896214"><ele>234.449893</ele><time>2026-05-30T18:05:08Z</time><extensions><speed>2.824489</speed><course>127.982899</course><hAcc>1.277675</hAcc><vAcc>0.757429</vAcc></extensions></trkpt>
      <trkpt lon="35.011043" lat="31.896197"><ele>234.413921</ele><time>2026-05-30T18:05:09Z</time><extensions><speed>3.133232</speed><course>129.453408</course><hAcc>1.280934</hAcc><vAcc>0.757825</vAcc></extensions></trkpt>
      <trkpt lon="35.011069" lat="31.896179"><ele>234.383044</ele><time>2026-05-30T18:05:10Z</time><extensions><speed>3.196830</speed><course>128.814615</course><hAcc>1.301711</hAcc><vAcc>0.758691</vAcc></extensions></trkpt>
      <trkpt lon="35.011094" lat="31.896161"><ele>234.334399</ele><time>2026-05-30T18:05:11Z</time><extensions><speed>3.075203</speed><course>133.811561</course><hAcc>1.312821</hAcc><vAcc>0.759976</vAcc></extensions></trkpt>
      <trkpt lon="35.011116" lat="31.896140"><ele>234.297321</ele><time>2026-05-30T18:05:12Z</time><extensions><speed>3.071009</speed><course>142.080335</course><hAcc>1.321002</hAcc><vAcc>0.761588</vAcc></extensions></trkpt>
      <trkpt lon="35.011135" lat="31.896119"><ele>234.281349</ele><time>2026-05-30T18:05:13Z</time><extensions><speed>2.877517</speed><course>141.907770</course><hAcc>1.323093</hAcc><vAcc>0.763036</vAcc></extensions></trkpt>
      <trkpt lon="35.011154" lat="31.896099"><ele>234.258805</ele><time>2026-05-30T18:05:14Z</time><extensions><speed>2.797505</speed><course>139.444398</course><hAcc>1.329480</hAcc><vAcc>0.764942</vAcc></extensions></trkpt>
      <trkpt lon="35.011175" lat="31.896081"><ele>234.262116</ele><time>2026-05-30T18:05:15Z</time><extensions><speed>2.773615</speed><course>133.956079</course><hAcc>1.341543</hAcc><vAcc>0.766688</vAcc></extensions></trkpt>
      <trkpt lon="35.011196" lat="31.896063"><ele>234.257176</ele><time>2026-05-30T18:05:16Z</time><extensions><speed>2.802070</speed><course>133.249674</course><hAcc>1.343251</hAcc><vAcc>0.768603</vAcc></extensions></trkpt>
      <trkpt lon="35.011217" lat="31.896046"><ele>234.263038</ele><time>2026-05-30T18:05:17Z</time><extensions><speed>2.799396</speed><course>133.753677</course><hAcc>1.353991</hAcc><vAcc>0.770543</vAcc></extensions></trkpt>
      <trkpt lon="35.011238" lat="31.896028"><ele>234.266901</ele><time>2026-05-30T18:05:18Z</time><extensions><speed>2.788013</speed><course>135.269748</course><hAcc>1.355617</hAcc><vAcc>0.772398</vAcc></extensions></trkpt>
      <trkpt lon="35.011258" lat="31.896010"><ele>234.273195</ele><time>2026-05-30T18:05:19Z</time><extensions><speed>2.785056</speed><course>139.309363</course><hAcc>1.360536</hAcc><vAcc>0.773976</vAcc></extensions></trkpt>
      <trkpt lon="35.011278" lat="31.895989"><ele>234.285842</ele><time>2026-05-30T18:05:20Z</time><extensions><speed>3.030883</speed><course>141.853842</course><hAcc>1.370717</hAcc><vAcc>0.775177</vAcc></extensions></trkpt>
      <trkpt lon="35.011297" lat="31.895968"><ele>234.321398</ele><time>2026-05-30T18:05:21Z</time><extensions><speed>2.971276</speed><course>142.986183</course><hAcc>1.374196</hAcc><vAcc>0.775606</vAcc></extensions></trkpt>
      <trkpt lon="35.011316" lat="31.895947"><ele>234.352809</ele><time>2026-05-30T18:05:22Z</time><extensions><speed>2.855963</speed><course>144.395830</course><hAcc>1.377235</hAcc><vAcc>0.775271</vAcc></extensions></trkpt>
      <trkpt lon="35.011333" lat="31.895925"><ele>234.401237</ele><time>2026-05-30T18:05:23Z</time><extensions><speed>2.883193</speed><course>147.252224</course><hAcc>1.375502</hAcc><vAcc>0.774232</vAcc></extensions></trkpt>
      <trkpt lon="35.011349" lat="31.895903"><ele>234.443677</ele><time>2026-05-30T18:05:24Z</time><extensions><speed>2.863244</speed><course>148.319789</course><hAcc>1.371342</hAcc><vAcc>0.772653</vAcc></extensions></trkpt>
      <trkpt lon="35.011364" lat="31.895881"><ele>234.515942</ele><time>2026-05-30T18:05:25Z</time><extensions><speed>2.807140</speed><course>152.718740</course><hAcc>1.368207</hAcc><vAcc>0.770738</vAcc></extensions></trkpt>
      <trkpt lon="35.011377" lat="31.895858"><ele>234.593338</ele><time>2026-05-30T18:05:26Z</time><extensions><speed>2.833666</speed><course>154.682761</course><hAcc>1.358550</hAcc><vAcc>0.768775</vAcc></extensions></trkpt>
      <trkpt lon="35.011390" lat="31.895835"><ele>234.654257</ele><time>2026-05-30T18:05:27Z</time><extensions><speed>2.885524</speed><course>154.747282</course><hAcc>1.350775</hAcc><vAcc>0.767238</vAcc></extensions></trkpt>
      <trkpt lon="35.011404" lat="31.895812"><ele>234.727859</ele><time>2026-05-30T18:05:28Z</time><extensions><speed>2.779725</speed><course>149.099479</course><hAcc>1.345465</hAcc><vAcc>0.765867</vAcc></extensions></trkpt>
      <trkpt lon="35.011420" lat="31.895791"><ele>234.785768</ele><time>2026-05-30T18:05:29Z</time><extensions><speed>2.694958</speed><course>144.664463</course><hAcc>1.338850</hAcc><vAcc>0.764622</vAcc></extensions></trkpt>
      <trkpt lon="35.011437" lat="31.895772"><ele>234.845155</ele><time>2026-05-30T18:05:30Z</time><extensions><speed>2.714634</speed><course>141.117687</course><hAcc>1.330018</hAcc><vAcc>0.763672</vAcc></extensions></trkpt>
      <trkpt lon="35.011456" lat="31.895752"><ele>234.913514</ele><time>2026-05-30T18:05:31Z</time><extensions><speed>2.908871</speed><course>141.803996</course><hAcc>1.323986</hAcc><vAcc>0.763007</vAcc></extensions></trkpt>
      <trkpt lon="35.011475" lat="31.895731"><ele>234.979103</ele><time>2026-05-30T18:05:32Z</time><extensions><speed>2.971333</speed><course>140.217198</course><hAcc>1.321415</hAcc><vAcc>0.762603</vAcc></extensions></trkpt>
      <trkpt lon="35.011496" lat="31.895711"><ele>235.032595</ele><time>2026-05-30T18:05:33Z</time><extensions><speed>2.940145</speed><course>136.773438</course><hAcc>1.315562</hAcc><vAcc>0.762417</vAcc></extensions></trkpt>
      <trkpt lon="35.011518" lat="31.895694"><ele>235.084652</ele><time>2026-05-30T18:05:34Z</time><extensions><speed>2.810460</speed><course>130.611511</course><hAcc>1.312258</hAcc><vAcc>0.762388</vAcc></extensions></trkpt>
      <trkpt lon="35.011541" lat="31.895678"><ele>235.126752</ele><time>2026-05-30T18:05:35Z</time><extensions><speed>2.715445</speed><course>126.413239</course><hAcc>1.310157</hAcc><vAcc>0.762434</vAcc></extensions></trkpt>
      <trkpt lon="35.011564" lat="31.895663"><ele>235.183270</ele><time>2026-05-30T18:05:36Z</time><extensions><speed>2.685615</speed><course>128.085292</course><hAcc>1.306747</hAcc><vAcc>0.762457</vAcc></extensions></trkpt>
      <trkpt lon="35.011586" lat="31.895647"><ele>235.226993</ele><time>2026-05-30T18:05:37Z</time><extensions><speed>2.912731</speed><course>130.893513</course><hAcc>1.304673</hAcc><vAcc>0.762353</vAcc></extensions></trkpt>
      <trkpt lon="35.011610" lat="31.895629"><ele>235.250496</ele><time>2026-05-30T18:05:38Z</time><extensions><speed>3.063084</speed><course>131.524337</course><hAcc>1.301067</hAcc><vAcc>0.762054</vAcc></extensions></trkpt>
      <trkpt lon="35.011635" lat="31.895611"><ele>235.271599</ele><time>2026-05-30T18:05:39Z</time><extensions><speed>3.189217</speed><course>131.911814</course><hAcc>1.302488</hAcc><vAcc>0.761572</vAcc></extensions></trkpt>
      <trkpt lon="35.011660" lat="31.895592"><ele>235.277415</ele><time>2026-05-30T18:05:40Z</time><extensions><speed>3.072137</speed><course>128.829917</course><hAcc>1.304732</hAcc><vAcc>0.760970</vAcc></extensions></trkpt>
      <trkpt lon="35.011685" lat="31.895576"><ele>235.288811</ele><time>2026-05-30T18:05:41Z</time><extensions><speed>2.898309</speed><course>124.911752</course><hAcc>1.306878</hAcc><vAcc>0.760323</vAcc></extensions></trkpt>
      <trkpt lon="35.011711" lat="31.895562"><ele>235.292029</ele><time>2026-05-30T18:05:42Z</time><extensions><speed>2.878984</speed><course>119.615282</course><hAcc>1.308258</hAcc><vAcc>0.759685</vAcc></extensions></trkpt>
      <trkpt lon="35.011738" lat="31.895551"><ele>235.301268</ele><time>2026-05-30T18:05:43Z</time><extensions><speed>2.734110</speed><course>114.603352</course><hAcc>1.307210</hAcc><vAcc>0.759093</vAcc></extensions></trkpt>
      <trkpt lon="35.011764" lat="31.895541"><ele>235.329009</ele><time>2026-05-30T18:05:44Z</time><extensions><speed>2.714125</speed><course>113.446981</course><hAcc>1.303244</hAcc><vAcc>0.758570</vAcc></extensions></trkpt>
      <trkpt lon="35.011789" lat="31.895531"><ele>235.360586</ele><time>2026-05-30T18:05:45Z</time><extensions><speed>2.502610</speed><course>113.387665</course><hAcc>1.297052</hAcc><vAcc>0.758129</vAcc></extensions></trkpt>
      <trkpt lon="35.011814" lat="31.895521"><ele>235.378916</ele><time>2026-05-30T18:05:46Z</time><extensions><speed>2.566879</speed><course>117.423691</course><hAcc>1.297285</hAcc><vAcc>0.757771</vAcc></extensions></trkpt>
      <trkpt lon="35.011838" lat="31.895510"><ele>235.412517</ele><time>2026-05-30T18:05:47Z</time><extensions><speed>2.738052</speed><course>120.373733</course><hAcc>1.302780</hAcc><vAcc>0.757490</vAcc></extensions></trkpt>
      <trkpt lon="35.011862" lat="31.895497"><ele>235.441619</ele><time>2026-05-30T18:05:48Z</time><extensions><speed>2.639463</speed><course>123.867845</course><hAcc>1.323799</hAcc><vAcc>0.757280</vAcc></extensions></trkpt>
      <trkpt lon="35.011886" lat="31.895484"><ele>235.489673</ele><time>2026-05-30T18:05:49Z</time><extensions><speed>2.737447</speed><course>123.316769</course><hAcc>1.316037</hAcc><vAcc>0.757129</vAcc></extensions></trkpt>
      <trkpt lon="35.011911" lat="31.895470"><ele>235.552673</ele><time>2026-05-30T18:05:50Z</time><extensions><speed>2.768915</speed><course>121.281763</course><hAcc>1.317205</hAcc><vAcc>0.757029</vAcc></extensions></trkpt>
      <trkpt lon="35.011936" lat="31.895457"><ele>235.627948</ele><time>2026-05-30T18:05:52Z</time><extensions><speed>2.752257</speed><course>120.483978</course><hAcc>1.322302</hAcc><vAcc>0.756956</vAcc></extensions></trkpt>
      <trkpt lon="35.011961" lat="31.895446"><ele>235.727635</ele><time>2026-05-30T18:05:53Z</time><extensions><speed>2.548994</speed><course>114.875545</course><hAcc>1.331865</hAcc><vAcc>0.756883</vAcc></extensions></trkpt>
      <trkpt lon="35.011987" lat="31.895436"><ele>235.832640</ele><time>2026-05-30T18:05:54Z</time><extensions><speed>2.832000</speed><course>112.501639</course><hAcc>1.333193</hAcc><vAcc>0.756835</vAcc></extensions></trkpt>
      <trkpt lon="35.012015" lat="31.895427"><ele>235.929606</ele><time>2026-05-30T18:05:55Z</time><extensions><speed>2.853498</speed><course>112.782563</course><hAcc>1.342161</hAcc><vAcc>0.756804</vAcc></extensions></trkpt>
      <trkpt lon="35.012043" lat="31.895417"><ele>236.036132</ele><time>2026-05-30T18:05:56Z</time><extensions><speed>2.803854</speed><course>110.950042</course><hAcc>1.338151</hAcc><vAcc>0.756785</vAcc></extensions></trkpt>
      <trkpt lon="35.012070" lat="31.895408"><ele>236.124579</ele><time>2026-05-30T18:05:57Z</time><extensions><speed>2.787102</speed><course>110.278463</course><hAcc>1.339030</hAcc><vAcc>0.756773</vAcc></extensions></trkpt>
      <trkpt lon="35.012098" lat="31.895400"><ele>236.223916</ele><time>2026-05-30T18:05:58Z</time><extensions><speed>2.754985</speed><course>109.015901</course><hAcc>1.345558</hAcc><vAcc>0.756765</vAcc></extensions></trkpt>
      <trkpt lon="35.012126" lat="31.895391"><ele>236.320782</ele><time>2026-05-30T18:05:59Z</time><extensions><speed>2.851205</speed><course>109.114802</course><hAcc>1.346758</hAcc><vAcc>0.756761</vAcc></extensions></trkpt>
      <trkpt lon="35.012155" lat="31.895383"><ele>236.414146</ele><time>2026-05-30T18:06:00Z</time><extensions><speed>2.952073</speed><course>110.128936</course><hAcc>1.346203</hAcc><vAcc>0.756758</vAcc></extensions></trkpt>
      <trkpt lon="35.012185" lat="31.895373"><ele>236.490225</ele><time>2026-05-30T18:06:01Z</time><extensions><speed>3.022997</speed><course>109.341720</course><hAcc>1.345280</hAcc><vAcc>0.756755</vAcc></extensions></trkpt>
      <trkpt lon="35.012215" lat="31.895364"><ele>236.563915</ele><time>2026-05-30T18:06:02Z</time><extensions><speed>2.983037</speed><course>109.643159</course><hAcc>1.341707</hAcc><vAcc>0.756753</vAcc></extensions></trkpt>
      <trkpt lon="35.012245" lat="31.895356"><ele>236.629944</ele><time>2026-05-30T18:06:03Z</time><extensions><speed>2.907568</speed><course>108.662729</course><hAcc>1.333568</hAcc><vAcc>0.756751</vAcc></extensions></trkpt>
      <trkpt lon="35.012273" lat="31.895347"><ele>236.701849</ele><time>2026-05-30T18:06:04Z</time><extensions><speed>2.826350</speed><course>110.086275</course><hAcc>1.331414</hAcc><vAcc>0.756749</vAcc></extensions></trkpt>
      <trkpt lon="35.012301" lat="31.895338"><ele>236.768217</ele><time>2026-05-30T18:06:05Z</time><extensions><speed>2.757079</speed><course>109.681275</course><hAcc>1.321689</hAcc><vAcc>0.756747</vAcc></extensions></trkpt>
      <trkpt lon="35.012328" lat="31.895330"><ele>236.822215</ele><time>2026-05-30T18:06:06Z</time><extensions><speed>2.699923</speed><course>108.933701</course><hAcc>1.325331</hAcc><vAcc>0.756745</vAcc></extensions></trkpt>
      <trkpt lon="35.012357" lat="31.895323"><ele>236.881011</ele><time>2026-05-30T18:06:07Z</time><extensions><speed>2.914315</speed><course>107.037212</course><hAcc>1.317058</hAcc><vAcc>0.756743</vAcc></extensions></trkpt>
      <trkpt lon="35.012387" lat="31.895315"><ele>236.941185</ele><time>2026-05-30T18:06:08Z</time><extensions><speed>3.039579</speed><course>103.849356</course><hAcc>1.310931</hAcc><vAcc>0.756742</vAcc></extensions></trkpt>
      <trkpt lon="35.012419" lat="31.895309"><ele>237.013758</ele><time>2026-05-30T18:06:09Z</time><extensions><speed>3.128526</speed><course>103.366396</course><hAcc>1.314073</hAcc><vAcc>0.756740</vAcc></extensions></trkpt>
      <trkpt lon="35.012450" lat="31.895302"><ele>237.061801</ele><time>2026-05-30T18:06:10Z</time><extensions><speed>3.047969</speed><course>103.943320</course><hAcc>1.314113</hAcc><vAcc>0.756739</vAcc></extensions></trkpt>
      <trkpt lon="35.012481" lat="31.895296"><ele>237.105486</ele><time>2026-05-30T18:06:11Z</time><extensions><speed>2.926619</speed><course>104.877022</course><hAcc>1.320315</hAcc><vAcc>0.756738</vAcc></extensions></trkpt>
      <trkpt lon="35.012510" lat="31.895289"><ele>237.144641</ele><time>2026-05-30T18:06:12Z</time><extensions><speed>2.865786</speed><course>104.145431</course><hAcc>1.313765</hAcc><vAcc>0.756738</vAcc></extensions></trkpt>
      <trkpt lon="35.012540" lat="31.895283"><ele>237.177353</ele><time>2026-05-30T18:06:13Z</time><extensions><speed>2.805095</speed><course>101.139085</course><hAcc>1.309091</hAcc><vAcc>0.756737</vAcc></extensions></trkpt>
      <trkpt lon="35.012569" lat="31.895279"><ele>237.218678</ele><time>2026-05-30T18:06:14Z</time><extensions><speed>2.874900</speed><course>99.289921</course><hAcc>1.307633</hAcc><vAcc>0.756737</vAcc></extensions></trkpt>
      <trkpt lon="35.012599" lat="31.895276"><ele>237.250402</ele><time>2026-05-30T18:06:15Z</time><extensions><speed>2.803845</speed><course>96.263422</course><hAcc>1.307934</hAcc><vAcc>0.756736</vAcc></extensions></trkpt>
      <trkpt lon="35.012628" lat="31.895273"><ele>237.286769</ele><time>2026-05-30T18:06:16Z</time><extensions><speed>2.716457</speed><course>94.582037</course><hAcc>1.304585</hAcc><vAcc>0.756736</vAcc></extensions></trkpt>
      <trkpt lon="35.012656" lat="31.895271"><ele>237.331556</ele><time>2026-05-30T18:06:17Z</time><extensions><speed>2.612767</speed><course>93.726201</course><hAcc>1.304606</hAcc><vAcc>0.756736</vAcc></extensions></trkpt>
      <trkpt lon="35.012683" lat="31.895270"><ele>237.376481</ele><time>2026-05-30T18:06:18Z</time><extensions><speed>2.563114</speed><course>90.684979</course><hAcc>1.306978</hAcc><vAcc>0.756736</vAcc></extensions></trkpt>
      <trkpt lon="35.012710" lat="31.895272"><ele>237.397441</ele><time>2026-05-30T18:06:19Z</time><extensions><speed>2.548558</speed><course>81.512446</course><hAcc>1.305998</hAcc><vAcc>0.756736</vAcc></extensions></trkpt>
      <trkpt lon="35.012736" lat="31.895278"><ele>237.435607</ele><time>2026-05-30T18:06:20Z</time><extensions><speed>2.556423</speed><course>68.046054</course><hAcc>1.304804</hAcc><vAcc>0.756736</vAcc></extensions></trkpt>
      <trkpt lon="35.012761" lat="31.895287"><ele>237.460022</ele><time>2026-05-30T18:06:21Z</time><extensions><speed>2.578918</speed><course>63.768282</course><hAcc>1.306352</hAcc><vAcc>0.756736</vAcc></extensions></trkpt>
      <trkpt lon="35.012787" lat="31.895298"><ele>237.492220</ele><time>2026-05-30T18:06:22Z</time><extensions><speed>2.868916</speed><course>66.497736</course><hAcc>1.308056</hAcc><vAcc>0.756736</vAcc></extensions></trkpt>
      <trkpt lon="35.012816" lat="31.895307"><ele>237.527918</ele><time>2026-05-30T18:06:23Z</time><extensions><speed>3.053261</speed><course>71.206523</course><hAcc>1.308262</hAcc><vAcc>0.756736</vAcc></extensions></trkpt>
      <trkpt lon="35.012848" lat="31.895314"><ele>237.567542</ele><time>2026-05-30T18:06:24Z</time><extensions><speed>3.249491</speed><course>80.655489</course><hAcc>1.308711</hAcc><vAcc>0.756736</vAcc></extensions></trkpt>
      <trkpt lon="35.012882" lat="31.895316"><ele>237.618023</ele><time>2026-05-30T18:06:25Z</time><extensions><speed>3.244252</speed><course>91.044900</course><hAcc>1.312907</hAcc><vAcc>0.756736</vAcc></extensions></trkpt>
      <trkpt lon="35.012917" lat="31.895313"><ele>237.674815</ele><time>2026-05-30T18:06:26Z</time><extensions><speed>3.401971</speed><course>100.427265</course><hAcc>1.314830</hAcc><vAcc>0.756736</vAcc></extensions></trkpt>
      <trkpt lon="35.012951" lat="31.895306"><ele>237.715604</ele><time>2026-05-30T18:06:27Z</time><extensions><speed>3.172230</speed><course>106.859663</course><hAcc>1.317803</hAcc><vAcc>0.756736</vAcc></extensions></trkpt>
      <trkpt lon="35.012982" lat="31.895298"><ele>237.785542</ele><time>2026-05-30T18:06:28Z</time><extensions><speed>2.897515</speed><course>107.133397</course><hAcc>1.320681</hAcc><vAcc>0.756736</vAcc></extensions></trkpt>
      <trkpt lon="35.013010" lat="31.895292"><ele>237.858606</ele><time>2026-05-30T18:06:29Z</time><extensions><speed>2.613493</speed><course>100.231255</course><hAcc>1.326261</hAcc><vAcc>0.756736</vAcc></extensions></trkpt>
      <trkpt lon="35.013038" lat="31.895291"><ele>237.939731</ele><time>2026-05-30T18:06:30Z</time><extensions><speed>2.672333</speed><course>86.868717</course><hAcc>1.331151</hAcc><vAcc>0.756736</vAcc></extensions></trkpt>
      <trkpt lon="35.013065" lat="31.895294"><ele>238.042457</ele><time>2026-05-30T18:06:31Z</time><extensions><speed>2.620019</speed><course>76.460775</course><hAcc>1.334238</hAcc><vAcc>0.756736</vAcc></extensions></trkpt>
      <trkpt lon="35.013092" lat="31.895300"><ele>238.135825</ele><time>2026-05-30T18:06:32Z</time><extensions><speed>2.612344</speed><course>76.133872</course><hAcc>1.339217</hAcc><vAcc>0.756736</vAcc></extensions></trkpt>
      <trkpt lon="35.013118" lat="31.895305"><ele>238.239349</ele><time>2026-05-30T18:06:33Z</time><extensions><speed>2.470326</speed><course>79.991708</course><hAcc>1.346821</hAcc><vAcc>0.756736</vAcc></extensions></trkpt>
      <trkpt lon="35.013144" lat="31.895308"><ele>238.339953</ele><time>2026-05-30T18:06:34Z</time><extensions><speed>2.488419</speed><course>84.359771</course><hAcc>1.354421</hAcc><vAcc>0.756736</vAcc></extensions></trkpt>
      <trkpt lon="35.013172" lat="31.895310"><ele>238.439077</ele><time>2026-05-30T18:06:35Z</time><extensions><speed>2.724934</speed><course>84.628056</course><hAcc>1.361746</hAcc><vAcc>0.756736</vAcc></extensions></trkpt>
      <trkpt lon="35.013200" lat="31.895312"><ele>238.554542</ele><time>2026-05-30T18:06:35Z</time><extensions><speed>2.665823</speed><course>84.924630</course><hAcc>1.360175</hAcc><vAcc>0.756736</vAcc></extensions></trkpt>
      <trkpt lon="35.013228" lat="31.895314"><ele>238.678818</ele><time>2026-05-30T18:06:36Z</time><extensions><speed>2.691429</speed><course>85.875222</course><hAcc>1.360472</hAcc><vAcc>0.756736</vAcc></extensions></trkpt>
      <trkpt lon="35.013257" lat="31.895316"><ele>238.796254</ele><time>2026-05-30T18:06:37Z</time><extensions><speed>2.696139</speed><course>85.028686</course><hAcc>1.361495</hAcc><vAcc>0.756736</vAcc></extensions></trkpt>
      <trkpt lon="35.013285" lat="31.895319"><ele>238.913251</ele><time>2026-05-30T18:06:38Z</time><extensions><speed>2.653691</speed><course>81.479578</course><hAcc>1.356681</hAcc><vAcc>0.756736</vAcc></extensions></trkpt>
      <trkpt lon="35.013313" lat="31.895324"><ele>239.035039</ele><time>2026-05-30T18:06:39Z</time><extensions><speed>2.715419</speed><course>75.938856</course><hAcc>1.355930</hAcc><vAcc>0.756736</vAcc></extensions></trkpt>
      <trkpt lon="35.013339" lat="31.895331"><ele>239.140919</ele><time>2026-05-30T18:06:40Z</time><extensions><speed>2.599780</speed><course>68.802407</course><hAcc>1.355073</hAcc><vAcc>0.756736</vAcc></extensions></trkpt>
      <trkpt lon="35.013364" lat="31.895340"><ele>239.256740</ele><time>2026-05-30T18:06:41Z</time><extensions><speed>2.499052</speed><course>63.632361</course><hAcc>1.347758</hAcc><vAcc>0.756736</vAcc></extensions></trkpt>
      <trkpt lon="35.013388" lat="31.895351"><ele>239.360654</ele><time>2026-05-30T18:06:42Z</time><extensions><speed>2.567046</speed><course>61.163697</course><hAcc>1.352844</hAcc><vAcc>0.756736</vAcc></extensions></trkpt>
      <trkpt lon="35.013412" lat="31.895362"><ele>239.447611</ele><time>2026-05-30T18:06:43Z</time><extensions><speed>2.648175</speed><course>63.770322</course><hAcc>1.361602</hAcc><vAcc>0.756736</vAcc></extensions></trkpt>
      <trkpt lon="35.013439" lat="31.895371"><ele>239.538213</ele><time>2026-05-30T18:06:44Z</time><extensions><speed>2.833441</speed><course>71.954919</course><hAcc>1.356766</hAcc><vAcc>0.756736</vAcc></extensions></trkpt>
      <trkpt lon="35.013468" lat="31.895378"><ele>239.635644</ele><time>2026-05-30T18:06:45Z</time><extensions><speed>2.855539</speed><course>76.916804</course><hAcc>1.352685</hAcc><vAcc>0.756736</vAcc></extensions></trkpt>
      <trkpt lon="35.013497" lat="31.895384"><ele>239.719080</ele><time>2026-05-30T18:06:46Z</time><extensions><speed>2.845665</speed><course>77.185428</course><hAcc>1.358035</hAcc><vAcc>0.756736</vAcc></extensions></trkpt>
      <trkpt lon="35.013526" lat="31.895390"><ele>239.797940</ele><time>2026-05-30T18:06:47Z</time><extensions><speed>2.760653</speed><course>74.289489</course><hAcc>1.366888</hAcc><vAcc>0.756736</vAcc></extensions></trkpt>
      <trkpt lon="35.013555" lat="31.895397"><ele>239.874517</ele><time>2026-05-30T18:06:48Z</time><extensions><speed>2.821015</speed><course>73.519383</course><hAcc>1.371491</hAcc><vAcc>0.756736</vAcc></extensions></trkpt>
      <trkpt lon="35.013584" lat="31.895404"><ele>239.941168</ele><time>2026-05-30T18:06:49Z</time><extensions><speed>2.906568</speed><course>74.567071</course><hAcc>1.374754</hAcc><vAcc>0.756736</vAcc></extensions></trkpt>
      <trkpt lon="35.013613" lat="31.895411"><ele>240.007498</ele><time>2026-05-30T18:06:50Z</time><extensions><speed>2.907268</speed><course>75.689758</course><hAcc>1.371810</hAcc><vAcc>0.756736</vAcc></extensions></trkpt>
      <trkpt lon="35.013643" lat="31.895417"><ele>240.077080</ele><time>2026-05-30T18:06:51Z</time><extensions><speed>2.953316</speed><course>75.432837</course><hAcc>1.369313</hAcc><vAcc>0.756736</vAcc></extensions></trkpt>
      <trkpt lon="35.013673" lat="31.895424"><ele>240.138809</ele><time>2026-05-30T18:06:52Z</time><extensions><speed>2.878593</speed><course>75.401157</course><hAcc>1.362105</hAcc><vAcc>0.756736</vAcc></extensions></trkpt>
      <trkpt lon="35.013702" lat="31.895431"><ele>240.186549</ele><time>2026-05-30T18:06:53Z</time><extensions><speed>2.866893</speed><course>73.409028</course><hAcc>1.354190</hAcc><vAcc>0.756736</vAcc></extensions></trkpt>
      <trkpt lon="35.013732" lat="31.895438"><ele>240.237454</ele><time>2026-05-30T18:06:54Z</time><extensions><speed>2.909249</speed><course>73.670172</course><hAcc>1.347651</hAcc><vAcc>0.756736</vAcc></extensions></trkpt>
      <trkpt lon="35.013761" lat="31.895446"><ele>240.282572</ele><time>2026-05-30T18:06:55Z</time><extensions><speed>2.942357</speed><course>73.705115</course><hAcc>1.344443</hAcc><vAcc>0.756736</vAcc></extensions></trkpt>
      <trkpt lon="35.013792" lat="31.895453"><ele>240.326667</ele><time>2026-05-30T18:06:56Z</time><extensions><speed>3.014120</speed><course>76.209798</course><hAcc>1.338767</hAcc><vAcc>0.756736</vAcc></extensions></trkpt>
      <trkpt lon="35.013823" lat="31.895458"><ele>240.375694</ele><time>2026-05-30T18:06:57Z</time><extensions><speed>2.952164</speed><course>78.763645</course><hAcc>1.333495</hAcc><vAcc>0.756736</vAcc></extensions></trkpt>
      <trkpt lon="35.013853" lat="31.895463"><ele>240.421261</ele><time>2026-05-30T18:06:58Z</time><extensions><speed>2.911046</speed><course>82.938306</course><hAcc>1.328507</hAcc><vAcc>0.756736</vAcc></extensions></trkpt>
      <trkpt lon="35.013884" lat="31.895466"><ele>240.474766</ele><time>2026-05-30T18:06:59Z</time><extensions><speed>2.974610</speed><course>84.634003</course><hAcc>1.325386</hAcc><vAcc>0.756736</vAcc></extensions></trkpt>
      <trkpt lon="35.013914" lat="31.895468"><ele>240.527373</ele><time>2026-05-30T18:07:00Z</time><extensions><speed>2.809492</speed><course>86.563819</course><hAcc>1.322314</hAcc><vAcc>0.756736</vAcc></extensions></trkpt>
      <trkpt lon="35.013943" lat="31.895467"><ele>240.568477</ele><time>2026-05-30T18:07:01Z</time><extensions><speed>2.517765</speed><course>95.043195</course><hAcc>1.324560</hAcc><vAcc>0.756736</vAcc></extensions></trkpt>
      <trkpt lon="35.013967" lat="31.895463"><ele>240.594425</ele><time>2026-05-30T18:07:02Z</time><extensions><speed>2.325756</speed><course>110.569046</course><hAcc>1.328448</hAcc><vAcc>0.756736</vAcc></extensions></trkpt>
      <trkpt lon="35.013988" lat="31.895453"><ele>240.634116</ele><time>2026-05-30T18:07:03Z</time><extensions><speed>2.250492</speed><course>127.599797</course><hAcc>1.338020</hAcc><vAcc>0.756736</vAcc></extensions></trkpt>
      <trkpt lon="35.014008" lat="31.895440"><ele>240.668067</ele><time>2026-05-30T18:07:04Z</time><extensions><speed>2.539998</speed><course>128.369737</course><hAcc>1.340545</hAcc><vAcc>0.756736</vAcc></extensions></trkpt>
      <trkpt lon="35.014031" lat="31.895428"><ele>240.694224</ele><time>2026-05-30T18:07:05Z</time><extensions><speed>2.550290</speed><course>110.656285</course><hAcc>1.345802</hAcc><vAcc>0.756736</vAcc></extensions></trkpt>
      <trkpt lon="35.014059" lat="31.895426"><ele>240.716828</ele><time>2026-05-30T18:07:06Z</time><extensions><speed>2.839828</speed><course>81.854873</course><hAcc>1.351273</hAcc><vAcc>0.756736</vAcc></extensions></trkpt>
      <trkpt lon="35.014090" lat="31.895434"><ele>240.727341</ele><time>2026-05-30T18:07:07Z</time><extensions><speed>3.446685</speed><course>66.036317</course><hAcc>1.353569</hAcc><vAcc>0.756736</vAcc></extensions></trkpt>
      <trkpt lon="35.014123" lat="31.895449"><ele>240.754203</ele><time>2026-05-30T18:07:08Z</time><extensions><speed>3.512978</speed><course>57.593314</course><hAcc>1.350337</hAcc><vAcc>0.756736</vAcc></extensions></trkpt>
      <trkpt lon="35.014153" lat="31.895466"><ele>240.765828</ele><time>2026-05-30T18:07:09Z</time><extensions><speed>3.368318</speed><course>58.281776</course><hAcc>1.351333</hAcc><vAcc>0.756736</vAcc></extensions></trkpt>
      <trkpt lon="35.014184" lat="31.895480"><ele>240.789722</ele><time>2026-05-30T18:07:10Z</time><extensions><speed>3.177179</speed><course>65.103491</course><hAcc>1.351037</hAcc><vAcc>0.756736</vAcc></extensions></trkpt>
      <trkpt lon="35.014214" lat="31.895489"><ele>240.826369</ele><time>2026-05-30T18:07:11Z</time><extensions><speed>2.982246</speed><course>76.902498</course><hAcc>1.346805</hAcc><vAcc>0.756736</vAcc></extensions></trkpt>
      <trkpt lon="35.014246" lat="31.895493"><ele>240.844642</ele><time>2026-05-30T18:07:12Z</time><extensions><speed>3.014181</speed><course>86.240284</course><hAcc>1.345322</hAcc><vAcc>0.756736</vAcc></extensions></trkpt>
      <trkpt lon="35.014277" lat="31.895494"><ele>240.881934</ele><time>2026-05-30T18:07:13Z</time><extensions><speed>2.894475</speed><course>88.449884</course><hAcc>1.344172</hAcc><vAcc>0.756736</vAcc></extensions></trkpt>
      <trkpt lon="35.014308" lat="31.895495"><ele>240.921307</ele><time>2026-05-30T18:07:14Z</time><extensions><speed>3.039051</speed><course>84.875878</course><hAcc>1.342508</hAcc><vAcc>0.756736</vAcc></extensions></trkpt>
      <trkpt lon="35.014339" lat="31.895499"><ele>240.953646</ele><time>2026-05-30T18:07:15Z</time><extensions><speed>2.921043</speed><course>79.206919</course><hAcc>1.341982</hAcc><vAcc>0.756736</vAcc></extensions></trkpt>
      <trkpt lon="35.014368" lat="31.895504"><ele>241.003832</ele><time>2026-05-30T18:07:16Z</time><extensions><speed>2.690627</speed><course>76.739229</course><hAcc>1.337825</hAcc><vAcc>0.756736</vAcc></extensions></trkpt>
      <trkpt lon="35.014396" lat="31.895510"><ele>241.047150</ele><time>2026-05-30T18:07:17Z</time><extensions><speed>2.719932</speed><course>77.133777</course><hAcc>1.333022</hAcc><vAcc>0.756736</vAcc></extensions></trkpt>
      <trkpt lon="35.014424" lat="31.895516"><ele>241.112082</ele><time>2026-05-30T18:07:18Z</time><extensions><speed>2.692710</speed><course>73.419195</course><hAcc>1.326278</hAcc><vAcc>0.756736</vAcc></extensions></trkpt>
      <trkpt lon="35.014452" lat="31.895524"><ele>241.168122</ele><time>2026-05-30T18:07:19Z</time><extensions><speed>2.945484</speed><course>71.830373</course><hAcc>1.319667</hAcc><vAcc>0.756736</vAcc></extensions></trkpt>
      <trkpt lon="35.014482" lat="31.895532"><ele>241.230245</ele><time>2026-05-30T18:07:20Z</time><extensions><speed>2.932960</speed><course>73.097742</course><hAcc>1.306661</hAcc><vAcc>0.756736</vAcc></extensions></trkpt>
      <trkpt lon="35.014511" lat="31.895538"><ele>241.296694</ele><time>2026-05-30T18:07:21Z</time><extensions><speed>2.844328</speed><course>76.938260</course><hAcc>1.295916</hAcc><vAcc>0.756736</vAcc></extensions></trkpt>
      <trkpt lon="35.014540" lat="31.895543"><ele>241.371958</ele><time>2026-05-30T18:07:22Z</time><extensions><speed>2.767228</speed><course>81.293005</course><hAcc>1.287730</hAcc><vAcc>0.756736</vAcc></extensions></trkpt>
      <trkpt lon="35.014569" lat="31.895547"><ele>241.457261</ele><time>2026-05-30T18:07:23Z</time><extensions><speed>2.775573</speed><course>81.205395</course><hAcc>1.280195</hAcc><vAcc>0.756736</vAcc></extensions></trkpt>
      <trkpt lon="35.014599" lat="31.895551"><ele>241.545268</ele><time>2026-05-30T18:07:24Z</time><extensions><speed>2.885856</speed><course>79.303956</course><hAcc>1.273155</hAcc><vAcc>0.756736</vAcc></extensions></trkpt>
      <trkpt lon="35.014628" lat="31.895556"><ele>241.624835</ele><time>2026-05-30T18:07:25Z</time><extensions><speed>2.803270</speed><course>79.940055</course><hAcc>1.267985</hAcc><vAcc>0.756736</vAcc></extensions></trkpt>
      <trkpt lon="35.014657" lat="31.895560"><ele>241.698550</ele><time>2026-05-30T18:07:26Z</time><extensions><speed>2.743526</speed><course>80.762821</course><hAcc>1.262140</hAcc><vAcc>0.756736</vAcc></extensions></trkpt>
      <trkpt lon="35.014686" lat="31.895564"><ele>241.793374</ele><time>2026-05-30T18:07:27Z</time><extensions><speed>2.736480</speed><course>80.939883</course><hAcc>1.258089</hAcc><vAcc>0.756736</vAcc></extensions></trkpt>
      <trkpt lon="35.014714" lat="31.895568"><ele>241.896899</ele><time>2026-05-30T18:07:28Z</time><extensions><speed>2.693584</speed><course>78.571787</course><hAcc>1.252028</hAcc><vAcc>0.756736</vAcc></extensions></trkpt>
      <trkpt lon="35.014743" lat="31.895574"><ele>241.980058</ele><time>2026-05-30T18:07:29Z</time><extensions><speed>2.836318</speed><course>77.735281</course><hAcc>1.239950</hAcc><vAcc>0.756736</vAcc></extensions></trkpt>
      <trkpt lon="35.014772" lat="31.895579"><ele>242.081115</ele><time>2026-05-30T18:07:30Z</time><extensions><speed>2.789923</speed><course>75.744746</course><hAcc>1.231039</hAcc><vAcc>0.756736</vAcc></extensions></trkpt>
      <trkpt lon="35.014800" lat="31.895586"><ele>242.153504</ele><time>2026-05-30T18:07:31Z</time><extensions><speed>2.711273</speed><course>75.879506</course><hAcc>1.228940</hAcc><vAcc>0.756736</vAcc></extensions></trkpt>
      <trkpt lon="35.014828" lat="31.895591"><ele>242.231007</ele><time>2026-05-30T18:07:32Z</time><extensions><speed>2.754936</speed><course>78.765426</course><hAcc>1.224656</hAcc><vAcc>0.756736</vAcc></extensions></trkpt>
      <trkpt lon="35.014857" lat="31.895596"><ele>242.313021</ele><time>2026-05-30T18:07:33Z</time><extensions><speed>2.742187</speed><course>77.373692</course><hAcc>1.217818</hAcc><vAcc>0.756736</vAcc></extensions></trkpt>
      <trkpt lon="35.014885" lat="31.895602"><ele>242.388066</ele><time>2026-05-30T18:07:34Z</time><extensions><speed>2.837844</speed><course>73.906174</course><hAcc>1.211932</hAcc><vAcc>0.756736</vAcc></extensions></trkpt>
      <trkpt lon="35.014915" lat="31.895610"><ele>242.468070</ele><time>2026-05-30T18:07:35Z</time><extensions><speed>3.118901</speed><course>72.454719</course><hAcc>1.216378</hAcc><vAcc>0.756736</vAcc></extensions></trkpt>
      <trkpt lon="35.014947" lat="31.895619"><ele>242.539549</ele><time>2026-05-30T18:07:36Z</time><extensions><speed>3.165201</speed><course>72.372838</course><hAcc>1.210548</hAcc><vAcc>0.756736</vAcc></extensions></trkpt>
      <trkpt lon="35.014978" lat="31.895627"><ele>242.599630</ele><time>2026-05-30T18:07:37Z</time><extensions><speed>3.015628</speed><course>74.136922</course><hAcc>1.210288</hAcc><vAcc>0.756736</vAcc></extensions></trkpt>
      <trkpt lon="35.015007" lat="31.895634"><ele>242.643953</ele><time>2026-05-30T18:07:38Z</time><extensions><speed>2.754986</speed><course>71.334290</course><hAcc>1.213336</hAcc><vAcc>0.756736</vAcc></extensions></trkpt>
      <trkpt lon="35.015035" lat="31.895643"><ele>242.683546</ele><time>2026-05-30T18:07:39Z</time><extensions><speed>2.839162</speed><course>69.356908</course><hAcc>1.222075</hAcc><vAcc>0.756736</vAcc></extensions></trkpt>
      <trkpt lon="35.015063" lat="31.895652"><ele>242.693711</ele><time>2026-05-30T18:07:40Z</time><extensions><speed>2.802887</speed><course>69.092515</course><hAcc>1.224048</hAcc><vAcc>0.756736</vAcc></extensions></trkpt>
      <trkpt lon="35.015091" lat="31.895662"><ele>242.703604</ele><time>2026-05-30T18:07:41Z</time><extensions><speed>2.991666</speed><course>67.302656</course><hAcc>1.222861</hAcc><vAcc>0.756736</vAcc></extensions></trkpt>
      <trkpt lon="35.015121" lat="31.895673"><ele>242.705791</ele><time>2026-05-30T18:07:42Z</time><extensions><speed>3.173234</speed><course>64.900807</course><hAcc>1.222798</hAcc><vAcc>0.756736</vAcc></extensions></trkpt>
      <trkpt lon="35.015152" lat="31.895685"><ele>242.706691</ele><time>2026-05-30T18:07:43Z</time><extensions><speed>3.200027</speed><course>65.873768</course><hAcc>1.224904</hAcc><vAcc>0.756736</vAcc></extensions></trkpt>
      <trkpt lon="35.015182" lat="31.895696"><ele>242.689284</ele><time>2026-05-30T18:07:44Z</time><extensions><speed>3.095267</speed><course>66.774332</course><hAcc>1.227746</hAcc><vAcc>0.756736</vAcc></extensions></trkpt>
      <trkpt lon="35.015212" lat="31.895706"><ele>242.664911</ele><time>2026-05-30T18:07:45Z</time><extensions><speed>2.925327</speed><course>69.153254</course><hAcc>1.229821</hAcc><vAcc>0.756736</vAcc></extensions></trkpt>
      <trkpt lon="35.015239" lat="31.895715"><ele>242.628952</ele><time>2026-05-30T18:07:46Z</time><extensions><speed>2.667528</speed><course>70.284294</course><hAcc>1.229946</hAcc><vAcc>0.756736</vAcc></extensions></trkpt>
      <trkpt lon="35.015266" lat="31.895722"><ele>242.576304</ele><time>2026-05-30T18:07:47Z</time><extensions><speed>2.537850</speed><course>74.093880</course><hAcc>1.224034</hAcc><vAcc>0.756739</vAcc></extensions></trkpt>
      <trkpt lon="35.015292" lat="31.895728"><ele>242.524048</ele><time>2026-05-30T18:07:48Z</time><extensions><speed>2.566596</speed><course>75.786758</course><hAcc>1.215780</hAcc><vAcc>0.756743</vAcc></extensions></trkpt>
      <trkpt lon="35.015318" lat="31.895734"><ele>242.471646</ele><time>2026-05-30T18:07:49Z</time><extensions><speed>2.592573</speed><course>77.424134</course><hAcc>1.208862</hAcc><vAcc>0.756747</vAcc></extensions></trkpt>
      <trkpt lon="35.015345" lat="31.895738"><ele>242.426803</ele><time>2026-05-30T18:07:50Z</time><extensions><speed>2.633460</speed><course>79.337702</course><hAcc>1.210019</hAcc><vAcc>0.756752</vAcc></extensions></trkpt>
      <trkpt lon="35.015372" lat="31.895743"><ele>242.383281</ele><time>2026-05-30T18:07:51Z</time><extensions><speed>2.634163</speed><course>79.564601</course><hAcc>1.199036</hAcc><vAcc>0.756758</vAcc></extensions></trkpt>
      <trkpt lon="35.015400" lat="31.895748"><ele>242.347886</ele><time>2026-05-30T18:07:52Z</time><extensions><speed>2.646557</speed><course>76.586422</course><hAcc>1.205262</hAcc><vAcc>0.756765</vAcc></extensions></trkpt>
      <trkpt lon="35.015426" lat="31.895754"><ele>242.304118</ele><time>2026-05-30T18:07:53Z</time><extensions><speed>2.542414</speed><course>73.210390</course><hAcc>1.193008</hAcc><vAcc>0.756773</vAcc></extensions></trkpt>
      <trkpt lon="35.015451" lat="31.895762"><ele>242.287623</ele><time>2026-05-30T18:07:54Z</time><extensions><speed>2.451974</speed><course>63.688130</course><hAcc>1.189564</hAcc><vAcc>0.756784</vAcc></extensions></trkpt>
      <trkpt lon="35.015473" lat="31.895774"><ele>242.260552</ele><time>2026-05-30T18:07:55Z</time><extensions><speed>2.509442</speed><course>52.337391</course><hAcc>1.199567</hAcc><vAcc>0.756798</vAcc></extensions></trkpt>
      <trkpt lon="35.015493" lat="31.895788"><ele>242.255658</ele><time>2026-05-30T18:07:56Z</time><extensions><speed>2.537622</speed><course>48.224220</course><hAcc>1.193074</hAcc><vAcc>0.756816</vAcc></extensions></trkpt>
      <trkpt lon="35.015513" lat="31.895803"><ele>242.249239</ele><time>2026-05-30T18:07:58Z</time><extensions><speed>2.469208</speed><course>50.348475</course><hAcc>1.192699</hAcc><vAcc>0.756823</vAcc></extensions></trkpt>
      <trkpt lon="35.015534" lat="31.895816"><ele>242.243631</ele><time>2026-05-30T18:07:59Z</time><extensions><speed>2.482407</speed><course>54.633698</course><hAcc>1.192253</hAcc><vAcc>0.756805</vAcc></extensions></trkpt>
      <trkpt lon="35.015556" lat="31.895828"><ele>242.237950</ele><time>2026-05-30T18:08:00Z</time><extensions><speed>2.420007</speed><course>62.656195</course><hAcc>1.182128</hAcc><vAcc>0.756791</vAcc></extensions></trkpt>
      <trkpt lon="35.015580" lat="31.895836"><ele>242.267115</ele><time>2026-05-30T18:08:01Z</time><extensions><speed>2.520892</speed><course>74.615041</course><hAcc>1.175564</hAcc><vAcc>0.756781</vAcc></extensions></trkpt>
      <trkpt lon="35.015606" lat="31.895840"><ele>242.311734</ele><time>2026-05-30T18:08:02Z</time><extensions><speed>2.501248</speed><course>84.896450</course><hAcc>1.174542</hAcc><vAcc>0.756773</vAcc></extensions></trkpt>
      <trkpt lon="35.015633" lat="31.895840"><ele>242.356459</ele><time>2026-05-30T18:08:03Z</time><extensions><speed>2.539585</speed><course>97.308029</course><hAcc>1.178005</hAcc><vAcc>0.756767</vAcc></extensions></trkpt>
      <trkpt lon="35.015659" lat="31.895833"><ele>242.401485</ele><time>2026-05-30T18:08:04Z</time><extensions><speed>2.754391</speed><course>114.155496</course><hAcc>1.172461</hAcc><vAcc>0.756762</vAcc></extensions></trkpt>
      <trkpt lon="35.015685" lat="31.895820"><ele>242.459651</ele><time>2026-05-30T18:08:05Z</time><extensions><speed>3.048831</speed><course>126.482232</course><hAcc>1.178745</hAcc><vAcc>0.756758</vAcc></extensions></trkpt>
      <trkpt lon="35.015711" lat="31.895804"><ele>242.519552</ele><time>2026-05-30T18:08:06Z</time><extensions><speed>2.908365</speed><course>127.641850</course><hAcc>1.195820</hAcc><vAcc>0.756754</vAcc></extensions></trkpt>
      <trkpt lon="35.015734" lat="31.895788"><ele>242.582312</ele><time>2026-05-30T18:08:07Z</time><extensions><speed>2.719024</speed><course>127.972846</course><hAcc>1.208175</hAcc><vAcc>0.756751</vAcc></extensions></trkpt>
      <trkpt lon="35.015757" lat="31.895774"><ele>242.655403</ele><time>2026-05-30T18:08:08Z</time><extensions><speed>2.643732</speed><course>123.893920</course><hAcc>1.227877</hAcc><vAcc>0.756748</vAcc></extensions></trkpt>
      <trkpt lon="35.015780" lat="31.895762"><ele>242.726825</ele><time>2026-05-30T18:08:09Z</time><extensions><speed>2.483321</speed><course>118.251882</course><hAcc>1.230049</hAcc><vAcc>0.756746</vAcc></extensions></trkpt>
      <trkpt lon="35.015803" lat="31.895753"><ele>242.815913</ele><time>2026-05-30T18:08:10Z</time><extensions><speed>2.331209</speed><course>109.612345</course><hAcc>1.229079</hAcc><vAcc>0.756744</vAcc></extensions></trkpt>
      <trkpt lon="35.015828" lat="31.895748"><ele>242.909304</ele><time>2026-05-30T18:08:11Z</time><extensions><speed>2.373369</speed><course>97.339848</course><hAcc>1.231926</hAcc><vAcc>0.756742</vAcc></extensions></trkpt>
      <trkpt lon="35.015854" lat="31.895748"><ele>243.001452</ele><time>2026-05-30T18:08:12Z</time><extensions><speed>2.571158</speed><course>86.263519</course><hAcc>1.230368</hAcc><vAcc>0.756741</vAcc></extensions></trkpt>
      <trkpt lon="35.015881" lat="31.895751"><ele>243.093876</ele><time>2026-05-30T18:08:13Z</time><extensions><speed>2.646869</speed><course>76.984601</course><hAcc>1.230722</hAcc><vAcc>0.756739</vAcc></extensions></trkpt>
      <trkpt lon="35.015908" lat="31.895757"><ele>243.161530</ele><time>2026-05-30T18:08:14Z</time><extensions><speed>2.733474</speed><course>73.624274</course><hAcc>1.232329</hAcc><vAcc>0.756738</vAcc></extensions></trkpt>
      <trkpt lon="35.015937" lat="31.895764"><ele>243.237691</ele><time>2026-05-30T18:08:15Z</time><extensions><speed>2.960387</speed><course>75.013991</course><hAcc>1.239470</hAcc><vAcc>0.756737</vAcc></extensions></trkpt>
      <trkpt lon="35.015968" lat="31.895771"><ele>243.322636</ele><time>2026-05-30T18:08:16Z</time><extensions><speed>3.057540</speed><course>76.275248</course><hAcc>1.229494</hAcc><vAcc>0.756737</vAcc></extensions></trkpt>
      <trkpt lon="35.016000" lat="31.895777"><ele>243.406981</ele><time>2026-05-30T18:08:17Z</time><extensions><speed>3.090260</speed><course>76.807699</course><hAcc>1.231051</hAcc><vAcc>0.756736</vAcc></extensions></trkpt>
      <trkpt lon="35.016031" lat="31.895784"><ele>243.497221</ele><time>2026-05-30T18:08:18Z</time><extensions><speed>3.042947</speed><course>74.578807</course><hAcc>1.238736</hAcc><vAcc>0.756736</vAcc></extensions></trkpt>
      <trkpt lon="35.016062" lat="31.895791"><ele>243.587049</ele><time>2026-05-30T18:08:19Z</time><extensions><speed>2.929051</speed><course>75.312958</course><hAcc>1.242670</hAcc><vAcc>0.756736</vAcc></extensions></trkpt>
      <trkpt lon="35.016091" lat="31.895797"><ele>243.669677</ele><time>2026-05-30T18:08:20Z</time><extensions><speed>2.839826</speed><course>78.343017</course><hAcc>1.254017</hAcc><vAcc>0.756736</vAcc></extensions></trkpt>
      <trkpt lon="35.016121" lat="31.895801"><ele>243.743498</ele><time>2026-05-30T18:08:21Z</time><extensions><speed>2.839458</speed><course>82.080946</course><hAcc>1.254866</hAcc><vAcc>0.756735</vAcc></extensions></trkpt>
      <trkpt lon="35.016151" lat="31.895805"><ele>243.840560</ele><time>2026-05-30T18:08:22Z</time><extensions><speed>2.960506</speed><course>81.904745</course><hAcc>1.255981</hAcc><vAcc>0.756735</vAcc></extensions></trkpt>
      <trkpt lon="35.016182" lat="31.895809"><ele>243.943315</ele><time>2026-05-30T18:08:23Z</time><extensions><speed>2.831917</speed><course>81.852557</course><hAcc>1.252114</hAcc><vAcc>0.756735</vAcc></extensions></trkpt>
      <trkpt lon="35.016211" lat="31.895812"><ele>244.012939</ele><time>2026-05-30T18:08:24Z</time><extensions><speed>2.702935</speed><course>84.104283</course><hAcc>1.248501</hAcc><vAcc>0.756735</vAcc></extensions></trkpt>
      <trkpt lon="35.016239" lat="31.895814"><ele>244.087102</ele><time>2026-05-30T18:08:25Z</time><extensions><speed>2.649246</speed><course>86.181789</course><hAcc>1.246075</hAcc><vAcc>0.756735</vAcc></extensions></trkpt>
      <trkpt lon="35.016267" lat="31.895815"><ele>244.151866</ele><time>2026-05-30T18:08:26Z</time><extensions><speed>2.708576</speed><course>88.335372</course><hAcc>1.239941</hAcc><vAcc>0.756735</vAcc></extensions></trkpt>
      <trkpt lon="35.016296" lat="31.895816"><ele>244.212678</ele><time>2026-05-30T18:08:27Z</time><extensions><speed>2.751231</speed><course>87.257652</course><hAcc>1.239181</hAcc><vAcc>0.756735</vAcc></extensions></trkpt>
      <trkpt lon="35.016325" lat="31.895817"><ele>244.277359</ele><time>2026-05-30T18:08:28Z</time><extensions><speed>2.788629</speed><course>87.440459</course><hAcc>1.233401</hAcc><vAcc>0.756735</vAcc></extensions></trkpt>
      <trkpt lon="35.016355" lat="31.895819"><ele>244.330192</ele><time>2026-05-30T18:08:29Z</time><extensions><speed>2.862926</speed><course>84.838721</course><hAcc>1.229897</hAcc><vAcc>0.756735</vAcc></extensions></trkpt>
      <trkpt lon="35.016385" lat="31.895822"><ele>244.375376</ele><time>2026-05-30T18:08:30Z</time><extensions><speed>2.837956</speed><course>82.674846</course><hAcc>1.230819</hAcc><vAcc>0.756735</vAcc></extensions></trkpt>
      <trkpt lon="35.016415" lat="31.895825"><ele>244.410664</ele><time>2026-05-30T18:08:31Z</time><extensions><speed>2.858652</speed><course>82.192597</course><hAcc>1.238666</hAcc><vAcc>0.756735</vAcc></extensions></trkpt>
      <trkpt lon="35.016446" lat="31.895828"><ele>244.443199</ele><time>2026-05-30T18:08:32Z</time><extensions><speed>2.974270</speed><course>86.160147</course><hAcc>1.235626</hAcc><vAcc>0.756735</vAcc></extensions></trkpt>
      <trkpt lon="35.016478" lat="31.895829"><ele>244.480279</ele><time>2026-05-30T18:08:33Z</time><extensions><speed>3.053356</speed><course>88.543097</course><hAcc>1.231856</hAcc><vAcc>0.756736</vAcc></extensions></trkpt>
      <trkpt lon="35.016510" lat="31.895829"><ele>244.515100</ele><time>2026-05-30T18:08:34Z</time><extensions><speed>3.061780</speed><course>89.068496</course><hAcc>1.230164</hAcc><vAcc>0.756736</vAcc></extensions></trkpt>
      <trkpt lon="35.016542" lat="31.895831"><ele>244.529936</ele><time>2026-05-30T18:08:35Z</time><extensions><speed>2.924603</speed><course>86.222518</course><hAcc>1.226510</hAcc><vAcc>0.756736</vAcc></extensions></trkpt>
      <trkpt lon="35.016572" lat="31.895832"><ele>244.540572</ele><time>2026-05-30T18:08:36Z</time><extensions><speed>2.827379</speed><course>85.242998</course><hAcc>1.221725</hAcc><vAcc>0.756736</vAcc></extensions></trkpt>
      <trkpt lon="35.016602" lat="31.895834"><ele>244.543805</ele><time>2026-05-30T18:08:36Z</time><extensions><speed>2.841528</speed><course>87.114773</course><hAcc>1.215441</hAcc><vAcc>0.756736</vAcc></extensions></trkpt>
      <trkpt lon="35.016632" lat="31.895834"><ele>244.539195</ele><time>2026-05-30T18:08:37Z</time><extensions><speed>2.933449</speed><course>91.467997</course><hAcc>1.212211</hAcc><vAcc>0.756736</vAcc></extensions></trkpt>
      <trkpt lon="35.016664" lat="31.895833"><ele>244.521755</ele><time>2026-05-30T18:08:38Z</time><extensions><speed>3.049151</speed><course>94.828412</course><hAcc>1.215530</hAcc><vAcc>0.756736</vAcc></extensions></trkpt>
      <trkpt lon="35.016695" lat="31.895831"><ele>244.505687</ele><time>2026-05-30T18:08:39Z</time><extensions><speed>2.900374</speed><course>95.238406</course><hAcc>1.218188</hAcc><vAcc>0.756736</vAcc></extensions></trkpt>
      <trkpt lon="35.016725" lat="31.895829"><ele>244.496123</ele><time>2026-05-30T18:08:40Z</time><extensions><speed>2.747078</speed><course>94.161457</course><hAcc>1.225294</hAcc><vAcc>0.756736</vAcc></extensions></trkpt>
      <trkpt lon="35.016754" lat="31.895827"><ele>244.478491</ele><time>2026-05-30T18:08:41Z</time><extensions><speed>2.809639</speed><course>91.956432</course><hAcc>1.231037</hAcc><vAcc>0.756736</vAcc></extensions></trkpt>
      <trkpt lon="35.016785" lat="31.895827"><ele>244.460189</ele><time>2026-05-30T18:08:42Z</time><extensions><speed>2.888337</speed><course>88.121665</course><hAcc>1.234462</hAcc><vAcc>0.756736</vAcc></extensions></trkpt>
      <trkpt lon="35.016815" lat="31.895829"><ele>244.456363</ele><time>2026-05-30T18:08:43Z</time><extensions><speed>2.868586</speed><course>83.582828</course><hAcc>1.234255</hAcc><vAcc>0.756736</vAcc></extensions></trkpt>
      <trkpt lon="35.016845" lat="31.895833"><ele>244.455328</ele><time>2026-05-30T18:08:44Z</time><extensions><speed>2.875785</speed><course>78.257482</course><hAcc>1.238513</hAcc><vAcc>0.756736</vAcc></extensions></trkpt>
      <trkpt lon="35.016874" lat="31.895839"><ele>244.456465</ele><time>2026-05-30T18:08:45Z</time><extensions><speed>2.886091</speed><course>74.687155</course><hAcc>1.242453</hAcc><vAcc>0.756736</vAcc></extensions></trkpt>
      <trkpt lon="35.016904" lat="31.895846"><ele>244.463636</ele><time>2026-05-30T18:08:46Z</time><extensions><speed>2.901306</speed><course>76.561789</course><hAcc>1.236665</hAcc><vAcc>0.756736</vAcc></extensions></trkpt>
      <trkpt lon="35.016934" lat="31.895851"><ele>244.475266</ele><time>2026-05-30T18:08:47Z</time><extensions><speed>2.912814</speed><course>80.832545</course><hAcc>1.233220</hAcc><vAcc>0.756736</vAcc></extensions></trkpt>
      <trkpt lon="35.016965" lat="31.895854"><ele>244.506437</ele><time>2026-05-30T18:08:48Z</time><extensions><speed>2.879490</speed><course>85.862629</course><hAcc>1.240914</hAcc><vAcc>0.756736</vAcc></extensions></trkpt>
      <trkpt lon="35.016994" lat="31.895855"><ele>244.525059</ele><time>2026-05-30T18:08:49Z</time><extensions><speed>2.701644</speed><course>91.381397</course><hAcc>1.243710</hAcc><vAcc>0.756736</vAcc></extensions></trkpt>
      <trkpt lon="35.017022" lat="31.895854"><ele>244.534443</ele><time>2026-05-30T18:08:50Z</time><extensions><speed>2.667276</speed><course>93.160095</course><hAcc>1.232783</hAcc><vAcc>0.756736</vAcc></extensions></trkpt>
      <trkpt lon="35.017051" lat="31.895853"><ele>244.550571</ele><time>2026-05-30T18:08:51Z</time><extensions><speed>2.643997</speed><course>89.558455</course><hAcc>1.233228</hAcc><vAcc>0.756736</vAcc></extensions></trkpt>
      <trkpt lon="35.017078" lat="31.895855"><ele>244.583479</ele><time>2026-05-30T18:08:52Z</time><extensions><speed>2.504156</speed><course>82.664827</course><hAcc>1.233405</hAcc><vAcc>0.756736</vAcc></extensions></trkpt>
      <trkpt lon="35.017104" lat="31.895858"><ele>244.607585</ele><time>2026-05-30T18:08:53Z</time><extensions><speed>2.571155</speed><course>78.803412</course><hAcc>1.233574</hAcc><vAcc>0.756736</vAcc></extensions></trkpt>
      <trkpt lon="35.017132" lat="31.895864"><ele>244.632681</ele><time>2026-05-30T18:08:54Z</time><extensions><speed>2.841322</speed><course>75.474680</course><hAcc>1.236760</hAcc><vAcc>0.756736</vAcc></extensions></trkpt>
      <trkpt lon="35.017162" lat="31.895869"><ele>244.633366</ele><time>2026-05-30T18:08:55Z</time><extensions><speed>2.939068</speed><course>79.332018</course><hAcc>1.239024</hAcc><vAcc>0.756736</vAcc></extensions></trkpt>
      <trkpt lon="35.017192" lat="31.895873"><ele>244.650133</ele><time>2026-05-30T18:08:56Z</time><extensions><speed>2.898386</speed><course>83.239190</course><hAcc>1.241767</hAcc><vAcc>0.756736</vAcc></extensions></trkpt>
      <trkpt lon="35.017222" lat="31.895875"><ele>244.647871</ele><time>2026-05-30T18:08:57Z</time><extensions><speed>2.750106</speed><course>87.796911</course><hAcc>1.243949</hAcc><vAcc>0.756736</vAcc></extensions></trkpt>
      <trkpt lon="35.017252" lat="31.895875"><ele>244.634185</ele><time>2026-05-30T18:08:58Z</time><extensions><speed>2.811494</speed><course>92.909946</course><hAcc>1.244820</hAcc><vAcc>0.756736</vAcc></extensions></trkpt>
      <trkpt lon="35.017282" lat="31.895873"><ele>244.623271</ele><time>2026-05-30T18:08:59Z</time><extensions><speed>3.056828</speed><course>96.076142</course><hAcc>1.240452</hAcc><vAcc>0.756736</vAcc></extensions></trkpt>
      <trkpt lon="35.017315" lat="31.895871"><ele>244.614006</ele><time>2026-05-30T18:09:00Z</time><extensions><speed>3.055859</speed><course>93.866386</course><hAcc>1.238888</hAcc><vAcc>0.756736</vAcc></extensions></trkpt>
      <trkpt lon="35.017347" lat="31.895869"><ele>244.598596</ele><time>2026-05-30T18:09:01Z</time><extensions><speed>3.044900</speed><course>94.502525</course><hAcc>1.238524</hAcc><vAcc>0.756736</vAcc></extensions></trkpt>
      <trkpt lon="35.017379" lat="31.895866"><ele>244.591702</ele><time>2026-05-30T18:09:02Z</time><extensions><speed>2.992606</speed><course>95.064667</course><hAcc>1.235637</hAcc><vAcc>0.756736</vAcc></extensions></trkpt>
      <trkpt lon="35.017410" lat="31.895864"><ele>244.573875</ele><time>2026-05-30T18:09:03Z</time><extensions><speed>3.012197</speed><course>94.700608</course><hAcc>1.238341</hAcc><vAcc>0.756736</vAcc></extensions></trkpt>
      <trkpt lon="35.017442" lat="31.895862"><ele>244.549450</ele><time>2026-05-30T18:09:04Z</time><extensions><speed>2.989420</speed><course>96.334857</course><hAcc>1.240946</hAcc><vAcc>0.756736</vAcc></extensions></trkpt>
      <trkpt lon="35.017473" lat="31.895858"><ele>244.533315</ele><time>2026-05-30T18:09:05Z</time><extensions><speed>2.952312</speed><course>97.704326</course><hAcc>1.243217</hAcc><vAcc>0.756736</vAcc></extensions></trkpt>
      <trkpt lon="35.017504" lat="31.895855"><ele>244.515781</ele><time>2026-05-30T18:09:06Z</time><extensions><speed>2.887663</speed><course>97.372436</course><hAcc>1.248030</hAcc><vAcc>0.756736</vAcc></extensions></trkpt>
      <trkpt lon="35.017534" lat="31.895851"><ele>244.504482</ele><time>2026-05-30T18:09:07Z</time><extensions><speed>2.875202</speed><course>98.708658</course><hAcc>1.248369</hAcc><vAcc>0.756736</vAcc></extensions></trkpt>
      <trkpt lon="35.017564" lat="31.895848"><ele>244.487016</ele><time>2026-05-30T18:09:08Z</time><extensions><speed>2.828920</speed><course>96.026408</course><hAcc>1.250190</hAcc><vAcc>0.756736</vAcc></extensions></trkpt>
      <trkpt lon="35.017594" lat="31.895845"><ele>244.454305</ele><time>2026-05-30T18:09:09Z</time><extensions><speed>2.857003</speed><course>94.703356</course><hAcc>1.253758</hAcc><vAcc>0.756736</vAcc></extensions></trkpt>
      <trkpt lon="35.017624" lat="31.895844"><ele>244.418809</ele><time>2026-05-30T18:09:10Z</time><extensions><speed>2.936225</speed><course>92.389592</course><hAcc>1.256972</hAcc><vAcc>0.756736</vAcc></extensions></trkpt>
      <trkpt lon="35.017655" lat="31.895843"><ele>244.372140</ele><time>2026-05-30T18:09:11Z</time><extensions><speed>2.930889</speed><course>91.058974</course><hAcc>1.257144</hAcc><vAcc>0.756736</vAcc></extensions></trkpt>
      <trkpt lon="35.017686" lat="31.895842"><ele>244.336391</ele><time>2026-05-30T18:09:12Z</time><extensions><speed>2.903836</speed><course>94.140423</course><hAcc>1.256593</hAcc><vAcc>0.756736</vAcc></extensions></trkpt>
      <trkpt lon="35.017717" lat="31.895839"><ele>244.283738</ele><time>2026-05-30T18:09:13Z</time><extensions><speed>2.955129</speed><course>96.751950</course><hAcc>1.256651</hAcc><vAcc>0.756736</vAcc></extensions></trkpt>
      <trkpt lon="35.017748" lat="31.895836"><ele>244.218574</ele><time>2026-05-30T18:09:14Z</time><extensions><speed>2.989508</speed><course>96.444969</course><hAcc>1.256673</hAcc><vAcc>0.756736</vAcc></extensions></trkpt>
      <trkpt lon="35.017780" lat="31.895834"><ele>244.138255</ele><time>2026-05-30T18:09:15Z</time><extensions><speed>3.000861</speed><course>94.430445</course><hAcc>1.261793</hAcc><vAcc>0.756736</vAcc></extensions></trkpt>
      <trkpt lon="35.017812" lat="31.895832"><ele>244.039601</ele><time>2026-05-30T18:09:16Z</time><extensions><speed>3.051509</speed><course>93.268000</course><hAcc>1.267190</hAcc><vAcc>0.756736</vAcc></extensions></trkpt>
      <trkpt lon="35.017844" lat="31.895830"><ele>243.943053</ele><time>2026-05-30T18:09:17Z</time><extensions><speed>3.035103</speed><course>93.555020</course><hAcc>1.273182</hAcc><vAcc>0.756736</vAcc></extensions></trkpt>
      <trkpt lon="35.017876" lat="31.895829"><ele>243.836277</ele><time>2026-05-30T18:09:18Z</time><extensions><speed>3.093770</speed><course>92.291841</course><hAcc>1.274897</hAcc><vAcc>0.756736</vAcc></extensions></trkpt>
      <trkpt lon="35.017909" lat="31.895828"><ele>243.712438</ele><time>2026-05-30T18:09:19Z</time><extensions><speed>3.107153</speed><course>90.756454</course><hAcc>1.274228</hAcc><vAcc>0.756736</vAcc></extensions></trkpt>
      <trkpt lon="35.017941" lat="31.895828"><ele>243.620145</ele><time>2026-05-30T18:09:20Z</time><extensions><speed>2.999052</speed><course>90.736772</course><hAcc>1.278022</hAcc><vAcc>0.756736</vAcc></extensions></trkpt>
      <trkpt lon="35.017973" lat="31.895827"><ele>243.536187</ele><time>2026-05-30T18:09:21Z</time><extensions><speed>2.943383</speed><course>92.623186</course><hAcc>1.278263</hAcc><vAcc>0.756736</vAcc></extensions></trkpt>
      <trkpt lon="35.018004" lat="31.895826"><ele>243.448329</ele><time>2026-05-30T18:09:22Z</time><extensions><speed>2.932390</speed><course>92.820917</course><hAcc>1.273428</hAcc><vAcc>0.756736</vAcc></extensions></trkpt>
      <trkpt lon="35.018034" lat="31.895825"><ele>243.348079</ele><time>2026-05-30T18:09:23Z</time><extensions><speed>2.838940</speed><course>90.820881</course><hAcc>1.268745</hAcc><vAcc>0.756736</vAcc></extensions></trkpt>
      <trkpt lon="35.018064" lat="31.895826"><ele>243.260677</ele><time>2026-05-30T18:09:24Z</time><extensions><speed>2.732431</speed><course>85.203556</course><hAcc>1.263506</hAcc><vAcc>0.756736</vAcc></extensions></trkpt>
      <trkpt lon="35.018092" lat="31.895828"><ele>243.170522</ele><time>2026-05-30T18:09:25Z</time><extensions><speed>2.671053</speed><course>82.951254</course><hAcc>1.260165</hAcc><vAcc>0.756736</vAcc></extensions></trkpt>
      <trkpt lon="35.018120" lat="31.895832"><ele>243.090352</ele><time>2026-05-30T18:09:26Z</time><extensions><speed>2.549410</speed><course>79.447795</course><hAcc>1.259498</hAcc><vAcc>0.756736</vAcc></extensions></trkpt>
      <trkpt lon="35.018148" lat="31.895836"><ele>243.027359</ele><time>2026-05-30T18:09:27Z</time><extensions><speed>2.913345</speed><course>81.022953</course><hAcc>1.250201</hAcc><vAcc>0.756736</vAcc></extensions></trkpt>
      <trkpt lon="35.018179" lat="31.895839"><ele>242.973589</ele><time>2026-05-30T18:09:28Z</time><extensions><speed>2.965878</speed><course>85.586968</course><hAcc>1.238912</hAcc><vAcc>0.756736</vAcc></extensions></trkpt>
      <trkpt lon="35.018210" lat="31.895839"><ele>242.929849</ele><time>2026-05-30T18:09:29Z</time><extensions><speed>2.986734</speed><course>94.961842</course><hAcc>1.225608</hAcc><vAcc>0.756736</vAcc></extensions></trkpt>
      <trkpt lon="35.018241" lat="31.895834"><ele>242.905021</ele><time>2026-05-30T18:09:30Z</time><extensions><speed>2.970655</speed><course>108.073943</course><hAcc>1.214132</hAcc><vAcc>0.756736</vAcc></extensions></trkpt>
      <trkpt lon="35.018267" lat="31.895822"><ele>242.880509</ele><time>2026-05-30T18:09:31Z</time><extensions><speed>2.586012</speed><course>126.649745</course><hAcc>1.219423</hAcc><vAcc>0.756736</vAcc></extensions></trkpt>
      <trkpt lon="35.018287" lat="31.895809"><ele>242.851329</ele><time>2026-05-30T18:09:32Z</time><extensions><speed>2.270572</speed><course>132.202109</course><hAcc>1.228358</hAcc><vAcc>0.756736</vAcc></extensions></trkpt>
      <trkpt lon="35.018305" lat="31.895795"><ele>242.841308</ele><time>2026-05-30T18:09:33Z</time><extensions><speed>2.294693</speed><course>129.169846</course><hAcc>1.210188</hAcc><vAcc>0.756736</vAcc></extensions></trkpt>
      <trkpt lon="35.018327" lat="31.895785"><ele>242.836373</ele><time>2026-05-30T18:09:34Z</time><extensions><speed>2.443437</speed><course>110.409479</course><hAcc>1.203238</hAcc><vAcc>0.756736</vAcc></extensions></trkpt>
      <trkpt lon="35.018354" lat="31.895779"><ele>242.825939</ele><time>2026-05-30T18:09:35Z</time><extensions><speed>2.812826</speed><course>98.479775</course><hAcc>1.215487</hAcc><vAcc>0.756736</vAcc></extensions></trkpt>
      <trkpt lon="35.018385" lat="31.895777"><ele>242.816570</ele><time>2026-05-30T18:09:36Z</time><extensions><speed>3.111428</speed><course>91.778418</course><hAcc>1.217325</hAcc><vAcc>0.756736</vAcc></extensions></trkpt>
      <trkpt lon="35.018419" lat="31.895777"><ele>242.807020</ele><time>2026-05-30T18:09:37Z</time><extensions><speed>3.280378</speed><course>88.438261</course><hAcc>1.215491</hAcc><vAcc>0.756736</vAcc></extensions></trkpt>
      <trkpt lon="35.018454" lat="31.895778"><ele>242.805925</ele><time>2026-05-30T18:09:38Z</time><extensions><speed>3.347528</speed><course>86.424902</course><hAcc>1.216806</hAcc><vAcc>0.756736</vAcc></extensions></trkpt>
      <trkpt lon="35.018487" lat="31.895780"><ele>242.802142</ele><time>2026-05-30T18:09:39Z</time><extensions><speed>3.034389</speed><course>84.663616</course><hAcc>1.224072</hAcc><vAcc>0.756736</vAcc></extensions></trkpt>
      <trkpt lon="35.018519" lat="31.895783"><ele>242.811570</ele><time>2026-05-30T18:09:40Z</time><extensions><speed>2.935104</speed><course>85.087470</course><hAcc>1.237332</hAcc><vAcc>0.756736</vAcc></extensions></trkpt>
      <trkpt lon="35.018548" lat="31.895785"><ele>242.807333</ele><time>2026-05-30T18:09:41Z</time><extensions><speed>2.724817</speed><course>83.233882</course><hAcc>1.236427</hAcc><vAcc>0.756736</vAcc></extensions></trkpt>
      <trkpt lon="35.018577" lat="31.895788"><ele>242.806052</ele><time>2026-05-30T18:09:42Z</time><extensions><speed>2.639561</speed><course>86.181000</course><hAcc>1.236510</hAcc><vAcc>0.756736</vAcc></extensions></trkpt>
      <trkpt lon="35.018605" lat="31.895788"><ele>242.814380</ele><time>2026-05-30T18:09:43Z</time><extensions><speed>2.729667</speed><course>91.985503</course><hAcc>1.240694</hAcc><vAcc>0.756736</vAcc></extensions></trkpt>
      <trkpt lon="35.018635" lat="31.895786"><ele>242.814610</ele><time>2026-05-30T18:09:44Z</time><extensions><speed>2.934199</speed><course>96.563658</course><hAcc>1.242853</hAcc><vAcc>0.756736</vAcc></extensions></trkpt>
      <trkpt lon="35.018666" lat="31.895783"><ele>242.831663</ele><time>2026-05-30T18:09:45Z</time><extensions><speed>3.033028</speed><course>97.067818</course><hAcc>1.246828</hAcc><vAcc>0.756736</vAcc></extensions></trkpt>
      <trkpt lon="35.018698" lat="31.895780"><ele>242.866560</ele><time>2026-05-30T18:09:46Z</time><extensions><speed>2.978905</speed><course>96.438430</course><hAcc>1.252687</hAcc><vAcc>0.756736</vAcc></extensions></trkpt>
      <trkpt lon="35.018729" lat="31.895777"><ele>242.924832</ele><time>2026-05-30T18:09:47Z</time><extensions><speed>2.858763</speed><course>93.447175</course><hAcc>1.262866</hAcc><vAcc>0.756736</vAcc></extensions></trkpt>
      <trkpt lon="35.018759" lat="31.895776"><ele>242.959838</ele><time>2026-05-30T18:09:48Z</time><extensions><speed>2.887915</speed><course>94.300990</course><hAcc>1.255856</hAcc><vAcc>0.756736</vAcc></extensions></trkpt>
      <trkpt lon="35.018789" lat="31.895773"><ele>243.020191</ele><time>2026-05-30T18:09:49Z</time><extensions><speed>2.902188</speed><course>94.728177</course><hAcc>1.253978</hAcc><vAcc>0.756736</vAcc></extensions></trkpt>
      <trkpt lon="35.018820" lat="31.895772"><ele>243.080378</ele><time>2026-05-30T18:09:50Z</time><extensions><speed>2.966803</speed><course>92.781810</course><hAcc>1.259216</hAcc><vAcc>0.756736</vAcc></extensions></trkpt>
      <trkpt lon="35.018853" lat="31.895770"><ele>243.170374</ele><time>2026-05-30T18:09:51Z</time><extensions><speed>3.214240</speed><course>93.230640</course><hAcc>1.254540</hAcc><vAcc>0.756736</vAcc></extensions></trkpt>
      <trkpt lon="35.018887" lat="31.895769"><ele>243.265943</ele><time>2026-05-30T18:09:52Z</time><extensions><speed>3.181764</speed><course>91.105813</course><hAcc>1.257124</hAcc><vAcc>0.756736</vAcc></extensions></trkpt>
      <trkpt lon="35.018920" lat="31.895769"><ele>243.386145</ele><time>2026-05-30T18:09:53Z</time><extensions><speed>3.137645</speed><course>89.493851</course><hAcc>1.257823</hAcc><vAcc>0.756739</vAcc></extensions></trkpt>
      <trkpt lon="35.018952" lat="31.895769"><ele>243.514122</ele><time>2026-05-30T18:09:54Z</time><extensions><speed>2.891168</speed><course>88.602960</course><hAcc>1.259908</hAcc><vAcc>0.756743</vAcc></extensions></trkpt>
      <trkpt lon="35.018982" lat="31.895770"><ele>243.628936</ele><time>2026-05-30T18:09:55Z</time><extensions><speed>2.833545</speed><course>87.454183</course><hAcc>1.259682</hAcc><vAcc>0.756747</vAcc></extensions></trkpt>
      <trkpt lon="35.019013" lat="31.895772"><ele>243.767419</ele><time>2026-05-30T18:09:56Z</time><extensions><speed>3.036663</speed><course>86.720512</course><hAcc>1.261524</hAcc><vAcc>0.756752</vAcc></extensions></trkpt>
      <trkpt lon="35.019045" lat="31.895774"><ele>243.910426</ele><time>2026-05-30T18:09:57Z</time><extensions><speed>2.949625</speed><course>84.198765</course><hAcc>1.265004</hAcc><vAcc>0.756758</vAcc></extensions></trkpt>
      <trkpt lon="35.019076" lat="31.895776"><ele>244.038913</ele><time>2026-05-30T18:09:58Z</time><extensions><speed>3.001005</speed><course>85.181649</course><hAcc>1.261258</hAcc><vAcc>0.756766</vAcc></extensions></trkpt>
      <trkpt lon="35.019108" lat="31.895778"><ele>244.171453</ele><time>2026-05-30T18:09:59Z</time><extensions><speed>3.018743</speed><course>88.779649</course><hAcc>1.263120</hAcc><vAcc>0.756774</vAcc></extensions></trkpt>
      <trkpt lon="35.019139" lat="31.895778"><ele>244.309485</ele><time>2026-05-30T18:10:00Z</time><extensions><speed>2.816465</speed><course>90.510950</course><hAcc>1.261167</hAcc><vAcc>0.756785</vAcc></extensions></trkpt>
      <trkpt lon="35.019169" lat="31.895778"><ele>244.468095</ele><time>2026-05-30T18:10:01Z</time><extensions><speed>2.874301</speed><course>88.589344</course><hAcc>1.259614</hAcc><vAcc>0.756799</vAcc></extensions></trkpt>
      <trkpt lon="35.019200" lat="31.895779"><ele>244.614474</ele><time>2026-05-30T18:10:02Z</time><extensions><speed>2.938160</speed><course>87.027207</course><hAcc>1.252800</hAcc><vAcc>0.756817</vAcc></extensions></trkpt>
      <trkpt lon="35.019232" lat="31.895781"><ele>244.742710</ele><time>2026-05-30T18:10:04Z</time><extensions><speed>3.251098</speed><course>85.809160</course><hAcc>1.246506</hAcc><vAcc>0.756825</vAcc></extensions></trkpt>
      <trkpt lon="35.019267" lat="31.895783"><ele>244.851477</ele><time>2026-05-30T18:10:05Z</time><extensions><speed>3.303708</speed><course>86.803421</course><hAcc>1.238052</hAcc><vAcc>0.756807</vAcc></extensions></trkpt>
      <trkpt lon="35.019300" lat="31.895783"><ele>244.929751</ele><time>2026-05-30T18:10:06Z</time><extensions><speed>3.075332</speed><course>93.465763</course><hAcc>1.232266</hAcc><vAcc>0.756793</vAcc></extensions></trkpt>
      <trkpt lon="35.019331" lat="31.895780"><ele>244.984629</ele><time>2026-05-30T18:10:07Z</time><extensions><speed>2.828141</speed><course>100.837935</course><hAcc>1.225440</hAcc><vAcc>0.756783</vAcc></extensions></trkpt>
      <trkpt lon="35.019360" lat="31.895774"><ele>245.028932</ele><time>2026-05-30T18:10:08Z</time><extensions><speed>2.640022</speed><course>104.462504</course><hAcc>1.221306</hAcc><vAcc>0.756774</vAcc></extensions></trkpt>
      <trkpt lon="35.019387" lat="31.895769"><ele>245.076369</ele><time>2026-05-30T18:10:09Z</time><extensions><speed>2.725130</speed><course>102.570297</course><hAcc>1.216853</hAcc><vAcc>0.756768</vAcc></extensions></trkpt>
      <trkpt lon="35.019416" lat="31.895764"><ele>245.100748</ele><time>2026-05-30T18:10:10Z</time><extensions><speed>2.711078</speed><course>96.373297</course><hAcc>1.214107</hAcc><vAcc>0.756763</vAcc></extensions></trkpt>
      <trkpt lon="35.019444" lat="31.895763"><ele>245.138575</ele><time>2026-05-30T18:10:11Z</time><extensions><speed>2.600304</speed><course>92.803061</course><hAcc>1.209320</hAcc><vAcc>0.756759</vAcc></extensions></trkpt>
      <trkpt lon="35.019471" lat="31.895762"><ele>245.150494</ele><time>2026-05-30T18:10:12Z</time><extensions><speed>2.602061</speed><course>90.892702</course><hAcc>1.208105</hAcc><vAcc>0.756755</vAcc></extensions></trkpt>
      <trkpt lon="35.019498" lat="31.895762"><ele>245.159502</ele><time>2026-05-30T18:10:13Z</time><extensions><speed>2.508621</speed><course>87.182814</course><hAcc>1.203614</hAcc><vAcc>0.756752</vAcc></extensions></trkpt>
      <trkpt lon="35.019524" lat="31.895764"><ele>245.172554</ele><time>2026-05-30T18:10:14Z</time><extensions><speed>2.518584</speed><course>83.810037</course><hAcc>1.201673</hAcc><vAcc>0.756749</vAcc></extensions></trkpt>
      <trkpt lon="35.019552" lat="31.895766"><ele>245.185058</ele><time>2026-05-30T18:10:15Z</time><extensions><speed>2.758630</speed><course>84.979827</course><hAcc>1.204019</hAcc><vAcc>0.756747</vAcc></extensions></trkpt>
      <trkpt lon="35.019582" lat="31.895767"><ele>245.203372</ele><time>2026-05-30T18:10:16Z</time><extensions><speed>2.943123</speed><course>89.900919</course><hAcc>1.210280</hAcc><vAcc>0.756745</vAcc></extensions></trkpt>
      <trkpt lon="35.019614" lat="31.895766"><ele>245.232184</ele><time>2026-05-30T18:10:17Z</time><extensions><speed>3.088818</speed><course>93.930007</course><hAcc>1.225713</hAcc><vAcc>0.756743</vAcc></extensions></trkpt>
      <trkpt lon="35.019647" lat="31.895763"><ele>245.263957</ele><time>2026-05-30T18:10:18Z</time><extensions><speed>3.226178</speed><course>98.857999</course><hAcc>1.236546</hAcc><vAcc>0.756741</vAcc></extensions></trkpt>
      <trkpt lon="35.019681" lat="31.895758"><ele>245.298219</ele><time>2026-05-30T18:10:19Z</time><extensions><speed>3.227341</speed><course>100.427650</course><hAcc>1.264109</hAcc><vAcc>0.756740</vAcc></extensions></trkpt>
      <trkpt lon="35.019715" lat="31.895753"><ele>245.346327</ele><time>2026-05-30T18:10:20Z</time><extensions><speed>3.288150</speed><course>101.352491</course><hAcc>1.295642</hAcc><vAcc>0.756739</vAcc></extensions></trkpt>
      <trkpt lon="35.019748" lat="31.895747"><ele>245.402439</ele><time>2026-05-30T18:10:21Z</time><extensions><speed>3.116777</speed><course>100.860452</course><hAcc>1.333586</hAcc><vAcc>0.756738</vAcc></extensions></trkpt>
      <trkpt lon="35.019779" lat="31.895742"><ele>245.470946</ele><time>2026-05-30T18:10:22Z</time><extensions><speed>2.940944</speed><course>100.104971</course><hAcc>1.377280</hAcc><vAcc>0.756737</vAcc></extensions></trkpt>
      <trkpt lon="35.019809" lat="31.895738"><ele>245.547163</ele><time>2026-05-30T18:10:23Z</time><extensions><speed>2.767165</speed><course>98.635023</course><hAcc>1.412047</hAcc><vAcc>0.756737</vAcc></extensions></trkpt>
      <trkpt lon="35.019838" lat="31.895735"><ele>245.620613</ele><time>2026-05-30T18:10:24Z</time><extensions><speed>2.693842</speed><course>96.667633</course><hAcc>1.423115</hAcc><vAcc>0.756736</vAcc></extensions></trkpt>
      <trkpt lon="35.019866" lat="31.895732"><ele>245.705459</ele><time>2026-05-30T18:10:25Z</time><extensions><speed>2.687082</speed><course>96.892416</course><hAcc>1.428836</hAcc><vAcc>0.756736</vAcc></extensions></trkpt>
      <trkpt lon="35.019894" lat="31.895729"><ele>245.802284</ele><time>2026-05-30T18:10:26Z</time><extensions><speed>2.506623</speed><course>97.462423</course><hAcc>1.432646</hAcc><vAcc>0.756736</vAcc></extensions></trkpt>
      <trkpt lon="35.019921" lat="31.895726"><ele>245.885112</ele><time>2026-05-30T18:10:27Z</time><extensions><speed>2.621967</speed><course>98.084861</course><hAcc>1.435342</hAcc><vAcc>0.756736</vAcc></extensions></trkpt>
      <trkpt lon="35.019949" lat="31.895722"><ele>245.974910</ele><time>2026-05-30T18:10:28Z</time><extensions><speed>2.815887</speed><course>100.047816</course><hAcc>1.436406</hAcc><vAcc>0.756735</vAcc></extensions></trkpt>
      <trkpt lon="35.019979" lat="31.895717"><ele>246.065164</ele><time>2026-05-30T18:10:29Z</time><extensions><speed>2.836804</speed><course>101.063125</course><hAcc>1.440405</hAcc><vAcc>0.756735</vAcc></extensions></trkpt>
      <trkpt lon="35.020007" lat="31.895712"><ele>246.157485</ele><time>2026-05-30T18:10:30Z</time><extensions><speed>2.720484</speed><course>102.945619</course><hAcc>1.445183</hAcc><vAcc>0.756735</vAcc></extensions></trkpt>
      <trkpt lon="35.020035" lat="31.895706"><ele>246.242970</ele><time>2026-05-30T18:10:31Z</time><extensions><speed>2.651813</speed><course>104.496783</course><hAcc>1.445340</hAcc><vAcc>0.756735</vAcc></extensions></trkpt>
      <trkpt lon="35.020063" lat="31.895700"><ele>246.322366</ele><time>2026-05-30T18:10:32Z</time><extensions><speed>2.765212</speed><course>105.968540</course><hAcc>1.440644</hAcc><vAcc>0.756735</vAcc></extensions></trkpt>
      <trkpt lon="35.020091" lat="31.895693"><ele>246.419604</ele><time>2026-05-30T18:10:33Z</time><extensions><speed>2.813441</speed><course>107.351784</course><hAcc>1.437174</hAcc><vAcc>0.756735</vAcc></extensions></trkpt>
      <trkpt lon="35.020119" lat="31.895685"><ele>246.483337</ele><time>2026-05-30T18:10:34Z</time><extensions><speed>2.812644</speed><course>107.246275</course><hAcc>1.435390</hAcc><vAcc>0.756735</vAcc></extensions></trkpt>
      <trkpt lon="35.020148" lat="31.895677"><ele>246.549705</ele><time>2026-05-30T18:10:35Z</time><extensions><speed>2.929918</speed><course>108.104669</course><hAcc>1.436572</hAcc><vAcc>0.756735</vAcc></extensions></trkpt>
      <trkpt lon="35.020178" lat="31.895668"><ele>246.628500</ele><time>2026-05-30T18:10:36Z</time><extensions><speed>3.043274</speed><course>110.559478</course><hAcc>1.433916</hAcc><vAcc>0.756735</vAcc></extensions></trkpt>
      <trkpt lon="35.020209" lat="31.895658"><ele>246.694933</ele><time>2026-05-30T18:10:37Z</time><extensions><speed>3.168965</speed><course>112.847350</course><hAcc>1.433467</hAcc><vAcc>0.756735</vAcc></extensions></trkpt>
      <trkpt lon="35.020240" lat="31.895647"><ele>246.751917</ele><time>2026-05-30T18:10:38Z</time><extensions><speed>3.250281</speed><course>112.889433</course><hAcc>1.431250</hAcc><vAcc>0.756735</vAcc></extensions></trkpt>
      <trkpt lon="35.020272" lat="31.895635"><ele>246.816170</ele><time>2026-05-30T18:10:39Z</time><extensions><speed>3.252704</speed><course>111.676841</course><hAcc>1.424561</hAcc><vAcc>0.756735</vAcc></extensions></trkpt>
      <trkpt lon="35.020304" lat="31.895625"><ele>246.872559</ele><time>2026-05-30T18:10:40Z</time><extensions><speed>3.168482</speed><course>109.516622</course><hAcc>1.418810</hAcc><vAcc>0.756736</vAcc></extensions></trkpt>
      <trkpt lon="35.020334" lat="31.895616"><ele>246.946808</ele><time>2026-05-30T18:10:41Z</time><extensions><speed>2.970647</speed><course>108.164337</course><hAcc>1.408529</hAcc><vAcc>0.756736</vAcc></extensions></trkpt>
      <trkpt lon="35.020363" lat="31.895608"><ele>247.015648</ele><time>2026-05-30T18:10:41Z</time><extensions><speed>2.757836</speed><course>109.804081</course><hAcc>1.400566</hAcc><vAcc>0.756736</vAcc></extensions></trkpt>
      <trkpt lon="35.020390" lat="31.895599"><ele>247.084553</ele><time>2026-05-30T18:10:42Z</time><extensions><speed>2.787055</speed><course>112.543943</course><hAcc>1.390316</hAcc><vAcc>0.756736</vAcc></extensions></trkpt>
      <trkpt lon="35.020417" lat="31.895589"><ele>247.164356</ele><time>2026-05-30T18:10:43Z</time><extensions><speed>2.726500</speed><course>113.366328</course><hAcc>1.383599</hAcc><vAcc>0.756736</vAcc></extensions></trkpt>
      <trkpt lon="35.020445" lat="31.895579"><ele>247.241982</ele><time>2026-05-30T18:10:44Z</time><extensions><speed>2.850644</speed><course>112.038575</course><hAcc>1.379386</hAcc><vAcc>0.756736</vAcc></extensions></trkpt>
      <trkpt lon="35.020473" lat="31.895570"><ele>247.326582</ele><time>2026-05-30T18:10:45Z</time><extensions><speed>2.930408</speed><course>110.069994</course><hAcc>1.376194</hAcc><vAcc>0.756736</vAcc></extensions></trkpt>
      <trkpt lon="35.020502" lat="31.895561"><ele>247.406671</ele><time>2026-05-30T18:10:46Z</time><extensions><speed>2.955972</speed><course>109.591469</course><hAcc>1.377098</hAcc><vAcc>0.756736</vAcc></extensions></trkpt>
      <trkpt lon="35.020532" lat="31.895551"><ele>247.484002</ele><time>2026-05-30T18:10:47Z</time><extensions><speed>3.066532</speed><course>112.795210</course><hAcc>1.381303</hAcc><vAcc>0.756736</vAcc></extensions></trkpt>
      <trkpt lon="35.020561" lat="31.895539"><ele>247.566491</ele><time>2026-05-30T18:10:48Z</time><extensions><speed>3.050391</speed><course>117.997744</course><hAcc>1.386592</hAcc><vAcc>0.756736</vAcc></extensions></trkpt>
      <trkpt lon="35.020589" lat="31.895526"><ele>247.659418</ele><time>2026-05-30T18:10:49Z</time><extensions><speed>3.075808</speed><course>120.842496</course><hAcc>1.393334</hAcc><vAcc>0.756736</vAcc></extensions></trkpt>
      <trkpt lon="35.020618" lat="31.895512"><ele>247.746322</ele><time>2026-05-30T18:10:50Z</time><extensions><speed>3.030873</speed><course>118.185934</course><hAcc>1.396819</hAcc><vAcc>0.756736</vAcc></extensions></trkpt>
      <trkpt lon="35.020646" lat="31.895500"><ele>247.844749</ele><time>2026-05-30T18:10:51Z</time><extensions><speed>3.046653</speed><course>115.938502</course><hAcc>1.401242</hAcc><vAcc>0.756736</vAcc></extensions></trkpt>
      <trkpt lon="35.020675" lat="31.895487"><ele>247.939554</ele><time>2026-05-30T18:10:52Z</time><extensions><speed>3.007452</speed><course>117.554029</course><hAcc>1.404773</hAcc><vAcc>0.756736</vAcc></extensions></trkpt>
      <trkpt lon="35.020702" lat="31.895474"><ele>248.031724</ele><time>2026-05-30T18:10:53Z</time><extensions><speed>2.950614</speed><course>121.139176</course><hAcc>1.406854</hAcc><vAcc>0.756736</vAcc></extensions></trkpt>
      <trkpt lon="35.020729" lat="31.895460"><ele>248.117863</ele><time>2026-05-30T18:10:54Z</time><extensions><speed>2.965492</speed><course>123.436021</course><hAcc>1.406303</hAcc><vAcc>0.756736</vAcc></extensions></trkpt>
      <trkpt lon="35.020755" lat="31.895445"><ele>248.227756</ele><time>2026-05-30T18:10:55Z</time><extensions><speed>2.899728</speed><course>122.200150</course><hAcc>1.410455</hAcc><vAcc>0.756736</vAcc></extensions></trkpt>
      <trkpt lon="35.020780" lat="31.895432"><ele>248.323042</ele><time>2026-05-30T18:10:56Z</time><extensions><speed>2.753454</speed><course>123.364842</course><hAcc>1.414120</hAcc><vAcc>0.756736</vAcc></extensions></trkpt>
      <trkpt lon="35.020805" lat="31.895418"><ele>248.429200</ele><time>2026-05-30T18:10:57Z</time><extensions><speed>2.865558</speed><course>123.874462</course><hAcc>1.419995</hAcc><vAcc>0.756736</vAcc></extensions></trkpt>
      <trkpt lon="35.020830" lat="31.895403"><ele>248.534983</ele><time>2026-05-30T18:10:58Z</time><extensions><speed>2.914609</speed><course>125.035827</course><hAcc>1.424455</hAcc><vAcc>0.756736</vAcc></extensions></trkpt>
      <trkpt lon="35.020856" lat="31.895387"><ele>248.650031</ele><time>2026-05-30T18:10:59Z</time><extensions><speed>3.032974</speed><course>125.629474</course><hAcc>1.430205</hAcc><vAcc>0.756736</vAcc></extensions></trkpt>
      <trkpt lon="35.020882" lat="31.895371"><ele>248.749859</ele><time>2026-05-30T18:11:00Z</time><extensions><speed>3.072585</speed><course>126.332455</course><hAcc>1.436125</hAcc><vAcc>0.756736</vAcc></extensions></trkpt>
      <trkpt lon="35.020907" lat="31.895355"><ele>248.850396</ele><time>2026-05-30T18:11:01Z</time><extensions><speed>3.012712</speed><course>128.453998</course><hAcc>1.446349</hAcc><vAcc>0.756736</vAcc></extensions></trkpt>
      <trkpt lon="35.020933" lat="31.895337"><ele>248.942746</ele><time>2026-05-30T18:11:02Z</time><extensions><speed>3.140607</speed><course>128.244354</course><hAcc>1.459021</hAcc><vAcc>0.756736</vAcc></extensions></trkpt>
      <trkpt lon="35.020960" lat="31.895320"><ele>249.049018</ele><time>2026-05-30T18:11:03Z</time><extensions><speed>3.212431</speed><course>126.318687</course><hAcc>1.469574</hAcc><vAcc>0.756736</vAcc></extensions></trkpt>
      <trkpt lon="35.020987" lat="31.895303"><ele>249.138513</ele><time>2026-05-30T18:11:04Z</time><extensions><speed>3.254546</speed><course>125.641976</course><hAcc>1.480913</hAcc><vAcc>0.756767</vAcc></extensions></trkpt>
      <trkpt lon="35.021015" lat="31.895285"><ele>249.218299</ele><time>2026-05-30T18:11:05Z</time><extensions><speed>3.298057</speed><course>127.898099</course><hAcc>1.490543</hAcc><vAcc>0.757207</vAcc></extensions></trkpt>
      <trkpt lon="35.021041" lat="31.895266"><ele>249.273421</ele><time>2026-05-30T18:11:06Z</time><extensions><speed>3.161895</speed><course>132.214235</course><hAcc>1.505878</hAcc><vAcc>0.758076</vAcc></extensions></trkpt>
      <trkpt lon="35.021065" lat="31.895247"><ele>249.326619</ele><time>2026-05-30T18:11:07Z</time><extensions><speed>3.044516</speed><course>135.388780</course><hAcc>1.527033</hAcc><vAcc>0.759164</vAcc></extensions></trkpt>
      <trkpt lon="35.021086" lat="31.895228"><ele>249.397053</ele><time>2026-05-30T18:11:08Z</time><extensions><speed>2.903916</speed><course>137.821402</course><hAcc>1.547212</hAcc><vAcc>0.760576</vAcc></extensions></trkpt>
      <trkpt lon="35.021107" lat="31.895208"><ele>249.439483</ele><time>2026-05-30T18:11:09Z</time><extensions><speed>2.998017</speed><course>138.006947</course><hAcc>1.565940</hAcc><vAcc>0.762899</vAcc></extensions></trkpt>
      <trkpt lon="35.021129" lat="31.895188"><ele>249.467344</ele><time>2026-05-30T18:11:10Z</time><extensions><speed>3.011246</speed><course>136.925828</course><hAcc>1.580553</hAcc><vAcc>0.766331</vAcc></extensions></trkpt>
      <trkpt lon="35.021152" lat="31.895168"><ele>249.495047</ele><time>2026-05-30T18:11:11Z</time><extensions><speed>3.173526</speed><course>134.320937</course><hAcc>1.589451</hAcc><vAcc>0.770427</vAcc></extensions></trkpt>
      <trkpt lon="35.021177" lat="31.895148"><ele>249.503743</ele><time>2026-05-30T18:11:12Z</time><extensions><speed>3.261177</speed><course>133.124223</course><hAcc>1.601259</hAcc><vAcc>0.774747</vAcc></extensions></trkpt>
      <trkpt lon="35.021202" lat="31.895128"><ele>249.506536</ele><time>2026-05-30T18:11:13Z</time><extensions><speed>3.147574</speed><course>132.881141</course><hAcc>1.607820</hAcc><vAcc>0.780562</vAcc></extensions></trkpt>
      <trkpt lon="35.021225" lat="31.895108"><ele>249.501918</ele><time>2026-05-30T18:11:14Z</time><extensions><speed>3.116347</speed><course>137.458671</course><hAcc>1.608149</hAcc><vAcc>0.787333</vAcc></extensions></trkpt>
      <trkpt lon="35.021245" lat="31.895088"><ele>249.496817</ele><time>2026-05-30T18:11:15Z</time><extensions><speed>2.862836</speed><course>144.289995</course><hAcc>1.603759</hAcc><vAcc>0.794472</vAcc></extensions></trkpt>
      <trkpt lon="35.021261" lat="31.895067"><ele>249.514233</ele><time>2026-05-30T18:11:16Z</time><extensions><speed>2.563708</speed><course>148.357738</course><hAcc>1.603323</hAcc><vAcc>0.800735</vAcc></extensions></trkpt>
      <trkpt lon="35.021275" lat="31.895049"><ele>249.530665</ele><time>2026-05-30T18:11:17Z</time><extensions><speed>2.262779</speed><course>147.261991</course><hAcc>1.603881</hAcc><vAcc>0.806882</vAcc></extensions></trkpt>
      <trkpt lon="35.021289" lat="31.895034"><ele>249.538200</ele><time>2026-05-30T18:11:18Z</time><extensions><speed>2.124336</speed><course>134.746086</course><hAcc>1.608691</hAcc><vAcc>0.812470</vAcc></extensions></trkpt>
      <trkpt lon="35.021307" lat="31.895021"><ele>249.555224</ele><time>2026-05-30T18:11:19Z</time><extensions><speed>2.353981</speed><course>125.661191</course><hAcc>1.612467</hAcc><vAcc>0.817618</vAcc></extensions></trkpt>
      <trkpt lon="35.021329" lat="31.895008"><ele>249.567287</ele><time>2026-05-30T18:11:20Z</time><extensions><speed>2.669262</speed><course>122.686403</course><hAcc>1.618098</hAcc><vAcc>0.823574</vAcc></extensions></trkpt>
      <trkpt lon="35.021354" lat="31.894995"><ele>249.578333</ele><time>2026-05-30T18:11:21Z</time><extensions><speed>2.877878</speed><course>119.982212</course><hAcc>1.618112</hAcc><vAcc>0.828642</vAcc></extensions></trkpt>
      <trkpt lon="35.021381" lat="31.894982"><ele>249.564942</ele><time>2026-05-30T18:11:22Z</time><extensions><speed>3.039852</speed><course>120.763217</course><hAcc>1.619863</hAcc><vAcc>0.832968</vAcc></extensions></trkpt>
      <trkpt lon="35.021408" lat="31.894967"><ele>249.567552</ele><time>2026-05-30T18:11:23Z</time><extensions><speed>3.025998</speed><course>125.423191</course><hAcc>1.621941</hAcc><vAcc>0.835674</vAcc></extensions></trkpt>
      <trkpt lon="35.021433" lat="31.894950"><ele>249.581771</ele><time>2026-05-30T18:11:24Z</time><extensions><speed>3.027545</speed><course>130.065831</course><hAcc>1.619979</hAcc><vAcc>0.837620</vAcc></extensions></trkpt>
      <trkpt lon="35.021456" lat="31.894932"><ele>249.587222</ele><time>2026-05-30T18:11:25Z</time><extensions><speed>2.933229</speed><course>134.703392</course><hAcc>1.613764</hAcc><vAcc>0.838794</vAcc></extensions></trkpt>
      <trkpt lon="35.021478" lat="31.894913"><ele>249.611434</ele><time>2026-05-30T18:11:26Z</time><extensions><speed>2.818368</speed><course>134.722957</course><hAcc>1.609629</hAcc><vAcc>0.838717</vAcc></extensions></trkpt>
      <trkpt lon="35.021499" lat="31.894896"><ele>249.623239</ele><time>2026-05-30T18:11:27Z</time><extensions><speed>2.686102</speed><course>133.602886</course><hAcc>1.603765</hAcc><vAcc>0.838364</vAcc></extensions></trkpt>
      <trkpt lon="35.021519" lat="31.894879"><ele>249.612598</ele><time>2026-05-30T18:11:28Z</time><extensions><speed>2.687006</speed><course>133.994047</course><hAcc>1.597991</hAcc><vAcc>0.837754</vAcc></extensions></trkpt>
      <trkpt lon="35.021540" lat="31.894862"><ele>249.626792</ele><time>2026-05-30T18:11:29Z</time><extensions><speed>2.799872</speed><course>133.853981</course><hAcc>1.592401</hAcc><vAcc>0.836839</vAcc></extensions></trkpt>
      <trkpt lon="35.021561" lat="31.894845"><ele>249.640260</ele><time>2026-05-30T18:11:30Z</time><extensions><speed>2.666990</speed><course>135.650853</course><hAcc>1.584467</hAcc><vAcc>0.835470</vAcc></extensions></trkpt>
      <trkpt lon="35.021581" lat="31.894828"><ele>249.642559</ele><time>2026-05-30T18:11:31Z</time><extensions><speed>2.712569</speed><course>135.038853</course><hAcc>1.576646</hAcc><vAcc>0.833445</vAcc></extensions></trkpt>
      <trkpt lon="35.021602" lat="31.894810"><ele>249.649561</ele><time>2026-05-30T18:11:32Z</time><extensions><speed>2.892874</speed><course>131.848942</course><hAcc>1.570405</hAcc><vAcc>0.830069</vAcc></extensions></trkpt>
      <trkpt lon="35.021625" lat="31.894793"><ele>249.675948</ele><time>2026-05-30T18:11:33Z</time><extensions><speed>2.971258</speed><course>131.670290</course><hAcc>1.559599</hAcc><vAcc>0.825902</vAcc></extensions></trkpt>
      <trkpt lon="35.021649" lat="31.894775"><ele>249.707285</ele><time>2026-05-30T18:11:34Z</time><extensions><speed>3.064499</speed><course>130.408309</course><hAcc>1.552325</hAcc><vAcc>0.821074</vAcc></extensions></trkpt>
      <trkpt lon="35.021674" lat="31.894758"><ele>249.741184</ele><time>2026-05-30T18:11:35Z</time><extensions><speed>2.937870</speed><course>128.199435</course><hAcc>1.545919</hAcc><vAcc>0.815760</vAcc></extensions></trkpt>
      <trkpt lon="35.021698" lat="31.894742"><ele>249.773827</ele><time>2026-05-30T18:11:36Z</time><extensions><speed>2.699581</speed><course>127.646721</course><hAcc>1.541257</hAcc><vAcc>0.810146</vAcc></extensions></trkpt>
      <trkpt lon="35.021721" lat="31.894727"><ele>249.810811</ele><time>2026-05-30T18:11:37Z</time><extensions><speed>2.792524</speed><course>128.420576</course><hAcc>1.534451</hAcc><vAcc>0.804414</vAcc></extensions></trkpt>
      <trkpt lon="35.021743" lat="31.894711"><ele>249.866361</ele><time>2026-05-30T18:11:38Z</time><extensions><speed>2.772190</speed><course>131.587052</course><hAcc>1.531677</hAcc><vAcc>0.798693</vAcc></extensions></trkpt>
      <trkpt lon="35.021764" lat="31.894693"><ele>249.921602</ele><time>2026-05-30T18:11:39Z</time><extensions><speed>2.784016</speed><course>137.132651</course><hAcc>1.531175</hAcc><vAcc>0.793073</vAcc></extensions></trkpt>
      <trkpt lon="35.021784" lat="31.894674"><ele>249.977976</ele><time>2026-05-30T18:11:40Z</time><extensions><speed>2.821299</speed><course>140.023351</course><hAcc>1.536317</hAcc><vAcc>0.787628</vAcc></extensions></trkpt>
      <trkpt lon="35.021802" lat="31.894655"><ele>250.022346</ele><time>2026-05-30T18:11:41Z</time><extensions><speed>2.723837</speed><course>140.327661</course><hAcc>1.539240</hAcc><vAcc>0.782446</vAcc></extensions></trkpt>
      <trkpt lon="35.021821" lat="31.894636"><ele>250.058017</ele><time>2026-05-30T18:11:42Z</time><extensions><speed>2.764214</speed><course>139.662015</course><hAcc>1.545066</hAcc><vAcc>0.777641</vAcc></extensions></trkpt>
      <trkpt lon="35.021841" lat="31.894617"><ele>250.095400</ele><time>2026-05-30T18:11:43Z</time><extensions><speed>2.865949</speed><course>135.137377</course><hAcc>1.555429</hAcc><vAcc>0.773334</vAcc></extensions></trkpt>
      <trkpt lon="35.021864" lat="31.894600"><ele>250.145401</ele><time>2026-05-30T18:11:44Z</time><extensions><speed>2.892430</speed><course>128.785873</course><hAcc>1.568912</hAcc><vAcc>0.769610</vAcc></extensions></trkpt>
      <trkpt lon="35.021888" lat="31.894584"><ele>250.190097</ele><time>2026-05-30T18:11:45Z</time><extensions><speed>2.952457</speed><course>127.518192</course><hAcc>1.574424</hAcc><vAcc>0.766492</vAcc></extensions></trkpt>
      <trkpt lon="35.021913" lat="31.894567"><ele>250.238107</ele><time>2026-05-30T18:11:46Z</time><extensions><speed>2.997701</speed><course>128.281817</course><hAcc>1.576157</hAcc><vAcc>0.764196</vAcc></extensions></trkpt>
      <trkpt lon="35.021937" lat="31.894551"><ele>250.271126</ele><time>2026-05-30T18:11:47Z</time><extensions><speed>2.819014</speed><course>126.406462</course><hAcc>1.576191</hAcc><vAcc>0.762600</vAcc></extensions></trkpt>
      <trkpt lon="35.021961" lat="31.894537"><ele>250.295646</ele><time>2026-05-30T18:11:48Z</time><extensions><speed>2.597754</speed><course>125.039640</course><hAcc>1.578396</hAcc><vAcc>0.761746</vAcc></extensions></trkpt>
      <trkpt lon="35.021984" lat="31.894524"><ele>250.308138</ele><time>2026-05-30T18:11:49Z</time><extensions><speed>2.685795</speed><course>122.978145</course><hAcc>1.578286</hAcc><vAcc>0.761103</vAcc></extensions></trkpt>
      <trkpt lon="35.022008" lat="31.894510"><ele>250.323112</ele><time>2026-05-30T18:11:50Z</time><extensions><speed>2.848773</speed><course>124.121348</course><hAcc>1.580775</hAcc><vAcc>0.761432</vAcc></extensions></trkpt>
      <trkpt lon="35.022033" lat="31.894495"><ele>250.327737</ele><time>2026-05-30T18:11:51Z</time><extensions><speed>2.899192</speed><course>127.039371</course><hAcc>1.584130</hAcc><vAcc>0.761742</vAcc></extensions></trkpt>
      <trkpt lon="35.022057" lat="31.894479"><ele>250.326357</ele><time>2026-05-30T18:11:52Z</time><extensions><speed>2.946599</speed><course>130.029434</course><hAcc>1.580484</hAcc><vAcc>0.762712</vAcc></extensions></trkpt>
      <trkpt lon="35.022081" lat="31.894462"><ele>250.332140</ele><time>2026-05-30T18:11:53Z</time><extensions><speed>2.893525</speed><course>130.760159</course><hAcc>1.572616</hAcc><vAcc>0.764105</vAcc></extensions></trkpt>
      <trkpt lon="35.022103" lat="31.894445"><ele>250.313002</ele><time>2026-05-30T18:11:54Z</time><extensions><speed>2.767166</speed><course>131.459432</course><hAcc>1.565757</hAcc><vAcc>0.765365</vAcc></extensions></trkpt>
      <trkpt lon="35.022126" lat="31.894428"><ele>250.299434</ele><time>2026-05-30T18:11:55Z</time><extensions><speed>2.888996</speed><course>131.976365</course><hAcc>1.562796</hAcc><vAcc>0.767350</vAcc></extensions></trkpt>
      <trkpt lon="35.022149" lat="31.894411"><ele>250.271627</ele><time>2026-05-30T18:11:56Z</time><extensions><speed>2.913111</speed><course>131.289615</course><hAcc>1.559033</hAcc><vAcc>0.769569</vAcc></extensions></trkpt>
      <trkpt lon="35.022171" lat="31.894393"><ele>250.234024</ele><time>2026-05-30T18:11:57Z</time><extensions><speed>2.857553</speed><course>134.483342</course><hAcc>1.549456</hAcc><vAcc>0.772031</vAcc></extensions></trkpt>
      <trkpt lon="35.022191" lat="31.894375"><ele>250.176242</ele><time>2026-05-30T18:11:58Z</time><extensions><speed>2.698877</speed><course>136.958513</course><hAcc>1.534758</hAcc><vAcc>0.774035</vAcc></extensions></trkpt>
      <trkpt lon="35.022210" lat="31.894358"><ele>250.114901</ele><time>2026-05-30T18:11:59Z</time><extensions><speed>2.391846</speed><course>136.768129</course><hAcc>1.523009</hAcc><vAcc>0.775578</vAcc></extensions></trkpt>
      <trkpt lon="35.022227" lat="31.894345"><ele>250.054792</ele><time>2026-05-30T18:12:00Z</time><extensions><speed>2.171585</speed><course>129.394266</course><hAcc>1.516153</hAcc><vAcc>0.776866</vAcc></extensions></trkpt>
      <trkpt lon="35.022246" lat="31.894333"><ele>249.989671</ele><time>2026-05-30T18:12:01Z</time><extensions><speed>2.247149</speed><course>120.942866</course><hAcc>1.503044</hAcc><vAcc>0.777871</vAcc></extensions></trkpt>
      <trkpt lon="35.022267" lat="31.894322"><ele>249.918410</ele><time>2026-05-30T18:12:02Z</time><extensions><speed>2.483417</speed><course>121.300853</course><hAcc>1.492962</hAcc><vAcc>0.778566</vAcc></extensions></trkpt>
      <trkpt lon="35.022290" lat="31.894310"><ele>249.832244</ele><time>2026-05-30T18:12:03Z</time><extensions><speed>2.632090</speed><course>123.606880</course><hAcc>1.483852</hAcc><vAcc>0.778908</vAcc></extensions></trkpt>
      <trkpt lon="35.022314" lat="31.894297"><ele>249.759481</ele><time>2026-05-30T18:12:04Z</time><extensions><speed>2.831380</speed><course>123.057857</course><hAcc>1.471906</hAcc><vAcc>0.778844</vAcc></extensions></trkpt>
      <trkpt lon="35.022341" lat="31.894283"><ele>249.683825</ele><time>2026-05-30T18:12:05Z</time><extensions><speed>3.044761</speed><course>120.558211</course><hAcc>1.457853</hAcc><vAcc>0.778314</vAcc></extensions></trkpt>
      <trkpt lon="35.022370" lat="31.894269"><ele>249.624434</ele><time>2026-05-30T18:12:06Z</time><extensions><speed>3.198186</speed><course>117.780719</course><hAcc>1.439473</hAcc><vAcc>0.777254</vAcc></extensions></trkpt>
      <trkpt lon="35.022398" lat="31.894257"><ele>249.588591</ele><time>2026-05-30T18:12:07Z</time><extensions><speed>2.865773</speed><course>115.269880</course><hAcc>1.422074</hAcc><vAcc>0.775650</vAcc></extensions></trkpt>
      <trkpt lon="35.022425" lat="31.894248"><ele>249.555753</ele><time>2026-05-30T18:12:08Z</time><extensions><speed>2.547872</speed><course>108.490177</course><hAcc>1.413938</hAcc><vAcc>0.773596</vAcc></extensions></trkpt>
      <trkpt lon="35.022449" lat="31.894243"><ele>249.525251</ele><time>2026-05-30T18:12:10Z</time><extensions><speed>2.130665</speed><course>95.345506</course><hAcc>1.421694</hAcc><vAcc>0.771256</vAcc></extensions></trkpt>
      <trkpt lon="35.022472" lat="31.894243"><ele>249.504557</ele><time>2026-05-30T18:12:11Z</time><extensions><speed>2.353817</speed><course>84.220744</course><hAcc>1.406344</hAcc><vAcc>0.768835</vAcc></extensions></trkpt>
      <trkpt lon="35.022498" lat="31.894247"><ele>249.501531</ele><time>2026-05-30T18:12:12Z</time><extensions><speed>2.516187</speed><course>77.212503</course><hAcc>1.391752</hAcc><vAcc>0.766526</vAcc></extensions></trkpt>
      <trkpt lon="35.022524" lat="31.894251"><ele>249.531459</ele><time>2026-05-30T18:12:13Z</time><extensions><speed>2.484700</speed><course>82.537993</course><hAcc>1.386518</hAcc><vAcc>0.764440</vAcc></extensions></trkpt>
      <trkpt lon="35.022550" lat="31.894251"><ele>249.575452</ele><time>2026-05-30T18:12:14Z</time><extensions><speed>2.531660</speed><course>97.306298</course><hAcc>1.389581</hAcc><vAcc>0.762634</vAcc></extensions></trkpt>
      <trkpt lon="35.022576" lat="31.894245"><ele>249.644669</ele><time>2026-05-30T18:12:15Z</time><extensions><speed>2.663238</speed><course>110.542805</course><hAcc>1.400279</hAcc><vAcc>0.761131</vAcc></extensions></trkpt>
      <trkpt lon="35.022603" lat="31.894234"><ele>249.731646</ele><time>2026-05-30T18:12:16Z</time><extensions><speed>2.833098</speed><course>120.049110</course><hAcc>1.399980</hAcc><vAcc>0.759922</vAcc></extensions></trkpt>
      <trkpt lon="35.022629" lat="31.894220"><ele>249.838567</ele><time>2026-05-30T18:12:17Z</time><extensions><speed>3.006792</speed><course>125.212112</course><hAcc>1.398726</hAcc><vAcc>0.758981</vAcc></extensions></trkpt>
      <trkpt lon="35.022654" lat="31.894204"><ele>249.953884</ele><time>2026-05-30T18:12:18Z</time><extensions><speed>3.021742</speed><course>126.921154</course><hAcc>1.401226</hAcc><vAcc>0.758270</vAcc></extensions></trkpt>
      <trkpt lon="35.022679" lat="31.894188"><ele>250.069552</ele><time>2026-05-30T18:12:19Z</time><extensions><speed>2.878367</speed><course>129.908415</course><hAcc>1.410641</hAcc><vAcc>0.757751</vAcc></extensions></trkpt>
      <trkpt lon="35.022701" lat="31.894171"><ele>250.204887</ele><time>2026-05-30T18:12:20Z</time><extensions><speed>2.744514</speed><course>133.425222</course><hAcc>1.415268</hAcc><vAcc>0.757383</vAcc></extensions></trkpt>
      <trkpt lon="35.022722" lat="31.894153"><ele>250.347570</ele><time>2026-05-30T18:12:21Z</time><extensions><speed>2.722202</speed><course>135.490851</course><hAcc>1.407643</hAcc><vAcc>0.757133</vAcc></extensions></trkpt>
      <trkpt lon="35.022742" lat="31.894136"><ele>250.495452</ele><time>2026-05-30T18:12:22Z</time><extensions><speed>2.665301</speed><course>135.784398</course><hAcc>1.392903</hAcc><vAcc>0.756969</vAcc></extensions></trkpt>
      <trkpt lon="35.022761" lat="31.894119"><ele>250.646700</ele><time>2026-05-30T18:12:23Z</time><extensions><speed>2.573870</speed><course>133.403192</course><hAcc>1.388502</hAcc><vAcc>0.756866</vAcc></extensions></trkpt>
      <trkpt lon="35.022782" lat="31.894104"><ele>250.795576</ele><time>2026-05-30T18:12:24Z</time><extensions><speed>2.580025</speed><course>130.735382</course><hAcc>1.379659</hAcc><vAcc>0.756806</vAcc></extensions></trkpt>
      <trkpt lon="35.022803" lat="31.894088"><ele>250.926055</ele><time>2026-05-30T18:12:25Z</time><extensions><speed>2.658578</speed><course>129.908550</course><hAcc>1.382732</hAcc><vAcc>0.756773</vAcc></extensions></trkpt>
      <trkpt lon="35.022825" lat="31.894073"><ele>251.037934</ele><time>2026-05-30T18:12:26Z</time><extensions><speed>2.738426</speed><course>130.377285</course><hAcc>1.372775</hAcc><vAcc>0.756757</vAcc></extensions></trkpt>
      <trkpt lon="35.022847" lat="31.894057"><ele>251.146992</ele><time>2026-05-30T18:12:27Z</time><extensions><speed>2.769000</speed><course>130.396254</course><hAcc>1.365170</hAcc><vAcc>0.756752</vAcc></extensions></trkpt>
      <trkpt lon="35.022869" lat="31.894041"><ele>251.238584</ele><time>2026-05-30T18:12:28Z</time><extensions><speed>2.747654</speed><course>129.028225</course><hAcc>1.366346</hAcc><vAcc>0.756751</vAcc></extensions></trkpt>
      <trkpt lon="35.022892" lat="31.894026"><ele>251.326730</ele><time>2026-05-30T18:12:29Z</time><extensions><speed>2.637460</speed><course>126.793950</course><hAcc>1.361096</hAcc><vAcc>0.756752</vAcc></extensions></trkpt>
      <trkpt lon="35.022914" lat="31.894011"><ele>251.410705</ele><time>2026-05-30T18:12:30Z</time><extensions><speed>2.644514</speed><course>127.516282</course><hAcc>1.355033</hAcc><vAcc>0.756754</vAcc></extensions></trkpt>
      <trkpt lon="35.022936" lat="31.893997"><ele>251.477790</ele><time>2026-05-30T18:12:31Z</time><extensions><speed>2.689117</speed><course>128.368284</course><hAcc>1.350951</hAcc><vAcc>0.756754</vAcc></extensions></trkpt>
      <trkpt lon="35.022959" lat="31.893981"><ele>251.537579</ele><time>2026-05-30T18:12:32Z</time><extensions><speed>2.914294</speed><course>126.873337</course><hAcc>1.350497</hAcc><vAcc>0.756754</vAcc></extensions></trkpt>
      <trkpt lon="35.022985" lat="31.893966"><ele>251.602329</ele><time>2026-05-30T18:12:33Z</time><extensions><speed>2.865464</speed><course>122.468219</course><hAcc>1.353176</hAcc><vAcc>0.756754</vAcc></extensions></trkpt>
      <trkpt lon="35.023010" lat="31.893953"><ele>251.655505</ele><time>2026-05-30T18:12:34Z</time><extensions><speed>2.770411</speed><course>119.743828</course><hAcc>1.349647</hAcc><vAcc>0.756752</vAcc></extensions></trkpt>
      <trkpt lon="35.023036" lat="31.893941"><ele>251.706990</ele><time>2026-05-30T18:12:35Z</time><extensions><speed>2.748106</speed><course>117.630265</course><hAcc>1.345041</hAcc><vAcc>0.756750</vAcc></extensions></trkpt>
      <trkpt lon="35.023062" lat="31.893930"><ele>251.763754</ele><time>2026-05-30T18:12:36Z</time><extensions><speed>2.738861</speed><course>115.296936</course><hAcc>1.349099</hAcc><vAcc>0.756748</vAcc></extensions></trkpt>
      <trkpt lon="35.023088" lat="31.893920"><ele>251.824186</ele><time>2026-05-30T18:12:37Z</time><extensions><speed>2.774289</speed><course>114.905881</course><hAcc>1.352318</hAcc><vAcc>0.756746</vAcc></extensions></trkpt>
      <trkpt lon="35.023115" lat="31.893909"><ele>251.903402</ele><time>2026-05-30T18:12:38Z</time><extensions><speed>2.719869</speed><course>114.403792</course><hAcc>1.359350</hAcc><vAcc>0.756744</vAcc></extensions></trkpt>
      <trkpt lon="35.023141" lat="31.893898"><ele>251.987128</ele><time>2026-05-30T18:12:39Z</time><extensions><speed>2.717810</speed><course>118.842161</course><hAcc>1.355829</hAcc><vAcc>0.756742</vAcc></extensions></trkpt>
      <trkpt lon="35.023166" lat="31.893886"><ele>252.095300</ele><time>2026-05-30T18:12:40Z</time><extensions><speed>2.747553</speed><course>122.308144</course><hAcc>1.358912</hAcc><vAcc>0.756741</vAcc></extensions></trkpt>
      <trkpt lon="35.023190" lat="31.893872"><ele>252.206055</ele><time>2026-05-30T18:12:41Z</time><extensions><speed>2.684828</speed><course>123.677430</course><hAcc>1.364664</hAcc><vAcc>0.756739</vAcc></extensions></trkpt>
      <trkpt lon="35.023214" lat="31.893859"><ele>252.314614</ele><time>2026-05-30T18:12:42Z</time><extensions><speed>2.772713</speed><course>123.334431</course><hAcc>1.374779</hAcc><vAcc>0.756738</vAcc></extensions></trkpt>
      <trkpt lon="35.023240" lat="31.893845"><ele>252.454144</ele><time>2026-05-30T18:12:43Z</time><extensions><speed>3.008800</speed><course>119.988754</course><hAcc>1.387302</hAcc><vAcc>0.756738</vAcc></extensions></trkpt>
      <trkpt lon="35.023268" lat="31.893832"><ele>252.609731</ele><time>2026-05-30T18:12:44Z</time><extensions><speed>3.027706</speed><course>118.388414</course><hAcc>1.398505</hAcc><vAcc>0.756737</vAcc></extensions></trkpt>
      <trkpt lon="35.023295" lat="31.893819"><ele>252.759206</ele><time>2026-05-30T18:12:45Z</time><extensions><speed>2.948684</speed><course>118.657307</course><hAcc>1.411845</hAcc><vAcc>0.756737</vAcc></extensions></trkpt>
      <trkpt lon="35.023322" lat="31.893806"><ele>252.914772</ele><time>2026-05-30T18:12:46Z</time><extensions><speed>2.939988</speed><course>121.665233</course><hAcc>1.429923</hAcc><vAcc>0.756736</vAcc></extensions></trkpt>
      <trkpt lon="35.023349" lat="31.893791"><ele>253.059931</ele><time>2026-05-30T18:12:47Z</time><extensions><speed>3.007361</speed><course>122.297030</course><hAcc>1.444297</hAcc><vAcc>0.756736</vAcc></extensions></trkpt>
      <trkpt lon="35.023376" lat="31.893778"><ele>253.192379</ele><time>2026-05-30T18:12:47Z</time><extensions><speed>2.855982</speed><course>116.272894</course><hAcc>1.458540</hAcc><vAcc>0.756736</vAcc></extensions></trkpt>
      <trkpt lon="35.023403" lat="31.893769"><ele>253.326305</ele><time>2026-05-30T18:12:48Z</time><extensions><speed>2.659253</speed><course>107.280601</course><hAcc>1.471272</hAcc><vAcc>0.756736</vAcc></extensions></trkpt>
      <trkpt lon="35.023430" lat="31.893764"><ele>253.451902</ele><time>2026-05-30T18:12:49Z</time><extensions><speed>2.603287</speed><course>98.573770</course><hAcc>1.488783</hAcc><vAcc>0.756736</vAcc></extensions></trkpt>
      <trkpt lon="35.023458" lat="31.893762"><ele>253.556717</ele><time>2026-05-30T18:12:50Z</time><extensions><speed>2.590196</speed><course>90.806822</course><hAcc>1.495360</hAcc><vAcc>0.756736</vAcc></extensions></trkpt>
      <trkpt lon="35.023485" lat="31.893762"><ele>253.636239</ele><time>2026-05-30T18:12:51Z</time><extensions><speed>2.480944</speed><course>85.937710</course><hAcc>1.513677</hAcc><vAcc>0.756736</vAcc></extensions></trkpt>
      <trkpt lon="35.023511" lat="31.893764"><ele>253.712565</ele><time>2026-05-30T18:12:52Z</time><extensions><speed>2.543731</speed><course>84.897460</course><hAcc>1.524644</hAcc><vAcc>0.756736</vAcc></extensions></trkpt>
      <trkpt lon="35.023538" lat="31.893766"><ele>253.754577</ele><time>2026-05-30T18:12:53Z</time><extensions><speed>2.567708</speed><course>85.497016</course><hAcc>1.538794</hAcc><vAcc>0.756736</vAcc></extensions></trkpt>
      <trkpt lon="35.023565" lat="31.893767"><ele>253.756219</ele><time>2026-05-30T18:12:54Z</time><extensions><speed>2.491355</speed><course>87.792137</course><hAcc>1.559581</hAcc><vAcc>0.756736</vAcc></extensions></trkpt>
      <trkpt lon="35.023591" lat="31.893767"><ele>253.752342</ele><time>2026-05-30T18:12:55Z</time><extensions><speed>2.504803</speed><course>93.506159</course><hAcc>1.558389</hAcc><vAcc>0.756736</vAcc></extensions></trkpt>
      <trkpt lon="35.023619" lat="31.893764"><ele>253.723917</ele><time>2026-05-30T18:12:56Z</time><extensions><speed>2.671232</speed><course>98.951589</course><hAcc>1.559482</hAcc><vAcc>0.756736</vAcc></extensions></trkpt>
      <trkpt lon="35.023648" lat="31.893760"><ele>253.678595</ele><time>2026-05-30T18:12:57Z</time><extensions><speed>2.867846</speed><course>102.194687</course><hAcc>1.562291</hAcc><vAcc>0.756736</vAcc></extensions></trkpt>
      <trkpt lon="35.023678" lat="31.893754"><ele>253.616928</ele><time>2026-05-30T18:12:58Z</time><extensions><speed>2.973822</speed><course>102.703119</course><hAcc>1.563231</hAcc><vAcc>0.756736</vAcc></extensions></trkpt>
      <trkpt lon="35.023709" lat="31.893748"><ele>253.544753</ele><time>2026-05-30T18:12:59Z</time><extensions><speed>2.984407</speed><course>103.200715</course><hAcc>1.564619</hAcc><vAcc>0.756736</vAcc></extensions></trkpt>
      <trkpt lon="35.023739" lat="31.893742"><ele>253.468090</ele><time>2026-05-30T18:13:00Z</time><extensions><speed>2.908253</speed><course>103.179989</course><hAcc>1.567095</hAcc><vAcc>0.756736</vAcc></extensions></trkpt>
      <trkpt lon="35.023769" lat="31.893736"><ele>253.393423</ele><time>2026-05-30T18:13:01Z</time><extensions><speed>2.865435</speed><course>102.545541</course><hAcc>1.572623</hAcc><vAcc>0.756738</vAcc></extensions></trkpt>
      <trkpt lon="35.023798" lat="31.893730"><ele>253.306199</ele><time>2026-05-30T18:13:02Z</time><extensions><speed>2.777878</speed><course>104.268263</course><hAcc>1.572403</hAcc><vAcc>0.756739</vAcc></extensions></trkpt>
      <trkpt lon="35.023827" lat="31.893723"><ele>253.228710</ele><time>2026-05-30T18:13:03Z</time><extensions><speed>2.790609</speed><course>106.696890</course><hAcc>1.567120</hAcc><vAcc>0.756740</vAcc></extensions></trkpt>
      <trkpt lon="35.023856" lat="31.893716"><ele>253.160931</ele><time>2026-05-30T18:13:04Z</time><extensions><speed>2.943237</speed><course>107.510097</course><hAcc>1.566927</hAcc><vAcc>0.757103</vAcc></extensions></trkpt>
      <trkpt lon="35.023886" lat="31.893707"><ele>253.104719</ele><time>2026-05-30T18:13:05Z</time><extensions><speed>3.011264</speed><course>107.858908</course><hAcc>1.562608</hAcc><vAcc>0.757763</vAcc></extensions></trkpt>
      <trkpt lon="35.023916" lat="31.893699"><ele>253.052113</ele><time>2026-05-30T18:13:06Z</time><extensions><speed>2.923642</speed><course>109.481368</course><hAcc>1.553075</hAcc><vAcc>0.758966</vAcc></extensions></trkpt>
      <trkpt lon="35.023945" lat="31.893690"><ele>253.015503</ele><time>2026-05-30T18:13:07Z</time><extensions><speed>2.823039</speed><course>109.076544</course><hAcc>1.547338</hAcc><vAcc>0.760716</vAcc></extensions></trkpt>
      <trkpt lon="35.023972" lat="31.893683"><ele>252.984275</ele><time>2026-05-30T18:13:08Z</time><extensions><speed>2.570587</speed><course>104.314921</course><hAcc>1.548227</hAcc><vAcc>0.762956</vAcc></extensions></trkpt>
      <trkpt lon="35.023999" lat="31.893678"><ele>252.950699</ele><time>2026-05-30T18:13:09Z</time><extensions><speed>2.656677</speed><course>102.652371</course><hAcc>1.538353</hAcc><vAcc>0.765778</vAcc></extensions></trkpt>
      <trkpt lon="35.024027" lat="31.893673"><ele>252.919112</ele><time>2026-05-30T18:13:10Z</time><extensions><speed>2.762462</speed><course>100.942010</course><hAcc>1.537736</hAcc><vAcc>0.769371</vAcc></extensions></trkpt>
      <trkpt lon="35.024056" lat="31.893668"><ele>252.905885</ele><time>2026-05-30T18:13:11Z</time><extensions><speed>2.739310</speed><course>100.036476</course><hAcc>1.533530</hAcc><vAcc>0.773613</vAcc></extensions></trkpt>
      <trkpt lon="35.024085" lat="31.893664"><ele>252.891386</ele><time>2026-05-30T18:13:12Z</time><extensions><speed>2.711345</speed><course>98.036339</course><hAcc>1.529600</hAcc><vAcc>0.778971</vAcc></extensions></trkpt>
      <trkpt lon="35.024113" lat="31.893661"><ele>252.894434</ele><time>2026-05-30T18:13:13Z</time><extensions><speed>2.765153</speed><course>95.451477</course><hAcc>1.526268</hAcc><vAcc>0.785094</vAcc></extensions></trkpt>
      <trkpt lon="35.024143" lat="31.893659"><ele>252.906901</ele><time>2026-05-30T18:13:14Z</time><extensions><speed>2.787824</speed><course>95.886530</course><hAcc>1.521481</hAcc><vAcc>0.791347</vAcc></extensions></trkpt>
      <trkpt lon="35.024172" lat="31.893655"><ele>252.934245</ele><time>2026-05-30T18:13:15Z</time><extensions><speed>2.833395</speed><course>100.623128</course><hAcc>1.513175</hAcc><vAcc>0.798166</vAcc></extensions></trkpt>
      <trkpt lon="35.024202" lat="31.893649"><ele>252.954849</ele><time>2026-05-30T18:13:16Z</time><extensions><speed>2.852514</speed><course>104.160438</course><hAcc>1.507886</hAcc><vAcc>0.805024</vAcc></extensions></trkpt>
      <trkpt lon="35.024231" lat="31.893642"><ele>252.971206</ele><time>2026-05-30T18:13:17Z</time><extensions><speed>2.946577</speed><course>106.994794</course><hAcc>1.503902</hAcc><vAcc>0.811326</vAcc></extensions></trkpt>
      <trkpt lon="35.024261" lat="31.893634"><ele>252.980003</ele><time>2026-05-30T18:13:18Z</time><extensions><speed>3.016259</speed><course>110.036668</course><hAcc>1.506241</hAcc><vAcc>0.816619</vAcc></extensions></trkpt>
      <trkpt lon="35.024291" lat="31.893624"><ele>252.982976</ele><time>2026-05-30T18:13:19Z</time><extensions><speed>3.023410</speed><course>111.939098</course><hAcc>1.508828</hAcc><vAcc>0.821503</vAcc></extensions></trkpt>
      <trkpt lon="35.024321" lat="31.893613"><ele>253.003690</ele><time>2026-05-30T18:13:20Z</time><extensions><speed>3.000262</speed><course>114.103664</course><hAcc>1.513731</hAcc><vAcc>0.825212</vAcc></extensions></trkpt>
      <trkpt lon="35.024349" lat="31.893602"><ele>253.020405</ele><time>2026-05-30T18:13:21Z</time><extensions><speed>2.891618</speed><course>115.355323</course><hAcc>1.516395</hAcc><vAcc>0.827658</vAcc></extensions></trkpt>
      <trkpt lon="35.024376" lat="31.893591"><ele>253.042999</ele><time>2026-05-30T18:13:22Z</time><extensions><speed>2.822998</speed><course>116.185938</course><hAcc>1.520730</hAcc><vAcc>0.829355</vAcc></extensions></trkpt>
      <trkpt lon="35.024402" lat="31.893580"><ele>253.053111</ele><time>2026-05-30T18:13:23Z</time><extensions><speed>2.688359</speed><course>116.616266</course><hAcc>1.522490</hAcc><vAcc>0.829525</vAcc></extensions></trkpt>
      <trkpt lon="35.024426" lat="31.893569"><ele>253.075895</ele><time>2026-05-30T18:13:24Z</time><extensions><speed>2.623950</speed><course>118.663417</course><hAcc>1.524287</hAcc><vAcc>0.829109</vAcc></extensions></trkpt>
      <trkpt lon="35.024452" lat="31.893558"><ele>253.090251</ele><time>2026-05-30T18:13:25Z</time><extensions><speed>2.744146</speed><course>114.847502</course><hAcc>1.521607</hAcc><vAcc>0.827508</vAcc></extensions></trkpt>
      <trkpt lon="35.024478" lat="31.893549"><ele>253.096030</ele><time>2026-05-30T18:13:26Z</time><extensions><speed>2.773466</speed><course>110.071708</course><hAcc>1.517627</hAcc><vAcc>0.824418</vAcc></extensions></trkpt>
      <trkpt lon="35.024506" lat="31.893541"><ele>253.098924</ele><time>2026-05-30T18:13:27Z</time><extensions><speed>2.756654</speed><course>109.716261</course><hAcc>1.515277</hAcc><vAcc>0.821272</vAcc></extensions></trkpt>
      <trkpt lon="35.024533" lat="31.893534"><ele>253.109815</ele><time>2026-05-30T18:13:28Z</time><extensions><speed>2.626968</speed><course>103.751921</course><hAcc>1.510729</hAcc><vAcc>0.817787</vAcc></extensions></trkpt>
      <trkpt lon="35.024559" lat="31.893530"><ele>253.140269</ele><time>2026-05-30T18:13:29Z</time><extensions><speed>2.477391</speed><course>92.648019</course><hAcc>1.504630</hAcc><vAcc>0.814050</vAcc></extensions></trkpt>
      <trkpt lon="35.024584" lat="31.893532"><ele>253.157806</ele><time>2026-05-30T18:13:30Z</time><extensions><speed>2.301403</speed><course>79.154871</course><hAcc>1.501521</hAcc><vAcc>0.810422</vAcc></extensions></trkpt>
      <trkpt lon="35.024605" lat="31.893540"><ele>253.156606</ele><time>2026-05-30T18:13:31Z</time><extensions><speed>2.159258</speed><course>49.055164</course><hAcc>1.497682</hAcc><vAcc>0.807120</vAcc></extensions></trkpt>
      <trkpt lon="35.024619" lat="31.893556"><ele>253.135233</ele><time>2026-05-30T18:13:32Z</time><extensions><speed>2.379051</speed><course>26.168929</course><hAcc>1.501442</hAcc><vAcc>0.804167</vAcc></extensions></trkpt>
      <trkpt lon="35.024628" lat="31.893578"><ele>253.121855</ele><time>2026-05-30T18:13:33Z</time><extensions><speed>2.750999</speed><course>13.341404</course><hAcc>1.499834</hAcc><vAcc>0.801599</vAcc></extensions></trkpt>
      <trkpt lon="35.024633" lat="31.893603"><ele>253.129683</ele><time>2026-05-30T18:13:34Z</time><extensions><speed>2.906325</speed><course>6.981020</course><hAcc>1.498367</hAcc><vAcc>0.799221</vAcc></extensions></trkpt>
      <trkpt lon="35.024637" lat="31.893629"><ele>253.139629</ele><time>2026-05-30T18:13:35Z</time><extensions><speed>2.954873</speed><course>5.912171</course><hAcc>1.495180</hAcc><vAcc>0.797207</vAcc></extensions></trkpt>
      <trkpt lon="35.024640" lat="31.893656"><ele>253.103834</ele><time>2026-05-30T18:13:36Z</time><extensions><speed>2.914314</speed><course>5.721245</course><hAcc>1.486438</hAcc><vAcc>0.795439</vAcc></extensions></trkpt>
      <trkpt lon="35.024643" lat="31.893681"><ele>253.075377</ele><time>2026-05-30T18:13:37Z</time><extensions><speed>2.825809</speed><course>6.457201</course><hAcc>1.478921</hAcc><vAcc>0.793749</vAcc></extensions></trkpt>
      <trkpt lon="35.024646" lat="31.893707"><ele>253.039388</ele><time>2026-05-30T18:13:38Z</time><extensions><speed>2.790397</speed><course>6.486172</course><hAcc>1.471902</hAcc><vAcc>0.791922</vAcc></extensions></trkpt>
      <trkpt lon="35.024650" lat="31.893731"><ele>253.001577</ele><time>2026-05-30T18:13:39Z</time><extensions><speed>2.716393</speed><course>6.337100</course><hAcc>1.464504</hAcc><vAcc>0.789775</vAcc></extensions></trkpt>
      <trkpt lon="35.024653" lat="31.893756"><ele>252.955885</ele><time>2026-05-30T18:13:40Z</time><extensions><speed>2.685718</speed><course>7.770649</course><hAcc>1.453901</hAcc><vAcc>0.787217</vAcc></extensions></trkpt>
      <trkpt lon="35.024657" lat="31.893779"><ele>252.892404</ele><time>2026-05-30T18:13:41Z</time><extensions><speed>2.565945</speed><course>9.330561</course><hAcc>1.444617</hAcc><vAcc>0.784247</vAcc></extensions></trkpt>
      <trkpt lon="35.024661" lat="31.893802"><ele>252.857304</ele><time>2026-05-30T18:13:42Z</time><extensions><speed>2.415539</speed><course>6.757597</course><hAcc>1.436995</hAcc><vAcc>0.780946</vAcc></extensions></trkpt>
      <trkpt lon="35.024664" lat="31.893824"><ele>252.793203</ele><time>2026-05-30T18:13:43Z</time><extensions><speed>2.543374</speed><course>6.004625</course><hAcc>1.428399</hAcc><vAcc>0.777467</vAcc></extensions></trkpt>
      <trkpt lon="35.024667" lat="31.893846"><ele>252.745849</ele><time>2026-05-30T18:13:44Z</time><extensions><speed>2.462372</speed><course>7.562794</course><hAcc>1.425797</hAcc><vAcc>0.774001</vAcc></extensions></trkpt>
      <trkpt lon="35.024670" lat="31.893868"><ele>252.707332</ele><time>2026-05-30T18:13:45Z</time><extensions><speed>2.479370</speed><course>5.476541</course><hAcc>1.427757</hAcc><vAcc>0.770728</vAcc></extensions></trkpt>
      <trkpt lon="35.024673" lat="31.893891"><ele>252.654177</ele><time>2026-05-30T18:13:46Z</time><extensions><speed>2.602624</speed><course>6.670955</course><hAcc>1.438195</hAcc><vAcc>0.767782</vAcc></extensions></trkpt>
      <trkpt lon="35.024676" lat="31.893915"><ele>252.613250</ele><time>2026-05-30T18:13:47Z</time><extensions><speed>2.753728</speed><course>8.328949</course><hAcc>1.449144</hAcc><vAcc>0.765235</vAcc></extensions></trkpt>
      <trkpt lon="35.024680" lat="31.893940"><ele>252.577063</ele><time>2026-05-30T18:13:48Z</time><extensions><speed>2.795177</speed><course>7.994802</course><hAcc>1.465364</hAcc><vAcc>0.763110</vAcc></extensions></trkpt>
      <trkpt lon="35.024685" lat="31.893965"><ele>252.540439</ele><time>2026-05-30T18:13:49Z</time><extensions><speed>2.812333</speed><course>8.202484</course><hAcc>1.492425</hAcc><vAcc>0.761395</vAcc></extensions></trkpt>
      <trkpt lon="35.024689" lat="31.893991"><ele>252.507955</ele><time>2026-05-30T18:13:50Z</time><extensions><speed>2.920960</speed><course>9.676875</course><hAcc>1.529081</hAcc><vAcc>0.760052</vAcc></extensions></trkpt>
      <trkpt lon="35.024694" lat="31.894016"><ele>252.493141</ele><time>2026-05-30T18:13:51Z</time><extensions><speed>2.797707</speed><course>9.399976</course><hAcc>1.568887</hAcc><vAcc>0.759313</vAcc></extensions></trkpt>
      <trkpt lon="35.024699" lat="31.894041"><ele>252.483098</ele><time>2026-05-30T18:13:52Z</time><extensions><speed>2.680714</speed><course>8.867969</course><hAcc>1.608754</hAcc><vAcc>0.759721</vAcc></extensions></trkpt>
      <trkpt lon="35.024703" lat="31.894066"><ele>252.485303</ele><time>2026-05-30T18:13:53Z</time><extensions><speed>2.698459</speed><course>8.142695</course><hAcc>1.643740</hAcc><vAcc>0.760347</vAcc></extensions></trkpt>
      <trkpt lon="35.024707" lat="31.894090"><ele>252.492128</ele><time>2026-05-30T18:13:54Z</time><extensions><speed>2.772374</speed><course>6.495916</course><hAcc>1.677781</hAcc><vAcc>0.761413</vAcc></extensions></trkpt>
      <trkpt lon="35.024710" lat="31.894115"><ele>252.497939</ele><time>2026-05-30T18:13:55Z</time><extensions><speed>2.766102</speed><course>4.697543</course><hAcc>1.706435</hAcc><vAcc>0.763551</vAcc></extensions></trkpt>
      <trkpt lon="35.024713" lat="31.894141"><ele>252.489185</ele><time>2026-05-30T18:13:56Z</time><extensions><speed>2.775446</speed><course>5.169410</course><hAcc>1.731628</hAcc><vAcc>0.767513</vAcc></extensions></trkpt>
      <trkpt lon="35.024716" lat="31.894165"><ele>252.472434</ele><time>2026-05-30T18:13:57Z</time><extensions><speed>2.668644</speed><course>5.772152</course><hAcc>1.753127</hAcc><vAcc>0.772634</vAcc></extensions></trkpt>
      <trkpt lon="35.024719" lat="31.894189"><ele>252.471309</ele><time>2026-05-30T18:13:58Z</time><extensions><speed>2.475401</speed><course>7.022212</course><hAcc>1.769285</hAcc><vAcc>0.779642</vAcc></extensions></trkpt>
      <trkpt lon="35.024723" lat="31.894212"><ele>252.470176</ele><time>2026-05-30T18:13:59Z</time><extensions><speed>2.550029</speed><course>9.512279</course><hAcc>1.779257</hAcc><vAcc>0.788732</vAcc></extensions></trkpt>
      <trkpt lon="35.024728" lat="31.894236"><ele>252.500705</ele><time>2026-05-30T18:14:00Z</time><extensions><speed>2.781218</speed><course>13.096486</course><hAcc>1.779450</hAcc><vAcc>0.799273</vAcc></extensions></trkpt>
      <trkpt lon="35.024736" lat="31.894261"><ele>252.517514</ele><time>2026-05-30T18:14:01Z</time><extensions><speed>3.002358</speed><course>17.421085</course><hAcc>1.775064</hAcc><vAcc>0.811310</vAcc></extensions></trkpt>
      <trkpt lon="35.024746" lat="31.894286"><ele>252.526428</ele><time>2026-05-30T18:14:02Z</time><extensions><speed>2.948888</speed><course>20.892592</course><hAcc>1.767586</hAcc><vAcc>0.825421</vAcc></extensions></trkpt>
      <trkpt lon="35.024757" lat="31.894311"><ele>252.537946</ele><time>2026-05-30T18:14:03Z</time><extensions><speed>2.915587</speed><course>22.785536</course><hAcc>1.751358</hAcc><vAcc>0.839934</vAcc></extensions></trkpt>
      <trkpt lon="35.024770" lat="31.894334"><ele>252.561823</ele><time>2026-05-30T18:14:04Z</time><extensions><speed>2.898262</speed><course>27.123975</course><hAcc>1.738451</hAcc><vAcc>0.854710</vAcc></extensions></trkpt>
      <trkpt lon="35.024783" lat="31.894355"><ele>252.559402</ele><time>2026-05-30T18:14:05Z</time><extensions><speed>2.455549</speed><course>28.654739</course><hAcc>1.732078</hAcc><vAcc>0.868622</vAcc></extensions></trkpt>
      <trkpt lon="35.024793" lat="31.894374"><ele>252.543430</ele><time>2026-05-30T18:14:06Z</time><extensions><speed>2.298857</speed><course>20.395237</course><hAcc>1.722652</hAcc><vAcc>0.882580</vAcc></extensions></trkpt>
      <trkpt lon="35.024800" lat="31.894395"><ele>252.508038</ele><time>2026-05-30T18:14:07Z</time><extensions><speed>2.540345</speed><course>12.132284</course><hAcc>1.694635</hAcc><vAcc>0.894164</vAcc></extensions></trkpt>
      <trkpt lon="35.024803" lat="31.894418"><ele>252.490573</ele><time>2026-05-30T18:14:08Z</time><extensions><speed>2.498345</speed><course>1.427269</course><hAcc>1.671346</hAcc><vAcc>0.902786</vAcc></extensions></trkpt>
      <trkpt lon="35.024801" lat="31.894440"><ele>252.472821</ele><time>2026-05-30T18:14:09Z</time><extensions><speed>2.583191</speed><course>350.881313</course><hAcc>1.655583</hAcc><vAcc>0.909117</vAcc></extensions></trkpt>
      <trkpt lon="35.024792" lat="31.894461"><ele>252.482151</ele><time>2026-05-30T18:14:10Z</time><extensions><speed>2.364750</speed><course>326.981912</course><hAcc>1.644981</hAcc><vAcc>0.913564</vAcc></extensions></trkpt>
      <trkpt lon="35.024774" lat="31.894475"><ele>252.491254</ele><time>2026-05-30T18:14:11Z</time><extensions><speed>2.395804</speed><course>299.497965</course><hAcc>1.628989</hAcc><vAcc>0.913918</vAcc></extensions></trkpt>
      <trkpt lon="35.024749" lat="31.894482"><ele>252.499178</ele><time>2026-05-30T18:14:12Z</time><extensions><speed>2.612608</speed><course>277.801170</course><hAcc>1.617205</hAcc><vAcc>0.911437</vAcc></extensions></trkpt>
      <trkpt lon="35.024721" lat="31.894482"><ele>252.481774</ele><time>2026-05-30T18:14:13Z</time><extensions><speed>2.768425</speed><course>263.263375</course><hAcc>1.609444</hAcc><vAcc>0.906711</vAcc></extensions></trkpt>
      <trkpt lon="35.024692" lat="31.894477"><ele>252.470065</ele><time>2026-05-30T18:14:14Z</time><extensions><speed>2.868563</speed><course>254.427186</course><hAcc>1.599879</hAcc><vAcc>0.899748</vAcc></extensions></trkpt>
      <trkpt lon="35.024663" lat="31.894469"><ele>252.467375</ele><time>2026-05-30T18:14:16Z</time><extensions><speed>2.840984</speed><course>250.601251</course><hAcc>1.591604</hAcc><vAcc>0.891063</vAcc></extensions></trkpt>
      <trkpt lon="35.024635" lat="31.894461"><ele>252.457562</ele><time>2026-05-30T18:14:17Z</time><extensions><speed>2.715261</speed><course>248.551819</course><hAcc>1.587655</hAcc><vAcc>0.880793</vAcc></extensions></trkpt>
      <trkpt lon="35.024609" lat="31.894452"><ele>252.468101</ele><time>2026-05-30T18:14:18Z</time><extensions><speed>2.694350</speed><course>249.850582</course><hAcc>1.579328</hAcc><vAcc>0.869165</vAcc></extensions></trkpt>
      <trkpt lon="35.024582" lat="31.894444"><ele>252.475490</ele><time>2026-05-30T18:14:19Z</time><extensions><speed>2.600259</speed><course>252.301369</course><hAcc>1.569225</hAcc><vAcc>0.856486</vAcc></extensions></trkpt>
      <trkpt lon="35.024556" lat="31.894438"><ele>252.498406</ele><time>2026-05-30T18:14:20Z</time><extensions><speed>2.585982</speed><course>256.857690</course><hAcc>1.559939</hAcc><vAcc>0.843551</vAcc></extensions></trkpt>
      <trkpt lon="35.024529" lat="31.894433"><ele>252.523087</ele><time>2026-05-30T18:14:21Z</time><extensions><speed>2.787429</speed><course>257.689394</course><hAcc>1.551460</hAcc><vAcc>0.831428</vAcc></extensions></trkpt>
      <trkpt lon="35.024501" lat="31.894427"><ele>252.570841</ele><time>2026-05-30T18:14:22Z</time><extensions><speed>2.830845</speed><course>258.167747</course><hAcc>1.542644</hAcc><vAcc>0.820146</vAcc></extensions></trkpt>
      <trkpt lon="35.024472" lat="31.894422"><ele>252.625240</ele><time>2026-05-30T18:14:23Z</time><extensions><speed>2.780335</speed><course>257.834367</course><hAcc>1.538764</hAcc><vAcc>0.810098</vAcc></extensions></trkpt>
      <trkpt lon="35.024444" lat="31.894417"><ele>252.676767</ele><time>2026-05-30T18:14:24Z</time><extensions><speed>2.710933</speed><course>256.740663</course><hAcc>1.529667</hAcc><vAcc>0.801406</vAcc></extensions></trkpt>
      <trkpt lon="35.024417" lat="31.894411"><ele>252.740526</ele><time>2026-05-30T18:14:25Z</time><extensions><speed>2.605793</speed><course>256.373030</course><hAcc>1.522389</hAcc><vAcc>0.794249</vAcc></extensions></trkpt>
      <trkpt lon="35.024390" lat="31.894405"><ele>252.787056</ele><time>2026-05-30T18:14:26Z</time><extensions><speed>2.631910</speed><course>256.764764</course><hAcc>1.520180</hAcc><vAcc>0.788565</vAcc></extensions></trkpt>
      <trkpt lon="35.024364" lat="31.894398"><ele>252.842242</ele><time>2026-05-30T18:14:27Z</time><extensions><speed>2.438861</speed><course>246.557908</course><hAcc>1.521615</hAcc><vAcc>0.784259</vAcc></extensions></trkpt>
      <trkpt lon="35.024344" lat="31.894387"><ele>252.901241</ele><time>2026-05-30T18:14:28Z</time><extensions><speed>2.304650</speed><course>226.718746</course><hAcc>1.525924</hAcc><vAcc>0.781316</vAcc></extensions></trkpt>
      <trkpt lon="35.024331" lat="31.894369"><ele>252.960427</ele><time>2026-05-30T18:14:29Z</time><extensions><speed>2.377807</speed><course>197.267126</course><hAcc>1.527808</hAcc><vAcc>0.779339</vAcc></extensions></trkpt>
      <trkpt lon="35.024331" lat="31.894347"><ele>253.021781</ele><time>2026-05-30T18:14:30Z</time><extensions><speed>2.710762</speed><course>167.012721</course><hAcc>1.528995</hAcc><vAcc>0.778211</vAcc></extensions></trkpt>
      <trkpt lon="35.024342" lat="31.894323"><ele>253.074286</ele><time>2026-05-30T18:14:31Z</time><extensions><speed>3.031311</speed><course>151.396138</course><hAcc>1.533533</hAcc><vAcc>0.777343</vAcc></extensions></trkpt>
      <trkpt lon="35.024358" lat="31.894299"><ele>253.127825</ele><time>2026-05-30T18:14:32Z</time><extensions><speed>3.014742</speed><course>147.139063</course><hAcc>1.539026</hAcc><vAcc>0.776983</vAcc></extensions></trkpt>
      <trkpt lon="35.024374" lat="31.894276"><ele>253.186655</ele><time>2026-05-30T18:14:33Z</time><extensions><speed>2.940518</speed><course>152.838960</course><hAcc>1.541085</hAcc><vAcc>0.776571</vAcc></extensions></trkpt>
      <trkpt lon="35.024385" lat="31.894251"><ele>253.230411</ele><time>2026-05-30T18:14:34Z</time><extensions><speed>2.961356</speed><course>164.900520</course><hAcc>1.541608</hAcc><vAcc>0.776340</vAcc></extensions></trkpt>
      <trkpt lon="35.024390" lat="31.894224"><ele>253.272635</ele><time>2026-05-30T18:14:35Z</time><extensions><speed>3.073900</speed><course>174.819295</course><hAcc>1.545086</hAcc><vAcc>0.776287</vAcc></extensions></trkpt>
      <trkpt lon="35.024392" lat="31.894196"><ele>253.315036</ele><time>2026-05-30T18:14:36Z</time><extensions><speed>3.148986</speed><course>178.965419</course><hAcc>1.551076</hAcc><vAcc>0.776362</vAcc></extensions></trkpt>
      <trkpt lon="35.024393" lat="31.894168"><ele>253.338750</ele><time>2026-05-30T18:14:37Z</time><extensions><speed>3.167027</speed><course>178.432103</course><hAcc>1.554677</hAcc><vAcc>0.776403</vAcc></extensions></trkpt>
      <trkpt lon="35.024394" lat="31.894140"><ele>253.378012</ele><time>2026-05-30T18:14:38Z</time><extensions><speed>3.054102</speed><course>177.071479</course><hAcc>1.553500</hAcc><vAcc>0.776380</vAcc></extensions></trkpt>
      <trkpt lon="35.024396" lat="31.894112"><ele>253.415517</ele><time>2026-05-30T18:14:39Z</time><extensions><speed>3.105013</speed><course>176.736922</course><hAcc>1.549140</hAcc><vAcc>0.776149</vAcc></extensions></trkpt>
      <trkpt lon="35.024397" lat="31.894084"><ele>253.451838</ele><time>2026-05-30T18:14:40Z</time><extensions><speed>3.069961</speed><course>179.748301</course><hAcc>1.543116</hAcc><vAcc>0.775603</vAcc></extensions></trkpt>
      <trkpt lon="35.024395" lat="31.894057"><ele>253.493930</ele><time>2026-05-30T18:14:41Z</time><extensions><speed>3.043732</speed><course>185.337769</course><hAcc>1.535072</hAcc><vAcc>0.774765</vAcc></extensions></trkpt>
      <trkpt lon="35.024391" lat="31.894030"><ele>253.533532</ele><time>2026-05-30T18:14:42Z</time><extensions><speed>3.018223</speed><course>189.911460</course><hAcc>1.531907</hAcc><vAcc>0.773553</vAcc></extensions></trkpt>
      <trkpt lon="35.024385" lat="31.894004"><ele>253.564913</ele><time>2026-05-30T18:14:43Z</time><extensions><speed>2.879468</speed><course>193.976941</course><hAcc>1.528452</hAcc><vAcc>0.772065</vAcc></extensions></trkpt>
      <trkpt lon="35.024376" lat="31.893979"><ele>253.611347</ele><time>2026-05-30T18:14:44Z</time><extensions><speed>2.871145</speed><course>197.525313</course><hAcc>1.519020</hAcc><vAcc>0.770391</vAcc></extensions></trkpt>
      <trkpt lon="35.024366" lat="31.893954"><ele>253.651229</ele><time>2026-05-30T18:14:45Z</time><extensions><speed>2.860491</speed><course>201.417146</course><hAcc>1.512803</hAcc><vAcc>0.768612</vAcc></extensions></trkpt>
      <trkpt lon="35.024354" lat="31.893931"><ele>253.698819</ele><time>2026-05-30T18:14:46Z</time><extensions><speed>2.861415</speed><course>205.122899</course><hAcc>1.504187</hAcc><vAcc>0.766939</vAcc></extensions></trkpt>
      <trkpt lon="35.024341" lat="31.893908"><ele>253.748964</ele><time>2026-05-30T18:14:47Z</time><extensions><speed>2.821883</speed><course>207.324447</course><hAcc>1.493235</hAcc><vAcc>0.765809</vAcc></extensions></trkpt>
      <trkpt lon="35.024327" lat="31.893886"><ele>253.799616</ele><time>2026-05-30T18:14:48Z</time><extensions><speed>2.707677</speed><course>208.787095</course><hAcc>1.484400</hAcc><vAcc>0.765332</vAcc></extensions></trkpt>
      <trkpt lon="35.024313" lat="31.893865"><ele>253.841632</ele><time>2026-05-30T18:14:49Z</time><extensions><speed>2.696150</speed><course>210.779816</course><hAcc>1.478026</hAcc><vAcc>0.765784</vAcc></extensions></trkpt>
      <trkpt lon="35.024299" lat="31.893844"><ele>253.876831</ele><time>2026-05-30T18:14:50Z</time><extensions><speed>2.661765</speed><course>212.230351</course><hAcc>1.472256</hAcc><vAcc>0.767145</vAcc></extensions></trkpt>
      <trkpt lon="35.024284" lat="31.893824"><ele>253.945510</ele><time>2026-05-30T18:14:51Z</time><extensions><speed>2.713032</speed><course>213.188880</course><hAcc>1.467452</hAcc><vAcc>0.769065</vAcc></extensions></trkpt>
      <trkpt lon="35.024268" lat="31.893803"><ele>254.006467</ele><time>2026-05-30T18:14:52Z</time><extensions><speed>2.800106</speed><course>213.475541</course><hAcc>1.460893</hAcc><vAcc>0.772240</vAcc></extensions></trkpt>
      <trkpt lon="35.024251" lat="31.893782"><ele>254.071828</ele><time>2026-05-30T18:14:53Z</time><extensions><speed>2.979157</speed><course>213.687674</course><hAcc>1.458970</hAcc><vAcc>0.776241</vAcc></extensions></trkpt>
      <trkpt lon="35.024233" lat="31.893760"><ele>254.109816</ele><time>2026-05-30T18:14:54Z</time><extensions><speed>3.009110</speed><course>215.487199</course><hAcc>1.455812</hAcc><vAcc>0.781079</vAcc></extensions></trkpt>
      <trkpt lon="35.024215" lat="31.893738"><ele>254.146294</ele><time>2026-05-30T18:14:55Z</time><extensions><speed>2.945483</speed><course>215.874679</course><hAcc>1.457865</hAcc><vAcc>0.786336</vAcc></extensions></trkpt>
      <trkpt lon="35.024198" lat="31.893716"><ele>254.194033</ele><time>2026-05-30T18:14:56Z</time><extensions><speed>2.916525</speed><course>213.543447</course><hAcc>1.449851</hAcc><vAcc>0.792142</vAcc></extensions></trkpt>
      <trkpt lon="35.024183" lat="31.893694"><ele>254.229673</ele><time>2026-05-30T18:14:57Z</time><extensions><speed>2.762631</speed><course>205.385950</course><hAcc>1.444161</hAcc><vAcc>0.798431</vAcc></extensions></trkpt>
      <trkpt lon="35.024176" lat="31.893672"><ele>254.258627</ele><time>2026-05-30T18:14:57Z</time><extensions><speed>2.432114</speed><course>187.009676</course><hAcc>1.439792</hAcc><vAcc>0.804600</vAcc></extensions></trkpt>
      <trkpt lon="35.024178" lat="31.893649"><ele>254.270424</ele><time>2026-05-30T18:14:58Z</time><extensions><speed>2.634284</speed><course>161.954633</course><hAcc>1.437370</hAcc><vAcc>0.810932</vAcc></extensions></trkpt>
      <trkpt lon="35.024193" lat="31.893628"><ele>254.265951</ele><time>2026-05-30T18:14:59Z</time><extensions><speed>2.920135</speed><course>139.883850</course><hAcc>1.440000</hAcc><vAcc>0.817244</vAcc></extensions></trkpt>
      <trkpt lon="35.024217" lat="31.893611"><ele>254.252694</ele><time>2026-05-30T18:15:00Z</time><extensions><speed>3.181965</speed><course>121.077782</course><hAcc>1.439156</hAcc><vAcc>0.823186</vAcc></extensions></trkpt>
      <trkpt lon="35.024247" lat="31.893598"><ele>254.231304</ele><time>2026-05-30T18:15:01Z</time><extensions><speed>3.210961</speed><course>111.746526</course><hAcc>1.445445</hAcc><vAcc>0.829234</vAcc></extensions></trkpt>
      <trkpt lon="35.024279" lat="31.893588"><ele>254.196819</ele><time>2026-05-30T18:15:02Z</time><extensions><speed>3.178107</speed><course>108.878547</course><hAcc>1.449422</hAcc><vAcc>0.834416</vAcc></extensions></trkpt>
      <trkpt lon="35.024311" lat="31.893578"><ele>254.145356</ele><time>2026-05-30T18:15:03Z</time><extensions><speed>3.191813</speed><course>109.839759</course><hAcc>1.453793</hAcc><vAcc>0.838514</vAcc></extensions></trkpt>
      <trkpt lon="35.024342" lat="31.893568"><ele>254.099752</ele><time>2026-05-30T18:15:04Z</time><extensions><speed>3.205915</speed><course>111.880152</course><hAcc>1.460768</hAcc><vAcc>0.842076</vAcc></extensions></trkpt>
      <trkpt lon="35.024373" lat="31.893556"><ele>254.036129</ele><time>2026-05-30T18:15:05Z</time><extensions><speed>3.200452</speed><course>115.459593</course><hAcc>1.461003</hAcc><vAcc>0.845569</vAcc></extensions></trkpt>
      <trkpt lon="35.024404" lat="31.893544"><ele>253.969432</ele><time>2026-05-30T18:15:06Z</time><extensions><speed>3.208162</speed><course>114.244259</course><hAcc>1.468186</hAcc><vAcc>0.848480</vAcc></extensions></trkpt>
      <trkpt lon="35.024434" lat="31.893533"><ele>253.933275</ele><time>2026-05-30T18:15:07Z</time><extensions><speed>3.076293</speed><course>113.986261</course><hAcc>1.472952</hAcc><vAcc>0.850874</vAcc></extensions></trkpt>
      <trkpt lon="35.024462" lat="31.893522"><ele>253.890215</ele><time>2026-05-30T18:15:08Z</time><extensions><speed>2.923331</speed><course>115.413656</course><hAcc>1.472455</hAcc><vAcc>0.852271</vAcc></extensions></trkpt>
      <trkpt lon="35.024489" lat="31.893510"><ele>253.845083</ele><time>2026-05-30T18:15:09Z</time><extensions><speed>2.867419</speed><course>115.924667</course><hAcc>1.475105</hAcc><vAcc>0.852585</vAcc></extensions></trkpt>
      <trkpt lon="35.024515" lat="31.893500"><ele>253.814973</ele><time>2026-05-30T18:15:10Z</time><extensions><speed>2.658590</speed><course>115.188420</course><hAcc>1.469060</hAcc><vAcc>0.852006</vAcc></extensions></trkpt>
      <trkpt lon="35.024540" lat="31.893490"><ele>253.787079</ele><time>2026-05-30T18:15:11Z</time><extensions><speed>2.544602</speed><course>112.670368</course><hAcc>1.462082</hAcc><vAcc>0.851282</vAcc></extensions></trkpt>
      <trkpt lon="35.024563" lat="31.893483"><ele>253.738775</ele><time>2026-05-30T18:15:12Z</time><extensions><speed>2.306178</speed><course>108.786639</course><hAcc>1.444288</hAcc><vAcc>0.848773</vAcc></extensions></trkpt>
      <trkpt lon="35.024586" lat="31.893476"><ele>253.683045</ele><time>2026-05-30T18:15:13Z</time><extensions><speed>2.146332</speed><course>107.290081</course><hAcc>1.423577</hAcc><vAcc>0.846279</vAcc></extensions></trkpt>
      <trkpt lon="35.024605" lat="31.893471"><ele>253.654358</ele><time>2026-05-30T18:15:14Z</time><extensions><speed>1.729203</speed><course>106.358237</course><hAcc>1.405814</hAcc><vAcc>0.843485</vAcc></extensions></trkpt>
      <trkpt lon="35.024620" lat="31.893469"><ele>253.625537</ele><time>2026-05-30T18:15:15Z</time><extensions><speed>1.179052</speed><course>95.982191</course><hAcc>1.392381</hAcc><vAcc>0.841229</vAcc></extensions></trkpt>
      <trkpt lon="35.024627" lat="31.893470"><ele>253.619331</ele><time>2026-05-30T18:15:16Z</time><extensions><speed>0.587194</speed><course>30.405918</course><hAcc>1.397517</hAcc><vAcc>0.839081</vAcc></extensions></trkpt>
      <trkpt lon="35.024624" lat="31.893477"><ele>253.600615</ele><time>2026-05-30T18:15:17Z</time><extensions><speed>1.435808</speed><course>316.156792</course><hAcc>1.401656</hAcc><vAcc>0.837427</vAcc></extensions></trkpt>
      <trkpt lon="35.024605" lat="31.893486"><ele>253.586539</ele><time>2026-05-30T18:15:18Z</time><extensions><speed>2.534544</speed><course>289.146092</course><hAcc>1.368819</hAcc><vAcc>0.836449</vAcc></extensions></trkpt>
      <trkpt lon="35.024576" lat="31.893492"><ele>253.611174</ele><time>2026-05-30T18:15:19Z</time><extensions><speed>3.152131</speed><course>279.792866</course><hAcc>1.357426</hAcc><vAcc>0.835491</vAcc></extensions></trkpt>
      <trkpt lon="35.024542" lat="31.893496"><ele>253.626188</ele><time>2026-05-30T18:15:20Z</time><extensions><speed>3.396863</speed><course>274.531982</course><hAcc>1.365364</hAcc><vAcc>0.835318</vAcc></extensions></trkpt>
      <trkpt lon="35.024507" lat="31.893498"><ele>253.642924</ele><time>2026-05-30T18:15:21Z</time><extensions><speed>3.238524</speed><course>273.528389</course><hAcc>1.381871</hAcc><vAcc>0.835558</vAcc></extensions></trkpt>
      <trkpt lon="35.024473" lat="31.893502"><ele>253.659628</ele><time>2026-05-30T18:15:22Z</time><extensions><speed>3.194003</speed><course>280.535861</course><hAcc>1.377890</hAcc><vAcc>0.837705</vAcc></extensions></trkpt>
      <trkpt lon="35.024440" lat="31.893509"><ele>253.668943</ele><time>2026-05-30T18:15:23Z</time><extensions><speed>3.146532</speed><course>287.830356</course><hAcc>1.381448</hAcc><vAcc>0.840020</vAcc></extensions></trkpt>
      <trkpt lon="35.024408" lat="31.893518"><ele>253.669215</ele><time>2026-05-30T18:15:24Z</time><extensions><speed>3.213793</speed><course>292.139179</course><hAcc>1.395651</hAcc><vAcc>0.841386</vAcc></extensions></trkpt>
      <trkpt lon="35.024377" lat="31.893530"><ele>253.668338</ele><time>2026-05-30T18:15:25Z</time><extensions><speed>3.220841</speed><course>294.481388</course><hAcc>1.415586</hAcc><vAcc>0.842777</vAcc></extensions></trkpt>
      <trkpt lon="35.024347" lat="31.893542"><ele>253.670303</ele><time>2026-05-30T18:15:26Z</time><extensions><speed>3.173564</speed><course>296.728965</course><hAcc>1.428145</hAcc><vAcc>0.843414</vAcc></extensions></trkpt>
      <trkpt lon="35.024317" lat="31.893556"><ele>253.661691</ele><time>2026-05-30T18:15:27Z</time><extensions><speed>3.094794</speed><course>299.505866</course><hAcc>1.438112</hAcc><vAcc>0.843372</vAcc></extensions></trkpt>
      <trkpt lon="35.024289" lat="31.893570"><ele>253.642407</ele><time>2026-05-30T18:15:28Z</time><extensions><speed>3.163999</speed><course>299.436209</course><hAcc>1.451926</hAcc><vAcc>0.842916</vAcc></extensions></trkpt>
      <trkpt lon="35.024259" lat="31.893583"><ele>253.627426</ele><time>2026-05-30T18:15:29Z</time><extensions><speed>3.110225</speed><course>296.739100</course><hAcc>1.462447</hAcc><vAcc>0.841760</vAcc></extensions></trkpt>
      <trkpt lon="35.024230" lat="31.893595"><ele>253.579989</ele><time>2026-05-30T18:15:30Z</time><extensions><speed>3.036031</speed><course>294.063165</course><hAcc>1.467721</hAcc><vAcc>0.840398</vAcc></extensions></trkpt>
      <trkpt lon="35.024201" lat="31.893605"><ele>253.510095</ele><time>2026-05-30T18:15:31Z</time><extensions><speed>2.981521</speed><course>290.960359</course><hAcc>1.475967</hAcc><vAcc>0.838620</vAcc></extensions></trkpt>
      <trkpt lon="35.024171" lat="31.893614"><ele>253.427700</ele><time>2026-05-30T18:15:32Z</time><extensions><speed>2.997451</speed><course>288.823333</course><hAcc>1.490018</hAcc><vAcc>0.836296</vAcc></extensions></trkpt>
      <trkpt lon="35.024141" lat="31.893623"><ele>253.337165</ele><time>2026-05-30T18:15:33Z</time><extensions><speed>2.971710</speed><course>288.720519</course><hAcc>1.490349</hAcc><vAcc>0.832859</vAcc></extensions></trkpt>
      <trkpt lon="35.024111" lat="31.893632"><ele>253.246261</ele><time>2026-05-30T18:15:34Z</time><extensions><speed>2.940942</speed><course>289.584258</course><hAcc>1.485160</hAcc><vAcc>0.828822</vAcc></extensions></trkpt>
      <trkpt lon="35.024082" lat="31.893640"><ele>253.153800</ele><time>2026-05-30T18:15:35Z</time><extensions><speed>2.829631</speed><course>286.592071</course><hAcc>1.486506</hAcc><vAcc>0.824303</vAcc></extensions></trkpt>
      <trkpt lon="35.024054" lat="31.893645"><ele>253.025958</ele><time>2026-05-30T18:15:36Z</time><extensions><speed>2.566938</speed><course>280.688957</course><hAcc>1.482702</hAcc><vAcc>0.819666</vAcc></extensions></trkpt>
      <trkpt lon="35.024028" lat="31.893648"><ele>252.906316</ele><time>2026-05-30T18:15:37Z</time><extensions><speed>2.434298</speed><course>273.687881</course><hAcc>1.481932</hAcc><vAcc>0.814834</vAcc></extensions></trkpt>
      <trkpt lon="35.024001" lat="31.893649"><ele>252.798214</ele><time>2026-05-30T18:15:38Z</time><extensions><speed>2.695091</speed><course>270.723751</course><hAcc>1.479942</hAcc><vAcc>0.811003</vAcc></extensions></trkpt>
      <trkpt lon="35.023971" lat="31.893650"><ele>252.684708</ele><time>2026-05-30T18:15:39Z</time><extensions><speed>2.861833</speed><course>271.879661</course><hAcc>1.475072</hAcc><vAcc>0.807717</vAcc></extensions></trkpt>
      <trkpt lon="35.023941" lat="31.893652"><ele>252.576760</ele><time>2026-05-30T18:15:40Z</time><extensions><speed>2.893191</speed><course>276.280703</course><hAcc>1.473812</hAcc><vAcc>0.805088</vAcc></extensions></trkpt>
      <trkpt lon="35.023911" lat="31.893655"><ele>252.506620</ele><time>2026-05-30T18:15:41Z</time><extensions><speed>2.907556</speed><course>279.456835</course><hAcc>1.472274</hAcc><vAcc>0.802774</vAcc></extensions></trkpt>
      <trkpt lon="35.023880" lat="31.893660"><ele>252.442119</ele><time>2026-05-30T18:15:42Z</time><extensions><speed>2.929650</speed><course>279.539752</course><hAcc>1.471930</hAcc><vAcc>0.800540</vAcc></extensions></trkpt>
      <trkpt lon="35.023849" lat="31.893663"><ele>252.400905</ele><time>2026-05-30T18:15:43Z</time><extensions><speed>2.915981</speed><course>276.148239</course><hAcc>1.474375</hAcc><vAcc>0.799048</vAcc></extensions></trkpt>
      <trkpt lon="35.023818" lat="31.893666"><ele>252.384711</ele><time>2026-05-30T18:15:44Z</time><extensions><speed>2.967162</speed><course>274.200772</course><hAcc>1.477209</hAcc><vAcc>0.797903</vAcc></extensions></trkpt>
      <trkpt lon="35.023786" lat="31.893667"><ele>252.368495</ele><time>2026-05-30T18:15:45Z</time><extensions><speed>2.978341</speed><course>272.893680</course><hAcc>1.484105</hAcc><vAcc>0.797708</vAcc></extensions></trkpt>
      <trkpt lon="35.023755" lat="31.893668"><ele>252.390944</ele><time>2026-05-30T18:15:46Z</time><extensions><speed>2.918440</speed><course>270.907341</course><hAcc>1.490734</hAcc><vAcc>0.798468</vAcc></extensions></trkpt>
      <trkpt lon="35.023723" lat="31.893669"><ele>252.430136</ele><time>2026-05-30T18:15:47Z</time><extensions><speed>3.009662</speed><course>272.853360</course><hAcc>1.496915</hAcc><vAcc>0.798899</vAcc></extensions></trkpt>
      <trkpt lon="35.023691" lat="31.893672"><ele>252.487754</ele><time>2026-05-30T18:15:48Z</time><extensions><speed>3.196177</speed><course>276.738802</course><hAcc>1.506455</hAcc><vAcc>0.799098</vAcc></extensions></trkpt>
      <trkpt lon="35.023657" lat="31.893676"><ele>252.558086</ele><time>2026-05-30T18:15:49Z</time><extensions><speed>3.159872</speed><course>281.169761</course><hAcc>1.511202</hAcc><vAcc>0.798614</vAcc></extensions></trkpt>
      <trkpt lon="35.023625" lat="31.893682"><ele>252.639484</ele><time>2026-05-30T18:15:50Z</time><extensions><speed>3.052626</speed><course>283.582312</course><hAcc>1.518493</hAcc><vAcc>0.797203</vAcc></extensions></trkpt>
      <trkpt lon="35.023594" lat="31.893689"><ele>252.725971</ele><time>2026-05-30T18:15:51Z</time><extensions><speed>2.998783</speed><course>284.502253</course><hAcc>1.527288</hAcc><vAcc>0.794839</vAcc></extensions></trkpt>
      <trkpt lon="35.023563" lat="31.893696"><ele>252.824994</ele><time>2026-05-30T18:15:52Z</time><extensions><speed>3.050477</speed><course>284.938319</course><hAcc>1.534772</hAcc><vAcc>0.791688</vAcc></extensions></trkpt>
      <trkpt lon="35.023532" lat="31.893702"><ele>252.924556</ele><time>2026-05-30T18:15:53Z</time><extensions><speed>3.029894</speed><course>281.937521</course><hAcc>1.538892</hAcc><vAcc>0.788148</vAcc></extensions></trkpt>
      <trkpt lon="35.023500" lat="31.893708"><ele>253.035898</ele><time>2026-05-30T18:15:54Z</time><extensions><speed>3.081532</speed><course>282.383567</course><hAcc>1.540322</hAcc><vAcc>0.784421</vAcc></extensions></trkpt>
      <trkpt lon="35.023468" lat="31.893714"><ele>253.142892</ele><time>2026-05-30T18:15:55Z</time><extensions><speed>3.161954</speed><course>283.558864</course><hAcc>1.546555</hAcc><vAcc>0.781154</vAcc></extensions></trkpt>
      <trkpt lon="35.023435" lat="31.893721"><ele>253.230654</ele><time>2026-05-30T18:15:56Z</time><extensions><speed>3.161858</speed><course>283.690909</course><hAcc>1.550674</hAcc><vAcc>0.778349</vAcc></extensions></trkpt>
      <trkpt lon="35.023402" lat="31.893728"><ele>253.325622</ele><time>2026-05-30T18:15:57Z</time><extensions><speed>3.148852</speed><course>283.114735</course><hAcc>1.551980</hAcc><vAcc>0.776094</vAcc></extensions></trkpt>
      <trkpt lon="35.023370" lat="31.893734"><ele>253.405316</ele><time>2026-05-30T18:15:58Z</time><extensions><speed>3.077887</speed><course>283.401313</course><hAcc>1.555411</hAcc><vAcc>0.774478</vAcc></extensions></trkpt>
      <trkpt lon="35.023339" lat="31.893740"><ele>253.473539</ele><time>2026-05-30T18:15:59Z</time><extensions><speed>2.937510</speed><course>282.739520</course><hAcc>1.556298</hAcc><vAcc>0.773932</vAcc></extensions></trkpt>
      <trkpt lon="35.023309" lat="31.893747"><ele>253.529144</ele><time>2026-05-30T18:16:00Z</time><extensions><speed>2.867110</speed><course>284.351388</course><hAcc>1.558593</hAcc><vAcc>0.774247</vAcc></extensions></trkpt>
      <trkpt lon="35.023279" lat="31.893753"><ele>253.570813</ele><time>2026-05-30T18:16:01Z</time><extensions><speed>2.810323</speed><course>284.773891</course><hAcc>1.557594</hAcc><vAcc>0.775753</vAcc></extensions></trkpt>
      <trkpt lon="35.023251" lat="31.893761"><ele>253.577006</ele><time>2026-05-30T18:16:02Z</time><extensions><speed>2.730482</speed><course>288.412227</course><hAcc>1.553722</hAcc><vAcc>0.778217</vAcc></extensions></trkpt>
      <trkpt lon="35.023223" lat="31.893769"><ele>253.562572</ele><time>2026-05-30T18:16:03Z</time><extensions><speed>2.847132</speed><course>291.182738</course><hAcc>1.544546</hAcc><vAcc>0.781987</vAcc></extensions></trkpt>
      <trkpt lon="35.023194" lat="31.893779"><ele>253.538808</ele><time>2026-05-30T18:16:04Z</time><extensions><speed>3.033010</speed><course>293.497652</course><hAcc>1.539562</hAcc><vAcc>0.787344</vAcc></extensions></trkpt>
      <trkpt lon="35.023165" lat="31.893790"><ele>253.522616</ele><time>2026-05-30T18:16:05Z</time><extensions><speed>3.015249</speed><course>293.786180</course><hAcc>1.550818</hAcc><vAcc>0.793274</vAcc></extensions></trkpt>
      <trkpt lon="35.023138" lat="31.893801"><ele>253.476264</ele><time>2026-05-30T18:16:06Z</time><extensions><speed>2.522275</speed><course>295.746005</course><hAcc>1.568818</hAcc><vAcc>0.800342</vAcc></extensions></trkpt>
      <trkpt lon="35.023113" lat="31.893812"><ele>253.404112</ele><time>2026-05-30T18:16:07Z</time><extensions><speed>2.854680</speed><course>297.906529</course><hAcc>1.556878</hAcc><vAcc>0.808091</vAcc></extensions></trkpt>
      <trkpt lon="35.023086" lat="31.893826"><ele>253.318974</ele><time>2026-05-30T18:16:08Z</time><extensions><speed>3.037286</speed><course>303.627371</course><hAcc>1.558587</hAcc><vAcc>0.815253</vAcc></extensions></trkpt>
      <trkpt lon="35.023059" lat="31.893842"><ele>253.224053</ele><time>2026-05-30T18:16:09Z</time><extensions><speed>3.179262</speed><course>306.197388</course><hAcc>1.569812</hAcc><vAcc>0.821877</vAcc></extensions></trkpt>
      <trkpt lon="35.023032" lat="31.893859"><ele>253.109190</ele><time>2026-05-30T18:16:10Z</time><extensions><speed>3.148664</speed><course>305.937175</course><hAcc>1.579185</hAcc><vAcc>0.828227</vAcc></extensions></trkpt>
      <trkpt lon="35.023005" lat="31.893875"><ele>253.016911</ele><time>2026-05-30T18:16:11Z</time><extensions><speed>2.991579</speed><course>305.054114</course><hAcc>1.588696</hAcc><vAcc>0.834692</vAcc></extensions></trkpt>
      <trkpt lon="35.022980" lat="31.893890"><ele>252.917840</ele><time>2026-05-30T18:16:12Z</time><extensions><speed>2.874097</speed><course>305.673331</course><hAcc>1.596555</hAcc><vAcc>0.839832</vAcc></extensions></trkpt>
      <trkpt lon="35.022956" lat="31.893906"><ele>252.801774</ele><time>2026-05-30T18:16:13Z</time><extensions><speed>2.831634</speed><course>308.551896</course><hAcc>1.596803</hAcc><vAcc>0.844497</vAcc></extensions></trkpt>
      <trkpt lon="35.022933" lat="31.893922"><ele>252.690068</ele><time>2026-05-30T18:16:14Z</time><extensions><speed>2.682504</speed><course>311.521157</course><hAcc>1.595300</hAcc><vAcc>0.847444</vAcc></extensions></trkpt>
      <trkpt lon="35.022913" lat="31.893938"><ele>252.555815</ele><time>2026-05-30T18:16:15Z</time><extensions><speed>2.447788</speed><course>313.210606</course><hAcc>1.591278</hAcc><vAcc>0.849799</vAcc></extensions></trkpt>
      <trkpt lon="35.022895" lat="31.893953"><ele>252.429074</ele><time>2026-05-30T18:16:16Z</time><extensions><speed>2.362540</speed><course>316.951083</course><hAcc>1.587932</hAcc><vAcc>0.850268</vAcc></extensions></trkpt>
      <trkpt lon="35.022877" lat="31.893969"><ele>252.296373</ele><time>2026-05-30T18:16:17Z</time><extensions><speed>2.535743</speed><course>316.044291</course><hAcc>1.569729</hAcc><vAcc>0.848909</vAcc></extensions></trkpt>
      <trkpt lon="35.022857" lat="31.893986"><ele>252.157600</ele><time>2026-05-30T18:16:18Z</time><extensions><speed>2.806850</speed><course>312.438045</course><hAcc>1.557680</hAcc><vAcc>0.845706</vAcc></extensions></trkpt>
      <trkpt lon="35.022834" lat="31.894003"><ele>252.016418</ele><time>2026-05-30T18:16:19Z</time><extensions><speed>2.817819</speed><course>309.589787</course><hAcc>1.554390</hAcc><vAcc>0.841332</vAcc></extensions></trkpt>
      <trkpt lon="35.022811" lat="31.894019"><ele>251.856699</ele><time>2026-05-30T18:16:20Z</time><extensions><speed>2.808535</speed><course>307.950008</course><hAcc>1.549469</hAcc><vAcc>0.836035</vAcc></extensions></trkpt>
      <trkpt lon="35.022788" lat="31.894035"><ele>251.709100</ele><time>2026-05-30T18:16:22Z</time><extensions><speed>2.813419</speed><course>309.616513</course><hAcc>1.544530</hAcc><vAcc>0.830011</vAcc></extensions></trkpt>
      <trkpt lon="35.022765" lat="31.894051"><ele>251.568049</ele><time>2026-05-30T18:16:23Z</time><extensions><speed>2.853257</speed><course>311.623585</course><hAcc>1.536920</hAcc><vAcc>0.823462</vAcc></extensions></trkpt>
      <trkpt lon="35.022742" lat="31.894068"><ele>251.405613</ele><time>2026-05-30T18:16:24Z</time><extensions><speed>2.914288</speed><course>310.075462</course><hAcc>1.540405</hAcc><vAcc>0.816589</vAcc></extensions></trkpt>
      <trkpt lon="35.022718" lat="31.894085"><ele>251.234553</ele><time>2026-05-30T18:16:25Z</time><extensions><speed>2.993534</speed><course>309.855256</course><hAcc>1.536699</hAcc><vAcc>0.809565</vAcc></extensions></trkpt>
      <trkpt lon="35.022694" lat="31.894102"><ele>251.067130</ele><time>2026-05-30T18:16:26Z</time><extensions><speed>2.979560</speed><course>309.292021</course><hAcc>1.535041</hAcc><vAcc>0.802508</vAcc></extensions></trkpt>
      <trkpt lon="35.022669" lat="31.894120"><ele>250.901517</ele><time>2026-05-30T18:16:27Z</time><extensions><speed>3.160524</speed><course>308.738376</course><hAcc>1.530546</hAcc><vAcc>0.795704</vAcc></extensions></trkpt>
      <trkpt lon="35.022643" lat="31.894137"><ele>250.737396</ele><time>2026-05-30T18:16:28Z</time><extensions><speed>3.233549</speed><course>307.353821</course><hAcc>1.522216</hAcc><vAcc>0.789489</vAcc></extensions></trkpt>
      <trkpt lon="35.022617" lat="31.894155"><ele>250.577072</ele><time>2026-05-30T18:16:29Z</time><extensions><speed>3.051880</speed><course>308.727036</course><hAcc>1.516058</hAcc><vAcc>0.783599</vAcc></extensions></trkpt>
      <trkpt lon="35.022593" lat="31.894172"><ele>250.421043</ele><time>2026-05-30T18:16:30Z</time><extensions><speed>2.859065</speed><course>311.415794</course><hAcc>1.507603</hAcc><vAcc>0.778428</vAcc></extensions></trkpt>
      <trkpt lon="35.022572" lat="31.894189"><ele>250.270567</ele><time>2026-05-30T18:16:31Z</time><extensions><speed>2.728326</speed><course>313.968587</course><hAcc>1.495710</hAcc><vAcc>0.774074</vAcc></extensions></trkpt>
      <trkpt lon="35.022552" lat="31.894205"><ele>250.140404</ele><time>2026-05-30T18:16:32Z</time><extensions><speed>2.452735</speed><course>315.690947</course><hAcc>1.480147</hAcc><vAcc>0.770550</vAcc></extensions></trkpt>
      <trkpt lon="35.022535" lat="31.894221"><ele>250.026916</ele><time>2026-05-30T18:16:33Z</time><extensions><speed>2.419901</speed><course>317.942143</course><hAcc>1.466391</hAcc><vAcc>0.767809</vAcc></extensions></trkpt>
      <trkpt lon="35.022518" lat="31.894237"><ele>249.928070</ele><time>2026-05-30T18:16:34Z</time><extensions><speed>2.353282</speed><course>319.408202</course><hAcc>1.460710</hAcc><vAcc>0.765894</vAcc></extensions></trkpt>
      <trkpt lon="35.022503" lat="31.894253"><ele>249.840921</ele><time>2026-05-30T18:16:35Z</time><extensions><speed>2.148714</speed><course>321.383392</course><hAcc>1.469219</hAcc><vAcc>0.764776</vAcc></extensions></trkpt>
      <trkpt lon="35.022492" lat="31.894268"><ele>249.771624</ele><time>2026-05-30T18:16:36Z</time><extensions><speed>1.785035</speed><course>334.463676</course><hAcc>1.463111</hAcc><vAcc>0.763912</vAcc></extensions></trkpt>
      <trkpt lon="35.022487" lat="31.894282"><ele>249.716057</ele><time>2026-05-30T18:16:37Z</time><extensions><speed>1.519013</speed><course>354.728121</course><hAcc>1.480215</hAcc><vAcc>0.763348</vAcc></extensions></trkpt>
      <trkpt lon="35.022488" lat="31.894292"><ele>249.672211</ele><time>2026-05-30T18:16:38Z</time><extensions><speed>0.825871</speed><course>19.701093</course><hAcc>1.507538</hAcc><vAcc>0.763003</vAcc></extensions></trkpt>
      <trkpt lon="35.022491" lat="31.894296"><ele>249.641694</ele><time>2026-05-30T18:16:39Z</time><extensions><speed>0.402563</speed><course>71.233947</course><hAcc>1.496775</hAcc><vAcc>0.762846</vAcc></extensions></trkpt>
      <trkpt lon="35.022495" lat="31.894296"><ele>249.626872</ele><time>2026-05-30T18:16:40Z</time><extensions><speed>0.307276</speed><course>104.478262</course><hAcc>1.509403</hAcc><vAcc>0.762817</vAcc></extensions></trkpt>
      <trkpt lon="35.022497" lat="31.894295"><ele>249.623809</ele><time>2026-05-30T18:16:41Z</time><extensions><speed>0.181052</speed><course>126.180926</course><hAcc>1.543868</hAcc><vAcc>0.762752</vAcc></extensions></trkpt>
      <trkpt lon="35.022498" lat="31.894295"><ele>249.639297</ele><time>2026-05-30T18:16:42Z</time><extensions><speed>0.081937</speed><course>157.656139</course><hAcc>1.571202</hAcc><vAcc>0.762743</vAcc></extensions></trkpt>
      <trkpt lon="35.022498" lat="31.894294"><ele>249.663728</ele><time>2026-05-30T18:16:43Z</time><extensions><speed>0.062409</speed><course>200.089397</course><hAcc>1.573673</hAcc><vAcc>0.762761</vAcc></extensions></trkpt>
      <trkpt lon="35.022498" lat="31.894293"><ele>249.702276</ele><time>2026-05-30T18:16:44Z</time><extensions><speed>0.096876</speed><course>203.692486</course><hAcc>1.593575</hAcc><vAcc>0.762758</vAcc></extensions></trkpt>
      <trkpt lon="35.022497" lat="31.894292"><ele>249.727857</ele><time>2026-05-30T18:16:45Z</time><extensions><speed>0.127948</speed><course>195.622597</course><hAcc>1.600441</hAcc><vAcc>0.762681</vAcc></extensions></trkpt>
      <trkpt lon="35.022497" lat="31.894291"><ele>249.763155</ele><time>2026-05-30T18:16:46Z</time><extensions><speed>0.206354</speed><course>187.763526</course><hAcc>1.609295</hAcc><vAcc>0.762501</vAcc></extensions></trkpt>
      <trkpt lon="35.022497" lat="31.894289"><ele>249.788802</ele><time>2026-05-30T18:16:47Z</time><extensions><speed>0.289314</speed><course>184.930806</course><hAcc>1.603746</hAcc><vAcc>0.762225</vAcc></extensions></trkpt>
      <trkpt lon="35.022496" lat="31.894286"><ele>249.808504</ele><time>2026-05-30T18:16:48Z</time><extensions><speed>0.333420</speed><course>185.046502</course><hAcc>1.599494</hAcc><vAcc>0.761869</vAcc></extensions></trkpt>
      <trkpt lon="35.022496" lat="31.894283"><ele>249.823442</ele><time>2026-05-30T18:16:49Z</time><extensions><speed>0.259528</speed><course>182.017568</course><hAcc>1.585463</hAcc><vAcc>0.761432</vAcc></extensions></trkpt>
      <trkpt lon="35.022496" lat="31.894282"><ele>249.840932</ele><time>2026-05-30T18:16:50Z</time><extensions><speed>0.123218</speed><course>173.585557</course><hAcc>1.569713</hAcc><vAcc>0.760916</vAcc></extensions></trkpt>
      <trkpt lon="35.022496" lat="31.894280"><ele>249.845452</ele><time>2026-05-30T18:16:51Z</time><extensions><speed>0.203141</speed><course>197.238072</course><hAcc>1.563989</hAcc><vAcc>0.760344</vAcc></extensions></trkpt>
      <trkpt lon="35.022494" lat="31.894278"><ele>249.847123</ele><time>2026-05-30T18:16:52Z</time><extensions><speed>0.471236</speed><course>214.502466</course><hAcc>1.566460</hAcc><vAcc>0.759757</vAcc></extensions></trkpt>
      <trkpt lon="35.022488" lat="31.894273"><ele>249.864228</ele><time>2026-05-30T18:16:53Z</time><extensions><speed>0.992671</speed><course>229.386393</course><hAcc>1.540187</hAcc><vAcc>0.759195</vAcc></extensions></trkpt>
      <trkpt lon="35.022478" lat="31.894266"><ele>249.863756</ele><time>2026-05-30T18:16:54Z</time><extensions><speed>1.526712</speed><course>228.626165</course><hAcc>1.533756</hAcc><vAcc>0.758683</vAcc></extensions></trkpt>
      <trkpt lon="35.022463" lat="31.894256"><ele>249.849953</ele><time>2026-05-30T18:16:55Z</time><extensions><speed>1.902573</speed><course>237.440545</course><hAcc>1.536669</hAcc><vAcc>0.758238</vAcc></extensions></trkpt>
      <trkpt lon="35.022444" lat="31.894249"><ele>249.822323</ele><time>2026-05-30T18:16:56Z</time><extensions><speed>2.232082</speed><course>253.707283</course><hAcc>1.534217</hAcc><vAcc>0.758184</vAcc></extensions></trkpt>
      <trkpt lon="35.022418" lat="31.894246"><ele>249.796280</ele><time>2026-05-30T18:16:57Z</time><extensions><speed>2.670095</speed><course>271.417028</course><hAcc>1.528145</hAcc><vAcc>0.758426</vAcc></extensions></trkpt>
      <trkpt lon="35.022390" lat="31.894250"><ele>249.763826</ele><time>2026-05-30T18:16:58Z</time><extensions><speed>2.690494</speed><course>283.515946</course><hAcc>1.528856</hAcc><vAcc>0.758897</vAcc></extensions></trkpt>
      <trkpt lon="35.022364" lat="31.894257"><ele>249.725004</ele><time>2026-05-30T18:16:59Z</time><extensions><speed>2.572452</speed><course>292.406899</course><hAcc>1.542159</hAcc><vAcc>0.759948</vAcc></extensions></trkpt>
      <trkpt lon="35.022339" lat="31.894267"><ele>249.690639</ele><time>2026-05-30T18:17:00Z</time><extensions><speed>2.573878</speed><course>299.985921</course><hAcc>1.550317</hAcc><vAcc>0.761379</vAcc></extensions></trkpt>
      <trkpt lon="35.022316" lat="31.894281"><ele>249.656681</ele><time>2026-05-30T18:17:00Z</time><extensions><speed>2.796354</speed><course>308.919032</course><hAcc>1.535569</hAcc><vAcc>0.762856</vAcc></extensions></trkpt>
      <trkpt lon="35.022292" lat="31.894298"><ele>249.611869</ele><time>2026-05-30T18:17:01Z</time><extensions><speed>3.106156</speed><course>312.025533</course><hAcc>1.523491</hAcc><vAcc>0.764343</vAcc></extensions></trkpt>
      <trkpt lon="35.022267" lat="31.894317"><ele>249.567490</ele><time>2026-05-30T18:17:02Z</time><extensions><speed>3.214563</speed><course>309.858386</course><hAcc>1.506732</hAcc><vAcc>0.765980</vAcc></extensions></trkpt>
      <trkpt lon="35.022242" lat="31.894334"><ele>249.528553</ele><time>2026-05-30T18:17:03Z</time><extensions><speed>2.836327</speed><course>306.075271</course><hAcc>1.483581</hAcc><vAcc>0.767688</vAcc></extensions></trkpt>
      <trkpt lon="35.022218" lat="31.894348"><ele>249.461872</ele><time>2026-05-30T18:17:04Z</time><extensions><speed>2.758575</speed><course>305.505137</course><hAcc>1.459035</hAcc><vAcc>0.769350</vAcc></extensions></trkpt>
      <trkpt lon="35.022195" lat="31.894362"><ele>249.397056</ele><time>2026-05-30T18:17:05Z</time><extensions><speed>2.606928</speed><course>304.594070</course><hAcc>1.440095</hAcc><vAcc>0.770803</vAcc></extensions></trkpt>
      <trkpt lon="35.022172" lat="31.894376"><ele>249.337670</ele><time>2026-05-30T18:17:06Z</time><extensions><speed>2.524024</speed><course>305.726433</course><hAcc>1.418544</hAcc><vAcc>0.771867</vAcc></extensions></trkpt>
      <trkpt lon="35.022150" lat="31.894391"><ele>249.272714</ele><time>2026-05-30T18:17:07Z</time><extensions><speed>2.863787</speed><course>312.218361</course><hAcc>1.396648</hAcc><vAcc>0.772390</vAcc></extensions></trkpt>
      <trkpt lon="35.022127" lat="31.894408"><ele>249.232812</ele><time>2026-05-30T18:17:08Z</time><extensions><speed>2.898569</speed><course>311.172047</course><hAcc>1.378597</hAcc><vAcc>0.772282</vAcc></extensions></trkpt>
      <trkpt lon="35.022104" lat="31.894426"><ele>249.202021</ele><time>2026-05-30T18:17:09Z</time><extensions><speed>2.949411</speed><course>311.886625</course><hAcc>1.362532</hAcc><vAcc>0.771532</vAcc></extensions></trkpt>
      <trkpt lon="35.022081" lat="31.894443"><ele>249.161109</ele><time>2026-05-30T18:17:10Z</time><extensions><speed>2.893227</speed><course>312.230160</course><hAcc>1.361005</hAcc><vAcc>0.770236</vAcc></extensions></trkpt>
      <trkpt lon="35.022059" lat="31.894459"><ele>249.118483</ele><time>2026-05-30T18:17:11Z</time><extensions><speed>2.543984</speed><course>307.714445</course><hAcc>1.355302</hAcc><vAcc>0.768603</vAcc></extensions></trkpt>
      <trkpt lon="35.022037" lat="31.894472"><ele>249.119429</ele><time>2026-05-30T18:17:12Z</time><extensions><speed>2.521621</speed><course>303.325230</course><hAcc>1.347026</hAcc><vAcc>0.767180</vAcc></extensions></trkpt>
      <trkpt lon="35.022014" lat="31.894484"><ele>249.100967</ele><time>2026-05-30T18:17:13Z</time><extensions><speed>2.642510</speed><course>300.087134</course><hAcc>1.352746</hAcc><vAcc>0.765898</vAcc></extensions></trkpt>
      <trkpt lon="35.021989" lat="31.894497"><ele>249.108469</ele><time>2026-05-30T18:17:14Z</time><extensions><speed>2.744669</speed><course>300.636587</course><hAcc>1.377245</hAcc><vAcc>0.764827</vAcc></extensions></trkpt>
      <trkpt lon="35.021963" lat="31.894510"><ele>249.128734</ele><time>2026-05-30T18:17:15Z</time><extensions><speed>2.967905</speed><course>303.684465</course><hAcc>1.375165</hAcc><vAcc>0.763984</vAcc></extensions></trkpt>
      <trkpt lon="35.021937" lat="31.894524"><ele>249.148518</ele><time>2026-05-30T18:17:16Z</time><extensions><speed>2.739732</speed><course>300.087265</course><hAcc>1.390203</hAcc><vAcc>0.763392</vAcc></extensions></trkpt>
      <trkpt lon="35.021912" lat="31.894536"><ele>249.192105</ele><time>2026-05-30T18:17:17Z</time><extensions><speed>2.664143</speed><course>298.415486</course><hAcc>1.420192</hAcc><vAcc>0.763346</vAcc></extensions></trkpt>
      <trkpt lon="35.021886" lat="31.894547"><ele>249.235288</ele><time>2026-05-30T18:17:18Z</time><extensions><speed>2.703908</speed><course>293.332234</course><hAcc>1.429697</hAcc><vAcc>0.763941</vAcc></extensions></trkpt>
      <trkpt lon="35.021859" lat="31.894555"><ele>249.268665</ele><time>2026-05-30T18:17:19Z</time><extensions><speed>2.815321</speed><course>287.350655</course><hAcc>1.450546</hAcc><vAcc>0.765380</vAcc></extensions></trkpt>
      <trkpt lon="35.021829" lat="31.894563"><ele>249.312685</ele><time>2026-05-30T18:17:20Z</time><extensions><speed>3.087070</speed><course>287.248548</course><hAcc>1.484002</hAcc><vAcc>0.767657</vAcc></extensions></trkpt>
      <trkpt lon="35.021797" lat="31.894571"><ele>249.362639</ele><time>2026-05-30T18:17:21Z</time><extensions><speed>3.251633</speed><course>284.912773</course><hAcc>1.517148</hAcc><vAcc>0.771229</vAcc></extensions></trkpt>
      <trkpt lon="35.021764" lat="31.894580"><ele>249.415383</ele><time>2026-05-30T18:17:22Z</time><extensions><speed>3.144341</speed><course>288.444349</course><hAcc>1.558585</hAcc><vAcc>0.774070</vAcc></extensions></trkpt>
      <trkpt lon="35.021733" lat="31.894590"><ele>249.478339</ele><time>2026-05-30T18:17:23Z</time><extensions><speed>3.206303</speed><course>294.726409</course><hAcc>1.578066</hAcc><vAcc>0.778242</vAcc></extensions></trkpt>
      <trkpt lon="35.021703" lat="31.894603"><ele>249.535208</ele><time>2026-05-30T18:17:24Z</time><extensions><speed>3.129848</speed><course>297.327722</course><hAcc>1.598925</hAcc><vAcc>0.783815</vAcc></extensions></trkpt>
      <trkpt lon="35.021673" lat="31.894617"><ele>249.578006</ele><time>2026-05-30T18:17:25Z</time><extensions><speed>3.201297</speed><course>301.160082</course><hAcc>1.628036</hAcc><vAcc>0.791160</vAcc></extensions></trkpt>
      <trkpt lon="35.021644" lat="31.894633"><ele>249.619874</ele><time>2026-05-30T18:17:26Z</time><extensions><speed>3.268209</speed><course>302.264646</course><hAcc>1.647926</hAcc><vAcc>0.800046</vAcc></extensions></trkpt>
      <trkpt lon="35.021615" lat="31.894648"><ele>249.662994</ele><time>2026-05-30T18:17:27Z</time><extensions><speed>3.267439</speed><course>300.846696</course><hAcc>1.672603</hAcc><vAcc>0.810649</vAcc></extensions></trkpt>
      <trkpt lon="35.021585" lat="31.894664"><ele>249.702171</ele><time>2026-05-30T18:17:28Z</time><extensions><speed>3.395710</speed><course>301.668616</course><hAcc>1.684267</hAcc><vAcc>0.823330</vAcc></extensions></trkpt>
      <trkpt lon="35.021555" lat="31.894681"><ele>249.740248</ele><time>2026-05-30T18:17:29Z</time><extensions><speed>3.363111</speed><course>304.312343</course><hAcc>1.702635</hAcc><vAcc>0.837722</vAcc></extensions></trkpt>
      <trkpt lon="35.021527" lat="31.894699"><ele>249.754668</ele><time>2026-05-30T18:17:30Z</time><extensions><speed>3.246940</speed><course>306.957717</course><hAcc>1.726006</hAcc><vAcc>0.852675</vAcc></extensions></trkpt>
      <trkpt lon="35.021500" lat="31.894717"><ele>249.774164</ele><time>2026-05-30T18:17:31Z</time><extensions><speed>3.200657</speed><course>311.948379</course><hAcc>1.745434</hAcc><vAcc>0.867004</vAcc></extensions></trkpt>
      <trkpt lon="35.021476" lat="31.894737"><ele>249.803165</ele><time>2026-05-30T18:17:32Z</time><extensions><speed>3.145777</speed><course>315.487195</course><hAcc>1.765060</hAcc><vAcc>0.880970</vAcc></extensions></trkpt>
      <trkpt lon="35.021453" lat="31.894758"><ele>249.810620</ele><time>2026-05-30T18:17:33Z</time><extensions><speed>3.314029</speed><course>316.476055</course><hAcc>1.787291</hAcc><vAcc>0.893384</vAcc></extensions></trkpt>
      <trkpt lon="35.021429" lat="31.894781"><ele>249.809469</ele><time>2026-05-30T18:17:34Z</time><extensions><speed>3.402948</speed><course>318.753437</course><hAcc>1.806293</hAcc><vAcc>0.903168</vAcc></extensions></trkpt>
      <trkpt lon="35.021405" lat="31.894805"><ele>249.814585</ele><time>2026-05-30T18:17:35Z</time><extensions><speed>3.598919</speed><course>319.831021</course><hAcc>1.824718</hAcc><vAcc>0.911810</vAcc></extensions></trkpt>
      <trkpt lon="35.021380" lat="31.894830"><ele>249.817507</ele><time>2026-05-30T18:17:36Z</time><extensions><speed>3.556099</speed><course>319.959404</course><hAcc>1.835838</hAcc><vAcc>0.921799</vAcc></extensions></trkpt>
      <trkpt lon="35.021358" lat="31.894853"><ele>249.820336</ele><time>2026-05-30T18:17:37Z</time><extensions><speed>3.172454</speed><course>323.131510</course><hAcc>1.840513</hAcc><vAcc>0.931438</vAcc></extensions></trkpt>
      <trkpt lon="35.021339" lat="31.894875"><ele>249.852043</ele><time>2026-05-30T18:17:38Z</time><extensions><speed>2.910763</speed><course>323.705299</course><hAcc>1.849154</hAcc><vAcc>0.939249</vAcc></extensions></trkpt>
      <trkpt lon="35.021321" lat="31.894895"><ele>249.846358</ele><time>2026-05-30T18:17:39Z</time><extensions><speed>2.640493</speed><course>321.606881</course><hAcc>1.855107</hAcc><vAcc>0.944724</vAcc></extensions></trkpt>
      <trkpt lon="35.021303" lat="31.894915"><ele>249.845131</ele><time>2026-05-30T18:17:40Z</time><extensions><speed>2.868880</speed><course>320.376918</course><hAcc>1.857973</hAcc><vAcc>0.946054</vAcc></extensions></trkpt>
      <trkpt lon="35.021282" lat="31.894935"><ele>249.859604</ele><time>2026-05-30T18:17:41Z</time><extensions><speed>3.092057</speed><course>317.466284</course><hAcc>1.862246</hAcc><vAcc>0.943640</vAcc></extensions></trkpt>
      <trkpt lon="35.021260" lat="31.894955"><ele>249.848012</ele><time>2026-05-30T18:17:42Z</time><extensions><speed>3.037356</speed><course>315.864883</course><hAcc>1.863683</hAcc><vAcc>0.939696</vAcc></extensions></trkpt>
      <trkpt lon="35.021238" lat="31.894975"><ele>249.813257</ele><time>2026-05-30T18:17:43Z</time><extensions><speed>3.122704</speed><course>314.800417</course><hAcc>1.862516</hAcc><vAcc>0.935568</vAcc></extensions></trkpt>
      <trkpt lon="35.021215" lat="31.894994"><ele>249.800551</ele><time>2026-05-30T18:17:44Z</time><extensions><speed>3.080439</speed><course>313.539015</course><hAcc>1.858872</hAcc><vAcc>0.929279</vAcc></extensions></trkpt>
      <trkpt lon="35.021191" lat="31.895013"><ele>249.790680</ele><time>2026-05-30T18:17:45Z</time><extensions><speed>3.072376</speed><course>312.876783</course><hAcc>1.859701</hAcc><vAcc>0.921597</vAcc></extensions></trkpt>
      <trkpt lon="35.021168" lat="31.895032"><ele>249.793786</ele><time>2026-05-30T18:17:46Z</time><extensions><speed>2.900818</speed><course>312.881226</course><hAcc>1.864906</hAcc><vAcc>0.914089</vAcc></extensions></trkpt>
      <trkpt lon="35.021147" lat="31.895049"><ele>249.807019</ele><time>2026-05-30T18:17:47Z</time><extensions><speed>2.720708</speed><course>313.794114</course><hAcc>1.865085</hAcc><vAcc>0.904727</vAcc></extensions></trkpt>
      <trkpt lon="35.021126" lat="31.895066"><ele>249.812614</ele><time>2026-05-30T18:17:48Z</time><extensions><speed>2.713385</speed><course>313.951163</course><hAcc>1.863808</hAcc><vAcc>0.896045</vAcc></extensions></trkpt>
      <trkpt lon="35.021106" lat="31.895083"><ele>249.822929</ele><time>2026-05-30T18:17:49Z</time><extensions><speed>2.723032</speed><course>317.378113</course><hAcc>1.866040</hAcc><vAcc>0.886896</vAcc></extensions></trkpt>
      <trkpt lon="35.021086" lat="31.895102"><ele>249.828578</ele><time>2026-05-30T18:17:50Z</time><extensions><speed>2.797969</speed><course>320.068134</course><hAcc>1.873125</hAcc><vAcc>0.877741</vAcc></extensions></trkpt>
      <trkpt lon="35.021068" lat="31.895122"><ele>249.843850</ele><time>2026-05-30T18:17:51Z</time><extensions><speed>2.824921</speed><course>324.231908</course><hAcc>1.869001</hAcc><vAcc>0.868814</vAcc></extensions></trkpt>
      <trkpt lon="35.021052" lat="31.895142"><ele>249.844580</ele><time>2026-05-30T18:17:52Z</time><extensions><speed>2.730699</speed><course>327.691655</course><hAcc>1.874305</hAcc><vAcc>0.861001</vAcc></extensions></trkpt>
      <trkpt lon="35.021035" lat="31.895163"><ele>249.862622</ele><time>2026-05-30T18:17:53Z</time><extensions><speed>2.782628</speed><course>324.152178</course><hAcc>1.884253</hAcc><vAcc>0.854701</vAcc></extensions></trkpt>
      <trkpt lon="35.021017" lat="31.895182"><ele>249.876770</ele><time>2026-05-30T18:17:54Z</time><extensions><speed>2.774620</speed><course>317.914941</course><hAcc>1.894829</hAcc><vAcc>0.849837</vAcc></extensions></trkpt>
      <trkpt lon="35.020996" lat="31.895200"><ele>249.876497</ele><time>2026-05-30T18:17:55Z</time><extensions><speed>2.746749</speed><course>312.715912</course><hAcc>1.906012</hAcc><vAcc>0.847101</vAcc></extensions></trkpt>
      <trkpt lon="35.020974" lat="31.895216"><ele>249.902896</ele><time>2026-05-30T18:17:56Z</time><extensions><speed>2.801524</speed><course>307.622251</course><hAcc>1.915254</hAcc><vAcc>0.845714</vAcc></extensions></trkpt>
      <trkpt lon="35.020950" lat="31.895231"><ele>249.904541</ele><time>2026-05-30T18:17:57Z</time><extensions><speed>2.819480</speed><course>303.674740</course><hAcc>1.922009</hAcc><vAcc>0.846834</vAcc></extensions></trkpt>
      <trkpt lon="35.020924" lat="31.895245"><ele>249.877453</ele><time>2026-05-30T18:17:58Z</time><extensions><speed>3.075492</speed><course>301.798406</course><hAcc>1.920354</hAcc><vAcc>0.848774</vAcc></extensions></trkpt>
      <trkpt lon="35.020896" lat="31.895259"><ele>249.859344</ele><time>2026-05-30T18:17:59Z</time><extensions><speed>3.039211</speed><course>299.200632</course><hAcc>1.911647</hAcc><vAcc>0.850749</vAcc></extensions></trkpt>
      <trkpt lon="35.020869" lat="31.895273"><ele>249.825244</ele><time>2026-05-30T18:18:00Z</time><extensions><speed>2.921120</speed><course>300.765112</course><hAcc>1.901898</hAcc><vAcc>0.853008</vAcc></extensions></trkpt>
      <trkpt lon="35.020845" lat="31.895287"><ele>249.777738</ele><time>2026-05-30T18:18:01Z</time><extensions><speed>2.698096</speed><course>307.855507</course><hAcc>1.893584</hAcc><vAcc>0.856095</vAcc></extensions></trkpt>
      <trkpt lon="35.020824" lat="31.895302"><ele>249.719854</ele><time>2026-05-30T18:18:02Z</time><extensions><speed>2.598956</speed><course>312.660614</course><hAcc>1.887631</hAcc><vAcc>0.859247</vAcc></extensions></trkpt>
      <trkpt lon="35.020803" lat="31.895318"><ele>249.633642</ele><time>2026-05-30T18:18:03Z</time><extensions><speed>2.699897</speed><course>311.061504</course><hAcc>1.875817</hAcc><vAcc>0.861632</vAcc></extensions></trkpt>
      <trkpt lon="35.020781" lat="31.895334"><ele>249.549113</ele><time>2026-05-30T18:18:04Z</time><extensions><speed>2.702584</speed><course>311.031495</course><hAcc>1.863484</hAcc><vAcc>0.864175</vAcc></extensions></trkpt>
      <trkpt lon="35.020760" lat="31.895351"><ele>249.445855</ele><time>2026-05-30T18:18:05Z</time><extensions><speed>2.786275</speed><course>313.691534</course><hAcc>1.851440</hAcc><vAcc>0.866718</vAcc></extensions></trkpt>
      <trkpt lon="35.020738" lat="31.895369"><ele>249.336638</ele><time>2026-05-30T18:18:06Z</time><extensions><speed>2.846447</speed><course>313.306949</course><hAcc>1.841291</hAcc><vAcc>0.869008</vAcc></extensions></trkpt>
      <trkpt lon="35.020716" lat="31.895386"><ele>249.228040</ele><time>2026-05-30T18:18:07Z</time><extensions><speed>2.816013</speed><course>312.214279</course><hAcc>1.833284</hAcc><vAcc>0.871495</vAcc></extensions></trkpt>
      <trkpt lon="35.020693" lat="31.895402"><ele>249.096350</ele><time>2026-05-30T18:18:08Z</time><extensions><speed>2.862664</speed><course>307.232039</course><hAcc>1.817659</hAcc><vAcc>0.873124</vAcc></extensions></trkpt>
      <trkpt lon="35.020668" lat="31.895418"><ele>248.952354</ele><time>2026-05-30T18:18:09Z</time><extensions><speed>2.891107</speed><course>304.047939</course><hAcc>1.806279</hAcc><vAcc>0.875565</vAcc></extensions></trkpt>
      <trkpt lon="35.020642" lat="31.895432"><ele>248.801798</ele><time>2026-05-30T18:18:10Z</time><extensions><speed>2.946466</speed><course>300.406162</course><hAcc>1.794037</hAcc><vAcc>0.876418</vAcc></extensions></trkpt>
      <trkpt lon="35.020616" lat="31.895444"><ele>248.659525</ele><time>2026-05-30T18:18:11Z</time><extensions><speed>2.712108</speed><course>300.051517</course><hAcc>1.779967</hAcc><vAcc>0.875147</vAcc></extensions></trkpt>
      <trkpt lon="35.020591" lat="31.895457"><ele>248.529341</ele><time>2026-05-30T18:18:12Z</time><extensions><speed>2.728793</speed><course>300.568365</course><hAcc>1.765749</hAcc><vAcc>0.873491</vAcc></extensions></trkpt>
      <trkpt lon="35.020566" lat="31.895470"><ele>248.425285</ele><time>2026-05-30T18:18:13Z</time><extensions><speed>2.861892</speed><course>300.667917</course><hAcc>1.756385</hAcc><vAcc>0.871070</vAcc></extensions></trkpt>
      <trkpt lon="35.020540" lat="31.895482"><ele>248.277903</ele><time>2026-05-30T18:18:14Z</time><extensions><speed>2.725922</speed><course>299.129352</course><hAcc>1.748599</hAcc><vAcc>0.867566</vAcc></extensions></trkpt>
      <trkpt lon="35.020514" lat="31.895494"><ele>248.157281</ele><time>2026-05-30T18:18:15Z</time><extensions><speed>2.829486</speed><course>296.487292</course><hAcc>1.742252</hAcc><vAcc>0.862732</vAcc></extensions></trkpt>
      <trkpt lon="35.020487" lat="31.895505"><ele>248.061408</ele><time>2026-05-30T18:18:16Z</time><extensions><speed>2.898316</speed><course>294.551667</course><hAcc>1.732898</hAcc><vAcc>0.856429</vAcc></extensions></trkpt>
      <trkpt lon="35.020459" lat="31.895516"><ele>247.952581</ele><time>2026-05-30T18:18:17Z</time><extensions><speed>2.782926</speed><course>295.072600</course><hAcc>1.733313</hAcc><vAcc>0.848670</vAcc></extensions></trkpt>
      <trkpt lon="35.020433" lat="31.895526"><ele>247.868513</ele><time>2026-05-30T18:18:18Z</time><extensions><speed>2.781453</speed><course>295.401168</course><hAcc>1.743738</hAcc><vAcc>0.839622</vAcc></extensions></trkpt>
      <trkpt lon="35.020406" lat="31.895536"><ele>247.794969</ele><time>2026-05-30T18:18:19Z</time><extensions><speed>2.704797</speed><course>292.912070</course><hAcc>1.764398</hAcc><vAcc>0.829606</vAcc></extensions></trkpt>
      <trkpt lon="35.020379" lat="31.895546"><ele>247.725292</ele><time>2026-05-30T18:18:20Z</time><extensions><speed>2.835212</speed><course>290.983861</course><hAcc>1.787128</hAcc><vAcc>0.819074</vAcc></extensions></trkpt>
      <trkpt lon="35.020350" lat="31.895555"><ele>247.681013</ele><time>2026-05-30T18:18:21Z</time><extensions><speed>2.988595</speed><course>289.022041</course><hAcc>1.811643</hAcc><vAcc>0.808586</vAcc></extensions></trkpt>
      <trkpt lon="35.020320" lat="31.895564"><ele>247.646646</ele><time>2026-05-30T18:18:22Z</time><extensions><speed>2.982063</speed><course>287.844863</course><hAcc>1.837656</hAcc><vAcc>0.798689</vAcc></extensions></trkpt>
      <trkpt lon="35.020291" lat="31.895571"><ele>247.616790</ele><time>2026-05-30T18:18:23Z</time><extensions><speed>2.779007</speed><course>285.157661</course><hAcc>1.864085</hAcc><vAcc>0.789785</vAcc></extensions></trkpt>
      <trkpt lon="35.020263" lat="31.895578"><ele>247.598494</ele><time>2026-05-30T18:18:24Z</time><extensions><speed>2.805226</speed><course>284.817386</course><hAcc>1.889143</hAcc><vAcc>0.782096</vAcc></extensions></trkpt>
      <trkpt lon="35.020233" lat="31.895584"><ele>247.588769</ele><time>2026-05-30T18:18:25Z</time><extensions><speed>2.876400</speed><course>284.579446</course><hAcc>1.914588</hAcc><vAcc>0.775698</vAcc></extensions></trkpt>
      <trkpt lon="35.020203" lat="31.895591"><ele>247.576300</ele><time>2026-05-30T18:18:26Z</time><extensions><speed>2.944140</speed><course>285.209490</course><hAcc>1.933089</hAcc><vAcc>0.770554</vAcc></extensions></trkpt>
      <trkpt lon="35.020173" lat="31.895598"><ele>247.576539</ele><time>2026-05-30T18:18:28Z</time><extensions><speed>2.872527</speed><course>287.043945</course><hAcc>1.946979</hAcc><vAcc>0.766529</vAcc></extensions></trkpt>
      <trkpt lon="35.020145" lat="31.895606"><ele>247.585237</ele><time>2026-05-30T18:18:29Z</time><extensions><speed>2.750204</speed><course>290.460433</course><hAcc>1.955561</hAcc><vAcc>0.763574</vAcc></extensions></trkpt>
      <trkpt lon="35.020118" lat="31.895615"><ele>247.582573</ele><time>2026-05-30T18:18:30Z</time><extensions><speed>2.662710</speed><course>293.078848</course><hAcc>1.963448</hAcc><vAcc>0.761805</vAcc></extensions></trkpt>
      <trkpt lon="35.020091" lat="31.895624"><ele>247.576755</ele><time>2026-05-30T18:18:31Z</time><extensions><speed>2.761649</speed><course>291.653128</course><hAcc>1.971565</hAcc><vAcc>0.760917</vAcc></extensions></trkpt>
      <trkpt lon="35.020063" lat="31.895633"><ele>247.559953</ele><time>2026-05-30T18:18:32Z</time><extensions><speed>2.807693</speed><course>290.888177</course><hAcc>1.975043</hAcc><vAcc>0.761013</vAcc></extensions></trkpt>
      <trkpt lon="35.020035" lat="31.895642"><ele>247.537731</ele><time>2026-05-30T18:18:33Z</time><extensions><speed>2.824139</speed><course>288.638034</course><hAcc>1.972051</hAcc><vAcc>0.761822</vAcc></extensions></trkpt>
      <trkpt lon="35.020006" lat="31.895649"><ele>247.500819</ele><time>2026-05-30T18:18:34Z</time><extensions><speed>2.803853</speed><course>285.222059</course><hAcc>1.968595</hAcc><vAcc>0.763172</vAcc></extensions></trkpt>
      <trkpt lon="35.019979" lat="31.895656"><ele>247.462217</ele><time>2026-05-30T18:18:35Z</time><extensions><speed>2.641095</speed><course>284.999392</course><hAcc>1.964717</hAcc><vAcc>0.765036</vAcc></extensions></trkpt>
      <trkpt lon="35.019952" lat="31.895660"><ele>247.395577</ele><time>2026-05-30T18:18:36Z</time><extensions><speed>2.572946</speed><course>278.813048</course><hAcc>1.961950</hAcc><vAcc>0.767445</vAcc></extensions></trkpt>
      <trkpt lon="35.019924" lat="31.895664"><ele>247.326733</ele><time>2026-05-30T18:18:37Z</time><extensions><speed>2.635769</speed><course>277.865172</course><hAcc>1.951962</hAcc><vAcc>0.769902</vAcc></extensions></trkpt>
      <trkpt lon="35.019896" lat="31.895667"><ele>247.239052</ele><time>2026-05-30T18:18:38Z</time><extensions><speed>2.802552</speed><course>278.739480</course><hAcc>1.941631</hAcc><vAcc>0.772596</vAcc></extensions></trkpt>
      <trkpt lon="35.019866" lat="31.895672"><ele>247.139279</ele><time>2026-05-30T18:18:39Z</time><extensions><speed>2.959381</speed><course>283.078591</course><hAcc>1.931505</hAcc><vAcc>0.775979</vAcc></extensions></trkpt>
      <trkpt lon="35.019836" lat="31.895679"><ele>247.047217</ele><time>2026-05-30T18:18:40Z</time><extensions><speed>2.927905</speed><course>288.767336</course><hAcc>1.921979</hAcc><vAcc>0.779535</vAcc></extensions></trkpt>
      <trkpt lon="35.019807" lat="31.895687"><ele>246.940275</ele><time>2026-05-30T18:18:41Z</time><extensions><speed>2.779945</speed><course>286.738458</course><hAcc>1.912481</hAcc><vAcc>0.782302</vAcc></extensions></trkpt>
      <trkpt lon="35.019779" lat="31.895693"><ele>246.829373</ele><time>2026-05-30T18:18:42Z</time><extensions><speed>2.735674</speed><course>283.587659</course><hAcc>1.903635</hAcc><vAcc>0.784872</vAcc></extensions></trkpt>
      <trkpt lon="35.019751" lat="31.895699"><ele>246.720284</ele><time>2026-05-30T18:18:43Z</time><extensions><speed>2.706239</speed><course>283.162817</course><hAcc>1.888555</hAcc><vAcc>0.786791</vAcc></extensions></trkpt>
      <trkpt lon="35.019722" lat="31.895704"><ele>246.591238</ele><time>2026-05-30T18:18:44Z</time><extensions><speed>2.753658</speed><course>280.858871</course><hAcc>1.870800</hAcc><vAcc>0.788096</vAcc></extensions></trkpt>
      <trkpt lon="35.019692" lat="31.895708"><ele>246.476695</ele><time>2026-05-30T18:18:45Z</time><extensions><speed>2.855859</speed><course>278.278014</course><hAcc>1.858296</hAcc><vAcc>0.788851</vAcc></extensions></trkpt>
      <trkpt lon="35.019662" lat="31.895710"><ele>246.374081</ele><time>2026-05-30T18:18:46Z</time><extensions><speed>2.819604</speed><course>274.106936</course><hAcc>1.840985</hAcc><vAcc>0.789369</vAcc></extensions></trkpt>
      <trkpt lon="35.019631" lat="31.895712"><ele>246.263756</ele><time>2026-05-30T18:18:47Z</time><extensions><speed>2.955611</speed><course>273.874564</course><hAcc>1.822450</hAcc><vAcc>0.789537</vAcc></extensions></trkpt>
      <trkpt lon="35.019601" lat="31.895714"><ele>246.158608</ele><time>2026-05-30T18:18:48Z</time><extensions><speed>2.799004</speed><course>275.293740</course><hAcc>1.802519</hAcc><vAcc>0.789461</vAcc></extensions></trkpt>
      <trkpt lon="35.019571" lat="31.895717"><ele>246.058106</ele><time>2026-05-30T18:18:49Z</time><extensions><speed>2.773576</speed><course>277.319673</course><hAcc>1.788001</hAcc><vAcc>0.788905</vAcc></extensions></trkpt>
      <trkpt lon="35.019542" lat="31.895719"><ele>245.963072</ele><time>2026-05-30T18:18:50Z</time><extensions><speed>2.711136</speed><course>274.587801</course><hAcc>1.774217</hAcc><vAcc>0.787847</vAcc></extensions></trkpt>
      <trkpt lon="35.019514" lat="31.895719"><ele>245.889698</ele><time>2026-05-30T18:18:51Z</time><extensions><speed>2.671096</speed><course>266.766966</course><hAcc>1.766373</hAcc><vAcc>0.786454</vAcc></extensions></trkpt>
      <trkpt lon="35.019486" lat="31.895717"><ele>245.812573</ele><time>2026-05-30T18:18:52Z</time><extensions><speed>2.600662</speed><course>260.047471</course><hAcc>1.752488</hAcc><vAcc>0.784785</vAcc></extensions></trkpt>
      <trkpt lon="35.019459" lat="31.895712"><ele>245.750445</ele><time>2026-05-30T18:18:53Z</time><extensions><speed>2.606651</speed><course>255.629434</course><hAcc>1.737256</hAcc><vAcc>0.782868</vAcc></extensions></trkpt>
      <trkpt lon="35.019431" lat="31.895706"><ele>245.693882</ele><time>2026-05-30T18:18:54Z</time><extensions><speed>2.871273</speed><course>254.880243</course><hAcc>1.737107</hAcc><vAcc>0.780811</vAcc></extensions></trkpt>
      <trkpt lon="35.019401" lat="31.895699"><ele>245.647622</ele><time>2026-05-30T18:18:55Z</time><extensions><speed>2.921114</speed><course>256.255270</course><hAcc>1.742800</hAcc><vAcc>0.778669</vAcc></extensions></trkpt>
      <trkpt lon="35.019370" lat="31.895693"><ele>245.606139</ele><time>2026-05-30T18:18:56Z</time><extensions><speed>3.040225</speed><course>257.253394</course><hAcc>1.742100</hAcc><vAcc>0.776466</vAcc></extensions></trkpt>
      <trkpt lon="35.019338" lat="31.895688"><ele>245.570660</ele><time>2026-05-30T18:18:57Z</time><extensions><speed>3.082820</speed><course>263.994998</course><hAcc>1.741602</hAcc><vAcc>0.774209</vAcc></extensions></trkpt>
      <trkpt lon="35.019307" lat="31.895687"><ele>245.539459</ele><time>2026-05-30T18:18:58Z</time><extensions><speed>2.908205</speed><course>267.956370</course><hAcc>1.742391</hAcc><vAcc>0.771917</vAcc></extensions></trkpt>
      <trkpt lon="35.019276" lat="31.895686"><ele>245.511233</ele><time>2026-05-30T18:18:59Z</time><extensions><speed>2.895397</speed><course>269.245591</course><hAcc>1.739867</hAcc><vAcc>0.769642</vAcc></extensions></trkpt>
      <trkpt lon="35.019245" lat="31.895686"><ele>245.487728</ele><time>2026-05-30T18:19:00Z</time><extensions><speed>2.897503</speed><course>271.548457</course><hAcc>1.739875</hAcc><vAcc>0.767463</vAcc></extensions></trkpt>
      <trkpt lon="35.019214" lat="31.895687"><ele>245.467529</ele><time>2026-05-30T18:19:01Z</time><extensions><speed>2.947881</speed><course>272.966366</course><hAcc>1.738557</hAcc><vAcc>0.765629</vAcc></extensions></trkpt>
      <trkpt lon="35.019183" lat="31.895689"><ele>245.454395</ele><time>2026-05-30T18:19:02Z</time><extensions><speed>2.930217</speed><course>274.306436</course><hAcc>1.736861</hAcc><vAcc>0.764830</vAcc></extensions></trkpt>
      <trkpt lon="35.019152" lat="31.895691"><ele>245.441619</ele><time>2026-05-30T18:19:03Z</time><extensions><speed>2.846750</speed><course>274.887202</course><hAcc>1.738870</hAcc><vAcc>0.765052</vAcc></extensions></trkpt>
      <trkpt lon="35.019122" lat="31.895693"><ele>245.417019</ele><time>2026-05-30T18:19:04Z</time><extensions><speed>2.948853</speed><course>274.521912</course><hAcc>1.742492</hAcc><vAcc>0.765844</vAcc></extensions></trkpt>
      <trkpt lon="35.019091" lat="31.895695"><ele>245.388589</ele><time>2026-05-30T18:19:05Z</time><extensions><speed>2.909852</speed><course>273.958417</course><hAcc>1.741888</hAcc><vAcc>0.768004</vAcc></extensions></trkpt>
      <trkpt lon="35.019060" lat="31.895697"><ele>245.361046</ele><time>2026-05-30T18:19:06Z</time><extensions><speed>2.945477</speed><course>274.612012</course><hAcc>1.742295</hAcc><vAcc>0.770677</vAcc></extensions></trkpt>
      <trkpt lon="35.019029" lat="31.895699"><ele>245.346810</ele><time>2026-05-30T18:19:07Z</time><extensions><speed>2.943653</speed><course>275.013401</course><hAcc>1.741109</hAcc><vAcc>0.775112</vAcc></extensions></trkpt>
      <trkpt lon="35.018998" lat="31.895701"><ele>245.318873</ele><time>2026-05-30T18:19:07Z</time><extensions><speed>2.845835</speed><course>272.869694</course><hAcc>1.740949</hAcc><vAcc>0.781010</vAcc></extensions></trkpt>
      <trkpt lon="35.018967" lat="31.895702"><ele>245.304769</ele><time>2026-05-30T18:19:08Z</time><extensions><speed>2.925941</speed><course>272.389829</course><hAcc>1.737926</hAcc><vAcc>0.788028</vAcc></extensions></trkpt>
      <trkpt lon="35.018936" lat="31.895704"><ele>245.288903</ele><time>2026-05-30T18:19:09Z</time><extensions><speed>2.962576</speed><course>272.712459</course><hAcc>1.732451</hAcc><vAcc>0.796336</vAcc></extensions></trkpt>
      <trkpt lon="35.018905" lat="31.895705"><ele>245.263737</ele><time>2026-05-30T18:19:10Z</time><extensions><speed>2.904658</speed><course>270.843898</course><hAcc>1.727759</hAcc><vAcc>0.805852</vAcc></extensions></trkpt>
      <trkpt lon="35.018875" lat="31.895705"><ele>245.241499</ele><time>2026-05-30T18:19:11Z</time><extensions><speed>2.729821</speed><course>269.769461</course><hAcc>1.723789</hAcc><vAcc>0.816378</vAcc></extensions></trkpt>
      <trkpt lon="35.018847" lat="31.895705"><ele>245.234025</ele><time>2026-05-30T18:19:12Z</time><extensions><speed>2.654036</speed><course>270.320809</course><hAcc>1.717067</hAcc><vAcc>0.827272</vAcc></extensions></trkpt>
      <trkpt lon="35.018818" lat="31.895705"><ele>245.217079</ele><time>2026-05-30T18:19:13Z</time><extensions><speed>2.838771</speed><course>272.527195</course><hAcc>1.706681</hAcc><vAcc>0.838307</vAcc></extensions></trkpt>
      <trkpt lon="35.018787" lat="31.895706"><ele>245.196244</ele><time>2026-05-30T18:19:14Z</time><extensions><speed>3.039008</speed><course>269.550456</course><hAcc>1.696871</hAcc><vAcc>0.848294</vAcc></extensions></trkpt>
      <trkpt lon="35.018754" lat="31.895706"><ele>245.179148</ele><time>2026-05-30T18:19:15Z</time><extensions><speed>3.103532</speed><course>268.851867</course><hAcc>1.689449</hAcc><vAcc>0.858264</vAcc></extensions></trkpt>
      <trkpt lon="35.018722" lat="31.895705"><ele>245.153158</ele><time>2026-05-30T18:19:16Z</time><extensions><speed>2.973241</speed><course>268.119212</course><hAcc>1.678645</hAcc><vAcc>0.867332</vAcc></extensions></trkpt>
      <trkpt lon="35.018690" lat="31.895704"><ele>245.145573</ele><time>2026-05-30T18:19:17Z</time><extensions><speed>2.882672</speed><course>266.550037</course><hAcc>1.661029</hAcc><vAcc>0.874307</vAcc></extensions></trkpt>
      <trkpt lon="35.018660" lat="31.895703"><ele>245.138251</ele><time>2026-05-30T18:19:18Z</time><extensions><speed>2.887658</speed><course>269.467276</course><hAcc>1.644400</hAcc><vAcc>0.879297</vAcc></extensions></trkpt>
      <trkpt lon="35.018629" lat="31.895703"><ele>245.119142</ele><time>2026-05-30T18:19:19Z</time><extensions><speed>2.939718</speed><course>270.712881</course><hAcc>1.631676</hAcc><vAcc>0.883149</vAcc></extensions></trkpt>
      <trkpt lon="35.018598" lat="31.895703"><ele>245.087290</ele><time>2026-05-30T18:19:20Z</time><extensions><speed>2.852430</speed><course>269.537305</course><hAcc>1.614087</hAcc><vAcc>0.885934</vAcc></extensions></trkpt>
      <trkpt lon="35.018568" lat="31.895703"><ele>245.055870</ele><time>2026-05-30T18:19:21Z</time><extensions><speed>2.722296</speed><course>269.302834</course><hAcc>1.591874</hAcc><vAcc>0.887064</vAcc></extensions></trkpt>
      <trkpt lon="35.018539" lat="31.895703"><ele>245.033187</ele><time>2026-05-30T18:19:22Z</time><extensions><speed>2.695138</speed><course>270.180748</course><hAcc>1.582845</hAcc><vAcc>0.886649</vAcc></extensions></trkpt>
      <trkpt lon="35.018512" lat="31.895704"><ele>244.984635</ele><time>2026-05-30T18:19:23Z</time><extensions><speed>2.443258</speed><course>273.439504</course><hAcc>1.586148</hAcc><vAcc>0.884631</vAcc></extensions></trkpt>
      <trkpt lon="35.018486" lat="31.895705"><ele>244.944345</ele><time>2026-05-30T18:19:24Z</time><extensions><speed>2.513514</speed><course>271.902555</course><hAcc>1.556499</hAcc><vAcc>0.880370</vAcc></extensions></trkpt>
      <trkpt lon="35.018458" lat="31.895706"><ele>244.900781</ele><time>2026-05-30T18:19:25Z</time><extensions><speed>2.721610</speed><course>270.483974</course><hAcc>1.534564</hAcc><vAcc>0.875079</vAcc></extensions></trkpt>
      <trkpt lon="35.018428" lat="31.895706"><ele>244.842197</ele><time>2026-05-30T18:19:26Z</time><extensions><speed>2.874440</speed><course>270.995516</course><hAcc>1.531504</hAcc><vAcc>0.869416</vAcc></extensions></trkpt>
      <trkpt lon="35.018398" lat="31.895707"><ele>244.766274</ele><time>2026-05-30T18:19:27Z</time><extensions><speed>2.855529</speed><course>273.070501</course><hAcc>1.537803</hAcc><vAcc>0.863941</vAcc></extensions></trkpt>
      <trkpt lon="35.018368" lat="31.895709"><ele>244.688049</ele><time>2026-05-30T18:19:28Z</time><extensions><speed>2.824538</speed><course>275.902016</course><hAcc>1.529748</hAcc><vAcc>0.858756</vAcc></extensions></trkpt>
      <trkpt lon="35.018339" lat="31.895713"><ele>244.621844</ele><time>2026-05-30T18:19:29Z</time><extensions><speed>2.717259</speed><course>281.953816</course><hAcc>1.538369</hAcc><vAcc>0.854378</vAcc></extensions></trkpt>
      <trkpt lon="35.018312" lat="31.895719"><ele>244.561406</ele><time>2026-05-30T18:19:30Z</time><extensions><speed>2.560887</speed><course>287.963749</course><hAcc>1.564960</hAcc><vAcc>0.851299</vAcc></extensions></trkpt>
      <trkpt lon="35.018286" lat="31.895728"><ele>244.491763</ele><time>2026-05-30T18:19:31Z</time><extensions><speed>2.627414</speed><course>294.324211</course><hAcc>1.574280</hAcc><vAcc>0.849098</vAcc></extensions></trkpt>
      <trkpt lon="35.018261" lat="31.895739"><ele>244.419542</ele><time>2026-05-30T18:19:32Z</time><extensions><speed>2.745751</speed><course>300.986757</course><hAcc>1.597842</hAcc><vAcc>0.847112</vAcc></extensions></trkpt>
      <trkpt lon="35.018236" lat="31.895753"><ele>244.334928</ele><time>2026-05-30T18:19:33Z</time><extensions><speed>2.901054</speed><course>304.242875</course><hAcc>1.607339</hAcc><vAcc>0.846568</vAcc></extensions></trkpt>
      <trkpt lon="35.018210" lat="31.895768"><ele>244.285228</ele><time>2026-05-30T18:19:34Z</time><extensions><speed>2.991293</speed><course>303.491207</course><hAcc>1.611898</hAcc><vAcc>0.846430</vAcc></extensions></trkpt>
      <trkpt lon="35.018183" lat="31.895780"><ele>244.226959</ele><time>2026-05-30T18:19:35Z</time><extensions><speed>2.822521</speed><course>293.059977</course><hAcc>1.615950</hAcc><vAcc>0.848338</vAcc></extensions></trkpt>
      <trkpt lon="35.018155" lat="31.895787"><ele>244.174266</ele><time>2026-05-30T18:19:36Z</time><extensions><speed>2.710313</speed><course>279.057791</course><hAcc>1.618739</hAcc><vAcc>0.850731</vAcc></extensions></trkpt>
      <trkpt lon="35.018126" lat="31.895789"><ele>244.115674</ele><time>2026-05-30T18:19:37Z</time><extensions><speed>2.625061</speed><course>268.822168</course><hAcc>1.606974</hAcc><vAcc>0.852449</vAcc></extensions></trkpt>
      <trkpt lon="35.018097" lat="31.895787"><ele>244.080847</ele><time>2026-05-30T18:19:38Z</time><extensions><speed>2.816342</speed><course>264.614157</course><hAcc>1.591796</hAcc><vAcc>0.854231</vAcc></extensions></trkpt>
      <trkpt lon="35.018066" lat="31.895785"><ele>244.069456</ele><time>2026-05-30T18:19:39Z</time><extensions><speed>3.093366</speed><course>266.030282</course><hAcc>1.582794</hAcc><vAcc>0.856204</vAcc></extensions></trkpt>
      <trkpt lon="35.018032" lat="31.895784"><ele>244.044219</ele><time>2026-05-30T18:19:40Z</time><extensions><speed>3.169906</speed><course>268.175165</course><hAcc>1.566775</hAcc><vAcc>0.857584</vAcc></extensions></trkpt>
      <trkpt lon="35.017999" lat="31.895784"><ele>244.031682</ele><time>2026-05-30T18:19:41Z</time><extensions><speed>2.949360</speed><course>273.301531</course><hAcc>1.550975</hAcc><vAcc>0.857870</vAcc></extensions></trkpt>
      <trkpt lon="35.017970" lat="31.895786"><ele>244.046181</ele><time>2026-05-30T18:19:42Z</time><extensions><speed>2.546469</speed><course>275.943648</course><hAcc>1.549572</hAcc><vAcc>0.856174</vAcc></extensions></trkpt>
      <trkpt lon="35.017946" lat="31.895787"><ele>244.067562</ele><time>2026-05-30T18:19:43Z</time><extensions><speed>2.030494</speed><course>270.577421</course><hAcc>1.572446</hAcc><vAcc>0.853105</vAcc></extensions></trkpt>
      <trkpt lon="35.017924" lat="31.895788"><ele>244.071375</ele><time>2026-05-30T18:19:44Z</time><extensions><speed>2.098266</speed><course>272.701945</course><hAcc>1.568518</hAcc><vAcc>0.850212</vAcc></extensions></trkpt>
      <trkpt lon="35.017899" lat="31.895789"><ele>244.095729</ele><time>2026-05-30T18:19:45Z</time><extensions><speed>2.543386</speed><course>273.405344</course><hAcc>1.552846</hAcc><vAcc>0.846747</vAcc></extensions></trkpt>
      <trkpt lon="35.017870" lat="31.895790"><ele>244.124397</ele><time>2026-05-30T18:19:46Z</time><extensions><speed>2.905333</speed><course>270.120508</course><hAcc>1.557161</hAcc><vAcc>0.842593</vAcc></extensions></trkpt>
      <trkpt lon="35.017838" lat="31.895789"><ele>244.154870</ele><time>2026-05-30T18:19:47Z</time><extensions><speed>3.095857</speed><course>265.990715</course><hAcc>1.561859</hAcc><vAcc>0.838296</vAcc></extensions></trkpt>
      <trkpt lon="35.017805" lat="31.895786"><ele>244.198251</ele><time>2026-05-30T18:19:48Z</time><extensions><speed>3.145470</speed><course>261.631102</course><hAcc>1.569173</hAcc><vAcc>0.834098</vAcc></extensions></trkpt>
      <trkpt lon="35.017772" lat="31.895783"><ele>244.232639</ele><time>2026-05-30T18:19:49Z</time><extensions><speed>3.248235</speed><course>264.062328</course><hAcc>1.563309</hAcc><vAcc>0.829930</vAcc></extensions></trkpt>
      <trkpt lon="35.017738" lat="31.895780"><ele>244.262591</ele><time>2026-05-30T18:19:50Z</time><extensions><speed>3.103054</speed><course>264.711837</course><hAcc>1.553498</hAcc><vAcc>0.826013</vAcc></extensions></trkpt>
      <trkpt lon="35.017706" lat="31.895777"><ele>244.286757</ele><time>2026-05-30T18:19:51Z</time><extensions><speed>3.043618</speed><course>265.587234</course><hAcc>1.544588</hAcc><vAcc>0.822409</vAcc></extensions></trkpt>
      <trkpt lon="35.017674" lat="31.895776"><ele>244.323719</ele><time>2026-05-30T18:19:52Z</time><extensions><speed>3.035003</speed><course>268.474428</course><hAcc>1.540191</hAcc><vAcc>0.818256</vAcc></extensions></trkpt>
      <trkpt lon="35.017641" lat="31.895775"><ele>244.347306</ele><time>2026-05-30T18:19:53Z</time><extensions><speed>3.092064</speed><course>269.133065</course><hAcc>1.534088</hAcc><vAcc>0.814861</vAcc></extensions></trkpt>
      <trkpt lon="35.017609" lat="31.895775"><ele>244.371410</ele><time>2026-05-30T18:19:54Z</time><extensions><speed>2.910535</speed><course>269.158374</course><hAcc>1.531419</hAcc><vAcc>0.812163</vAcc></extensions></trkpt>
      <trkpt lon="35.017579" lat="31.895776"><ele>244.387421</ele><time>2026-05-30T18:19:55Z</time><extensions><speed>2.824053</speed><course>272.754816</course><hAcc>1.518972</hAcc><vAcc>0.810456</vAcc></extensions></trkpt>
      <trkpt lon="35.017549" lat="31.895778"><ele>244.407751</ele><time>2026-05-30T18:19:56Z</time><extensions><speed>2.913764</speed><course>276.010346</course><hAcc>1.502375</hAcc><vAcc>0.809666</vAcc></extensions></trkpt>
      <trkpt lon="35.017518" lat="31.895780"><ele>244.426448</ele><time>2026-05-30T18:19:57Z</time><extensions><speed>2.921959</speed><course>276.029427</course><hAcc>1.493859</hAcc><vAcc>0.810167</vAcc></extensions></trkpt>
      <trkpt lon="35.017487" lat="31.895783"><ele>244.436588</ele><time>2026-05-30T18:19:58Z</time><extensions><speed>2.892146</speed><course>274.191958</course><hAcc>1.486999</hAcc><vAcc>0.810545</vAcc></extensions></trkpt>
      <trkpt lon="35.017457" lat="31.895784"><ele>244.439912</ele><time>2026-05-30T18:19:59Z</time><extensions><speed>2.860594</speed><course>272.726100</course><hAcc>1.479258</hAcc><vAcc>0.811525</vAcc></extensions></trkpt>
      <trkpt lon="35.017427" lat="31.895786"><ele>244.471991</ele><time>2026-05-30T18:20:00Z</time><extensions><speed>2.894821</speed><course>272.074574</course><hAcc>1.475012</hAcc><vAcc>0.812504</vAcc></extensions></trkpt>
      <trkpt lon="35.017395" lat="31.895787"><ele>244.499520</ele><time>2026-05-30T18:20:01Z</time><extensions><speed>3.093740</speed><course>273.853460</course><hAcc>1.471097</hAcc><vAcc>0.813841</vAcc></extensions></trkpt>
      <trkpt lon="35.017362" lat="31.895789"><ele>244.523116</ele><time>2026-05-30T18:20:02Z</time><extensions><speed>3.154821</speed><course>274.359859</course><hAcc>1.462183</hAcc><vAcc>0.815036</vAcc></extensions></trkpt>
      <trkpt lon="35.017330" lat="31.895791"><ele>244.548473</ele><time>2026-05-30T18:20:03Z</time><extensions><speed>2.951999</speed><course>275.189680</course><hAcc>1.454752</hAcc><vAcc>0.815908</vAcc></extensions></trkpt>
      <trkpt lon="35.017299" lat="31.895794"><ele>244.591247</ele><time>2026-05-30T18:20:04Z</time><extensions><speed>2.882927</speed><course>276.216508</course><hAcc>1.446668</hAcc><vAcc>0.817259</vAcc></extensions></trkpt>
      <trkpt lon="35.017269" lat="31.895796"><ele>244.642713</ele><time>2026-05-30T18:20:05Z</time><extensions><speed>2.794188</speed><course>274.705246</course><hAcc>1.443415</hAcc><vAcc>0.818671</vAcc></extensions></trkpt>
      <trkpt lon="35.017240" lat="31.895798"><ele>244.688142</ele><time>2026-05-30T18:20:06Z</time><extensions><speed>2.750252</speed><course>274.206648</course><hAcc>1.439445</hAcc><vAcc>0.819744</vAcc></extensions></trkpt>
      <trkpt lon="35.017211" lat="31.895799"><ele>244.752784</ele><time>2026-05-30T18:20:07Z</time><extensions><speed>2.679457</speed><course>270.694562</course><hAcc>1.433202</hAcc><vAcc>0.820439</vAcc></extensions></trkpt>
      <trkpt lon="35.017183" lat="31.895798"><ele>244.830495</ele><time>2026-05-30T18:20:08Z</time><extensions><speed>2.577878</speed><course>264.147789</course><hAcc>1.427395</hAcc><vAcc>0.820654</vAcc></extensions></trkpt>
      <trkpt lon="35.017157" lat="31.895794"><ele>244.910390</ele><time>2026-05-30T18:20:09Z</time><extensions><speed>2.551219</speed><course>253.703870</course><hAcc>1.417630</hAcc><vAcc>0.819982</vAcc></extensions></trkpt>
      <trkpt lon="35.017131" lat="31.895786"><ele>244.977417</ele><time>2026-05-30T18:20:10Z</time><extensions><speed>2.651632</speed><course>245.920276</course><hAcc>1.412798</hAcc><vAcc>0.818636</vAcc></extensions></trkpt>
      <trkpt lon="35.017106" lat="31.895776"><ele>245.045283</ele><time>2026-05-30T18:20:11Z</time><extensions><speed>2.648815</speed><course>244.194980</course><hAcc>1.409243</hAcc><vAcc>0.816615</vAcc></extensions></trkpt>
      <trkpt lon="35.017080" lat="31.895768"><ele>245.125671</ele><time>2026-05-30T18:20:12Z</time><extensions><speed>2.614937</speed><course>256.328371</course><hAcc>1.403432</hAcc><vAcc>0.813815</vAcc></extensions></trkpt>
      <trkpt lon="35.017052" lat="31.895765"><ele>245.204603</ele><time>2026-05-30T18:20:13Z</time><extensions><speed>2.633386</speed><course>271.540494</course><hAcc>1.394870</hAcc><vAcc>0.810799</vAcc></extensions></trkpt>
      <trkpt lon="35.017024" lat="31.895768"><ele>245.300240</ele><time>2026-05-30T18:20:14Z</time><extensions><speed>2.752148</speed><course>280.463304</course><hAcc>1.393323</hAcc><vAcc>0.807231</vAcc></extensions></trkpt>
      <trkpt lon="35.016996" lat="31.895772"><ele>245.403749</ele><time>2026-05-30T18:20:15Z</time><extensions><speed>2.766754</speed><course>280.796797</course><hAcc>1.394245</hAcc><vAcc>0.803359</vAcc></extensions></trkpt>
      <trkpt lon="35.016967" lat="31.895777"><ele>245.500207</ele><time>2026-05-30T18:20:16Z</time><extensions><speed>2.766445</speed><course>278.486881</course><hAcc>1.385943</hAcc><vAcc>0.799237</vAcc></extensions></trkpt>
      <trkpt lon="35.016938" lat="31.895779"><ele>245.594007</ele><time>2026-05-30T18:20:17Z</time><extensions><speed>2.718818</speed><course>272.989497</course><hAcc>1.380893</hAcc><vAcc>0.794931</vAcc></extensions></trkpt>
      <trkpt lon="35.016910" lat="31.895779"><ele>245.676085</ele><time>2026-05-30T18:20:18Z</time><extensions><speed>2.597365</speed><course>269.298306</course><hAcc>1.372862</hAcc><vAcc>0.790685</vAcc></extensions></trkpt>
      <trkpt lon="35.016883" lat="31.895779"><ele>245.757154</ele><time>2026-05-30T18:20:19Z</time><extensions><speed>2.552059</speed><course>266.552359</course><hAcc>1.363154</hAcc><vAcc>0.786553</vAcc></extensions></trkpt>
      <trkpt lon="35.016855" lat="31.895777"><ele>245.816952</ele><time>2026-05-30T18:20:20Z</time><extensions><speed>2.638967</speed><course>267.571943</course><hAcc>1.356979</hAcc><vAcc>0.782431</vAcc></extensions></trkpt>
      <trkpt lon="35.016827" lat="31.895777"><ele>245.879246</ele><time>2026-05-30T18:20:21Z</time><extensions><speed>2.626818</speed><course>270.671545</course><hAcc>1.352516</hAcc><vAcc>0.778563</vAcc></extensions></trkpt>
      <trkpt lon="35.016799" lat="31.895778"><ele>245.928354</ele><time>2026-05-30T18:20:22Z</time><extensions><speed>2.697872</speed><course>271.665467</course><hAcc>1.344967</hAcc><vAcc>0.775047</vAcc></extensions></trkpt>
      <trkpt lon="35.016771" lat="31.895778"><ele>245.972059</ele><time>2026-05-30T18:20:23Z</time><extensions><speed>2.650883</speed><course>269.216389</course><hAcc>1.339892</hAcc><vAcc>0.771978</vAcc></extensions></trkpt>
      <trkpt lon="35.016743" lat="31.895777"><ele>245.990369</ele><time>2026-05-30T18:20:24Z</time><extensions><speed>2.655409</speed><course>266.707827</course><hAcc>1.332336</hAcc><vAcc>0.769375</vAcc></extensions></trkpt>
      <trkpt lon="35.016714" lat="31.895775"><ele>245.997635</ele><time>2026-05-30T18:20:25Z</time><extensions><speed>2.718940</speed><course>264.629123</course><hAcc>1.331385</hAcc><vAcc>0.767382</vAcc></extensions></trkpt>
      <trkpt lon="35.016686" lat="31.895772"><ele>246.016306</ele><time>2026-05-30T18:20:26Z</time><extensions><speed>2.772962</speed><course>262.906536</course><hAcc>1.325141</hAcc><vAcc>0.765709</vAcc></extensions></trkpt>
      <trkpt lon="35.016656" lat="31.895769"><ele>246.037192</ele><time>2026-05-30T18:20:27Z</time><extensions><speed>2.808989</speed><course>263.484841</course><hAcc>1.320683</hAcc><vAcc>0.764529</vAcc></extensions></trkpt>
      <trkpt lon="35.016627" lat="31.895767"><ele>246.047254</ele><time>2026-05-30T18:20:28Z</time><extensions><speed>2.815164</speed><course>265.311880</course><hAcc>1.322295</hAcc><vAcc>0.763731</vAcc></extensions></trkpt>
      <trkpt lon="35.016597" lat="31.895765"><ele>246.069318</ele><time>2026-05-30T18:20:29Z</time><extensions><speed>2.860969</speed><course>265.894672</course><hAcc>1.318434</hAcc><vAcc>0.763341</vAcc></extensions></trkpt>
      <trkpt lon="35.016567" lat="31.895763"><ele>246.078824</ele><time>2026-05-30T18:20:30Z</time><extensions><speed>2.762007</speed><course>265.337443</course><hAcc>1.318989</hAcc><vAcc>0.763541</vAcc></extensions></trkpt>
      <trkpt lon="35.016537" lat="31.895761"><ele>246.089504</ele><time>2026-05-30T18:20:31Z</time><extensions><speed>2.842323</speed><course>263.502167</course><hAcc>1.322155</hAcc><vAcc>0.764360</vAcc></extensions></trkpt>
      <trkpt lon="35.016507" lat="31.895757"><ele>246.113454</ele><time>2026-05-30T18:20:32Z</time><extensions><speed>2.954562</speed><course>261.058212</course><hAcc>1.328166</hAcc><vAcc>0.765635</vAcc></extensions></trkpt>
      <trkpt lon="35.016476" lat="31.895753"><ele>246.139859</ele><time>2026-05-30T18:20:34Z</time><extensions><speed>2.850098</speed><course>259.425585</course><hAcc>1.337467</hAcc><vAcc>0.767407</vAcc></extensions></trkpt>
      <trkpt lon="35.016446" lat="31.895748"><ele>246.167392</ele><time>2026-05-30T18:20:35Z</time><extensions><speed>2.878431</speed><course>259.475483</course><hAcc>1.342853</hAcc><vAcc>0.769489</vAcc></extensions></trkpt>
      <trkpt lon="35.016417" lat="31.895743"><ele>246.170934</ele><time>2026-05-30T18:20:36Z</time><extensions><speed>2.831043</speed><course>258.468685</course><hAcc>1.347568</hAcc><vAcc>0.772091</vAcc></extensions></trkpt>
      <trkpt lon="35.016387" lat="31.895738"><ele>246.143575</ele><time>2026-05-30T18:20:37Z</time><extensions><speed>2.832493</speed><course>259.895853</course><hAcc>1.356462</hAcc><vAcc>0.774927</vAcc></extensions></trkpt>
      <trkpt lon="35.016358" lat="31.895734"><ele>246.144732</ele><time>2026-05-30T18:20:38Z</time><extensions><speed>2.757558</speed><course>260.902221</course><hAcc>1.371154</hAcc><vAcc>0.778168</vAcc></extensions></trkpt>
      <trkpt lon="35.016330" lat="31.895730"><ele>246.138499</ele><time>2026-05-30T18:20:39Z</time><extensions><speed>2.683556</speed><course>262.396916</course><hAcc>1.383127</hAcc><vAcc>0.781352</vAcc></extensions></trkpt>
      <trkpt lon="35.016301" lat="31.895727"><ele>246.119666</ele><time>2026-05-30T18:20:40Z</time><extensions><speed>2.837209</speed><course>262.774057</course><hAcc>1.398697</hAcc><vAcc>0.784705</vAcc></extensions></trkpt>
      <trkpt lon="35.016270" lat="31.895724"><ele>246.078129</ele><time>2026-05-30T18:20:41Z</time><extensions><speed>2.999286</speed><course>262.636391</course><hAcc>1.408337</hAcc><vAcc>0.787265</vAcc></extensions></trkpt>
      <trkpt lon="35.016238" lat="31.895720"><ele>246.010186</ele><time>2026-05-30T18:20:42Z</time><extensions><speed>3.060428</speed><course>262.205062</course><hAcc>1.413040</hAcc><vAcc>0.789207</vAcc></extensions></trkpt>
      <trkpt lon="35.016206" lat="31.895717"><ele>245.933980</ele><time>2026-05-30T18:20:43Z</time><extensions><speed>3.080518</speed><course>263.172988</course><hAcc>1.414968</hAcc><vAcc>0.790533</vAcc></extensions></trkpt>
      <trkpt lon="35.016174" lat="31.895714"><ele>245.880101</ele><time>2026-05-30T18:20:44Z</time><extensions><speed>2.989012</speed><course>264.301030</course><hAcc>1.416407</hAcc><vAcc>0.791201</vAcc></extensions></trkpt>
      <trkpt lon="35.016143" lat="31.895711"><ele>245.813818</ele><time>2026-05-30T18:20:45Z</time><extensions><speed>2.897194</speed><course>264.236133</course><hAcc>1.417795</hAcc><vAcc>0.791163</vAcc></extensions></trkpt>
      <trkpt lon="35.016114" lat="31.895708"><ele>245.737983</ele><time>2026-05-30T18:20:46Z</time><extensions><speed>2.629797</speed><course>262.747285</course><hAcc>1.427865</hAcc><vAcc>0.790484</vAcc></extensions></trkpt>
      <trkpt lon="35.016086" lat="31.895705"><ele>245.646846</ele><time>2026-05-30T18:20:47Z</time><extensions><speed>2.638334</speed><course>260.334536</course><hAcc>1.436736</hAcc><vAcc>0.789414</vAcc></extensions></trkpt>
      <trkpt lon="35.016057" lat="31.895701"><ele>245.560194</ele><time>2026-05-30T18:20:48Z</time><extensions><speed>2.853609</speed><course>261.390873</course><hAcc>1.433261</hAcc><vAcc>0.788257</vAcc></extensions></trkpt>
      <trkpt lon="35.016027" lat="31.895697"><ele>245.470149</ele><time>2026-05-30T18:20:49Z</time><extensions><speed>2.862817</speed><course>262.653980</course><hAcc>1.435211</hAcc><vAcc>0.787006</vAcc></extensions></trkpt>
      <trkpt lon="35.015998" lat="31.895695"><ele>245.381484</ele><time>2026-05-30T18:20:50Z</time><extensions><speed>2.764028</speed><course>265.143272</course><hAcc>1.443268</hAcc><vAcc>0.785874</vAcc></extensions></trkpt>
      <trkpt lon="35.015968" lat="31.895694"><ele>245.294320</ele><time>2026-05-30T18:20:51Z</time><extensions><speed>2.759629</speed><course>269.433555</course><hAcc>1.450478</hAcc><vAcc>0.785473</vAcc></extensions></trkpt>
      <trkpt lon="35.015939" lat="31.895694"><ele>245.206243</ele><time>2026-05-30T18:20:52Z</time><extensions><speed>2.696188</speed><course>270.872218</course><hAcc>1.459677</hAcc><vAcc>0.785748</vAcc></extensions></trkpt>
      <trkpt lon="35.015911" lat="31.895694"><ele>245.102087</ele><time>2026-05-30T18:20:53Z</time><extensions><speed>2.717201</speed><course>268.858271</course><hAcc>1.462393</hAcc><vAcc>0.786604</vAcc></extensions></trkpt>
      <trkpt lon="35.015882" lat="31.895693"><ele>244.989389</ele><time>2026-05-30T18:20:54Z</time><extensions><speed>2.668153</speed><course>267.255949</course><hAcc>1.460769</hAcc><vAcc>0.788045</vAcc></extensions></trkpt>
      <trkpt lon="35.015853" lat="31.895693"><ele>244.858085</ele><time>2026-05-30T18:20:55Z</time><extensions><speed>2.793092</speed><course>270.400092</course><hAcc>1.456096</hAcc><vAcc>0.789874</vAcc></extensions></trkpt>
      <trkpt lon="35.015823" lat="31.895693"><ele>244.739806</ele><time>2026-05-30T18:20:56Z</time><extensions><speed>3.004010</speed><course>272.761163</course><hAcc>1.449232</hAcc><vAcc>0.792311</vAcc></extensions></trkpt>
      <trkpt lon="35.015791" lat="31.895695"><ele>244.624610</ele><time>2026-05-30T18:20:57Z</time><extensions><speed>3.095249</speed><course>275.545523</course><hAcc>1.438069</hAcc><vAcc>0.794737</vAcc></extensions></trkpt>
      <trkpt lon="35.015759" lat="31.895699"><ele>244.500090</ele><time>2026-05-30T18:20:58Z</time><extensions><speed>2.989601</speed><course>280.951535</course><hAcc>1.426861</hAcc><vAcc>0.797332</vAcc></extensions></trkpt>
      <trkpt lon="35.015730" lat="31.895705"><ele>244.374035</ele><time>2026-05-30T18:20:59Z</time><extensions><speed>2.785072</speed><course>287.444024</course><hAcc>1.415761</hAcc><vAcc>0.800113</vAcc></extensions></trkpt>
      <trkpt lon="35.015703" lat="31.895715"><ele>244.240178</ele><time>2026-05-30T18:21:00Z</time><extensions><speed>2.803317</speed><course>298.649557</course><hAcc>1.400099</hAcc><vAcc>0.802419</vAcc></extensions></trkpt>
      <trkpt lon="35.015677" lat="31.895729"><ele>244.106151</ele><time>2026-05-30T18:21:01Z</time><extensions><speed>2.975189</speed><course>306.631442</course><hAcc>1.389400</hAcc><vAcc>0.804705</vAcc></extensions></trkpt>
      <trkpt lon="35.015654" lat="31.895747"><ele>243.987835</ele><time>2026-05-30T18:21:02Z</time><extensions><speed>2.953613</speed><course>315.303971</course><hAcc>1.380144</hAcc><vAcc>0.806498</vAcc></extensions></trkpt>
      <trkpt lon="35.015633" lat="31.895766"><ele>243.875350</ele><time>2026-05-30T18:21:03Z</time><extensions><speed>2.850677</speed><course>320.299397</course><hAcc>1.371607</hAcc><vAcc>0.807515</vAcc></extensions></trkpt>
      <trkpt lon="35.015615" lat="31.895785"><ele>243.759766</ele><time>2026-05-30T18:21:04Z</time><extensions><speed>2.549464</speed><course>321.617264</course><hAcc>1.361708</hAcc><vAcc>0.808467</vAcc></extensions></trkpt>
      <trkpt lon="35.015599" lat="31.895800"><ele>243.652987</ele><time>2026-05-30T18:21:05Z</time><extensions><speed>2.059197</speed><course>313.823525</course><hAcc>1.349966</hAcc><vAcc>0.809147</vAcc></extensions></trkpt>
      <trkpt lon="35.015582" lat="31.895810"><ele>243.556879</ele><time>2026-05-30T18:21:06Z</time><extensions><speed>1.849774</speed><course>291.284463</course><hAcc>1.337862</hAcc><vAcc>0.809749</vAcc></extensions></trkpt>
      <trkpt lon="35.015562" lat="31.895812"><ele>243.464305</ele><time>2026-05-30T18:21:07Z</time><extensions><speed>2.092301</speed><course>264.440709</course><hAcc>1.327882</hAcc><vAcc>0.809931</vAcc></extensions></trkpt>
      <trkpt lon="35.015539" lat="31.895806"><ele>243.379813</ele><time>2026-05-30T18:21:08Z</time><extensions><speed>2.477667</speed><course>244.641196</course><hAcc>1.320579</hAcc><vAcc>0.810192</vAcc></extensions></trkpt>
      <trkpt lon="35.015516" lat="31.895793"><ele>243.282080</ele><time>2026-05-30T18:21:08Z</time><extensions><speed>2.637177</speed><course>229.070677</course><hAcc>1.313216</hAcc><vAcc>0.809921</vAcc></extensions></trkpt>
      <trkpt lon="35.015497" lat="31.895776"><ele>243.199011</ele><time>2026-05-30T18:21:09Z</time><extensions><speed>2.670899</speed><course>215.795989</course><hAcc>1.306705</hAcc><vAcc>0.809235</vAcc></extensions></trkpt>
      <trkpt lon="35.015483" lat="31.895755"><ele>243.133982</ele><time>2026-05-30T18:21:10Z</time><extensions><speed>2.645344</speed><course>205.597461</course><hAcc>1.305792</hAcc><vAcc>0.808070</vAcc></extensions></trkpt>
      <trkpt lon="35.015471" lat="31.895734"><ele>243.056665</ele><time>2026-05-30T18:21:11Z</time><extensions><speed>2.545317</speed><course>205.790481</course><hAcc>1.304131</hAcc><vAcc>0.806296</vAcc></extensions></trkpt>
      <trkpt lon="35.015457" lat="31.895715"><ele>242.994233</ele><time>2026-05-30T18:21:12Z</time><extensions><speed>2.544164</speed><course>219.645789</course><hAcc>1.298229</hAcc><vAcc>0.803846</vAcc></extensions></trkpt>
      <trkpt lon="35.015437" lat="31.895699"><ele>242.946998</ele><time>2026-05-30T18:21:13Z</time><extensions><speed>2.767823</speed><course>232.387000</course><hAcc>1.296674</hAcc><vAcc>0.800722</vAcc></extensions></trkpt>
      <trkpt lon="35.015411" lat="31.895684"><ele>242.908973</ele><time>2026-05-30T18:21:14Z</time><extensions><speed>3.007958</speed><course>241.461852</course><hAcc>1.294960</hAcc><vAcc>0.796975</vAcc></extensions></trkpt>
      <trkpt lon="35.015381" lat="31.895673"><ele>242.884289</ele><time>2026-05-30T18:21:15Z</time><extensions><speed>3.145661</speed><course>248.696540</course><hAcc>1.296934</hAcc><vAcc>0.792720</vAcc></extensions></trkpt>
      <trkpt lon="35.015350" lat="31.895664"><ele>242.845371</ele><time>2026-05-30T18:21:16Z</time><extensions><speed>3.069665</speed><course>254.535832</course><hAcc>1.297609</hAcc><vAcc>0.788134</vAcc></extensions></trkpt>
      <trkpt lon="35.015319" lat="31.895658"><ele>242.822078</ele><time>2026-05-30T18:21:17Z</time><extensions><speed>2.970594</speed><course>258.114579</course><hAcc>1.297103</hAcc><vAcc>0.783434</vAcc></extensions></trkpt>
      <trkpt lon="35.015288" lat="31.895652"><ele>242.802096</ele><time>2026-05-30T18:21:18Z</time><extensions><speed>3.007133</speed><course>258.814426</course><hAcc>1.292173</hAcc><vAcc>0.778842</vAcc></extensions></trkpt>
      <trkpt lon="35.015257" lat="31.895646"><ele>242.785791</ele><time>2026-05-30T18:21:19Z</time><extensions><speed>3.104296</speed><course>256.791309</course><hAcc>1.290655</hAcc><vAcc>0.774561</vAcc></extensions></trkpt>
      <trkpt lon="35.015225" lat="31.895639"><ele>242.785537</ele><time>2026-05-30T18:21:20Z</time><extensions><speed>3.079157</speed><course>254.267786</course><hAcc>1.288944</hAcc><vAcc>0.770741</vAcc></extensions></trkpt>
      <trkpt lon="35.015194" lat="31.895632"><ele>242.772137</ele><time>2026-05-30T18:21:21Z</time><extensions><speed>2.991185</speed><course>253.963306</course><hAcc>1.285499</hAcc><vAcc>0.767463</vAcc></extensions></trkpt>
      <trkpt lon="35.015165" lat="31.895625"><ele>242.764656</ele><time>2026-05-30T18:21:22Z</time><extensions><speed>2.829976</speed><course>254.007145</course><hAcc>1.281244</hAcc><vAcc>0.764746</vAcc></extensions></trkpt>
      <trkpt lon="35.015136" lat="31.895617"><ele>242.761823</ele><time>2026-05-30T18:21:23Z</time><extensions><speed>2.766154</speed><course>253.216460</course><hAcc>1.276784</hAcc><vAcc>0.762565</vAcc></extensions></trkpt>
      <trkpt lon="35.015108" lat="31.895610"><ele>242.770093</ele><time>2026-05-30T18:21:24Z</time><extensions><speed>2.723389</speed><course>254.191464</course><hAcc>1.267834</hAcc><vAcc>0.760867</vAcc></extensions></trkpt>
      <trkpt lon="35.015080" lat="31.895604"><ele>242.746490</ele><time>2026-05-30T18:21:25Z</time><extensions><speed>2.806898</speed><course>254.923167</course><hAcc>1.262941</hAcc><vAcc>0.759584</vAcc></extensions></trkpt>
      <trkpt lon="35.015052" lat="31.895597"><ele>242.720774</ele><time>2026-05-30T18:21:26Z</time><extensions><speed>2.785511</speed><course>251.850820</course><hAcc>1.256551</hAcc><vAcc>0.758644</vAcc></extensions></trkpt>
      <trkpt lon="35.015025" lat="31.895588"><ele>242.696365</ele><time>2026-05-30T18:21:27Z</time><extensions><speed>2.710448</speed><course>246.040602</course><hAcc>1.246696</hAcc><vAcc>0.757975</vAcc></extensions></trkpt>
      <trkpt lon="35.014999" lat="31.895577"><ele>242.652064</ele><time>2026-05-30T18:21:28Z</time><extensions><speed>2.620525</speed><course>242.836977</course><hAcc>1.247772</hAcc><vAcc>0.757515</vAcc></extensions></trkpt>
      <trkpt lon="35.014975" lat="31.895567"><ele>242.626806</ele><time>2026-05-30T18:21:29Z</time><extensions><speed>2.554882</speed><course>242.126583</course><hAcc>1.249052</hAcc><vAcc>0.757211</vAcc></extensions></trkpt>
      <trkpt lon="35.014951" lat="31.895555"><ele>242.586889</ele><time>2026-05-30T18:21:30Z</time><extensions><speed>2.641227</speed><course>241.149469</course><hAcc>1.251476</hAcc><vAcc>0.757017</vAcc></extensions></trkpt>
      <trkpt lon="35.014925" lat="31.895544"><ele>242.537515</ele><time>2026-05-30T18:21:31Z</time><extensions><speed>2.771616</speed><course>242.422532</course><hAcc>1.262649</hAcc><vAcc>0.756900</vAcc></extensions></trkpt>
      <trkpt lon="35.014898" lat="31.895533"><ele>242.473782</ele><time>2026-05-30T18:21:32Z</time><extensions><speed>2.974381</speed><course>247.848499</course><hAcc>1.273009</hAcc><vAcc>0.756833</vAcc></extensions></trkpt>
      <trkpt lon="35.014868" lat="31.895524"><ele>242.405593</ele><time>2026-05-30T18:21:33Z</time><extensions><speed>3.087848</speed><course>253.531351</course><hAcc>1.279299</hAcc><vAcc>0.756799</vAcc></extensions></trkpt>
      <trkpt lon="35.014835" lat="31.895517"><ele>242.349062</ele><time>2026-05-30T18:21:34Z</time><extensions><speed>3.251623</speed><course>257.889261</course><hAcc>1.285272</hAcc><vAcc>0.756783</vAcc></extensions></trkpt>
      <trkpt lon="35.014802" lat="31.895512"><ele>242.284962</ele><time>2026-05-30T18:21:35Z</time><extensions><speed>3.158305</speed><course>260.370989</course><hAcc>1.295317</hAcc><vAcc>0.756777</vAcc></extensions></trkpt>
      <trkpt lon="35.014770" lat="31.895507"><ele>242.225851</ele><time>2026-05-30T18:21:36Z</time><extensions><speed>2.992632</speed><course>261.263346</course><hAcc>1.301515</hAcc><vAcc>0.756775</vAcc></extensions></trkpt>
      <trkpt lon="35.014739" lat="31.895503"><ele>242.172511</ele><time>2026-05-30T18:21:37Z</time><extensions><speed>2.931557</speed><course>259.441246</course><hAcc>1.301028</hAcc><vAcc>0.756775</vAcc></extensions></trkpt>
      <trkpt lon="35.014708" lat="31.895497"><ele>242.114543</ele><time>2026-05-30T18:21:38Z</time><extensions><speed>2.950193</speed><course>255.923132</course><hAcc>1.302730</hAcc><vAcc>0.756774</vAcc></extensions></trkpt>
      <trkpt lon="35.014678" lat="31.895491"><ele>242.067018</ele><time>2026-05-30T18:21:39Z</time><extensions><speed>2.883335</speed><course>256.208105</course><hAcc>1.303079</hAcc><vAcc>0.756772</vAcc></extensions></trkpt>
      <trkpt lon="35.014648" lat="31.895484"><ele>242.027251</ele><time>2026-05-30T18:21:40Z</time><extensions><speed>2.958305</speed><course>255.467864</course><hAcc>1.306232</hAcc><vAcc>0.756770</vAcc></extensions></trkpt>
      <trkpt lon="35.014618" lat="31.895478"><ele>241.973982</ele><time>2026-05-30T18:21:41Z</time><extensions><speed>2.976215</speed><course>256.744663</course><hAcc>1.305984</hAcc><vAcc>0.756767</vAcc></extensions></trkpt>
      <trkpt lon="35.014587" lat="31.895471"><ele>241.910622</ele><time>2026-05-30T18:21:42Z</time><extensions><speed>2.971450</speed><course>256.237692</course><hAcc>1.306598</hAcc><vAcc>0.756763</vAcc></extensions></trkpt>
      <trkpt lon="35.014557" lat="31.895464"><ele>241.859584</ele><time>2026-05-30T18:21:43Z</time><extensions><speed>2.984749</speed><course>252.297283</course><hAcc>1.303450</hAcc><vAcc>0.756759</vAcc></extensions></trkpt>
      <trkpt lon="35.014527" lat="31.895456"><ele>241.819241</ele><time>2026-05-30T18:21:44Z</time><extensions><speed>2.973997</speed><course>252.770049</course><hAcc>1.302058</hAcc><vAcc>0.756755</vAcc></extensions></trkpt>
      <trkpt lon="35.014497" lat="31.895449"><ele>241.780995</ele><time>2026-05-30T18:21:45Z</time><extensions><speed>2.949990</speed><course>255.187769</course><hAcc>1.302343</hAcc><vAcc>0.756751</vAcc></extensions></trkpt>
      <trkpt lon="35.014467" lat="31.895441"><ele>241.755606</ele><time>2026-05-30T18:21:46Z</time><extensions><speed>2.946059</speed><course>253.163972</course><hAcc>1.304173</hAcc><vAcc>0.756748</vAcc></extensions></trkpt>
      <trkpt lon="35.014438" lat="31.895434"><ele>241.724853</ele><time>2026-05-30T18:21:47Z</time><extensions><speed>2.800169</speed><course>252.559671</course><hAcc>1.304501</hAcc><vAcc>0.756745</vAcc></extensions></trkpt>
      <trkpt lon="35.014410" lat="31.895426"><ele>241.678527</ele><time>2026-05-30T18:21:48Z</time><extensions><speed>2.774193</speed><course>252.722013</course><hAcc>1.305416</hAcc><vAcc>0.756743</vAcc></extensions></trkpt>
      <trkpt lon="35.014381" lat="31.895419"><ele>241.652278</ele><time>2026-05-30T18:21:49Z</time><extensions><speed>2.830778</speed><course>253.534996</course><hAcc>1.310600</hAcc><vAcc>0.756796</vAcc></extensions></trkpt>
      <trkpt lon="35.014353" lat="31.895412"><ele>241.636421</ele><time>2026-05-30T18:21:50Z</time><extensions><speed>2.814848</speed><course>254.863380</course><hAcc>1.311842</hAcc><vAcc>0.756820</vAcc></extensions></trkpt>
      <trkpt lon="35.014323" lat="31.895406"><ele>241.602777</ele><time>2026-05-30T18:21:51Z</time><extensions><speed>2.862632</speed><course>257.543337</course><hAcc>1.318255</hAcc><vAcc>0.756849</vAcc></extensions></trkpt>
      <trkpt lon="35.014293" lat="31.895400"><ele>241.575280</ele><time>2026-05-30T18:21:52Z</time><extensions><speed>2.965257</speed><course>258.072662</course><hAcc>1.325696</hAcc><vAcc>0.756884</vAcc></extensions></trkpt>
      <trkpt lon="35.014263" lat="31.895395"><ele>241.571884</ele><time>2026-05-30T18:21:53Z</time><extensions><speed>2.971387</speed><course>257.496650</course><hAcc>1.328513</hAcc><vAcc>0.756923</vAcc></extensions></trkpt>
      <trkpt lon="35.014232" lat="31.895390"><ele>241.569056</ele><time>2026-05-30T18:21:54Z</time><extensions><speed>2.968775</speed><course>260.832791</course><hAcc>1.331658</hAcc><vAcc>0.756966</vAcc></extensions></trkpt>
      <trkpt lon="35.014201" lat="31.895386"><ele>241.546589</ele><time>2026-05-30T18:21:55Z</time><extensions><speed>2.864996</speed><course>264.531635</course><hAcc>1.335192</hAcc><vAcc>0.757010</vAcc></extensions></trkpt>
      <trkpt lon="35.014171" lat="31.895384"><ele>241.541539</ele><time>2026-05-30T18:21:56Z</time><extensions><speed>2.792773</speed><course>265.090903</course><hAcc>1.336543</hAcc><vAcc>0.757053</vAcc></extensions></trkpt>
      <trkpt lon="35.014141" lat="31.895382"><ele>241.538302</ele><time>2026-05-30T18:21:57Z</time><extensions><speed>2.845698</speed><course>265.432108</course><hAcc>1.332349</hAcc><vAcc>0.757090</vAcc></extensions></trkpt>
      <trkpt lon="35.014111" lat="31.895380"><ele>241.519867</ele><time>2026-05-30T18:21:58Z</time><extensions><speed>2.831187</speed><course>265.701994</course><hAcc>1.333465</hAcc><vAcc>0.757115</vAcc></extensions></trkpt>
      <trkpt lon="35.014081" lat="31.895378"><ele>241.519275</ele><time>2026-05-30T18:21:59Z</time><extensions><speed>2.862406</speed><course>265.717564</course><hAcc>1.329768</hAcc><vAcc>0.757121</vAcc></extensions></trkpt>
      <trkpt lon="35.014051" lat="31.895376"><ele>241.509439</ele><time>2026-05-30T18:22:00Z</time><extensions><speed>2.944422</speed><course>266.218470</course><hAcc>1.328240</hAcc><vAcc>0.757107</vAcc></extensions></trkpt>
      <trkpt lon="35.014020" lat="31.895375"><ele>241.504320</ele><time>2026-05-30T18:22:01Z</time><extensions><speed>2.899080</speed><course>270.421659</course><hAcc>1.327654</hAcc><vAcc>0.757075</vAcc></extensions></trkpt>
      <trkpt lon="35.013989" lat="31.895377"><ele>241.497309</ele><time>2026-05-30T18:22:02Z</time><extensions><speed>2.899273</speed><course>275.891975</course><hAcc>1.326541</hAcc><vAcc>0.757033</vAcc></extensions></trkpt>
      <trkpt lon="35.013959" lat="31.895380"><ele>241.490613</ele><time>2026-05-30T18:22:03Z</time><extensions><speed>2.866583</speed><course>278.500852</course><hAcc>1.327701</hAcc><vAcc>0.756987</vAcc></extensions></trkpt>
      <trkpt lon="35.013929" lat="31.895385"><ele>241.478429</ele><time>2026-05-30T18:22:04Z</time><extensions><speed>2.874745</speed><course>282.281645</course><hAcc>1.325175</hAcc><vAcc>0.756941</vAcc></extensions></trkpt>
      <trkpt lon="35.013899" lat="31.895390"><ele>241.459757</ele><time>2026-05-30T18:22:05Z</time><extensions><speed>2.790381</speed><course>281.437512</course><hAcc>1.325041</hAcc><vAcc>0.756898</vAcc></extensions></trkpt>
      <trkpt lon="35.013871" lat="31.895394"><ele>241.435724</ele><time>2026-05-30T18:22:06Z</time><extensions><speed>2.692576</speed><course>275.623839</course><hAcc>1.326913</hAcc><vAcc>0.756861</vAcc></extensions></trkpt>
      <trkpt lon="35.013842" lat="31.895394"><ele>241.403351</ele><time>2026-05-30T18:22:07Z</time><extensions><speed>2.717956</speed><course>268.358824</course><hAcc>1.336708</hAcc><vAcc>0.756829</vAcc></extensions></trkpt>
      <trkpt lon="35.013813" lat="31.895392"><ele>241.365071</ele><time>2026-05-30T18:22:08Z</time><extensions><speed>2.915778</speed><course>262.218840</course><hAcc>1.334806</hAcc><vAcc>0.756803</vAcc></extensions></trkpt>
      <trkpt lon="35.013781" lat="31.895387"><ele>241.313085</ele><time>2026-05-30T18:22:09Z</time><extensions><speed>3.104448</speed><course>256.901940</course><hAcc>1.329271</hAcc><vAcc>0.756783</vAcc></extensions></trkpt>
      <trkpt lon="35.013749" lat="31.895380"><ele>241.263096</ele><time>2026-05-30T18:22:10Z</time><extensions><speed>3.193893</speed><course>254.239849</course><hAcc>1.317695</hAcc><vAcc>0.756768</vAcc></extensions></trkpt>
      <trkpt lon="35.013717" lat="31.895372"><ele>241.203594</ele><time>2026-05-30T18:22:11Z</time><extensions><speed>3.219145</speed><course>252.711133</course><hAcc>1.309931</hAcc><vAcc>0.756757</vAcc></extensions></trkpt>
      <trkpt lon="35.013684" lat="31.895364"><ele>241.128639</ele><time>2026-05-30T18:22:12Z</time><extensions><speed>3.167646</speed><course>252.699682</course><hAcc>1.300716</hAcc><vAcc>0.756749</vAcc></extensions></trkpt>
      <trkpt lon="35.013653" lat="31.895356"><ele>241.055013</ele><time>2026-05-30T18:22:13Z</time><extensions><speed>3.082363</speed><course>255.388820</course><hAcc>1.296348</hAcc><vAcc>0.756744</vAcc></extensions></trkpt>
      <trkpt lon="35.013621" lat="31.895350"><ele>240.977527</ele><time>2026-05-30T18:22:14Z</time><extensions><speed>3.008772</speed><course>258.492450</course><hAcc>1.297125</hAcc><vAcc>0.756740</vAcc></extensions></trkpt>
      <trkpt lon="35.013589" lat="31.895345"><ele>240.885056</ele><time>2026-05-30T18:22:15Z</time><extensions><speed>3.150643</speed><course>260.827451</course><hAcc>1.285716</hAcc><vAcc>0.756738</vAcc></extensions></trkpt>
      <trkpt lon="35.013557" lat="31.895341"><ele>240.780986</ele><time>2026-05-30T18:22:16Z</time><extensions><speed>3.083192</speed><course>263.404008</course><hAcc>1.271580</hAcc><vAcc>0.756737</vAcc></extensions></trkpt>
      <trkpt lon="35.013525" lat="31.895337"><ele>240.703473</ele><time>2026-05-30T18:22:17Z</time><extensions><speed>2.892460</speed><course>262.038892</course><hAcc>1.272876</hAcc><vAcc>0.756736</vAcc></extensions></trkpt>
      <trkpt lon="35.013494" lat="31.895334"><ele>240.612581</ele><time>2026-05-30T18:22:18Z</time><extensions><speed>3.000432</speed><course>264.095318</course><hAcc>1.262919</hAcc><vAcc>0.756736</vAcc></extensions></trkpt>
      <trkpt lon="35.013463" lat="31.895331"><ele>240.507401</ele><time>2026-05-30T18:22:19Z</time><extensions><speed>2.979957</speed><course>263.385996</course><hAcc>1.257345</hAcc><vAcc>0.756736</vAcc></extensions></trkpt>
      <trkpt lon="35.013432" lat="31.895328"><ele>240.403160</ele><time>2026-05-30T18:22:20Z</time><extensions><speed>2.922490</speed><course>261.775362</course><hAcc>1.257610</hAcc><vAcc>0.756736</vAcc></extensions></trkpt>
      <trkpt lon="35.013403" lat="31.895324"><ele>240.303290</ele><time>2026-05-30T18:22:21Z</time><extensions><speed>2.723939</speed><course>260.529723</course><hAcc>1.247740</hAcc><vAcc>0.756736</vAcc></extensions></trkpt>
      <trkpt lon="35.013375" lat="31.895320"><ele>240.192892</ele><time>2026-05-30T18:22:22Z</time><extensions><speed>2.508017</speed><course>261.994233</course><hAcc>1.240188</hAcc><vAcc>0.756736</vAcc></extensions></trkpt>
      <trkpt lon="35.013350" lat="31.895317"><ele>240.085668</ele><time>2026-05-30T18:22:23Z</time><extensions><speed>2.390607</speed><course>263.534203</course><hAcc>1.237243</hAcc><vAcc>0.756736</vAcc></extensions></trkpt>
      <trkpt lon="35.013324" lat="31.895315"><ele>239.979695</ele><time>2026-05-30T18:22:24Z</time><extensions><speed>2.411525</speed><course>261.191300</course><hAcc>1.247398</hAcc><vAcc>0.756736</vAcc></extensions></trkpt>
      <trkpt lon="35.013297" lat="31.895311"><ele>239.869262</ele><time>2026-05-30T18:22:25Z</time><extensions><speed>2.748820</speed><course>261.173927</course><hAcc>1.247100</hAcc><vAcc>0.756736</vAcc></extensions></trkpt>
      <trkpt lon="35.013267" lat="31.895306"><ele>239.750915</ele><time>2026-05-30T18:22:26Z</time><extensions><speed>3.189159</speed><course>257.230254</course><hAcc>1.227370</hAcc><vAcc>0.756736</vAcc></extensions></trkpt>
      <trkpt lon="35.013234" lat="31.895298"><ele>239.630778</ele><time>2026-05-30T18:22:27Z</time><extensions><speed>3.300713</speed><course>249.593577</course><hAcc>1.228649</hAcc><vAcc>0.756736</vAcc></extensions></trkpt>
      <trkpt lon="35.013202" lat="31.895287"><ele>239.499997</ele><time>2026-05-30T18:22:28Z</time><extensions><speed>3.150209</speed><course>245.939275</course><hAcc>1.250657</hAcc><vAcc>0.756736</vAcc></extensions></trkpt>
      <trkpt lon="35.013172" lat="31.895277"><ele>239.365394</ele><time>2026-05-30T18:22:29Z</time><extensions><speed>3.061609</speed><course>252.352988</course><hAcc>1.258110</hAcc><vAcc>0.756792</vAcc></extensions></trkpt>
      <trkpt lon="35.013143" lat="31.895270"><ele>239.226776</ele><time>2026-05-30T18:22:30Z</time><extensions><speed>2.633979</speed><course>258.811227</course><hAcc>1.259253</hAcc><vAcc>0.756874</vAcc></extensions></trkpt>
      <trkpt lon="35.013116" lat="31.895267"><ele>239.092467</ele><time>2026-05-30T18:22:31Z</time><extensions><speed>2.494772</speed><course>266.814219</course><hAcc>1.275867</hAcc><vAcc>0.756932</vAcc></extensions></trkpt>
      <trkpt lon="35.013088" lat="31.895267"><ele>238.957072</ele><time>2026-05-30T18:22:32Z</time><extensions><speed>2.670031</speed><course>270.927278</course><hAcc>1.305888</hAcc><vAcc>0.757001</vAcc></extensions></trkpt>
      <trkpt lon="35.013059" lat="31.895268"><ele>238.822719</ele><time>2026-05-30T18:22:33Z</time><extensions><speed>2.816321</speed><course>272.462407</course><hAcc>1.326349</hAcc><vAcc>0.757080</vAcc></extensions></trkpt>
      <trkpt lon="35.013029" lat="31.895269"><ele>238.684739</ele><time>2026-05-30T18:22:34Z</time><extensions><speed>3.015455</speed><course>273.311250</course><hAcc>1.344752</hAcc><vAcc>0.757309</vAcc></extensions></trkpt>
      <trkpt lon="35.012997" lat="31.895270"><ele>238.540247</ele><time>2026-05-30T18:22:35Z</time><extensions><speed>3.022236</speed><course>272.847750</course><hAcc>1.345099</hAcc><vAcc>0.757681</vAcc></extensions></trkpt>
      <trkpt lon="35.012965" lat="31.895273"><ele>238.399209</ele><time>2026-05-30T18:22:36Z</time><extensions><speed>2.993908</speed><course>276.157122</course><hAcc>1.347286</hAcc><vAcc>0.758318</vAcc></extensions></trkpt>
      <trkpt lon="35.012934" lat="31.895276"><ele>238.265917</ele><time>2026-05-30T18:22:37Z</time><extensions><speed>2.930480</speed><course>279.974881</course><hAcc>1.350653</hAcc><vAcc>0.759093</vAcc></extensions></trkpt>
      <trkpt lon="35.012905" lat="31.895282"><ele>238.156936</ele><time>2026-05-30T18:22:38Z</time><extensions><speed>2.739772</speed><course>284.381096</course><hAcc>1.342175</hAcc><vAcc>0.759984</vAcc></extensions></trkpt>
      <trkpt lon="35.012876" lat="31.895288"><ele>238.053649</ele><time>2026-05-30T18:22:40Z</time><extensions><speed>2.863055</speed><course>284.414647</course><hAcc>1.337349</hAcc><vAcc>0.760773</vAcc></extensions></trkpt>
      <trkpt lon="35.012847" lat="31.895293"><ele>237.958656</ele><time>2026-05-30T18:22:41Z</time><extensions><speed>2.860643</speed><course>278.525411</course><hAcc>1.327695</hAcc><vAcc>0.761582</vAcc></extensions></trkpt>
      <trkpt lon="35.012816" lat="31.895295"><ele>237.863384</ele><time>2026-05-30T18:22:42Z</time><extensions><speed>2.996687</speed><course>270.876361</course><hAcc>1.319176</hAcc><vAcc>0.762424</vAcc></extensions></trkpt>
      <trkpt lon="35.012784" lat="31.895295"><ele>237.773465</ele><time>2026-05-30T18:22:43Z</time><extensions><speed>3.114052</speed><course>266.732367</course><hAcc>1.317500</hAcc><vAcc>0.763263</vAcc></extensions></trkpt>
      <trkpt lon="35.012751" lat="31.895291"><ele>237.692790</ele><time>2026-05-30T18:22:44Z</time><extensions><speed>3.064961</speed><course>260.265796</course><hAcc>1.316820</hAcc><vAcc>0.764047</vAcc></extensions></trkpt>
      <trkpt lon="35.012722" lat="31.895285"><ele>237.636014</ele><time>2026-05-30T18:22:45Z</time><extensions><speed>2.733724</speed><course>251.308529</course><hAcc>1.304253</hAcc><vAcc>0.764696</vAcc></extensions></trkpt>
      <trkpt lon="35.012696" lat="31.895276"><ele>237.590013</ele><time>2026-05-30T18:22:46Z</time><extensions><speed>2.571793</speed><course>242.474499</course><hAcc>1.291415</hAcc><vAcc>0.765115</vAcc></extensions></trkpt>
      <trkpt lon="35.012673" lat="31.895264"><ele>237.551153</ele><time>2026-05-30T18:22:47Z</time><extensions><speed>2.526824</speed><course>236.093012</course><hAcc>1.279500</hAcc><vAcc>0.765216</vAcc></extensions></trkpt>
      <trkpt lon="35.012649" lat="31.895252"><ele>237.518813</ele><time>2026-05-30T18:22:48Z</time><extensions><speed>2.676577</speed><course>241.593633</course><hAcc>1.273807</hAcc><vAcc>0.764960</vAcc></extensions></trkpt>
      <trkpt lon="35.012623" lat="31.895243"><ele>237.486433</ele><time>2026-05-30T18:22:49Z</time><extensions><speed>2.658676</speed><course>254.994905</course><hAcc>1.283368</hAcc><vAcc>0.764373</vAcc></extensions></trkpt>
      <trkpt lon="35.012595" lat="31.895242"><ele>237.441992</ele><time>2026-05-30T18:22:50Z</time><extensions><speed>2.720240</speed><course>277.845252</course><hAcc>1.264103</hAcc><vAcc>0.763539</vAcc></extensions></trkpt>
      <trkpt lon="35.012566" lat="31.895248"><ele>237.408181</ele><time>2026-05-30T18:22:51Z</time><extensions><speed>2.968157</speed><course>288.724501</course><hAcc>1.257457</hAcc><vAcc>0.762574</vAcc></extensions></trkpt>
      <trkpt lon="35.012536" lat="31.895256"><ele>237.385817</ele><time>2026-05-30T18:22:52Z</time><extensions><speed>3.029589</speed><course>287.672378</course><hAcc>1.267473</hAcc><vAcc>0.761581</vAcc></extensions></trkpt>
      <trkpt lon="35.012506" lat="31.895264"><ele>237.374337</ele><time>2026-05-30T18:22:53Z</time><extensions><speed>2.915995</speed><course>283.943309</course><hAcc>1.267888</hAcc><vAcc>0.760634</vAcc></extensions></trkpt>
      <trkpt lon="35.012475" lat="31.895270"><ele>237.358252</ele><time>2026-05-30T18:22:54Z</time><extensions><speed>3.003718</speed><course>281.926476</course><hAcc>1.266385</hAcc><vAcc>0.759781</vAcc></extensions></trkpt>
      <trkpt lon="35.012444" lat="31.895274"><ele>237.340123</ele><time>2026-05-30T18:22:55Z</time><extensions><speed>3.008475</speed><course>277.235425</course><hAcc>1.267257</hAcc><vAcc>0.759048</vAcc></extensions></trkpt>
      <trkpt lon="35.012412" lat="31.895277"><ele>237.323172</ele><time>2026-05-30T18:22:56Z</time><extensions><speed>3.034906</speed><course>274.808953</course><hAcc>1.269883</hAcc><vAcc>0.758441</vAcc></extensions></trkpt>
      <trkpt lon="35.012379" lat="31.895279"><ele>237.299760</ele><time>2026-05-30T18:22:57Z</time><extensions><speed>3.136784</speed><course>274.362498</course><hAcc>1.272774</hAcc><vAcc>0.757957</vAcc></extensions></trkpt>
      <trkpt lon="35.012346" lat="31.895281"><ele>237.278271</ele><time>2026-05-30T18:22:58Z</time><extensions><speed>3.157283</speed><course>273.307622</course><hAcc>1.284365</hAcc><vAcc>0.757644</vAcc></extensions></trkpt>
      <trkpt lon="35.012312" lat="31.895284"><ele>237.251267</ele><time>2026-05-30T18:22:59Z</time><extensions><speed>3.337773</speed><course>276.478454</course><hAcc>1.299002</hAcc><vAcc>0.757929</vAcc></extensions></trkpt>
      <trkpt lon="35.012277" lat="31.895288"><ele>237.226305</ele><time>2026-05-30T18:23:00Z</time><extensions><speed>3.273669</speed><course>278.927675</course><hAcc>1.316322</hAcc><vAcc>0.758925</vAcc></extensions></trkpt>
      <trkpt lon="35.012244" lat="31.895292"><ele>237.208232</ele><time>2026-05-30T18:23:01Z</time><extensions><speed>3.120055</speed><course>279.488695</course><hAcc>1.335940</hAcc><vAcc>0.760910</vAcc></extensions></trkpt>
      <trkpt lon="35.012211" lat="31.895297"><ele>237.194947</ele><time>2026-05-30T18:23:02Z</time><extensions><speed>3.183556</speed><course>280.685921</course><hAcc>1.351782</hAcc><vAcc>0.763899</vAcc></extensions></trkpt>
      <trkpt lon="35.012179" lat="31.895303"><ele>237.172853</ele><time>2026-05-30T18:23:03Z</time><extensions><speed>3.057226</speed><course>280.744451</course><hAcc>1.375955</hAcc><vAcc>0.768183</vAcc></extensions></trkpt>
      <trkpt lon="35.012147" lat="31.895308"><ele>237.137893</ele><time>2026-05-30T18:23:04Z</time><extensions><speed>3.108282</speed><course>283.482747</course><hAcc>1.408114</hAcc><vAcc>0.773902</vAcc></extensions></trkpt>
      <trkpt lon="35.012115" lat="31.895315"><ele>237.102742</ele><time>2026-05-30T18:23:05Z</time><extensions><speed>3.110502</speed><course>285.394393</course><hAcc>1.446850</hAcc><vAcc>0.780793</vAcc></extensions></trkpt>
      <trkpt lon="35.012084" lat="31.895323"><ele>237.062107</ele><time>2026-05-30T18:23:06Z</time><extensions><speed>3.037754</speed><course>287.947019</course><hAcc>1.485557</hAcc><vAcc>0.788063</vAcc></extensions></trkpt>
      <trkpt lon="35.012054" lat="31.895333"><ele>237.016375</ele><time>2026-05-30T18:23:07Z</time><extensions><speed>3.088758</speed><course>292.693075</course><hAcc>1.520955</hAcc><vAcc>0.797679</vAcc></extensions></trkpt>
      <trkpt lon="35.012025" lat="31.895344"><ele>236.962034</ele><time>2026-05-30T18:23:08Z</time><extensions><speed>2.933759</speed><course>296.881816</course><hAcc>1.542239</hAcc><vAcc>0.808515</vAcc></extensions></trkpt>
      <trkpt lon="35.011997" lat="31.895356"><ele>236.906376</ele><time>2026-05-30T18:23:09Z</time><extensions><speed>2.893257</speed><course>296.661816</course><hAcc>1.554774</hAcc><vAcc>0.820526</vAcc></extensions></trkpt>
      <trkpt lon="35.011969" lat="31.895368"><ele>236.843651</ele><time>2026-05-30T18:23:10Z</time><extensions><speed>3.029947</speed><course>295.855675</course><hAcc>1.568700</hAcc><vAcc>0.833515</vAcc></extensions></trkpt>
      <trkpt lon="35.011940" lat="31.895379"><ele>236.783232</ele><time>2026-05-30T18:23:11Z</time><extensions><speed>2.908002</speed><course>295.113295</course><hAcc>1.576261</hAcc><vAcc>0.846750</vAcc></extensions></trkpt>
      <trkpt lon="35.011912" lat="31.895391"><ele>236.701164</ele><time>2026-05-30T18:23:12Z</time><extensions><speed>3.027028</speed><course>294.539364</course><hAcc>1.580998</hAcc><vAcc>0.859449</vAcc></extensions></trkpt>
      <trkpt lon="35.011883" lat="31.895402"><ele>236.632068</ele><time>2026-05-30T18:23:13Z</time><extensions><speed>2.871939</speed><course>294.640204</course><hAcc>1.581119</hAcc><vAcc>0.871332</vAcc></extensions></trkpt>
      <trkpt lon="35.011857" lat="31.895412"><ele>236.561699</ele><time>2026-05-30T18:23:14Z</time><extensions><speed>2.705201</speed><course>294.529002</course><hAcc>1.585392</hAcc><vAcc>0.881418</vAcc></extensions></trkpt>
      <trkpt lon="35.011830" lat="31.895423"><ele>236.498784</ele><time>2026-05-30T18:23:15Z</time><extensions><speed>2.832132</speed><course>295.782867</course><hAcc>1.591588</hAcc><vAcc>0.891753</vAcc></extensions></trkpt>
      <trkpt lon="35.011803" lat="31.895434"><ele>236.442803</ele><time>2026-05-30T18:23:16Z</time><extensions><speed>2.812250</speed><course>295.855433</course><hAcc>1.599506</hAcc><vAcc>0.901715</vAcc></extensions></trkpt>
      <trkpt lon="35.011776" lat="31.895445"><ele>236.387430</ele><time>2026-05-30T18:23:16Z</time><extensions><speed>2.862025</speed><course>293.286464</course><hAcc>1.611624</hAcc><vAcc>0.911590</vAcc></extensions></trkpt>
      <trkpt lon="35.011747" lat="31.895455"><ele>236.335225</ele><time>2026-05-30T18:23:17Z</time><extensions><speed>3.150265</speed><course>292.687392</course><hAcc>1.624686</hAcc><vAcc>0.920726</vAcc></extensions></trkpt>
      <trkpt lon="35.011716" lat="31.895465"><ele>236.298398</ele><time>2026-05-30T18:23:18Z</time><extensions><speed>3.046261</speed><course>289.206145</course><hAcc>1.634963</hAcc><vAcc>0.929440</vAcc></extensions></trkpt>
      <trkpt lon="35.011686" lat="31.895474"><ele>236.284823</ele><time>2026-05-30T18:23:19Z</time><extensions><speed>2.955860</speed><course>289.850367</course><hAcc>1.647816</hAcc><vAcc>0.938266</vAcc></extensions></trkpt>
      <trkpt lon="35.011657" lat="31.895484"><ele>236.279875</ele><time>2026-05-30T18:23:20Z</time><extensions><speed>2.954756</speed><course>294.365622</course><hAcc>1.652795</hAcc><vAcc>0.947249</vAcc></extensions></trkpt>
      <trkpt lon="35.011630" lat="31.895496"><ele>236.292366</ele><time>2026-05-30T18:23:21Z</time><extensions><speed>2.826006</speed><course>298.780029</course><hAcc>1.662393</hAcc><vAcc>0.955695</vAcc></extensions></trkpt>
      <trkpt lon="35.011604" lat="31.895510"><ele>236.348366</ele><time>2026-05-30T18:23:22Z</time><extensions><speed>2.951893</speed><course>301.708571</course><hAcc>1.674158</hAcc><vAcc>0.963683</vAcc></extensions></trkpt>
      <trkpt lon="35.011577" lat="31.895524"><ele>236.407361</ele><time>2026-05-30T18:23:23Z</time><extensions><speed>3.011939</speed><course>303.796787</course><hAcc>1.687193</hAcc><vAcc>0.971084</vAcc></extensions></trkpt>
      <trkpt lon="35.011552" lat="31.895540"><ele>236.449667</ele><time>2026-05-30T18:23:24Z</time><extensions><speed>2.911661</speed><course>305.729403</course><hAcc>1.704228</hAcc><vAcc>0.978668</vAcc></extensions></trkpt>
      <trkpt lon="35.011526" lat="31.895556"><ele>236.478629</ele><time>2026-05-30T18:23:25Z</time><extensions><speed>3.016675</speed><course>304.445834</course><hAcc>1.719348</hAcc><vAcc>0.986407</vAcc></extensions></trkpt>
      <trkpt lon="35.011500" lat="31.895571"><ele>236.499449</ele><time>2026-05-30T18:23:26Z</time><extensions><speed>2.929651</speed><course>302.630667</course><hAcc>1.735333</hAcc><vAcc>0.994727</vAcc></extensions></trkpt>
      <trkpt lon="35.011474" lat="31.895585"><ele>236.524037</ele><time>2026-05-30T18:23:27Z</time><extensions><speed>2.919902</speed><course>300.933647</course><hAcc>1.754499</hAcc><vAcc>1.002288</vAcc></extensions></trkpt>
      <trkpt lon="35.011448" lat="31.895599"><ele>236.545552</ele><time>2026-05-30T18:23:28Z</time><extensions><speed>2.982967</speed><course>302.811392</course><hAcc>1.767569</hAcc><vAcc>1.009501</vAcc></extensions></trkpt>
      <trkpt lon="35.011424" lat="31.895615"><ele>236.567607</ele><time>2026-05-30T18:23:29Z</time><extensions><speed>2.882983</speed><course>311.665251</course><hAcc>1.775294</hAcc><vAcc>1.015840</vAcc></extensions></trkpt>
      <trkpt lon="35.011402" lat="31.895635"><ele>236.568795</ele><time>2026-05-30T18:23:30Z</time><extensions><speed>2.998246</speed><course>319.946218</course><hAcc>1.778073</hAcc><vAcc>1.022572</vAcc></extensions></trkpt>
      <trkpt lon="35.011382" lat="31.895655"><ele>236.559646</ele><time>2026-05-30T18:23:31Z</time><extensions><speed>2.934353</speed><course>320.690844</course><hAcc>1.778811</hAcc><vAcc>1.029812</vAcc></extensions></trkpt>
      <trkpt lon="35.011362" lat="31.895675"><ele>236.612524</ele><time>2026-05-30T18:23:32Z</time><extensions><speed>2.839380</speed><course>318.000749</course><hAcc>1.779625</hAcc><vAcc>1.035383</vAcc></extensions></trkpt>
      <trkpt lon="35.011343" lat="31.895696"><ele>236.613090</ele><time>2026-05-30T18:23:33Z</time><extensions><speed>2.912132</speed><course>322.399451</course><hAcc>1.773205</hAcc><vAcc>1.040638</vAcc></extensions></trkpt>
      <trkpt lon="35.011325" lat="31.895717"><ele>236.572896</ele><time>2026-05-30T18:23:34Z</time><extensions><speed>2.835134</speed><course>326.361704</course><hAcc>1.767139</hAcc><vAcc>1.045124</vAcc></extensions></trkpt>
      <trkpt lon="35.011309" lat="31.895739"><ele>236.538302</ele><time>2026-05-30T18:23:35Z</time><extensions><speed>2.901525</speed><course>330.078775</course><hAcc>1.762548</hAcc><vAcc>1.047633</vAcc></extensions></trkpt>
      <trkpt lon="35.011294" lat="31.895763"><ele>236.499142</ele><time>2026-05-30T18:23:36Z</time><extensions><speed>2.979906</speed><course>333.448684</course><hAcc>1.756192</hAcc><vAcc>1.048976</vAcc></extensions></trkpt>
      <trkpt lon="35.011282" lat="31.895788"><ele>236.444388</ele><time>2026-05-30T18:23:37Z</time><extensions><speed>2.933434</speed><course>339.465021</course><hAcc>1.743145</hAcc><vAcc>1.050033</vAcc></extensions></trkpt>
      <trkpt lon="35.011272" lat="31.895814"><ele>236.404049</ele><time>2026-05-30T18:23:38Z</time><extensions><speed>3.165203</speed><course>341.898954</course><hAcc>1.728753</hAcc><vAcc>1.050005</vAcc></extensions></trkpt>
      <trkpt lon="35.011261" lat="31.895841"><ele>236.355217</ele><time>2026-05-30T18:23:39Z</time><extensions><speed>3.151466</speed><course>340.254176</course><hAcc>1.712095</hAcc><vAcc>1.047464</vAcc></extensions></trkpt>
      <trkpt lon="35.011250" lat="31.895865"><ele>236.333153</ele><time>2026-05-30T18:23:40Z</time><extensions><speed>2.614063</speed><course>338.724552</course><hAcc>1.701601</hAcc><vAcc>1.043931</vAcc></extensions></trkpt>
      <trkpt lon="35.011240" lat="31.895886"><ele>236.312919</ele><time>2026-05-30T18:23:41Z</time><extensions><speed>2.297505</speed><course>335.870609</course><hAcc>1.687305</hAcc><vAcc>1.039197</vAcc></extensions></trkpt>
      <trkpt lon="35.011229" lat="31.895904"><ele>236.259768</ele><time>2026-05-30T18:23:42Z</time><extensions><speed>2.356214</speed><course>326.783914</course><hAcc>1.667276</hAcc><vAcc>1.032900</vAcc></extensions></trkpt>
      <trkpt lon="35.011212" lat="31.895922"><ele>236.227929</ele><time>2026-05-30T18:23:43Z</time><extensions><speed>2.752320</speed><course>316.079782</course><hAcc>1.648099</hAcc><vAcc>1.025263</vAcc></extensions></trkpt>
      <trkpt lon="35.011189" lat="31.895940"><ele>236.193296</ele><time>2026-05-30T18:23:44Z</time><extensions><speed>3.074902</speed><course>309.704015</course><hAcc>1.635125</hAcc><vAcc>1.015556</vAcc></extensions></trkpt>
      <trkpt lon="35.011163" lat="31.895958"><ele>236.182126</ele><time>2026-05-30T18:23:45Z</time><extensions><speed>3.252266</speed><course>306.211136</course><hAcc>1.623272</hAcc><vAcc>1.002852</vAcc></extensions></trkpt>
      <trkpt lon="35.011136" lat="31.895976"><ele>236.163162</ele><time>2026-05-30T18:23:46Z</time><extensions><speed>3.101305</speed><course>310.717861</course><hAcc>1.615734</hAcc><vAcc>0.988092</vAcc></extensions></trkpt>
      <trkpt lon="35.011113" lat="31.895995"><ele>236.169117</ele><time>2026-05-30T18:23:47Z</time><extensions><speed>2.950312</speed><course>318.660858</course><hAcc>1.608337</hAcc><vAcc>0.972737</vAcc></extensions></trkpt>
      <trkpt lon="35.011094" lat="31.896015"><ele>236.158424</ele><time>2026-05-30T18:23:48Z</time><extensions><speed>2.809960</speed><course>324.284450</course><hAcc>1.604572</hAcc><vAcc>0.956630</vAcc></extensions></trkpt>
      <trkpt lon="35.011077" lat="31.896036"><ele>236.163008</ele><time>2026-05-30T18:23:49Z</time><extensions><speed>2.783040</speed><course>326.934172</course><hAcc>1.603100</hAcc><vAcc>0.941299</vAcc></extensions></trkpt>
      <trkpt lon="35.011060" lat="31.896058"><ele>236.168105</ele><time>2026-05-30T18:23:50Z</time><extensions><speed>2.940199</speed><course>325.720796</course><hAcc>1.604348</hAcc><vAcc>0.926545</vAcc></extensions></trkpt>
      <trkpt lon="35.011043" lat="31.896079"><ele>236.183949</ele><time>2026-05-30T18:23:51Z</time><extensions><speed>2.878906</speed><course>325.414320</course><hAcc>1.609823</hAcc><vAcc>0.912849</vAcc></extensions></trkpt>
      <trkpt lon="35.011025" lat="31.896101"><ele>236.198003</ele><time>2026-05-30T18:23:52Z</time><extensions><speed>2.951702</speed><course>323.664102</course><hAcc>1.622526</hAcc><vAcc>0.900422</vAcc></extensions></trkpt>
      <trkpt lon="35.011006" lat="31.896122"><ele>236.222099</ele><time>2026-05-30T18:23:53Z</time><extensions><speed>2.883111</speed><course>321.367389</course><hAcc>1.638930</hAcc><vAcc>0.890283</vAcc></extensions></trkpt>
      <trkpt lon="35.010987" lat="31.896141"><ele>236.237841</ele><time>2026-05-30T18:23:54Z</time><extensions><speed>2.712934</speed><course>321.464495</course><hAcc>1.657490</hAcc><vAcc>0.883083</vAcc></extensions></trkpt>
      <trkpt lon="35.010968" lat="31.896161"><ele>236.253830</ele><time>2026-05-30T18:23:55Z</time><extensions><speed>2.777225</speed><course>319.738589</course><hAcc>1.679464</hAcc><vAcc>0.879732</vAcc></extensions></trkpt>
      <trkpt lon="35.010948" lat="31.896180"><ele>236.262962</ele><time>2026-05-30T18:23:56Z</time><extensions><speed>2.918235</speed><course>315.491028</course><hAcc>1.701719</hAcc><vAcc>0.880531</vAcc></extensions></trkpt>
      <trkpt lon="35.010924" lat="31.896198"><ele>236.274065</ele><time>2026-05-30T18:23:57Z</time><extensions><speed>3.083094</speed><course>308.882136</course><hAcc>1.718872</hAcc><vAcc>0.886146</vAcc></extensions></trkpt>
      <trkpt lon="35.010899" lat="31.896215"><ele>236.270973</ele><time>2026-05-30T18:23:58Z</time><extensions><speed>3.070616</speed><course>308.576267</course><hAcc>1.736670</hAcc><vAcc>0.896044</vAcc></extensions></trkpt>
      <trkpt lon="35.010874" lat="31.896233"><ele>236.283166</ele><time>2026-05-30T18:23:59Z</time><extensions><speed>3.056142</speed><course>310.898370</course><hAcc>1.752791</hAcc><vAcc>0.910405</vAcc></extensions></trkpt>
      <trkpt lon="35.010850" lat="31.896251"><ele>236.316428</ele><time>2026-05-30T18:24:00Z</time><extensions><speed>2.995721</speed><course>312.540098</course><hAcc>1.763145</hAcc><vAcc>0.927852</vAcc></extensions></trkpt>
      <trkpt lon="35.010827" lat="31.896270"><ele>236.355708</ele><time>2026-05-30T18:24:01Z</time><extensions><speed>3.068353</speed><course>317.690685</course><hAcc>1.773640</hAcc><vAcc>0.947354</vAcc></extensions></trkpt>
      <trkpt lon="35.010805" lat="31.896291"><ele>236.433408</ele><time>2026-05-30T18:24:02Z</time><extensions><speed>3.078100</speed><course>317.148675</course><hAcc>1.780725</hAcc><vAcc>0.966576</vAcc></extensions></trkpt>
      <trkpt lon="35.010782" lat="31.896310"><ele>236.497503</ele><time>2026-05-30T18:24:03Z</time><extensions><speed>2.824454</speed><course>312.471702</course><hAcc>1.789369</hAcc><vAcc>0.986470</vAcc></extensions></trkpt>
      <trkpt lon="35.010760" lat="31.896327"><ele>236.586367</ele><time>2026-05-30T18:24:04Z</time><extensions><speed>2.819280</speed><course>311.465980</course><hAcc>1.796376</hAcc><vAcc>1.005793</vAcc></extensions></trkpt>
      <trkpt lon="35.010739" lat="31.896345"><ele>236.669859</ele><time>2026-05-30T18:24:05Z</time><extensions><speed>2.852961</speed><course>317.774119</course><hAcc>1.800994</hAcc><vAcc>1.023280</vAcc></extensions></trkpt>
      <trkpt lon="35.010720" lat="31.896364"><ele>236.752645</ele><time>2026-05-30T18:24:06Z</time><extensions><speed>2.780854</speed><course>322.202693</course><hAcc>1.805537</hAcc><vAcc>1.038807</vAcc></extensions></trkpt>
      <trkpt lon="35.010702" lat="31.896383"><ele>236.835963</ele><time>2026-05-30T18:24:07Z</time><extensions><speed>2.601251</speed><course>320.241552</course><hAcc>1.808984</hAcc><vAcc>1.054336</vAcc></extensions></trkpt>
      <trkpt lon="35.010684" lat="31.896401"><ele>236.920427</ele><time>2026-05-30T18:24:08Z</time><extensions><speed>2.585512</speed><course>319.501721</course><hAcc>1.814547</hAcc><vAcc>1.069104</vAcc></extensions></trkpt>
      <trkpt lon="35.010666" lat="31.896419"><ele>237.002744</ele><time>2026-05-30T18:24:09Z</time><extensions><speed>2.687349</speed><course>320.408838</course><hAcc>1.819857</hAcc><vAcc>1.081064</vAcc></extensions></trkpt>
      <trkpt lon="35.010647" lat="31.896437"><ele>237.080151</ele><time>2026-05-30T18:24:10Z</time><extensions><speed>2.760655</speed><course>318.236296</course><hAcc>1.824513</hAcc><vAcc>1.090620</vAcc></extensions></trkpt>
      <trkpt lon="35.010627" lat="31.896456"><ele>237.164468</ele><time>2026-05-30T18:24:11Z</time><extensions><speed>2.797133</speed><course>316.692453</course><hAcc>1.830943</hAcc><vAcc>1.095652</vAcc></extensions></trkpt>
      <trkpt lon="35.010606" lat="31.896474"><ele>237.227363</ele><time>2026-05-30T18:24:12Z</time><extensions><speed>2.795735</speed><course>315.265253</course><hAcc>1.839889</hAcc><vAcc>1.099255</vAcc></extensions></trkpt>
      <trkpt lon="35.010586" lat="31.896492"><ele>237.255230</ele><time>2026-05-30T18:24:13Z</time><extensions><speed>2.785622</speed><course>318.435064</course><hAcc>1.846626</hAcc><vAcc>1.099172</vAcc></extensions></trkpt>
      <trkpt lon="35.010568" lat="31.896512"><ele>237.285933</ele><time>2026-05-30T18:24:14Z</time><extensions><speed>2.734723</speed><course>322.563594</course><hAcc>1.852278</hAcc><vAcc>1.101001</vAcc></extensions></trkpt>
      <trkpt lon="35.010550" lat="31.896531"><ele>237.293197</ele><time>2026-05-30T18:24:15Z</time><extensions><speed>2.690742</speed><course>320.910996</course><hAcc>1.857793</hAcc><vAcc>1.102857</vAcc></extensions></trkpt>
      <trkpt lon="35.010531" lat="31.896548"><ele>237.284112</ele><time>2026-05-30T18:24:16Z</time><extensions><speed>2.618168</speed><course>314.295583</course><hAcc>1.863291</hAcc><vAcc>1.103521</vAcc></extensions></trkpt>
      <trkpt lon="35.010511" lat="31.896565"><ele>237.262212</ele><time>2026-05-30T18:24:17Z</time><extensions><speed>2.669165</speed><course>314.496832</course><hAcc>1.867627</hAcc><vAcc>1.103331</vAcc></extensions></trkpt>
      <trkpt lon="35.010491" lat="31.896583"><ele>237.220478</ele><time>2026-05-30T18:24:18Z</time><extensions><speed>2.764857</speed><course>318.297866</course><hAcc>1.874701</hAcc><vAcc>1.102785</vAcc></extensions></trkpt>
      <trkpt lon="35.010473" lat="31.896603"><ele>237.140937</ele><time>2026-05-30T18:24:19Z</time><extensions><speed>2.834926</speed><course>323.581406</course><hAcc>1.878887</hAcc><vAcc>1.103032</vAcc></extensions></trkpt>
      <trkpt lon="35.010455" lat="31.896623"><ele>237.060609</ele><time>2026-05-30T18:24:20Z</time><extensions><speed>2.804911</speed><course>325.127666</course><hAcc>1.885266</hAcc><vAcc>1.104181</vAcc></extensions></trkpt>
      <trkpt lon="35.010439" lat="31.896645"><ele>236.970522</ele><time>2026-05-30T18:24:21Z</time><extensions><speed>2.905418</speed><course>326.538076</course><hAcc>1.888025</hAcc><vAcc>1.104995</vAcc></extensions></trkpt>
      <trkpt lon="35.010422" lat="31.896667"><ele>236.858447</ele><time>2026-05-30T18:24:22Z</time><extensions><speed>2.975818</speed><course>328.281113</course><hAcc>1.891869</hAcc><vAcc>1.105846</vAcc></extensions></trkpt>
      <trkpt lon="35.010406" lat="31.896690"><ele>236.726180</ele><time>2026-05-30T18:24:23Z</time><extensions><speed>2.926518</speed><course>329.676024</course><hAcc>1.896430</hAcc><vAcc>1.108107</vAcc></extensions></trkpt>
      <trkpt lon="35.010389" lat="31.896712"><ele>236.566912</ele><time>2026-05-30T18:24:24Z</time><extensions><speed>2.811160</speed><course>326.436977</course><hAcc>1.903638</hAcc><vAcc>1.110691</vAcc></extensions></trkpt>
      <trkpt lon="35.010373" lat="31.896733"><ele>236.391309</ele><time>2026-05-30T18:24:25Z</time><extensions><speed>2.704056</speed><course>324.359996</course><hAcc>1.907016</hAcc><vAcc>1.110687</vAcc></extensions></trkpt>
      <trkpt lon="35.010356" lat="31.896753"><ele>236.203835</ele><time>2026-05-30T18:24:26Z</time><extensions><speed>2.739910</speed><course>325.058998</course><hAcc>1.910446</hAcc><vAcc>1.112296</vAcc></extensions></trkpt>
      <trkpt lon="35.010339" lat="31.896773"><ele>236.043319</ele><time>2026-05-30T18:24:27Z</time><extensions><speed>2.730404</speed><course>322.881187</course><hAcc>1.914292</hAcc><vAcc>1.114419</vAcc></extensions></trkpt>
      <trkpt lon="35.010321" lat="31.896792"><ele>235.882914</ele><time>2026-05-30T18:24:28Z</time><extensions><speed>2.719980</speed><course>321.131935</course><hAcc>1.915540</hAcc><vAcc>1.117576</vAcc></extensions></trkpt>
      <trkpt lon="35.010303" lat="31.896812"><ele>235.733270</ele><time>2026-05-30T18:24:29Z</time><extensions><speed>2.655683</speed><course>324.220356</course><hAcc>1.917353</hAcc><vAcc>1.119157</vAcc></extensions></trkpt>
      <trkpt lon="35.010286" lat="31.896831"><ele>235.594933</ele><time>2026-05-30T18:24:30Z</time><extensions><speed>2.667356</speed><course>323.854023</course><hAcc>1.916732</hAcc><vAcc>1.121416</vAcc></extensions></trkpt>
      <trkpt lon="35.010269" lat="31.896850"><ele>235.467393</ele><time>2026-05-30T18:24:31Z</time><extensions><speed>2.749233</speed><course>322.425587</course><hAcc>1.911160</hAcc><vAcc>1.123360</vAcc></extensions></trkpt>
      <trkpt lon="35.010251" lat="31.896870"><ele>235.327892</ele><time>2026-05-30T18:24:32Z</time><extensions><speed>2.804416</speed><course>321.214305</course><hAcc>1.909459</hAcc><vAcc>1.123880</vAcc></extensions></trkpt>
      <trkpt lon="35.010232" lat="31.896890"><ele>235.193814</ele><time>2026-05-30T18:24:33Z</time><extensions><speed>2.774652</speed><course>319.299226</course><hAcc>1.912690</hAcc><vAcc>1.126364</vAcc></extensions></trkpt>
      <trkpt lon="35.010212" lat="31.896909"><ele>235.073835</ele><time>2026-05-30T18:24:34Z</time><extensions><speed>2.849843</speed><course>318.035765</course><hAcc>1.908923</hAcc><vAcc>1.126758</vAcc></extensions></trkpt>
      <trkpt lon="35.010191" lat="31.896929"><ele>234.946877</ele><time>2026-05-30T18:24:35Z</time><extensions><speed>2.965319</speed><course>318.258555</course><hAcc>1.901479</hAcc><vAcc>1.125722</vAcc></extensions></trkpt>
      <trkpt lon="35.010170" lat="31.896949"><ele>234.838977</ele><time>2026-05-30T18:24:36Z</time><extensions><speed>3.060573</speed><course>319.375295</course><hAcc>1.904188</hAcc><vAcc>1.126239</vAcc></extensions></trkpt>
      <trkpt lon="35.010150" lat="31.896969"><ele>234.737603</ele><time>2026-05-30T18:24:37Z</time><extensions><speed>2.801726</speed><course>319.199319</course><hAcc>1.909525</hAcc><vAcc>1.125887</vAcc></extensions></trkpt>
      <trkpt lon="35.010130" lat="31.896989"><ele>234.626634</ele><time>2026-05-30T18:24:38Z</time><extensions><speed>2.845445</speed><course>318.427254</course><hAcc>1.907319</hAcc><vAcc>1.124332</vAcc></extensions></trkpt>
      <trkpt lon="35.010110" lat="31.897009"><ele>234.528105</ele><time>2026-05-30T18:24:39Z</time><extensions><speed>2.949585</speed><course>320.719188</course><hAcc>1.909158</hAcc><vAcc>1.122415</vAcc></extensions></trkpt>
      <trkpt lon="35.010092" lat="31.897029"><ele>234.413884</ele><time>2026-05-30T18:24:40Z</time><extensions><speed>2.825084</speed><course>324.101508</course><hAcc>1.907582</hAcc><vAcc>1.119473</vAcc></extensions></trkpt>
      <trkpt lon="35.010075" lat="31.897050"><ele>234.300100</ele><time>2026-05-30T18:24:41Z</time><extensions><speed>2.755610</speed><course>325.153373</course><hAcc>1.902345</hAcc><vAcc>1.118184</vAcc></extensions></trkpt>
      <trkpt lon="35.010059" lat="31.897071"><ele>234.177705</ele><time>2026-05-30T18:24:42Z</time><extensions><speed>2.764289</speed><course>329.072613</course><hAcc>1.901252</hAcc><vAcc>1.114875</vAcc></extensions></trkpt>
      <trkpt lon="35.010044" lat="31.897093"><ele>234.051291</ele><time>2026-05-30T18:24:43Z</time><extensions><speed>2.736075</speed><course>331.129277</course><hAcc>1.911345</hAcc><vAcc>1.110814</vAcc></extensions></trkpt>
      <trkpt lon="35.010030" lat="31.897114"><ele>233.937126</ele><time>2026-05-30T18:24:44Z</time><extensions><speed>2.792665</speed><course>331.531235</course><hAcc>1.920742</hAcc><vAcc>1.108608</vAcc></extensions></trkpt>
      <trkpt lon="35.010016" lat="31.897137"><ele>233.806733</ele><time>2026-05-30T18:24:46Z</time><extensions><speed>2.886795</speed><course>330.994630</course><hAcc>1.907727</hAcc><vAcc>1.109163</vAcc></extensions></trkpt>
      <trkpt lon="35.010000" lat="31.897159"><ele>233.688884</ele><time>2026-05-30T18:24:47Z</time><extensions><speed>2.781294</speed><course>328.520593</course><hAcc>1.902376</hAcc><vAcc>1.111380</vAcc></extensions></trkpt>
      <trkpt lon="35.009985" lat="31.897181"><ele>233.563877</ele><time>2026-05-30T18:24:48Z</time><extensions><speed>2.841811</speed><course>331.383688</course><hAcc>1.900349</hAcc><vAcc>1.113080</vAcc></extensions></trkpt>
      <trkpt lon="35.009971" lat="31.897204"><ele>233.457948</ele><time>2026-05-30T18:24:49Z</time><extensions><speed>2.800184</speed><course>330.955294</course><hAcc>1.906375</hAcc><vAcc>1.112924</vAcc></extensions></trkpt>
      <trkpt lon="35.009956" lat="31.897225"><ele>233.369499</ele><time>2026-05-30T18:24:50Z</time><extensions><speed>2.713758</speed><course>329.289966</course><hAcc>1.892020</hAcc><vAcc>1.109968</vAcc></extensions></trkpt>
      <trkpt lon="35.009941" lat="31.897246"><ele>233.258544</ele><time>2026-05-30T18:24:51Z</time><extensions><speed>2.661680</speed><course>327.807682</course><hAcc>1.884220</hAcc><vAcc>1.106282</vAcc></extensions></trkpt>
      <trkpt lon="35.009925" lat="31.897266"><ele>233.145472</ele><time>2026-05-30T18:24:52Z</time><extensions><speed>2.733862</speed><course>323.111181</course><hAcc>1.888896</hAcc><vAcc>1.104731</vAcc></extensions></trkpt>
      <trkpt lon="35.009907" lat="31.897287"><ele>233.043953</ele><time>2026-05-30T18:24:53Z</time><extensions><speed>2.884036</speed><course>322.427362</course><hAcc>1.883013</hAcc><vAcc>1.102970</vAcc></extensions></trkpt>
      <trkpt lon="35.009888" lat="31.897307"><ele>232.945189</ele><time>2026-05-30T18:24:54Z</time><extensions><speed>2.838247</speed><course>323.364905</course><hAcc>1.884835</hAcc><vAcc>1.102466</vAcc></extensions></trkpt>
      <trkpt lon="35.009870" lat="31.897327"><ele>232.864895</ele><time>2026-05-30T18:24:55Z</time><extensions><speed>2.696939</speed><course>321.431159</course><hAcc>1.876064</hAcc><vAcc>1.101282</vAcc></extensions></trkpt>
      <trkpt lon="35.009852" lat="31.897345"><ele>232.794087</ele><time>2026-05-30T18:24:56Z</time><extensions><speed>2.681803</speed><course>318.599777</course><hAcc>1.871074</hAcc><vAcc>1.100537</vAcc></extensions></trkpt>
      <trkpt lon="35.009834" lat="31.897364"><ele>232.730641</ele><time>2026-05-30T18:24:57Z</time><extensions><speed>2.658247</speed><course>319.521519</course><hAcc>1.873397</hAcc><vAcc>1.099636</vAcc></extensions></trkpt>
      <trkpt lon="35.009815" lat="31.897384"><ele>232.685725</ele><time>2026-05-30T18:24:58Z</time><extensions><speed>2.910076</speed><course>322.679213</course><hAcc>1.870602</hAcc><vAcc>1.098321</vAcc></extensions></trkpt>
      <trkpt lon="35.009796" lat="31.897406"><ele>232.660958</ele><time>2026-05-30T18:24:59Z</time><extensions><speed>3.115763</speed><course>324.133961</course><hAcc>1.876203</hAcc><vAcc>1.096899</vAcc></extensions></trkpt>
      <trkpt lon="35.009777" lat="31.897429"><ele>232.609109</ele><time>2026-05-30T18:25:00Z</time><extensions><speed>3.118633</speed><course>323.493564</course><hAcc>1.864856</hAcc><vAcc>1.095928</vAcc></extensions></trkpt>
      <trkpt lon="35.009757" lat="31.897452"><ele>232.528191</ele><time>2026-05-30T18:25:01Z</time><extensions><speed>3.178293</speed><course>325.328189</course><hAcc>1.856800</hAcc><vAcc>1.094639</vAcc></extensions></trkpt>
      <trkpt lon="35.009738" lat="31.897476"><ele>232.449135</ele><time>2026-05-30T18:25:02Z</time><extensions><speed>3.100036</speed><course>324.624747</course><hAcc>1.866866</hAcc><vAcc>1.091357</vAcc></extensions></trkpt>
      <trkpt lon="35.009720" lat="31.897498"><ele>232.402745</ele><time>2026-05-30T18:25:03Z</time><extensions><speed>2.899635</speed><course>324.494655</course><hAcc>1.863094</hAcc><vAcc>1.086823</vAcc></extensions></trkpt>
      <trkpt lon="35.009702" lat="31.897519"><ele>232.317712</ele><time>2026-05-30T18:25:04Z</time><extensions><speed>2.871228</speed><course>323.042534</course><hAcc>1.857941</hAcc><vAcc>1.082177</vAcc></extensions></trkpt>
      <trkpt lon="35.009684" lat="31.897540"><ele>232.238380</ele><time>2026-05-30T18:25:05Z</time><extensions><speed>2.853148</speed><course>322.889512</course><hAcc>1.859564</hAcc><vAcc>1.077262</vAcc></extensions></trkpt>
      <trkpt lon="35.009667" lat="31.897561"><ele>232.154586</ele><time>2026-05-30T18:25:06Z</time><extensions><speed>2.830280</speed><course>327.338516</course><hAcc>1.845740</hAcc><vAcc>1.072500</vAcc></extensions></trkpt>
      <trkpt lon="35.009652" lat="31.897583"><ele>232.064591</ele><time>2026-05-30T18:25:07Z</time><extensions><speed>2.743837</speed><course>330.094077</course><hAcc>1.831904</hAcc><vAcc>1.066982</vAcc></extensions></trkpt>
      <trkpt lon="35.009637" lat="31.897604"><ele>231.938727</ele><time>2026-05-30T18:25:08Z</time><extensions><speed>2.695332</speed><course>330.542279</course><hAcc>1.814621</hAcc><vAcc>1.059741</vAcc></extensions></trkpt>
      <trkpt lon="35.009624" lat="31.897626"><ele>231.814563</ele><time>2026-05-30T18:25:09Z</time><extensions><speed>2.771505</speed><course>332.385691</course><hAcc>1.797423</hAcc><vAcc>1.051798</vAcc></extensions></trkpt>
      <trkpt lon="35.009610" lat="31.897648"><ele>231.677627</ele><time>2026-05-30T18:25:10Z</time><extensions><speed>2.684296</speed><course>332.647626</course><hAcc>1.777823</hAcc><vAcc>1.043214</vAcc></extensions></trkpt>
      <trkpt lon="35.009597" lat="31.897670"><ele>231.541582</ele><time>2026-05-30T18:25:11Z</time><extensions><speed>2.951200</speed><course>332.307769</course><hAcc>1.758311</hAcc><vAcc>1.035438</vAcc></extensions></trkpt>
      <trkpt lon="35.009581" lat="31.897694"><ele>231.383626</ele><time>2026-05-30T18:25:12Z</time><extensions><speed>3.120266</speed><course>330.292871</course><hAcc>1.733731</hAcc><vAcc>1.027560</vAcc></extensions></trkpt>
      <trkpt lon="35.009564" lat="31.897718"><ele>231.237203</ele><time>2026-05-30T18:25:13Z</time><extensions><speed>2.970052</speed><course>325.974450</course><hAcc>1.718149</hAcc><vAcc>1.019955</vAcc></extensions></trkpt>
      <trkpt lon="35.009546" lat="31.897740"><ele>231.113491</ele><time>2026-05-30T18:25:14Z</time><extensions><speed>3.022399</speed><course>327.227507</course><hAcc>1.685083</hAcc><vAcc>1.011025</vAcc></extensions></trkpt>
      <trkpt lon="35.009529" lat="31.897763"><ele>230.982550</ele><time>2026-05-30T18:25:15Z</time><extensions><speed>2.955177</speed><course>325.647543</course><hAcc>1.657212</hAcc><vAcc>1.003446</vAcc></extensions></trkpt>
      <trkpt lon="35.009512" lat="31.897785"><ele>230.874912</ele><time>2026-05-30T18:25:16Z</time><extensions><speed>2.876272</speed><course>325.325763</course><hAcc>1.649652</hAcc><vAcc>0.995587</vAcc></extensions></trkpt>
      <trkpt lon="35.009494" lat="31.897805"><ele>230.768986</ele><time>2026-05-30T18:25:17Z</time><extensions><speed>2.770676</speed><course>323.424502</course><hAcc>1.638896</hAcc><vAcc>0.987945</vAcc></extensions></trkpt>
      <trkpt lon="35.009477" lat="31.897825"><ele>230.685494</ele><time>2026-05-30T18:25:18Z</time><extensions><speed>2.665582</speed><course>322.881833</course><hAcc>1.615772</hAcc><vAcc>0.980340</vAcc></extensions></trkpt>
      <trkpt lon="35.009460" lat="31.897844"><ele>230.601541</ele><time>2026-05-30T18:25:19Z</time><extensions><speed>2.655149</speed><course>323.520890</course><hAcc>1.605000</hAcc><vAcc>0.972686</vAcc></extensions></trkpt>
      <trkpt lon="35.009443" lat="31.897864"><ele>230.546767</ele><time>2026-05-30T18:25:20Z</time><extensions><speed>2.755716</speed><course>323.580680</course><hAcc>1.594844</hAcc><vAcc>0.965039</vAcc></extensions></trkpt>
      <trkpt lon="35.009426" lat="31.897884"><ele>230.503167</ele><time>2026-05-30T18:25:21Z</time><extensions><speed>2.814924</speed><course>321.321514</course><hAcc>1.583269</hAcc><vAcc>0.958347</vAcc></extensions></trkpt>
      <trkpt lon="35.009406" lat="31.897904"><ele>230.482093</ele><time>2026-05-30T18:25:22Z</time><extensions><speed>2.994534</speed><course>319.758985</course><hAcc>1.584598</hAcc><vAcc>0.951675</vAcc></extensions></trkpt>
      <trkpt lon="35.009385" lat="31.897924"><ele>230.477036</ele><time>2026-05-30T18:25:23Z</time><extensions><speed>3.000929</speed><course>317.691141</course><hAcc>1.573797</hAcc><vAcc>0.944953</vAcc></extensions></trkpt>
      <trkpt lon="35.009365" lat="31.897944"><ele>230.466092</ele><time>2026-05-30T18:25:24Z</time><extensions><speed>2.789299</speed><course>319.405211</course><hAcc>1.565906</hAcc><vAcc>0.937829</vAcc></extensions></trkpt>
      <trkpt lon="35.009347" lat="31.897963"><ele>230.443464</ele><time>2026-05-30T18:25:24Z</time><extensions><speed>2.722634</speed><course>325.105827</course><hAcc>1.566973</hAcc><vAcc>0.930057</vAcc></extensions></trkpt>
      <trkpt lon="35.009331" lat="31.897984"><ele>230.421948</ele><time>2026-05-30T18:25:25Z</time><extensions><speed>2.654521</speed><course>326.091129</course><hAcc>1.544067</hAcc><vAcc>0.921785</vAcc></extensions></trkpt>
      <trkpt lon="35.009315" lat="31.898004"><ele>230.408089</ele><time>2026-05-30T18:25:26Z</time><extensions><speed>2.765891</speed><course>327.968606</course><hAcc>1.525182</hAcc><vAcc>0.913633</vAcc></extensions></trkpt>
      <trkpt lon="35.009300" lat="31.898024"><ele>230.409230</ele><time>2026-05-30T18:25:27Z</time><extensions><speed>2.539344</speed><course>324.936543</course><hAcc>1.507973</hAcc><vAcc>0.905588</vAcc></extensions></trkpt>
      <trkpt lon="35.009284" lat="31.898042"><ele>230.398884</ele><time>2026-05-30T18:25:28Z</time><extensions><speed>2.512477</speed><course>321.507371</course><hAcc>1.491439</hAcc><vAcc>0.897438</vAcc></extensions></trkpt>
      <trkpt lon="35.009267" lat="31.898060"><ele>230.384988</ele><time>2026-05-30T18:25:29Z</time><extensions><speed>2.597845</speed><course>320.573536</course><hAcc>1.478292</hAcc><vAcc>0.889127</vAcc></extensions></trkpt>
      <trkpt lon="35.009249" lat="31.898078"><ele>230.377518</ele><time>2026-05-30T18:25:30Z</time><extensions><speed>2.635468</speed><course>319.163646</course><hAcc>1.473086</hAcc><vAcc>0.881411</vAcc></extensions></trkpt>
      <trkpt lon="35.009230" lat="31.898097"><ele>230.390433</ele><time>2026-05-30T18:25:31Z</time><extensions><speed>2.925869</speed><course>319.257503</course><hAcc>1.459272</hAcc><vAcc>0.873690</vAcc></extensions></trkpt>
      <trkpt lon="35.009211" lat="31.898117"><ele>230.398823</ele><time>2026-05-30T18:25:32Z</time><extensions><speed>2.878421</speed><course>320.308265</course><hAcc>1.436190</hAcc><vAcc>0.866351</vAcc></extensions></trkpt>
      <trkpt lon="35.009193" lat="31.898137"><ele>230.413736</ele><time>2026-05-30T18:25:33Z</time><extensions><speed>2.663364</speed><course>324.507519</course><hAcc>1.418836</hAcc><vAcc>0.859150</vAcc></extensions></trkpt>
      <trkpt lon="35.009177" lat="31.898157"><ele>230.426907</ele><time>2026-05-30T18:25:34Z</time><extensions><speed>2.623739</speed><course>327.595285</course><hAcc>1.411049</hAcc><vAcc>0.852796</vAcc></extensions></trkpt>
      <trkpt lon="35.009163" lat="31.898176"><ele>230.436488</ele><time>2026-05-30T18:25:35Z</time><extensions><speed>2.471417</speed><course>328.007113</course><hAcc>1.414952</hAcc><vAcc>0.847007</vAcc></extensions></trkpt>
      <trkpt lon="35.009150" lat="31.898195"><ele>230.455211</ele><time>2026-05-30T18:25:36Z</time><extensions><speed>2.477719</speed><course>329.202299</course><hAcc>1.390264</hAcc><vAcc>0.842065</vAcc></extensions></trkpt>
      <trkpt lon="35.009137" lat="31.898215"><ele>230.489282</ele><time>2026-05-30T18:25:37Z</time><extensions><speed>2.563440</speed><course>333.819565</course><hAcc>1.376971</hAcc><vAcc>0.837803</vAcc></extensions></trkpt>
      <trkpt lon="35.009126" lat="31.898236"><ele>230.525135</ele><time>2026-05-30T18:25:38Z</time><extensions><speed>2.524334</speed><course>341.744226</course><hAcc>1.373646</hAcc><vAcc>0.834586</vAcc></extensions></trkpt>
      <trkpt lon="35.009120" lat="31.898258"><ele>230.567654</ele><time>2026-05-30T18:25:39Z</time><extensions><speed>2.597690</speed><course>354.408112</course><hAcc>1.359449</hAcc><vAcc>0.831969</vAcc></extensions></trkpt>
      <trkpt lon="35.009121" lat="31.898281"><ele>230.600357</ele><time>2026-05-30T18:25:40Z</time><extensions><speed>2.597145</speed><course>11.031504</course><hAcc>1.348899</hAcc><vAcc>0.830234</vAcc></extensions></trkpt>
      <trkpt lon="35.009129" lat="31.898303"><ele>230.626355</ele><time>2026-05-30T18:25:41Z</time><extensions><speed>2.444063</speed><course>23.869964</course><hAcc>1.341351</hAcc><vAcc>0.828880</vAcc></extensions></trkpt>
      <trkpt lon="35.009141" lat="31.898322"><ele>230.650333</ele><time>2026-05-30T18:25:42Z</time><extensions><speed>2.462952</speed><course>31.115853</course><hAcc>1.352659</hAcc><vAcc>0.827405</vAcc></extensions></trkpt>
      <trkpt lon="35.009156" lat="31.898339"><ele>230.662660</ele><time>2026-05-30T18:25:43Z</time><extensions><speed>2.359824</speed><course>41.467785</course><hAcc>1.345193</hAcc><vAcc>0.826880</vAcc></extensions></trkpt>
      <trkpt lon="35.009172" lat="31.898353"><ele>230.656386</ele><time>2026-05-30T18:25:44Z</time><extensions><speed>1.980086</speed><course>49.697902</course><hAcc>1.355987</hAcc><vAcc>0.826305</vAcc></extensions></trkpt>
      <trkpt lon="35.009187" lat="31.898364"><ele>230.633646</ele><time>2026-05-30T18:25:45Z</time><extensions><speed>1.677568</speed><course>52.038597</course><hAcc>1.348952</hAcc><vAcc>0.825387</vAcc></extensions></trkpt>
      <trkpt lon="35.009200" lat="31.898373"><ele>230.616149</ele><time>2026-05-30T18:25:46Z</time><extensions><speed>1.464552</speed><course>52.643904</course><hAcc>1.345695</hAcc><vAcc>0.824111</vAcc></extensions></trkpt>
      <trkpt lon="35.009209" lat="31.898379"><ele>230.607309</ele><time>2026-05-30T18:25:47Z</time><extensions><speed>0.684178</speed><course>45.034969</course><hAcc>1.358140</hAcc><vAcc>0.822526</vAcc></extensions></trkpt>
      <trkpt lon="35.009210" lat="31.898381"><ele>230.592691</ele><time>2026-05-30T18:25:48Z</time><extensions><speed>0.307076</speed><course>233.269593</course><hAcc>1.362123</hAcc><vAcc>0.820507</vAcc></extensions></trkpt>
      <trkpt lon="35.009202" lat="31.898374"><ele>230.575136</ele><time>2026-05-30T18:25:49Z</time><extensions><speed>1.841426</speed><course>224.554571</course><hAcc>1.338635</hAcc><vAcc>0.817575</vAcc></extensions></trkpt>
      <trkpt lon="35.009186" lat="31.898360"><ele>230.542722</ele><time>2026-05-30T18:25:50Z</time><extensions><speed>2.449529</speed><course>223.424194</course><hAcc>1.321219</hAcc><vAcc>0.813904</vAcc></extensions></trkpt>
      <trkpt lon="35.009168" lat="31.898345"><ele>230.510886</ele><time>2026-05-30T18:25:51Z</time><extensions><speed>2.443522</speed><course>229.236774</course><hAcc>1.308848</hAcc><vAcc>0.809544</vAcc></extensions></trkpt>
      <trkpt lon="35.009148" lat="31.898335"><ele>230.481524</ele><time>2026-05-30T18:25:52Z</time><extensions><speed>1.967188</speed><course>251.388282</course><hAcc>1.300619</hAcc><vAcc>0.804630</vAcc></extensions></trkpt>
      <trkpt lon="35.009129" lat="31.898335"><ele>230.457363</ele><time>2026-05-30T18:25:53Z</time><extensions><speed>1.851529</speed><course>292.821441</course><hAcc>1.310173</hAcc><vAcc>0.799342</vAcc></extensions></trkpt>
      <trkpt lon="35.009113" lat="31.898347"><ele>230.441356</ele><time>2026-05-30T18:25:54Z</time><extensions><speed>2.470372</speed><course>325.384124</course><hAcc>1.285625</hAcc><vAcc>0.793871</vAcc></extensions></trkpt>
      <trkpt lon="35.009101" lat="31.898370"><ele>230.439159</ele><time>2026-05-30T18:25:55Z</time><extensions><speed>3.098095</speed><course>343.340295</course><hAcc>1.267565</hAcc><vAcc>0.788427</vAcc></extensions></trkpt>
      <trkpt lon="35.009094" lat="31.898398"><ele>230.425308</ele><time>2026-05-30T18:25:56Z</time><extensions><speed>3.172952</speed><course>354.815839</course><hAcc>1.262884</hAcc><vAcc>0.783223</vAcc></extensions></trkpt>
      <trkpt lon="35.009093" lat="31.898424"><ele>230.406200</ele><time>2026-05-30T18:25:57Z</time><extensions><speed>2.815113</speed><course>0.524973</course><hAcc>1.258220</hAcc><vAcc>0.778418</vAcc></extensions></trkpt>
      <trkpt lon="35.009091" lat="31.898448"><ele>230.404296</ele><time>2026-05-30T18:25:58Z</time><extensions><speed>2.429546</speed><course>350.557216</course><hAcc>1.244835</hAcc><vAcc>0.774110</vAcc></extensions></trkpt>
      <trkpt lon="35.009083" lat="31.898468"><ele>230.417268</ele><time>2026-05-30T18:25:59Z</time><extensions><speed>2.379707</speed><course>333.099540</course><hAcc>1.230948</hAcc><vAcc>0.770348</vAcc></extensions></trkpt>
      <trkpt lon="35.009068" lat="31.898488"><ele>230.412942</ele><time>2026-05-30T18:26:00Z</time><extensions><speed>2.810532</speed><course>319.534347</course><hAcc>1.221901</hAcc><vAcc>0.767160</vAcc></extensions></trkpt>
      <trkpt lon="35.009046" lat="31.898504"><ele>230.409158</ele><time>2026-05-30T18:26:01Z</time><extensions><speed>2.810018</speed><course>302.148965</course><hAcc>1.206369</hAcc><vAcc>0.764539</vAcc></extensions></trkpt>
      <trkpt lon="35.009020" lat="31.898515"><ele>230.385230</ele><time>2026-05-30T18:26:02Z</time><extensions><speed>2.653237</speed><course>291.457418</course><hAcc>1.191903</hAcc><vAcc>0.762445</vAcc></extensions></trkpt>
      <trkpt lon="35.008993" lat="31.898523"><ele>230.365258</ele><time>2026-05-30T18:26:03Z</time><extensions><speed>2.663984</speed><course>284.859542</course><hAcc>1.178799</hAcc><vAcc>0.760817</vAcc></extensions></trkpt>
      <trkpt lon="35.008966" lat="31.898528"><ele>230.330206</ele><time>2026-05-30T18:26:04Z</time><extensions><speed>2.601155</speed><course>280.263458</course><hAcc>1.176683</hAcc><vAcc>0.759585</vAcc></extensions></trkpt>
      <trkpt lon="35.008939" lat="31.898532"><ele>230.262521</ele><time>2026-05-30T18:26:05Z</time><extensions><speed>2.701602</speed><course>281.977486</course><hAcc>1.158164</hAcc><vAcc>0.758678</vAcc></extensions></trkpt>
      <trkpt lon="35.008912" lat="31.898539"><ele>230.174033</ele><time>2026-05-30T18:26:06Z</time><extensions><speed>2.514217</speed><course>292.796452</course><hAcc>1.164076</hAcc><vAcc>0.758029</vAcc></extensions></trkpt>
      <trkpt lon="35.008889" lat="31.898549"><ele>230.081317</ele><time>2026-05-30T18:26:07Z</time><extensions><speed>2.456079</speed><course>300.269904</course><hAcc>1.147359</hAcc><vAcc>0.757578</vAcc></extensions></trkpt>
      <trkpt lon="35.008867" lat="31.898562"><ele>229.984756</ele><time>2026-05-30T18:26:08Z</time><extensions><speed>2.654759</speed><course>307.469555</course><hAcc>1.131474</hAcc><vAcc>0.757273</vAcc></extensions></trkpt>
      <trkpt lon="35.008844" lat="31.898577"><ele>229.875224</ele><time>2026-05-30T18:26:09Z</time><extensions><speed>2.775864</speed><course>306.128292</course><hAcc>1.131994</hAcc><vAcc>0.757075</vAcc></extensions></trkpt>
      <trkpt lon="35.008820" lat="31.898591"><ele>229.768492</ele><time>2026-05-30T18:26:10Z</time><extensions><speed>2.793685</speed><course>304.016350</course><hAcc>1.145406</hAcc><vAcc>0.756950</vAcc></extensions></trkpt>
      <trkpt lon="35.008796" lat="31.898606"><ele>229.657567</ele><time>2026-05-30T18:26:11Z</time><extensions><speed>2.758454</speed><course>307.001131</course><hAcc>1.125740</hAcc><vAcc>0.756875</vAcc></extensions></trkpt>
      <trkpt lon="35.008773" lat="31.898621"><ele>229.534832</ele><time>2026-05-30T18:26:12Z</time><extensions><speed>2.627989</speed><course>310.436585</course><hAcc>1.123404</hAcc><vAcc>0.756832</vAcc></extensions></trkpt>
      <trkpt lon="35.008752" lat="31.898637"><ele>229.424032</ele><time>2026-05-30T18:26:13Z</time><extensions><speed>2.763507</speed><course>312.436334</course><hAcc>1.114543</hAcc><vAcc>0.756808</vAcc></extensions></trkpt>
      <trkpt lon="35.008730" lat="31.898654"><ele>229.325670</ele><time>2026-05-30T18:26:14Z</time><extensions><speed>2.778668</speed><course>311.385016</course><hAcc>1.126105</hAcc><vAcc>0.756795</vAcc></extensions></trkpt>
      <trkpt lon="35.008710" lat="31.898670"><ele>229.234698</ele><time>2026-05-30T18:26:15Z</time><extensions><speed>2.594085</speed><course>315.117952</course><hAcc>1.113794</hAcc><vAcc>0.756788</vAcc></extensions></trkpt>
      <trkpt lon="35.008690" lat="31.898688"><ele>229.169685</ele><time>2026-05-30T18:26:16Z</time><extensions><speed>2.821469</speed><course>315.838941</course><hAcc>1.101832</hAcc><vAcc>0.756783</vAcc></extensions></trkpt>
      <trkpt lon="35.008668" lat="31.898705"><ele>229.122384</ele><time>2026-05-30T18:26:17Z</time><extensions><speed>2.825892</speed><course>309.631140</course><hAcc>1.110849</hAcc><vAcc>0.756779</vAcc></extensions></trkpt>
      <trkpt lon="35.008643" lat="31.898720"><ele>229.089735</ele><time>2026-05-30T18:26:18Z</time><extensions><speed>2.952284</speed><course>302.390772</course><hAcc>1.116722</hAcc><vAcc>0.756776</vAcc></extensions></trkpt>
      <trkpt lon="35.008615" lat="31.898734"><ele>229.061076</ele><time>2026-05-30T18:26:19Z</time><extensions><speed>3.182472</speed><course>300.004657</course><hAcc>1.108450</hAcc><vAcc>0.756771</vAcc></extensions></trkpt>
      <trkpt lon="35.008586" lat="31.898749"><ele>229.047351</ele><time>2026-05-30T18:26:20Z</time><extensions><speed>3.181205</speed><course>298.737005</course><hAcc>1.111918</hAcc><vAcc>0.756767</vAcc></extensions></trkpt>
      <trkpt lon="35.008557" lat="31.898762"><ele>229.049264</ele><time>2026-05-30T18:26:21Z</time><extensions><speed>3.079925</speed><course>300.037839</course><hAcc>1.122557</hAcc><vAcc>0.756763</vAcc></extensions></trkpt>
      <trkpt lon="35.008530" lat="31.898776"><ele>229.061444</ele><time>2026-05-30T18:26:22Z</time><extensions><speed>2.809964</speed><course>301.372747</course><hAcc>1.125643</hAcc><vAcc>0.756758</vAcc></extensions></trkpt>
      <trkpt lon="35.008506" lat="31.898789"><ele>229.092042</ele><time>2026-05-30T18:26:23Z</time><extensions><speed>2.642715</speed><course>303.750222</course><hAcc>1.117340</hAcc><vAcc>0.756754</vAcc></extensions></trkpt>
      <trkpt lon="35.008483" lat="31.898803"><ele>229.127316</ele><time>2026-05-30T18:26:24Z</time><extensions><speed>2.676886</speed><course>305.217702</course><hAcc>1.114684</hAcc><vAcc>0.756751</vAcc></extensions></trkpt>
      <trkpt lon="35.008460" lat="31.898816"><ele>229.165977</ele><time>2026-05-30T18:26:25Z</time><extensions><speed>2.573956</speed><course>302.912037</course><hAcc>1.115115</hAcc><vAcc>0.756747</vAcc></extensions></trkpt>
      <trkpt lon="35.008436" lat="31.898828"><ele>229.205992</ele><time>2026-05-30T18:26:26Z</time><extensions><speed>2.615212</speed><course>296.945303</course><hAcc>1.105099</hAcc><vAcc>0.756745</vAcc></extensions></trkpt>
      <trkpt lon="35.008411" lat="31.898837"><ele>229.240534</ele><time>2026-05-30T18:26:27Z</time><extensions><speed>2.676820</speed><course>290.463938</course><hAcc>1.099361</hAcc><vAcc>0.756742</vAcc></extensions></trkpt>
      <trkpt lon="35.008384" lat="31.898845"><ele>229.265563</ele><time>2026-05-30T18:26:28Z</time><extensions><speed>2.711544</speed><course>289.135722</course><hAcc>1.102791</hAcc><vAcc>0.756741</vAcc></extensions></trkpt>
      <trkpt lon="35.008357" lat="31.898855"><ele>229.318622</ele><time>2026-05-30T18:26:29Z</time><extensions><speed>2.828857</speed><course>294.042787</course><hAcc>1.099103</hAcc><vAcc>0.756739</vAcc></extensions></trkpt>
      <trkpt lon="35.008331" lat="31.898865"><ele>229.354850</ele><time>2026-05-30T18:26:30Z</time><extensions><speed>2.633331</speed><course>297.141090</course><hAcc>1.092476</hAcc><vAcc>0.756738</vAcc></extensions></trkpt>
      <trkpt lon="35.008306" lat="31.898876"><ele>229.388381</ele><time>2026-05-30T18:26:31Z</time><extensions><speed>2.574624</speed><course>296.854054</course><hAcc>1.096285</hAcc><vAcc>0.756738</vAcc></extensions></trkpt>
      <trkpt lon="35.008280" lat="31.898887"><ele>229.422255</ele><time>2026-05-30T18:26:32Z</time><extensions><speed>2.939970</speed><course>295.950396</course><hAcc>1.097135</hAcc><vAcc>0.756737</vAcc></extensions></trkpt>
      <trkpt lon="35.008252" lat="31.898898"><ele>229.446269</ele><time>2026-05-30T18:26:33Z</time><extensions><speed>2.933683</speed><course>293.006544</course><hAcc>1.110608</hAcc><vAcc>0.756737</vAcc></extensions></trkpt>
      <trkpt lon="35.008224" lat="31.898908"><ele>229.461367</ele><time>2026-05-30T18:26:34Z</time><extensions><speed>2.782114</speed><course>293.477094</course><hAcc>1.103195</hAcc><vAcc>0.756736</vAcc></extensions></trkpt>
      <trkpt lon="35.008198" lat="31.898919"><ele>229.471075</ele><time>2026-05-30T18:26:35Z</time><extensions><speed>2.635857</speed><course>298.192477</course><hAcc>1.105450</hAcc><vAcc>0.756736</vAcc></extensions></trkpt>
      <trkpt lon="35.008174" lat="31.898930"><ele>229.478422</ele><time>2026-05-30T18:26:36Z</time><extensions><speed>2.562032</speed><course>301.405326</course><hAcc>1.110350</hAcc><vAcc>0.756736</vAcc></extensions></trkpt>
      <trkpt lon="35.008150" lat="31.898943"><ele>229.482523</ele><time>2026-05-30T18:26:37Z</time><extensions><speed>2.830661</speed><course>301.167771</course><hAcc>1.115553</hAcc><vAcc>0.756736</vAcc></extensions></trkpt>
      <trkpt lon="35.008125" lat="31.898955"><ele>229.488626</ele><time>2026-05-30T18:26:38Z</time><extensions><speed>2.686819</speed><course>296.560491</course><hAcc>1.113910</hAcc><vAcc>0.756736</vAcc></extensions></trkpt>
      <trkpt lon="35.008099" lat="31.898966"><ele>229.484493</ele><time>2026-05-30T18:26:39Z</time><extensions><speed>2.703469</speed><course>295.562303</course><hAcc>1.111303</hAcc><vAcc>0.756736</vAcc></extensions></trkpt>
      <trkpt lon="35.008072" lat="31.898977"><ele>229.464608</ele><time>2026-05-30T18:26:40Z</time><extensions><speed>2.987805</speed><course>296.891425</course><hAcc>1.108072</hAcc><vAcc>0.756736</vAcc></extensions></trkpt>
      <trkpt lon="35.008044" lat="31.898989"><ele>229.449227</ele><time>2026-05-30T18:26:41Z</time><extensions><speed>2.851451</speed><course>296.305974</course><hAcc>1.106331</hAcc><vAcc>0.756739</vAcc></extensions></trkpt>
      <trkpt lon="35.008017" lat="31.899000"><ele>229.442768</ele><time>2026-05-30T18:26:42Z</time><extensions><speed>2.857757</speed><course>295.410386</course><hAcc>1.109916</hAcc><vAcc>0.756743</vAcc></extensions></trkpt>
      <trkpt lon="35.007991" lat="31.899011"><ele>229.417550</ele><time>2026-05-30T18:26:43Z</time><extensions><speed>2.741093</speed><course>295.854781</course><hAcc>1.101168</hAcc><vAcc>0.756747</vAcc></extensions></trkpt>
      <trkpt lon="35.007965" lat="31.899022"><ele>229.386060</ele><time>2026-05-30T18:26:44Z</time><extensions><speed>2.600091</speed><course>297.521953</course><hAcc>1.099369</hAcc><vAcc>0.756753</vAcc></extensions></trkpt>
      <trkpt lon="35.007941" lat="31.899033"><ele>229.347716</ele><time>2026-05-30T18:26:45Z</time><extensions><speed>2.682280</speed><course>300.073920</course><hAcc>1.108702</hAcc><vAcc>0.756759</vAcc></extensions></trkpt>
      <trkpt lon="35.007916" lat="31.899046"><ele>229.315205</ele><time>2026-05-30T18:26:46Z</time><extensions><speed>2.774078</speed><course>303.033772</course><hAcc>1.114384</hAcc><vAcc>0.756766</vAcc></extensions></trkpt>
      <trkpt lon="35.007893" lat="31.899061"><ele>229.274676</ele><time>2026-05-30T18:26:47Z</time><extensions><speed>2.730857</speed><course>309.960378</course><hAcc>1.120677</hAcc><vAcc>0.756774</vAcc></extensions></trkpt>
      <trkpt lon="35.007873" lat="31.899078"><ele>229.224899</ele><time>2026-05-30T18:26:48Z</time><extensions><speed>2.625888</speed><course>319.463444</course><hAcc>1.124174</hAcc><vAcc>0.756785</vAcc></extensions></trkpt>
      <trkpt lon="35.007855" lat="31.899095"><ele>229.172677</ele><time>2026-05-30T18:26:49Z</time><extensions><speed>2.411469</speed><course>318.192726</course><hAcc>1.127071</hAcc><vAcc>0.756799</vAcc></extensions></trkpt>
      <trkpt lon="35.007837" lat="31.899109"><ele>229.128367</ele><time>2026-05-30T18:26:50Z</time><extensions><speed>2.330461</speed><course>308.071467</course><hAcc>1.131452</hAcc><vAcc>0.756817</vAcc></extensions></trkpt>
      <trkpt lon="35.007814" lat="31.899121"><ele>229.079265</ele><time>2026-05-30T18:26:52Z</time><extensions><speed>2.737873</speed><course>293.933220</course><hAcc>1.129216</hAcc><vAcc>0.756825</vAcc></extensions></trkpt>
      <trkpt lon="35.007786" lat="31.899129"><ele>229.028104</ele><time>2026-05-30T18:26:53Z</time><extensions><speed>2.902460</speed><course>283.085817</course><hAcc>1.128110</hAcc><vAcc>0.756807</vAcc></extensions></trkpt>
      <trkpt lon="35.007755" lat="31.899133"><ele>228.973070</ele><time>2026-05-30T18:26:54Z</time><extensions><speed>3.073034</speed><course>276.723069</course><hAcc>1.133424</hAcc><vAcc>0.756793</vAcc></extensions></trkpt>
      <trkpt lon="35.007724" lat="31.899138"><ele>228.917716</ele><time>2026-05-30T18:26:55Z</time><extensions><speed>2.982905</speed><course>281.612608</course><hAcc>1.125488</hAcc><vAcc>0.756783</vAcc></extensions></trkpt>
      <trkpt lon="35.007694" lat="31.899145"><ele>228.865313</ele><time>2026-05-30T18:26:56Z</time><extensions><speed>2.751332</speed><course>290.936567</course><hAcc>1.118109</hAcc><vAcc>0.756775</vAcc></extensions></trkpt>
      <trkpt lon="35.007668" lat="31.899155"><ele>228.813429</ele><time>2026-05-30T18:26:57Z</time><extensions><speed>2.845397</speed><course>297.753484</course><hAcc>1.113181</hAcc><vAcc>0.756768</vAcc></extensions></trkpt>
      <trkpt lon="35.007641" lat="31.899167"><ele>228.752558</ele><time>2026-05-30T18:26:58Z</time><extensions><speed>2.884376</speed><course>296.135794</course><hAcc>1.115332</hAcc><vAcc>0.756763</vAcc></extensions></trkpt>
      <trkpt lon="35.007614" lat="31.899178"><ele>228.699911</ele><time>2026-05-30T18:26:59Z</time><extensions><speed>2.781622</speed><course>294.507629</course><hAcc>1.111308</hAcc><vAcc>0.756759</vAcc></extensions></trkpt>
      <trkpt lon="35.007587" lat="31.899188"><ele>228.640626</ele><time>2026-05-30T18:27:00Z</time><extensions><speed>2.781838</speed><course>294.634165</course><hAcc>1.106002</hAcc><vAcc>0.756755</vAcc></extensions></trkpt>
      <trkpt lon="35.007561" lat="31.899199"><ele>228.570604</ele><time>2026-05-30T18:27:01Z</time><extensions><speed>2.706681</speed><course>296.476314</course><hAcc>1.105799</hAcc><vAcc>0.756752</vAcc></extensions></trkpt>
      <trkpt lon="35.007534" lat="31.899211"><ele>228.503253</ele><time>2026-05-30T18:27:02Z</time><extensions><speed>2.940459</speed><course>297.785644</course><hAcc>1.106811</hAcc><vAcc>0.756750</vAcc></extensions></trkpt>
      <trkpt lon="35.007508" lat="31.899223"><ele>228.436162</ele><time>2026-05-30T18:27:03Z</time><extensions><speed>2.643115</speed><course>299.977884</course><hAcc>1.103890</hAcc><vAcc>0.756747</vAcc></extensions></trkpt>
      <trkpt lon="35.007485" lat="31.899235"><ele>228.367407</ele><time>2026-05-30T18:27:04Z</time><extensions><speed>2.427905</speed><course>302.528952</course><hAcc>1.104290</hAcc><vAcc>0.756746</vAcc></extensions></trkpt>
      <trkpt lon="35.007462" lat="31.899247"><ele>228.294305</ele><time>2026-05-30T18:27:05Z</time><extensions><speed>2.737968</speed><course>301.223195</course><hAcc>1.108253</hAcc><vAcc>0.756744</vAcc></extensions></trkpt>
      <trkpt lon="35.007437" lat="31.899258"><ele>228.214904</ele><time>2026-05-30T18:27:06Z</time><extensions><speed>2.693772</speed><course>294.937726</course><hAcc>1.113865</hAcc><vAcc>0.756742</vAcc></extensions></trkpt>
      <trkpt lon="35.007411" lat="31.899268"><ele>228.115762</ele><time>2026-05-30T18:27:07Z</time><extensions><speed>2.660186</speed><course>292.437053</course><hAcc>1.115396</hAcc><vAcc>0.756741</vAcc></extensions></trkpt>
      <trkpt lon="35.007383" lat="31.899277"><ele>228.042671</ele><time>2026-05-30T18:27:08Z</time><extensions><speed>2.967805</speed><course>290.225069</course><hAcc>1.118692</hAcc><vAcc>0.756740</vAcc></extensions></trkpt>
      <trkpt lon="35.007354" lat="31.899286"><ele>227.976008</ele><time>2026-05-30T18:27:09Z</time><extensions><speed>2.841523</speed><course>289.526002</course><hAcc>1.122957</hAcc><vAcc>0.756739</vAcc></extensions></trkpt>
      <trkpt lon="35.007326" lat="31.899295"><ele>227.928862</ele><time>2026-05-30T18:27:10Z</time><extensions><speed>2.920403</speed><course>291.186246</course><hAcc>1.127251</hAcc><vAcc>0.756738</vAcc></extensions></trkpt>
      <trkpt lon="35.007297" lat="31.899305"><ele>227.883782</ele><time>2026-05-30T18:27:11Z</time><extensions><speed>2.878773</speed><course>291.530631</course><hAcc>1.127132</hAcc><vAcc>0.756738</vAcc></extensions></trkpt>
      <trkpt lon="35.007269" lat="31.899314"><ele>227.840782</ele><time>2026-05-30T18:27:12Z</time><extensions><speed>2.824085</speed><course>292.441586</course><hAcc>1.128839</hAcc><vAcc>0.756737</vAcc></extensions></trkpt>
      <trkpt lon="35.007242" lat="31.899324"><ele>227.795957</ele><time>2026-05-30T18:27:13Z</time><extensions><speed>2.804922</speed><course>291.659471</course><hAcc>1.131100</hAcc><vAcc>0.756737</vAcc></extensions></trkpt>
      <trkpt lon="35.007215" lat="31.899333"><ele>227.761270</ele><time>2026-05-30T18:27:14Z</time><extensions><speed>2.617377</speed><course>289.547916</course><hAcc>1.127630</hAcc><vAcc>0.756737</vAcc></extensions></trkpt>
      <trkpt lon="35.007188" lat="31.899340"><ele>227.716849</ele><time>2026-05-30T18:27:15Z</time><extensions><speed>2.752135</speed><course>288.576805</course><hAcc>1.125407</hAcc><vAcc>0.756737</vAcc></extensions></trkpt>
      <trkpt lon="35.007160" lat="31.899349"><ele>227.685074</ele><time>2026-05-30T18:27:16Z</time><extensions><speed>2.861862</speed><course>291.678496</course><hAcc>1.126922</hAcc><vAcc>0.756737</vAcc></extensions></trkpt>
      <trkpt lon="35.007132" lat="31.899358"><ele>227.661612</ele><time>2026-05-30T18:27:17Z</time><extensions><speed>2.891739</speed><course>286.586582</course><hAcc>1.127829</hAcc><vAcc>0.756736</vAcc></extensions></trkpt>
      <trkpt lon="35.007101" lat="31.899364"><ele>227.640614</ele><time>2026-05-30T18:27:18Z</time><extensions><speed>3.099614</speed><course>279.130178</course><hAcc>1.131695</hAcc><vAcc>0.756736</vAcc></extensions></trkpt>
      <trkpt lon="35.007070" lat="31.899368"><ele>227.610497</ele><time>2026-05-30T18:27:19Z</time><extensions><speed>2.788080</speed><course>282.483940</course><hAcc>1.136008</hAcc><vAcc>0.756736</vAcc></extensions></trkpt>
      <trkpt lon="35.007044" lat="31.899375"><ele>227.553561</ele><time>2026-05-30T18:27:20Z</time><extensions><speed>2.442525</speed><course>288.146434</course><hAcc>1.143059</hAcc><vAcc>0.756736</vAcc></extensions></trkpt>
      <trkpt lon="35.007019" lat="31.899383"><ele>227.498004</ele><time>2026-05-30T18:27:21Z</time><extensions><speed>2.551267</speed><course>295.696843</course><hAcc>1.148045</hAcc><vAcc>0.756736</vAcc></extensions></trkpt>
      <trkpt lon="35.006996" lat="31.899394"><ele>227.448265</ele><time>2026-05-30T18:27:22Z</time><extensions><speed>2.521275</speed><course>302.697318</course><hAcc>1.145122</hAcc><vAcc>0.756736</vAcc></extensions></trkpt>
      <trkpt lon="35.006973" lat="31.899407"><ele>227.401391</ele><time>2026-05-30T18:27:23Z</time><extensions><speed>2.626753</speed><course>304.228170</course><hAcc>1.137971</hAcc><vAcc>0.756736</vAcc></extensions></trkpt>
      <trkpt lon="35.006950" lat="31.899420"><ele>227.334442</ele><time>2026-05-30T18:27:24Z</time><extensions><speed>2.665716</speed><course>300.807088</course><hAcc>1.132733</hAcc><vAcc>0.756736</vAcc></extensions></trkpt>
      <trkpt lon="35.006926" lat="31.899432"><ele>227.273640</ele><time>2026-05-30T18:27:25Z</time><extensions><speed>2.589419</speed><course>302.675394</course><hAcc>1.123184</hAcc><vAcc>0.756736</vAcc></extensions></trkpt>
      <trkpt lon="35.006904" lat="31.899447"><ele>227.214783</ele><time>2026-05-30T18:27:26Z</time><extensions><speed>2.746563</speed><course>312.552768</course><hAcc>1.114615</hAcc><vAcc>0.756736</vAcc></extensions></trkpt>
      <trkpt lon="35.006885" lat="31.899466"><ele>227.148048</ele><time>2026-05-30T18:27:27Z</time><extensions><speed>2.823378</speed><course>326.684848</course><hAcc>1.110381</hAcc><vAcc>0.756736</vAcc></extensions></trkpt>
      <trkpt lon="35.006872" lat="31.899489"><ele>227.073634</ele><time>2026-05-30T18:27:28Z</time><extensions><speed>2.887415</speed><course>341.588098</course><hAcc>1.108654</hAcc><vAcc>0.756736</vAcc></extensions></trkpt>
      <trkpt lon="35.006865" lat="31.899514"><ele>226.985232</ele><time>2026-05-30T18:27:29Z</time><extensions><speed>2.860847</speed><course>350.798021</course><hAcc>1.106604</hAcc><vAcc>0.756736</vAcc></extensions></trkpt>
      <trkpt lon="35.006860" lat="31.899538"><ele>226.909274</ele><time>2026-05-30T18:27:30Z</time><extensions><speed>2.660094</speed><course>349.284094</course><hAcc>1.105331</hAcc><vAcc>0.756736</vAcc></extensions></trkpt>
      <trkpt lon="35.006852" lat="31.899561"><ele>226.817593</ele><time>2026-05-30T18:27:31Z</time><extensions><speed>2.517548</speed><course>339.708387</course><hAcc>1.105269</hAcc><vAcc>0.756736</vAcc></extensions></trkpt>
      <trkpt lon="35.006840" lat="31.899581"><ele>226.718775</ele><time>2026-05-30T18:27:32Z</time><extensions><speed>2.558124</speed><course>325.189119</course><hAcc>1.100893</hAcc><vAcc>0.756736</vAcc></extensions></trkpt>
      <trkpt lon="35.006823" lat="31.899600"><ele>226.633726</ele><time>2026-05-30T18:27:32Z</time><extensions><speed>2.669755</speed><course>320.835839</course><hAcc>1.104664</hAcc><vAcc>0.756736</vAcc></extensions></trkpt>
      <trkpt lon="35.006807" lat="31.899620"><ele>226.556481</ele><time>2026-05-30T18:27:33Z</time><extensions><speed>2.878121</speed><course>328.488692</course><hAcc>1.120154</hAcc><vAcc>0.756736</vAcc></extensions></trkpt>
      <trkpt lon="35.006795" lat="31.899643"><ele>226.480185</ele><time>2026-05-30T18:27:34Z</time><extensions><speed>2.664745</speed><course>346.343856</course><hAcc>1.132723</hAcc><vAcc>0.756736</vAcc></extensions></trkpt>
      <trkpt lon="35.006794" lat="31.899666"><ele>226.425357</ele><time>2026-05-30T18:27:35Z</time><extensions><speed>2.618817</speed><course>8.118562</course><hAcc>1.153950</hAcc><vAcc>0.756736</vAcc></extensions></trkpt>
      <trkpt lon="35.006800" lat="31.899691"><ele>226.373503</ele><time>2026-05-30T18:27:36Z</time><extensions><speed>2.938127</speed><course>16.428591</course><hAcc>1.171538</hAcc><vAcc>0.756736</vAcc></extensions></trkpt>
      <trkpt lon="35.006808" lat="31.899716"><ele>226.313949</ele><time>2026-05-30T18:27:37Z</time><extensions><speed>2.848592</speed><course>12.013440</course><hAcc>1.187828</hAcc><vAcc>0.756736</vAcc></extensions></trkpt>
      <trkpt lon="35.006812" lat="31.899742"><ele>226.261165</ele><time>2026-05-30T18:27:38Z</time><extensions><speed>2.910659</speed><course>5.018230</course><hAcc>1.205071</hAcc><vAcc>0.756736</vAcc></extensions></trkpt>
      <trkpt lon="35.006814" lat="31.899768"><ele>226.201120</ele><time>2026-05-30T18:27:39Z</time><extensions><speed>2.996442</speed><course>3.103443</course><hAcc>1.204508</hAcc><vAcc>0.756736</vAcc></extensions></trkpt>
      <trkpt lon="35.006815" lat="31.899795"><ele>226.151201</ele><time>2026-05-30T18:27:40Z</time><extensions><speed>2.870504</speed><course>0.653276</course><hAcc>1.205865</hAcc><vAcc>0.756736</vAcc></extensions></trkpt>
      <trkpt lon="35.006815" lat="31.899821"><ele>226.107040</ele><time>2026-05-30T18:27:41Z</time><extensions><speed>3.012427</speed><course>356.832287</course><hAcc>1.210032</hAcc><vAcc>0.756736</vAcc></extensions></trkpt>
      <trkpt lon="35.006810" lat="31.899848"><ele>226.074948</ele><time>2026-05-30T18:27:42Z</time><extensions><speed>2.932259</speed><course>347.181321</course><hAcc>1.221085</hAcc><vAcc>0.756736</vAcc></extensions></trkpt>
      <trkpt lon="35.006802" lat="31.899872"><ele>226.040654</ele><time>2026-05-30T18:27:43Z</time><extensions><speed>2.798391</speed><course>341.924111</course><hAcc>1.240297</hAcc><vAcc>0.756736</vAcc></extensions></trkpt>
      <trkpt lon="35.006793" lat="31.899897"><ele>226.019220</ele><time>2026-05-30T18:27:44Z</time><extensions><speed>2.902620</speed><course>341.823906</course><hAcc>1.259074</hAcc><vAcc>0.756736</vAcc></extensions></trkpt>
      <trkpt lon="35.006783" lat="31.899922"><ele>226.002196</ele><time>2026-05-30T18:27:45Z</time><extensions><speed>2.853925</speed><course>341.482915</course><hAcc>1.277102</hAcc><vAcc>0.756736</vAcc></extensions></trkpt>
      <trkpt lon="35.006775" lat="31.899946"><ele>225.995116</ele><time>2026-05-30T18:27:46Z</time><extensions><speed>2.828645</speed><course>345.220517</course><hAcc>1.291158</hAcc><vAcc>0.756736</vAcc></extensions></trkpt>
      <trkpt lon="35.006769" lat="31.899971"><ele>225.971402</ele><time>2026-05-30T18:27:47Z</time><extensions><speed>2.722894</speed><course>351.370629</course><hAcc>1.301767</hAcc><vAcc>0.756736</vAcc></extensions></trkpt>
      <trkpt lon="35.006765" lat="31.899994"><ele>225.953160</ele><time>2026-05-30T18:27:48Z</time><extensions><speed>2.547946</speed><course>351.866687</course><hAcc>1.314391</hAcc><vAcc>0.756736</vAcc></extensions></trkpt>
      <trkpt lon="35.006760" lat="31.900018"><ele>225.934211</ele><time>2026-05-30T18:27:49Z</time><extensions><speed>2.749444</speed><course>348.725514</course><hAcc>1.321535</hAcc><vAcc>0.756736</vAcc></extensions></trkpt>
      <trkpt lon="35.006753" lat="31.900042"><ele>225.913864</ele><time>2026-05-30T18:27:50Z</time><extensions><speed>2.750999</speed><course>344.487021</course><hAcc>1.319521</hAcc><vAcc>0.756736</vAcc></extensions></trkpt>
      <trkpt lon="35.006743" lat="31.900065"><ele>225.905704</ele><time>2026-05-30T18:27:51Z</time><extensions><speed>2.773843</speed><course>334.469611</course><hAcc>1.320950</hAcc><vAcc>0.756736</vAcc></extensions></trkpt>
      <trkpt lon="35.006729" lat="31.900087"><ele>225.892352</ele><time>2026-05-30T18:27:52Z</time><extensions><speed>2.835272</speed><course>330.737537</course><hAcc>1.325296</hAcc><vAcc>0.756736</vAcc></extensions></trkpt>
      <trkpt lon="35.006714" lat="31.900110"><ele>225.889984</ele><time>2026-05-30T18:27:53Z</time><extensions><speed>2.937337</speed><course>329.846595</course><hAcc>1.331487</hAcc><vAcc>0.756736</vAcc></extensions></trkpt>
      <trkpt lon="35.006698" lat="31.900132"><ele>225.899175</ele><time>2026-05-30T18:27:54Z</time><extensions><speed>2.888280</speed><course>328.198694</course><hAcc>1.331679</hAcc><vAcc>0.756859</vAcc></extensions></trkpt>
      <trkpt lon="35.006682" lat="31.900154"><ele>225.916998</ele><time>2026-05-30T18:27:55Z</time><extensions><speed>2.799202</speed><course>327.021884</course><hAcc>1.334515</hAcc><vAcc>0.756916</vAcc></extensions></trkpt>
      <trkpt lon="35.006666" lat="31.900175"><ele>225.947110</ele><time>2026-05-30T18:27:56Z</time><extensions><speed>2.789146</speed><course>325.075783</course><hAcc>1.336156</hAcc><vAcc>0.756983</vAcc></extensions></trkpt>
      <trkpt lon="35.006648" lat="31.900196"><ele>225.968948</ele><time>2026-05-30T18:27:57Z</time><extensions><speed>2.955983</speed><course>322.823236</course><hAcc>1.337617</hAcc><vAcc>0.757062</vAcc></extensions></trkpt>
      <trkpt lon="35.006630" lat="31.900217"><ele>225.988161</ele><time>2026-05-30T18:27:58Z</time><extensions><speed>2.790444</speed><course>323.955564</course><hAcc>1.340826</hAcc><vAcc>0.757150</vAcc></extensions></trkpt>
      <trkpt lon="35.006613" lat="31.900237"><ele>226.014181</ele><time>2026-05-30T18:27:59Z</time><extensions><speed>2.757255</speed><course>326.761040</course><hAcc>1.344254</hAcc><vAcc>0.757246</vAcc></extensions></trkpt>
      <trkpt lon="35.006598" lat="31.900258"><ele>226.048107</ele><time>2026-05-30T18:28:00Z</time><extensions><speed>2.658250</speed><course>327.491626</course><hAcc>1.348229</hAcc><vAcc>0.757345</vAcc></extensions></trkpt>
      <trkpt lon="35.006583" lat="31.900277"><ele>226.040509</ele><time>2026-05-30T18:28:01Z</time><extensions><speed>2.485762</speed><course>328.410597</course><hAcc>1.347113</hAcc><vAcc>0.757440</vAcc></extensions></trkpt>
      <trkpt lon="35.006570" lat="31.900296"><ele>226.036382</ele><time>2026-05-30T18:28:02Z</time><extensions><speed>2.524562</speed><course>328.419700</course><hAcc>1.343920</hAcc><vAcc>0.757522</vAcc></extensions></trkpt>
      <trkpt lon="35.006555" lat="31.900315"><ele>226.049057</ele><time>2026-05-30T18:28:03Z</time><extensions><speed>2.475089</speed><course>323.504273</course><hAcc>1.339697</hAcc><vAcc>0.757577</vAcc></extensions></trkpt>
      <trkpt lon="35.006539" lat="31.900333"><ele>226.060551</ele><time>2026-05-30T18:28:04Z</time><extensions><speed>2.478940</speed><course>320.545772</course><hAcc>1.335956</hAcc><vAcc>0.757592</vAcc></extensions></trkpt>
      <trkpt lon="35.006520" lat="31.900350"><ele>226.071653</ele><time>2026-05-30T18:28:05Z</time><extensions><speed>2.644725</speed><course>313.599661</course><hAcc>1.326471</hAcc><vAcc>0.757560</vAcc></extensions></trkpt>
      <trkpt lon="35.006500" lat="31.900365"><ele>226.075314</ele><time>2026-05-30T18:28:06Z</time><extensions><speed>2.566376</speed><course>308.219432</course><hAcc>1.314466</hAcc><vAcc>0.757490</vAcc></extensions></trkpt>
      <trkpt lon="35.006478" lat="31.900380"><ele>226.070940</ele><time>2026-05-30T18:28:07Z</time><extensions><speed>2.674369</speed><course>310.153037</course><hAcc>1.304075</hAcc><vAcc>0.757396</vAcc></extensions></trkpt>
      <trkpt lon="35.006457" lat="31.900395"><ele>226.069223</ele><time>2026-05-30T18:28:08Z</time><extensions><speed>2.600704</speed><course>311.417999</course><hAcc>1.293666</hAcc><vAcc>0.757294</vAcc></extensions></trkpt>
      <trkpt lon="35.006437" lat="31.900411"><ele>226.061908</ele><time>2026-05-30T18:28:09Z</time><extensions><speed>2.491170</speed><course>313.299462</course><hAcc>1.282747</hAcc><vAcc>0.757192</vAcc></extensions></trkpt>
      <trkpt lon="35.006418" lat="31.900426"><ele>226.042406</ele><time>2026-05-30T18:28:10Z</time><extensions><speed>2.525833</speed><course>310.627638</course><hAcc>1.276158</hAcc><vAcc>0.757097</vAcc></extensions></trkpt>
      <trkpt lon="35.006398" lat="31.900440"><ele>226.025754</ele><time>2026-05-30T18:28:11Z</time><extensions><speed>2.445673</speed><course>310.605896</course><hAcc>1.272758</hAcc><vAcc>0.757013</vAcc></extensions></trkpt>
      <trkpt lon="35.006379" lat="31.900455"><ele>226.007888</ele><time>2026-05-30T18:28:12Z</time><extensions><speed>2.348255</speed><course>310.738718</course><hAcc>1.266613</hAcc><vAcc>0.756943</vAcc></extensions></trkpt>
      <trkpt lon="35.006359" lat="31.900468"><ele>225.996800</ele><time>2026-05-30T18:28:13Z</time><extensions><speed>2.450986</speed><course>305.766053</course><hAcc>1.262183</hAcc><vAcc>0.756886</vAcc></extensions></trkpt>
      <trkpt lon="35.006338" lat="31.900480"><ele>225.975807</ele><time>2026-05-30T18:28:14Z</time><extensions><speed>2.364281</speed><course>303.537987</course><hAcc>1.257593</hAcc><vAcc>0.756841</vAcc></extensions></trkpt>
      <trkpt lon="35.006316" lat="31.900491"><ele>225.963956</ele><time>2026-05-30T18:28:15Z</time><extensions><speed>2.385138</speed><course>298.648953</course><hAcc>1.251355</hAcc><vAcc>0.756807</vAcc></extensions></trkpt>
      <trkpt lon="35.006294" lat="31.900501"><ele>225.959146</ele><time>2026-05-30T18:28:16Z</time><extensions><speed>2.382604</speed><course>293.076806</course><hAcc>1.247784</hAcc><vAcc>0.756782</vAcc></extensions></trkpt>
      <trkpt lon="35.006271" lat="31.900509"><ele>226.005701</ele><time>2026-05-30T18:28:17Z</time><extensions><speed>2.374887</speed><course>293.028029</course><hAcc>1.245647</hAcc><vAcc>0.756765</vAcc></extensions></trkpt>
      <trkpt lon="35.006247" lat="31.900518"><ele>226.056439</ele><time>2026-05-30T18:28:18Z</time><extensions><speed>2.494515</speed><course>296.496632</course><hAcc>1.238297</hAcc><vAcc>0.756753</vAcc></extensions></trkpt>
      <trkpt lon="35.006224" lat="31.900530"><ele>226.102015</ele><time>2026-05-30T18:28:19Z</time><extensions><speed>2.660150</speed><course>302.854237</course><hAcc>1.228707</hAcc><vAcc>0.756745</vAcc></extensions></trkpt>
      <trkpt lon="35.006200" lat="31.900543"><ele>226.173989</ele><time>2026-05-30T18:28:20Z</time><extensions><speed>2.778964</speed><course>303.822593</course><hAcc>1.222080</hAcc><vAcc>0.756741</vAcc></extensions></trkpt>
      <trkpt lon="35.006175" lat="31.900555"><ele>226.262881</ele><time>2026-05-30T18:28:21Z</time><extensions><speed>2.713047</speed><course>295.786123</course><hAcc>1.216709</hAcc><vAcc>0.756738</vAcc></extensions></trkpt>
      <trkpt lon="35.006150" lat="31.900566"><ele>226.354059</ele><time>2026-05-30T18:28:22Z</time><extensions><speed>2.565690</speed><course>297.223543</course><hAcc>1.209326</hAcc><vAcc>0.756737</vAcc></extensions></trkpt>
      <trkpt lon="35.006127" lat="31.900577"><ele>226.463485</ele><time>2026-05-30T18:28:23Z</time><extensions><speed>2.459815</speed><course>302.814914</course><hAcc>1.199385</hAcc><vAcc>0.756736</vAcc></extensions></trkpt>
      <trkpt lon="35.006105" lat="31.900589"><ele>226.580597</ele><time>2026-05-30T18:28:24Z</time><extensions><speed>2.406918</speed><course>303.066918</course><hAcc>1.197291</hAcc><vAcc>0.756736</vAcc></extensions></trkpt>
      <trkpt lon="35.006083" lat="31.900600"><ele>226.712082</ele><time>2026-05-30T18:28:25Z</time><extensions><speed>2.336048</speed><course>294.145608</course><hAcc>1.181688</hAcc><vAcc>0.756736</vAcc></extensions></trkpt>
      <trkpt lon="35.006061" lat="31.900606"><ele>226.856370</ele><time>2026-05-30T18:28:26Z</time><extensions><speed>2.065414</speed><course>280.322295</course><hAcc>1.179392</hAcc><vAcc>0.756736</vAcc></extensions></trkpt>
      <trkpt lon="35.006037" lat="31.900608"><ele>227.008858</ele><time>2026-05-30T18:28:27Z</time><extensions><speed>2.488131</speed><course>274.371529</course><hAcc>1.173564</hAcc><vAcc>0.756736</vAcc></extensions></trkpt>
      <trkpt lon="35.006009" lat="31.900610"><ele>227.156843</ele><time>2026-05-30T18:28:28Z</time><extensions><speed>2.832099</speed><course>274.436956</course><hAcc>1.167167</hAcc><vAcc>0.756737</vAcc></extensions></trkpt>
      <trkpt lon="35.005979" lat="31.900611"><ele>227.306640</ele><time>2026-05-30T18:28:29Z</time><extensions><speed>2.826631</speed><course>272.741002</course><hAcc>1.163764</hAcc><vAcc>0.756737</vAcc></extensions></trkpt>
      <trkpt lon="35.005950" lat="31.900612"><ele>227.456413</ele><time>2026-05-30T18:28:30Z</time><extensions><speed>2.792752</speed><course>270.225079</course><hAcc>1.160452</hAcc><vAcc>0.756737</vAcc></extensions></trkpt>
      <trkpt lon="35.005921" lat="31.900612"><ele>227.604421</ele><time>2026-05-30T18:28:31Z</time><extensions><speed>2.603413</speed><course>270.171742</course><hAcc>1.154757</hAcc><vAcc>0.756737</vAcc></extensions></trkpt>
      <trkpt lon="35.005893" lat="31.900612"><ele>227.744951</ele><time>2026-05-30T18:28:32Z</time><extensions><speed>2.625269</speed><course>269.370819</course><hAcc>1.150975</hAcc><vAcc>0.756737</vAcc></extensions></trkpt>
      <trkpt lon="35.005866" lat="31.900613"><ele>227.886394</ele><time>2026-05-30T18:28:33Z</time><extensions><speed>2.635148</speed><course>273.108630</course><hAcc>1.135731</hAcc><vAcc>0.756736</vAcc></extensions></trkpt>
      <trkpt lon="35.005839" lat="31.900614"><ele>228.012212</ele><time>2026-05-30T18:28:34Z</time><extensions><speed>2.481406</speed><course>275.684190</course><hAcc>1.129465</hAcc><vAcc>0.756736</vAcc></extensions></trkpt>
      <trkpt lon="35.005812" lat="31.900616"><ele>228.139542</ele><time>2026-05-30T18:28:35Z</time><extensions><speed>2.622621</speed><course>271.680122</course><hAcc>1.116516</hAcc><vAcc>0.756736</vAcc></extensions></trkpt>
      <trkpt lon="35.005785" lat="31.900616"><ele>228.257249</ele><time>2026-05-30T18:28:36Z</time><extensions><speed>2.394211</speed><course>269.135101</course><hAcc>1.126560</hAcc><vAcc>0.756736</vAcc></extensions></trkpt>
      <trkpt lon="35.005760" lat="31.900616"><ele>228.369715</ele><time>2026-05-30T18:28:37Z</time><extensions><speed>2.448065</speed><course>270.697555</course><hAcc>1.107786</hAcc><vAcc>0.756736</vAcc></extensions></trkpt>
      <trkpt lon="35.005733" lat="31.900616"><ele>228.475771</ele><time>2026-05-30T18:28:38Z</time><extensions><speed>2.549721</speed><course>268.984075</course><hAcc>1.098437</hAcc><vAcc>0.756736</vAcc></extensions></trkpt>
      <trkpt lon="35.005706" lat="31.900615"><ele>228.565784</ele><time>2026-05-30T18:28:39Z</time><extensions><speed>2.645682</speed><course>267.568701</course><hAcc>1.096955</hAcc><vAcc>0.756736</vAcc></extensions></trkpt>
      <trkpt lon="35.005677" lat="31.900614"><ele>228.646629</ele><time>2026-05-30T18:28:40Z</time><extensions><speed>2.721056</speed><course>268.145932</course><hAcc>1.093250</hAcc><vAcc>0.756736</vAcc></extensions></trkpt>
      <trkpt lon="35.005649" lat="31.900613"><ele>228.738836</ele><time>2026-05-30T18:28:41Z</time><extensions><speed>2.686169</speed><course>265.012212</course><hAcc>1.085482</hAcc><vAcc>0.756736</vAcc></extensions></trkpt>
      <trkpt lon="35.005621" lat="31.900610"><ele>228.813454</ele><time>2026-05-30T18:28:42Z</time><extensions><speed>2.603326</speed><course>262.613536</course><hAcc>1.079118</hAcc><vAcc>0.756736</vAcc></extensions></trkpt>
      <trkpt lon="35.005595" lat="31.900607"><ele>228.872482</ele><time>2026-05-30T18:28:43Z</time><extensions><speed>2.489958</speed><course>259.848743</course><hAcc>1.077288</hAcc><vAcc>0.756736</vAcc></extensions></trkpt>
      <trkpt lon="35.005569" lat="31.900602"><ele>228.918615</ele><time>2026-05-30T18:28:44Z</time><extensions><speed>2.515902</speed><course>256.750335</course><hAcc>1.059416</hAcc><vAcc>0.756736</vAcc></extensions></trkpt>
      <trkpt lon="35.005543" lat="31.900597"><ele>228.953967</ele><time>2026-05-30T18:28:45Z</time><extensions><speed>2.413209</speed><course>254.539560</course><hAcc>1.063926</hAcc><vAcc>0.756736</vAcc></extensions></trkpt>
      <trkpt lon="35.005519" lat="31.900590"><ele>228.982758</ele><time>2026-05-30T18:28:46Z</time><extensions><speed>2.494089</speed><course>250.605300</course><hAcc>1.054478</hAcc><vAcc>0.756736</vAcc></extensions></trkpt>
      <trkpt lon="35.005494" lat="31.900582"><ele>229.016824</ele><time>2026-05-30T18:28:47Z</time><extensions><speed>2.525789</speed><course>244.547133</course><hAcc>1.058375</hAcc><vAcc>0.756739</vAcc></extensions></trkpt>
      <trkpt lon="35.005471" lat="31.900571"><ele>229.042576</ele><time>2026-05-30T18:28:48Z</time><extensions><speed>2.462490</speed><course>236.967965</course><hAcc>1.068428</hAcc><vAcc>0.756743</vAcc></extensions></trkpt>
      <trkpt lon="35.005449" lat="31.900558"><ele>229.056282</ele><time>2026-05-30T18:28:49Z</time><extensions><speed>2.589772</speed><course>234.047480</course><hAcc>1.065033</hAcc><vAcc>0.756747</vAcc></extensions></trkpt>
      <trkpt lon="35.005428" lat="31.900544"><ele>229.067674</ele><time>2026-05-30T18:28:50Z</time><extensions><speed>2.527074</speed><course>231.572658</course><hAcc>1.066033</hAcc><vAcc>0.756753</vAcc></extensions></trkpt>
      <trkpt lon="35.005407" lat="31.900530"><ele>229.059639</ele><time>2026-05-30T18:28:51Z</time><extensions><speed>2.502783</speed><course>233.392906</course><hAcc>1.069423</hAcc><vAcc>0.756759</vAcc></extensions></trkpt>
      <trkpt lon="35.005385" lat="31.900516"><ele>229.044946</ele><time>2026-05-30T18:28:52Z</time><extensions><speed>2.556632</speed><course>233.739629</course><hAcc>1.073385</hAcc><vAcc>0.756766</vAcc></extensions></trkpt>
      <trkpt lon="35.005363" lat="31.900504"><ele>229.033883</ele><time>2026-05-30T18:28:53Z</time><extensions><speed>2.491818</speed><course>241.720467</course><hAcc>1.067225</hAcc><vAcc>0.756774</vAcc></extensions></trkpt>
      <trkpt lon="35.005340" lat="31.900495"><ele>229.018071</ele><time>2026-05-30T18:28:54Z</time><extensions><speed>2.397913</speed><course>245.953478</course><hAcc>1.078855</hAcc><vAcc>0.756785</vAcc></extensions></trkpt>
      <trkpt lon="35.005316" lat="31.900486"><ele>228.992070</ele><time>2026-05-30T18:28:55Z</time><extensions><speed>2.423135</speed><course>245.983759</course><hAcc>1.073360</hAcc><vAcc>0.756799</vAcc></extensions></trkpt>
      <trkpt lon="35.005293" lat="31.900477"><ele>228.962987</ele><time>2026-05-30T18:28:56Z</time><extensions><speed>2.328363</speed><course>247.645679</course><hAcc>1.059968</hAcc><vAcc>0.756817</vAcc></extensions></trkpt>
      <trkpt lon="35.005270" lat="31.900470"><ele>228.927039</ele><time>2026-05-30T18:28:58Z</time><extensions><speed>2.341614</speed><course>250.588561</course><hAcc>1.054262</hAcc><vAcc>0.756825</vAcc></extensions></trkpt>
      <trkpt lon="35.005247" lat="31.900462"><ele>228.886922</ele><time>2026-05-30T18:28:59Z</time><extensions><speed>2.303894</speed><course>247.423484</course><hAcc>1.054587</hAcc><vAcc>0.756806</vAcc></extensions></trkpt>
      <trkpt lon="35.005226" lat="31.900453"><ele>228.841697</ele><time>2026-05-30T18:29:00Z</time><extensions><speed>2.215298</speed><course>241.170739</course><hAcc>1.060250</hAcc><vAcc>0.756792</vAcc></extensions></trkpt>
      <trkpt lon="35.005206" lat="31.900443"><ele>228.799321</ele><time>2026-05-30T18:29:01Z</time><extensions><speed>2.195731</speed><course>233.454863</course><hAcc>1.060587</hAcc><vAcc>0.756782</vAcc></extensions></trkpt>
      <trkpt lon="35.005190" lat="31.900430"><ele>228.754268</ele><time>2026-05-30T18:29:02Z</time><extensions><speed>1.982165</speed><course>222.872544</course><hAcc>1.050650</hAcc><vAcc>0.756774</vAcc></extensions></trkpt>
      <trkpt lon="35.005175" lat="31.900418"><ele>228.712288</ele><time>2026-05-30T18:29:03Z</time><extensions><speed>1.942776</speed><course>230.074032</course><hAcc>1.050441</hAcc><vAcc>0.756767</vAcc></extensions></trkpt>
      <trkpt lon="35.005156" lat="31.900409"><ele>228.664130</ele><time>2026-05-30T18:29:04Z</time><extensions><speed>2.205461</speed><course>248.953056</course><hAcc>1.051774</hAcc><vAcc>0.756762</vAcc></extensions></trkpt>
      <trkpt lon="35.005132" lat="31.900404"><ele>228.606861</ele><time>2026-05-30T18:29:05Z</time><extensions><speed>2.583476</speed><course>261.965432</course><hAcc>1.052752</hAcc><vAcc>0.756758</vAcc></extensions></trkpt>
      <trkpt lon="35.005103" lat="31.900402"><ele>228.534459</ele><time>2026-05-30T18:29:06Z</time><extensions><speed>2.793592</speed><course>269.110907</course><hAcc>1.051205</hAcc><vAcc>0.756754</vAcc></extensions></trkpt>
      <trkpt lon="35.005075" lat="31.900401"><ele>228.469410</ele><time>2026-05-30T18:29:07Z</time><extensions><speed>2.642730</speed><course>264.359591</course><hAcc>1.046056</hAcc><vAcc>0.756751</vAcc></extensions></trkpt>
      <trkpt lon="35.005048" lat="31.900396"><ele>228.397175</ele><time>2026-05-30T18:29:08Z</time><extensions><speed>2.515255</speed><course>253.836694</course><hAcc>1.046579</hAcc><vAcc>0.756749</vAcc></extensions></trkpt>
      <trkpt lon="35.005025" lat="31.900388"><ele>228.317733</ele><time>2026-05-30T18:29:09Z</time><extensions><speed>2.245189</speed><course>242.628820</course><hAcc>1.040307</hAcc><vAcc>0.756747</vAcc></extensions></trkpt>
      <trkpt lon="35.005004" lat="31.900378"><ele>228.232458</ele><time>2026-05-30T18:29:10Z</time><extensions><speed>2.351506</speed><course>234.230885</course><hAcc>1.044905</hAcc><vAcc>0.756745</vAcc></extensions></trkpt>
      <trkpt lon="35.004985" lat="31.900364"><ele>228.137987</ele><time>2026-05-30T18:29:11Z</time><extensions><speed>2.274480</speed><course>226.913755</course><hAcc>1.036950</hAcc><vAcc>0.756743</vAcc></extensions></trkpt>
      <trkpt lon="35.004970" lat="31.900349"><ele>228.041082</ele><time>2026-05-30T18:29:12Z</time><extensions><speed>2.305404</speed><course>215.607551</course><hAcc>1.034050</hAcc><vAcc>0.756742</vAcc></extensions></trkpt>
      <trkpt lon="35.004957" lat="31.900330"><ele>227.928505</ele><time>2026-05-30T18:29:13Z</time><extensions><speed>2.509580</speed><course>204.857844</course><hAcc>1.039435</hAcc><vAcc>0.756740</vAcc></extensions></trkpt>
      <trkpt lon="35.004947" lat="31.900309"><ele>227.813592</ele><time>2026-05-30T18:29:14Z</time><extensions><speed>2.611574</speed><course>199.924727</course><hAcc>1.051703</hAcc><vAcc>0.756739</vAcc></extensions></trkpt>
      <trkpt lon="35.004936" lat="31.900287"><ele>227.698515</ele><time>2026-05-30T18:29:15Z</time><extensions><speed>2.654943</speed><course>203.471997</course><hAcc>1.049824</hAcc><vAcc>0.756739</vAcc></extensions></trkpt>
      <trkpt lon="35.004924" lat="31.900266"><ele>227.558979</ele><time>2026-05-30T18:29:16Z</time><extensions><speed>2.485250</speed><course>208.916242</course><hAcc>1.050426</hAcc><vAcc>0.756738</vAcc></extensions></trkpt>
      <trkpt lon="35.004910" lat="31.900247"><ele>227.412545</ele><time>2026-05-30T18:29:17Z</time><extensions><speed>2.522215</speed><course>214.419023</course><hAcc>1.054877</hAcc><vAcc>0.756738</vAcc></extensions></trkpt>
      <trkpt lon="35.004895" lat="31.900229"><ele>227.253473</ele><time>2026-05-30T18:29:18Z</time><extensions><speed>2.451400</speed><course>217.964327</course><hAcc>1.055601</hAcc><vAcc>0.756737</vAcc></extensions></trkpt>
      <trkpt lon="35.004879" lat="31.900211"><ele>227.092879</ele><time>2026-05-30T18:29:19Z</time><extensions><speed>2.531159</speed><course>218.925953</course><hAcc>1.056249</hAcc><vAcc>0.756737</vAcc></extensions></trkpt>
      <trkpt lon="35.004862" lat="31.900194"><ele>226.937352</ele><time>2026-05-30T18:29:20Z</time><extensions><speed>2.511023</speed><course>220.894545</course><hAcc>1.057406</hAcc><vAcc>0.756737</vAcc></extensions></trkpt>
      <trkpt lon="35.004844" lat="31.900177"><ele>226.780121</ele><time>2026-05-30T18:29:21Z</time><extensions><speed>2.561820</speed><course>222.962544</course><hAcc>1.061597</hAcc><vAcc>0.756737</vAcc></extensions></trkpt>
      <trkpt lon="35.004824" lat="31.900160"><ele>226.619151</ele><time>2026-05-30T18:29:22Z</time><extensions><speed>2.606849</speed><course>226.870037</course><hAcc>1.063719</hAcc><vAcc>0.756736</vAcc></extensions></trkpt>
      <trkpt lon="35.004804" lat="31.900145"><ele>226.462516</ele><time>2026-05-30T18:29:23Z</time><extensions><speed>2.614283</speed><course>231.093947</course><hAcc>1.063829</hAcc><vAcc>0.756736</vAcc></extensions></trkpt>
      <trkpt lon="35.004782" lat="31.900131"><ele>226.320697</ele><time>2026-05-30T18:29:24Z</time><extensions><speed>2.479358</speed><course>234.109966</course><hAcc>1.071587</hAcc><vAcc>0.756736</vAcc></extensions></trkpt>
      <trkpt lon="35.004761" lat="31.900119"><ele>226.183654</ele><time>2026-05-30T18:29:25Z</time><extensions><speed>2.411699</speed><course>238.743035</course><hAcc>1.071686</hAcc><vAcc>0.756736</vAcc></extensions></trkpt>
      <trkpt lon="35.004738" lat="31.900108"><ele>226.063443</ele><time>2026-05-30T18:29:26Z</time><extensions><speed>2.475041</speed><course>243.959319</course><hAcc>1.065520</hAcc><vAcc>0.756736</vAcc></extensions></trkpt>
      <trkpt lon="35.004714" lat="31.900099"><ele>225.945817</ele><time>2026-05-30T18:29:27Z</time><extensions><speed>2.515725</speed><course>247.093460</course><hAcc>1.067732</hAcc><vAcc>0.756736</vAcc></extensions></trkpt>
      <trkpt lon="35.004688" lat="31.900091"><ele>225.839295</ele><time>2026-05-30T18:29:28Z</time><extensions><speed>2.631204</speed><course>253.895848</course><hAcc>1.068628</hAcc><vAcc>0.756736</vAcc></extensions></trkpt>
      <trkpt lon="35.004661" lat="31.900087"><ele>225.749083</ele><time>2026-05-30T18:29:29Z</time><extensions><speed>2.633636</speed><course>265.462079</course><hAcc>1.063418</hAcc><vAcc>0.756736</vAcc></extensions></trkpt>
      <trkpt lon="35.004633" lat="31.900088"><ele>225.684726</ele><time>2026-05-30T18:29:30Z</time><extensions><speed>2.717421</speed><course>279.514424</course><hAcc>1.060482</hAcc><vAcc>0.756736</vAcc></extensions></trkpt>
      <trkpt lon="35.004606" lat="31.900095"><ele>225.644389</ele><time>2026-05-30T18:29:31Z</time><extensions><speed>2.686470</speed><course>291.779385</course><hAcc>1.056354</hAcc><vAcc>0.756736</vAcc></extensions></trkpt>
      <trkpt lon="35.004580" lat="31.900105"><ele>225.628437</ele><time>2026-05-30T18:29:32Z</time><extensions><speed>2.685615</speed><course>297.032970</course><hAcc>1.066540</hAcc><vAcc>0.756736</vAcc></extensions></trkpt>
      <trkpt lon="35.004555" lat="31.900116"><ele>225.638884</ele><time>2026-05-30T18:29:33Z</time><extensions><speed>2.674948</speed><course>301.646949</course><hAcc>1.061256</hAcc><vAcc>0.756736</vAcc></extensions></trkpt>
      <trkpt lon="35.004531" lat="31.900129"><ele>225.648130</ele><time>2026-05-30T18:29:34Z</time><extensions><speed>2.644991</speed><course>302.328859</course><hAcc>1.065940</hAcc><vAcc>0.756736</vAcc></extensions></trkpt>
      <trkpt lon="35.004509" lat="31.900142"><ele>225.686832</ele><time>2026-05-30T18:29:35Z</time><extensions><speed>2.448894</speed><course>303.770627</course><hAcc>1.077607</hAcc><vAcc>0.756736</vAcc></extensions></trkpt>
      <trkpt lon="35.004488" lat="31.900154"><ele>225.718327</ele><time>2026-05-30T18:29:36Z</time><extensions><speed>2.448135</speed><course>307.351312</course><hAcc>1.072611</hAcc><vAcc>0.756736</vAcc></extensions></trkpt>
      <trkpt lon="35.004467" lat="31.900168"><ele>225.761289</ele><time>2026-05-30T18:29:37Z</time><extensions><speed>2.510493</speed><course>309.208836</course><hAcc>1.075237</hAcc><vAcc>0.756736</vAcc></extensions></trkpt>
      <trkpt lon="35.004446" lat="31.900182"><ele>225.813754</ele><time>2026-05-30T18:29:38Z</time><extensions><speed>2.551076</speed><course>305.163987</course><hAcc>1.074186</hAcc><vAcc>0.756736</vAcc></extensions></trkpt>
      <trkpt lon="35.004423" lat="31.900195"><ele>225.870951</ele><time>2026-05-30T18:29:39Z</time><extensions><speed>2.621411</speed><course>299.292085</course><hAcc>1.077454</hAcc><vAcc>0.756736</vAcc></extensions></trkpt>
      <trkpt lon="35.004398" lat="31.900206"><ele>225.944181</ele><time>2026-05-30T18:29:39Z</time><extensions><speed>2.663050</speed><course>295.622514</course><hAcc>1.078207</hAcc><vAcc>0.756736</vAcc></extensions></trkpt>
      <trkpt lon="35.004372" lat="31.900215"><ele>225.995925</ele><time>2026-05-30T18:29:40Z</time><extensions><speed>2.623262</speed><course>292.826904</course><hAcc>1.078692</hAcc><vAcc>0.756736</vAcc></extensions></trkpt>
      <trkpt lon="35.004346" lat="31.900224"><ele>226.048969</ele><time>2026-05-30T18:29:41Z</time><extensions><speed>2.731662</speed><course>291.137865</course><hAcc>1.072571</hAcc><vAcc>0.756736</vAcc></extensions></trkpt>
      <trkpt lon="35.004319" lat="31.900233"><ele>226.099669</ele><time>2026-05-30T18:29:42Z</time><extensions><speed>2.846478</speed><course>291.568068</course><hAcc>1.069442</hAcc><vAcc>0.756736</vAcc></extensions></trkpt>
      <trkpt lon="35.004291" lat="31.900243"><ele>226.141573</ele><time>2026-05-30T18:29:43Z</time><extensions><speed>2.786797</speed><course>290.778049</course><hAcc>1.082263</hAcc><vAcc>0.756736</vAcc></extensions></trkpt>
      <trkpt lon="35.004264" lat="31.900252"><ele>226.181283</ele><time>2026-05-30T18:29:44Z</time><extensions><speed>2.689435</speed><course>292.413765</course><hAcc>1.074417</hAcc><vAcc>0.756736</vAcc></extensions></trkpt>
      <trkpt lon="35.004238" lat="31.900261"><ele>226.218463</ele><time>2026-05-30T18:29:45Z</time><extensions><speed>2.635314</speed><course>295.421994</course><hAcc>1.078203</hAcc><vAcc>0.756736</vAcc></extensions></trkpt>
      <trkpt lon="35.004214" lat="31.900271"><ele>226.236267</ele><time>2026-05-30T18:29:46Z</time><extensions><speed>2.517083</speed><course>294.979389</course><hAcc>1.085202</hAcc><vAcc>0.756736</vAcc></extensions></trkpt>
      <trkpt lon="35.004190" lat="31.900280"><ele>226.257048</ele><time>2026-05-30T18:29:47Z</time><extensions><speed>2.463079</speed><course>292.583962</course><hAcc>1.090888</hAcc><vAcc>0.756736</vAcc></extensions></trkpt>
      <trkpt lon="35.004165" lat="31.900289"><ele>226.265834</ele><time>2026-05-30T18:29:48Z</time><extensions><speed>2.592428</speed><course>292.441363</course><hAcc>1.089537</hAcc><vAcc>0.756736</vAcc></extensions></trkpt>
      <trkpt lon="35.004139" lat="31.900298"><ele>226.294500</ele><time>2026-05-30T18:29:49Z</time><extensions><speed>2.676110</speed><course>291.850135</course><hAcc>1.095750</hAcc><vAcc>0.756736</vAcc></extensions></trkpt>
      <trkpt lon="35.004113" lat="31.900307"><ele>226.316869</ele><time>2026-05-30T18:29:50Z</time><extensions><speed>2.725895</speed><course>292.760938</course><hAcc>1.089999</hAcc><vAcc>0.756736</vAcc></extensions></trkpt>
      <trkpt lon="35.004086" lat="31.900317"><ele>226.348197</ele><time>2026-05-30T18:29:51Z</time><extensions><speed>2.689772</speed><course>293.723257</course><hAcc>1.088473</hAcc><vAcc>0.756736</vAcc></extensions></trkpt>
      <trkpt lon="35.004060" lat="31.900326"><ele>226.374274</ele><time>2026-05-30T18:29:52Z</time><extensions><speed>2.679857</speed><course>292.042034</course><hAcc>1.091864</hAcc><vAcc>0.756736</vAcc></extensions></trkpt>
      <trkpt lon="35.004034" lat="31.900335"><ele>226.405178</ele><time>2026-05-30T18:29:53Z</time><extensions><speed>2.676295</speed><course>291.728203</course><hAcc>1.084498</hAcc><vAcc>0.756736</vAcc></extensions></trkpt>
      <trkpt lon="35.004008" lat="31.900344"><ele>226.446339</ele><time>2026-05-30T18:29:54Z</time><extensions><speed>2.546012</speed><course>291.350640</course><hAcc>1.081143</hAcc><vAcc>0.756736</vAcc></extensions></trkpt>
      <trkpt lon="35.003983" lat="31.900352"><ele>226.497891</ele><time>2026-05-30T18:29:55Z</time><extensions><speed>2.645164</speed><course>290.797819</course><hAcc>1.088866</hAcc><vAcc>0.756736</vAcc></extensions></trkpt>
      <trkpt lon="35.003956" lat="31.900361"><ele>226.557960</ele><time>2026-05-30T18:29:56Z</time><extensions><speed>2.698010</speed><course>290.854169</course><hAcc>1.084713</hAcc><vAcc>0.756736</vAcc></extensions></trkpt>
      <trkpt lon="35.003930" lat="31.900370"><ele>226.638183</ele><time>2026-05-30T18:29:57Z</time><extensions><speed>2.634732</speed><course>290.655143</course><hAcc>1.095196</hAcc><vAcc>0.756736</vAcc></extensions></trkpt>
      <trkpt lon="35.003904" lat="31.900378"><ele>226.751075</ele><time>2026-05-30T18:29:58Z</time><extensions><speed>2.596615</speed><course>291.948914</course><hAcc>1.095563</hAcc><vAcc>0.756863</vAcc></extensions></trkpt>
      <trkpt lon="35.003878" lat="31.900387"><ele>226.870932</ele><time>2026-05-30T18:29:59Z</time><extensions><speed>2.646273</speed><course>291.499648</course><hAcc>1.108803</hAcc><vAcc>0.757021</vAcc></extensions></trkpt>
      <trkpt lon="35.003852" lat="31.900395"><ele>227.003602</ele><time>2026-05-30T18:30:00Z</time><extensions><speed>2.678272</speed><course>287.792858</course><hAcc>1.129920</hAcc><vAcc>0.757563</vAcc></extensions></trkpt>
      <trkpt lon="35.003825" lat="31.900402"><ele>227.153248</ele><time>2026-05-30T18:30:01Z</time><extensions><speed>2.682248</speed><course>285.724720</course><hAcc>1.136907</hAcc><vAcc>0.758607</vAcc></extensions></trkpt>
      <trkpt lon="35.003797" lat="31.900410"><ele>227.326533</ele><time>2026-05-30T18:30:02Z</time><extensions><speed>2.804369</speed><course>291.239692</course><hAcc>1.151017</hAcc><vAcc>0.759964</vAcc></extensions></trkpt>
      <trkpt lon="35.003770" lat="31.900419"><ele>227.510109</ele><time>2026-05-30T18:30:03Z</time><extensions><speed>2.752426</speed><course>294.005710</course><hAcc>1.166004</hAcc><vAcc>0.761536</vAcc></extensions></trkpt>
      <trkpt lon="35.003744" lat="31.900430"><ele>227.709314</ele><time>2026-05-30T18:30:04Z</time><extensions><speed>2.649599</speed><course>296.241633</course><hAcc>1.167015</hAcc><vAcc>0.763451</vAcc></extensions></trkpt>
      <trkpt lon="35.003719" lat="31.900440"><ele>227.922529</ele><time>2026-05-30T18:30:05Z</time><extensions><speed>2.611354</speed><course>295.622688</course><hAcc>1.166243</hAcc><vAcc>0.765784</vAcc></extensions></trkpt>
      <trkpt lon="35.003695" lat="31.900450"><ele>228.149600</ele><time>2026-05-30T18:30:06Z</time><extensions><speed>2.511774</speed><course>293.921815</course><hAcc>1.169448</hAcc><vAcc>0.768582</vAcc></extensions></trkpt>
      <trkpt lon="35.003670" lat="31.900459"><ele>228.398489</ele><time>2026-05-30T18:30:07Z</time><extensions><speed>2.578913</speed><course>293.071350</course><hAcc>1.175409</hAcc><vAcc>0.771586</vAcc></extensions></trkpt>
      <trkpt lon="35.003645" lat="31.900468"><ele>228.646428</ele><time>2026-05-30T18:30:08Z</time><extensions><speed>2.612067</speed><course>291.270194</course><hAcc>1.188327</hAcc><vAcc>0.774670</vAcc></extensions></trkpt>
      <trkpt lon="35.003619" lat="31.900477"><ele>228.918038</ele><time>2026-05-30T18:30:09Z</time><extensions><speed>2.655832</speed><course>292.538057</course><hAcc>1.186921</hAcc><vAcc>0.778146</vAcc></extensions></trkpt>
      <trkpt lon="35.003593" lat="31.900485"><ele>229.185938</ele><time>2026-05-30T18:30:10Z</time><extensions><speed>2.567379</speed><course>291.237123</course><hAcc>1.195029</hAcc><vAcc>0.781190</vAcc></extensions></trkpt>
      <trkpt lon="35.003569" lat="31.900493"><ele>229.470764</ele><time>2026-05-30T18:30:11Z</time><extensions><speed>2.395622</speed><course>287.603094</course><hAcc>1.213042</hAcc><vAcc>0.783494</vAcc></extensions></trkpt>
      <trkpt lon="35.003544" lat="31.900500"><ele>229.762378</ele><time>2026-05-30T18:30:12Z</time><extensions><speed>2.613664</speed><course>291.512327</course><hAcc>1.217943</hAcc><vAcc>0.785187</vAcc></extensions></trkpt>
      <trkpt lon="35.003518" lat="31.900510"><ele>230.058023</ele><time>2026-05-30T18:30:13Z</time><extensions><speed>2.698688</speed><course>296.541080</course><hAcc>1.220762</hAcc><vAcc>0.786489</vAcc></extensions></trkpt>
      <trkpt lon="35.003493" lat="31.900521"><ele>230.362511</ele><time>2026-05-30T18:30:14Z</time><extensions><speed>2.673540</speed><course>295.751935</course><hAcc>1.226954</hAcc><vAcc>0.787137</vAcc></extensions></trkpt>
      <trkpt lon="35.003468" lat="31.900531"><ele>230.679332</ele><time>2026-05-30T18:30:15Z</time><extensions><speed>2.616418</speed><course>296.732055</course><hAcc>1.230243</hAcc><vAcc>0.787301</vAcc></extensions></trkpt>
      <trkpt lon="35.003443" lat="31.900542"><ele>230.994287</ele><time>2026-05-30T18:30:16Z</time><extensions><speed>2.633180</speed><course>294.620764</course><hAcc>1.236132</hAcc><vAcc>0.786621</vAcc></extensions></trkpt>
      <trkpt lon="35.003418" lat="31.900551"><ele>231.297648</ele><time>2026-05-30T18:30:17Z</time><extensions><speed>2.527843</speed><course>294.814324</course><hAcc>1.236932</hAcc><vAcc>0.785380</vAcc></extensions></trkpt>
      <trkpt lon="35.003394" lat="31.900561"><ele>231.595338</ele><time>2026-05-30T18:30:18Z</time><extensions><speed>2.427352</speed><course>296.093623</course><hAcc>1.235685</hAcc><vAcc>0.783674</vAcc></extensions></trkpt>
      <trkpt lon="35.003371" lat="31.900570"><ele>231.902523</ele><time>2026-05-30T18:30:19Z</time><extensions><speed>2.484662</speed><course>294.102527</course><hAcc>1.240142</hAcc><vAcc>0.781602</vAcc></extensions></trkpt>
      <trkpt lon="35.003347" lat="31.900579"><ele>232.206724</ele><time>2026-05-30T18:30:20Z</time><extensions><speed>2.389065</speed><course>294.027552</course><hAcc>1.233998</hAcc><vAcc>0.779278</vAcc></extensions></trkpt>
      <trkpt lon="35.003324" lat="31.900589"><ele>232.497473</ele><time>2026-05-30T18:30:21Z</time><extensions><speed>2.516712</speed><course>295.235834</course><hAcc>1.235315</hAcc><vAcc>0.776844</vAcc></extensions></trkpt>
      <trkpt lon="35.003299" lat="31.900598"><ele>232.783967</ele><time>2026-05-30T18:30:22Z</time><extensions><speed>2.603084</speed><course>294.358706</course><hAcc>1.237935</hAcc><vAcc>0.774432</vAcc></extensions></trkpt>
      <trkpt lon="35.003273" lat="31.900608"><ele>233.060912</ele><time>2026-05-30T18:30:23Z</time><extensions><speed>2.704225</speed><course>292.983318</course><hAcc>1.236094</hAcc><vAcc>0.772401</vAcc></extensions></trkpt>
      <trkpt lon="35.003247" lat="31.900617"><ele>233.330524</ele><time>2026-05-30T18:30:24Z</time><extensions><speed>2.744082</speed><course>292.124223</course><hAcc>1.235440</hAcc><vAcc>0.770560</vAcc></extensions></trkpt>
      <trkpt lon="35.003221" lat="31.900627"><ele>233.613275</ele><time>2026-05-30T18:30:25Z</time><extensions><speed>2.582727</speed><course>293.954480</course><hAcc>1.239897</hAcc><vAcc>0.768721</vAcc></extensions></trkpt>
      <trkpt lon="35.003196" lat="31.900637"><ele>233.878556</ele><time>2026-05-30T18:30:26Z</time><extensions><speed>2.578398</speed><course>296.247077</course><hAcc>1.236239</hAcc><vAcc>0.767063</vAcc></extensions></trkpt>
      <trkpt lon="35.003171" lat="31.900647"><ele>234.133228</ele><time>2026-05-30T18:30:27Z</time><extensions><speed>2.623762</speed><course>296.600326</course><hAcc>1.232487</hAcc><vAcc>0.765630</vAcc></extensions></trkpt>
      <trkpt lon="35.003146" lat="31.900658"><ele>234.385973</ele><time>2026-05-30T18:30:28Z</time><extensions><speed>2.713779</speed><course>295.056454</course><hAcc>1.227089</hAcc><vAcc>0.764453</vAcc></extensions></trkpt>
      <trkpt lon="35.003120" lat="31.900667"><ele>234.612522</ele><time>2026-05-30T18:30:29Z</time><extensions><speed>2.672595</speed><course>292.403306</course><hAcc>1.219839</hAcc><vAcc>0.763797</vAcc></extensions></trkpt>
      <trkpt lon="35.003094" lat="31.900676"><ele>234.818834</ele><time>2026-05-30T18:30:30Z</time><extensions><speed>2.630774</speed><course>291.122328</course><hAcc>1.210894</hAcc><vAcc>0.763228</vAcc></extensions></trkpt>
      <trkpt lon="35.003068" lat="31.900684"><ele>235.010046</ele><time>2026-05-30T18:30:31Z</time><extensions><speed>2.557933</speed><course>289.235696</course><hAcc>1.204565</hAcc><vAcc>0.762862</vAcc></extensions></trkpt>
      <trkpt lon="35.003042" lat="31.900691"><ele>235.180986</ele><time>2026-05-30T18:30:32Z</time><extensions><speed>2.597258</speed><course>286.497473</course><hAcc>1.193447</hAcc><vAcc>0.762625</vAcc></extensions></trkpt>
      <trkpt lon="35.003015" lat="31.900697"><ele>235.345254</ele><time>2026-05-30T18:30:33Z</time><extensions><speed>2.635215</speed><course>281.231554</course><hAcc>1.189820</hAcc><vAcc>0.762429</vAcc></extensions></trkpt>
      <trkpt lon="35.002988" lat="31.900702"><ele>235.495046</ele><time>2026-05-30T18:30:34Z</time><extensions><speed>2.712929</speed><course>279.992484</course><hAcc>1.190159</hAcc><vAcc>0.762195</vAcc></extensions></trkpt>
      <trkpt lon="35.002959" lat="31.900706"><ele>235.629369</ele><time>2026-05-30T18:30:35Z</time><extensions><speed>2.724850</speed><course>281.791871</course><hAcc>1.186283</hAcc><vAcc>0.761895</vAcc></extensions></trkpt>
      <trkpt lon="35.002932" lat="31.900712"><ele>235.749026</ele><time>2026-05-30T18:30:36Z</time><extensions><speed>2.683182</speed><course>286.814897</course><hAcc>1.179746</hAcc><vAcc>0.761543</vAcc></extensions></trkpt>
      <trkpt lon="35.002906" lat="31.900720"><ele>235.851624</ele><time>2026-05-30T18:30:37Z</time><extensions><speed>2.570009</speed><course>294.509699</course><hAcc>1.180403</hAcc><vAcc>0.761159</vAcc></extensions></trkpt>
      <trkpt lon="35.002881" lat="31.900731"><ele>235.935511</ele><time>2026-05-30T18:30:38Z</time><extensions><speed>2.614130</speed><course>298.678629</course><hAcc>1.178754</hAcc><vAcc>0.760751</vAcc></extensions></trkpt>
      <trkpt lon="35.002857" lat="31.900743"><ele>236.017064</ele><time>2026-05-30T18:30:39Z</time><extensions><speed>2.726251</speed><course>300.286455</course><hAcc>1.177300</hAcc><vAcc>0.760309</vAcc></extensions></trkpt>
      <trkpt lon="35.002832" lat="31.900755"><ele>236.098845</ele><time>2026-05-30T18:30:40Z</time><extensions><speed>2.713370</speed><course>301.543283</course><hAcc>1.170971</hAcc><vAcc>0.759832</vAcc></extensions></trkpt>
      <trkpt lon="35.002808" lat="31.900768"><ele>236.167858</ele><time>2026-05-30T18:30:41Z</time><extensions><speed>2.697462</speed><course>300.664529</course><hAcc>1.168735</hAcc><vAcc>0.759343</vAcc></extensions></trkpt>
      <trkpt lon="35.002783" lat="31.900780"><ele>236.226004</ele><time>2026-05-30T18:30:42Z</time><extensions><speed>2.717320</speed><course>298.449609</course><hAcc>1.167286</hAcc><vAcc>0.758871</vAcc></extensions></trkpt>
      <trkpt lon="35.002757" lat="31.900791"><ele>236.273480</ele><time>2026-05-30T18:30:43Z</time><extensions><speed>2.689032</speed><course>296.385096</course><hAcc>1.164363</hAcc><vAcc>0.758440</vAcc></extensions></trkpt>
      <trkpt lon="35.002732" lat="31.900802"><ele>236.321916</ele><time>2026-05-30T18:30:44Z</time><extensions><speed>2.673672</speed><course>297.073373</course><hAcc>1.163690</hAcc><vAcc>0.758062</vAcc></extensions></trkpt>
      <trkpt lon="35.002708" lat="31.900813"><ele>236.376358</ele><time>2026-05-30T18:30:45Z</time><extensions><speed>2.547943</speed><course>299.562850</course><hAcc>1.160860</hAcc><vAcc>0.757742</vAcc></extensions></trkpt>
      <trkpt lon="35.002684" lat="31.900825"><ele>236.432076</ele><time>2026-05-30T18:30:46Z</time><extensions><speed>2.628079</speed><course>301.323595</course><hAcc>1.158953</hAcc><vAcc>0.757480</vAcc></extensions></trkpt>
      <trkpt lon="35.002660" lat="31.900838"><ele>236.490607</ele><time>2026-05-30T18:30:47Z</time><extensions><speed>2.669926</speed><course>301.931565</course><hAcc>1.159868</hAcc><vAcc>0.757273</vAcc></extensions></trkpt>
      <trkpt lon="35.002636" lat="31.900850"><ele>236.539508</ele><time>2026-05-30T18:30:48Z</time><extensions><speed>2.595988</speed><course>300.371522</course><hAcc>1.156517</hAcc><vAcc>0.757113</vAcc></extensions></trkpt>
      <trkpt lon="35.002613" lat="31.900862"><ele>236.585814</ele><time>2026-05-30T18:30:49Z</time><extensions><speed>2.626641</speed><course>300.291026</course><hAcc>1.151798</hAcc><vAcc>0.756993</vAcc></extensions></trkpt>
      <trkpt lon="35.002589" lat="31.900874"><ele>236.652340</ele><time>2026-05-30T18:30:50Z</time><extensions><speed>2.502273</speed><course>301.889260</course><hAcc>1.150433</hAcc><vAcc>0.756907</vAcc></extensions></trkpt>
      <trkpt lon="35.002567" lat="31.900886"><ele>236.722255</ele><time>2026-05-30T18:30:51Z</time><extensions><speed>2.589641</speed><course>302.508878</course><hAcc>1.143109</hAcc><vAcc>0.756846</vAcc></extensions></trkpt>
      <trkpt lon="35.002544" lat="31.900898"><ele>236.800004</ele><time>2026-05-30T18:30:52Z</time><extensions><speed>2.579942</speed><course>302.189732</course><hAcc>1.139117</hAcc><vAcc>0.756804</vAcc></extensions></trkpt>
      <trkpt lon="35.002520" lat="31.900911"><ele>236.878569</ele><time>2026-05-30T18:30:53Z</time><extensions><speed>2.560678</speed><course>301.254063</course><hAcc>1.136659</hAcc><vAcc>0.756780</vAcc></extensions></trkpt>
      <trkpt lon="35.002497" lat="31.900923"><ele>236.955835</ele><time>2026-05-30T18:30:54Z</time><extensions><speed>2.599871</speed><course>300.039362</course><hAcc>1.131995</hAcc><vAcc>0.756767</vAcc></extensions></trkpt>
      <trkpt lon="35.002473" lat="31.900934"><ele>237.038250</ele><time>2026-05-30T18:30:55Z</time><extensions><speed>2.587033</speed><course>297.045214</course><hAcc>1.134261</hAcc><vAcc>0.756761</vAcc></extensions></trkpt>
      <trkpt lon="35.002448" lat="31.900944"><ele>237.133862</ele><time>2026-05-30T18:30:56Z</time><extensions><speed>2.694536</speed><course>293.903883</course><hAcc>1.139565</hAcc><vAcc>0.756761</vAcc></extensions></trkpt>
      <trkpt lon="35.002421" lat="31.900953"><ele>237.226326</ele><time>2026-05-30T18:30:57Z</time><extensions><speed>2.699455</speed><course>291.455920</course><hAcc>1.140608</hAcc><vAcc>0.756764</vAcc></extensions></trkpt>
      <trkpt lon="35.002395" lat="31.900962"><ele>237.306855</ele><time>2026-05-30T18:30:58Z</time><extensions><speed>2.640098</speed><course>290.207109</course><hAcc>1.141338</hAcc><vAcc>0.756770</vAcc></extensions></trkpt>
      <trkpt lon="35.002370" lat="31.900970"><ele>237.390956</ele><time>2026-05-30T18:30:59Z</time><extensions><speed>2.478065</speed><course>290.513853</course><hAcc>1.141571</hAcc><vAcc>0.756778</vAcc></extensions></trkpt>
      <trkpt lon="35.002345" lat="31.900978"><ele>237.475612</ele><time>2026-05-30T18:31:00Z</time><extensions><speed>2.482814</speed><course>289.397647</course><hAcc>1.141444</hAcc><vAcc>0.756789</vAcc></extensions></trkpt>
      <trkpt lon="35.002320" lat="31.900985"><ele>237.559254</ele><time>2026-05-30T18:31:01Z</time><extensions><speed>2.547703</speed><course>287.902868</course><hAcc>1.134855</hAcc><vAcc>0.756802</vAcc></extensions></trkpt>
      <trkpt lon="35.002295" lat="31.900992"><ele>237.656609</ele><time>2026-05-30T18:31:02Z</time><extensions><speed>2.483635</speed><course>290.093675</course><hAcc>1.129195</hAcc><vAcc>0.756821</vAcc></extensions></trkpt>
      <trkpt lon="35.002269" lat="31.901000"><ele>237.752536</ele><time>2026-05-30T18:31:04Z</time><extensions><speed>2.627716</speed><course>291.087923</course><hAcc>1.124103</hAcc><vAcc>0.756829</vAcc></extensions></trkpt>
      <trkpt lon="35.002243" lat="31.901009"><ele>237.857235</ele><time>2026-05-30T18:31:05Z</time><extensions><speed>2.687939</speed><course>292.720240</course><hAcc>1.122918</hAcc><vAcc>0.756809</vAcc></extensions></trkpt>
      <trkpt lon="35.002217" lat="31.901019"><ele>237.965726</ele><time>2026-05-30T18:31:06Z</time><extensions><speed>2.770698</speed><course>295.638054</course><hAcc>1.117888</hAcc><vAcc>0.756795</vAcc></extensions></trkpt>
      <trkpt lon="35.002191" lat="31.901030"><ele>238.064626</ele><time>2026-05-30T18:31:07Z</time><extensions><speed>2.613935</speed><course>294.756865</course><hAcc>1.113761</hAcc><vAcc>0.756784</vAcc></extensions></trkpt>
      <trkpt lon="35.002166" lat="31.901039"><ele>238.166086</ele><time>2026-05-30T18:31:08Z</time><extensions><speed>2.554953</speed><course>292.801937</course><hAcc>1.113775</hAcc><vAcc>0.756776</vAcc></extensions></trkpt>
      <trkpt lon="35.002142" lat="31.901048"><ele>238.262743</ele><time>2026-05-30T18:31:09Z</time><extensions><speed>2.502295</speed><course>291.881716</course><hAcc>1.112106</hAcc><vAcc>0.756769</vAcc></extensions></trkpt>
      <trkpt lon="35.002117" lat="31.901056"><ele>238.357067</ele><time>2026-05-30T18:31:10Z</time><extensions><speed>2.552998</speed><course>292.791488</course><hAcc>1.111122</hAcc><vAcc>0.756763</vAcc></extensions></trkpt>
      <trkpt lon="35.002092" lat="31.901066"><ele>238.454162</ele><time>2026-05-30T18:31:11Z</time><extensions><speed>2.639214</speed><course>293.459579</course><hAcc>1.109483</hAcc><vAcc>0.756759</vAcc></extensions></trkpt>
      <trkpt lon="35.002065" lat="31.901075"><ele>238.556512</ele><time>2026-05-30T18:31:12Z</time><extensions><speed>2.754354</speed><course>292.284909</course><hAcc>1.105444</hAcc><vAcc>0.756755</vAcc></extensions></trkpt>
      <trkpt lon="35.002039" lat="31.901084"><ele>238.645388</ele><time>2026-05-30T18:31:13Z</time><extensions><speed>2.697270</speed><course>291.919728</course><hAcc>1.104265</hAcc><vAcc>0.756752</vAcc></extensions></trkpt>
      <trkpt lon="35.002013" lat="31.901093"><ele>238.723322</ele><time>2026-05-30T18:31:14Z</time><extensions><speed>2.562159</speed><course>292.213583</course><hAcc>1.099509</hAcc><vAcc>0.756749</vAcc></extensions></trkpt>
      <trkpt lon="35.001988" lat="31.901102"><ele>238.806856</ele><time>2026-05-30T18:31:15Z</time><extensions><speed>2.547812</speed><course>291.588173</course><hAcc>1.098740</hAcc><vAcc>0.756746</vAcc></extensions></trkpt>
      <trkpt lon="35.001963" lat="31.901110"><ele>238.880857</ele><time>2026-05-30T18:31:16Z</time><extensions><speed>2.530020</speed><course>291.879954</course><hAcc>1.097584</hAcc><vAcc>0.756745</vAcc></extensions></trkpt>
      <trkpt lon="35.001938" lat="31.901119"><ele>238.937948</ele><time>2026-05-30T18:31:17Z</time><extensions><speed>2.555020</speed><course>293.256116</course><hAcc>1.092626</hAcc><vAcc>0.756743</vAcc></extensions></trkpt>
      <trkpt lon="35.001913" lat="31.901128"><ele>238.994622</ele><time>2026-05-30T18:31:18Z</time><extensions><speed>2.533880</speed><course>293.528814</course><hAcc>1.091535</hAcc><vAcc>0.756741</vAcc></extensions></trkpt>
      <trkpt lon="35.001889" lat="31.901137"><ele>239.053317</ele><time>2026-05-30T18:31:19Z</time><extensions><speed>2.552571</speed><course>294.256783</course><hAcc>1.092468</hAcc><vAcc>0.756739</vAcc></extensions></trkpt>
      <trkpt lon="35.001863" lat="31.901147"><ele>239.097898</ele><time>2026-05-30T18:31:20Z</time><extensions><speed>2.691388</speed><course>293.257310</course><hAcc>1.090065</hAcc><vAcc>0.756738</vAcc></extensions></trkpt>
      <trkpt lon="35.001837" lat="31.901157"><ele>239.127966</ele><time>2026-05-30T18:31:21Z</time><extensions><speed>2.710668</speed><course>294.467627</course><hAcc>1.089428</hAcc><vAcc>0.756738</vAcc></extensions></trkpt>
      <trkpt lon="35.001812" lat="31.901168"><ele>239.155909</ele><time>2026-05-30T18:31:22Z</time><extensions><speed>2.704800</speed><course>298.673957</course><hAcc>1.085689</hAcc><vAcc>0.756737</vAcc></extensions></trkpt>
      <trkpt lon="35.001787" lat="31.901179"><ele>239.191424</ele><time>2026-05-30T18:31:23Z</time><extensions><speed>2.636627</speed><course>299.579036</course><hAcc>1.083939</hAcc><vAcc>0.756737</vAcc></extensions></trkpt>
      <trkpt lon="35.001763" lat="31.901191"><ele>239.225107</ele><time>2026-05-30T18:31:24Z</time><extensions><speed>2.626897</speed><course>297.902971</course><hAcc>1.083825</hAcc><vAcc>0.756736</vAcc></extensions></trkpt>
      <trkpt lon="35.001738" lat="31.901201"><ele>239.260166</ele><time>2026-05-30T18:31:25Z</time><extensions><speed>2.452326</speed><course>293.285100</course><hAcc>1.078084</hAcc><vAcc>0.756736</vAcc></extensions></trkpt>
      <trkpt lon="35.001713" lat="31.901209"><ele>239.290193</ele><time>2026-05-30T18:31:26Z</time><extensions><speed>2.630548</speed><course>289.939261</course><hAcc>1.074756</hAcc><vAcc>0.756736</vAcc></extensions></trkpt>
      <trkpt lon="35.001687" lat="31.901218"><ele>239.327429</ele><time>2026-05-30T18:31:27Z</time><extensions><speed>2.745824</speed><course>291.574014</course><hAcc>1.074179</hAcc><vAcc>0.756736</vAcc></extensions></trkpt>
      <trkpt lon="35.001660" lat="31.901228"><ele>239.373827</ele><time>2026-05-30T18:31:28Z</time><extensions><speed>2.857557</speed><course>296.429302</course><hAcc>1.080395</hAcc><vAcc>0.756736</vAcc></extensions></trkpt>
      <trkpt lon="35.001633" lat="31.901240"><ele>239.427373</ele><time>2026-05-30T18:31:29Z</time><extensions><speed>2.872087</speed><course>299.995270</course><hAcc>1.088127</hAcc><vAcc>0.756736</vAcc></extensions></trkpt>
      <trkpt lon="35.001608" lat="31.901254"><ele>239.492685</ele><time>2026-05-30T18:31:30Z</time><extensions><speed>2.771657</speed><course>304.288956</course><hAcc>1.093615</hAcc><vAcc>0.756735</vAcc></extensions></trkpt>
      <trkpt lon="35.001584" lat="31.901268"><ele>239.558055</ele><time>2026-05-30T18:31:31Z</time><extensions><speed>2.715126</speed><course>304.732179</course><hAcc>1.093039</hAcc><vAcc>0.756735</vAcc></extensions></trkpt>
      <trkpt lon="35.001561" lat="31.901282"><ele>239.635953</ele><time>2026-05-30T18:31:32Z</time><extensions><speed>2.653708</speed><course>304.261147</course><hAcc>1.090879</hAcc><vAcc>0.756735</vAcc></extensions></trkpt>
      <trkpt lon="35.001537" lat="31.901295"><ele>239.724236</ele><time>2026-05-30T18:31:33Z</time><extensions><speed>2.627543</speed><course>302.491842</course><hAcc>1.087593</hAcc><vAcc>0.756735</vAcc></extensions></trkpt>
      <trkpt lon="35.001513" lat="31.901307"><ele>239.817110</ele><time>2026-05-30T18:31:34Z</time><extensions><speed>2.684697</speed><course>300.841821</course><hAcc>1.084037</hAcc><vAcc>0.756735</vAcc></extensions></trkpt>
      <trkpt lon="35.001489" lat="31.901319"><ele>239.921140</ele><time>2026-05-30T18:31:35Z</time><extensions><speed>2.712071</speed><course>298.952579</course><hAcc>1.082991</hAcc><vAcc>0.756735</vAcc></extensions></trkpt>
      <trkpt lon="35.001464" lat="31.901331"><ele>240.025183</ele><time>2026-05-30T18:31:36Z</time><extensions><speed>2.690598</speed><course>297.823363</course><hAcc>1.079753</hAcc><vAcc>0.756735</vAcc></extensions></trkpt>
      <trkpt lon="35.001438" lat="31.901342"><ele>240.151027</ele><time>2026-05-30T18:31:37Z</time><extensions><speed>2.766774</speed><course>297.462307</course><hAcc>1.079325</hAcc><vAcc>0.756736</vAcc></extensions></trkpt>
      <trkpt lon="35.001412" lat="31.901354"><ele>240.266804</ele><time>2026-05-30T18:31:38Z</time><extensions><speed>2.796708</speed><course>296.487359</course><hAcc>1.083355</hAcc><vAcc>0.756736</vAcc></extensions></trkpt>
      <trkpt lon="35.001385" lat="31.901365"><ele>240.378785</ele><time>2026-05-30T18:31:39Z</time><extensions><speed>2.884774</speed><course>297.298167</course><hAcc>1.086887</hAcc><vAcc>0.756736</vAcc></extensions></trkpt>
      <trkpt lon="35.001358" lat="31.901377"><ele>240.501322</ele><time>2026-05-30T18:31:40Z</time><extensions><speed>2.789400</speed><course>298.663306</course><hAcc>1.094673</hAcc><vAcc>0.756736</vAcc></extensions></trkpt>
      <trkpt lon="35.001333" lat="31.901390"><ele>240.629643</ele><time>2026-05-30T18:31:41Z</time><extensions><speed>2.706541</speed><course>301.759453</course><hAcc>1.104093</hAcc><vAcc>0.756736</vAcc></extensions></trkpt>
      <trkpt lon="35.001310" lat="31.901403"><ele>240.750339</ele><time>2026-05-30T18:31:41Z</time><extensions><speed>2.612847</speed><course>304.899510</course><hAcc>1.112015</hAcc><vAcc>0.756736</vAcc></extensions></trkpt>
      <trkpt lon="35.001288" lat="31.901417"><ele>240.867306</ele><time>2026-05-30T18:31:42Z</time><extensions><speed>2.613188</speed><course>307.862064</course><hAcc>1.117341</hAcc><vAcc>0.756736</vAcc></extensions></trkpt>
      <trkpt lon="35.001265" lat="31.901432"><ele>240.978909</ele><time>2026-05-30T18:31:43Z</time><extensions><speed>2.737963</speed><course>308.000395</course><hAcc>1.123162</hAcc><vAcc>0.756736</vAcc></extensions></trkpt>
      <trkpt lon="35.001242" lat="31.901447"><ele>241.082630</ele><time>2026-05-30T18:31:44Z</time><extensions><speed>2.805846</speed><course>305.622005</course><hAcc>1.123416</hAcc><vAcc>0.756736</vAcc></extensions></trkpt>
      <trkpt lon="35.001217" lat="31.901461"><ele>241.188388</ele><time>2026-05-30T18:31:45Z</time><extensions><speed>2.806113</speed><course>303.264696</course><hAcc>1.121081</hAcc><vAcc>0.756736</vAcc></extensions></trkpt>
      <trkpt lon="35.001193" lat="31.901475"><ele>241.263769</ele><time>2026-05-30T18:31:46Z</time><extensions><speed>2.696979</speed><course>304.913214</course><hAcc>1.118303</hAcc><vAcc>0.756736</vAcc></extensions></trkpt>
      <trkpt lon="35.001170" lat="31.901489"><ele>241.343029</ele><time>2026-05-30T18:31:47Z</time><extensions><speed>2.745964</speed><course>304.804486</course><hAcc>1.117673</hAcc><vAcc>0.756736</vAcc></extensions></trkpt>
      <trkpt lon="35.001145" lat="31.901503"><ele>241.429691</ele><time>2026-05-30T18:31:48Z</time><extensions><speed>2.788922</speed><course>303.050412</course><hAcc>1.125360</hAcc><vAcc>0.756736</vAcc></extensions></trkpt>
      <trkpt lon="35.001120" lat="31.901517"><ele>241.513725</ele><time>2026-05-30T18:31:49Z</time><extensions><speed>2.820576</speed><course>302.495734</course><hAcc>1.135904</hAcc><vAcc>0.756736</vAcc></extensions></trkpt>
      <trkpt lon="35.001095" lat="31.901531"><ele>241.603137</ele><time>2026-05-30T18:31:50Z</time><extensions><speed>2.902267</speed><course>302.334308</course><hAcc>1.151817</hAcc><vAcc>0.756736</vAcc></extensions></trkpt>
      <trkpt lon="35.001069" lat="31.901545"><ele>241.705300</ele><time>2026-05-30T18:31:51Z</time><extensions><speed>2.865244</speed><course>304.124533</course><hAcc>1.173681</hAcc><vAcc>0.756736</vAcc></extensions></trkpt>
      <trkpt lon="35.001044" lat="31.901559"><ele>241.812507</ele><time>2026-05-30T18:31:52Z</time><extensions><speed>2.860450</speed><course>305.229543</course><hAcc>1.191924</hAcc><vAcc>0.756736</vAcc></extensions></trkpt>
      <trkpt lon="35.001020" lat="31.901574"><ele>241.912181</ele><time>2026-05-30T18:31:53Z</time><extensions><speed>2.781889</speed><course>306.478161</course><hAcc>1.210056</hAcc><vAcc>0.756736</vAcc></extensions></trkpt>
      <trkpt lon="35.000997" lat="31.901589"><ele>242.015085</ele><time>2026-05-30T18:31:54Z</time><extensions><speed>2.805695</speed><course>306.955983</course><hAcc>1.228461</hAcc><vAcc>0.756802</vAcc></extensions></trkpt>
      <trkpt lon="35.000973" lat="31.901605"><ele>242.137697</ele><time>2026-05-30T18:31:55Z</time><extensions><speed>2.807876</speed><course>307.079082</course><hAcc>1.245944</hAcc><vAcc>0.756833</vAcc></extensions></trkpt>
      <trkpt lon="35.000949" lat="31.901620"><ele>242.264641</ele><time>2026-05-30T18:31:56Z</time><extensions><speed>2.865939</speed><course>308.654974</course><hAcc>1.258419</hAcc><vAcc>0.756870</vAcc></extensions></trkpt>
      <trkpt lon="35.000927" lat="31.901637"><ele>242.384624</ele><time>2026-05-30T18:31:57Z</time><extensions><speed>2.792532</speed><course>313.434857</course><hAcc>1.264059</hAcc><vAcc>0.756912</vAcc></extensions></trkpt>
      <trkpt lon="35.000906" lat="31.901655"><ele>242.513420</ele><time>2026-05-30T18:31:58Z</time><extensions><speed>2.827405</speed><course>317.246127</course><hAcc>1.266707</hAcc><vAcc>0.756961</vAcc></extensions></trkpt>
      <trkpt lon="35.000885" lat="31.901674"><ele>242.646697</ele><time>2026-05-30T18:31:59Z</time><extensions><speed>2.885924</speed><course>315.959791</course><hAcc>1.267983</hAcc><vAcc>0.757013</vAcc></extensions></trkpt>
      <trkpt lon="35.000864" lat="31.901692"><ele>242.779548</ele><time>2026-05-30T18:32:00Z</time><extensions><speed>2.742495</speed><course>315.669813</course><hAcc>1.267530</hAcc><vAcc>0.757066</vAcc></extensions></trkpt>
      <trkpt lon="35.000844" lat="31.901709"><ele>242.917833</ele><time>2026-05-30T18:32:01Z</time><extensions><speed>2.658731</speed><course>314.144016</course><hAcc>1.269639</hAcc><vAcc>0.757118</vAcc></extensions></trkpt>
      <trkpt lon="35.000824" lat="31.901726"><ele>243.067992</ele><time>2026-05-30T18:32:02Z</time><extensions><speed>2.608978</speed><course>312.854787</course><hAcc>1.273368</hAcc><vAcc>0.757162</vAcc></extensions></trkpt>
      <trkpt lon="35.000803" lat="31.901742"><ele>243.213032</ele><time>2026-05-30T18:32:03Z</time><extensions><speed>2.699199</speed><course>309.663147</course><hAcc>1.284713</hAcc><vAcc>0.757192</vAcc></extensions></trkpt>
      <trkpt lon="35.000780" lat="31.901757"><ele>243.348808</ele><time>2026-05-30T18:32:04Z</time><extensions><speed>2.742668</speed><course>308.200734</course><hAcc>1.302860</hAcc><vAcc>0.757201</vAcc></extensions></trkpt>
      <trkpt lon="35.000758" lat="31.901773"><ele>243.473225</ele><time>2026-05-30T18:32:05Z</time><extensions><speed>2.720596</speed><course>312.785949</course><hAcc>1.316422</hAcc><vAcc>0.757316</vAcc></extensions></trkpt>
      <trkpt lon="35.000738" lat="31.901791"><ele>243.595747</ele><time>2026-05-30T18:32:06Z</time><extensions><speed>2.798283</speed><course>318.350966</course><hAcc>1.323750</hAcc><vAcc>0.757339</vAcc></extensions></trkpt>
      <trkpt lon="35.000718" lat="31.901811"><ele>243.732895</ele><time>2026-05-30T18:32:07Z</time><extensions><speed>3.082102</speed><course>322.791103</course><hAcc>1.326959</hAcc><vAcc>0.757361</vAcc></extensions></trkpt>
      <trkpt lon="35.000697" lat="31.901833"><ele>243.865615</ele><time>2026-05-30T18:32:08Z</time><extensions><speed>3.134759</speed><course>317.377818</course><hAcc>1.328107</hAcc><vAcc>0.757578</vAcc></extensions></trkpt>
      <trkpt lon="35.000675" lat="31.901852"><ele>243.971351</ele><time>2026-05-30T18:32:09Z</time><extensions><speed>2.863621</speed><course>314.243320</course><hAcc>1.328917</hAcc><vAcc>0.757704</vAcc></extensions></trkpt>
      <trkpt lon="35.000654" lat="31.901870"><ele>244.083085</ele><time>2026-05-30T18:32:10Z</time><extensions><speed>2.698436</speed><course>315.786826</course><hAcc>1.330226</hAcc><vAcc>0.757858</vAcc></extensions></trkpt>
      <trkpt lon="35.000635" lat="31.901888"><ele>244.183330</ele><time>2026-05-30T18:32:11Z</time><extensions><speed>2.751156</speed><course>319.809517</course><hAcc>1.329210</hAcc><vAcc>0.758038</vAcc></extensions></trkpt>
      <trkpt lon="35.000617" lat="31.901908"><ele>244.259320</ele><time>2026-05-30T18:32:12Z</time><extensions><speed>2.791411</speed><course>323.241246</course><hAcc>1.323992</hAcc><vAcc>0.758235</vAcc></extensions></trkpt>
      <trkpt lon="35.000599" lat="31.901928"><ele>244.330699</ele><time>2026-05-30T18:32:13Z</time><extensions><speed>2.756914</speed><course>325.090111</course><hAcc>1.318222</hAcc><vAcc>0.758436</vAcc></extensions></trkpt>
      <trkpt lon="35.000583" lat="31.901949"><ele>244.391774</ele><time>2026-05-30T18:32:14Z</time><extensions><speed>2.856007</speed><course>326.511675</course><hAcc>1.313294</hAcc><vAcc>0.758620</vAcc></extensions></trkpt>
      <trkpt lon="35.000566" lat="31.901971"><ele>244.458924</ele><time>2026-05-30T18:32:15Z</time><extensions><speed>2.860668</speed><course>327.615334</course><hAcc>1.306402</hAcc><vAcc>0.758761</vAcc></extensions></trkpt>
      <trkpt lon="35.000550" lat="31.901992"><ele>244.504842</ele><time>2026-05-30T18:32:16Z</time><extensions><speed>2.716603</speed><course>327.466963</course><hAcc>1.302126</hAcc><vAcc>0.758836</vAcc></extensions></trkpt>
      <trkpt lon="35.000535" lat="31.902012"><ele>244.547008</ele><time>2026-05-30T18:32:17Z</time><extensions><speed>2.570409</speed><course>326.901489</course><hAcc>1.303850</hAcc><vAcc>0.758833</vAcc></extensions></trkpt>
      <trkpt lon="35.000519" lat="31.902032"><ele>244.570214</ele><time>2026-05-30T18:32:18Z</time><extensions><speed>2.757758</speed><course>324.992590</course><hAcc>1.308850</hAcc><vAcc>0.758749</vAcc></extensions></trkpt>
      <trkpt lon="35.000503" lat="31.902052"><ele>244.572059</ele><time>2026-05-30T18:32:19Z</time><extensions><speed>2.739882</speed><course>323.560929</course><hAcc>1.316178</hAcc><vAcc>0.758913</vAcc></extensions></trkpt>
      <trkpt lon="35.000485" lat="31.902072"><ele>244.574274</ele><time>2026-05-30T18:32:20Z</time><extensions><speed>2.743491</speed><course>322.748369</course><hAcc>1.322899</hAcc><vAcc>0.759200</vAcc></extensions></trkpt>
      <trkpt lon="35.000468" lat="31.902091"><ele>244.567258</ele><time>2026-05-30T18:32:21Z</time><extensions><speed>2.670283</speed><course>322.005560</course><hAcc>1.327530</hAcc><vAcc>0.759293</vAcc></extensions></trkpt>
      <trkpt lon="35.000450" lat="31.902110"><ele>244.550128</ele><time>2026-05-30T18:32:22Z</time><extensions><speed>2.681261</speed><course>322.226407</course><hAcc>1.339915</hAcc><vAcc>0.759521</vAcc></extensions></trkpt>
      <trkpt lon="35.000433" lat="31.902130"><ele>244.536698</ele><time>2026-05-30T18:32:23Z</time><extensions><speed>2.788059</speed><course>323.939064</course><hAcc>1.351990</hAcc><vAcc>0.760557</vAcc></extensions></trkpt>
      <trkpt lon="35.000417" lat="31.902150"><ele>244.524477</ele><time>2026-05-30T18:32:24Z</time><extensions><speed>2.687589</speed><course>327.263444</course><hAcc>1.365895</hAcc><vAcc>0.761955</vAcc></extensions></trkpt>
      <trkpt lon="35.000402" lat="31.902171"><ele>244.508009</ele><time>2026-05-30T18:32:25Z</time><extensions><speed>2.599157</speed><course>330.786237</course><hAcc>1.378235</hAcc><vAcc>0.763786</vAcc></extensions></trkpt>
      <trkpt lon="35.000389" lat="31.902192"><ele>244.466753</ele><time>2026-05-30T18:32:26Z</time><extensions><speed>2.704947</speed><course>334.711260</course><hAcc>1.393830</hAcc><vAcc>0.765760</vAcc></extensions></trkpt>
      <trkpt lon="35.000378" lat="31.902215"><ele>244.419613</ele><time>2026-05-30T18:32:27Z</time><extensions><speed>2.760804</speed><course>338.972846</course><hAcc>1.407982</hAcc><vAcc>0.767902</vAcc></extensions></trkpt>
      <trkpt lon="35.000368" lat="31.902238"><ele>244.385089</ele><time>2026-05-30T18:32:28Z</time><extensions><speed>2.618626</speed><course>339.391605</course><hAcc>1.418558</hAcc><vAcc>0.770040</vAcc></extensions></trkpt>
      <trkpt lon="35.000358" lat="31.902259"><ele>244.333285</ele><time>2026-05-30T18:32:29Z</time><extensions><speed>2.526743</speed><course>339.801895</course><hAcc>1.429001</hAcc><vAcc>0.772911</vAcc></extensions></trkpt>
      <trkpt lon="35.000349" lat="31.902281"><ele>244.274076</ele><time>2026-05-30T18:32:30Z</time><extensions><speed>2.539401</speed><course>341.017137</course><hAcc>1.428293</hAcc><vAcc>0.776118</vAcc></extensions></trkpt>
      <trkpt lon="35.000340" lat="31.902302"><ele>244.220218</ele><time>2026-05-30T18:32:31Z</time><extensions><speed>2.606443</speed><course>336.678853</course><hAcc>1.426561</hAcc><vAcc>0.779951</vAcc></extensions></trkpt>
      <trkpt lon="35.000327" lat="31.902324"><ele>244.166279</ele><time>2026-05-30T18:32:32Z</time><extensions><speed>2.693518</speed><course>328.111726</course><hAcc>1.430811</hAcc><vAcc>0.784032</vAcc></extensions></trkpt>
      <trkpt lon="35.000311" lat="31.902344"><ele>244.080710</ele><time>2026-05-30T18:32:33Z</time><extensions><speed>2.737275</speed><course>323.823479</course><hAcc>1.437073</hAcc><vAcc>0.788306</vAcc></extensions></trkpt>
      <trkpt lon="35.000294" lat="31.902364"><ele>243.975223</ele><time>2026-05-30T18:32:34Z</time><extensions><speed>2.705879</speed><course>323.064923</course><hAcc>1.443775</hAcc><vAcc>0.792451</vAcc></extensions></trkpt>
      <trkpt lon="35.000276" lat="31.902383"><ele>243.877245</ele><time>2026-05-30T18:32:35Z</time><extensions><speed>2.720886</speed><course>324.079514</course><hAcc>1.450025</hAcc><vAcc>0.796731</vAcc></extensions></trkpt>
      <trkpt lon="35.000260" lat="31.902404"><ele>243.798638</ele><time>2026-05-30T18:32:36Z</time><extensions><speed>2.792047</speed><course>326.480613</course><hAcc>1.461691</hAcc><vAcc>0.801002</vAcc></extensions></trkpt>
      <trkpt lon="35.000244" lat="31.902425"><ele>243.733982</ele><time>2026-05-30T18:32:37Z</time><extensions><speed>2.726649</speed><course>328.996493</course><hAcc>1.468832</hAcc><vAcc>0.804864</vAcc></extensions></trkpt>
      <trkpt lon="35.000230" lat="31.902446"><ele>243.661655</ele><time>2026-05-30T18:32:38Z</time><extensions><speed>2.723856</speed><course>330.923749</course><hAcc>1.472526</hAcc><vAcc>0.808755</vAcc></extensions></trkpt>
      <trkpt lon="35.000216" lat="31.902467"><ele>243.602866</ele><time>2026-05-30T18:32:39Z</time><extensions><speed>2.543476</speed><course>331.322684</course><hAcc>1.475142</hAcc><vAcc>0.812363</vAcc></extensions></trkpt>
      <trkpt lon="35.000204" lat="31.902488"><ele>243.546344</ele><time>2026-05-30T18:32:40Z</time><extensions><speed>2.555984</speed><course>333.713582</course><hAcc>1.469006</hAcc><vAcc>0.815591</vAcc></extensions></trkpt>
      <trkpt lon="35.000193" lat="31.902508"><ele>243.493450</ele><time>2026-05-30T18:32:41Z</time><extensions><speed>2.347761</speed><course>334.930651</course><hAcc>1.460083</hAcc><vAcc>0.817595</vAcc></extensions></trkpt>
      <trkpt lon="35.000183" lat="31.902526"><ele>243.444248</ele><time>2026-05-30T18:32:42Z</time><extensions><speed>2.126023</speed><course>339.165895</course><hAcc>1.453847</hAcc><vAcc>0.818510</vAcc></extensions></trkpt>
      <trkpt lon="35.000175" lat="31.902544"><ele>243.392592</ele><time>2026-05-30T18:32:43Z</time><extensions><speed>2.198218</speed><course>337.808236</course><hAcc>1.457206</hAcc><vAcc>0.818324</vAcc></extensions></trkpt>
      <trkpt lon="35.000165" lat="31.902564"><ele>243.358658</ele><time>2026-05-30T18:32:44Z</time><extensions><speed>2.618464</speed><course>337.804282</course><hAcc>1.447710</hAcc><vAcc>0.816965</vAcc></extensions></trkpt>
      <trkpt lon="35.000155" lat="31.902587"><ele>243.340785</ele><time>2026-05-30T18:32:45Z</time><extensions><speed>2.823678</speed><course>338.628058</course><hAcc>1.435503</hAcc><vAcc>0.814451</vAcc></extensions></trkpt>
      <trkpt lon="35.000144" lat="31.902611"><ele>243.331004</ele><time>2026-05-30T18:32:46Z</time><extensions><speed>2.739193</speed><course>340.866421</course><hAcc>1.429415</hAcc><vAcc>0.810869</vAcc></extensions></trkpt>
      <trkpt lon="35.000135" lat="31.902634"><ele>243.335034</ele><time>2026-05-30T18:32:47Z</time><extensions><speed>2.645937</speed><course>340.738745</course><hAcc>1.423690</hAcc><vAcc>0.806382</vAcc></extensions></trkpt>
      <trkpt lon="35.000126" lat="31.902656"><ele>243.348876</ele><time>2026-05-30T18:32:48Z</time><extensions><speed>2.606136</speed><course>340.367408</course><hAcc>1.418665</hAcc><vAcc>0.801212</vAcc></extensions></trkpt>
      <trkpt lon="35.000116" lat="31.902678"><ele>243.371362</ele><time>2026-05-30T18:32:49Z</time><extensions><speed>2.644145</speed><course>339.233838</course><hAcc>1.412178</hAcc><vAcc>0.795608</vAcc></extensions></trkpt>
      <trkpt lon="35.000106" lat="31.902700"><ele>243.415536</ele><time>2026-05-30T18:32:50Z</time><extensions><speed>2.672034</speed><course>337.493666</course><hAcc>1.408246</hAcc><vAcc>0.789838</vAcc></extensions></trkpt>
      <trkpt lon="35.000095" lat="31.902722"><ele>243.487268</ele><time>2026-05-30T18:32:51Z</time><extensions><speed>2.637167</speed><course>334.944214</course><hAcc>1.403704</hAcc><vAcc>0.784175</vAcc></extensions></trkpt>
      <trkpt lon="35.000082" lat="31.902743"><ele>243.557576</ele><time>2026-05-30T18:32:52Z</time><extensions><speed>2.581041</speed><course>331.941143</course><hAcc>1.398352</hAcc><vAcc>0.778878</vAcc></extensions></trkpt>
      <trkpt lon="35.000068" lat="31.902763"><ele>243.620374</ele><time>2026-05-30T18:32:53Z</time><extensions><speed>2.552552</speed><course>325.036172</course><hAcc>1.397437</hAcc><vAcc>0.774140</vAcc></extensions></trkpt>
      <trkpt lon="35.000051" lat="31.902780"><ele>243.688567</ele><time>2026-05-30T18:32:54Z</time><extensions><speed>2.516078</speed><course>315.153949</course><hAcc>1.391701</hAcc><vAcc>0.770067</vAcc></extensions></trkpt>
      <trkpt lon="35.000032" lat="31.902796"><ele>243.773863</ele><time>2026-05-30T18:32:55Z</time><extensions><speed>2.537316</speed><course>309.557061</course><hAcc>1.384286</hAcc><vAcc>0.766688</vAcc></extensions></trkpt>
      <trkpt lon="35.000011" lat="31.902810"><ele>243.881661</ele><time>2026-05-30T18:32:56Z</time><extensions><speed>2.484970</speed><course>305.859552</course><hAcc>1.375141</hAcc><vAcc>0.763973</vAcc></extensions></trkpt>
      <trkpt lon="34.999988" lat="31.902821"><ele>244.013263</ele><time>2026-05-30T18:32:57Z</time><extensions><speed>2.422995</speed><course>294.254447</course><hAcc>1.365283</hAcc><vAcc>0.761860</vAcc></extensions></trkpt>
      <trkpt lon="34.999964" lat="31.902826"><ele>244.180837</ele><time>2026-05-30T18:32:58Z</time><extensions><speed>2.407716</speed><course>275.759434</course><hAcc>1.352344</hAcc><vAcc>0.760263</vAcc></extensions></trkpt>
      <trkpt lon="34.999938" lat="31.902825"><ele>244.377628</ele><time>2026-05-30T18:32:59Z</time><extensions><speed>2.517103</speed><course>257.683405</course><hAcc>1.341634</hAcc><vAcc>0.759096</vAcc></extensions></trkpt>
      <trkpt lon="34.999913" lat="31.902817"><ele>244.568253</ele><time>2026-05-30T18:33:00Z</time><extensions><speed>2.619329</speed><course>245.469906</course><hAcc>1.333888</hAcc><vAcc>0.758269</vAcc></extensions></trkpt>
      <trkpt lon="34.999888" lat="31.902807"><ele>244.774124</ele><time>2026-05-30T18:33:01Z</time><extensions><speed>2.646654</speed><course>241.666790</course><hAcc>1.334716</hAcc><vAcc>0.757703</vAcc></extensions></trkpt>
      <trkpt lon="34.999864" lat="31.902795"><ele>244.974753</ele><time>2026-05-30T18:33:02Z</time><extensions><speed>2.623654</speed><course>236.610745</course><hAcc>1.330316</hAcc><vAcc>0.757331</vAcc></extensions></trkpt>
      <trkpt lon="34.999841" lat="31.902783"><ele>245.187318</ele><time>2026-05-30T18:33:03Z</time><extensions><speed>2.416699</speed><course>239.375417</course><hAcc>1.323966</hAcc><vAcc>0.757098</vAcc></extensions></trkpt>
      <trkpt lon="34.999819" lat="31.902772"><ele>245.411382</ele><time>2026-05-30T18:33:04Z</time><extensions><speed>2.441532</speed><course>243.134467</course><hAcc>1.313041</hAcc><vAcc>0.756961</vAcc></extensions></trkpt>
      <trkpt lon="34.999795" lat="31.902763"><ele>245.643347</ele><time>2026-05-30T18:33:05Z</time><extensions><speed>2.559601</speed><course>247.419078</course><hAcc>1.299933</hAcc><vAcc>0.756889</vAcc></extensions></trkpt>
      <trkpt lon="34.999770" lat="31.902754"><ele>245.878893</ele><time>2026-05-30T18:33:06Z</time><extensions><speed>2.426433</speed><course>249.797329</course><hAcc>1.291767</hAcc><vAcc>0.756858</vAcc></extensions></trkpt>
      <trkpt lon="34.999746" lat="31.902747"><ele>246.103491</ele><time>2026-05-30T18:33:07Z</time><extensions><speed>2.420527</speed><course>250.201573</course><hAcc>1.287464</hAcc><vAcc>0.756853</vAcc></extensions></trkpt>
      <trkpt lon="34.999723" lat="31.902739"><ele>246.311227</ele><time>2026-05-30T18:33:08Z</time><extensions><speed>2.351069</speed><course>245.794782</course><hAcc>1.290311</hAcc><vAcc>0.756866</vAcc></extensions></trkpt>
      <trkpt lon="34.999700" lat="31.902728"><ele>246.490809</ele><time>2026-05-30T18:33:10Z</time><extensions><speed>2.530526</speed><course>236.373642</course><hAcc>1.293232</hAcc><vAcc>0.756872</vAcc></extensions></trkpt>
      <trkpt lon="34.999678" lat="31.902715"><ele>246.665708</ele><time>2026-05-30T18:33:11Z</time><extensions><speed>2.619681</speed><course>232.219605</course><hAcc>1.289343</hAcc><vAcc>0.756854</vAcc></extensions></trkpt>
      <trkpt lon="34.999655" lat="31.902701"><ele>246.839794</ele><time>2026-05-30T18:33:12Z</time><extensions><speed>2.666655</speed><course>236.677398</course><hAcc>1.293526</hAcc><vAcc>0.756840</vAcc></extensions></trkpt>
      <trkpt lon="34.999630" lat="31.902689"><ele>247.009946</ele><time>2026-05-30T18:33:13Z</time><extensions><speed>2.685476</speed><course>244.630355</course><hAcc>1.298842</hAcc><vAcc>0.756828</vAcc></extensions></trkpt>
      <trkpt lon="34.999605" lat="31.902680"><ele>247.155548</ele><time>2026-05-30T18:33:14Z</time><extensions><speed>2.476366</speed><course>251.650974</course><hAcc>1.304133</hAcc><vAcc>0.756817</vAcc></extensions></trkpt>
      <trkpt lon="34.999581" lat="31.902674"><ele>247.297801</ele><time>2026-05-30T18:33:15Z</time><extensions><speed>2.406812</speed><course>252.918015</course><hAcc>1.304750</hAcc><vAcc>0.756806</vAcc></extensions></trkpt>
      <trkpt lon="34.999556" lat="31.902667"><ele>247.427556</ele><time>2026-05-30T18:33:16Z</time><extensions><speed>2.499655</speed><course>253.047448</course><hAcc>1.302417</hAcc><vAcc>0.756796</vAcc></extensions></trkpt>
      <trkpt lon="34.999530" lat="31.902660"><ele>247.541051</ele><time>2026-05-30T18:33:17Z</time><extensions><speed>2.599269</speed><course>250.771008</course><hAcc>1.295263</hAcc><vAcc>0.756787</vAcc></extensions></trkpt>
      <trkpt lon="34.999505" lat="31.902652"><ele>247.658230</ele><time>2026-05-30T18:33:18Z</time><extensions><speed>2.440468</speed><course>251.328651</course><hAcc>1.289632</hAcc><vAcc>0.756778</vAcc></extensions></trkpt>
      <trkpt lon="34.999479" lat="31.902646"><ele>247.771163</ele><time>2026-05-30T18:33:19Z</time><extensions><speed>2.540916</speed><course>256.543131</course><hAcc>1.287072</hAcc><vAcc>0.756771</vAcc></extensions></trkpt>
      <trkpt lon="34.999452" lat="31.902642"><ele>247.885711</ele><time>2026-05-30T18:33:20Z</time><extensions><speed>2.685175</speed><course>263.159024</course><hAcc>1.281407</hAcc><vAcc>0.756764</vAcc></extensions></trkpt>
      <trkpt lon="34.999424" lat="31.902640"><ele>248.000850</ele><time>2026-05-30T18:33:21Z</time><extensions><speed>2.616225</speed><course>267.970977</course><hAcc>1.278533</hAcc><vAcc>0.756758</vAcc></extensions></trkpt>
      <trkpt lon="34.999396" lat="31.902639"><ele>248.116672</ele><time>2026-05-30T18:33:22Z</time><extensions><speed>2.620925</speed><course>264.592146</course><hAcc>1.277691</hAcc><vAcc>0.756754</vAcc></extensions></trkpt>
      <trkpt lon="34.999369" lat="31.902635"><ele>248.240469</ele><time>2026-05-30T18:33:23Z</time><extensions><speed>2.714479</speed><course>256.273625</course><hAcc>1.278462</hAcc><vAcc>0.756749</vAcc></extensions></trkpt>
      <trkpt lon="34.999340" lat="31.902627"><ele>248.362340</ele><time>2026-05-30T18:33:24Z</time><extensions><speed>3.027278</speed><course>247.673640</course><hAcc>1.273544</hAcc><vAcc>0.756746</vAcc></extensions></trkpt>
      <trkpt lon="34.999310" lat="31.902616"><ele>248.481907</ele><time>2026-05-30T18:33:25Z</time><extensions><speed>3.032472</speed><course>248.012479</course><hAcc>1.271280</hAcc><vAcc>0.756743</vAcc></extensions></trkpt>
      <trkpt lon="34.999280" lat="31.902607"><ele>248.611157</ele><time>2026-05-30T18:33:26Z</time><extensions><speed>3.080249</speed><course>252.873164</course><hAcc>1.267364</hAcc><vAcc>0.756741</vAcc></extensions></trkpt>
      <trkpt lon="34.999249" lat="31.902601"><ele>248.741006</ele><time>2026-05-30T18:33:27Z</time><extensions><speed>2.997017</speed><course>260.293492</course><hAcc>1.262318</hAcc><vAcc>0.756740</vAcc></extensions></trkpt>
      <trkpt lon="34.999218" lat="31.902597"><ele>248.883489</ele><time>2026-05-30T18:33:28Z</time><extensions><speed>2.935231</speed><course>263.113879</course><hAcc>1.258686</hAcc><vAcc>0.756738</vAcc></extensions></trkpt>
      <trkpt lon="34.999186" lat="31.902594"><ele>248.995793</ele><time>2026-05-30T18:33:29Z</time><extensions><speed>3.069374</speed><course>263.070504</course><hAcc>1.255682</hAcc><vAcc>0.756738</vAcc></extensions></trkpt>
      <trkpt lon="34.999155" lat="31.902590"><ele>249.091903</ele><time>2026-05-30T18:33:30Z</time><extensions><speed>2.899420</speed><course>262.064900</course><hAcc>1.248516</hAcc><vAcc>0.756737</vAcc></extensions></trkpt>
      <trkpt lon="34.999125" lat="31.902586"><ele>249.190518</ele><time>2026-05-30T18:33:31Z</time><extensions><speed>2.820325</speed><course>261.554572</course><hAcc>1.244115</hAcc><vAcc>0.756737</vAcc></extensions></trkpt>
      <trkpt lon="34.999095" lat="31.902582"><ele>249.296552</ele><time>2026-05-30T18:33:32Z</time><extensions><speed>2.834226</speed><course>258.908497</course><hAcc>1.242713</hAcc><vAcc>0.756736</vAcc></extensions></trkpt>
      <trkpt lon="34.999066" lat="31.902577"><ele>249.415287</ele><time>2026-05-30T18:33:33Z</time><extensions><speed>2.776297</speed><course>257.542319</course><hAcc>1.241675</hAcc><vAcc>0.756736</vAcc></extensions></trkpt>
      <trkpt lon="34.999039" lat="31.902571"><ele>249.541176</ele><time>2026-05-30T18:33:34Z</time><extensions><speed>2.688966</speed><course>252.176866</course><hAcc>1.235973</hAcc><vAcc>0.756736</vAcc></extensions></trkpt>
      <trkpt lon="34.999012" lat="31.902563"><ele>249.655182</ele><time>2026-05-30T18:33:35Z</time><extensions><speed>2.690036</speed><course>251.753256</course><hAcc>1.230793</hAcc><vAcc>0.756736</vAcc></extensions></trkpt>
      <trkpt lon="34.998985" lat="31.902556"><ele>249.759340</ele><time>2026-05-30T18:33:36Z</time><extensions><speed>2.505516</speed><course>253.658054</course><hAcc>1.222024</hAcc><vAcc>0.756736</vAcc></extensions></trkpt>
      <trkpt lon="34.998960" lat="31.902549"><ele>249.869413</ele><time>2026-05-30T18:33:37Z</time><extensions><speed>2.586197</speed><course>249.660500</course><hAcc>1.213888</hAcc><vAcc>0.756736</vAcc></extensions></trkpt>
      <trkpt lon="34.998935" lat="31.902540"><ele>249.974370</ele><time>2026-05-30T18:33:38Z</time><extensions><speed>2.520767</speed><course>242.349665</course><hAcc>1.208590</hAcc><vAcc>0.756736</vAcc></extensions></trkpt>
      <trkpt lon="34.998913" lat="31.902528"><ele>250.070130</ele><time>2026-05-30T18:33:39Z</time><extensions><speed>2.510564</speed><course>233.633583</course><hAcc>1.199298</hAcc><vAcc>0.756736</vAcc></extensions></trkpt>
      <trkpt lon="34.998891" lat="31.902515"><ele>250.173151</ele><time>2026-05-30T18:33:40Z</time><extensions><speed>2.444303</speed><course>238.626613</course><hAcc>1.199288</hAcc><vAcc>0.756736</vAcc></extensions></trkpt>
      <trkpt lon="34.998866" lat="31.902506"><ele>250.264305</ele><time>2026-05-30T18:33:41Z</time><extensions><speed>2.631953</speed><course>255.451127</course><hAcc>1.196732</hAcc><vAcc>0.756736</vAcc></extensions></trkpt>
      <trkpt lon="34.998838" lat="31.902502"><ele>250.360228</ele><time>2026-05-30T18:33:42Z</time><extensions><speed>2.815890</speed><course>264.255594</course><hAcc>1.192690</hAcc><vAcc>0.756736</vAcc></extensions></trkpt>
      <trkpt lon="34.998808" lat="31.902502"><ele>250.468337</ele><time>2026-05-30T18:33:43Z</time><extensions><speed>2.900261</speed><course>272.853640</course><hAcc>1.186002</hAcc><vAcc>0.756736</vAcc></extensions></trkpt>
      <trkpt lon="34.998778" lat="31.902505"><ele>250.569917</ele><time>2026-05-30T18:33:44Z</time><extensions><speed>2.833131</speed><course>281.487351</course><hAcc>1.177140</hAcc><vAcc>0.756736</vAcc></extensions></trkpt>
      <trkpt lon="34.998749" lat="31.902512"><ele>250.611220</ele><time>2026-05-30T18:33:45Z</time><extensions><speed>2.881805</speed><course>291.597813</course><hAcc>1.174808</hAcc><vAcc>0.756736</vAcc></extensions></trkpt>
      <trkpt lon="34.998723" lat="31.902523"><ele>250.632551</ele><time>2026-05-30T18:33:46Z</time><extensions><speed>2.713561</speed><course>300.938097</course><hAcc>1.178541</hAcc><vAcc>0.756736</vAcc></extensions></trkpt>
      <trkpt lon="34.998698" lat="31.902536"><ele>250.656680</ele><time>2026-05-30T18:33:47Z</time><extensions><speed>2.810973</speed><course>301.364179</course><hAcc>1.170704</hAcc><vAcc>0.756736</vAcc></extensions></trkpt>
      <trkpt lon="34.998671" lat="31.902548"><ele>250.677901</ele><time>2026-05-30T18:33:47Z</time><extensions><speed>2.870962</speed><course>295.629925</course><hAcc>1.167319</hAcc><vAcc>0.756736</vAcc></extensions></trkpt>
      <trkpt lon="34.998643" lat="31.902558"><ele>250.697806</ele><time>2026-05-30T18:33:48Z</time><extensions><speed>2.892316</speed><course>288.001671</course><hAcc>1.166143</hAcc><vAcc>0.756736</vAcc></extensions></trkpt>
      <trkpt lon="34.998613" lat="31.902565"><ele>250.729095</ele><time>2026-05-30T18:33:49Z</time><extensions><speed>3.006886</speed><course>282.753870</course><hAcc>1.161016</hAcc><vAcc>0.756736</vAcc></extensions></trkpt>
      <trkpt lon="34.998582" lat="31.902570"><ele>250.747058</ele><time>2026-05-30T18:33:50Z</time><extensions><speed>2.989593</speed><course>278.506448</course><hAcc>1.152386</hAcc><vAcc>0.756736</vAcc></extensions></trkpt>
      <trkpt lon="34.998550" lat="31.902573"><ele>250.761908</ele><time>2026-05-30T18:33:51Z</time><extensions><speed>2.967429</speed><course>276.246950</course><hAcc>1.143227</hAcc><vAcc>0.756736</vAcc></extensions></trkpt>
      <trkpt lon="34.998519" lat="31.902577"><ele>250.774281</ele><time>2026-05-30T18:33:52Z</time><extensions><speed>3.138764</speed><course>280.764655</course><hAcc>1.134948</hAcc><vAcc>0.756736</vAcc></extensions></trkpt>
      <trkpt lon="34.998488" lat="31.902583"><ele>250.771345</ele><time>2026-05-30T18:33:53Z</time><extensions><speed>2.739761</speed><course>283.482194</course><hAcc>1.120032</hAcc><vAcc>0.756736</vAcc></extensions></trkpt>
      <trkpt lon="34.998464" lat="31.902589"><ele>250.756582</ele><time>2026-05-30T18:33:54Z</time><extensions><speed>2.132461</speed><course>291.462261</course><hAcc>1.129882</hAcc><vAcc>0.756736</vAcc></extensions></trkpt>
      <trkpt lon="34.998443" lat="31.902598"><ele>250.739364</ele><time>2026-05-30T18:33:55Z</time><extensions><speed>2.213629</speed><course>298.156255</course><hAcc>1.123927</hAcc><vAcc>0.756736</vAcc></extensions></trkpt>
      <trkpt lon="34.998420" lat="31.902605"><ele>250.731693</ele><time>2026-05-30T18:33:56Z</time><extensions><speed>2.488495</speed><course>285.117870</course><hAcc>1.117135</hAcc><vAcc>0.756736</vAcc></extensions></trkpt>
      <trkpt lon="34.998392" lat="31.902610"><ele>250.711593</ele><time>2026-05-30T18:33:57Z</time><extensions><speed>2.779066</speed><course>277.167861</course><hAcc>1.120855</hAcc><vAcc>0.756736</vAcc></extensions></trkpt>
      <trkpt lon="34.998362" lat="31.902612"><ele>250.685770</ele><time>2026-05-30T18:33:58Z</time><extensions><speed>2.990859</speed><course>274.826615</course><hAcc>1.139894</hAcc><vAcc>0.756736</vAcc></extensions></trkpt>
      <trkpt lon="34.998330" lat="31.902614"><ele>250.664242</ele><time>2026-05-30T18:33:59Z</time><extensions><speed>3.023804</speed><course>272.866882</course><hAcc>1.164424</hAcc><vAcc>0.756736</vAcc></extensions></trkpt>
      <trkpt lon="34.998299" lat="31.902617"><ele>250.648454</ele><time>2026-05-30T18:34:00Z</time><extensions><speed>2.865473</speed><course>279.235905</course><hAcc>1.177432</hAcc><vAcc>0.756736</vAcc></extensions></trkpt>
      <trkpt lon="34.998270" lat="31.902622"><ele>250.624453</ele><time>2026-05-30T18:34:01Z</time><extensions><speed>2.814570</speed><course>284.060821</course><hAcc>1.193698</hAcc><vAcc>0.756736</vAcc></extensions></trkpt>
      <trkpt lon="34.998241" lat="31.902628"><ele>250.589276</ele><time>2026-05-30T18:34:02Z</time><extensions><speed>2.769792</speed><course>284.449541</course><hAcc>1.205563</hAcc><vAcc>0.756736</vAcc></extensions></trkpt>
      <trkpt lon="34.998213" lat="31.902634"><ele>250.548677</ele><time>2026-05-30T18:34:03Z</time><extensions><speed>2.741906</speed><course>280.162407</course><hAcc>1.219354</hAcc><vAcc>0.756736</vAcc></extensions></trkpt>
      <trkpt lon="34.998185" lat="31.902637"><ele>250.517486</ele><time>2026-05-30T18:34:04Z</time><extensions><speed>2.597864</speed><course>274.889289</course><hAcc>1.227306</hAcc><vAcc>0.756736</vAcc></extensions></trkpt>
      <trkpt lon="34.998156" lat="31.902639"><ele>250.499272</ele><time>2026-05-30T18:34:05Z</time><extensions><speed>2.829817</speed><course>274.289711</course><hAcc>1.232470</hAcc><vAcc>0.756736</vAcc></extensions></trkpt>
      <trkpt lon="34.998127" lat="31.902641"><ele>250.479517</ele><time>2026-05-30T18:34:06Z</time><extensions><speed>2.846685</speed><course>274.576746</course><hAcc>1.231397</hAcc><vAcc>0.756736</vAcc></extensions></trkpt>
      <trkpt lon="34.998097" lat="31.902644"><ele>250.482306</ele><time>2026-05-30T18:34:07Z</time><extensions><speed>2.837941</speed><course>277.877904</course><hAcc>1.241664</hAcc><vAcc>0.756736</vAcc></extensions></trkpt>
      <trkpt lon="34.998066" lat="31.902647"><ele>250.490382</ele><time>2026-05-30T18:34:08Z</time><extensions><speed>3.007293</speed><course>278.094838</course><hAcc>1.240037</hAcc><vAcc>0.756736</vAcc></extensions></trkpt>
      <trkpt lon="34.998034" lat="31.902650"><ele>250.510124</ele><time>2026-05-30T18:34:09Z</time><extensions><speed>3.015184</speed><course>273.578737</course><hAcc>1.239661</hAcc><vAcc>0.756736</vAcc></extensions></trkpt>
      <trkpt lon="34.998002" lat="31.902652"><ele>250.544527</ele><time>2026-05-30T18:34:10Z</time><extensions><speed>3.067071</speed><course>273.467847</course><hAcc>1.244302</hAcc><vAcc>0.756736</vAcc></extensions></trkpt>
      <trkpt lon="34.997971" lat="31.902654"><ele>250.587467</ele><time>2026-05-30T18:34:11Z</time><extensions><speed>2.923524</speed><course>277.963205</course><hAcc>1.237640</hAcc><vAcc>0.756736</vAcc></extensions></trkpt>
      <trkpt lon="34.997942" lat="31.902658"><ele>250.637108</ele><time>2026-05-30T18:34:12Z</time><extensions><speed>2.698798</speed><course>281.137269</course><hAcc>1.232993</hAcc><vAcc>0.756736</vAcc></extensions></trkpt>
      <trkpt lon="34.997912" lat="31.902664"><ele>250.696157</ele><time>2026-05-30T18:34:13Z</time><extensions><speed>2.925969</speed><course>282.390793</course><hAcc>1.230920</hAcc><vAcc>0.756736</vAcc></extensions></trkpt>
      <trkpt lon="34.997883" lat="31.902669"><ele>250.754828</ele><time>2026-05-30T18:34:14Z</time><extensions><speed>2.714749</speed><course>280.154626</course><hAcc>1.225071</hAcc><vAcc>0.756736</vAcc></extensions></trkpt>
      <trkpt lon="34.997855" lat="31.902674"><ele>250.813334</ele><time>2026-05-30T18:34:15Z</time><extensions><speed>2.738610</speed><course>282.885257</course><hAcc>1.225946</hAcc><vAcc>0.756736</vAcc></extensions></trkpt>
      <trkpt lon="34.997827" lat="31.902680"><ele>250.848166</ele><time>2026-05-30T18:34:16Z</time><extensions><speed>2.717266</speed><course>285.666725</course><hAcc>1.217571</hAcc><vAcc>0.756736</vAcc></extensions></trkpt>
      <trkpt lon="34.997800" lat="31.902686"><ele>250.877635</ele><time>2026-05-30T18:34:17Z</time><extensions><speed>2.642140</speed><course>286.615304</course><hAcc>1.210085</hAcc><vAcc>0.756736</vAcc></extensions></trkpt>
      <trkpt lon="34.997772" lat="31.902693"><ele>250.918112</ele><time>2026-05-30T18:34:18Z</time><extensions><speed>2.865343</speed><course>282.842534</course><hAcc>1.206522</hAcc><vAcc>0.756736</vAcc></extensions></trkpt>
      <trkpt lon="34.997742" lat="31.902698"><ele>250.926502</ele><time>2026-05-30T18:34:19Z</time><extensions><speed>2.908454</speed><course>280.344148</course><hAcc>1.201422</hAcc><vAcc>0.756736</vAcc></extensions></trkpt>
      <trkpt lon="34.997711" lat="31.902702"><ele>250.910076</ele><time>2026-05-30T18:34:20Z</time><extensions><speed>2.918719</speed><course>277.301809</course><hAcc>1.193297</hAcc><vAcc>0.756736</vAcc></extensions></trkpt>
      <trkpt lon="34.997682" lat="31.902705"><ele>250.893511</ele><time>2026-05-30T18:34:21Z</time><extensions><speed>2.777463</speed><course>276.830181</course><hAcc>1.188102</hAcc><vAcc>0.756736</vAcc></extensions></trkpt>
      <trkpt lon="34.997653" lat="31.902708"><ele>250.861808</ele><time>2026-05-30T18:34:22Z</time><extensions><speed>2.593221</speed><course>278.301007</course><hAcc>1.186539</hAcc><vAcc>0.756736</vAcc></extensions></trkpt>
      <trkpt lon="34.997626" lat="31.902712"><ele>250.811850</ele><time>2026-05-30T18:34:23Z</time><extensions><speed>2.742034</speed><course>279.958818</course><hAcc>1.177186</hAcc><vAcc>0.756736</vAcc></extensions></trkpt>
      <trkpt lon="34.997597" lat="31.902717"><ele>250.750778</ele><time>2026-05-30T18:34:24Z</time><extensions><speed>2.802576</speed><course>282.217407</course><hAcc>1.171672</hAcc><vAcc>0.756736</vAcc></extensions></trkpt>
      <trkpt lon="34.997568" lat="31.902722"><ele>250.684228</ele><time>2026-05-30T18:34:25Z</time><extensions><speed>2.715268</speed><course>282.934153</course><hAcc>1.168307</hAcc><vAcc>0.756736</vAcc></extensions></trkpt>
      <trkpt lon="34.997540" lat="31.902728"><ele>250.613929</ele><time>2026-05-30T18:34:26Z</time><extensions><speed>2.859042</speed><course>285.622026</course><hAcc>1.165365</hAcc><vAcc>0.756736</vAcc></extensions></trkpt>
      <trkpt lon="34.997511" lat="31.902735"><ele>250.555682</ele><time>2026-05-30T18:34:27Z</time><extensions><speed>2.823188</speed><course>282.566241</course><hAcc>1.151816</hAcc><vAcc>0.756736</vAcc></extensions></trkpt>
      <trkpt lon="34.997482" lat="31.902740"><ele>250.492632</ele><time>2026-05-30T18:34:28Z</time><extensions><speed>2.774219</speed><course>281.671236</course><hAcc>1.145673</hAcc><vAcc>0.756736</vAcc></extensions></trkpt>
      <trkpt lon="34.997453" lat="31.902745"><ele>250.417853</ele><time>2026-05-30T18:34:29Z</time><extensions><speed>2.766876</speed><course>281.598982</course><hAcc>1.152048</hAcc><vAcc>0.756736</vAcc></extensions></trkpt>
      <trkpt lon="34.997425" lat="31.902750"><ele>250.343591</ele><time>2026-05-30T18:34:30Z</time><extensions><speed>2.654758</speed><course>282.961537</course><hAcc>1.152051</hAcc><vAcc>0.756736</vAcc></extensions></trkpt>
      <trkpt lon="34.997397" lat="31.902756"><ele>250.278084</ele><time>2026-05-30T18:34:31Z</time><extensions><speed>2.773804</speed><course>282.679667</course><hAcc>1.153197</hAcc><vAcc>0.756736</vAcc></extensions></trkpt>
      <trkpt lon="34.997368" lat="31.902761"><ele>250.219647</ele><time>2026-05-30T18:34:32Z</time><extensions><speed>2.861403</speed><course>280.147745</course><hAcc>1.161246</hAcc><vAcc>0.756736</vAcc></extensions></trkpt>
      <trkpt lon="34.997338" lat="31.902765"><ele>250.178773</ele><time>2026-05-30T18:34:33Z</time><extensions><speed>2.907185</speed><course>278.090027</course><hAcc>1.164746</hAcc><vAcc>0.756736</vAcc></extensions></trkpt>
      <trkpt lon="34.997308" lat="31.902768"><ele>250.149395</ele><time>2026-05-30T18:34:34Z</time><extensions><speed>2.809226</speed><course>277.998071</course><hAcc>1.167043</hAcc><vAcc>0.756736</vAcc></extensions></trkpt>
      <trkpt lon="34.997279" lat="31.902771"><ele>250.122261</ele><time>2026-05-30T18:34:35Z</time><extensions><speed>2.631053</speed><course>273.972602</course><hAcc>1.166266</hAcc><vAcc>0.756736</vAcc></extensions></trkpt>
      <trkpt lon="34.997251" lat="31.902772"><ele>250.102220</ele><time>2026-05-30T18:34:36Z</time><extensions><speed>2.716169</speed><course>271.708013</course><hAcc>1.164816</hAcc><vAcc>0.756736</vAcc></extensions></trkpt>
      <trkpt lon="34.997223" lat="31.902772"><ele>250.085812</ele><time>2026-05-30T18:34:37Z</time><extensions><speed>2.652764</speed><course>267.224845</course><hAcc>1.153044</hAcc><vAcc>0.756736</vAcc></extensions></trkpt>
      <trkpt lon="34.997196" lat="31.902769"><ele>250.084280</ele><time>2026-05-30T18:34:38Z</time><extensions><speed>2.553517</speed><course>259.303200</course><hAcc>1.145125</hAcc><vAcc>0.756736</vAcc></extensions></trkpt>
      <trkpt lon="34.997168" lat="31.902765"><ele>250.074761</ele><time>2026-05-30T18:34:39Z</time><extensions><speed>2.702768</speed><course>260.381726</course><hAcc>1.139092</hAcc><vAcc>0.756736</vAcc></extensions></trkpt>
      <trkpt lon="34.997139" lat="31.902763"><ele>250.074342</ele><time>2026-05-30T18:34:40Z</time><extensions><speed>2.789413</speed><course>267.842279</course><hAcc>1.133469</hAcc><vAcc>0.756736</vAcc></extensions></trkpt>
      <trkpt lon="34.997109" lat="31.902763"><ele>250.074150</ele><time>2026-05-30T18:34:41Z</time><extensions><speed>2.905033</speed><course>273.074271</course><hAcc>1.129643</hAcc><vAcc>0.756736</vAcc></extensions></trkpt>
      <trkpt lon="34.997076" lat="31.902765"><ele>250.097703</ele><time>2026-05-30T18:34:42Z</time><extensions><speed>3.443994</speed><course>275.715256</course><hAcc>1.128243</hAcc><vAcc>0.756736</vAcc></extensions></trkpt>
      <trkpt lon="34.997039" lat="31.902768"><ele>250.100848</ele><time>2026-05-30T18:34:43Z</time><extensions><speed>3.610869</speed><course>274.894644</course><hAcc>1.126718</hAcc><vAcc>0.756736</vAcc></extensions></trkpt>
      <trkpt lon="34.997003" lat="31.902772"><ele>250.097569</ele><time>2026-05-30T18:34:44Z</time><extensions><speed>3.302467</speed><course>279.825339</course><hAcc>1.137579</hAcc><vAcc>0.756736</vAcc></extensions></trkpt>
      <trkpt lon="34.996971" lat="31.902778"><ele>250.107740</ele><time>2026-05-30T18:34:45Z</time><extensions><speed>2.800779</speed><course>285.784495</course><hAcc>1.146905</hAcc><vAcc>0.756736</vAcc></extensions></trkpt>
      <trkpt lon="34.996946" lat="31.902784"><ele>250.118284</ele><time>2026-05-30T18:34:46Z</time><extensions><speed>2.171488</speed><course>284.174575</course><hAcc>1.169075</hAcc><vAcc>0.756736</vAcc></extensions></trkpt>
      <trkpt lon="34.996924" lat="31.902789"><ele>250.119693</ele><time>2026-05-30T18:34:47Z</time><extensions><speed>2.103897</speed><course>286.226846</course><hAcc>1.192292</hAcc><vAcc>0.756736</vAcc></extensions></trkpt>
      <trkpt lon="34.996902" lat="31.902794"><ele>250.115222</ele><time>2026-05-30T18:34:48Z</time><extensions><speed>2.213056</speed><course>287.650400</course><hAcc>1.211784</hAcc><vAcc>0.756736</vAcc></extensions></trkpt>
      <trkpt lon="34.996879" lat="31.902800"><ele>250.121869</ele><time>2026-05-30T18:34:49Z</time><extensions><speed>2.334316</speed><course>284.192838</course><hAcc>1.235701</hAcc><vAcc>0.756736</vAcc></extensions></trkpt>
      <trkpt lon="34.996854" lat="31.902804"><ele>250.113111</ele><time>2026-05-30T18:34:50Z</time><extensions><speed>2.514899</speed><course>279.199214</course><hAcc>1.245842</hAcc><vAcc>0.756736</vAcc></extensions></trkpt>
      <trkpt lon="34.996826" lat="31.902808"><ele>250.068800</ele><time>2026-05-30T18:34:51Z</time><extensions><speed>2.770015</speed><course>276.330941</course><hAcc>1.253079</hAcc><vAcc>0.756736</vAcc></extensions></trkpt>
      <trkpt lon="34.996795" lat="31.902810"><ele>250.036133</ele><time>2026-05-30T18:34:52Z</time><extensions><speed>3.079528</speed><course>271.894839</course><hAcc>1.274926</hAcc><vAcc>0.756736</vAcc></extensions></trkpt>
      <trkpt lon="34.996763" lat="31.902810"><ele>250.013365</ele><time>2026-05-30T18:34:53Z</time><extensions><speed>3.003361</speed><course>269.343374</course><hAcc>1.293636</hAcc><vAcc>0.756736</vAcc></extensions></trkpt>
      <trkpt lon="34.996733" lat="31.902810"><ele>249.965039</ele><time>2026-05-30T18:34:54Z</time><extensions><speed>2.834507</speed><course>269.367655</course><hAcc>1.316196</hAcc><vAcc>0.756736</vAcc></extensions></trkpt>
      <trkpt lon="34.996702" lat="31.902810"><ele>249.923025</ele><time>2026-05-30T18:34:55Z</time><extensions><speed>2.924295</speed><course>271.353731</course><hAcc>1.339219</hAcc><vAcc>0.756736</vAcc></extensions></trkpt>
      <trkpt lon="34.996671" lat="31.902811"><ele>249.881945</ele><time>2026-05-30T18:34:56Z</time><extensions><speed>3.007760</speed><course>273.153405</course><hAcc>1.356890</hAcc><vAcc>0.756736</vAcc></extensions></trkpt>
      <trkpt lon="34.996640" lat="31.902812"><ele>249.828420</ele><time>2026-05-30T18:34:57Z</time><extensions><speed>2.967994</speed><course>271.542694</course><hAcc>1.363830</hAcc><vAcc>0.756736</vAcc></extensions></trkpt>
      <trkpt lon="34.996608" lat="31.902812"><ele>249.765159</ele><time>2026-05-30T18:34:58Z</time><extensions><speed>3.018531</speed><course>269.640467</course><hAcc>1.359914</hAcc><vAcc>0.756736</vAcc></extensions></trkpt>
      <trkpt lon="34.996577" lat="31.902812"><ele>249.695093</ele><time>2026-05-30T18:34:59Z</time><extensions><speed>2.871341</speed><course>269.679328</course><hAcc>1.354725</hAcc><vAcc>0.756736</vAcc></extensions></trkpt>
      <trkpt lon="34.996547" lat="31.902813"><ele>249.606658</ele><time>2026-05-30T18:35:00Z</time><extensions><speed>2.917939</speed><course>273.498531</course><hAcc>1.353084</hAcc><vAcc>0.756736</vAcc></extensions></trkpt>
      <trkpt lon="34.996516" lat="31.902815"><ele>249.511289</ele><time>2026-05-30T18:35:01Z</time><extensions><speed>2.915609</speed><course>275.353463</course><hAcc>1.359517</hAcc><vAcc>0.756736</vAcc></extensions></trkpt>
      <trkpt lon="34.996486" lat="31.902819"><ele>249.422974</ele><time>2026-05-30T18:35:02Z</time><extensions><speed>2.733504</speed><course>283.507095</course><hAcc>1.355115</hAcc><vAcc>0.756736</vAcc></extensions></trkpt>
      <trkpt lon="34.996459" lat="31.902827"><ele>249.327455</ele><time>2026-05-30T18:35:03Z</time><extensions><speed>2.799899</speed><course>292.164289</course><hAcc>1.353918</hAcc><vAcc>0.756736</vAcc></extensions></trkpt>
      <trkpt lon="34.996431" lat="31.902838"><ele>249.220399</ele><time>2026-05-30T18:35:04Z</time><extensions><speed>2.944407</speed><course>296.916071</course><hAcc>1.352678</hAcc><vAcc>0.756736</vAcc></extensions></trkpt>
      <trkpt lon="34.996404" lat="31.902850"><ele>249.107536</ele><time>2026-05-30T18:35:05Z</time><extensions><speed>2.880516</speed><course>300.095360</course><hAcc>1.345588</hAcc><vAcc>0.756739</vAcc></extensions></trkpt>
      <trkpt lon="34.996378" lat="31.902863"><ele>248.988696</ele><time>2026-05-30T18:35:06Z</time><extensions><speed>2.816746</speed><course>298.449468</course><hAcc>1.343148</hAcc><vAcc>0.756743</vAcc></extensions></trkpt>
      <trkpt lon="34.996352" lat="31.902874"><ele>248.877872</ele><time>2026-05-30T18:35:07Z</time><extensions><speed>2.673181</speed><course>294.368649</course><hAcc>1.338289</hAcc><vAcc>0.756747</vAcc></extensions></trkpt>
      <trkpt lon="34.996325" lat="31.902883"><ele>248.728644</ele><time>2026-05-30T18:35:08Z</time><extensions><speed>2.709002</speed><course>289.478442</course><hAcc>1.330012</hAcc><vAcc>0.756752</vAcc></extensions></trkpt>
      <trkpt lon="34.996298" lat="31.902890"><ele>248.598088</ele><time>2026-05-30T18:35:09Z</time><extensions><speed>2.719277</speed><course>285.065976</course><hAcc>1.329652</hAcc><vAcc>0.756758</vAcc></extensions></trkpt>
      <trkpt lon="34.996269" lat="31.902896"><ele>248.471999</ele><time>2026-05-30T18:35:10Z</time><extensions><speed>2.908316</speed><course>283.248936</course><hAcc>1.326964</hAcc><vAcc>0.756765</vAcc></extensions></trkpt>
      <trkpt lon="34.996238" lat="31.902901"><ele>248.334551</ele><time>2026-05-30T18:35:11Z</time><extensions><speed>3.073471</speed><course>279.354739</course><hAcc>1.326560</hAcc><vAcc>0.756774</vAcc></extensions></trkpt>
      <trkpt lon="34.996206" lat="31.902905"><ele>248.230244</ele><time>2026-05-30T18:35:12Z</time><extensions><speed>3.041334</speed><course>277.329196</course><hAcc>1.326414</hAcc><vAcc>0.756785</vAcc></extensions></trkpt>
      <trkpt lon="34.996174" lat="31.902910"><ele>248.121937</ele><time>2026-05-30T18:35:13Z</time><extensions><speed>3.039357</speed><course>284.161658</course><hAcc>1.330265</hAcc><vAcc>0.756799</vAcc></extensions></trkpt>
      <trkpt lon="34.996143" lat="31.902920"><ele>248.019826</ele><time>2026-05-30T18:35:14Z</time><extensions><speed>3.310562</speed><course>293.211233</course><hAcc>1.339734</hAcc><vAcc>0.756817</vAcc></extensions></trkpt>
      <trkpt lon="34.996112" lat="31.902930"><ele>247.931224</ele><time>2026-05-30T18:35:16Z</time><extensions><speed>2.949230</speed><course>289.912103</course><hAcc>1.342500</hAcc><vAcc>0.756825</vAcc></extensions></trkpt>
      <trkpt lon="34.996083" lat="31.902937"><ele>247.836474</ele><time>2026-05-30T18:35:17Z</time><extensions><speed>2.785399</speed><course>278.402136</course><hAcc>1.341175</hAcc><vAcc>0.756807</vAcc></extensions></trkpt>
      <trkpt lon="34.996053" lat="31.902938"><ele>247.744599</ele><time>2026-05-30T18:35:18Z</time><extensions><speed>2.803180</speed><course>266.434048</course><hAcc>1.341595</hAcc><vAcc>0.756793</vAcc></extensions></trkpt>
      <trkpt lon="34.996024" lat="31.902935"><ele>247.670629</ele><time>2026-05-30T18:35:19Z</time><extensions><speed>2.830934</speed><course>262.139024</course><hAcc>1.344500</hAcc><vAcc>0.756783</vAcc></extensions></trkpt>
      <trkpt lon="34.995992" lat="31.902932"><ele>247.603047</ele><time>2026-05-30T18:35:20Z</time><extensions><speed>3.152093</speed><course>265.283569</course><hAcc>1.330172</hAcc><vAcc>0.756775</vAcc></extensions></trkpt>
      <trkpt lon="34.995958" lat="31.902931"><ele>247.535042</ele><time>2026-05-30T18:35:21Z</time><extensions><speed>3.220401</speed><course>268.145974</course><hAcc>1.315971</hAcc><vAcc>0.756768</vAcc></extensions></trkpt>
      <trkpt lon="34.995925" lat="31.902930"><ele>247.490055</ele><time>2026-05-30T18:35:22Z</time><extensions><speed>3.003433</speed><course>270.713246</course><hAcc>1.306480</hAcc><vAcc>0.756911</vAcc></extensions></trkpt>
      <trkpt lon="34.995895" lat="31.902932"><ele>247.451800</ele><time>2026-05-30T18:35:23Z</time><extensions><speed>2.743909</speed><course>275.061744</course><hAcc>1.291099</hAcc><vAcc>0.757016</vAcc></extensions></trkpt>
      <trkpt lon="34.995867" lat="31.902934"><ele>247.410233</ele><time>2026-05-30T18:35:24Z</time><extensions><speed>2.532691</speed><course>278.606691</course><hAcc>1.274652</hAcc><vAcc>0.757113</vAcc></extensions></trkpt>
      <trkpt lon="34.995841" lat="31.902939"><ele>247.377056</ele><time>2026-05-30T18:35:25Z</time><extensions><speed>2.471734</speed><course>286.153973</course><hAcc>1.262182</hAcc><vAcc>0.757227</vAcc></extensions></trkpt>
      <trkpt lon="34.995818" lat="31.902946"><ele>247.344280</ele><time>2026-05-30T18:35:26Z</time><extensions><speed>2.100666</speed><course>290.373304</course><hAcc>1.261385</hAcc><vAcc>0.757357</vAcc></extensions></trkpt>
      <trkpt lon="34.995797" lat="31.902953"><ele>247.303693</ele><time>2026-05-30T18:35:27Z</time><extensions><speed>2.183495</speed><course>291.284187</course><hAcc>1.252003</hAcc><vAcc>0.757499</vAcc></extensions></trkpt>
      <trkpt lon="34.995773" lat="31.902961"><ele>247.262739</ele><time>2026-05-30T18:35:28Z</time><extensions><speed>2.543347</speed><course>292.209904</course><hAcc>1.239520</hAcc><vAcc>0.757648</vAcc></extensions></trkpt>
      <trkpt lon="34.995748" lat="31.902969"><ele>247.232661</ele><time>2026-05-30T18:35:29Z</time><extensions><speed>2.588424</speed><course>292.567209</course><hAcc>1.256838</hAcc><vAcc>0.757793</vAcc></extensions></trkpt>
      <trkpt lon="34.995722" lat="31.902979"><ele>247.182472</ele><time>2026-05-30T18:35:30Z</time><extensions><speed>2.785367</speed><course>292.429981</course><hAcc>1.263253</hAcc><vAcc>0.757921</vAcc></extensions></trkpt>
      <trkpt lon="34.995694" lat="31.902988"><ele>247.139144</ele><time>2026-05-30T18:35:31Z</time><extensions><speed>2.890247</speed><course>289.845795</course><hAcc>1.279745</hAcc><vAcc>0.758014</vAcc></extensions></trkpt>
      <trkpt lon="34.995663" lat="31.902997"><ele>247.098685</ele><time>2026-05-30T18:35:32Z</time><extensions><speed>3.201126</speed><course>287.373844</course><hAcc>1.299779</hAcc><vAcc>0.758049</vAcc></extensions></trkpt>
      <trkpt lon="34.995631" lat="31.903006"><ele>247.057571</ele><time>2026-05-30T18:35:33Z</time><extensions><speed>3.204524</speed><course>288.319886</course><hAcc>1.321412</hAcc><vAcc>0.758015</vAcc></extensions></trkpt>
      <trkpt lon="34.995599" lat="31.903015"><ele>247.006320</ele><time>2026-05-30T18:35:34Z</time><extensions><speed>3.140761</speed><course>288.797609</course><hAcc>1.335203</hAcc><vAcc>0.757919</vAcc></extensions></trkpt>
      <trkpt lon="34.995568" lat="31.903023"><ele>246.941203</ele><time>2026-05-30T18:35:35Z</time><extensions><speed>3.086224</speed><course>286.827295</course><hAcc>1.343919</hAcc><vAcc>0.757783</vAcc></extensions></trkpt>
      <trkpt lon="34.995537" lat="31.903031"><ele>246.893928</ele><time>2026-05-30T18:35:36Z</time><extensions><speed>3.057247</speed><course>284.176795</course><hAcc>1.351977</hAcc><vAcc>0.757628</vAcc></extensions></trkpt>
      <trkpt lon="34.995505" lat="31.903038"><ele>246.838555</ele><time>2026-05-30T18:35:37Z</time><extensions><speed>3.054399</speed><course>283.828669</course><hAcc>1.357017</hAcc><vAcc>0.757471</vAcc></extensions></trkpt>
      <trkpt lon="34.995474" lat="31.903044"><ele>246.771819</ele><time>2026-05-30T18:35:38Z</time><extensions><speed>3.084687</speed><course>284.780118</course><hAcc>1.360058</hAcc><vAcc>0.757322</vAcc></extensions></trkpt>
      <trkpt lon="34.995443" lat="31.903052"><ele>246.700837</ele><time>2026-05-30T18:35:39Z</time><extensions><speed>3.020355</speed><course>286.995159</course><hAcc>1.365367</hAcc><vAcc>0.757190</vAcc></extensions></trkpt>
      <trkpt lon="34.995413" lat="31.903061"><ele>246.612354</ele><time>2026-05-30T18:35:40Z</time><extensions><speed>2.907024</speed><course>293.510437</course><hAcc>1.374741</hAcc><vAcc>0.757078</vAcc></extensions></trkpt>
      <trkpt lon="34.995385" lat="31.903072"><ele>246.525338</ele><time>2026-05-30T18:35:41Z</time><extensions><speed>2.915336</speed><course>293.326555</course><hAcc>1.387288</hAcc><vAcc>0.756986</vAcc></extensions></trkpt>
      <trkpt lon="34.995356" lat="31.903081"><ele>246.431794</ele><time>2026-05-30T18:35:42Z</time><extensions><speed>2.888110</speed><course>290.554992</course><hAcc>1.394638</hAcc><vAcc>0.756913</vAcc></extensions></trkpt>
      <trkpt lon="34.995328" lat="31.903090"><ele>246.339896</ele><time>2026-05-30T18:35:43Z</time><extensions><speed>2.883245</speed><course>286.634903</course><hAcc>1.400613</hAcc><vAcc>0.756857</vAcc></extensions></trkpt>
      <trkpt lon="34.995298" lat="31.903096"><ele>246.233574</ele><time>2026-05-30T18:35:44Z</time><extensions><speed>2.865514</speed><course>280.848291</course><hAcc>1.408778</hAcc><vAcc>0.756816</vAcc></extensions></trkpt>
      <trkpt lon="34.995268" lat="31.903099"><ele>246.119463</ele><time>2026-05-30T18:35:45Z</time><extensions><speed>2.800537</speed><course>273.904337</course><hAcc>1.414751</hAcc><vAcc>0.756787</vAcc></extensions></trkpt>
      <trkpt lon="34.995238" lat="31.903100"><ele>245.996527</ele><time>2026-05-30T18:35:46Z</time><extensions><speed>2.942603</speed><course>270.554250</course><hAcc>1.406671</hAcc><vAcc>0.756766</vAcc></extensions></trkpt>
      <trkpt lon="34.995207" lat="31.903100"><ele>245.855711</ele><time>2026-05-30T18:35:47Z</time><extensions><speed>2.937335</speed><course>269.089502</course><hAcc>1.393396</hAcc><vAcc>0.756753</vAcc></extensions></trkpt>
      <trkpt lon="34.995175" lat="31.903100"><ele>245.709625</ele><time>2026-05-30T18:35:48Z</time><extensions><speed>2.994090</speed><course>269.794758</course><hAcc>1.383364</hAcc><vAcc>0.756745</vAcc></extensions></trkpt>
      <trkpt lon="34.995144" lat="31.903101"><ele>245.564176</ele><time>2026-05-30T18:35:49Z</time><extensions><speed>2.995683</speed><course>273.971068</course><hAcc>1.368553</hAcc><vAcc>0.756740</vAcc></extensions></trkpt>
      <trkpt lon="34.995113" lat="31.903104"><ele>245.427537</ele><time>2026-05-30T18:35:50Z</time><extensions><speed>2.853602</speed><course>278.658085</course><hAcc>1.358253</hAcc><vAcc>0.756737</vAcc></extensions></trkpt>
      <trkpt lon="34.995084" lat="31.903108"><ele>245.301761</ele><time>2026-05-30T18:35:51Z</time><extensions><speed>2.717768</speed><course>281.148391</course><hAcc>1.355240</hAcc><vAcc>0.756736</vAcc></extensions></trkpt>
      <trkpt lon="34.995056" lat="31.903113"><ele>245.168449</ele><time>2026-05-30T18:35:52Z</time><extensions><speed>2.622087</speed><course>283.481575</course><hAcc>1.347569</hAcc><vAcc>0.756736</vAcc></extensions></trkpt>
      <trkpt lon="34.995029" lat="31.903119"><ele>245.008466</ele><time>2026-05-30T18:35:53Z</time><extensions><speed>2.780475</speed><course>284.836330</course><hAcc>1.339682</hAcc><vAcc>0.756736</vAcc></extensions></trkpt>
      <trkpt lon="34.994999" lat="31.903126"><ele>244.862796</ele><time>2026-05-30T18:35:54Z</time><extensions><speed>2.954726</speed><course>286.158080</course><hAcc>1.337672</hAcc><vAcc>0.756736</vAcc></extensions></trkpt>
      <trkpt lon="34.994969" lat="31.903134"><ele>244.716728</ele><time>2026-05-30T18:35:54Z</time><extensions><speed>3.071261</speed><course>286.690515</course><hAcc>1.334374</hAcc><vAcc>0.756737</vAcc></extensions></trkpt>
      <trkpt lon="34.994938" lat="31.903141"><ele>244.571537</ele><time>2026-05-30T18:35:55Z</time><extensions><speed>2.894913</speed><course>285.785461</course><hAcc>1.332003</hAcc><vAcc>0.756737</vAcc></extensions></trkpt>
      <trkpt lon="34.994910" lat="31.903148"><ele>244.440320</ele><time>2026-05-30T18:35:56Z</time><extensions><speed>2.678255</speed><course>283.221790</course><hAcc>1.332269</hAcc><vAcc>0.756737</vAcc></extensions></trkpt>
      <trkpt lon="34.994882" lat="31.903152"><ele>244.312556</ele><time>2026-05-30T18:35:57Z</time><extensions><speed>2.733064</speed><course>278.140227</course><hAcc>1.326703</hAcc><vAcc>0.756737</vAcc></extensions></trkpt>
      <trkpt lon="34.994853" lat="31.903155"><ele>244.198006</ele><time>2026-05-30T18:35:58Z</time><extensions><speed>2.801936</speed><course>275.641693</course><hAcc>1.324697</hAcc><vAcc>0.756737</vAcc></extensions></trkpt>
      <trkpt lon="34.994823" lat="31.903157"><ele>244.085592</ele><time>2026-05-30T18:35:59Z</time><extensions><speed>2.890145</speed><course>273.083730</course><hAcc>1.314454</hAcc><vAcc>0.756737</vAcc></extensions></trkpt>
      <trkpt lon="34.994792" lat="31.903158"><ele>243.974348</ele><time>2026-05-30T18:36:00Z</time><extensions><speed>2.922509</speed><course>271.615820</course><hAcc>1.303250</hAcc><vAcc>0.756737</vAcc></extensions></trkpt>
      <trkpt lon="34.994761" lat="31.903158"><ele>243.849052</ele><time>2026-05-30T18:36:01Z</time><extensions><speed>2.889124</speed><course>270.121406</course><hAcc>1.290817</hAcc><vAcc>0.756737</vAcc></extensions></trkpt>
      <trkpt lon="34.994731" lat="31.903159"><ele>243.738869</ele><time>2026-05-30T18:36:02Z</time><extensions><speed>2.803893</speed><course>272.950393</course><hAcc>1.281886</hAcc><vAcc>0.756737</vAcc></extensions></trkpt>
      <trkpt lon="34.994702" lat="31.903160"><ele>243.644177</ele><time>2026-05-30T18:36:03Z</time><extensions><speed>2.714214</speed><course>273.187759</course><hAcc>1.270757</hAcc><vAcc>0.756736</vAcc></extensions></trkpt>
      <trkpt lon="34.994674" lat="31.903161"><ele>243.555044</ele><time>2026-05-30T18:36:04Z</time><extensions><speed>2.588043</speed><course>270.580471</course><hAcc>1.259023</hAcc><vAcc>0.756736</vAcc></extensions></trkpt>
      <trkpt lon="34.994645" lat="31.903160"><ele>243.471919</ele><time>2026-05-30T18:36:05Z</time><extensions><speed>2.799379</speed><course>266.063546</course><hAcc>1.249544</hAcc><vAcc>0.756736</vAcc></extensions></trkpt>
      <trkpt lon="34.994615" lat="31.903158"><ele>243.395050</ele><time>2026-05-30T18:36:06Z</time><extensions><speed>2.910978</speed><course>263.770821</course><hAcc>1.247787</hAcc><vAcc>0.756736</vAcc></extensions></trkpt>
      <trkpt lon="34.994585" lat="31.903155"><ele>243.326816</ele><time>2026-05-30T18:36:07Z</time><extensions><speed>2.851349</speed><course>262.792525</course><hAcc>1.241501</hAcc><vAcc>0.756736</vAcc></extensions></trkpt>
      <trkpt lon="34.994555" lat="31.903152"><ele>243.265050</ele><time>2026-05-30T18:36:08Z</time><extensions><speed>2.879954</speed><course>264.148565</course><hAcc>1.232161</hAcc><vAcc>0.756736</vAcc></extensions></trkpt>
      <trkpt lon="34.994524" lat="31.903150"><ele>243.224711</ele><time>2026-05-30T18:36:09Z</time><extensions><speed>2.994090</speed><course>267.983972</course><hAcc>1.222846</hAcc><vAcc>0.756736</vAcc></extensions></trkpt>
      <trkpt lon="34.994492" lat="31.903151"><ele>243.192370</ele><time>2026-05-30T18:36:10Z</time><extensions><speed>3.000492</speed><course>274.910649</course><hAcc>1.211899</hAcc><vAcc>0.756736</vAcc></extensions></trkpt>
      <trkpt lon="34.994461" lat="31.903155"><ele>243.170949</ele><time>2026-05-30T18:36:11Z</time><extensions><speed>2.940089</speed><course>282.592469</course><hAcc>1.202318</hAcc><vAcc>0.756736</vAcc></extensions></trkpt>
      <trkpt lon="34.994431" lat="31.903162"><ele>243.166568</ele><time>2026-05-30T18:36:12Z</time><extensions><speed>2.897881</speed><course>286.083569</course><hAcc>1.188665</hAcc><vAcc>0.756736</vAcc></extensions></trkpt>
      <trkpt lon="34.994401" lat="31.903169"><ele>243.188501</ele><time>2026-05-30T18:36:13Z</time><extensions><speed>3.081880</speed><course>287.541839</course><hAcc>1.178845</hAcc><vAcc>0.756736</vAcc></extensions></trkpt>
      <trkpt lon="34.994370" lat="31.903178"><ele>243.194320</ele><time>2026-05-30T18:36:14Z</time><extensions><speed>3.171866</speed><course>287.914566</course><hAcc>1.169963</hAcc><vAcc>0.756736</vAcc></extensions></trkpt>
      <trkpt lon="34.994339" lat="31.903188"><ele>243.208509</ele><time>2026-05-30T18:36:15Z</time><extensions><speed>2.924280</speed><course>293.293750</course><hAcc>1.166387</hAcc><vAcc>0.756736</vAcc></extensions></trkpt>
      <trkpt lon="34.994313" lat="31.903199"><ele>243.237336</ele><time>2026-05-30T18:36:16Z</time><extensions><speed>2.682641</speed><course>298.586520</course><hAcc>1.164149</hAcc><vAcc>0.756736</vAcc></extensions></trkpt>
      <trkpt lon="34.994288" lat="31.903210"><ele>243.249626</ele><time>2026-05-30T18:36:17Z</time><extensions><speed>2.541675</speed><course>298.173176</course><hAcc>1.163003</hAcc><vAcc>0.756736</vAcc></extensions></trkpt>
      <trkpt lon="34.994265" lat="31.903220"><ele>243.257431</ele><time>2026-05-30T18:36:18Z</time><extensions><speed>2.512855</speed><course>294.432051</course><hAcc>1.155208</hAcc><vAcc>0.756736</vAcc></extensions></trkpt>
      <trkpt lon="34.994239" lat="31.903229"><ele>243.259676</ele><time>2026-05-30T18:36:19Z</time><extensions><speed>2.625375</speed><course>289.854973</course><hAcc>1.148048</hAcc><vAcc>0.756736</vAcc></extensions></trkpt>
      <trkpt lon="34.994212" lat="31.903236"><ele>243.251654</ele><time>2026-05-30T18:36:20Z</time><extensions><speed>2.699613</speed><course>283.679299</course><hAcc>1.139584</hAcc><vAcc>0.756736</vAcc></extensions></trkpt>
      <trkpt lon="34.994184" lat="31.903240"><ele>243.205184</ele><time>2026-05-30T18:36:21Z</time><extensions><speed>2.811831</speed><course>278.745920</course><hAcc>1.134644</hAcc><vAcc>0.756736</vAcc></extensions></trkpt>
      <trkpt lon="34.994154" lat="31.903244"><ele>243.148589</ele><time>2026-05-30T18:36:22Z</time><extensions><speed>2.800057</speed><course>276.311927</course><hAcc>1.134054</hAcc><vAcc>0.756736</vAcc></extensions></trkpt>
      <trkpt lon="34.994126" lat="31.903246"><ele>243.078426</ele><time>2026-05-30T18:36:23Z</time><extensions><speed>2.692816</speed><course>276.512621</course><hAcc>1.132543</hAcc><vAcc>0.756736</vAcc></extensions></trkpt>
      <trkpt lon="34.994097" lat="31.903250"><ele>242.987835</ele><time>2026-05-30T18:36:24Z</time><extensions><speed>2.733436</speed><course>280.209090</course><hAcc>1.128242</hAcc><vAcc>0.756736</vAcc></extensions></trkpt>
      <trkpt lon="34.994069" lat="31.903255"><ele>242.876491</ele><time>2026-05-30T18:36:25Z</time><extensions><speed>2.635396</speed><course>283.096633</course><hAcc>1.125995</hAcc><vAcc>0.756736</vAcc></extensions></trkpt>
      <trkpt lon="34.994042" lat="31.903260"><ele>242.732298</ele><time>2026-05-30T18:36:26Z</time><extensions><speed>2.617544</speed><course>283.666912</course><hAcc>1.124150</hAcc><vAcc>0.756736</vAcc></extensions></trkpt>
      <trkpt lon="34.994015" lat="31.903266"><ele>242.585765</ele><time>2026-05-30T18:36:27Z</time><extensions><speed>2.696792</speed><course>284.138490</course><hAcc>1.125050</hAcc><vAcc>0.756736</vAcc></extensions></trkpt>
      <trkpt lon="34.993987" lat="31.903272"><ele>242.439826</ele><time>2026-05-30T18:36:28Z</time><extensions><speed>2.779617</speed><course>283.056999</course><hAcc>1.125055</hAcc><vAcc>0.756736</vAcc></extensions></trkpt>
      <trkpt lon="34.993958" lat="31.903277"><ele>242.265502</ele><time>2026-05-30T18:36:29Z</time><extensions><speed>2.831294</speed><course>278.949170</course><hAcc>1.125983</hAcc><vAcc>0.756736</vAcc></extensions></trkpt>
      <trkpt lon="34.993928" lat="31.903280"><ele>242.080275</ele><time>2026-05-30T18:36:30Z</time><extensions><speed>2.873502</speed><course>275.677764</course><hAcc>1.121181</hAcc><vAcc>0.756736</vAcc></extensions></trkpt>
      <trkpt lon="34.993898" lat="31.903283"><ele>241.903751</ele><time>2026-05-30T18:36:31Z</time><extensions><speed>2.756293</speed><course>279.478897</course><hAcc>1.118062</hAcc><vAcc>0.756736</vAcc></extensions></trkpt>
      <trkpt lon="34.993870" lat="31.903288"><ele>241.724425</ele><time>2026-05-30T18:36:32Z</time><extensions><speed>2.790107</speed><course>282.279287</course><hAcc>1.110889</hAcc><vAcc>0.756736</vAcc></extensions></trkpt>
      <trkpt lon="34.993840" lat="31.903294"><ele>241.534252</ele><time>2026-05-30T18:36:33Z</time><extensions><speed>2.875795</speed><course>283.072804</course><hAcc>1.105791</hAcc><vAcc>0.756736</vAcc></extensions></trkpt>
      <trkpt lon="34.993811" lat="31.903299"><ele>241.330041</ele><time>2026-05-30T18:36:34Z</time><extensions><speed>2.919770</speed><course>281.614396</course><hAcc>1.105338</hAcc><vAcc>0.756736</vAcc></extensions></trkpt>
      <trkpt lon="34.993780" lat="31.903304"><ele>241.133351</ele><time>2026-05-30T18:36:35Z</time><extensions><speed>2.967658</speed><course>277.808007</course><hAcc>1.102926</hAcc><vAcc>0.756736</vAcc></extensions></trkpt>
      <trkpt lon="34.993749" lat="31.903307"><ele>240.929710</ele><time>2026-05-30T18:36:36Z</time><extensions><speed>2.864323</speed><course>277.096764</course><hAcc>1.104861</hAcc><vAcc>0.756736</vAcc></extensions></trkpt>
      <trkpt lon="34.993719" lat="31.903311"><ele>240.724355</ele><time>2026-05-30T18:36:37Z</time><extensions><speed>2.832150</speed><course>278.202923</course><hAcc>1.104118</hAcc><vAcc>0.756736</vAcc></extensions></trkpt>
      <trkpt lon="34.993690" lat="31.903315"><ele>240.524747</ele><time>2026-05-30T18:36:38Z</time><extensions><speed>2.774387</speed><course>280.748134</course><hAcc>1.106300</hAcc><vAcc>0.756736</vAcc></extensions></trkpt>
      <trkpt lon="34.993662" lat="31.903320"><ele>240.313847</ele><time>2026-05-30T18:36:39Z</time><extensions><speed>2.719533</speed><course>281.773345</course><hAcc>1.111488</hAcc><vAcc>0.756736</vAcc></extensions></trkpt>
      <trkpt lon="34.993633" lat="31.903325"><ele>240.109894</ele><time>2026-05-30T18:36:40Z</time><extensions><speed>2.861002</speed><course>282.847869</course><hAcc>1.114616</hAcc><vAcc>0.756736</vAcc></extensions></trkpt>
      <trkpt lon="34.993604" lat="31.903331"><ele>239.910141</ele><time>2026-05-30T18:36:41Z</time><extensions><speed>2.717041</speed><course>283.244854</course><hAcc>1.115754</hAcc><vAcc>0.756736</vAcc></extensions></trkpt>
      <trkpt lon="34.993576" lat="31.903336"><ele>239.702269</ele><time>2026-05-30T18:36:42Z</time><extensions><speed>2.731477</speed><course>281.203924</course><hAcc>1.118116</hAcc><vAcc>0.756736</vAcc></extensions></trkpt>
      <trkpt lon="34.993547" lat="31.903341"><ele>239.511212</ele><time>2026-05-30T18:36:43Z</time><extensions><speed>2.886527</speed><course>280.020972</course><hAcc>1.119970</hAcc><vAcc>0.756736</vAcc></extensions></trkpt>
      <trkpt lon="34.993517" lat="31.903345"><ele>239.345019</ele><time>2026-05-30T18:36:44Z</time><extensions><speed>2.823448</speed><course>280.129077</course><hAcc>1.125070</hAcc><vAcc>0.756736</vAcc></extensions></trkpt>
      <trkpt lon="34.993488" lat="31.903350"><ele>239.185024</ele><time>2026-05-30T18:36:45Z</time><extensions><speed>2.848376</speed><course>281.460697</course><hAcc>1.124016</hAcc><vAcc>0.756736</vAcc></extensions></trkpt>
      <trkpt lon="34.993458" lat="31.903355"><ele>239.041305</ele><time>2026-05-30T18:36:46Z</time><extensions><speed>2.850398</speed><course>282.682574</course><hAcc>1.124245</hAcc><vAcc>0.756736</vAcc></extensions></trkpt>
      <trkpt lon="34.993429" lat="31.903361"><ele>238.913205</ele><time>2026-05-30T18:36:47Z</time><extensions><speed>2.796613</speed><course>283.642012</course><hAcc>1.125843</hAcc><vAcc>0.756736</vAcc></extensions></trkpt>
      <trkpt lon="34.993400" lat="31.903366"><ele>238.783272</ele><time>2026-05-30T18:36:48Z</time><extensions><speed>2.861656</speed><course>280.286585</course><hAcc>1.126945</hAcc><vAcc>0.756736</vAcc></extensions></trkpt>
      <trkpt lon="34.993371" lat="31.903368"><ele>238.662163</ele><time>2026-05-30T18:36:49Z</time><extensions><speed>2.707015</speed><course>268.855704</course><hAcc>1.129009</hAcc><vAcc>0.756736</vAcc></extensions></trkpt>
      <trkpt lon="34.993343" lat="31.903365"><ele>238.554724</ele><time>2026-05-30T18:36:50Z</time><extensions><speed>2.694642</speed><course>257.858939</course><hAcc>1.126123</hAcc><vAcc>0.756736</vAcc></extensions></trkpt>
      <trkpt lon="34.993315" lat="31.903357"><ele>238.448491</ele><time>2026-05-30T18:36:51Z</time><extensions><speed>2.799196</speed><course>244.442241</course><hAcc>1.124405</hAcc><vAcc>0.756736</vAcc></extensions></trkpt>
      <trkpt lon="34.993289" lat="31.903343"><ele>238.365163</ele><time>2026-05-30T18:36:52Z</time><extensions><speed>3.095893</speed><course>231.865596</course><hAcc>1.119992</hAcc><vAcc>0.756736</vAcc></extensions></trkpt>
      <trkpt lon="34.993263" lat="31.903326"><ele>238.277017</ele><time>2026-05-30T18:36:53Z</time><extensions><speed>3.163869</speed><course>233.141435</course><hAcc>1.111833</hAcc><vAcc>0.756736</vAcc></extensions></trkpt>
      <trkpt lon="34.993235" lat="31.903311"><ele>238.197576</ele><time>2026-05-30T18:36:54Z</time><extensions><speed>3.109837</speed><course>243.151431</course><hAcc>1.108555</hAcc><vAcc>0.756736</vAcc></extensions></trkpt>
      <trkpt lon="34.993204" lat="31.903303"><ele>238.136477</ele><time>2026-05-30T18:36:55Z</time><extensions><speed>3.069929</speed><course>261.525356</course><hAcc>1.105468</hAcc><vAcc>0.756736</vAcc></extensions></trkpt>
      <trkpt lon="34.993172" lat="31.903302"><ele>238.058794</ele><time>2026-05-30T18:36:56Z</time><extensions><speed>3.084032</speed><course>275.527751</course><hAcc>1.104434</hAcc><vAcc>0.756736</vAcc></extensions></trkpt>
      <trkpt lon="34.993141" lat="31.903307"><ele>237.958761</ele><time>2026-05-30T18:36:57Z</time><extensions><speed>2.917401</speed><course>284.274314</course><hAcc>1.101841</hAcc><vAcc>0.756736</vAcc></extensions></trkpt>
      <trkpt lon="34.993112" lat="31.903314"><ele>237.872861</ele><time>2026-05-30T18:36:58Z</time><extensions><speed>2.816062</speed><course>290.164969</course><hAcc>1.095154</hAcc><vAcc>0.756736</vAcc></extensions></trkpt>
      <trkpt lon="34.993084" lat="31.903324"><ele>237.784665</ele><time>2026-05-30T18:36:59Z</time><extensions><speed>2.839918</speed><course>295.611898</course><hAcc>1.088193</hAcc><vAcc>0.756736</vAcc></extensions></trkpt>
      <trkpt lon="34.993058" lat="31.903336"><ele>237.685710</ele><time>2026-05-30T18:37:00Z</time><extensions><speed>2.849684</speed><course>300.696723</course><hAcc>1.091108</hAcc><vAcc>0.756736</vAcc></extensions></trkpt>
      <trkpt lon="34.993034" lat="31.903351"><ele>237.593034</ele><time>2026-05-30T18:37:01Z</time><extensions><speed>2.694747</speed><course>308.333591</course><hAcc>1.096116</hAcc><vAcc>0.756736</vAcc></extensions></trkpt>
      <trkpt lon="34.993012" lat="31.903367"><ele>237.498400</ele><time>2026-05-30T18:37:02Z</time><extensions><speed>2.686719</speed><course>315.751801</course><hAcc>1.104480</hAcc><vAcc>0.756736</vAcc></extensions></trkpt>
      <trkpt lon="34.992991" lat="31.903385"><ele>237.408430</ele><time>2026-05-30T18:37:03Z</time><extensions><speed>3.006744</speed><course>315.479207</course><hAcc>1.119321</hAcc><vAcc>0.756736</vAcc></extensions></trkpt>
      <trkpt lon="34.992967" lat="31.903403"><ele>237.323315</ele><time>2026-05-30T18:37:04Z</time><extensions><speed>3.055610</speed><course>306.132460</course><hAcc>1.133460</hAcc><vAcc>0.756736</vAcc></extensions></trkpt>
      <trkpt lon="34.992941" lat="31.903418"><ele>237.243185</ele><time>2026-05-30T18:37:05Z</time><extensions><speed>2.949856</speed><course>300.243986</course><hAcc>1.148698</hAcc><vAcc>0.756736</vAcc></extensions></trkpt>
      <trkpt lon="34.992913" lat="31.903431"><ele>237.169817</ele><time>2026-05-30T18:37:06Z</time><extensions><speed>2.972230</speed><course>297.933616</course><hAcc>1.163337</hAcc><vAcc>0.756736</vAcc></extensions></trkpt>
      <trkpt lon="34.992886" lat="31.903443"><ele>237.089099</ele><time>2026-05-30T18:37:07Z</time><extensions><speed>2.935725</speed><course>297.866501</course><hAcc>1.180724</hAcc><vAcc>0.756736</vAcc></extensions></trkpt>
      <trkpt lon="34.992859" lat="31.903456"><ele>237.033572</ele><time>2026-05-30T18:37:08Z</time><extensions><speed>2.792720</speed><course>299.222727</course><hAcc>1.201920</hAcc><vAcc>0.756736</vAcc></extensions></trkpt>
      <trkpt lon="34.992834" lat="31.903468"><ele>236.980033</ele><time>2026-05-30T18:37:09Z</time><extensions><speed>2.723727</speed><course>300.037259</course><hAcc>1.228354</hAcc><vAcc>0.756736</vAcc></extensions></trkpt>
      <trkpt lon="34.992808" lat="31.903481"><ele>236.923314</ele><time>2026-05-30T18:37:10Z</time><extensions><speed>2.813908</speed><course>301.126025</course><hAcc>1.256364</hAcc><vAcc>0.756736</vAcc></extensions></trkpt>
      <trkpt lon="34.992783" lat="31.903495"><ele>236.888530</ele><time>2026-05-30T18:37:11Z</time><extensions><speed>2.865478</speed><course>303.847790</course><hAcc>1.282110</hAcc><vAcc>0.756739</vAcc></extensions></trkpt>
      <trkpt lon="34.992758" lat="31.903510"><ele>236.865131</ele><time>2026-05-30T18:37:12Z</time><extensions><speed>2.975232</speed><course>308.134338</course><hAcc>1.301502</hAcc><vAcc>0.756743</vAcc></extensions></trkpt>
      <trkpt lon="34.992735" lat="31.903528"><ele>236.838317</ele><time>2026-05-30T18:37:13Z</time><extensions><speed>2.939458</speed><course>314.300659</course><hAcc>1.316673</hAcc><vAcc>0.756747</vAcc></extensions></trkpt>
      <trkpt lon="34.992713" lat="31.903547"><ele>236.817747</ele><time>2026-05-30T18:37:14Z</time><extensions><speed>3.050227</speed><course>320.143297</course><hAcc>1.333076</hAcc><vAcc>0.756752</vAcc></extensions></trkpt>
      <trkpt lon="34.992693" lat="31.903570"><ele>236.798848</ele><time>2026-05-30T18:37:15Z</time><extensions><speed>3.158031</speed><course>324.918246</course><hAcc>1.345984</hAcc><vAcc>0.756758</vAcc></extensions></trkpt>
      <trkpt lon="34.992675" lat="31.903593"><ele>236.767339</ele><time>2026-05-30T18:37:16Z</time><extensions><speed>3.168405</speed><course>327.432765</course><hAcc>1.361189</hAcc><vAcc>0.756766</vAcc></extensions></trkpt>
      <trkpt lon="34.992657" lat="31.903616"><ele>236.731142</ele><time>2026-05-30T18:37:17Z</time><extensions><speed>2.937456</speed><course>327.651061</course><hAcc>1.377096</hAcc><vAcc>0.756774</vAcc></extensions></trkpt>
      <trkpt lon="34.992641" lat="31.903637"><ele>236.685408</ele><time>2026-05-30T18:37:18Z</time><extensions><speed>2.584760</speed><course>327.150025</course><hAcc>1.386566</hAcc><vAcc>0.756785</vAcc></extensions></trkpt>
      <trkpt lon="34.992626" lat="31.903657"><ele>236.659827</ele><time>2026-05-30T18:37:19Z</time><extensions><speed>2.621199</speed><course>324.453875</course><hAcc>1.397371</hAcc><vAcc>0.756799</vAcc></extensions></trkpt>
      <trkpt lon="34.992608" lat="31.903677"><ele>236.615097</ele><time>2026-05-30T18:37:20Z</time><extensions><speed>2.967978</speed><course>319.352712</course><hAcc>1.406546</hAcc><vAcc>0.756818</vAcc></extensions></trkpt>
      <trkpt lon="34.992586" lat="31.903697"><ele>236.560287</ele><time>2026-05-30T18:37:22Z</time><extensions><speed>3.099244</speed><course>316.191898</course><hAcc>1.412059</hAcc><vAcc>0.756825</vAcc></extensions></trkpt>
      <trkpt lon="34.992563" lat="31.903717"><ele>236.509177</ele><time>2026-05-30T18:37:23Z</time><extensions><speed>3.033589</speed><course>314.504949</course><hAcc>1.418681</hAcc><vAcc>0.756807</vAcc></extensions></trkpt>
      <trkpt lon="34.992541" lat="31.903735"><ele>236.456286</ele><time>2026-05-30T18:37:24Z</time><extensions><speed>2.806124</speed><course>314.510641</course><hAcc>1.425662</hAcc><vAcc>0.756793</vAcc></extensions></trkpt>
      <trkpt lon="34.992520" lat="31.903754"><ele>236.368700</ele><time>2026-05-30T18:37:25Z</time><extensions><speed>2.800508</speed><course>316.267620</course><hAcc>1.434260</hAcc><vAcc>0.756783</vAcc></extensions></trkpt>
      <trkpt lon="34.992500" lat="31.903772"><ele>236.272262</ele><time>2026-05-30T18:37:26Z</time><extensions><speed>2.770065</speed><course>318.267172</course><hAcc>1.442227</hAcc><vAcc>0.756774</vAcc></extensions></trkpt>
      <trkpt lon="34.992481" lat="31.903791"><ele>236.169255</ele><time>2026-05-30T18:37:27Z</time><extensions><speed>2.838140</speed><course>320.434177</course><hAcc>1.451020</hAcc><vAcc>0.756768</vAcc></extensions></trkpt>
      <trkpt lon="34.992462" lat="31.903812"><ele>236.057781</ele><time>2026-05-30T18:37:28Z</time><extensions><speed>2.861113</speed><course>322.594289</course><hAcc>1.457859</hAcc><vAcc>0.756763</vAcc></extensions></trkpt>
      <trkpt lon="34.992444" lat="31.903833"><ele>235.946550</ele><time>2026-05-30T18:37:29Z</time><extensions><speed>2.913095</speed><course>324.813025</course><hAcc>1.466114</hAcc><vAcc>0.756758</vAcc></extensions></trkpt>
      <trkpt lon="34.992427" lat="31.903855"><ele>235.846633</ele><time>2026-05-30T18:37:30Z</time><extensions><speed>3.066824</speed><course>327.388574</course><hAcc>1.471150</hAcc><vAcc>0.756755</vAcc></extensions></trkpt>
      <trkpt lon="34.992410" lat="31.903879"><ele>235.753124</ele><time>2026-05-30T18:37:31Z</time><extensions><speed>3.125847</speed><course>329.751777</course><hAcc>1.476037</hAcc><vAcc>0.756752</vAcc></extensions></trkpt>
      <trkpt lon="34.992394" lat="31.903903"><ele>235.654371</ele><time>2026-05-30T18:37:32Z</time><extensions><speed>3.040773</speed><course>332.012403</course><hAcc>1.476744</hAcc><vAcc>0.756749</vAcc></extensions></trkpt>
      <trkpt lon="34.992379" lat="31.903928"><ele>235.550194</ele><time>2026-05-30T18:37:33Z</time><extensions><speed>3.091440</speed><course>334.227769</course><hAcc>1.477988</hAcc><vAcc>0.756747</vAcc></extensions></trkpt>
      <trkpt lon="34.992365" lat="31.903953"><ele>235.465836</ele><time>2026-05-30T18:37:34Z</time><extensions><speed>3.194380</speed><course>336.719947</course><hAcc>1.480823</hAcc><vAcc>0.756745</vAcc></extensions></trkpt>
      <trkpt lon="34.992351" lat="31.903981"><ele>235.405549</ele><time>2026-05-30T18:37:35Z</time><extensions><speed>3.525208</speed><course>336.223974</course><hAcc>1.485421</hAcc><vAcc>0.756744</vAcc></extensions></trkpt>
      <trkpt lon="34.992337" lat="31.904008"><ele>235.354218</ele><time>2026-05-30T18:37:36Z</time><extensions><speed>3.081876</speed><course>335.215520</course><hAcc>1.489696</hAcc><vAcc>0.756742</vAcc></extensions></trkpt>
      <trkpt lon="34.992324" lat="31.904031"><ele>235.289833</ele><time>2026-05-30T18:37:37Z</time><extensions><speed>2.606818</speed><course>333.763911</course><hAcc>1.489941</hAcc><vAcc>0.756741</vAcc></extensions></trkpt>
      <trkpt lon="34.992310" lat="31.904051"><ele>235.227572</ele><time>2026-05-30T18:37:38Z</time><extensions><speed>2.464641</speed><course>326.133032</course><hAcc>1.491916</hAcc><vAcc>0.756740</vAcc></extensions></trkpt>
      <trkpt lon="34.992293" lat="31.904068"><ele>235.173669</ele><time>2026-05-30T18:37:39Z</time><extensions><speed>2.595318</speed><course>315.773091</course><hAcc>1.489053</hAcc><vAcc>0.756739</vAcc></extensions></trkpt>
      <trkpt lon="34.992271" lat="31.904083"><ele>235.131514</ele><time>2026-05-30T18:37:40Z</time><extensions><speed>2.718014</speed><course>302.360060</course><hAcc>1.482510</hAcc><vAcc>0.756738</vAcc></extensions></trkpt>
      <trkpt lon="34.992245" lat="31.904094"><ele>235.089548</ele><time>2026-05-30T18:37:41Z</time><extensions><speed>2.818634</speed><course>289.848886</course><hAcc>1.480862</hAcc><vAcc>0.756738</vAcc></extensions></trkpt>
      <trkpt lon="34.992216" lat="31.904099"><ele>235.053006</ele><time>2026-05-30T18:37:42Z</time><extensions><speed>2.774315</speed><course>274.808523</course><hAcc>1.479821</hAcc><vAcc>0.756737</vAcc></extensions></trkpt>
      <trkpt lon="34.992186" lat="31.904097"><ele>235.013452</ele><time>2026-05-30T18:37:43Z</time><extensions><speed>2.904548</speed><course>258.613846</course><hAcc>1.473596</hAcc><vAcc>0.756737</vAcc></extensions></trkpt>
      <trkpt lon="34.992156" lat="31.904088"><ele>234.995858</ele><time>2026-05-30T18:37:44Z</time><extensions><speed>3.246799</speed><course>244.062732</course><hAcc>1.471604</hAcc><vAcc>0.756737</vAcc></extensions></trkpt>
      <trkpt lon="34.992125" lat="31.904074"><ele>234.951080</ele><time>2026-05-30T18:37:45Z</time><extensions><speed>3.322007</speed><course>240.259750</course><hAcc>1.472946</hAcc><vAcc>0.756737</vAcc></extensions></trkpt>
      <trkpt lon="34.992095" lat="31.904058"><ele>234.914775</ele><time>2026-05-30T18:37:46Z</time><extensions><speed>3.285205</speed><course>235.716284</course><hAcc>1.478958</hAcc><vAcc>0.756737</vAcc></extensions></trkpt>
      <trkpt lon="34.992067" lat="31.904041"><ele>234.887116</ele><time>2026-05-30T18:37:47Z</time><extensions><speed>3.117386</speed><course>232.749460</course><hAcc>1.485080</hAcc><vAcc>0.756798</vAcc></extensions></trkpt>
      <trkpt lon="34.992042" lat="31.904024"><ele>234.837212</ele><time>2026-05-30T18:37:48Z</time><extensions><speed>3.003208</speed><course>227.082297</course><hAcc>1.489678</hAcc><vAcc>0.756826</vAcc></extensions></trkpt>
      <trkpt lon="34.992020" lat="31.904004"><ele>234.810119</ele><time>2026-05-30T18:37:49Z</time><extensions><speed>2.978391</speed><course>223.684813</course><hAcc>1.500204</hAcc><vAcc>0.756859</vAcc></extensions></trkpt>
      <trkpt lon="34.991998" lat="31.903985"><ele>234.797039</ele><time>2026-05-30T18:37:50Z</time><extensions><speed>2.949338</speed><course>223.242704</course><hAcc>1.505546</hAcc><vAcc>0.756899</vAcc></extensions></trkpt>
      <trkpt lon="34.991977" lat="31.903966"><ele>234.780810</ele><time>2026-05-30T18:37:51Z</time><extensions><speed>2.873734</speed><course>223.653245</course><hAcc>1.505441</hAcc><vAcc>0.757370</vAcc></extensions></trkpt>
      <trkpt lon="34.991955" lat="31.903947"><ele>234.767481</ele><time>2026-05-30T18:37:52Z</time><extensions><speed>2.909551</speed><course>225.340934</course><hAcc>1.503851</hAcc><vAcc>0.758184</vAcc></extensions></trkpt>
      <trkpt lon="34.991933" lat="31.903930"><ele>234.755121</ele><time>2026-05-30T18:37:53Z</time><extensions><speed>2.827335</speed><course>229.705541</course><hAcc>1.494017</hAcc><vAcc>0.759322</vAcc></extensions></trkpt>
      <trkpt lon="34.991910" lat="31.903914"><ele>234.755113</ele><time>2026-05-30T18:37:54Z</time><extensions><speed>2.717156</speed><course>233.505399</course><hAcc>1.473539</hAcc><vAcc>0.760980</vAcc></extensions></trkpt>
      <trkpt lon="34.991885" lat="31.903899"><ele>234.775009</ele><time>2026-05-30T18:37:55Z</time><extensions><speed>3.023361</speed><course>235.704983</course><hAcc>1.456270</hAcc><vAcc>0.762834</vAcc></extensions></trkpt>
      <trkpt lon="34.991859" lat="31.903884"><ele>234.814307</ele><time>2026-05-30T18:37:56Z</time><extensions><speed>3.003840</speed><course>236.349361</course><hAcc>1.441880</hAcc><vAcc>0.764808</vAcc></extensions></trkpt>
      <trkpt lon="34.991832" lat="31.903869"><ele>234.861580</ele><time>2026-05-30T18:37:57Z</time><extensions><speed>3.090341</speed><course>236.662209</course><hAcc>1.426575</hAcc><vAcc>0.766812</vAcc></extensions></trkpt>
      <trkpt lon="34.991806" lat="31.903854"><ele>234.909827</ele><time>2026-05-30T18:37:58Z</time><extensions><speed>3.093205</speed><course>234.618115</course><hAcc>1.410358</hAcc><vAcc>0.768880</vAcc></extensions></trkpt>
      <trkpt lon="34.991779" lat="31.903838"><ele>234.959727</ele><time>2026-05-30T18:37:59Z</time><extensions><speed>3.069326</speed><course>234.162752</course><hAcc>1.391922</hAcc><vAcc>0.770978</vAcc></extensions></trkpt>
      <trkpt lon="34.991755" lat="31.903822"><ele>235.007920</ele><time>2026-05-30T18:38:00Z</time><extensions><speed>2.841464</speed><course>231.150189</course><hAcc>1.375860</hAcc><vAcc>0.772968</vAcc></extensions></trkpt>
      <trkpt lon="34.991733" lat="31.903806"><ele>235.052458</ele><time>2026-05-30T18:38:01Z</time><extensions><speed>2.609133</speed><course>227.014238</course><hAcc>1.361164</hAcc><vAcc>0.774651</vAcc></extensions></trkpt>
      <trkpt lon="34.991714" lat="31.903789"><ele>235.089788</ele><time>2026-05-30T18:38:01Z</time><extensions><speed>2.573741</speed><course>221.718896</course><hAcc>1.342957</hAcc><vAcc>0.775805</vAcc></extensions></trkpt>
      <trkpt lon="34.991697" lat="31.903772"><ele>235.128467</ele><time>2026-05-30T18:38:02Z</time><extensions><speed>2.425955</speed><course>216.894797</course><hAcc>1.326785</hAcc><vAcc>0.776253</vAcc></extensions></trkpt>
      <trkpt lon="34.991682" lat="31.903756"><ele>235.164560</ele><time>2026-05-30T18:38:03Z</time><extensions><speed>2.121337</speed><course>223.099395</course><hAcc>1.308985</hAcc><vAcc>0.775915</vAcc></extensions></trkpt>
      <trkpt lon="34.991667" lat="31.903745"><ele>235.197257</ele><time>2026-05-30T18:38:04Z</time><extensions><speed>1.555671</speed><course>240.141114</course><hAcc>1.290968</hAcc><vAcc>0.774825</vAcc></extensions></trkpt>
      <trkpt lon="34.991653" lat="31.903744"><ele>235.219675</ele><time>2026-05-30T18:38:05Z</time><extensions><speed>1.413461</speed><course>288.742107</course><hAcc>1.279903</hAcc><vAcc>0.773129</vAcc></extensions></trkpt>
      <trkpt lon="34.991642" lat="31.903754"><ele>235.245346</ele><time>2026-05-30T18:38:06Z</time><extensions><speed>1.927743</speed><course>339.057193</course><hAcc>1.272645</hAcc><vAcc>0.771048</vAcc></extensions></trkpt>
      <trkpt lon="34.991638" lat="31.903773"><ele>235.252487</ele><time>2026-05-30T18:38:07Z</time><extensions><speed>2.432629</speed><course>358.742792</course><hAcc>1.263404</hAcc><vAcc>0.768808</vAcc></extensions></trkpt>
      <trkpt lon="34.991637" lat="31.903796"><ele>235.233442</ele><time>2026-05-30T18:38:08Z</time><extensions><speed>2.609378</speed><course>356.854733</course><hAcc>1.250604</hAcc><vAcc>0.766601</vAcc></extensions></trkpt>
      <trkpt lon="34.991632" lat="31.903820"><ele>235.209335</ele><time>2026-05-30T18:38:09Z</time><extensions><speed>2.728400</speed><course>344.957920</course><hAcc>1.240922</hAcc><vAcc>0.764561</vAcc></extensions></trkpt>
      <trkpt lon="34.991623" lat="31.903844"><ele>235.187798</ele><time>2026-05-30T18:38:10Z</time><extensions><speed>2.885322</speed><course>338.646179</course><hAcc>1.232441</hAcc><vAcc>0.762766</vAcc></extensions></trkpt>
      <trkpt lon="34.991613" lat="31.903868"><ele>235.158431</ele><time>2026-05-30T18:38:11Z</time><extensions><speed>2.866070</speed><course>340.863826</course><hAcc>1.224533</hAcc><vAcc>0.761253</vAcc></extensions></trkpt>
      <trkpt lon="34.991607" lat="31.903892"><ele>235.114009</ele><time>2026-05-30T18:38:12Z</time><extensions><speed>2.613895</speed><course>355.107991</course><hAcc>1.205569</hAcc><vAcc>0.760022</vAcc></extensions></trkpt>
      <trkpt lon="34.991608" lat="31.903915"><ele>235.059222</ele><time>2026-05-30T18:38:13Z</time><extensions><speed>2.536382</speed><course>11.393079</course><hAcc>1.194624</hAcc><vAcc>0.759056</vAcc></extensions></trkpt>
      <trkpt lon="34.991618" lat="31.903936"><ele>235.006749</ele><time>2026-05-30T18:38:14Z</time><extensions><speed>2.551020</speed><course>31.304925</course><hAcc>1.187690</hAcc><vAcc>0.758322</vAcc></extensions></trkpt>
      <trkpt lon="34.991635" lat="31.903954"><ele>234.924466</ele><time>2026-05-30T18:38:15Z</time><extensions><speed>2.760453</speed><course>47.485336</course><hAcc>1.181706</hAcc><vAcc>0.757782</vAcc></extensions></trkpt>
      <trkpt lon="34.991659" lat="31.903970"><ele>234.839779</ele><time>2026-05-30T18:38:16Z</time><extensions><speed>3.001490</speed><course>56.361886</course><hAcc>1.172124</hAcc><vAcc>0.757399</vAcc></extensions></trkpt>
      <trkpt lon="34.991687" lat="31.903985"><ele>234.753411</ele><time>2026-05-30T18:38:17Z</time><extensions><speed>3.161460</speed><course>59.119517</course><hAcc>1.169410</hAcc><vAcc>0.757136</vAcc></extensions></trkpt>
      <trkpt lon="34.991715" lat="31.903999"><ele>234.648795</ele><time>2026-05-30T18:38:18Z</time><extensions><speed>3.043122</speed><course>59.513631</course><hAcc>1.166602</hAcc><vAcc>0.756964</vAcc></extensions></trkpt>
      <trkpt lon="34.991742" lat="31.904013"><ele>234.515840</ele><time>2026-05-30T18:38:19Z</time><extensions><speed>2.815399</speed><course>59.065530</course><hAcc>1.162310</hAcc><vAcc>0.756857</vAcc></extensions></trkpt>
      <trkpt lon="34.991767" lat="31.904026"><ele>234.374867</ele><time>2026-05-30T18:38:20Z</time><extensions><speed>2.700197</speed><course>57.543233</course><hAcc>1.159239</hAcc><vAcc>0.756795</vAcc></extensions></trkpt>
      <trkpt lon="34.991791" lat="31.904039"><ele>234.221337</ele><time>2026-05-30T18:38:21Z</time><extensions><speed>2.761029</speed><course>55.721836</course><hAcc>1.153972</hAcc><vAcc>0.756762</vAcc></extensions></trkpt>
      <trkpt lon="34.991815" lat="31.904054"><ele>234.057786</ele><time>2026-05-30T18:38:22Z</time><extensions><speed>2.890596</speed><course>54.663339</course><hAcc>1.147532</hAcc><vAcc>0.756747</vAcc></extensions></trkpt>
      <trkpt lon="34.991840" lat="31.904069"><ele>233.899403</ele><time>2026-05-30T18:38:23Z</time><extensions><speed>2.909640</speed><course>54.921958</course><hAcc>1.145481</hAcc><vAcc>0.756743</vAcc></extensions></trkpt>
      <trkpt lon="34.991866" lat="31.904083"><ele>233.730637</ele><time>2026-05-30T18:38:24Z</time><extensions><speed>2.873198</speed><course>56.996869</course><hAcc>1.140244</hAcc><vAcc>0.756743</vAcc></extensions></trkpt>
      <trkpt lon="34.991891" lat="31.904097"><ele>233.560031</ele><time>2026-05-30T18:38:25Z</time><extensions><speed>2.800306</speed><course>56.520931</course><hAcc>1.138341</hAcc><vAcc>0.756746</vAcc></extensions></trkpt>
      <trkpt lon="34.991916" lat="31.904112"><ele>233.398285</ele><time>2026-05-30T18:38:26Z</time><extensions><speed>2.839119</speed><course>55.523320</course><hAcc>1.139412</hAcc><vAcc>0.756749</vAcc></extensions></trkpt>
      <trkpt lon="34.991941" lat="31.904127"><ele>233.243377</ele><time>2026-05-30T18:38:27Z</time><extensions><speed>3.057801</speed><course>55.843668</course><hAcc>1.135979</hAcc><vAcc>0.756751</vAcc></extensions></trkpt>
      <trkpt lon="34.991968" lat="31.904142"><ele>233.084369</ele><time>2026-05-30T18:38:28Z</time><extensions><speed>3.164976</speed><course>55.685025</course><hAcc>1.134110</hAcc><vAcc>0.756752</vAcc></extensions></trkpt>
      <trkpt lon="34.991996" lat="31.904159"><ele>232.941298</ele><time>2026-05-30T18:38:29Z</time><extensions><speed>3.251666</speed><course>52.655517</course><hAcc>1.132597</hAcc><vAcc>0.756752</vAcc></extensions></trkpt>
      <trkpt lon="34.992021" lat="31.904177"><ele>232.816822</ele><time>2026-05-30T18:38:30Z</time><extensions><speed>2.931907</speed><course>48.855957</course><hAcc>1.134097</hAcc><vAcc>0.756751</vAcc></extensions></trkpt>
      <trkpt lon="34.992043" lat="31.904194"><ele>232.688814</ele><time>2026-05-30T18:38:31Z</time><extensions><speed>2.710219</speed><course>44.652788</course><hAcc>1.133688</hAcc><vAcc>0.756750</vAcc></extensions></trkpt>
      <trkpt lon="34.992062" lat="31.904212"><ele>232.571863</ele><time>2026-05-30T18:38:32Z</time><extensions><speed>2.595520</speed><course>40.951291</course><hAcc>1.129253</hAcc><vAcc>0.756748</vAcc></extensions></trkpt>
      <trkpt lon="34.992078" lat="31.904231"><ele>232.474694</ele><time>2026-05-30T18:38:33Z</time><extensions><speed>2.551830</speed><course>29.737017</course><hAcc>1.124366</hAcc><vAcc>0.756746</vAcc></extensions></trkpt>
      <trkpt lon="34.992090" lat="31.904252"><ele>232.391282</ele><time>2026-05-30T18:38:34Z</time><extensions><speed>2.751262</speed><course>23.104529</course><hAcc>1.125691</hAcc><vAcc>0.756744</vAcc></extensions></trkpt>
      <trkpt lon="34.992105" lat="31.904275"><ele>232.318075</ele><time>2026-05-30T18:38:35Z</time><extensions><speed>3.086461</speed><course>32.513753</course><hAcc>1.127425</hAcc><vAcc>0.756742</vAcc></extensions></trkpt>
      <trkpt lon="34.992124" lat="31.904297"><ele>232.269471</ele><time>2026-05-30T18:38:36Z</time><extensions><speed>2.982285</speed><course>41.970910</course><hAcc>1.128243</hAcc><vAcc>0.756741</vAcc></extensions></trkpt>
      <trkpt lon="34.992145" lat="31.904315"><ele>232.236764</ele><time>2026-05-30T18:38:37Z</time><extensions><speed>2.635649</speed><course>48.488411</course><hAcc>1.137133</hAcc><vAcc>0.756740</vAcc></extensions></trkpt>
      <trkpt lon="34.992164" lat="31.904330"><ele>232.216663</ele><time>2026-05-30T18:38:38Z</time><extensions><speed>2.358436</speed><course>45.169281</course><hAcc>1.151204</hAcc><vAcc>0.756739</vAcc></extensions></trkpt>
      <trkpt lon="34.992179" lat="31.904347"><ele>232.196937</ele><time>2026-05-30T18:38:39Z</time><extensions><speed>2.299743</speed><course>28.506311</course><hAcc>1.161000</hAcc><vAcc>0.756738</vAcc></extensions></trkpt>
      <trkpt lon="34.992185" lat="31.904366"><ele>232.185703</ele><time>2026-05-30T18:38:40Z</time><extensions><speed>2.183077</speed><course>2.076025</course><hAcc>1.166279</hAcc><vAcc>0.756737</vAcc></extensions></trkpt>
      <trkpt lon="34.992180" lat="31.904385"><ele>232.195184</ele><time>2026-05-30T18:38:41Z</time><extensions><speed>2.388333</speed><course>335.804304</course><hAcc>1.172536</hAcc><vAcc>0.756737</vAcc></extensions></trkpt>
      <trkpt lon="34.992165" lat="31.904405"><ele>232.171487</ele><time>2026-05-30T18:38:42Z</time><extensions><speed>2.876085</speed><course>320.682524</course><hAcc>1.175810</hAcc><vAcc>0.756736</vAcc></extensions></trkpt>
      <trkpt lon="34.992144" lat="31.904425"><ele>232.113976</ele><time>2026-05-30T18:38:43Z</time><extensions><speed>3.154749</speed><course>313.744162</course><hAcc>1.178634</hAcc><vAcc>0.756736</vAcc></extensions></trkpt>
      <trkpt lon="34.992120" lat="31.904445"><ele>232.068674</ele><time>2026-05-30T18:38:44Z</time><extensions><speed>3.207211</speed><course>315.588033</course><hAcc>1.180906</hAcc><vAcc>0.756985</vAcc></extensions></trkpt>
      <trkpt lon="34.992097" lat="31.904466"><ele>232.022071</ele><time>2026-05-30T18:38:45Z</time><extensions><speed>3.104748</speed><course>318.027001</course><hAcc>1.184137</hAcc><vAcc>0.757098</vAcc></extensions></trkpt>
      <trkpt lon="34.992075" lat="31.904487"><ele>231.968155</ele><time>2026-05-30T18:38:46Z</time><extensions><speed>3.059436</speed><course>318.119407</course><hAcc>1.189558</hAcc><vAcc>0.757235</vAcc></extensions></trkpt>
      <trkpt lon="34.992054" lat="31.904507"><ele>231.916401</ele><time>2026-05-30T18:38:47Z</time><extensions><speed>2.981607</speed><course>317.764759</course><hAcc>1.200716</hAcc><vAcc>0.757392</vAcc></extensions></trkpt>
      <trkpt lon="34.992032" lat="31.904526"><ele>231.851149</ele><time>2026-05-30T18:38:48Z</time><extensions><speed>2.965361</speed><course>315.790629</course><hAcc>1.214628</hAcc><vAcc>0.757570</vAcc></extensions></trkpt>
      <trkpt lon="34.992010" lat="31.904546"><ele>231.787948</ele><time>2026-05-30T18:38:49Z</time><extensions><speed>2.959847</speed><course>315.434096</course><hAcc>1.230016</hAcc><vAcc>0.757763</vAcc></extensions></trkpt>
      <trkpt lon="34.991990" lat="31.904564"><ele>231.724646</ele><time>2026-05-30T18:38:50Z</time><extensions><speed>2.796503</speed><course>317.805578</course><hAcc>1.242478</hAcc><vAcc>0.757962</vAcc></extensions></trkpt>
      <trkpt lon="34.991971" lat="31.904584"><ele>231.654064</ele><time>2026-05-30T18:38:51Z</time><extensions><speed>2.790828</speed><course>322.523590</course><hAcc>1.256997</hAcc><vAcc>0.758152</vAcc></extensions></trkpt>
      <trkpt lon="34.991953" lat="31.904605"><ele>231.578508</ele><time>2026-05-30T18:38:52Z</time><extensions><speed>3.017425</speed><course>328.486886</course><hAcc>1.269678</hAcc><vAcc>0.758316</vAcc></extensions></trkpt>
      <trkpt lon="34.991936" lat="31.904627"><ele>231.502546</ele><time>2026-05-30T18:38:53Z</time><extensions><speed>2.883915</speed><course>325.168675</course><hAcc>1.277277</hAcc><vAcc>0.758428</vAcc></extensions></trkpt>
      <trkpt lon="34.991918" lat="31.904648"><ele>231.434070</ele><time>2026-05-30T18:38:54Z</time><extensions><speed>2.741553</speed><course>320.672158</course><hAcc>1.279432</hAcc><vAcc>0.758458</vAcc></extensions></trkpt>
      <trkpt lon="34.991900" lat="31.904666"><ele>231.369596</ele><time>2026-05-30T18:38:55Z</time><extensions><speed>2.554003</speed><course>319.276823</course><hAcc>1.277319</hAcc><vAcc>0.763516</vAcc></extensions></trkpt>
      <trkpt lon="34.991883" lat="31.904683"><ele>231.310642</ele><time>2026-05-30T18:38:56Z</time><extensions><speed>2.470287</speed><course>320.674255</course><hAcc>1.277090</hAcc><vAcc>0.772158</vAcc></extensions></trkpt>
      <trkpt lon="34.991867" lat="31.904701"><ele>231.257046</ele><time>2026-05-30T18:38:57Z</time><extensions><speed>2.474006</speed><course>320.416880</course><hAcc>1.278224</hAcc><vAcc>0.786583</vAcc></extensions></trkpt>
      <trkpt lon="34.991850" lat="31.904718"><ele>231.208217</ele><time>2026-05-30T18:38:58Z</time><extensions><speed>2.425145</speed><course>320.248056</course><hAcc>1.277983</hAcc><vAcc>0.809693</vAcc></extensions></trkpt>
      <trkpt lon="34.991834" lat="31.904734"><ele>231.163321</ele><time>2026-05-30T18:38:59Z</time><extensions><speed>2.454775</speed><course>319.212317</course><hAcc>1.282769</hAcc><vAcc>0.845006</vAcc></extensions></trkpt>
      <trkpt lon="34.991817" lat="31.904752"><ele>231.121375</ele><time>2026-05-30T18:39:00Z</time><extensions><speed>2.597361</speed><course>321.574178</course><hAcc>1.296079</hAcc><vAcc>0.896387</vAcc></extensions></trkpt>
      <trkpt lon="34.991800" lat="31.904771"><ele>231.081476</ele><time>2026-05-30T18:39:01Z</time><extensions><speed>2.636641</speed><course>325.337660</course><hAcc>1.324053</hAcc><vAcc>0.967602</vAcc></extensions></trkpt>
      <trkpt lon="34.991784" lat="31.904790"><ele>231.042990</ele><time>2026-05-30T18:39:02Z</time><extensions><speed>2.573937</speed><course>323.761865</course><hAcc>1.389081</hAcc><vAcc>1.061827</vAcc></extensions></trkpt>
      <trkpt lon="34.991767" lat="31.904809"><ele>231.005475</ele><time>2026-05-30T18:39:03Z</time><extensions><speed>2.672184</speed><course>320.385961</course><hAcc>1.538233</hAcc><vAcc>1.181272</vAcc></extensions></trkpt>
      <trkpt lon="34.991748" lat="31.904827"><ele>230.968528</ele><time>2026-05-30T18:39:04Z</time><extensions><speed>2.827298</speed><course>317.153231</course><hAcc>1.845587</hAcc><vAcc>1.327024</vAcc></extensions></trkpt>
    </trkseg>
  </trk>
</gpx>