<?xml version="1.0" encoding="UTF-8"?>
<gpx version="1.1" creator="Apple Health Export" xmlns="http://www.topografix.com/GPX/1/1" xmlns:xsi="http://www.w3.org/2001/XMLSchema-instance" xsi:schemaLocation="http://www.topografix.com/GPX/1/1 http://www.topografix.com/GPX/1/1/gpx.xsd">
  <metadata>
    <time>2026-06-04T15:24:54Z</time>
  </metadata>
  <trk>
    <name>Route 2025-03-20 12:41pm</name>
    <trkseg>
      <trkpt lon="12.489993" lat="41.891531"><ele>25.202974</ele><time>2025-03-20T10:17:37Z</time><extensions><speed>1.203333</speed><course>141.366191</course><hAcc>4.063399</hAcc><vAcc>1.839505</vAcc></extensions></trkpt>
      <trkpt lon="12.490002" lat="41.891522"><ele>25.299921</ele><time>2025-03-20T10:17:38Z</time><extensions><speed>1.205178</speed><course>141.349970</course><hAcc>3.652604</hAcc><vAcc>1.676042</vAcc></extensions></trkpt>
      <trkpt lon="12.490012" lat="41.891514"><ele>25.396543</ele><time>2025-03-20T10:17:39Z</time><extensions><speed>1.272034</speed><course>137.896885</course><hAcc>3.444339</hAcc><vAcc>1.533622</vAcc></extensions></trkpt>
      <trkpt lon="12.490024" lat="41.891505"><ele>25.493892</ele><time>2025-03-20T10:17:40Z</time><extensions><speed>1.485098</speed><course>133.279938</course><hAcc>3.303298</hAcc><vAcc>1.411130</vAcc></extensions></trkpt>
      <trkpt lon="12.490036" lat="41.891497"><ele>25.591997</ele><time>2025-03-20T10:17:41Z</time><extensions><speed>1.242516</speed><course>124.723258</course><hAcc>3.227543</hAcc><vAcc>1.307097</vAcc></extensions></trkpt>
      <trkpt lon="12.490050" lat="41.891491"><ele>25.690948</ele><time>2025-03-20T10:17:42Z</time><extensions><speed>1.405670</speed><course>120.707395</course><hAcc>3.122272</hAcc><vAcc>1.219765</vAcc></extensions></trkpt>
      <trkpt lon="12.490065" lat="41.891484"><ele>25.790964</ele><time>2025-03-20T10:17:43Z</time><extensions><speed>1.492822</speed><course>118.380073</course><hAcc>3.018497</hAcc><vAcc>1.147182</vAcc></extensions></trkpt>
      <trkpt lon="12.490079" lat="41.891477"><ele>25.892360</ele><time>2025-03-20T10:17:44Z</time><extensions><speed>1.339152</speed><course>126.205502</course><hAcc>2.941205</hAcc><vAcc>1.087330</vAcc></extensions></trkpt>
      <trkpt lon="12.490092" lat="41.891470"><ele>25.995429</ele><time>2025-03-20T10:17:45Z</time><extensions><speed>1.385426</speed><course>131.283465</course><hAcc>2.841086</hAcc><vAcc>1.038272</vAcc></extensions></trkpt>
      <trkpt lon="12.490105" lat="41.891461"><ele>26.100342</ele><time>2025-03-20T10:17:46Z</time><extensions><speed>1.398991</speed><course>132.677543</course><hAcc>2.738086</hAcc><vAcc>0.998259</vAcc></extensions></trkpt>
      <trkpt lon="12.490117" lat="41.891453"><ele>26.207098</ele><time>2025-03-20T10:17:47Z</time><extensions><speed>1.369727</speed><course>132.295934</course><hAcc>2.653298</hAcc><vAcc>0.965759</vAcc></extensions></trkpt>
      <trkpt lon="12.490129" lat="41.891445"><ele>26.315491</ele><time>2025-03-20T10:17:48Z</time><extensions><speed>1.377135</speed><course>131.256254</course><hAcc>2.586331</hAcc><vAcc>0.939426</vAcc></extensions></trkpt>
      <trkpt lon="12.490142" lat="41.891437"><ele>26.425078</ele><time>2025-03-20T10:17:49Z</time><extensions><speed>1.420651</speed><course>129.209129</course><hAcc>2.528280</hAcc><vAcc>0.918061</vAcc></extensions></trkpt>
      <trkpt lon="12.490156" lat="41.891428"><ele>26.535221</ele><time>2025-03-20T10:17:50Z</time><extensions><speed>1.484058</speed><course>130.616928</course><hAcc>2.470333</hAcc><vAcc>0.900602</vAcc></extensions></trkpt>
      <trkpt lon="12.490169" lat="41.891419"><ele>26.645109</ele><time>2025-03-20T10:17:51Z</time><extensions><speed>1.529252</speed><course>131.837943</course><hAcc>2.417029</hAcc><vAcc>0.886121</vAcc></extensions></trkpt>
      <trkpt lon="12.490183" lat="41.891410"><ele>26.753788</ele><time>2025-03-20T10:17:52Z</time><extensions><speed>1.520944</speed><course>131.339536</course><hAcc>2.391669</hAcc><vAcc>0.873836</vAcc></extensions></trkpt>
      <trkpt lon="12.490195" lat="41.891403"><ele>26.860483</ele><time>2025-03-20T10:17:53Z</time><extensions><speed>1.094310</speed><course>126.190370</course><hAcc>2.412817</hAcc><vAcc>0.863121</vAcc></extensions></trkpt>
      <trkpt lon="12.490206" lat="41.891396"><ele>26.965199</ele><time>2025-03-20T10:17:54Z</time><extensions><speed>1.207043</speed><course>135.152414</course><hAcc>2.370953</hAcc><vAcc>0.853491</vAcc></extensions></trkpt>
      <trkpt lon="12.490216" lat="41.891387"><ele>27.068898</ele><time>2025-03-20T10:17:55Z</time><extensions><speed>1.311286</speed><course>142.172596</course><hAcc>2.291415</hAcc><vAcc>0.844574</vAcc></extensions></trkpt>
      <trkpt lon="12.490226" lat="41.891378"><ele>27.173135</ele><time>2025-03-20T10:17:56Z</time><extensions><speed>1.396965</speed><course>143.172602</course><hAcc>2.220297</hAcc><vAcc>0.836076</vAcc></extensions></trkpt>
      <trkpt lon="12.490236" lat="41.891368"><ele>27.279533</ele><time>2025-03-20T10:17:57Z</time><extensions><speed>1.432805</speed><course>142.435672</course><hAcc>2.190453</hAcc><vAcc>0.827742</vAcc></extensions></trkpt>
      <trkpt lon="12.490247" lat="41.891357"><ele>27.389291</ele><time>2025-03-20T10:17:58Z</time><extensions><speed>1.463848</speed><course>140.524219</course><hAcc>2.189970</hAcc><vAcc>0.819374</vAcc></extensions></trkpt>
      <trkpt lon="12.490259" lat="41.891347"><ele>27.502893</ele><time>2025-03-20T10:17:59Z</time><extensions><speed>1.641424</speed><course>138.329294</course><hAcc>2.167500</hAcc><vAcc>0.810883</vAcc></extensions></trkpt>
      <trkpt lon="12.490273" lat="41.891336"><ele>27.620076</ele><time>2025-03-20T10:18:00Z</time><extensions><speed>1.725385</speed><course>134.081268</course><hAcc>2.136648</hAcc><vAcc>0.802314</vAcc></extensions></trkpt>
      <trkpt lon="12.490288" lat="41.891325"><ele>27.740125</ele><time>2025-03-20T10:18:01Z</time><extensions><speed>1.680182</speed><course>131.191786</course><hAcc>2.107723</hAcc><vAcc>0.793817</vAcc></extensions></trkpt>
      <trkpt lon="12.490303" lat="41.891316"><ele>27.862107</ele><time>2025-03-20T10:18:02Z</time><extensions><speed>1.537804</speed><course>128.383452</course><hAcc>2.061127</hAcc><vAcc>0.785606</vAcc></extensions></trkpt>
      <trkpt lon="12.490318" lat="41.891308"><ele>27.984766</ele><time>2025-03-20T10:18:03Z</time><extensions><speed>1.510589</speed><course>126.130530</course><hAcc>2.013200</hAcc><vAcc>0.777933</vAcc></extensions></trkpt>
      <trkpt lon="12.490333" lat="41.891300"><ele>28.106346</ele><time>2025-03-20T10:18:04Z</time><extensions><speed>1.640776</speed><course>123.565822</course><hAcc>1.982774</hAcc><vAcc>0.771040</vAcc></extensions></trkpt>
      <trkpt lon="12.490350" lat="41.891292"><ele>28.224819</ele><time>2025-03-20T10:18:05Z</time><extensions><speed>1.665396</speed><course>121.906262</course><hAcc>1.981154</hAcc><vAcc>0.765106</vAcc></extensions></trkpt>
      <trkpt lon="12.490366" lat="41.891284"><ele>28.338448</ele><time>2025-03-20T10:18:05Z</time><extensions><speed>1.468290</speed><course>119.115885</course><hAcc>1.964394</hAcc><vAcc>0.760227</vAcc></extensions></trkpt>
      <trkpt lon="12.490381" lat="41.891278"><ele>28.446113</ele><time>2025-03-20T10:18:06Z</time><extensions><speed>1.474240</speed><course>120.680167</course><hAcc>1.931299</hAcc><vAcc>0.756409</vAcc></extensions></trkpt>
      <trkpt lon="12.490397" lat="41.891270"><ele>28.547387</ele><time>2025-03-20T10:18:07Z</time><extensions><speed>1.631897</speed><course>124.594791</course><hAcc>1.890794</hAcc><vAcc>0.753593</vAcc></extensions></trkpt>
      <trkpt lon="12.490414" lat="41.891262"><ele>28.642358</ele><time>2025-03-20T10:18:08Z</time><extensions><speed>1.686359</speed><course>125.740557</course><hAcc>1.878545</hAcc><vAcc>0.751671</vAcc></extensions></trkpt>
      <trkpt lon="12.490429" lat="41.891253"><ele>28.731482</ele><time>2025-03-20T10:18:09Z</time><extensions><speed>1.413299</speed><course>126.743056</course><hAcc>1.887472</hAcc><vAcc>0.750507</vAcc></extensions></trkpt>
      <trkpt lon="12.490442" lat="41.891246"><ele>28.815709</ele><time>2025-03-20T10:18:10Z</time><extensions><speed>1.396273</speed><course>130.982353</course><hAcc>1.858217</hAcc><vAcc>0.749951</vAcc></extensions></trkpt>
      <trkpt lon="12.490454" lat="41.891237"><ele>28.896456</ele><time>2025-03-20T10:18:11Z</time><extensions><speed>1.323123</speed><course>134.719191</course><hAcc>1.833645</hAcc><vAcc>0.749857</vAcc></extensions></trkpt>
      <trkpt lon="12.490465" lat="41.891229"><ele>28.975259</ele><time>2025-03-20T10:18:12Z</time><extensions><speed>1.306704</speed><course>136.766952</course><hAcc>1.818933</hAcc><vAcc>0.750095</vAcc></extensions></trkpt>
      <trkpt lon="12.490475" lat="41.891220"><ele>29.053622</ele><time>2025-03-20T10:18:13Z</time><extensions><speed>1.257276</speed><course>138.522380</course><hAcc>1.804220</hAcc><vAcc>0.750577</vAcc></extensions></trkpt>
      <trkpt lon="12.490485" lat="41.891212"><ele>29.133217</ele><time>2025-03-20T10:18:14Z</time><extensions><speed>1.152725</speed><course>139.860060</course><hAcc>1.786862</hAcc><vAcc>0.751289</vAcc></extensions></trkpt>
      <trkpt lon="12.490494" lat="41.891204"><ele>29.215861</ele><time>2025-03-20T10:18:15Z</time><extensions><speed>1.113231</speed><course>137.679240</course><hAcc>1.781009</hAcc><vAcc>0.752335</vAcc></extensions></trkpt>
      <trkpt lon="12.490503" lat="41.891198"><ele>29.303082</ele><time>2025-03-20T10:18:16Z</time><extensions><speed>1.072542</speed><course>128.328407</course><hAcc>1.804934</hAcc><vAcc>0.754011</vAcc></extensions></trkpt>
      <trkpt lon="12.490514" lat="41.891192"><ele>29.395724</ele><time>2025-03-20T10:18:17Z</time><extensions><speed>1.157133</speed><course>126.805498</course><hAcc>1.775239</hAcc><vAcc>0.756892</vAcc></extensions></trkpt>
      <trkpt lon="12.490526" lat="41.891185"><ele>29.521305</ele><time>2025-03-20T10:18:18Z</time><extensions><speed>1.194955</speed><course>124.421715</course><hAcc>1.750067</hAcc><vAcc>0.756856</vAcc></extensions></trkpt>
      <trkpt lon="12.490538" lat="41.891179"><ele>29.620839</ele><time>2025-03-20T10:18:19Z</time><extensions><speed>1.196115</speed><course>122.657139</course><hAcc>1.735999</hAcc><vAcc>0.756837</vAcc></extensions></trkpt>
      <trkpt lon="12.490550" lat="41.891174"><ele>29.691388</ele><time>2025-03-20T10:18:20Z</time><extensions><speed>1.167590</speed><course>122.749414</course><hAcc>1.730469</hAcc><vAcc>0.756827</vAcc></extensions></trkpt>
      <trkpt lon="12.490561" lat="41.891168"><ele>29.722764</ele><time>2025-03-20T10:18:21Z</time><extensions><speed>1.182101</speed><course>126.403758</course><hAcc>1.732069</hAcc><vAcc>0.756821</vAcc></extensions></trkpt>
      <trkpt lon="12.490574" lat="41.891161"><ele>29.748849</ele><time>2025-03-20T10:18:22Z</time><extensions><speed>1.308039</speed><course>122.527983</course><hAcc>1.721627</hAcc><vAcc>0.756815</vAcc></extensions></trkpt>
      <trkpt lon="12.490589" lat="41.891155"><ele>29.754786</ele><time>2025-03-20T10:18:23Z</time><extensions><speed>1.517637</speed><course>115.685049</course><hAcc>1.723831</hAcc><vAcc>0.756808</vAcc></extensions></trkpt>
      <trkpt lon="12.490606" lat="41.891149"><ele>29.723671</ele><time>2025-03-20T10:18:24Z</time><extensions><speed>1.616869</speed><course>113.328852</course><hAcc>1.736998</hAcc><vAcc>0.756801</vAcc></extensions></trkpt>
      <trkpt lon="12.490624" lat="41.891144"><ele>29.654065</ele><time>2025-03-20T10:18:25Z</time><extensions><speed>1.592770</speed><course>112.387777</course><hAcc>1.748103</hAcc><vAcc>0.756793</vAcc></extensions></trkpt>
      <trkpt lon="12.490642" lat="41.891138"><ele>29.596052</ele><time>2025-03-20T10:18:26Z</time><extensions><speed>1.526173</speed><course>111.771614</course><hAcc>1.739688</hAcc><vAcc>0.756785</vAcc></extensions></trkpt>
      <trkpt lon="12.490659" lat="41.891133"><ele>29.529253</ele><time>2025-03-20T10:18:27Z</time><extensions><speed>1.567317</speed><course>110.859025</course><hAcc>1.735308</hAcc><vAcc>0.756777</vAcc></extensions></trkpt>
      <trkpt lon="12.490677" lat="41.891128"><ele>29.445615</ele><time>2025-03-20T10:18:28Z</time><extensions><speed>1.608455</speed><course>109.146734</course><hAcc>1.751512</hAcc><vAcc>0.756770</vAcc></extensions></trkpt>
      <trkpt lon="12.490695" lat="41.891124"><ele>29.357291</ele><time>2025-03-20T10:18:29Z</time><extensions><speed>1.528711</speed><course>108.181417</course><hAcc>1.773697</hAcc><vAcc>0.756763</vAcc></extensions></trkpt>
      <trkpt lon="12.490712" lat="41.891120"><ele>29.261753</ele><time>2025-03-20T10:18:30Z</time><extensions><speed>1.502194</speed><course>107.401148</course><hAcc>1.761518</hAcc><vAcc>0.756757</vAcc></extensions></trkpt>
      <trkpt lon="12.490729" lat="41.891116"><ele>29.150415</ele><time>2025-03-20T10:18:31Z</time><extensions><speed>1.497770</speed><course>106.685189</course><hAcc>1.759480</hAcc><vAcc>0.756752</vAcc></extensions></trkpt>
      <trkpt lon="12.490746" lat="41.891112"><ele>29.027513</ele><time>2025-03-20T10:18:32Z</time><extensions><speed>1.407743</speed><course>106.273472</course><hAcc>1.786498</hAcc><vAcc>0.756748</vAcc></extensions></trkpt>
      <trkpt lon="12.490762" lat="41.891109"><ele>28.907387</ele><time>2025-03-20T10:18:33Z</time><extensions><speed>1.286240</speed><course>105.675721</course><hAcc>1.817436</hAcc><vAcc>0.756745</vAcc></extensions></trkpt>
      <trkpt lon="12.490777" lat="41.891106"><ele>28.768009</ele><time>2025-03-20T10:18:34Z</time><extensions><speed>1.236686</speed><course>105.501041</course><hAcc>1.800949</hAcc><vAcc>0.756743</vAcc></extensions></trkpt>
      <trkpt lon="12.490792" lat="41.891102"><ele>28.639712</ele><time>2025-03-20T10:18:35Z</time><extensions><speed>1.385727</speed><course>105.730417</course><hAcc>1.802838</hAcc><vAcc>0.756741</vAcc></extensions></trkpt>
      <trkpt lon="12.490808" lat="41.891099"><ele>28.521397</ele><time>2025-03-20T10:18:36Z</time><extensions><speed>1.388484</speed><course>106.021734</course><hAcc>1.819984</hAcc><vAcc>0.756740</vAcc></extensions></trkpt>
      <trkpt lon="12.490824" lat="41.891095"><ele>28.404770</ele><time>2025-03-20T10:18:37Z</time><extensions><speed>1.308027</speed><course>106.461861</course><hAcc>1.815043</hAcc><vAcc>0.756739</vAcc></extensions></trkpt>
      <trkpt lon="12.490837" lat="41.891092"><ele>28.273601</ele><time>2025-03-20T10:18:38Z</time><extensions><speed>1.103180</speed><course>107.090573</course><hAcc>1.817332</hAcc><vAcc>0.756738</vAcc></extensions></trkpt>
      <trkpt lon="12.490849" lat="41.891089"><ele>28.140889</ele><time>2025-03-20T10:18:39Z</time><extensions><speed>0.995143</speed><course>107.696892</course><hAcc>1.826410</hAcc><vAcc>0.756738</vAcc></extensions></trkpt>
      <trkpt lon="12.490860" lat="41.891087"><ele>28.041205</ele><time>2025-03-20T10:18:40Z</time><extensions><speed>0.942446</speed><course>107.939882</course><hAcc>1.815454</hAcc><vAcc>0.756738</vAcc></extensions></trkpt>
      <trkpt lon="12.490871" lat="41.891084"><ele>27.914467</ele><time>2025-03-20T10:18:41Z</time><extensions><speed>0.923085</speed><course>108.206186</course><hAcc>1.793148</hAcc><vAcc>0.756737</vAcc></extensions></trkpt>
      <trkpt lon="12.490882" lat="41.891082"><ele>27.771420</ele><time>2025-03-20T10:18:42Z</time><extensions><speed>0.942683</speed><course>108.168785</course><hAcc>1.763084</hAcc><vAcc>0.756737</vAcc></extensions></trkpt>
      <trkpt lon="12.490892" lat="41.891079"><ele>27.655544</ele><time>2025-03-20T10:18:43Z</time><extensions><speed>0.923729</speed><course>112.178917</course><hAcc>1.745123</hAcc><vAcc>0.756737</vAcc></extensions></trkpt>
      <trkpt lon="12.490901" lat="41.891075"><ele>27.551931</ele><time>2025-03-20T10:18:44Z</time><extensions><speed>0.766636</speed><course>116.327301</course><hAcc>1.764869</hAcc><vAcc>0.756737</vAcc></extensions></trkpt>
      <trkpt lon="12.490908" lat="41.891072"><ele>27.467307</ele><time>2025-03-20T10:18:45Z</time><extensions><speed>0.565277</speed><course>117.480599</course><hAcc>1.813059</hAcc><vAcc>0.756737</vAcc></extensions></trkpt>
      <trkpt lon="12.490913" lat="41.891070"><ele>27.368320</ele><time>2025-03-20T10:18:46Z</time><extensions><speed>0.395400</speed><course>146.922050</course><hAcc>1.756127</hAcc><vAcc>0.756737</vAcc></extensions></trkpt>
      <trkpt lon="12.490913" lat="41.891066"><ele>27.267298</ele><time>2025-03-20T10:18:47Z</time><extensions><speed>0.435340</speed><course>192.458686</course><hAcc>1.710190</hAcc><vAcc>0.756737</vAcc></extensions></trkpt>
      <trkpt lon="12.490911" lat="41.891061"><ele>27.177764</ele><time>2025-03-20T10:18:48Z</time><extensions><speed>0.683128</speed><course>203.809994</course><hAcc>1.694696</hAcc><vAcc>0.756737</vAcc></extensions></trkpt>
      <trkpt lon="12.490907" lat="41.891054"><ele>27.096156</ele><time>2025-03-20T10:18:49Z</time><extensions><speed>1.029956</speed><course>200.660256</course><hAcc>1.695377</hAcc><vAcc>0.756737</vAcc></extensions></trkpt>
      <trkpt lon="12.490903" lat="41.891043"><ele>27.025053</ele><time>2025-03-20T10:18:50Z</time><extensions><speed>1.488253</speed><course>194.478367</course><hAcc>1.713223</hAcc><vAcc>0.756737</vAcc></extensions></trkpt>
      <trkpt lon="12.490898" lat="41.891028"><ele>26.957754</ele><time>2025-03-20T10:18:51Z</time><extensions><speed>1.717628</speed><course>195.508588</course><hAcc>1.708861</hAcc><vAcc>0.756737</vAcc></extensions></trkpt>
      <trkpt lon="12.490893" lat="41.891012"><ele>26.898616</ele><time>2025-03-20T10:18:52Z</time><extensions><speed>1.947149</speed><course>194.928124</course><hAcc>1.678479</hAcc><vAcc>0.756737</vAcc></extensions></trkpt>
      <trkpt lon="12.490886" lat="41.890994"><ele>26.835418</ele><time>2025-03-20T10:18:53Z</time><extensions><speed>2.109673</speed><course>195.290784</course><hAcc>1.654689</hAcc><vAcc>0.756737</vAcc></extensions></trkpt>
      <trkpt lon="12.490879" lat="41.890977"><ele>26.787425</ele><time>2025-03-20T10:18:54Z</time><extensions><speed>1.901725</speed><course>199.048987</course><hAcc>1.642987</hAcc><vAcc>0.756737</vAcc></extensions></trkpt>
      <trkpt lon="12.490871" lat="41.890961"><ele>26.744495</ele><time>2025-03-20T10:18:55Z</time><extensions><speed>1.883666</speed><course>202.514026</course><hAcc>1.615481</hAcc><vAcc>0.756737</vAcc></extensions></trkpt>
      <trkpt lon="12.490863" lat="41.890946"><ele>26.710862</ele><time>2025-03-20T10:18:56Z</time><extensions><speed>1.747553</speed><course>203.188388</course><hAcc>1.606511</hAcc><vAcc>0.756737</vAcc></extensions></trkpt>
      <trkpt lon="12.490856" lat="41.890931"><ele>26.675278</ele><time>2025-03-20T10:18:57Z</time><extensions><speed>1.711633</speed><course>195.367826</course><hAcc>1.596491</hAcc><vAcc>0.756737</vAcc></extensions></trkpt>
      <trkpt lon="12.490852" lat="41.890917"><ele>26.640622</ele><time>2025-03-20T10:18:58Z</time><extensions><speed>1.535273</speed><course>191.287218</course><hAcc>1.596231</hAcc><vAcc>0.756737</vAcc></extensions></trkpt>
      <trkpt lon="12.490849" lat="41.890903"><ele>26.604852</ele><time>2025-03-20T10:18:59Z</time><extensions><speed>1.583840</speed><course>187.793133</course><hAcc>1.583286</hAcc><vAcc>0.756737</vAcc></extensions></trkpt>
      <trkpt lon="12.490848" lat="41.890889"><ele>26.581393</ele><time>2025-03-20T10:19:00Z</time><extensions><speed>1.614126</speed><course>181.240369</course><hAcc>1.562965</hAcc><vAcc>0.756737</vAcc></extensions></trkpt>
      <trkpt lon="12.490848" lat="41.890875"><ele>26.553521</ele><time>2025-03-20T10:19:01Z</time><extensions><speed>1.471766</speed><course>178.462326</course><hAcc>1.552046</hAcc><vAcc>0.756737</vAcc></extensions></trkpt>
      <trkpt lon="12.490849" lat="41.890862"><ele>26.524096</ele><time>2025-03-20T10:19:02Z</time><extensions><speed>1.274642</speed><course>177.338401</course><hAcc>1.544746</hAcc><vAcc>0.756737</vAcc></extensions></trkpt>
      <trkpt lon="12.490849" lat="41.890851"><ele>26.494368</ele><time>2025-03-20T10:19:03Z</time><extensions><speed>1.247723</speed><course>188.028689</course><hAcc>1.538886</hAcc><vAcc>0.756737</vAcc></extensions></trkpt>
      <trkpt lon="12.490845" lat="41.890840"><ele>26.469486</ele><time>2025-03-20T10:19:04Z</time><extensions><speed>1.355008</speed><course>197.420745</course><hAcc>1.545609</hAcc><vAcc>0.756744</vAcc></extensions></trkpt>
      <trkpt lon="12.490840" lat="41.890829"><ele>26.457278</ele><time>2025-03-20T10:19:05Z</time><extensions><speed>1.394866</speed><course>203.014072</course><hAcc>1.570590</hAcc><vAcc>0.756748</vAcc></extensions></trkpt>
      <trkpt lon="12.490835" lat="41.890818"><ele>26.436155</ele><time>2025-03-20T10:19:06Z</time><extensions><speed>1.163222</speed><course>189.660418</course><hAcc>1.550793</hAcc><vAcc>0.756752</vAcc></extensions></trkpt>
      <trkpt lon="12.490835" lat="41.890808"><ele>26.413776</ele><time>2025-03-20T10:19:07Z</time><extensions><speed>1.068186</speed><course>174.071832</course><hAcc>1.557396</hAcc><vAcc>0.756757</vAcc></extensions></trkpt>
      <trkpt lon="12.490837" lat="41.890798"><ele>26.384497</ele><time>2025-03-20T10:19:08Z</time><extensions><speed>1.042840</speed><course>163.237510</course><hAcc>1.566223</hAcc><vAcc>0.756765</vAcc></extensions></trkpt>
      <trkpt lon="12.490842" lat="41.890790"><ele>26.362064</ele><time>2025-03-20T10:19:09Z</time><extensions><speed>0.935351</speed><course>145.532587</course><hAcc>1.560737</hAcc><vAcc>0.756773</vAcc></extensions></trkpt>
      <trkpt lon="12.490849" lat="41.890784"><ele>26.333831</ele><time>2025-03-20T10:19:10Z</time><extensions><speed>0.933103</speed><course>134.605651</course><hAcc>1.571041</hAcc><vAcc>0.756783</vAcc></extensions></trkpt>
      <trkpt lon="12.490858" lat="41.890778"><ele>26.308122</ele><time>2025-03-20T10:19:11Z</time><extensions><speed>0.979570</speed><course>126.882553</course><hAcc>1.580599</hAcc><vAcc>0.756793</vAcc></extensions></trkpt>
      <trkpt lon="12.490868" lat="41.890774"><ele>26.284566</ele><time>2025-03-20T10:19:12Z</time><extensions><speed>0.926322</speed><course>113.247955</course><hAcc>1.574120</hAcc><vAcc>0.756802</vAcc></extensions></trkpt>
      <trkpt lon="12.490879" lat="41.890771"><ele>26.257135</ele><time>2025-03-20T10:19:13Z</time><extensions><speed>1.002739</speed><course>109.792568</course><hAcc>1.586110</hAcc><vAcc>0.756811</vAcc></extensions></trkpt>
      <trkpt lon="12.490891" lat="41.890767"><ele>26.227843</ele><time>2025-03-20T10:19:14Z</time><extensions><speed>1.105310</speed><course>115.289855</course><hAcc>1.591301</hAcc><vAcc>0.756819</vAcc></extensions></trkpt>
      <trkpt lon="12.490903" lat="41.890762"><ele>26.190332</ele><time>2025-03-20T10:19:15Z</time><extensions><speed>1.159247</speed><course>121.174965</course><hAcc>1.593486</hAcc><vAcc>0.756825</vAcc></extensions></trkpt>
      <trkpt lon="12.490915" lat="41.890756"><ele>26.140605</ele><time>2025-03-20T10:19:16Z</time><extensions><speed>1.139740</speed><course>125.391175</course><hAcc>1.598380</hAcc><vAcc>0.756832</vAcc></extensions></trkpt>
      <trkpt lon="12.490926" lat="41.890750"><ele>26.081548</ele><time>2025-03-20T10:19:17Z</time><extensions><speed>1.051901</speed><course>131.583550</course><hAcc>1.603608</hAcc><vAcc>0.756841</vAcc></extensions></trkpt>
      <trkpt lon="12.490935" lat="41.890744"><ele>26.012102</ele><time>2025-03-20T10:19:19Z</time><extensions><speed>1.012296</speed><course>136.467696</course><hAcc>1.627576</hAcc><vAcc>0.756841</vAcc></extensions></trkpt>
      <trkpt lon="12.490944" lat="41.890737"><ele>25.933123</ele><time>2025-03-20T10:19:20Z</time><extensions><speed>1.067313</speed><course>127.265154</course><hAcc>1.600245</hAcc><vAcc>0.756819</vAcc></extensions></trkpt>
      <trkpt lon="12.490956" lat="41.890731"><ele>25.846905</ele><time>2025-03-20T10:19:21Z</time><extensions><speed>1.282186</speed><course>119.336702</course><hAcc>1.591743</hAcc><vAcc>0.756802</vAcc></extensions></trkpt>
      <trkpt lon="12.490971" lat="41.890726"><ele>25.755892</ele><time>2025-03-20T10:19:22Z</time><extensions><speed>1.468672</speed><course>116.737327</course><hAcc>1.612005</hAcc><vAcc>0.756789</vAcc></extensions></trkpt>
      <trkpt lon="12.490987" lat="41.890719"><ele>25.650608</ele><time>2025-03-20T10:19:23Z</time><extensions><speed>1.550041</speed><course>119.720330</course><hAcc>1.617474</hAcc><vAcc>0.756778</vAcc></extensions></trkpt>
      <trkpt lon="12.491002" lat="41.890711"><ele>25.536409</ele><time>2025-03-20T10:19:24Z</time><extensions><speed>1.538300</speed><course>127.888324</course><hAcc>1.619142</hAcc><vAcc>0.756770</vAcc></extensions></trkpt>
      <trkpt lon="12.491016" lat="41.890702"><ele>25.413355</ele><time>2025-03-20T10:19:25Z</time><extensions><speed>1.485803</speed><course>137.857302</course><hAcc>1.627526</hAcc><vAcc>0.756763</vAcc></extensions></trkpt>
      <trkpt lon="12.491027" lat="41.890692"><ele>25.282098</ele><time>2025-03-20T10:19:26Z</time><extensions><speed>1.367159</speed><course>146.263945</course><hAcc>1.631525</hAcc><vAcc>0.756757</vAcc></extensions></trkpt>
      <trkpt lon="12.491035" lat="41.890681"><ele>25.144821</ele><time>2025-03-20T10:19:27Z</time><extensions><speed>1.360230</speed><course>149.206017</course><hAcc>1.615570</hAcc><vAcc>0.756753</vAcc></extensions></trkpt>
      <trkpt lon="12.491043" lat="41.890671"><ele>24.999625</ele><time>2025-03-20T10:19:28Z</time><extensions><speed>1.324464</speed><course>152.370971</course><hAcc>1.620745</hAcc><vAcc>0.756750</vAcc></extensions></trkpt>
      <trkpt lon="12.491050" lat="41.890660"><ele>24.841497</ele><time>2025-03-20T10:19:29Z</time><extensions><speed>1.276186</speed><course>155.837102</course><hAcc>1.636243</hAcc><vAcc>0.756747</vAcc></extensions></trkpt>
      <trkpt lon="12.491057" lat="41.890649"><ele>24.691230</ele><time>2025-03-20T10:19:30Z</time><extensions><speed>1.296386</speed><course>157.602657</course><hAcc>1.616266</hAcc><vAcc>0.756745</vAcc></extensions></trkpt>
      <trkpt lon="12.491062" lat="41.890638"><ele>24.534826</ele><time>2025-03-20T10:19:31Z</time><extensions><speed>1.293933</speed><course>161.150896</course><hAcc>1.608718</hAcc><vAcc>0.756905</vAcc></extensions></trkpt>
      <trkpt lon="12.491068" lat="41.890627"><ele>24.373456</ele><time>2025-03-20T10:19:32Z</time><extensions><speed>1.378123</speed><course>162.933051</course><hAcc>1.611790</hAcc><vAcc>0.757071</vAcc></extensions></trkpt>
      <trkpt lon="12.491073" lat="41.890614"><ele>24.215551</ele><time>2025-03-20T10:19:33Z</time><extensions><speed>1.510006</speed><course>161.186245</course><hAcc>1.597201</hAcc><vAcc>0.757266</vAcc></extensions></trkpt>
      <trkpt lon="12.491080" lat="41.890602"><ele>24.058294</ele><time>2025-03-20T10:19:34Z</time><extensions><speed>1.508493</speed><course>159.080904</course><hAcc>1.583576</hAcc><vAcc>0.757572</vAcc></extensions></trkpt>
      <trkpt lon="12.491086" lat="41.890589"><ele>23.901321</ele><time>2025-03-20T10:19:35Z</time><extensions><speed>1.446015</speed><course>158.891769</course><hAcc>1.577672</hAcc><vAcc>0.758149</vAcc></extensions></trkpt>
      <trkpt lon="12.491092" lat="41.890577"><ele>23.751039</ele><time>2025-03-20T10:19:36Z</time><extensions><speed>1.366006</speed><course>160.232304</course><hAcc>1.580436</hAcc><vAcc>0.758893</vAcc></extensions></trkpt>
      <trkpt lon="12.491098" lat="41.890566"><ele>23.603871</ele><time>2025-03-20T10:19:37Z</time><extensions><speed>1.337513</speed><course>158.920007</course><hAcc>1.592218</hAcc><vAcc>0.759907</vAcc></extensions></trkpt>
      <trkpt lon="12.491104" lat="41.890554"><ele>23.461150</ele><time>2025-03-20T10:19:38Z</time><extensions><speed>1.371498</speed><course>156.078439</course><hAcc>1.607653</hAcc><vAcc>0.761276</vAcc></extensions></trkpt>
      <trkpt lon="12.491112" lat="41.890543"><ele>23.326207</ele><time>2025-03-20T10:19:39Z</time><extensions><speed>1.360534</speed><course>151.498475</course><hAcc>1.616096</hAcc><vAcc>0.762915</vAcc></extensions></trkpt>
      <trkpt lon="12.491120" lat="41.890533"><ele>23.198629</ele><time>2025-03-20T10:19:40Z</time><extensions><speed>1.211964</speed><course>146.797704</course><hAcc>1.635669</hAcc><vAcc>0.765166</vAcc></extensions></trkpt>
      <trkpt lon="12.491128" lat="41.890524"><ele>23.082356</ele><time>2025-03-20T10:19:41Z</time><extensions><speed>1.232618</speed><course>145.640170</course><hAcc>1.660012</hAcc><vAcc>0.767789</vAcc></extensions></trkpt>
      <trkpt lon="12.491136" lat="41.890515"><ele>22.977224</ele><time>2025-03-20T10:19:42Z</time><extensions><speed>1.194828</speed><course>147.206839</course><hAcc>1.688782</hAcc><vAcc>0.770771</vAcc></extensions></trkpt>
      <trkpt lon="12.491143" lat="41.890506"><ele>22.882460</ele><time>2025-03-20T10:19:43Z</time><extensions><speed>1.152674</speed><course>149.365111</course><hAcc>1.697044</hAcc><vAcc>0.774021</vAcc></extensions></trkpt>
      <trkpt lon="12.491150" lat="41.890497"><ele>22.796915</ele><time>2025-03-20T10:19:44Z</time><extensions><speed>1.101398</speed><course>153.713691</course><hAcc>1.712194</hAcc><vAcc>0.777528</vAcc></extensions></trkpt>
      <trkpt lon="12.491155" lat="41.890488"><ele>22.718169</ele><time>2025-03-20T10:19:45Z</time><extensions><speed>1.007447</speed><course>157.568940</course><hAcc>1.717314</hAcc><vAcc>0.781259</vAcc></extensions></trkpt>
      <trkpt lon="12.491159" lat="41.890480"><ele>22.644863</ele><time>2025-03-20T10:19:46Z</time><extensions><speed>0.925433</speed><course>158.333641</course><hAcc>1.707565</hAcc><vAcc>0.785259</vAcc></extensions></trkpt>
      <trkpt lon="12.491163" lat="41.890473"><ele>22.576970</ele><time>2025-03-20T10:19:47Z</time><extensions><speed>0.793631</speed><course>161.868943</course><hAcc>1.697267</hAcc><vAcc>0.789387</vAcc></extensions></trkpt>
      <trkpt lon="12.491165" lat="41.890466"><ele>22.518610</ele><time>2025-03-20T10:19:48Z</time><extensions><speed>0.737645</speed><course>170.092292</course><hAcc>1.681271</hAcc><vAcc>0.793169</vAcc></extensions></trkpt>
      <trkpt lon="12.491166" lat="41.890460"><ele>22.463483</ele><time>2025-03-20T10:19:49Z</time><extensions><speed>0.782222</speed><course>179.048899</course><hAcc>1.664831</hAcc><vAcc>0.796645</vAcc></extensions></trkpt>
      <trkpt lon="12.491165" lat="41.890452"><ele>22.414544</ele><time>2025-03-20T10:19:50Z</time><extensions><speed>0.873634</speed><course>185.801734</course><hAcc>1.658737</hAcc><vAcc>0.799375</vAcc></extensions></trkpt>
      <trkpt lon="12.491164" lat="41.890444"><ele>22.364681</ele><time>2025-03-20T10:19:51Z</time><extensions><speed>0.954570</speed><course>189.661490</course><hAcc>1.653069</hAcc><vAcc>0.801504</vAcc></extensions></trkpt>
      <trkpt lon="12.491162" lat="41.890435"><ele>22.324060</ele><time>2025-03-20T10:19:52Z</time><extensions><speed>1.058704</speed><course>191.382810</course><hAcc>1.633975</hAcc><vAcc>0.802637</vAcc></extensions></trkpt>
      <trkpt lon="12.491159" lat="41.890426"><ele>22.289626</ele><time>2025-03-20T10:19:53Z</time><extensions><speed>1.077144</speed><course>193.869634</course><hAcc>1.612583</hAcc><vAcc>0.803161</vAcc></extensions></trkpt>
      <trkpt lon="12.491155" lat="41.890416"><ele>22.258328</ele><time>2025-03-20T10:19:54Z</time><extensions><speed>1.088065</speed><course>197.901006</course><hAcc>1.598973</hAcc><vAcc>0.802782</vAcc></extensions></trkpt>
      <trkpt lon="12.491151" lat="41.890407"><ele>22.223807</ele><time>2025-03-20T10:19:55Z</time><extensions><speed>1.066374</speed><course>202.580704</course><hAcc>1.593559</hAcc><vAcc>0.801925</vAcc></extensions></trkpt>
      <trkpt lon="12.491146" lat="41.890399"><ele>22.191198</ele><time>2025-03-20T10:19:56Z</time><extensions><speed>1.025233</speed><course>203.112754</course><hAcc>1.594218</hAcc><vAcc>0.800306</vAcc></extensions></trkpt>
      <trkpt lon="12.491142" lat="41.890390"><ele>22.169339</ele><time>2025-03-20T10:19:57Z</time><extensions><speed>0.938475</speed><course>199.187624</course><hAcc>1.601925</hAcc><vAcc>0.797951</vAcc></extensions></trkpt>
      <trkpt lon="12.491139" lat="41.890383"><ele>22.143968</ele><time>2025-03-20T10:19:58Z</time><extensions><speed>0.817895</speed><course>195.114880</course><hAcc>1.604819</hAcc><vAcc>0.795103</vAcc></extensions></trkpt>
      <trkpt lon="12.491137" lat="41.890376"><ele>22.113772</ele><time>2025-03-20T10:19:59Z</time><extensions><speed>0.666472</speed><course>189.297052</course><hAcc>1.596090</hAcc><vAcc>0.791658</vAcc></extensions></trkpt>
      <trkpt lon="12.491136" lat="41.890371"><ele>22.093693</ele><time>2025-03-20T10:20:00Z</time><extensions><speed>0.531383</speed><course>179.527251</course><hAcc>1.599913</hAcc><vAcc>0.787953</vAcc></extensions></trkpt>
      <trkpt lon="12.491137" lat="41.890367"><ele>22.076649</ele><time>2025-03-20T10:20:01Z</time><extensions><speed>0.429943</speed><course>163.457222</course><hAcc>1.609760</hAcc><vAcc>0.784192</vAcc></extensions></trkpt>
      <trkpt lon="12.491139" lat="41.890363"><ele>22.061092</ele><time>2025-03-20T10:20:02Z</time><extensions><speed>0.455838</speed><course>149.037371</course><hAcc>1.632273</hAcc><vAcc>0.780562</vAcc></extensions></trkpt>
      <trkpt lon="12.491143" lat="41.890360"><ele>22.050241</ele><time>2025-03-20T10:20:02Z</time><extensions><speed>0.439928</speed><course>128.486269</course><hAcc>1.657468</hAcc><vAcc>0.777201</vAcc></extensions></trkpt>
      <trkpt lon="12.491147" lat="41.890359"><ele>22.040541</ele><time>2025-03-20T10:20:03Z</time><extensions><speed>0.477349</speed><course>107.441089</course><hAcc>1.668645</hAcc><vAcc>0.774177</vAcc></extensions></trkpt>
      <trkpt lon="12.491153" lat="41.890358"><ele>22.032010</ele><time>2025-03-20T10:20:04Z</time><extensions><speed>0.536940</speed><course>98.577245</course><hAcc>1.671015</hAcc><vAcc>0.771495</vAcc></extensions></trkpt>
      <trkpt lon="12.491159" lat="41.890357"><ele>22.028161</ele><time>2025-03-20T10:20:05Z</time><extensions><speed>0.506757</speed><course>85.464250</course><hAcc>1.689118</hAcc><vAcc>0.769118</vAcc></extensions></trkpt>
      <trkpt lon="12.491165" lat="41.890358"><ele>22.027093</ele><time>2025-03-20T10:20:06Z</time><extensions><speed>0.461157</speed><course>66.361335</course><hAcc>1.696772</hAcc><vAcc>0.767003</vAcc></extensions></trkpt>
      <trkpt lon="12.491170" lat="41.890361"><ele>22.026895</ele><time>2025-03-20T10:20:07Z</time><extensions><speed>0.455057</speed><course>50.459015</course><hAcc>1.702667</hAcc><vAcc>0.765124</vAcc></extensions></trkpt>
      <trkpt lon="12.491173" lat="41.890364"><ele>22.030720</ele><time>2025-03-20T10:20:08Z</time><extensions><speed>0.442520</speed><course>37.380455</course><hAcc>1.719173</hAcc><vAcc>0.763466</vAcc></extensions></trkpt>
      <trkpt lon="12.491176" lat="41.890367"><ele>22.035571</ele><time>2025-03-20T10:20:09Z</time><extensions><speed>0.428997</speed><course>24.145915</course><hAcc>1.738154</hAcc><vAcc>0.762032</vAcc></extensions></trkpt>
      <trkpt lon="12.491178" lat="41.890370"><ele>22.044961</ele><time>2025-03-20T10:20:10Z</time><extensions><speed>0.407068</speed><course>14.687572</course><hAcc>1.754287</hAcc><vAcc>0.760824</vAcc></extensions></trkpt>
      <trkpt lon="12.491178" lat="41.890374"><ele>22.048029</ele><time>2025-03-20T10:20:11Z</time><extensions><speed>0.363181</speed><course>4.342437</course><hAcc>1.768160</hAcc><vAcc>0.759831</vAcc></extensions></trkpt>
      <trkpt lon="12.491179" lat="41.890377"><ele>22.053951</ele><time>2025-03-20T10:20:12Z</time><extensions><speed>0.310700</speed><course>359.078229</course><hAcc>1.773955</hAcc><vAcc>0.759034</vAcc></extensions></trkpt>
      <trkpt lon="12.491178" lat="41.890379"><ele>22.063844</ele><time>2025-03-20T10:20:13Z</time><extensions><speed>0.251379</speed><course>351.588219</course><hAcc>1.775213</hAcc><vAcc>0.758410</vAcc></extensions></trkpt>
      <trkpt lon="12.491177" lat="41.890381"><ele>22.074438</ele><time>2025-03-20T10:20:14Z</time><extensions><speed>0.224854</speed><course>331.843720</course><hAcc>1.776714</hAcc><vAcc>0.757932</vAcc></extensions></trkpt>
      <trkpt lon="12.491176" lat="41.890383"><ele>22.085032</ele><time>2025-03-20T10:20:15Z</time><extensions><speed>0.223850</speed><course>317.754073</course><hAcc>1.775042</hAcc><vAcc>0.757575</vAcc></extensions></trkpt>
      <trkpt lon="12.491174" lat="41.890384"><ele>22.095678</ele><time>2025-03-20T10:20:16Z</time><extensions><speed>0.217430</speed><course>311.075924</course><hAcc>1.772039</hAcc><vAcc>0.757314</vAcc></extensions></trkpt>
      <trkpt lon="12.491172" lat="41.890386"><ele>22.099170</ele><time>2025-03-20T10:20:17Z</time><extensions><speed>0.149029</speed><course>317.432617</course><hAcc>1.762404</hAcc><vAcc>0.757128</vAcc></extensions></trkpt>
      <trkpt lon="12.491172" lat="41.890386"><ele>22.101037</ele><time>2025-03-20T10:20:18Z</time><extensions><speed>0.082579</speed><course>3.698001</course><hAcc>1.748342</hAcc><vAcc>0.756999</vAcc></extensions></trkpt>
      <trkpt lon="12.491172" lat="41.890387"><ele>22.101036</ele><time>2025-03-20T10:20:19Z</time><extensions><speed>0.121608</speed><course>53.974985</course><hAcc>1.737380</hAcc><vAcc>0.756911</vAcc></extensions></trkpt>
      <trkpt lon="12.491174" lat="41.890388"><ele>22.094601</ele><time>2025-03-20T10:20:20Z</time><extensions><speed>0.207605</speed><course>70.147815</course><hAcc>1.734926</hAcc><vAcc>0.756853</vAcc></extensions></trkpt>
      <trkpt lon="12.491177" lat="41.890389"><ele>22.089445</ele><time>2025-03-20T10:20:21Z</time><extensions><speed>0.225689</speed><course>67.628701</course><hAcc>1.742776</hAcc><vAcc>0.756816</vAcc></extensions></trkpt>
      <trkpt lon="12.491178" lat="41.890389"><ele>22.082357</ele><time>2025-03-20T10:20:22Z</time><extensions><speed>0.091362</speed><course>50.047423</course><hAcc>1.726985</hAcc><vAcc>0.756792</vAcc></extensions></trkpt>
      <trkpt lon="12.491179" lat="41.890390"><ele>22.081387</ele><time>2025-03-20T10:20:23Z</time><extensions><speed>0.037847</speed><course>14.992203</course><hAcc>1.711829</hAcc><vAcc>0.756778</vAcc></extensions></trkpt>
      <trkpt lon="12.491179" lat="41.890390"><ele>22.080305</ele><time>2025-03-20T10:20:24Z</time><extensions><speed>0.030742</speed><course>344.050789</course><hAcc>1.705923</hAcc><vAcc>0.756768</vAcc></extensions></trkpt>
      <trkpt lon="12.491179" lat="41.890390"><ele>22.079260</ele><time>2025-03-20T10:20:25Z</time><extensions><speed>0.049686</speed><course>357.350765</course><hAcc>1.706015</hAcc><vAcc>0.756763</vAcc></extensions></trkpt>
      <trkpt lon="12.491179" lat="41.890391"><ele>22.078556</ele><time>2025-03-20T10:20:26Z</time><extensions><speed>0.090034</speed><course>9.324533</course><hAcc>1.707913</hAcc><vAcc>0.756759</vAcc></extensions></trkpt>
      <trkpt lon="12.491179" lat="41.890392"><ele>22.078648</ele><time>2025-03-20T10:20:27Z</time><extensions><speed>0.123297</speed><course>16.095008</course><hAcc>1.712939</hAcc><vAcc>0.756756</vAcc></extensions></trkpt>
      <trkpt lon="12.491180" lat="41.890393"><ele>22.080061</ele><time>2025-03-20T10:20:28Z</time><extensions><speed>0.141177</speed><course>17.017034</course><hAcc>1.721639</hAcc><vAcc>0.756753</vAcc></extensions></trkpt>
      <trkpt lon="12.491180" lat="41.890394"><ele>22.083232</ele><time>2025-03-20T10:20:29Z</time><extensions><speed>0.155248</speed><course>18.998484</course><hAcc>1.729828</hAcc><vAcc>0.756751</vAcc></extensions></trkpt>
      <trkpt lon="12.491181" lat="41.890396"><ele>22.088438</ele><time>2025-03-20T10:20:30Z</time><extensions><speed>0.192022</speed><course>20.829366</course><hAcc>1.709619</hAcc><vAcc>0.756749</vAcc></extensions></trkpt>
      <trkpt lon="12.491182" lat="41.890398"><ele>22.089107</ele><time>2025-03-20T10:20:31Z</time><extensions><speed>0.186704</speed><course>20.798233</course><hAcc>1.705085</hAcc><vAcc>0.756747</vAcc></extensions></trkpt>
      <trkpt lon="12.491183" lat="41.890399"><ele>22.093464</ele><time>2025-03-20T10:20:32Z</time><extensions><speed>0.163732</speed><course>23.718520</course><hAcc>1.719408</hAcc><vAcc>0.756746</vAcc></extensions></trkpt>
      <trkpt lon="12.491183" lat="41.890401"><ele>22.098518</ele><time>2025-03-20T10:20:33Z</time><extensions><speed>0.127293</speed><course>25.046619</course><hAcc>1.755315</hAcc><vAcc>0.756744</vAcc></extensions></trkpt>
      <trkpt lon="12.491184" lat="41.890402"><ele>22.103693</ele><time>2025-03-20T10:20:34Z</time><extensions><speed>0.102155</speed><course>22.419144</course><hAcc>1.794219</hAcc><vAcc>0.756743</vAcc></extensions></trkpt>
      <trkpt lon="12.491184" lat="41.890403"><ele>22.108468</ele><time>2025-03-20T10:20:35Z</time><extensions><speed>0.116953</speed><course>17.386152</course><hAcc>1.807571</hAcc><vAcc>0.756741</vAcc></extensions></trkpt>
      <trkpt lon="12.491185" lat="41.890404"><ele>22.112462</ele><time>2025-03-20T10:20:36Z</time><extensions><speed>0.186014</speed><course>13.613454</course><hAcc>1.798536</hAcc><vAcc>0.756740</vAcc></extensions></trkpt>
      <trkpt lon="12.491186" lat="41.890406"><ele>22.115426</ele><time>2025-03-20T10:20:37Z</time><extensions><speed>0.259938</speed><course>11.533051</course><hAcc>1.816586</hAcc><vAcc>0.756740</vAcc></extensions></trkpt>
      <trkpt lon="12.491187" lat="41.890409"><ele>22.120919</ele><time>2025-03-20T10:20:38Z</time><extensions><speed>0.351518</speed><course>12.050672</course><hAcc>1.851705</hAcc><vAcc>0.756739</vAcc></extensions></trkpt>
      <trkpt lon="12.491188" lat="41.890412"><ele>22.128008</ele><time>2025-03-20T10:20:39Z</time><extensions><speed>0.446658</speed><course>12.640460</course><hAcc>1.885938</hAcc><vAcc>0.756738</vAcc></extensions></trkpt>
      <trkpt lon="12.491189" lat="41.890417"><ele>22.127157</ele><time>2025-03-20T10:20:40Z</time><extensions><speed>0.528772</speed><course>13.502888</course><hAcc>1.909450</hAcc><vAcc>0.756738</vAcc></extensions></trkpt>
      <trkpt lon="12.491191" lat="41.890421"><ele>22.130593</ele><time>2025-03-20T10:20:41Z</time><extensions><speed>0.531487</speed><course>15.526576</course><hAcc>1.927781</hAcc><vAcc>0.756738</vAcc></extensions></trkpt>
      <trkpt lon="12.491192" lat="41.890426"><ele>22.131819</ele><time>2025-03-20T10:20:42Z</time><extensions><speed>0.426198</speed><course>16.464954</course><hAcc>1.948931</hAcc><vAcc>0.756738</vAcc></extensions></trkpt>
      <trkpt lon="12.491193" lat="41.890429"><ele>22.133686</ele><time>2025-03-20T10:20:43Z</time><extensions><speed>0.328950</speed><course>17.748393</course><hAcc>1.962998</hAcc><vAcc>0.756737</vAcc></extensions></trkpt>
      <trkpt lon="12.491194" lat="41.890431"><ele>22.139659</ele><time>2025-03-20T10:20:44Z</time><extensions><speed>0.266079</speed><course>19.872142</course><hAcc>1.971717</hAcc><vAcc>0.756737</vAcc></extensions></trkpt>
      <trkpt lon="12.491195" lat="41.890434"><ele>22.154128</ele><time>2025-03-20T10:20:45Z</time><extensions><speed>0.227416</speed><course>22.414761</course><hAcc>1.985043</hAcc><vAcc>0.756772</vAcc></extensions></trkpt>
      <trkpt lon="12.491196" lat="41.890436"><ele>22.170849</ele><time>2025-03-20T10:20:46Z</time><extensions><speed>0.224915</speed><course>25.223690</course><hAcc>1.997380</hAcc><vAcc>0.756846</vAcc></extensions></trkpt>
      <trkpt lon="12.491197" lat="41.890438"><ele>22.186468</ele><time>2025-03-20T10:20:47Z</time><extensions><speed>0.263733</speed><course>27.011957</course><hAcc>1.996007</hAcc><vAcc>0.757081</vAcc></extensions></trkpt>
      <trkpt lon="12.491199" lat="41.890440"><ele>22.194324</ele><time>2025-03-20T10:20:48Z</time><extensions><speed>0.420848</speed><course>26.923338</course><hAcc>1.954376</hAcc><vAcc>0.757733</vAcc></extensions></trkpt>
      <trkpt lon="12.491201" lat="41.890444"><ele>22.199669</ele><time>2025-03-20T10:20:49Z</time><extensions><speed>0.562188</speed><course>23.323613</course><hAcc>1.931600</hAcc><vAcc>0.758610</vAcc></extensions></trkpt>
      <trkpt lon="12.491204" lat="41.890450"><ele>22.212124</ele><time>2025-03-20T10:20:50Z</time><extensions><speed>0.731117</speed><course>19.700957</course><hAcc>1.936520</hAcc><vAcc>0.759755</vAcc></extensions></trkpt>
      <trkpt lon="12.491205" lat="41.890456"><ele>22.229022</ele><time>2025-03-20T10:20:51Z</time><extensions><speed>0.734044</speed><course>355.640829</course><hAcc>1.942593</hAcc><vAcc>0.761296</vAcc></extensions></trkpt>
      <trkpt lon="12.491202" lat="41.890463"><ele>22.241002</ele><time>2025-03-20T10:20:52Z</time><extensions><speed>0.855303</speed><course>335.314549</course><hAcc>1.954395</hAcc><vAcc>0.763233</vAcc></extensions></trkpt>
      <trkpt lon="12.491198" lat="41.890471"><ele>22.245673</ele><time>2025-03-20T10:20:53Z</time><extensions><speed>0.974313</speed><course>344.787476</course><hAcc>1.931377</hAcc><vAcc>0.765396</vAcc></extensions></trkpt>
      <trkpt lon="12.491196" lat="41.890480"><ele>22.253167</ele><time>2025-03-20T10:20:54Z</time><extensions><speed>1.082645</speed><course>355.052721</course><hAcc>1.909761</hAcc><vAcc>0.767693</vAcc></extensions></trkpt>
      <trkpt lon="12.491196" lat="41.890490"><ele>22.259294</ele><time>2025-03-20T10:20:55Z</time><extensions><speed>1.184340</speed><course>0.970615</course><hAcc>1.897879</hAcc><vAcc>0.770731</vAcc></extensions></trkpt>
      <trkpt lon="12.491197" lat="41.890501"><ele>22.273969</ele><time>2025-03-20T10:20:56Z</time><extensions><speed>1.149052</speed><course>5.686927</course><hAcc>1.891109</hAcc><vAcc>0.774038</vAcc></extensions></trkpt>
      <trkpt lon="12.491199" lat="41.890511"><ele>22.283676</ele><time>2025-03-20T10:20:57Z</time><extensions><speed>1.130132</speed><course>10.800486</course><hAcc>1.879670</hAcc><vAcc>0.777566</vAcc></extensions></trkpt>
      <trkpt lon="12.491202" lat="41.890521"><ele>22.297191</ele><time>2025-03-20T10:20:58Z</time><extensions><speed>1.198475</speed><course>16.390748</course><hAcc>1.866199</hAcc><vAcc>0.780816</vAcc></extensions></trkpt>
      <trkpt lon="12.491206" lat="41.890531"><ele>22.309743</ele><time>2025-03-20T10:20:59Z</time><extensions><speed>1.249269</speed><course>17.027327</course><hAcc>1.854718</hAcc><vAcc>0.783332</vAcc></extensions></trkpt>
      <trkpt lon="12.491210" lat="41.890542"><ele>22.322529</ele><time>2025-03-20T10:21:00Z</time><extensions><speed>1.168875</speed><course>14.057949</course><hAcc>1.851309</hAcc><vAcc>0.785307</vAcc></extensions></trkpt>
      <trkpt lon="12.491214" lat="41.890552"><ele>22.334454</ele><time>2025-03-20T10:21:01Z</time><extensions><speed>1.123676</speed><course>16.549333</course><hAcc>1.854981</hAcc><vAcc>0.786707</vAcc></extensions></trkpt>
      <trkpt lon="12.491218" lat="41.890561"><ele>22.346795</ele><time>2025-03-20T10:21:02Z</time><extensions><speed>1.100879</speed><course>21.324553</course><hAcc>1.846852</hAcc><vAcc>0.787477</vAcc></extensions></trkpt>
      <trkpt lon="12.491223" lat="41.890570"><ele>22.358984</ele><time>2025-03-20T10:21:03Z</time><extensions><speed>1.049430</speed><course>25.305817</course><hAcc>1.842896</hAcc><vAcc>0.787593</vAcc></extensions></trkpt>
      <trkpt lon="12.491228" lat="41.890578"><ele>22.371104</ele><time>2025-03-20T10:21:04Z</time><extensions><speed>0.969632</speed><course>29.518635</course><hAcc>1.859087</hAcc><vAcc>0.787058</vAcc></extensions></trkpt>
      <trkpt lon="12.491234" lat="41.890585"><ele>22.383850</ele><time>2025-03-20T10:21:05Z</time><extensions><speed>0.965666</speed><course>32.067360</course><hAcc>1.883568</hAcc><vAcc>0.785868</vAcc></extensions></trkpt>
      <trkpt lon="12.491240" lat="41.890592"><ele>22.395986</ele><time>2025-03-20T10:21:06Z</time><extensions><speed>0.830283</speed><course>32.177394</course><hAcc>1.875400</hAcc><vAcc>0.784021</vAcc></extensions></trkpt>
      <trkpt lon="12.491245" lat="41.890598"><ele>22.410628</ele><time>2025-03-20T10:21:07Z</time><extensions><speed>0.604750</speed><course>32.730223</course><hAcc>1.870130</hAcc><vAcc>0.781568</vAcc></extensions></trkpt>
      <trkpt lon="12.491248" lat="41.890601"><ele>22.425492</ele><time>2025-03-20T10:21:08Z</time><extensions><speed>0.328964</speed><course>33.792448</course><hAcc>1.878334</hAcc><vAcc>0.778645</vAcc></extensions></trkpt>
      <trkpt lon="12.491250" lat="41.890603"><ele>22.440442</ele><time>2025-03-20T10:21:09Z</time><extensions><speed>0.127788</speed><course>38.338211</course><hAcc>1.878804</hAcc><vAcc>0.775465</vAcc></extensions></trkpt>
      <trkpt lon="12.491250" lat="41.890603"><ele>22.456951</ele><time>2025-03-20T10:21:10Z</time><extensions><speed>0.034527</speed><course>71.866400</course><hAcc>1.897109</hAcc><vAcc>0.772269</vAcc></extensions></trkpt>
      <trkpt lon="12.491251" lat="41.890603"><ele>22.473849</ele><time>2025-03-20T10:21:11Z</time><extensions><speed>0.039984</speed><course>136.298358</course><hAcc>1.924289</hAcc><vAcc>0.769252</vAcc></extensions></trkpt>
      <trkpt lon="12.491251" lat="41.890603"><ele>22.496459</ele><time>2025-03-20T10:21:12Z</time><extensions><speed>0.076007</speed><course>105.977326</course><hAcc>1.915136</hAcc><vAcc>0.766547</vAcc></extensions></trkpt>
      <trkpt lon="12.491253" lat="41.890603"><ele>22.520387</ele><time>2025-03-20T10:21:13Z</time><extensions><speed>0.158356</speed><course>75.919946</course><hAcc>1.906730</hAcc><vAcc>0.764222</vAcc></extensions></trkpt>
      <trkpt lon="12.491255" lat="41.890604"><ele>22.546496</ele><time>2025-03-20T10:21:14Z</time><extensions><speed>0.188812</speed><course>77.624317</course><hAcc>1.914088</hAcc><vAcc>0.762297</vAcc></extensions></trkpt>
      <trkpt lon="12.491257" lat="41.890604"><ele>22.575287</ele><time>2025-03-20T10:21:15Z</time><extensions><speed>0.254130</speed><course>69.761230</course><hAcc>1.918228</hAcc><vAcc>0.760756</vAcc></extensions></trkpt>
      <trkpt lon="12.491260" lat="41.890605"><ele>22.601300</ele><time>2025-03-20T10:21:16Z</time><extensions><speed>0.303714</speed><course>63.540066</course><hAcc>1.916775</hAcc><vAcc>0.759563</vAcc></extensions></trkpt>
      <trkpt lon="12.491264" lat="41.890607"><ele>22.627445</ele><time>2025-03-20T10:21:17Z</time><extensions><speed>0.333159</speed><course>58.984118</course><hAcc>1.908624</hAcc><vAcc>0.758667</vAcc></extensions></trkpt>
      <trkpt lon="12.491267" lat="41.890608"><ele>22.653131</ele><time>2025-03-20T10:21:18Z</time><extensions><speed>0.313417</speed><course>57.925015</course><hAcc>1.898572</hAcc><vAcc>0.758016</vAcc></extensions></trkpt>
      <trkpt lon="12.491270" lat="41.890609"><ele>22.678922</ele><time>2025-03-20T10:21:19Z</time><extensions><speed>0.262869</speed><course>56.451486</course><hAcc>1.888446</hAcc><vAcc>0.757560</vAcc></extensions></trkpt>
      <trkpt lon="12.491272" lat="41.890611"><ele>22.702145</ele><time>2025-03-20T10:21:20Z</time><extensions><speed>0.227877</speed><course>48.600420</course><hAcc>1.877574</hAcc><vAcc>0.757252</vAcc></extensions></trkpt>
      <trkpt lon="12.491274" lat="41.890612"><ele>22.723118</ele><time>2025-03-20T10:21:21Z</time><extensions><speed>0.261116</speed><course>36.036169</course><hAcc>1.865242</hAcc><vAcc>0.757055</vAcc></extensions></trkpt>
      <trkpt lon="12.491276" lat="41.890614"><ele>22.740649</ele><time>2025-03-20T10:21:22Z</time><extensions><speed>0.281210</speed><course>29.141457</course><hAcc>1.855041</hAcc><vAcc>0.756938</vAcc></extensions></trkpt>
      <trkpt lon="12.491277" lat="41.890616"><ele>22.751828</ele><time>2025-03-20T10:21:23Z</time><extensions><speed>0.206181</speed><course>24.726505</course><hAcc>1.852487</hAcc><vAcc>0.756877</vAcc></extensions></trkpt>
      <trkpt lon="12.491278" lat="41.890618"><ele>22.762349</ele><time>2025-03-20T10:21:25Z</time><extensions><speed>0.152283</speed><course>20.976666</course><hAcc>1.848871</hAcc><vAcc>0.756843</vAcc></extensions></trkpt>
      <trkpt lon="12.491279" lat="41.890619"><ele>22.767001</ele><time>2025-03-20T10:21:26Z</time><extensions><speed>0.136638</speed><course>19.771800</course><hAcc>1.835441</hAcc><vAcc>0.756813</vAcc></extensions></trkpt>
      <trkpt lon="12.491279" lat="41.890620"><ele>22.766968</ele><time>2025-03-20T10:21:27Z</time><extensions><speed>0.101915</speed><course>16.360905</course><hAcc>1.825796</hAcc><vAcc>0.756797</vAcc></extensions></trkpt>
      <trkpt lon="12.491280" lat="41.890621"><ele>22.762161</ele><time>2025-03-20T10:21:28Z</time><extensions><speed>0.085170</speed><course>13.312619</course><hAcc>1.830460</hAcc><vAcc>0.756790</vAcc></extensions></trkpt>
      <trkpt lon="12.491280" lat="41.890622"><ele>22.754772</ele><time>2025-03-20T10:21:29Z</time><extensions><speed>0.100949</speed><course>13.839072</course><hAcc>1.833686</hAcc><vAcc>0.756786</vAcc></extensions></trkpt>
      <trkpt lon="12.491280" lat="41.890623"><ele>22.746044</ele><time>2025-03-20T10:21:30Z</time><extensions><speed>0.197967</speed><course>21.913155</course><hAcc>1.805879</hAcc><vAcc>0.756784</vAcc></extensions></trkpt>
      <trkpt lon="12.491282" lat="41.890625"><ele>22.737550</ele><time>2025-03-20T10:21:31Z</time><extensions><speed>0.266051</speed><course>27.285348</course><hAcc>1.780335</hAcc><vAcc>0.756782</vAcc></extensions></trkpt>
      <trkpt lon="12.491283" lat="41.890627"><ele>22.728123</ele><time>2025-03-20T10:21:32Z</time><extensions><speed>0.229751</speed><course>29.159543</course><hAcc>1.771151</hAcc><vAcc>0.756779</vAcc></extensions></trkpt>
      <trkpt lon="12.491284" lat="41.890629"><ele>22.718307</ele><time>2025-03-20T10:21:33Z</time><extensions><speed>0.194566</speed><course>33.191966</course><hAcc>1.763951</hAcc><vAcc>0.756775</vAcc></extensions></trkpt>
      <trkpt lon="12.491285" lat="41.890629"><ele>22.707221</ele><time>2025-03-20T10:21:34Z</time><extensions><speed>0.092627</speed><course>53.504585</course><hAcc>1.766100</hAcc><vAcc>0.756771</vAcc></extensions></trkpt>
      <trkpt lon="12.491286" lat="41.890630"><ele>22.696027</ele><time>2025-03-20T10:21:35Z</time><extensions><speed>0.065031</speed><course>90.005130</course><hAcc>1.769986</hAcc><vAcc>0.756767</vAcc></extensions></trkpt>
      <trkpt lon="12.491287" lat="41.890630"><ele>22.685863</ele><time>2025-03-20T10:21:36Z</time><extensions><speed>0.088570</speed><course>110.217929</course><hAcc>1.771295</hAcc><vAcc>0.756763</vAcc></extensions></trkpt>
      <trkpt lon="12.491288" lat="41.890629"><ele>22.678305</ele><time>2025-03-20T10:21:37Z</time><extensions><speed>0.131928</speed><course>95.599514</course><hAcc>1.767347</hAcc><vAcc>0.756759</vAcc></extensions></trkpt>
      <trkpt lon="12.491290" lat="41.890629"><ele>22.673038</ele><time>2025-03-20T10:21:38Z</time><extensions><speed>0.200127</speed><course>79.957322</course><hAcc>1.762431</hAcc><vAcc>0.756755</vAcc></extensions></trkpt>
      <trkpt lon="12.491293" lat="41.890630"><ele>22.670010</ele><time>2025-03-20T10:21:39Z</time><extensions><speed>0.251130</speed><course>84.298764</course><hAcc>1.761710</hAcc><vAcc>0.756751</vAcc></extensions></trkpt>
      <trkpt lon="12.491296" lat="41.890630"><ele>22.671750</ele><time>2025-03-20T10:21:40Z</time><extensions><speed>0.287767</speed><course>92.388585</course><hAcc>1.763669</hAcc><vAcc>0.756749</vAcc></extensions></trkpt>
      <trkpt lon="12.491300" lat="41.890629"><ele>22.672865</ele><time>2025-03-20T10:21:41Z</time><extensions><speed>0.302054</speed><course>104.042166</course><hAcc>1.765199</hAcc><vAcc>0.756746</vAcc></extensions></trkpt>
      <trkpt lon="12.491303" lat="41.890628"><ele>22.674189</ele><time>2025-03-20T10:21:42Z</time><extensions><speed>0.303007</speed><course>122.542947</course><hAcc>1.771093</hAcc><vAcc>0.756744</vAcc></extensions></trkpt>
      <trkpt lon="12.491306" lat="41.890627"><ele>22.678161</ele><time>2025-03-20T10:21:43Z</time><extensions><speed>0.314781</speed><course>135.491527</course><hAcc>1.775816</hAcc><vAcc>0.756743</vAcc></extensions></trkpt>
      <trkpt lon="12.491308" lat="41.890624"><ele>22.683946</ele><time>2025-03-20T10:21:44Z</time><extensions><speed>0.327713</speed><course>146.340661</course><hAcc>1.771193</hAcc><vAcc>0.756742</vAcc></extensions></trkpt>
      <trkpt lon="12.491310" lat="41.890622"><ele>22.690041</ele><time>2025-03-20T10:21:45Z</time><extensions><speed>0.334818</speed><course>158.736756</course><hAcc>1.761386</hAcc><vAcc>0.756741</vAcc></extensions></trkpt>
      <trkpt lon="12.491311" lat="41.890619"><ele>22.697437</ele><time>2025-03-20T10:21:46Z</time><extensions><speed>0.305583</speed><course>170.383700</course><hAcc>1.757856</hAcc><vAcc>0.756740</vAcc></extensions></trkpt>
      <trkpt lon="12.491312" lat="41.890616"><ele>22.707511</ele><time>2025-03-20T10:21:47Z</time><extensions><speed>0.244854</speed><course>180.938809</course><hAcc>1.760445</hAcc><vAcc>0.756740</vAcc></extensions></trkpt>
      <trkpt lon="12.491311" lat="41.890614"><ele>22.718772</ele><time>2025-03-20T10:21:48Z</time><extensions><speed>0.190476</speed><course>189.112760</course><hAcc>1.763752</hAcc><vAcc>0.756739</vAcc></extensions></trkpt>
      <trkpt lon="12.491311" lat="41.890613"><ele>22.731126</ele><time>2025-03-20T10:21:49Z</time><extensions><speed>0.150272</speed><course>196.110576</course><hAcc>1.759367</hAcc><vAcc>0.756739</vAcc></extensions></trkpt>
      <trkpt lon="12.491310" lat="41.890612"><ele>22.750401</ele><time>2025-03-20T10:21:50Z</time><extensions><speed>0.112735</speed><course>205.984808</course><hAcc>1.753331</hAcc><vAcc>0.756739</vAcc></extensions></trkpt>
      <trkpt lon="12.491310" lat="41.890611"><ele>22.767778</ele><time>2025-03-20T10:21:51Z</time><extensions><speed>0.094886</speed><course>207.260049</course><hAcc>1.751642</hAcc><vAcc>0.756739</vAcc></extensions></trkpt>
      <trkpt lon="12.491309" lat="41.890610"><ele>22.786932</ele><time>2025-03-20T10:21:52Z</time><extensions><speed>0.048876</speed><course>191.521393</course><hAcc>1.739434</hAcc><vAcc>0.756739</vAcc></extensions></trkpt>
      <trkpt lon="12.491310" lat="41.890610"><ele>22.808127</ele><time>2025-03-20T10:21:53Z</time><extensions><speed>0.032026</speed><course>107.493118</course><hAcc>1.717388</hAcc><vAcc>0.756738</vAcc></extensions></trkpt>
      <trkpt lon="12.491310" lat="41.890610"><ele>22.826638</ele><time>2025-03-20T10:21:54Z</time><extensions><speed>0.078880</speed><course>59.205160</course><hAcc>1.688424</hAcc><vAcc>0.756738</vAcc></extensions></trkpt>
      <trkpt lon="12.491311" lat="41.890611"><ele>22.844792</ele><time>2025-03-20T10:21:55Z</time><extensions><speed>0.181760</speed><course>37.133766</course><hAcc>1.653126</hAcc><vAcc>0.756738</vAcc></extensions></trkpt>
      <trkpt lon="12.491313" lat="41.890613"><ele>22.863459</ele><time>2025-03-20T10:21:56Z</time><extensions><speed>0.446113</speed><course>25.896928</course><hAcc>1.613587</hAcc><vAcc>0.756738</vAcc></extensions></trkpt>
      <trkpt lon="12.491316" lat="41.890618"><ele>22.877089</ele><time>2025-03-20T10:21:57Z</time><extensions><speed>0.740072</speed><course>23.164547</course><hAcc>1.594480</hAcc><vAcc>0.756738</vAcc></extensions></trkpt>
      <trkpt lon="12.491320" lat="41.890625"><ele>22.884054</ele><time>2025-03-20T10:21:58Z</time><extensions><speed>0.899610</speed><course>21.321200</course><hAcc>1.598442</hAcc><vAcc>0.756738</vAcc></extensions></trkpt>
      <trkpt lon="12.491324" lat="41.890633"><ele>22.892973</ele><time>2025-03-20T10:21:58Z</time><extensions><speed>0.906699</speed><course>22.845685</course><hAcc>1.595792</hAcc><vAcc>0.756738</vAcc></extensions></trkpt>
      <trkpt lon="12.491328" lat="41.890639"><ele>22.899723</ele><time>2025-03-20T10:21:59Z</time><extensions><speed>0.738405</speed><course>28.440400</course><hAcc>1.596467</hAcc><vAcc>0.756738</vAcc></extensions></trkpt>
      <trkpt lon="12.491331" lat="41.890644"><ele>22.901555</ele><time>2025-03-20T10:22:00Z</time><extensions><speed>0.381063</speed><course>32.646006</course><hAcc>1.584624</hAcc><vAcc>0.756738</vAcc></extensions></trkpt>
      <trkpt lon="12.491333" lat="41.890645"><ele>22.897541</ele><time>2025-03-20T10:22:01Z</time><extensions><speed>0.056472</speed><course>42.079678</course><hAcc>1.580997</hAcc><vAcc>0.756738</vAcc></extensions></trkpt>
      <trkpt lon="12.491333" lat="41.890645"><ele>22.889179</ele><time>2025-03-20T10:22:02Z</time><extensions><speed>0.069194</speed><course>226.305362</course><hAcc>1.590968</hAcc><vAcc>0.756738</vAcc></extensions></trkpt>
      <trkpt lon="12.491332" lat="41.890645"><ele>22.881289</ele><time>2025-03-20T10:22:03Z</time><extensions><speed>0.070799</speed><course>276.562294</course><hAcc>1.607939</hAcc><vAcc>0.756738</vAcc></extensions></trkpt>
      <trkpt lon="12.491332" lat="41.890646"><ele>22.875896</ele><time>2025-03-20T10:22:04Z</time><extensions><speed>0.206958</speed><course>2.590115</course><hAcc>1.608450</hAcc><vAcc>0.756738</vAcc></extensions></trkpt>
      <trkpt lon="12.491333" lat="41.890649"><ele>22.864528</ele><time>2025-03-20T10:22:05Z</time><extensions><speed>0.549917</speed><course>18.515595</course><hAcc>1.577308</hAcc><vAcc>0.756738</vAcc></extensions></trkpt>
      <trkpt lon="12.491336" lat="41.890655"><ele>22.856252</ele><time>2025-03-20T10:22:06Z</time><extensions><speed>0.942657</speed><course>24.506252</course><hAcc>1.543001</hAcc><vAcc>0.756738</vAcc></extensions></trkpt>
      <trkpt lon="12.491342" lat="41.890664"><ele>22.847258</ele><time>2025-03-20T10:22:07Z</time><extensions><speed>1.202487</speed><course>29.762905</course><hAcc>1.537498</hAcc><vAcc>0.756738</vAcc></extensions></trkpt>
      <trkpt lon="12.491351" lat="41.890673"><ele>22.840225</ele><time>2025-03-20T10:22:08Z</time><extensions><speed>1.348361</speed><course>36.378401</course><hAcc>1.519385</hAcc><vAcc>0.756738</vAcc></extensions></trkpt>
      <trkpt lon="12.491361" lat="41.890683"><ele>22.831074</ele><time>2025-03-20T10:22:09Z</time><extensions><speed>1.387957</speed><course>42.622736</course><hAcc>1.496415</hAcc><vAcc>0.756738</vAcc></extensions></trkpt>
      <trkpt lon="12.491373" lat="41.890691"><ele>22.817922</ele><time>2025-03-20T10:22:10Z</time><extensions><speed>1.303703</speed><course>49.535299</course><hAcc>1.479907</hAcc><vAcc>0.756738</vAcc></extensions></trkpt>
      <trkpt lon="12.491385" lat="41.890697"><ele>22.804329</ele><time>2025-03-20T10:22:11Z</time><extensions><speed>1.160606</speed><course>60.336841</course><hAcc>1.473763</hAcc><vAcc>0.756738</vAcc></extensions></trkpt>
      <trkpt lon="12.491397" lat="41.890701"><ele>22.789707</ele><time>2025-03-20T10:22:12Z</time><extensions><speed>1.067369</speed><course>73.872485</course><hAcc>1.484151</hAcc><vAcc>0.756738</vAcc></extensions></trkpt>
      <trkpt lon="12.491409" lat="41.890703"><ele>22.774371</ele><time>2025-03-20T10:22:13Z</time><extensions><speed>0.921697</speed><course>84.692758</course><hAcc>1.500693</hAcc><vAcc>0.756738</vAcc></extensions></trkpt>
      <trkpt lon="12.491418" lat="41.890703"><ele>22.761003</ele><time>2025-03-20T10:22:14Z</time><extensions><speed>0.748450</speed><course>96.832827</course><hAcc>1.512898</hAcc><vAcc>0.756738</vAcc></extensions></trkpt>
      <trkpt lon="12.491426" lat="41.890702"><ele>22.744838</ele><time>2025-03-20T10:22:15Z</time><extensions><speed>0.475954</speed><course>113.966254</course><hAcc>1.546025</hAcc><vAcc>0.756738</vAcc></extensions></trkpt>
      <trkpt lon="12.491429" lat="41.890699"><ele>22.726307</ele><time>2025-03-20T10:22:16Z</time><extensions><speed>0.406385</speed><course>150.746023</course><hAcc>1.592120</hAcc><vAcc>0.756738</vAcc></extensions></trkpt>
      <trkpt lon="12.491431" lat="41.890696"><ele>22.708151</ele><time>2025-03-20T10:22:17Z</time><extensions><speed>0.471481</speed><course>168.751946</course><hAcc>1.660322</hAcc><vAcc>0.756738</vAcc></extensions></trkpt>
      <trkpt lon="12.491432" lat="41.890691"><ele>22.688411</ele><time>2025-03-20T10:22:18Z</time><extensions><speed>0.500573</speed><course>170.737888</course><hAcc>1.741841</hAcc><vAcc>0.756738</vAcc></extensions></trkpt>
      <trkpt lon="12.491434" lat="41.890687"><ele>22.667563</ele><time>2025-03-20T10:22:19Z</time><extensions><speed>0.443479</speed><course>158.299523</course><hAcc>1.832442</hAcc><vAcc>0.756738</vAcc></extensions></trkpt>
      <trkpt lon="12.491437" lat="41.890684"><ele>22.645488</ele><time>2025-03-20T10:22:20Z</time><extensions><speed>0.418672</speed><course>130.067906</course><hAcc>1.929887</hAcc><vAcc>0.756738</vAcc></extensions></trkpt>
      <trkpt lon="12.491442" lat="41.890682"><ele>22.624422</ele><time>2025-03-20T10:22:21Z</time><extensions><speed>0.535362</speed><course>100.613938</course><hAcc>2.051174</hAcc><vAcc>0.756737</vAcc></extensions></trkpt>
      <trkpt lon="12.491449" lat="41.890682"><ele>22.603712</ele><time>2025-03-20T10:22:22Z</time><extensions><speed>0.667021</speed><course>86.438110</course><hAcc>2.203369</hAcc><vAcc>0.756737</vAcc></extensions></trkpt>
      <trkpt lon="12.491457" lat="41.890683"><ele>22.583889</ele><time>2025-03-20T10:22:23Z</time><extensions><speed>0.782518</speed><course>78.245978</course><hAcc>2.366561</hAcc><vAcc>0.756737</vAcc></extensions></trkpt>
      <trkpt lon="12.491467" lat="41.890685"><ele>22.564191</ele><time>2025-03-20T10:22:24Z</time><extensions><speed>0.850269</speed><course>72.379367</course><hAcc>2.522925</hAcc><vAcc>0.756737</vAcc></extensions></trkpt>
      <trkpt lon="12.491477" lat="41.890687"><ele>22.545413</ele><time>2025-03-20T10:22:25Z</time><extensions><speed>0.842876</speed><course>69.739318</course><hAcc>2.663703</hAcc><vAcc>0.756737</vAcc></extensions></trkpt>
      <trkpt lon="12.491486" lat="41.890690"><ele>22.528170</ele><time>2025-03-20T10:22:26Z</time><extensions><speed>0.781775</speed><course>68.434616</course><hAcc>2.809541</hAcc><vAcc>0.756737</vAcc></extensions></trkpt>
      <trkpt lon="12.491494" lat="41.890692"><ele>22.514318</ele><time>2025-03-20T10:22:27Z</time><extensions><speed>0.664308</speed><course>68.660436</course><hAcc>2.992328</hAcc><vAcc>0.756737</vAcc></extensions></trkpt>
      <trkpt lon="12.491500" lat="41.890694"><ele>22.499317</ele><time>2025-03-20T10:22:28Z</time><extensions><speed>0.503100</speed><course>68.387023</course><hAcc>3.235352</hAcc><vAcc>0.756737</vAcc></extensions></trkpt>
      <trkpt lon="12.491504" lat="41.890696"><ele>22.485984</ele><time>2025-03-20T10:22:29Z</time><extensions><speed>0.320013</speed><course>66.264898</course><hAcc>3.526963</hAcc><vAcc>0.756737</vAcc></extensions></trkpt>
      <trkpt lon="12.491507" lat="41.890697"><ele>22.474708</ele><time>2025-03-20T10:22:30Z</time><extensions><speed>0.186317</speed><course>61.056129</course><hAcc>3.871229</hAcc><vAcc>0.756737</vAcc></extensions></trkpt>
      <trkpt lon="12.491507" lat="41.890697"><ele>22.463003</ele><time>2025-03-20T10:22:31Z</time><extensions><speed>0.089771</speed><course>42.812634</course><hAcc>4.252110</hAcc><vAcc>0.756737</vAcc></extensions></trkpt>
      <trkpt lon="12.491507" lat="41.890698"><ele>22.452634</ele><time>2025-03-20T10:22:32Z</time><extensions><speed>0.057651</speed><course>329.531142</course><hAcc>4.650143</hAcc><vAcc>0.756737</vAcc></extensions></trkpt>
      <trkpt lon="12.491506" lat="41.890698"><ele>22.442732</ele><time>2025-03-20T10:22:33Z</time><extensions><speed>0.112050</speed><course>290.211295</course><hAcc>5.035514</hAcc><vAcc>0.756737</vAcc></extensions></trkpt>
      <trkpt lon="12.491503" lat="41.890699"><ele>22.433530</ele><time>2025-03-20T10:22:34Z</time><extensions><speed>0.171694</speed><course>279.826281</course><hAcc>5.384918</hAcc><vAcc>0.756737</vAcc></extensions></trkpt>
      <trkpt lon="12.491501" lat="41.890699"><ele>22.424965</ele><time>2025-03-20T10:22:35Z</time><extensions><speed>0.210390</speed><course>276.512569</course><hAcc>5.682584</hAcc><vAcc>0.756737</vAcc></extensions></trkpt>
      <trkpt lon="12.491498" lat="41.890699"><ele>22.416917</ele><time>2025-03-20T10:22:36Z</time><extensions><speed>0.216411</speed><course>276.153830</course><hAcc>5.921340</hAcc><vAcc>0.756737</vAcc></extensions></trkpt>
      <trkpt lon="12.491496" lat="41.890700"><ele>22.409208</ele><time>2025-03-20T10:22:37Z</time><extensions><speed>0.198391</speed><course>276.946072</course><hAcc>6.099892</hAcc><vAcc>0.756737</vAcc></extensions></trkpt>
      <trkpt lon="12.491494" lat="41.890700"><ele>22.401797</ele><time>2025-03-20T10:22:38Z</time><extensions><speed>0.157292</speed><course>279.027660</course><hAcc>6.208151</hAcc><vAcc>0.756737</vAcc></extensions></trkpt>
      <trkpt lon="12.491494" lat="41.890702"><ele>22.394615</ele><time>2025-03-20T10:22:39Z</time><extensions><speed>0.086833</speed><course>293.389937</course><hAcc>6.236963</hAcc><vAcc>0.756737</vAcc></extensions></trkpt>
      <trkpt lon="12.491494" lat="41.890704"><ele>22.388303</ele><time>2025-03-20T10:22:40Z</time><extensions><speed>0.068986</speed><course>323.984855</course><hAcc>6.159826</hAcc><vAcc>0.756737</vAcc></extensions></trkpt>
      <trkpt lon="12.491491" lat="41.890703"><ele>22.382635</ele><time>2025-03-20T10:22:41Z</time><extensions><speed>0.061332</speed><course>336.180093</course><hAcc>6.035764</hAcc><vAcc>0.756737</vAcc></extensions></trkpt>
      <trkpt lon="12.491489" lat="41.890703"><ele>22.377431</ele><time>2025-03-20T10:22:42Z</time><extensions><speed>0.051666</speed><course>334.867733</course><hAcc>5.907161</hAcc><vAcc>0.756737</vAcc></extensions></trkpt>
      <trkpt lon="12.491487" lat="41.890702"><ele>22.372782</ele><time>2025-03-20T10:22:43Z</time><extensions><speed>0.039484</speed><course>311.991695</course><hAcc>5.814950</hAcc><vAcc>0.756737</vAcc></extensions></trkpt>
      <trkpt lon="12.491490" lat="41.890703"><ele>22.368936</ele><time>2025-03-20T10:22:44Z</time><extensions><speed>0.028222</speed><course>353.972566</course><hAcc>5.716777</hAcc><vAcc>0.756737</vAcc></extensions></trkpt>
      <trkpt lon="12.491493" lat="41.890704"><ele>22.365708</ele><time>2025-03-20T10:22:45Z</time><extensions><speed>0.044787</speed><course>37.816608</course><hAcc>5.597581</hAcc><vAcc>0.756737</vAcc></extensions></trkpt>
      <trkpt lon="12.491496" lat="41.890705"><ele>22.363086</ele><time>2025-03-20T10:22:46Z</time><extensions><speed>0.091870</speed><course>53.870886</course><hAcc>5.451275</hAcc><vAcc>0.756737</vAcc></extensions></trkpt>
      <trkpt lon="12.491499" lat="41.890707"><ele>22.361053</ele><time>2025-03-20T10:22:47Z</time><extensions><speed>0.112111</speed><course>57.734607</course><hAcc>5.305609</hAcc><vAcc>0.756737</vAcc></extensions></trkpt>
      <trkpt lon="12.491505" lat="41.890708"><ele>22.361286</ele><time>2025-03-20T10:22:48Z</time><extensions><speed>0.152152</speed><course>64.300515</course><hAcc>5.175048</hAcc><vAcc>0.756737</vAcc></extensions></trkpt>
      <trkpt lon="12.491512" lat="41.890710"><ele>22.361989</ele><time>2025-03-20T10:22:49Z</time><extensions><speed>0.232558</speed><course>68.530508</course><hAcc>5.034378</hAcc><vAcc>0.756737</vAcc></extensions></trkpt>
      <trkpt lon="12.491518" lat="41.890711"><ele>22.364050</ele><time>2025-03-20T10:22:50Z</time><extensions><speed>0.288582</speed><course>71.528390</course><hAcc>4.905418</hAcc><vAcc>0.756737</vAcc></extensions></trkpt>
      <trkpt lon="12.491525" lat="41.890713"><ele>22.367013</ele><time>2025-03-20T10:22:51Z</time><extensions><speed>0.338577</speed><course>72.835778</course><hAcc>4.803386</hAcc><vAcc>0.756737</vAcc></extensions></trkpt>
      <trkpt lon="12.491532" lat="41.890715"><ele>22.370122</ele><time>2025-03-20T10:22:52Z</time><extensions><speed>0.328582</speed><course>71.926125</course><hAcc>4.746577</hAcc><vAcc>0.756737</vAcc></extensions></trkpt>
      <trkpt lon="12.491538" lat="41.890717"><ele>22.374516</ele><time>2025-03-20T10:22:53Z</time><extensions><speed>0.329667</speed><course>70.889639</course><hAcc>4.707347</hAcc><vAcc>0.756737</vAcc></extensions></trkpt>
      <trkpt lon="12.491544" lat="41.890719"><ele>22.379410</ele><time>2025-03-20T10:22:54Z</time><extensions><speed>0.317413</speed><course>70.102529</course><hAcc>4.664931</hAcc><vAcc>0.756737</vAcc></extensions></trkpt>
      <trkpt lon="12.491549" lat="41.890720"><ele>22.385271</ele><time>2025-03-20T10:22:55Z</time><extensions><speed>0.305579</speed><course>69.992675</course><hAcc>4.627089</hAcc><vAcc>0.756737</vAcc></extensions></trkpt>
      <trkpt lon="12.491553" lat="41.890722"><ele>22.391235</ele><time>2025-03-20T10:22:56Z</time><extensions><speed>0.321140</speed><course>69.216737</course><hAcc>4.589072</hAcc><vAcc>0.756737</vAcc></extensions></trkpt>
      <trkpt lon="12.491557" lat="41.890723"><ele>22.397307</ele><time>2025-03-20T10:22:57Z</time><extensions><speed>0.334788</speed><course>68.323546</course><hAcc>4.550622</hAcc><vAcc>0.756737</vAcc></extensions></trkpt>
      <trkpt lon="12.491562" lat="41.890725"><ele>22.402861</ele><time>2025-03-20T10:22:58Z</time><extensions><speed>0.463619</speed><course>66.973325</course><hAcc>4.478858</hAcc><vAcc>0.756737</vAcc></extensions></trkpt>
      <trkpt lon="12.491568" lat="41.890727"><ele>22.409405</ele><time>2025-03-20T10:22:59Z</time><extensions><speed>0.533294</speed><course>65.344720</course><hAcc>4.423634</hAcc><vAcc>0.756737</vAcc></extensions></trkpt>
      <trkpt lon="12.491573" lat="41.890730"><ele>22.415230</ele><time>2025-03-20T10:23:00Z</time><extensions><speed>0.523908</speed><course>62.297269</course><hAcc>4.417848</hAcc><vAcc>0.756737</vAcc></extensions></trkpt>
      <trkpt lon="12.491578" lat="41.890733"><ele>22.420375</ele><time>2025-03-20T10:23:01Z</time><extensions><speed>0.444895</speed><course>58.147333</course><hAcc>4.452587</hAcc><vAcc>0.756737</vAcc></extensions></trkpt>
      <trkpt lon="12.491582" lat="41.890735"><ele>22.427536</ele><time>2025-03-20T10:23:02Z</time><extensions><speed>0.409347</speed><course>53.511018</course><hAcc>4.490064</hAcc><vAcc>0.756737</vAcc></extensions></trkpt>
      <trkpt lon="12.491584" lat="41.890738"><ele>22.433464</ele><time>2025-03-20T10:23:03Z</time><extensions><speed>0.352148</speed><course>47.269783</course><hAcc>4.543612</hAcc><vAcc>0.756737</vAcc></extensions></trkpt>
      <trkpt lon="12.491586" lat="41.890740"><ele>22.436910</ele><time>2025-03-20T10:23:04Z</time><extensions><speed>0.264234</speed><course>38.638491</course><hAcc>4.607503</hAcc><vAcc>0.756737</vAcc></extensions></trkpt>
      <trkpt lon="12.491588" lat="41.890743"><ele>22.442547</ele><time>2025-03-20T10:23:05Z</time><extensions><speed>0.247362</speed><course>27.259712</course><hAcc>4.650439</hAcc><vAcc>0.756737</vAcc></extensions></trkpt>
      <trkpt lon="12.491589" lat="41.890745"><ele>22.447770</ele><time>2025-03-20T10:23:06Z</time><extensions><speed>0.246706</speed><course>15.888026</course><hAcc>4.704966</hAcc><vAcc>0.756737</vAcc></extensions></trkpt>
      <trkpt lon="12.491589" lat="41.890748"><ele>22.453446</ele><time>2025-03-20T10:23:07Z</time><extensions><speed>0.248380</speed><course>6.600199</course><hAcc>4.794115</hAcc><vAcc>0.756737</vAcc></extensions></trkpt>
      <trkpt lon="12.491588" lat="41.890751"><ele>22.461144</ele><time>2025-03-20T10:23:08Z</time><extensions><speed>0.236409</speed><course>355.680546</course><hAcc>4.910187</hAcc><vAcc>0.756737</vAcc></extensions></trkpt>
      <trkpt lon="12.491587" lat="41.890755"><ele>22.468161</ele><time>2025-03-20T10:23:09Z</time><extensions><speed>0.261462</speed><course>346.699734</course><hAcc>5.010700</hAcc><vAcc>0.756737</vAcc></extensions></trkpt>
      <trkpt lon="12.491584" lat="41.890759"><ele>22.476989</ele><time>2025-03-20T10:23:10Z</time><extensions><speed>0.387146</speed><course>340.976396</course><hAcc>5.088295</hAcc><vAcc>0.756737</vAcc></extensions></trkpt>
      <trkpt lon="12.491578" lat="41.890767"><ele>22.487553</ele><time>2025-03-20T10:23:11Z</time><extensions><speed>0.607540</speed><course>336.916160</course><hAcc>5.161464</hAcc><vAcc>0.756737</vAcc></extensions></trkpt>
      <trkpt lon="12.491572" lat="41.890776"><ele>22.501316</ele><time>2025-03-20T10:23:12Z</time><extensions><speed>0.873926</speed><course>336.645063</course><hAcc>5.260092</hAcc><vAcc>0.756737</vAcc></extensions></trkpt>
      <trkpt lon="12.491566" lat="41.890787"><ele>22.520255</ele><time>2025-03-20T10:23:13Z</time><extensions><speed>1.150790</speed><course>336.718849</course><hAcc>5.394213</hAcc><vAcc>0.756737</vAcc></extensions></trkpt>
      <trkpt lon="12.491556" lat="41.890800"><ele>22.541294</ele><time>2025-03-20T10:23:14Z</time><extensions><speed>1.434001</speed><course>335.683668</course><hAcc>5.561720</hAcc><vAcc>0.756737</vAcc></extensions></trkpt>
      <trkpt lon="12.491545" lat="41.890816"><ele>22.564158</ele><time>2025-03-20T10:23:15Z</time><extensions><speed>1.733808</speed><course>334.869318</course><hAcc>5.718322</hAcc><vAcc>0.756737</vAcc></extensions></trkpt>
      <trkpt lon="12.491532" lat="41.890834"><ele>22.588810</ele><time>2025-03-20T10:23:16Z</time><extensions><speed>1.980022</speed><course>334.439305</course><hAcc>5.864310</hAcc><vAcc>0.756737</vAcc></extensions></trkpt>
      <trkpt lon="12.491518" lat="41.890854"><ele>22.615790</ele><time>2025-03-20T10:23:17Z</time><extensions><speed>2.173249</speed><course>334.215184</course><hAcc>5.981990</hAcc><vAcc>0.756737</vAcc></extensions></trkpt>
      <trkpt lon="12.491503" lat="41.890875"><ele>22.645531</ele><time>2025-03-20T10:23:18Z</time><extensions><speed>2.294777</speed><course>334.160938</course><hAcc>6.054898</hAcc><vAcc>0.756737</vAcc></extensions></trkpt>
      <trkpt lon="12.491488" lat="41.890897"><ele>22.678967</ele><time>2025-03-20T10:23:19Z</time><extensions><speed>2.354021</speed><course>334.177188</course><hAcc>6.083415</hAcc><vAcc>0.756737</vAcc></extensions></trkpt>
      <trkpt lon="12.491472" lat="41.890917"><ele>22.711154</ele><time>2025-03-20T10:23:20Z</time><extensions><speed>2.289754</speed><course>334.515541</course><hAcc>6.085675</hAcc><vAcc>0.756739</vAcc></extensions></trkpt>
      <trkpt lon="12.491459" lat="41.890936"><ele>22.742743</ele><time>2025-03-20T10:23:21Z</time><extensions><speed>2.047111</speed><course>333.896395</course><hAcc>6.070956</hAcc><vAcc>0.756742</vAcc></extensions></trkpt>
      <trkpt lon="12.491447" lat="41.890952"><ele>22.774872</ele><time>2025-03-20T10:23:22Z</time><extensions><speed>1.753644</speed><course>332.481260</course><hAcc>6.043381</hAcc><vAcc>0.756745</vAcc></extensions></trkpt>
      <trkpt lon="12.491437" lat="41.890965"><ele>22.807248</ele><time>2025-03-20T10:23:23Z</time><extensions><speed>1.453055</speed><course>330.383227</course><hAcc>6.022128</hAcc><vAcc>0.756748</vAcc></extensions></trkpt>
      <trkpt lon="12.491428" lat="41.890975"><ele>22.839075</ele><time>2025-03-20T10:23:24Z</time><extensions><speed>1.145729</speed><course>328.307075</course><hAcc>6.026477</hAcc><vAcc>0.756752</vAcc></extensions></trkpt>
      <trkpt lon="12.491421" lat="41.890982"><ele>22.870739</ele><time>2025-03-20T10:23:25Z</time><extensions><speed>0.769917</speed><course>325.407219</course><hAcc>6.052665</hAcc><vAcc>0.756757</vAcc></extensions></trkpt>
      <trkpt lon="12.491416" lat="41.890987"><ele>22.901386</ele><time>2025-03-20T10:23:26Z</time><extensions><speed>0.564454</speed><course>322.272056</course><hAcc>6.060001</hAcc><vAcc>0.756763</vAcc></extensions></trkpt>
      <trkpt lon="12.491412" lat="41.890991"><ele>22.931099</ele><time>2025-03-20T10:23:27Z</time><extensions><speed>0.513097</speed><course>319.401916</course><hAcc>6.044285</hAcc><vAcc>0.756770</vAcc></extensions></trkpt>
      <trkpt lon="12.491408" lat="41.890995"><ele>22.958650</ele><time>2025-03-20T10:23:28Z</time><extensions><speed>0.470288</speed><course>316.757437</course><hAcc>6.051571</hAcc><vAcc>0.761448</vAcc></extensions></trkpt>
      <trkpt lon="12.491404" lat="41.890997"><ele>22.984232</ele><time>2025-03-20T10:23:29Z</time><extensions><speed>0.436171</speed><course>315.114971</course><hAcc>6.111162</hAcc><vAcc>0.770259</vAcc></extensions></trkpt>
      <trkpt lon="12.491401" lat="41.891000"><ele>23.008446</ele><time>2025-03-20T10:23:31Z</time><extensions><speed>0.398299</speed><course>314.190655</course><hAcc>6.247340</hAcc><vAcc>0.783398</vAcc></extensions></trkpt>
      <trkpt lon="12.491398" lat="41.891003"><ele>23.031780</ele><time>2025-03-20T10:23:32Z</time><extensions><speed>0.352630</speed><course>313.988841</course><hAcc>6.479715</hAcc><vAcc>0.802013</vAcc></extensions></trkpt>
      <trkpt lon="12.491395" lat="41.891005"><ele>23.052047</ele><time>2025-03-20T10:23:33Z</time><extensions><speed>0.309539</speed><course>316.564967</course><hAcc>6.812620</hAcc><vAcc>0.825694</vAcc></extensions></trkpt>
      <trkpt lon="12.491393" lat="41.891007"><ele>23.073692</ele><time>2025-03-20T10:23:34Z</time><extensions><speed>0.268179</speed><course>321.676048</course><hAcc>7.234615</hAcc><vAcc>0.857464</vAcc></extensions></trkpt>
      <trkpt lon="12.491393" lat="41.891009"><ele>23.092142</ele><time>2025-03-20T10:23:35Z</time><extensions><speed>0.187101</speed><course>351.428384</course><hAcc>7.712703</hAcc><vAcc>0.897065</vAcc></extensions></trkpt>
      <trkpt lon="12.491395" lat="41.891010"><ele>23.109702</ele><time>2025-03-20T10:23:36Z</time><extensions><speed>0.194493</speed><course>34.027621</course><hAcc>8.190055</hAcc><vAcc>0.948986</vAcc></extensions></trkpt>
      <trkpt lon="12.491399" lat="41.891012"><ele>23.127969</ele><time>2025-03-20T10:23:37Z</time><extensions><speed>0.286528</speed><course>61.016443</course><hAcc>8.589599</hAcc><vAcc>1.014073</vAcc></extensions></trkpt>
      <trkpt lon="12.491404" lat="41.891013"><ele>23.145840</ele><time>2025-03-20T10:23:38Z</time><extensions><speed>0.417343</speed><course>73.518557</course><hAcc>8.801809</hAcc><vAcc>1.093291</vAcc></extensions></trkpt>
      <trkpt lon="12.491523" lat="41.891026"><ele>23.278562</ele><time>2025-03-20T10:23:53Z</time><extensions><speed>0.769753</speed><course>84.233487</course><hAcc>12.662580</hAcc><vAcc>1.167895</vAcc></extensions></trkpt>
      <trkpt lon="12.491533" lat="41.891026"><ele>23.279703</ele><time>2025-03-20T10:23:54Z</time><extensions><speed>0.887188</speed><course>85.742712</course><hAcc>12.829108</hAcc><vAcc>1.125238</vAcc></extensions></trkpt>
      <trkpt lon="12.491545" lat="41.891027"><ele>23.281170</ele><time>2025-03-20T10:23:55Z</time><extensions><speed>1.046681</speed><course>86.962923</course><hAcc>12.697629</hAcc><vAcc>1.103495</vAcc></extensions></trkpt>
      <trkpt lon="12.491558" lat="41.891027"><ele>23.283022</ele><time>2025-03-20T10:23:56Z</time><extensions><speed>1.233347</speed><course>87.987665</course><hAcc>12.280437</hAcc><vAcc>1.104338</vAcc></extensions></trkpt>
      <trkpt lon="12.491618" lat="41.891029"><ele>23.300999</ele><time>2025-03-20T10:24:00Z</time><extensions><speed>1.253118</speed><course>88.194042</course><hAcc>10.779257</hAcc><vAcc>1.057685</vAcc></extensions></trkpt>
      <trkpt lon="12.491634" lat="41.891029"><ele>23.308089</ele><time>2025-03-20T10:24:01Z</time><extensions><speed>1.355387</speed><course>89.670281</course><hAcc>10.447606</hAcc><vAcc>1.039009</vAcc></extensions></trkpt>
      <trkpt lon="12.491700" lat="41.891029"><ele>23.337025</ele><time>2025-03-20T10:24:05Z</time><extensions><speed>1.360221</speed><course>89.822522</course><hAcc>9.447627</hAcc><vAcc>0.951617</vAcc></extensions></trkpt>
      <trkpt lon="12.491715" lat="41.891029"><ele>23.344261</ele><time>2025-03-20T10:24:05Z</time><extensions><speed>1.278044</speed><course>90.297295</course><hAcc>9.419518</hAcc><vAcc>0.899878</vAcc></extensions></trkpt>
      <trkpt lon="12.491730" lat="41.891029"><ele>23.351265</ele><time>2025-03-20T10:24:06Z</time><extensions><speed>1.200800</speed><course>90.627824</course><hAcc>9.295468</hAcc><vAcc>0.859613</vAcc></extensions></trkpt>
      <trkpt lon="12.491744" lat="41.891029"><ele>23.358015</ele><time>2025-03-20T10:24:07Z</time><extensions><speed>1.120456</speed><course>90.848756</course><hAcc>9.150703</hAcc><vAcc>0.828884</vAcc></extensions></trkpt>
      <trkpt lon="12.491757" lat="41.891029"><ele>23.364476</ele><time>2025-03-20T10:24:08Z</time><extensions><speed>1.032305</speed><course>91.005108</course><hAcc>9.028683</hAcc><vAcc>0.805835</vAcc></extensions></trkpt>
      <trkpt lon="12.491769" lat="41.891029"><ele>23.370585</ele><time>2025-03-20T10:24:09Z</time><extensions><speed>0.927687</speed><course>91.137528</course><hAcc>8.947397</hAcc><vAcc>0.788789</vAcc></extensions></trkpt>
      <trkpt lon="12.491779" lat="41.891028"><ele>23.376283</ele><time>2025-03-20T10:24:10Z</time><extensions><speed>0.797225</speed><course>91.240903</course><hAcc>8.895173</hAcc><vAcc>0.776315</vAcc></extensions></trkpt>
      <trkpt lon="12.491789" lat="41.891028"><ele>23.381531</ele><time>2025-03-20T10:24:11Z</time><extensions><speed>0.778467</speed><course>91.249290</course><hAcc>8.832978</hAcc><vAcc>0.767239</vAcc></extensions></trkpt>
      <trkpt lon="12.491799" lat="41.891028"><ele>23.386323</ele><time>2025-03-20T10:24:12Z</time><extensions><speed>0.811773</speed><course>91.076323</course><hAcc>8.754587</hAcc><vAcc>0.760644</vAcc></extensions></trkpt>
      <trkpt lon="12.491809" lat="41.891028"><ele>23.390687</ele><time>2025-03-20T10:24:13Z</time><extensions><speed>0.877156</speed><course>90.550915</course><hAcc>8.668818</hAcc><vAcc>0.755832</vAcc></extensions></trkpt>
      <trkpt lon="12.491820" lat="41.891028"><ele>23.394704</ele><time>2025-03-20T10:24:14Z</time><extensions><speed>0.968419</speed><course>89.627670</course><hAcc>8.582450</hAcc><vAcc>0.752287</vAcc></extensions></trkpt>
      <trkpt lon="12.491832" lat="41.891028"><ele>23.398538</ele><time>2025-03-20T10:24:15Z</time><extensions><speed>1.072231</speed><course>88.557268</course><hAcc>8.500415</hAcc><vAcc>0.749641</vAcc></extensions></trkpt>
      <trkpt lon="12.491846" lat="41.891029"><ele>23.402403</ele><time>2025-03-20T10:24:16Z</time><extensions><speed>1.173577</speed><course>87.561651</course><hAcc>8.426772</hAcc><vAcc>0.747634</vAcc></extensions></trkpt>
      <trkpt lon="12.491860" lat="41.891029"><ele>23.406512</ele><time>2025-03-20T10:24:17Z</time><extensions><speed>1.260600</speed><course>86.678130</course><hAcc>8.363612</hAcc><vAcc>0.746084</vAcc></extensions></trkpt>
      <trkpt lon="12.491876" lat="41.891030"><ele>23.411026</ele><time>2025-03-20T10:24:18Z</time><extensions><speed>1.323687</speed><course>85.837492</course><hAcc>8.310786</hAcc><vAcc>0.744869</vAcc></extensions></trkpt>
      <trkpt lon="12.491892" lat="41.891031"><ele>23.415994</ele><time>2025-03-20T10:24:19Z</time><extensions><speed>1.352331</speed><course>85.000303</course><hAcc>8.267480</hAcc><vAcc>0.743904</vAcc></extensions></trkpt>
      <trkpt lon="12.491908" lat="41.891032"><ele>23.421361</ele><time>2025-03-20T10:24:20Z</time><extensions><speed>1.343368</speed><course>84.178757</course><hAcc>8.234043</hAcc><vAcc>0.743134</vAcc></extensions></trkpt>
      <trkpt lon="12.491924" lat="41.891033"><ele>23.427027</ele><time>2025-03-20T10:24:21Z</time><extensions><speed>1.304357</speed><course>83.380640</course><hAcc>8.211557</hAcc><vAcc>0.742519</vAcc></extensions></trkpt>
      <trkpt lon="12.491939" lat="41.891035"><ele>23.432896</ele><time>2025-03-20T10:24:22Z</time><extensions><speed>1.246082</speed><course>82.502765</course><hAcc>8.198818</hAcc><vAcc>0.742032</vAcc></extensions></trkpt>
      <trkpt lon="12.491954" lat="41.891036"><ele>23.438920</ele><time>2025-03-20T10:24:23Z</time><extensions><speed>1.185889</speed><course>81.269650</course><hAcc>8.190149</hAcc><vAcc>0.741656</vAcc></extensions></trkpt>
      <trkpt lon="12.491967" lat="41.891038"><ele>23.445110</ele><time>2025-03-20T10:24:24Z</time><extensions><speed>1.137421</speed><course>79.388192</course><hAcc>8.177357</hAcc><vAcc>0.741378</vAcc></extensions></trkpt>
      <trkpt lon="12.491981" lat="41.891040"><ele>23.451524</ele><time>2025-03-20T10:24:25Z</time><extensions><speed>1.097658</speed><course>77.514396</course><hAcc>8.152303</hAcc><vAcc>0.741190</vAcc></extensions></trkpt>
      <trkpt lon="12.491993" lat="41.891042"><ele>23.458268</ele><time>2025-03-20T10:24:26Z</time><extensions><speed>1.077165</speed><course>75.369660</course><hAcc>8.107270</hAcc><vAcc>0.741091</vAcc></extensions></trkpt>
      <trkpt lon="12.492006" lat="41.891045"><ele>23.465494</ele><time>2025-03-20T10:24:27Z</time><extensions><speed>1.072264</speed><course>73.075930</course><hAcc>8.035508</hAcc><vAcc>0.741080</vAcc></extensions></trkpt>
      <trkpt lon="12.492018" lat="41.891048"><ele>23.473394</ele><time>2025-03-20T10:24:28Z</time><extensions><speed>1.075687</speed><course>70.660611</course><hAcc>7.931530</hAcc><vAcc>0.741159</vAcc></extensions></trkpt>
      <trkpt lon="12.492030" lat="41.891051"><ele>23.482208</ele><time>2025-03-20T10:24:29Z</time><extensions><speed>1.082801</speed><course>68.086325</course><hAcc>7.791125</hAcc><vAcc>0.741336</vAcc></extensions></trkpt>
      <trkpt lon="12.492042" lat="41.891055"><ele>23.492221</ele><time>2025-03-20T10:24:30Z</time><extensions><speed>1.092146</speed><course>65.300236</course><hAcc>7.612260</hAcc><vAcc>0.741617</vAcc></extensions></trkpt>
      <trkpt lon="12.492054" lat="41.891060"><ele>23.503698</ele><time>2025-03-20T10:24:31Z</time><extensions><speed>1.094384</speed><course>62.698319</course><hAcc>7.396838</hAcc><vAcc>0.742010</vAcc></extensions></trkpt>
      <trkpt lon="12.492066" lat="41.891064"><ele>23.516845</ele><time>2025-03-20T10:24:32Z</time><extensions><speed>1.073732</speed><course>60.555141</course><hAcc>7.154610</hAcc><vAcc>0.742520</vAcc></extensions></trkpt>
      <trkpt lon="12.492077" lat="41.891069"><ele>23.531784</ele><time>2025-03-20T10:24:33Z</time><extensions><speed>1.008441</speed><course>59.317155</course><hAcc>6.904730</hAcc><vAcc>0.743150</vAcc></extensions></trkpt>
      <trkpt lon="12.492086" lat="41.891073"><ele>23.548551</ele><time>2025-03-20T10:24:34Z</time><extensions><speed>0.904714</speed><course>58.342589</course><hAcc>6.672763</hAcc><vAcc>0.743896</vAcc></extensions></trkpt>
      <trkpt lon="12.492095" lat="41.891077"><ele>23.567111</ele><time>2025-03-20T10:24:35Z</time><extensions><speed>0.757111</speed><course>57.562673</course><hAcc>6.481870</hAcc><vAcc>0.744746</vAcc></extensions></trkpt>
      <trkpt lon="12.492102" lat="41.891080"><ele>23.587384</ele><time>2025-03-20T10:24:36Z</time><extensions><speed>0.559338</speed><course>56.935866</course><hAcc>6.333601</hAcc><vAcc>0.745681</vAcc></extensions></trkpt>
      <trkpt lon="12.492107" lat="41.891083"><ele>23.609233</ele><time>2025-03-20T10:24:37Z</time><extensions><speed>0.430320</speed><course>59.064368</course><hAcc>6.186795</hAcc><vAcc>0.746670</vAcc></extensions></trkpt>
      <trkpt lon="12.492111" lat="41.891085"><ele>23.632463</ele><time>2025-03-20T10:24:38Z</time><extensions><speed>0.331157</speed><course>62.390153</course><hAcc>6.052726</hAcc><vAcc>0.747681</vAcc></extensions></trkpt>
      <trkpt lon="12.492114" lat="41.891086"><ele>23.656830</ele><time>2025-03-20T10:24:39Z</time><extensions><speed>0.222843</speed><course>68.497102</course><hAcc>5.966608</hAcc><vAcc>0.748687</vAcc></extensions></trkpt>
      <trkpt lon="12.492116" lat="41.891086"><ele>23.682059</ele><time>2025-03-20T10:24:40Z</time><extensions><speed>0.136375</speed><course>80.276657</course><hAcc>5.921150</hAcc><vAcc>0.749686</vAcc></extensions></trkpt>
      <trkpt lon="12.492117" lat="41.891086"><ele>23.707815</ele><time>2025-03-20T10:24:41Z</time><extensions><speed>0.089572</speed><course>100.193171</course><hAcc>5.887650</hAcc><vAcc>0.750734</vAcc></extensions></trkpt>
      <trkpt lon="12.492118" lat="41.891086"><ele>23.733667</ele><time>2025-03-20T10:24:42Z</time><extensions><speed>0.086758</speed><course>121.395377</course><hAcc>5.845638</hAcc><vAcc>0.751990</vAcc></extensions></trkpt>
      <trkpt lon="12.492119" lat="41.891085"><ele>23.759053</ele><time>2025-03-20T10:24:43Z</time><extensions><speed>0.093925</speed><course>133.638123</course><hAcc>5.801647</hAcc><vAcc>0.753791</vAcc></extensions></trkpt>
      <trkpt lon="12.492120" lat="41.891085"><ele>23.783241</ele><time>2025-03-20T10:24:44Z</time><extensions><speed>0.114717</speed><course>135.088259</course><hAcc>5.757229</hAcc><vAcc>0.756742</vAcc></extensions></trkpt>
      <trkpt lon="12.492123" lat="41.891085"><ele>23.801921</ele><time>2025-03-20T10:24:45Z</time><extensions><speed>0.102324</speed><course>127.280853</course><hAcc>5.674710</hAcc><vAcc>0.756741</vAcc></extensions></trkpt>
      <trkpt lon="12.492127" lat="41.891085"><ele>23.817081</ele><time>2025-03-20T10:24:46Z</time><extensions><speed>0.092241</speed><course>111.845127</course><hAcc>5.601715</hAcc><vAcc>0.756740</vAcc></extensions></trkpt>
      <trkpt lon="12.492130" lat="41.891085"><ele>23.828710</ele><time>2025-03-20T10:24:47Z</time><extensions><speed>0.096623</speed><course>92.445934</course><hAcc>5.543442</hAcc><vAcc>0.756740</vAcc></extensions></trkpt>
      <trkpt lon="12.492134" lat="41.891086"><ele>23.836428</ele><time>2025-03-20T10:24:48Z</time><extensions><speed>0.123726</speed><course>74.793620</course><hAcc>5.482692</hAcc><vAcc>0.756739</vAcc></extensions></trkpt>
      <trkpt lon="12.492137" lat="41.891087"><ele>23.840365</ele><time>2025-03-20T10:24:49Z</time><extensions><speed>0.211965</speed><course>64.440183</course><hAcc>5.405740</hAcc><vAcc>0.756739</vAcc></extensions></trkpt>
      <trkpt lon="12.492141" lat="41.891088"><ele>23.840893</ele><time>2025-03-20T10:24:50Z</time><extensions><speed>0.297182</speed><course>58.973521</course><hAcc>5.343504</hAcc><vAcc>0.756739</vAcc></extensions></trkpt>
      <trkpt lon="12.492146" lat="41.891090"><ele>23.838622</ele><time>2025-03-20T10:24:51Z</time><extensions><speed>0.389839</speed><course>55.797500</course><hAcc>5.295974</hAcc><vAcc>0.756738</vAcc></extensions></trkpt>
      <trkpt lon="12.492152" lat="41.891092"><ele>23.832870</ele><time>2025-03-20T10:24:52Z</time><extensions><speed>0.474250</speed><course>56.216712</course><hAcc>5.253740</hAcc><vAcc>0.756738</vAcc></extensions></trkpt>
      <trkpt lon="12.492158" lat="41.891095"><ele>23.824984</ele><time>2025-03-20T10:24:53Z</time><extensions><speed>0.512232</speed><course>57.361699</course><hAcc>5.226332</hAcc><vAcc>0.756738</vAcc></extensions></trkpt>
      <trkpt lon="12.492164" lat="41.891099"><ele>23.815416</ele><time>2025-03-20T10:24:54Z</time><extensions><speed>0.521166</speed><course>56.386531</course><hAcc>5.227673</hAcc><vAcc>0.756738</vAcc></extensions></trkpt>
      <trkpt lon="12.492169" lat="41.891104"><ele>23.808229</ele><time>2025-03-20T10:24:55Z</time><extensions><speed>0.467181</speed><course>55.038517</course><hAcc>5.269087</hAcc><vAcc>0.756738</vAcc></extensions></trkpt>
      <trkpt lon="12.492175" lat="41.891108"><ele>23.804619</ele><time>2025-03-20T10:24:56Z</time><extensions><speed>0.315976</speed><course>54.307872</course><hAcc>5.323706</hAcc><vAcc>0.756738</vAcc></extensions></trkpt>
      <trkpt lon="12.492179" lat="41.891111"><ele>23.804537</ele><time>2025-03-20T10:24:57Z</time><extensions><speed>0.226304</speed><course>54.248931</course><hAcc>5.340293</hAcc><vAcc>0.756738</vAcc></extensions></trkpt>
      <trkpt lon="12.492182" lat="41.891113"><ele>23.807895</ele><time>2025-03-20T10:24:58Z</time><extensions><speed>0.177568</speed><course>52.239890</course><hAcc>5.339627</hAcc><vAcc>0.756738</vAcc></extensions></trkpt>
      <trkpt lon="12.492185" lat="41.891115"><ele>23.816716</ele><time>2025-03-20T10:24:59Z</time><extensions><speed>0.150695</speed><course>48.232808</course><hAcc>5.341986</hAcc><vAcc>0.756738</vAcc></extensions></trkpt>
      <trkpt lon="12.492187" lat="41.891118"><ele>23.831478</ele><time>2025-03-20T10:25:00Z</time><extensions><speed>0.145768</speed><course>42.416849</course><hAcc>5.350328</hAcc><vAcc>0.756738</vAcc></extensions></trkpt>
      <trkpt lon="12.492190" lat="41.891120"><ele>23.852504</ele><time>2025-03-20T10:25:01Z</time><extensions><speed>0.154736</speed><course>38.368300</course><hAcc>5.359777</hAcc><vAcc>0.756738</vAcc></extensions></trkpt>
      <trkpt lon="12.492193" lat="41.891122"><ele>23.881053</ele><time>2025-03-20T10:25:02Z</time><extensions><speed>0.211883</speed><course>35.452345</course><hAcc>5.358363</hAcc><vAcc>0.756738</vAcc></extensions></trkpt>
      <trkpt lon="12.492196" lat="41.891124"><ele>23.917041</ele><time>2025-03-20T10:25:03Z</time><extensions><speed>0.368952</speed><course>35.024372</course><hAcc>5.344398</hAcc><vAcc>0.756738</vAcc></extensions></trkpt>
      <trkpt lon="12.492199" lat="41.891127"><ele>23.958804</ele><time>2025-03-20T10:25:04Z</time><extensions><speed>0.495942</speed><course>36.957860</course><hAcc>5.362061</hAcc><vAcc>0.756738</vAcc></extensions></trkpt>
      <trkpt lon="12.492204" lat="41.891131"><ele>24.005769</ele><time>2025-03-20T10:25:05Z</time><extensions><speed>0.616220</speed><course>39.636698</course><hAcc>5.437327</hAcc><vAcc>0.756738</vAcc></extensions></trkpt>
      <trkpt lon="12.492210" lat="41.891135"><ele>24.058332</ele><time>2025-03-20T10:25:06Z</time><extensions><speed>0.720357</speed><course>42.739203</course><hAcc>5.579547</hAcc><vAcc>0.756738</vAcc></extensions></trkpt>
      <trkpt lon="12.492217" lat="41.891140"><ele>24.111336</ele><time>2025-03-20T10:25:07Z</time><extensions><speed>0.777220</speed><course>46.382903</course><hAcc>5.792721</hAcc><vAcc>0.756738</vAcc></extensions></trkpt>
      <trkpt lon="12.492226" lat="41.891143"><ele>24.164340</ele><time>2025-03-20T10:25:08Z</time><extensions><speed>0.785963</speed><course>53.003612</course><hAcc>6.032613</hAcc><vAcc>0.759086</vAcc></extensions></trkpt>
      <trkpt lon="12.492235" lat="41.891145"><ele>24.215566</ele><time>2025-03-20T10:25:09Z</time><extensions><speed>0.757938</speed><course>61.966588</course><hAcc>6.323993</hAcc><vAcc>0.762130</vAcc></extensions></trkpt>
      <trkpt lon="12.492245" lat="41.891148"><ele>24.264667</ele><time>2025-03-20T10:25:10Z</time><extensions><speed>0.764713</speed><course>69.780217</course><hAcc>6.558940</hAcc><vAcc>0.765923</vAcc></extensions></trkpt>
      <trkpt lon="12.492256" lat="41.891150"><ele>24.311931</ele><time>2025-03-20T10:25:11Z</time><extensions><speed>0.757562</speed><course>76.905082</course><hAcc>6.775765</hAcc><vAcc>0.770674</vAcc></extensions></trkpt>
      <trkpt lon="12.492267" lat="41.891151"><ele>24.356931</ele><time>2025-03-20T10:25:12Z</time><extensions><speed>0.737770</speed><course>83.171892</course><hAcc>6.967539</hAcc><vAcc>0.776752</vAcc></extensions></trkpt>
      <trkpt lon="12.492277" lat="41.891151"><ele>24.398486</ele><time>2025-03-20T10:25:13Z</time><extensions><speed>0.707385</speed><course>88.571821</course><hAcc>7.114670</hAcc><vAcc>0.784714</vAcc></extensions></trkpt>
      <trkpt lon="12.492287" lat="41.891151"><ele>24.436491</ele><time>2025-03-20T10:25:14Z</time><extensions><speed>0.675690</speed><course>93.116873</course><hAcc>7.211079</hAcc><vAcc>0.795357</vAcc></extensions></trkpt>
      <trkpt lon="12.492296" lat="41.891150"><ele>24.470172</ele><time>2025-03-20T10:25:15Z</time><extensions><speed>0.613944</speed><course>96.664083</course><hAcc>7.231257</hAcc><vAcc>0.809779</vAcc></extensions></trkpt>
      <trkpt lon="12.492304" lat="41.891149"><ele>24.499675</ele><time>2025-03-20T10:25:16Z</time><extensions><speed>0.521142</speed><course>99.989482</course><hAcc>7.144954</hAcc><vAcc>0.829434</vAcc></extensions></trkpt>
      <trkpt lon="12.492310" lat="41.891149"><ele>24.525217</ele><time>2025-03-20T10:25:17Z</time><extensions><speed>0.396843</speed><course>103.177124</course><hAcc>6.882240</hAcc><vAcc>0.856177</vAcc></extensions></trkpt>
      <trkpt lon="12.492331" lat="41.891149"><ele>24.539158</ele><time>2025-03-20T10:25:20Z</time><extensions><speed>0.410655</speed><course>98.811055</course><hAcc>5.819904</hAcc><vAcc>0.835801</vAcc></extensions></trkpt>
      <trkpt lon="12.492335" lat="41.891149"><ele>24.538292</ele><time>2025-03-20T10:25:21Z</time><extensions><speed>0.307047</speed><course>95.436895</course><hAcc>5.813108</hAcc><vAcc>0.809352</vAcc></extensions></trkpt>
      <trkpt lon="12.492338" lat="41.891149"><ele>24.536627</ele><time>2025-03-20T10:25:22Z</time><extensions><speed>0.237190</speed><course>90.316370</course><hAcc>5.710660</hAcc><vAcc>0.790530</vAcc></extensions></trkpt>
      <trkpt lon="12.492340" lat="41.891149"><ele>24.534799</ele><time>2025-03-20T10:25:23Z</time><extensions><speed>0.163410</speed><course>86.273232</course><hAcc>5.605042</hAcc><vAcc>0.777315</vAcc></extensions></trkpt>
      <trkpt lon="12.492342" lat="41.891149"><ele>24.533340</ele><time>2025-03-20T10:25:24Z</time><extensions><speed>0.120627</speed><course>83.211744</course><hAcc>5.504715</hAcc><vAcc>0.768089</vAcc></extensions></trkpt>
      <trkpt lon="12.492343" lat="41.891149"><ele>24.532687</ele><time>2025-03-20T10:25:25Z</time><extensions><speed>0.099249</speed><course>78.310859</course><hAcc>5.405386</hAcc><vAcc>0.761625</vAcc></extensions></trkpt>
      <trkpt lon="12.492345" lat="41.891149"><ele>24.533217</ele><time>2025-03-20T10:25:26Z</time><extensions><speed>0.098371</speed><course>71.293406</course><hAcc>5.309534</hAcc><vAcc>0.757030</vAcc></extensions></trkpt>
      <trkpt lon="12.492346" lat="41.891149"><ele>24.535265</ele><time>2025-03-20T10:25:27Z</time><extensions><speed>0.078504</speed><course>67.835264</course><hAcc>5.249623</hAcc><vAcc>0.753685</vAcc></extensions></trkpt>
      <trkpt lon="12.492346" lat="41.891150"><ele>24.539159</ele><time>2025-03-20T10:25:28Z</time><extensions><speed>0.066618</speed><course>63.577042</course><hAcc>5.210393</hAcc><vAcc>0.751174</vAcc></extensions></trkpt>
      <trkpt lon="12.492347" lat="41.891150"><ele>24.545225</ele><time>2025-03-20T10:25:29Z</time><extensions><speed>0.066335</speed><course>59.939965</course><hAcc>5.170995</hAcc><vAcc>0.749229</vAcc></extensions></trkpt>
      <trkpt lon="12.492348" lat="41.891150"><ele>24.553798</ele><time>2025-03-20T10:25:30Z</time><extensions><speed>0.072953</speed><course>56.536176</course><hAcc>5.143444</hAcc><vAcc>0.747682</vAcc></extensions></trkpt>
      <trkpt lon="12.492349" lat="41.891151"><ele>24.565221</ele><time>2025-03-20T10:25:31Z</time><extensions><speed>0.066278</speed><course>53.953727</course><hAcc>5.151770</hAcc><vAcc>0.746435</vAcc></extensions></trkpt>
      <trkpt lon="12.492349" lat="41.891151"><ele>24.579833</ele><time>2025-03-20T10:25:32Z</time><extensions><speed>0.072462</speed><course>51.130263</course><hAcc>5.163020</hAcc><vAcc>0.745429</vAcc></extensions></trkpt>
      <trkpt lon="12.492350" lat="41.891152"><ele>24.597951</ele><time>2025-03-20T10:25:33Z</time><extensions><speed>0.097881</speed><course>48.912027</course><hAcc>5.158773</hAcc><vAcc>0.744631</vAcc></extensions></trkpt>
      <trkpt lon="12.492351" lat="41.891152"><ele>24.619855</ele><time>2025-03-20T10:25:34Z</time><extensions><speed>0.161634</speed><course>47.770448</course><hAcc>5.138947</hAcc><vAcc>0.744025</vAcc></extensions></trkpt>
      <trkpt lon="12.492353" lat="41.891153"><ele>24.645780</ele><time>2025-03-20T10:25:35Z</time><extensions><speed>0.219801</speed><course>49.891160</course><hAcc>5.148045</hAcc><vAcc>0.743601</vAcc></extensions></trkpt>
      <trkpt lon="12.492355" lat="41.891155"><ele>24.675953</ele><time>2025-03-20T10:25:36Z</time><extensions><speed>0.260110</speed><course>53.879082</course><hAcc>5.214498</hAcc><vAcc>0.743341</vAcc></extensions></trkpt>
      <trkpt lon="12.492358" lat="41.891156"><ele>24.710462</ele><time>2025-03-20T10:25:37Z</time><extensions><speed>0.296006</speed><course>55.099380</course><hAcc>5.324670</hAcc><vAcc>0.743242</vAcc></extensions></trkpt>
      <trkpt lon="12.492361" lat="41.891158"><ele>24.749456</ele><time>2025-03-20T10:25:38Z</time><extensions><speed>0.381906</speed><course>53.411857</course><hAcc>5.428692</hAcc><vAcc>0.743316</vAcc></extensions></trkpt>
      <trkpt lon="12.492366" lat="41.891161"><ele>24.793002</ele><time>2025-03-20T10:25:39Z</time><extensions><speed>0.555072</speed><course>49.653362</course><hAcc>5.515458</hAcc><vAcc>0.743566</vAcc></extensions></trkpt>
      <trkpt lon="12.492371" lat="41.891165"><ele>24.841098</ele><time>2025-03-20T10:25:40Z</time><extensions><speed>0.723040</speed><course>47.399656</course><hAcc>5.611549</hAcc><vAcc>0.743998</vAcc></extensions></trkpt>
      <trkpt lon="12.492378" lat="41.891170"><ele>24.893682</ele><time>2025-03-20T10:25:41Z</time><extensions><speed>0.887576</speed><course>45.016166</course><hAcc>5.740472</hAcc><vAcc>0.744628</vAcc></extensions></trkpt>
      <trkpt lon="12.492386" lat="41.891176"><ele>24.950629</ele><time>2025-03-20T10:25:42Z</time><extensions><speed>0.998658</speed><course>43.024046</course><hAcc>5.916261</hAcc><vAcc>0.745486</vAcc></extensions></trkpt>
      <trkpt lon="12.492395" lat="41.891182"><ele>25.011726</ele><time>2025-03-20T10:25:43Z</time><extensions><speed>1.050561</speed><course>41.420213</course><hAcc>6.138781</hAcc><vAcc>0.746620</vAcc></extensions></trkpt>
      <trkpt lon="12.492403" lat="41.891190"><ele>25.076671</ele><time>2025-03-20T10:25:44Z</time><extensions><speed>1.058159</speed><course>39.993190</course><hAcc>6.396496</hAcc><vAcc>0.748113</vAcc></extensions></trkpt>
      <trkpt lon="12.492411" lat="41.891197"><ele>25.145076</ele><time>2025-03-20T10:25:46Z</time><extensions><speed>1.040495</speed><course>38.492187</course><hAcc>6.671975</hAcc><vAcc>0.750089</vAcc></extensions></trkpt>
      <trkpt lon="12.492418" lat="41.891204"><ele>25.216483</ele><time>2025-03-20T10:25:47Z</time><extensions><speed>1.007911</speed><course>36.810736</course><hAcc>6.946605</hAcc><vAcc>0.752743</vAcc></extensions></trkpt>
      <trkpt lon="12.492425" lat="41.891212"><ele>25.290385</ele><time>2025-03-20T10:25:48Z</time><extensions><speed>0.970737</speed><course>34.805015</course><hAcc>7.202125</hAcc><vAcc>0.756363</vAcc></extensions></trkpt>
      <trkpt lon="12.492432" lat="41.891219"><ele>25.366238</ele><time>2025-03-20T10:25:49Z</time><extensions><speed>0.910559</speed><course>32.678715</course><hAcc>7.420180</hAcc><vAcc>0.761366</vAcc></extensions></trkpt>
      <trkpt lon="12.492437" lat="41.891225"><ele>25.443449</ele><time>2025-03-20T10:25:50Z</time><extensions><speed>0.826422</speed><course>30.547938</course><hAcc>7.578905</hAcc><vAcc>0.768338</vAcc></extensions></trkpt>
      <trkpt lon="12.492442" lat="41.891231"><ele>25.521369</ele><time>2025-03-20T10:25:51Z</time><extensions><speed>0.718969</speed><course>28.394100</course><hAcc>7.649488</hAcc><vAcc>0.778080</vAcc></extensions></trkpt>
      <trkpt lon="12.492445" lat="41.891237"><ele>25.599323</ele><time>2025-03-20T10:25:52Z</time><extensions><speed>0.595460</speed><course>26.037067</course><hAcc>7.588919</hAcc><vAcc>0.791644</vAcc></extensions></trkpt>
      <trkpt lon="12.492456" lat="41.891234"><ele>25.776013</ele><time>2025-03-20T10:25:54Z</time><extensions><speed>0.481976</speed><course>37.729761</course><hAcc>7.648312</hAcc><vAcc>0.787441</vAcc></extensions></trkpt>
      <trkpt lon="12.492459" lat="41.891237"><ele>25.848750</ele><time>2025-03-20T10:25:55Z</time><extensions><speed>0.341732</speed><course>39.869227</course><hAcc>7.891282</hAcc><vAcc>0.774689</vAcc></extensions></trkpt>
      <trkpt lon="12.492461" lat="41.891239"><ele>25.918026</ele><time>2025-03-20T10:25:56Z</time><extensions><speed>0.195413</speed><course>47.381933</course><hAcc>8.036839</hAcc><vAcc>0.765686</vAcc></extensions></trkpt>
      <trkpt lon="12.492462" lat="41.891239"><ele>25.983161</ele><time>2025-03-20T10:25:57Z</time><extensions><speed>0.068226</speed><course>93.387691</course><hAcc>8.122063</hAcc><vAcc>0.759354</vAcc></extensions></trkpt>
      <trkpt lon="12.492463" lat="41.891239"><ele>26.043514</ele><time>2025-03-20T10:25:58Z</time><extensions><speed>0.093605</speed><course>159.169711</course><hAcc>8.144236</hAcc><vAcc>0.754887</vAcc></extensions></trkpt>
      <trkpt lon="12.492463" lat="41.891238"><ele>26.098521</ele><time>2025-03-20T10:25:59Z</time><extensions><speed>0.143696</speed><course>171.672268</course><hAcc>8.118367</hAcc><vAcc>0.751701</vAcc></extensions></trkpt>
      <trkpt lon="12.492463" lat="41.891236"><ele>26.147804</ele><time>2025-03-20T10:26:00Z</time><extensions><speed>0.204635</speed><course>167.248295</course><hAcc>8.032424</hAcc><vAcc>0.749388</vAcc></extensions></trkpt>
      <trkpt lon="12.492464" lat="41.891234"><ele>26.191224</ele><time>2025-03-20T10:26:01Z</time><extensions><speed>0.267648</speed><course>157.591603</course><hAcc>7.901546</hAcc><vAcc>0.747676</vAcc></extensions></trkpt>
      <trkpt lon="12.492466" lat="41.891232"><ele>26.228833</ele><time>2025-03-20T10:26:02Z</time><extensions><speed>0.342497</speed><course>147.478347</course><hAcc>7.746804</hAcc><vAcc>0.746384</vAcc></extensions></trkpt>
      <trkpt lon="12.492469" lat="41.891229"><ele>26.260776</ele><time>2025-03-20T10:26:03Z</time><extensions><speed>0.430348</speed><course>139.474567</course><hAcc>7.587535</hAcc><vAcc>0.745400</vAcc></extensions></trkpt>
      <trkpt lon="12.492473" lat="41.891226"><ele>26.287185</ele><time>2025-03-20T10:26:04Z</time><extensions><speed>0.520969</speed><course>133.284072</course><hAcc>7.441838</hAcc><vAcc>0.744656</vAcc></extensions></trkpt>
      <trkpt lon="12.492478" lat="41.891223"><ele>26.308136</ele><time>2025-03-20T10:26:05Z</time><extensions><speed>0.602261</speed><course>128.151316</course><hAcc>7.326478</hAcc><vAcc>0.744113</vAcc></extensions></trkpt>
      <trkpt lon="12.492484" lat="41.891220"><ele>26.323611</ele><time>2025-03-20T10:26:06Z</time><extensions><speed>0.663450</speed><course>125.322517</course><hAcc>7.258780</hAcc><vAcc>0.743752</vAcc></extensions></trkpt>
      <trkpt lon="12.492491" lat="41.891216"><ele>26.333430</ele><time>2025-03-20T10:26:07Z</time><extensions><speed>0.688645</speed><course>124.068363</course><hAcc>7.254626</hAcc><vAcc>0.743564</vAcc></extensions></trkpt>
      <trkpt lon="12.492497" lat="41.891213"><ele>26.337223</ele><time>2025-03-20T10:26:07Z</time><extensions><speed>0.662694</speed><course>124.143979</course><hAcc>7.323231</hAcc><vAcc>0.743550</vAcc></extensions></trkpt>
      <trkpt lon="12.492504" lat="41.891209"><ele>26.334471</ele><time>2025-03-20T10:26:08Z</time><extensions><speed>0.573630</speed><course>125.314779</course><hAcc>7.455219</hAcc><vAcc>0.743717</vAcc></extensions></trkpt>
      <trkpt lon="12.492508" lat="41.891207"><ele>26.324611</ele><time>2025-03-20T10:26:09Z</time><extensions><speed>0.407757</speed><course>129.488332</course><hAcc>7.603139</hAcc><vAcc>0.744081</vAcc></extensions></trkpt>
      <trkpt lon="12.492511" lat="41.891205"><ele>26.307141</ele><time>2025-03-20T10:26:10Z</time><extensions><speed>0.287770</speed><course>140.965460</course><hAcc>7.697522</hAcc><vAcc>0.744665</vAcc></extensions></trkpt>
      <trkpt lon="12.492513" lat="41.891203"><ele>26.281695</ele><time>2025-03-20T10:26:11Z</time><extensions><speed>0.271897</speed><course>149.217389</course><hAcc>7.716244</hAcc><vAcc>0.745506</vAcc></extensions></trkpt>
      <trkpt lon="12.492515" lat="41.891200"><ele>26.248068</ele><time>2025-03-20T10:26:12Z</time><extensions><speed>0.346319</speed><course>150.921185</course><hAcc>7.675910</hAcc><vAcc>0.746660</vAcc></extensions></trkpt>
      <trkpt lon="12.492517" lat="41.891197"><ele>26.206228</ele><time>2025-03-20T10:26:13Z</time><extensions><speed>0.456008</speed><course>159.159649</course><hAcc>7.621672</hAcc><vAcc>0.748211</vAcc></extensions></trkpt>
      <trkpt lon="12.492519" lat="41.891192"><ele>26.156326</ele><time>2025-03-20T10:26:14Z</time><extensions><speed>0.574425</speed><course>164.565314</course><hAcc>7.584624</hAcc><vAcc>0.750279</vAcc></extensions></trkpt>
      <trkpt lon="12.492521" lat="41.891187"><ele>26.098712</ele><time>2025-03-20T10:26:15Z</time><extensions><speed>0.676894</speed><course>167.012706</course><hAcc>7.582697</hAcc><vAcc>0.753045</vAcc></extensions></trkpt>
      <trkpt lon="12.492523" lat="41.891181"><ele>26.033962</ele><time>2025-03-20T10:26:16Z</time><extensions><speed>0.752584</speed><course>167.882489</course><hAcc>7.627949</hAcc><vAcc>0.756761</vAcc></extensions></trkpt>
      <trkpt lon="12.492525" lat="41.891174"><ele>25.962936</ele><time>2025-03-20T10:26:17Z</time><extensions><speed>0.795403</speed><course>167.719430</course><hAcc>7.727695</hAcc><vAcc>0.761789</vAcc></extensions></trkpt>
      <trkpt lon="12.492527" lat="41.891167"><ele>25.886796</ele><time>2025-03-20T10:26:18Z</time><extensions><speed>0.805263</speed><course>166.767227</course><hAcc>7.884387</hAcc><vAcc>0.768623</vAcc></extensions></trkpt>
      <trkpt lon="12.492529" lat="41.891160"><ele>25.806923</ele><time>2025-03-20T10:26:19Z</time><extensions><speed>0.784389</speed><course>165.134139</course><hAcc>8.093897</hAcc><vAcc>0.777932</vAcc></extensions></trkpt>
      <trkpt lon="12.492532" lat="41.891153"><ele>25.724777</ele><time>2025-03-20T10:26:20Z</time><extensions><speed>0.738830</speed><course>162.914000</course><hAcc>8.343667</hAcc><vAcc>0.790593</vAcc></extensions></trkpt>
      <trkpt lon="12.492534" lat="41.891147"><ele>25.641753</ele><time>2025-03-20T10:26:21Z</time><extensions><speed>0.675541</speed><course>160.084079</course><hAcc>8.611120</hAcc><vAcc>0.807720</vAcc></extensions></trkpt>
      <trkpt lon="12.492537" lat="41.891142"><ele>25.559055</ele><time>2025-03-20T10:26:22Z</time><extensions><speed>0.597951</speed><course>155.915213</course><hAcc>8.862239</hAcc><vAcc>0.830682</vAcc></extensions></trkpt>
      <trkpt lon="12.492540" lat="41.891138"><ele>25.477605</ele><time>2025-03-20T10:26:23Z</time><extensions><speed>0.512430</speed><course>149.936499</course><hAcc>9.049133</hAcc><vAcc>0.861082</vAcc></extensions></trkpt>
      <trkpt lon="12.492543" lat="41.891134"><ele>25.397980</ele><time>2025-03-20T10:26:24Z</time><extensions><speed>0.425785</speed><course>141.369377</course><hAcc>9.102051</hAcc><vAcc>0.900721</vAcc></extensions></trkpt>
      <trkpt lon="12.492553" lat="41.891126"><ele>25.195806</ele><time>2025-03-20T10:26:27Z</time><extensions><speed>0.413906</speed><course>139.813111</course><hAcc>9.692411</hAcc><vAcc>0.961062</vAcc></extensions></trkpt>
      <trkpt lon="12.492556" lat="41.891123"><ele>25.141399</ele><time>2025-03-20T10:26:28Z</time><extensions><speed>0.325151</speed><course>132.779970</course><hAcc>10.012401</hAcc><vAcc>0.974981</vAcc></extensions></trkpt>
      <trkpt lon="12.492559" lat="41.891121"><ele>25.089748</ele><time>2025-03-20T10:26:29Z</time><extensions><speed>0.258588</speed><course>132.792780</course><hAcc>10.051529</hAcc><vAcc>1.008479</vAcc></extensions></trkpt>
      <trkpt lon="12.492561" lat="41.891120"><ele>25.040467</ele><time>2025-03-20T10:26:30Z</time><extensions><speed>0.206495</speed><course>142.004439</course><hAcc>9.777761</hAcc><vAcc>1.060723</vAcc></extensions></trkpt>
      <trkpt lon="12.492572" lat="41.891107"><ele>24.781220</ele><time>2025-03-20T10:26:42Z</time><extensions><speed>0.117763</speed><course>154.361894</course><hAcc>8.127927</hAcc><vAcc>1.040847</vAcc></extensions></trkpt>
      <trkpt lon="12.492573" lat="41.891106"><ele>24.781895</ele><time>2025-03-20T10:26:43Z</time><extensions><speed>0.052531</speed><course>149.056158</course><hAcc>8.181152</hAcc><vAcc>0.971304</vAcc></extensions></trkpt>
      <trkpt lon="12.492573" lat="41.891106"><ele>24.781621</ele><time>2025-03-20T10:26:44Z</time><extensions><speed>0.021007</speed><course>116.873803</course><hAcc>8.106292</hAcc><vAcc>0.915101</vAcc></extensions></trkpt>
      <trkpt lon="12.492573" lat="41.891106"><ele>24.780416</ele><time>2025-03-20T10:26:45Z</time><extensions><speed>0.024387</speed><course>53.125021</course><hAcc>7.950304</hAcc><vAcc>0.870741</vAcc></extensions></trkpt>
      <trkpt lon="12.492574" lat="41.891106"><ele>24.778394</ele><time>2025-03-20T10:26:46Z</time><extensions><speed>0.034078</speed><course>35.475800</course><hAcc>7.760156</hAcc><vAcc>0.836658</vAcc></extensions></trkpt>
      <trkpt lon="12.492574" lat="41.891106"><ele>24.775643</ele><time>2025-03-20T10:26:47Z</time><extensions><speed>0.036693</speed><course>29.516717</course><hAcc>7.583517</hAcc><vAcc>0.810867</vAcc></extensions></trkpt>
      <trkpt lon="12.492574" lat="41.891106"><ele>24.772253</ele><time>2025-03-20T10:26:48Z</time><extensions><speed>0.030332</speed><course>26.333305</course><hAcc>7.449066</hAcc><vAcc>0.791827</vAcc></extensions></trkpt>
      <trkpt lon="12.492574" lat="41.891107"><ele>24.768293</ele><time>2025-03-20T10:26:49Z</time><extensions><speed>0.027311</speed><course>23.939904</course><hAcc>7.333598</hAcc><vAcc>0.777903</vAcc></extensions></trkpt>
      <trkpt lon="12.492574" lat="41.891107"><ele>24.763912</ele><time>2025-03-20T10:26:50Z</time><extensions><speed>0.027669</speed><course>22.505735</course><hAcc>7.213146</hAcc><vAcc>0.767872</vAcc></extensions></trkpt>
      <trkpt lon="12.492574" lat="41.891107"><ele>24.759278</ele><time>2025-03-20T10:26:51Z</time><extensions><speed>0.032891</speed><course>21.979355</course><hAcc>7.076162</hAcc><vAcc>0.760660</vAcc></extensions></trkpt>
      <trkpt lon="12.492575" lat="41.891107"><ele>24.754652</ele><time>2025-03-20T10:26:52Z</time><extensions><speed>0.035534</speed><course>21.534184</course><hAcc>6.941830</hAcc><vAcc>0.755552</vAcc></extensions></trkpt>
      <trkpt lon="12.492575" lat="41.891108"><ele>24.750232</ele><time>2025-03-20T10:26:53Z</time><extensions><speed>0.029434</speed><course>20.284198</course><hAcc>6.841151</hAcc><vAcc>0.751942</vAcc></extensions></trkpt>
      <trkpt lon="12.492575" lat="41.891108"><ele>24.746212</ele><time>2025-03-20T10:26:54Z</time><extensions><speed>0.021928</speed><course>18.951485</course><hAcc>6.787576</hAcc><vAcc>0.749328</vAcc></extensions></trkpt>
      <trkpt lon="12.492575" lat="41.891108"><ele>24.742759</ele><time>2025-03-20T10:26:55Z</time><extensions><speed>0.016844</speed><course>17.387088</course><hAcc>6.752149</hAcc><vAcc>0.747348</vAcc></extensions></trkpt>
      <trkpt lon="12.492575" lat="41.891108"><ele>24.739997</ele><time>2025-03-20T10:26:56Z</time><extensions><speed>0.013673</speed><course>15.644204</course><hAcc>6.716153</hAcc><vAcc>0.745846</vAcc></extensions></trkpt>
      <trkpt lon="12.492575" lat="41.891108"><ele>24.737962</ele><time>2025-03-20T10:26:57Z</time><extensions><speed>0.011890</speed><course>13.807440</course><hAcc>6.677351</hAcc><vAcc>0.744728</vAcc></extensions></trkpt>
      <trkpt lon="12.492575" lat="41.891108"><ele>24.736674</ele><time>2025-03-20T10:26:58Z</time><extensions><speed>0.010120</speed><course>11.858040</course><hAcc>6.641837</hAcc><vAcc>0.743835</vAcc></extensions></trkpt>
      <trkpt lon="12.492575" lat="41.891108"><ele>24.736134</ele><time>2025-03-20T10:26:59Z</time><extensions><speed>0.009169</speed><course>9.794943</course><hAcc>6.601095</hAcc><vAcc>0.743103</vAcc></extensions></trkpt>
      <trkpt lon="12.492575" lat="41.891109"><ele>24.736285</ele><time>2025-03-20T10:27:00Z</time><extensions><speed>0.009182</speed><course>7.852809</course><hAcc>6.552367</hAcc><vAcc>0.742535</vAcc></extensions></trkpt>
      <trkpt lon="12.492575" lat="41.891109"><ele>24.737053</ele><time>2025-03-20T10:27:01Z</time><extensions><speed>0.008646</speed><course>6.090885</course><hAcc>6.515433</hAcc><vAcc>0.742125</vAcc></extensions></trkpt>
      <trkpt lon="12.492575" lat="41.891109"><ele>24.738369</ele><time>2025-03-20T10:27:02Z</time><extensions><speed>0.007958</speed><course>4.363204</course><hAcc>6.493404</hAcc><vAcc>0.741799</vAcc></extensions></trkpt>
      <trkpt lon="12.492575" lat="41.891109"><ele>24.740141</ele><time>2025-03-20T10:27:03Z</time><extensions><speed>0.007438</speed><course>2.836206</course><hAcc>6.480614</hAcc><vAcc>0.741553</vAcc></extensions></trkpt>
      <trkpt lon="12.492575" lat="41.891109"><ele>24.742316</ele><time>2025-03-20T10:27:04Z</time><extensions><speed>0.007101</speed><course>1.860194</course><hAcc>6.474618</hAcc><vAcc>0.741372</vAcc></extensions></trkpt>
      <trkpt lon="12.492575" lat="41.891109"><ele>24.744782</ele><time>2025-03-20T10:27:05Z</time><extensions><speed>0.007137</speed><course>2.099941</course><hAcc>6.475544</hAcc><vAcc>0.741294</vAcc></extensions></trkpt>
      <trkpt lon="12.492575" lat="41.891109"><ele>24.747523</ele><time>2025-03-20T10:27:06Z</time><extensions><speed>0.007730</speed><course>4.333207</course><hAcc>6.487136</hAcc><vAcc>0.741358</vAcc></extensions></trkpt>
      <trkpt lon="12.492575" lat="41.891109"><ele>24.750486</ele><time>2025-03-20T10:27:07Z</time><extensions><speed>0.005611</speed><course>357.892760</course><hAcc>6.511077</hAcc><vAcc>0.741471</vAcc></extensions></trkpt>
      <trkpt lon="12.492575" lat="41.891109"><ele>24.753602</ele><time>2025-03-20T10:27:08Z</time><extensions><speed>0.004428</speed><course>351.268993</course><hAcc>6.538119</hAcc><vAcc>0.741708</vAcc></extensions></trkpt>
      <trkpt lon="12.492575" lat="41.891109"><ele>24.756862</ele><time>2025-03-20T10:27:09Z</time><extensions><speed>0.003621</speed><course>344.772435</course><hAcc>6.562917</hAcc><vAcc>0.742075</vAcc></extensions></trkpt>
      <trkpt lon="12.492575" lat="41.891109"><ele>24.760159</ele><time>2025-03-20T10:27:10Z</time><extensions><speed>0.003546</speed><course>339.271348</course><hAcc>6.569174</hAcc><vAcc>0.742568</vAcc></extensions></trkpt>
      <trkpt lon="12.492575" lat="41.891109"><ele>24.763493</ele><time>2025-03-20T10:27:11Z</time><extensions><speed>0.004829</speed><course>336.242008</course><hAcc>6.550739</hAcc><vAcc>0.743198</vAcc></extensions></trkpt>
      <trkpt lon="12.492575" lat="41.891109"><ele>24.766801</ele><time>2025-03-20T10:27:12Z</time><extensions><speed>0.005677</speed><course>335.590894</course><hAcc>6.546555</hAcc><vAcc>0.743925</vAcc></extensions></trkpt>
      <trkpt lon="12.492575" lat="41.891109"><ele>24.770100</ele><time>2025-03-20T10:27:13Z</time><extensions><speed>0.006442</speed><course>337.124302</course><hAcc>6.567159</hAcc><vAcc>0.744777</vAcc></extensions></trkpt>
      <trkpt lon="12.492575" lat="41.891109"><ele>24.773388</ele><time>2025-03-20T10:27:14Z</time><extensions><speed>0.007492</speed><course>341.399395</course><hAcc>6.604868</hAcc><vAcc>0.745729</vAcc></extensions></trkpt>
      <trkpt lon="12.492575" lat="41.891109"><ele>24.776682</ele><time>2025-03-20T10:27:15Z</time><extensions><speed>0.008894</speed><course>344.940659</course><hAcc>6.657342</hAcc><vAcc>0.746767</vAcc></extensions></trkpt>
      <trkpt lon="12.492575" lat="41.891109"><ele>24.779996</ele><time>2025-03-20T10:27:16Z</time><extensions><speed>0.008173</speed><course>339.710721</course><hAcc>6.735331</hAcc><vAcc>0.747768</vAcc></extensions></trkpt>
      <trkpt lon="12.492575" lat="41.891110"><ele>24.783247</ele><time>2025-03-20T10:27:17Z</time><extensions><speed>0.008210</speed><course>340.150587</course><hAcc>6.833184</hAcc><vAcc>0.748689</vAcc></extensions></trkpt>
      <trkpt lon="12.492575" lat="41.891110"><ele>24.786410</ele><time>2025-03-20T10:27:18Z</time><extensions><speed>0.006377</speed><course>334.418689</course><hAcc>6.938289</hAcc><vAcc>0.749642</vAcc></extensions></trkpt>
      <trkpt lon="12.492575" lat="41.891110"><ele>24.789461</ele><time>2025-03-20T10:27:19Z</time><extensions><speed>0.006592</speed><course>334.912744</course><hAcc>7.014007</hAcc><vAcc>0.750670</vAcc></extensions></trkpt>
      <trkpt lon="12.492575" lat="41.891110"><ele>24.792344</ele><time>2025-03-20T10:27:20Z</time><extensions><speed>0.009220</speed><course>341.491515</course><hAcc>7.070536</hAcc><vAcc>0.751915</vAcc></extensions></trkpt>
      <trkpt lon="12.492575" lat="41.891110"><ele>24.795042</ele><time>2025-03-20T10:27:21Z</time><extensions><speed>0.010236</speed><course>336.526507</course><hAcc>7.141947</hAcc><vAcc>0.753741</vAcc></extensions></trkpt>
      <trkpt lon="12.492575" lat="41.891110"><ele>24.797544</ele><time>2025-03-20T10:27:22Z</time><extensions><speed>0.011906</speed><course>338.915856</course><hAcc>7.243338</hAcc><vAcc>0.756722</vAcc></extensions></trkpt>
      <trkpt lon="12.492575" lat="41.891110"><ele>24.798792</ele><time>2025-03-20T10:27:23Z</time><extensions><speed>0.012716</speed><course>347.717632</course><hAcc>7.311136</hAcc><vAcc>0.756718</vAcc></extensions></trkpt>
      <trkpt lon="12.492575" lat="41.891110"><ele>24.800387</ele><time>2025-03-20T10:27:24Z</time><extensions><speed>0.017431</speed><course>7.874667</course><hAcc>7.405483</hAcc><vAcc>0.761376</vAcc></extensions></trkpt>
      <trkpt lon="12.492575" lat="41.891110"><ele>24.801921</ele><time>2025-03-20T10:27:25Z</time><extensions><speed>0.028970</speed><course>20.457852</course><hAcc>7.507756</hAcc><vAcc>0.770071</vAcc></extensions></trkpt>
      <trkpt lon="12.492576" lat="41.891110"><ele>24.803312</ele><time>2025-03-20T10:27:26Z</time><extensions><speed>0.053239</speed><course>27.056933</course><hAcc>7.615313</hAcc><vAcc>0.782933</vAcc></extensions></trkpt>
      <trkpt lon="12.492576" lat="41.891111"><ele>24.804606</ele><time>2025-03-20T10:27:27Z</time><extensions><speed>0.084039</speed><course>31.383445</course><hAcc>7.746920</hAcc><vAcc>0.801070</vAcc></extensions></trkpt>
      <trkpt lon="12.492577" lat="41.891111"><ele>24.802520</ele><time>2025-03-20T10:27:28Z</time><extensions><speed>0.099016</speed><course>37.183095</course><hAcc>7.920999</hAcc><vAcc>0.824078</vAcc></extensions></trkpt>
      <trkpt lon="12.492578" lat="41.891112"><ele>24.801561</ele><time>2025-03-20T10:27:29Z</time><extensions><speed>0.114320</speed><course>45.084529</course><hAcc>8.154750</hAcc><vAcc>0.855002</vAcc></extensions></trkpt>
      <trkpt lon="12.492580" lat="41.891113"><ele>24.799577</ele><time>2025-03-20T10:27:30Z</time><extensions><speed>0.133665</speed><course>53.086635</course><hAcc>8.432392</hAcc><vAcc>0.895395</vAcc></extensions></trkpt>
      <trkpt lon="12.492582" lat="41.891114"><ele>24.797678</ele><time>2025-03-20T10:27:31Z</time><extensions><speed>0.156787</speed><course>59.944854</course><hAcc>8.712440</hAcc><vAcc>0.946625</vAcc></extensions></trkpt>
      <trkpt lon="12.492584" lat="41.891115"><ele>24.795898</ele><time>2025-03-20T10:27:32Z</time><extensions><speed>0.183642</speed><course>65.230716</course><hAcc>8.928643</hAcc><vAcc>1.010455</vAcc></extensions></trkpt>
      <trkpt lon="12.492587" lat="41.891115"><ele>24.794299</ele><time>2025-03-20T10:27:33Z</time><extensions><speed>0.213655</speed><course>68.814583</course><hAcc>8.972378</hAcc><vAcc>1.087540</vAcc></extensions></trkpt>
      <trkpt lon="12.492632" lat="41.891083"><ele>24.914527</ele><time>2025-03-20T10:27:47Z</time><extensions><speed>0.262142</speed><course>121.877206</course><hAcc>9.902416</hAcc><vAcc>1.116697</vAcc></extensions></trkpt>
      <trkpt lon="12.492634" lat="41.891082"><ele>24.934352</ele><time>2025-03-20T10:27:48Z</time><extensions><speed>0.202921</speed><course>121.412778</course><hAcc>10.013123</hAcc><vAcc>1.065252</vAcc></extensions></trkpt>
      <trkpt lon="12.492636" lat="41.891081"><ele>24.954749</ele><time>2025-03-20T10:27:49Z</time><extensions><speed>0.172254</speed><course>128.704357</course><hAcc>9.933337</hAcc><vAcc>1.034177</vAcc></extensions></trkpt>
      <trkpt lon="12.492638" lat="41.891080"><ele>24.975763</ele><time>2025-03-20T10:27:50Z</time><extensions><speed>0.151755</speed><course>140.483377</course><hAcc>9.704402</hAcc><vAcc>1.025627</vAcc></extensions></trkpt>
      <trkpt lon="12.492642" lat="41.891076"><ele>25.062283</ele><time>2025-03-20T10:27:54Z</time><extensions><speed>0.140114</speed><course>141.993899</course><hAcc>9.193319</hAcc><vAcc>0.945857</vAcc></extensions></trkpt>
      <trkpt lon="12.492643" lat="41.891075"><ele>25.083985</ele><time>2025-03-20T10:27:55Z</time><extensions><speed>0.101746</speed><course>148.994082</course><hAcc>9.201008</hAcc><vAcc>0.896246</vAcc></extensions></trkpt>
      <trkpt lon="12.492644" lat="41.891074"><ele>25.104951</ele><time>2025-03-20T10:27:56Z</time><extensions><speed>0.121183</speed><course>155.241663</course><hAcc>9.124170</hAcc><vAcc>0.858730</vAcc></extensions></trkpt>
      <trkpt lon="12.492644" lat="41.891073"><ele>25.125457</ele><time>2025-03-20T10:27:57Z</time><extensions><speed>0.137103</speed><course>159.110583</course><hAcc>9.020731</hAcc><vAcc>0.830710</vAcc></extensions></trkpt>
      <trkpt lon="12.492645" lat="41.891072"><ele>25.145299</ele><time>2025-03-20T10:27:58Z</time><extensions><speed>0.149704</speed><course>161.746731</course><hAcc>8.924347</hAcc><vAcc>0.810578</vAcc></extensions></trkpt>
      <trkpt lon="12.492645" lat="41.891071"><ele>25.164499</ele><time>2025-03-20T10:27:59Z</time><extensions><speed>0.159703</speed><course>163.654007</course><hAcc>8.843702</hAcc><vAcc>0.796677</vAcc></extensions></trkpt>
      <trkpt lon="12.492646" lat="41.891069"><ele>25.182968</ele><time>2025-03-20T10:28:00Z</time><extensions><speed>0.168194</speed><course>165.017213</course><hAcc>8.779186</hAcc><vAcc>0.787806</vAcc></extensions></trkpt>
      <trkpt lon="12.492646" lat="41.891068"><ele>25.200820</ele><time>2025-03-20T10:28:01Z</time><extensions><speed>0.176870</speed><course>165.890756</course><hAcc>8.727610</hAcc><vAcc>0.783029</vAcc></extensions></trkpt>
      <trkpt lon="12.492647" lat="41.891066"><ele>25.217950</ele><time>2025-03-20T10:28:02Z</time><extensions><speed>0.183882</speed><course>166.183432</course><hAcc>8.686427</hAcc><vAcc>0.781882</vAcc></extensions></trkpt>
      <trkpt lon="12.492647" lat="41.891064"><ele>25.234422</ele><time>2025-03-20T10:28:03Z</time><extensions><speed>0.190656</speed><course>165.617335</course><hAcc>8.648949</hAcc><vAcc>0.784250</vAcc></extensions></trkpt>
      <trkpt lon="12.492648" lat="41.891063"><ele>25.249689</ele><time>2025-03-20T10:28:04Z</time><extensions><speed>0.203677</speed><course>164.130427</course><hAcc>8.605114</hAcc><vAcc>0.790505</vAcc></extensions></trkpt>
      <trkpt lon="12.492649" lat="41.891061"><ele>25.263977</ele><time>2025-03-20T10:28:05Z</time><extensions><speed>0.235836</speed><course>160.851258</course><hAcc>8.539286</hAcc><vAcc>0.801699</vAcc></extensions></trkpt>
      <trkpt lon="12.492650" lat="41.891059"><ele>25.276886</ele><time>2025-03-20T10:28:06Z</time><extensions><speed>0.302532</speed><course>159.257556</course><hAcc>8.451288</hAcc><vAcc>0.818986</vAcc></extensions></trkpt>
      <trkpt lon="12.492651" lat="41.891056"><ele>25.288353</ele><time>2025-03-20T10:28:07Z</time><extensions><speed>0.393656</speed><course>161.773869</course><hAcc>8.381754</hAcc><vAcc>0.844384</vAcc></extensions></trkpt>
      <trkpt lon="12.492654" lat="41.891046"><ele>25.286644</ele><time>2025-03-20T10:28:09Z</time><extensions><speed>0.383514</speed><course>172.541487</course><hAcc>8.444525</hAcc><vAcc>0.843499</vAcc></extensions></trkpt>
      <trkpt lon="12.492655" lat="41.891042"><ele>25.273027</ele><time>2025-03-20T10:28:10Z</time><extensions><speed>0.343731</speed><course>174.967289</course><hAcc>8.491993</hAcc><vAcc>0.817536</vAcc></extensions></trkpt>
      <trkpt lon="12.492655" lat="41.891039"><ele>25.255337</ele><time>2025-03-20T10:28:11Z</time><extensions><speed>0.290558</speed><course>179.216923</course><hAcc>8.557854</hAcc><vAcc>0.799617</vAcc></extensions></trkpt>
      <trkpt lon="12.492655" lat="41.891037"><ele>25.232740</ele><time>2025-03-20T10:28:12Z</time><extensions><speed>0.251047</speed><course>184.432860</course><hAcc>8.606323</hAcc><vAcc>0.787947</vAcc></extensions></trkpt>
      <trkpt lon="12.492655" lat="41.891034"><ele>25.204340</ele><time>2025-03-20T10:28:13Z</time><extensions><speed>0.315116</speed><course>189.088597</course><hAcc>8.611026</hAcc><vAcc>0.781182</vAcc></extensions></trkpt>
      <trkpt lon="12.492654" lat="41.891031"><ele>25.169288</ele><time>2025-03-20T10:28:14Z</time><extensions><speed>0.539495</speed><course>191.434083</course><hAcc>8.570457</hAcc><vAcc>0.778440</vAcc></extensions></trkpt>
      <trkpt lon="12.492652" lat="41.891025"><ele>25.126797</ele><time>2025-03-20T10:28:16Z</time><extensions><speed>0.794925</speed><course>192.581684</course><hAcc>8.516984</hAcc><vAcc>0.779266</vAcc></extensions></trkpt>
      <trkpt lon="12.492650" lat="41.891017"><ele>25.076498</ele><time>2025-03-20T10:28:17Z</time><extensions><speed>1.064591</speed><course>193.055671</course><hAcc>8.479977</hAcc><vAcc>0.783619</vAcc></extensions></trkpt>
      <trkpt lon="12.492646" lat="41.891006"><ele>25.018168</ele><time>2025-03-20T10:28:18Z</time><extensions><speed>1.321480</speed><course>193.090620</course><hAcc>8.482742</hAcc><vAcc>0.791833</vAcc></extensions></trkpt>
      <trkpt lon="12.492642" lat="41.890994"><ele>24.952096</ele><time>2025-03-20T10:28:19Z</time><extensions><speed>1.525290</speed><course>192.621026</course><hAcc>8.543742</hAcc><vAcc>0.804541</vAcc></extensions></trkpt>
      <trkpt lon="12.492638" lat="41.890980"><ele>24.879155</ele><time>2025-03-20T10:28:20Z</time><extensions><speed>1.690677</speed><course>191.857650</course><hAcc>8.670945</hAcc><vAcc>0.822640</vAcc></extensions></trkpt>
      <trkpt lon="12.492634" lat="41.890964"><ele>24.800741</ele><time>2025-03-20T10:28:21Z</time><extensions><speed>1.829507</speed><course>190.919016</course><hAcc>8.856490</hAcc><vAcc>0.847223</vAcc></extensions></trkpt>
      <trkpt lon="12.492630" lat="41.890947"><ele>24.718385</ele><time>2025-03-20T10:28:22Z</time><extensions><speed>1.963031</speed><course>189.981036</course><hAcc>9.070880</hAcc><vAcc>0.879506</vAcc></extensions></trkpt>
      <trkpt lon="12.492626" lat="41.890929"><ele>24.633360</ele><time>2025-03-20T10:28:23Z</time><extensions><speed>2.101150</speed><course>189.098395</course><hAcc>9.259119</hAcc><vAcc>0.920732</vAcc></extensions></trkpt>
      <trkpt lon="12.492622" lat="41.890910"><ele>24.546521</ele><time>2025-03-20T10:28:24Z</time><extensions><speed>2.239483</speed><course>188.221993</course><hAcc>9.336050</hAcc><vAcc>0.972079</vAcc></extensions></trkpt>
      <trkpt lon="12.492618" lat="41.890889"><ele>24.458274</ele><time>2025-03-20T10:28:25Z</time><extensions><speed>2.386668</speed><course>187.406120</course><hAcc>9.173164</hAcc><vAcc>1.034580</vAcc></extensions></trkpt>
      <trkpt lon="12.492574" lat="41.890618"><ele>23.625472</ele><time>2025-03-20T10:28:39Z</time><extensions><speed>1.953295</speed><course>186.460846</course><hAcc>5.185423</hAcc><vAcc>1.030298</vAcc></extensions></trkpt>
      <trkpt lon="12.492572" lat="41.890602"><ele>23.597419</ele><time>2025-03-20T10:28:40Z</time><extensions><speed>1.497849</speed><course>185.984597</course><hAcc>4.879554</hAcc><vAcc>0.967254</vAcc></extensions></trkpt>
      <trkpt lon="12.492570" lat="41.890591"><ele>23.571667</ele><time>2025-03-20T10:28:41Z</time><extensions><speed>1.110741</speed><course>185.412658</course><hAcc>4.453081</hAcc><vAcc>0.915245</vAcc></extensions></trkpt>
      <trkpt lon="12.492569" lat="41.890582"><ele>23.548350</ele><time>2025-03-20T10:28:42Z</time><extensions><speed>0.730993</speed><course>185.046419</course><hAcc>4.061802</hAcc><vAcc>0.873212</vAcc></extensions></trkpt>
      <trkpt lon="12.492568" lat="41.890576"><ele>23.527590</ele><time>2025-03-20T10:28:43Z</time><extensions><speed>0.602527</speed><course>187.632719</course><hAcc>3.710517</hAcc><vAcc>0.839942</vAcc></extensions></trkpt>
      <trkpt lon="12.492567" lat="41.890571"><ele>23.509435</ele><time>2025-03-20T10:28:44Z</time><extensions><speed>0.608960</speed><course>190.501814</course><hAcc>3.367320</hAcc><vAcc>0.814140</vAcc></extensions></trkpt>
      <trkpt lon="12.492565" lat="41.890565"><ele>23.493917</ele><time>2025-03-20T10:28:45Z</time><extensions><speed>0.709930</speed><course>193.016351</course><hAcc>3.026576</hAcc><vAcc>0.794508</vAcc></extensions></trkpt>
      <trkpt lon="12.492563" lat="41.890559"><ele>23.481102</ele><time>2025-03-20T10:28:46Z</time><extensions><speed>0.760270</speed><course>195.730852</course><hAcc>2.742943</hAcc><vAcc>0.779818</vAcc></extensions></trkpt>
      <trkpt lon="12.492561" lat="41.890552"><ele>23.471019</ele><time>2025-03-20T10:28:47Z</time><extensions><speed>0.725185</speed><course>197.873873</course><hAcc>2.565824</hAcc><vAcc>0.768968</vAcc></extensions></trkpt>
      <trkpt lon="12.492558" lat="41.890547"><ele>23.463610</ele><time>2025-03-20T10:28:48Z</time><extensions><speed>0.585843</speed><course>198.865196</course><hAcc>2.492013</hAcc><vAcc>0.761010</vAcc></extensions></trkpt>
      <trkpt lon="12.492556" lat="41.890542"><ele>23.458701</ele><time>2025-03-20T10:28:49Z</time><extensions><speed>0.449954</speed><course>198.460716</course><hAcc>2.459421</hAcc><vAcc>0.755151</vAcc></extensions></trkpt>
      <trkpt lon="12.492554" lat="41.890538"><ele>23.456004</ele><time>2025-03-20T10:28:50Z</time><extensions><speed>0.458937</speed><course>196.749377</course><hAcc>2.404452</hAcc><vAcc>0.750745</vAcc></extensions></trkpt>
      <trkpt lon="12.492553" lat="41.890534"><ele>23.455193</ele><time>2025-03-20T10:28:51Z</time><extensions><speed>0.493920</speed><course>194.370550</course><hAcc>2.344526</hAcc><vAcc>0.747270</vAcc></extensions></trkpt>
      <trkpt lon="12.492551" lat="41.890529"><ele>23.455939</ele><time>2025-03-20T10:28:52Z</time><extensions><speed>0.602053</speed><course>193.539552</course><hAcc>2.326152</hAcc><vAcc>0.744301</vAcc></extensions></trkpt>
      <trkpt lon="12.492550" lat="41.890524"><ele>23.457904</ele><time>2025-03-20T10:28:53Z</time><extensions><speed>0.596239</speed><course>191.307981</course><hAcc>2.354669</hAcc><vAcc>0.741486</vAcc></extensions></trkpt>
      <trkpt lon="12.492549" lat="41.890519"><ele>23.460801</ele><time>2025-03-20T10:28:54Z</time><extensions><speed>0.571149</speed><course>188.464603</course><hAcc>2.397554</hAcc><vAcc>0.738525</vAcc></extensions></trkpt>
      <trkpt lon="12.492548" lat="41.890514"><ele>23.464412</ele><time>2025-03-20T10:28:54Z</time><extensions><speed>0.543030</speed><course>184.934162</course><hAcc>2.441675</hAcc><vAcc>0.735155</vAcc></extensions></trkpt>
      <trkpt lon="12.492547" lat="41.890509"><ele>23.468534</ele><time>2025-03-20T10:28:55Z</time><extensions><speed>0.518213</speed><course>179.867037</course><hAcc>2.489112</hAcc><vAcc>0.731138</vAcc></extensions></trkpt>
      <trkpt lon="12.492548" lat="41.890505"><ele>23.472952</ele><time>2025-03-20T10:28:56Z</time><extensions><speed>0.459945</speed><course>171.314195</course><hAcc>2.551950</hAcc><vAcc>0.726270</vAcc></extensions></trkpt>
      <trkpt lon="12.492549" lat="41.890501"><ele>23.477426</ele><time>2025-03-20T10:28:57Z</time><extensions><speed>0.419986</speed><course>158.350814</course><hAcc>2.627507</hAcc><vAcc>0.720382</vAcc></extensions></trkpt>
      <trkpt lon="12.492552" lat="41.890498"><ele>23.481694</ele><time>2025-03-20T10:28:58Z</time><extensions><speed>0.394351</speed><course>137.531876</course><hAcc>2.720780</hAcc><vAcc>0.713368</vAcc></extensions></trkpt>
      <trkpt lon="12.492556" lat="41.890496"><ele>23.485486</ele><time>2025-03-20T10:28:59Z</time><extensions><speed>0.449939</speed><course>112.082643</course><hAcc>2.836089</hAcc><vAcc>0.705210</vAcc></extensions></trkpt>
      <trkpt lon="12.492562" lat="41.890495"><ele>23.488558</ele><time>2025-03-20T10:29:00Z</time><extensions><speed>0.638821</speed><course>89.803658</course><hAcc>2.974251</hAcc><vAcc>0.696027</vAcc></extensions></trkpt>
      <trkpt lon="12.492572" lat="41.890496"><ele>23.490716</ele><time>2025-03-20T10:29:01Z</time><extensions><speed>0.965826</speed><course>78.110935</course><hAcc>3.107496</hAcc><vAcc>0.686117</vAcc></extensions></trkpt>
      <trkpt lon="12.492583" lat="41.890498"><ele>23.495135</ele><time>2025-03-20T10:29:02Z</time><extensions><speed>0.969518</speed><course>78.046361</course><hAcc>3.361478</hAcc><vAcc>0.676408</vAcc></extensions></trkpt>
      <trkpt lon="12.492595" lat="41.890501"><ele>23.495824</ele><time>2025-03-20T10:29:03Z</time><extensions><speed>1.179955</speed><course>69.294086</course><hAcc>3.660557</hAcc><vAcc>0.667333</vAcc></extensions></trkpt>
      <trkpt lon="12.492613" lat="41.890507"><ele>23.495175</ele><time>2025-03-20T10:29:05Z</time><extensions><speed>2.005424</speed><course>62.550981</course><hAcc>3.836158</hAcc><vAcc>0.658648</vAcc></extensions></trkpt>
      <trkpt lon="12.492636" lat="41.890517"><ele>23.493540</ele><time>2025-03-20T10:29:06Z</time><extensions><speed>2.400505</speed><course>58.620703</course><hAcc>4.009016</hAcc><vAcc>0.651163</vAcc></extensions></trkpt>
      <trkpt lon="12.492661" lat="41.890529"><ele>23.491787</ele><time>2025-03-20T10:29:07Z</time><extensions><speed>2.539718</speed><course>55.003637</course><hAcc>4.200437</hAcc><vAcc>0.645071</vAcc></extensions></trkpt>
      <trkpt lon="12.492685" lat="41.890543"><ele>23.491165</ele><time>2025-03-20T10:29:08Z</time><extensions><speed>2.482773</speed><course>50.252534</course><hAcc>4.327653</hAcc><vAcc>0.640311</vAcc></extensions></trkpt>
      <trkpt lon="12.492708" lat="41.890556"><ele>23.493104</ele><time>2025-03-20T10:29:09Z</time><extensions><speed>2.373222</speed><course>51.520927</course><hAcc>4.283541</hAcc><vAcc>0.636735</vAcc></extensions></trkpt>
      <trkpt lon="12.492729" lat="41.890569"><ele>23.498779</ele><time>2025-03-20T10:29:10Z</time><extensions><speed>2.167336</speed><course>51.564080</course><hAcc>4.212770</hAcc><vAcc>0.634152</vAcc></extensions></trkpt>
      <trkpt lon="12.492748" lat="41.890580"><ele>23.508735</ele><time>2025-03-20T10:29:11Z</time><extensions><speed>1.883468</speed><course>51.221589</course><hAcc>4.175403</hAcc><vAcc>0.632362</vAcc></extensions></trkpt>
      <trkpt lon="12.492764" lat="41.890590"><ele>23.522829</ele><time>2025-03-20T10:29:12Z</time><extensions><speed>1.523007</speed><course>49.886661</course><hAcc>4.179261</hAcc><vAcc>0.631182</vAcc></extensions></trkpt>
      <trkpt lon="12.492776" lat="41.890598"><ele>23.540402</ele><time>2025-03-20T10:29:13Z</time><extensions><speed>1.152962</speed><course>46.968484</course><hAcc>4.204828</hAcc><vAcc>0.630457</vAcc></extensions></trkpt>
      <trkpt lon="12.492785" lat="41.890604"><ele>23.560497</ele><time>2025-03-20T10:29:14Z</time><extensions><speed>0.826736</speed><course>40.305140</course><hAcc>4.236803</hAcc><vAcc>0.630069</vAcc></extensions></trkpt>
      <trkpt lon="12.492789" lat="41.890610"><ele>23.582053</ele><time>2025-03-20T10:29:15Z</time><extensions><speed>0.564255</speed><course>24.922575</course><hAcc>4.273485</hAcc><vAcc>0.629937</vAcc></extensions></trkpt>
      <trkpt lon="12.492790" lat="41.890614"><ele>23.604066</ele><time>2025-03-20T10:29:16Z</time><extensions><speed>0.378946</speed><course>340.271087</course><hAcc>4.286653</hAcc><vAcc>0.630013</vAcc></extensions></trkpt>
      <trkpt lon="12.492786" lat="41.890617"><ele>23.625639</ele><time>2025-03-20T10:29:17Z</time><extensions><speed>0.576347</speed><course>309.559092</course><hAcc>4.257752</hAcc><vAcc>0.630281</vAcc></extensions></trkpt>
      <trkpt lon="12.492779" lat="41.890620"><ele>23.645981</ele><time>2025-03-20T10:29:18Z</time><extensions><speed>0.863342</speed><course>292.565913</course><hAcc>4.222768</hAcc><vAcc>0.630751</vAcc></extensions></trkpt>
      <trkpt lon="12.492768" lat="41.890623"><ele>23.664421</ele><time>2025-03-20T10:29:19Z</time><extensions><speed>1.121825</speed><course>288.939095</course><hAcc>4.198433</hAcc><vAcc>0.631452</vAcc></extensions></trkpt>
      <trkpt lon="12.492754" lat="41.890626"><ele>23.680365</ele><time>2025-03-20T10:29:20Z</time><extensions><speed>1.326536</speed><course>285.222394</course><hAcc>4.170873</hAcc><vAcc>0.632426</vAcc></extensions></trkpt>
      <trkpt lon="12.492737" lat="41.890629"><ele>23.693226</ele><time>2025-03-20T10:29:21Z</time><extensions><speed>1.480916</speed><course>279.506756</course><hAcc>4.102044</hAcc><vAcc>0.633717</vAcc></extensions></trkpt>
      <trkpt lon="12.492717" lat="41.890629"><ele>23.702415</ele><time>2025-03-20T10:29:22Z</time><extensions><speed>1.907689</speed><course>264.035685</course><hAcc>3.944499</hAcc><vAcc>0.635361</vAcc></extensions></trkpt>
      <trkpt lon="12.492693" lat="41.890626"><ele>23.707428</ele><time>2025-03-20T10:29:23Z</time><extensions><speed>2.205736</speed><course>255.153495</course><hAcc>3.731382</hAcc><vAcc>0.637371</vAcc></extensions></trkpt>
      <trkpt lon="12.492667" lat="41.890619"><ele>23.707934</ele><time>2025-03-20T10:29:24Z</time><extensions><speed>2.366647</speed><course>246.732199</course><hAcc>3.476904</hAcc><vAcc>0.639721</vAcc></extensions></trkpt>
      <trkpt lon="12.492641" lat="41.890609"><ele>23.703796</ele><time>2025-03-20T10:29:25Z</time><extensions><speed>2.402026</speed><course>240.949469</course><hAcc>3.169258</hAcc><vAcc>0.642332</vAcc></extensions></trkpt>
      <trkpt lon="12.492618" lat="41.890599"><ele>23.695060</ele><time>2025-03-20T10:29:26Z</time><extensions><speed>2.067199</speed><course>235.301874</course><hAcc>2.832020</hAcc><vAcc>0.645060</vAcc></extensions></trkpt>
      <trkpt lon="12.492602" lat="41.890589"><ele>23.681959</ele><time>2025-03-20T10:29:27Z</time><extensions><speed>1.425339</speed><course>224.209238</course><hAcc>2.502794</hAcc><vAcc>0.647693</vAcc></extensions></trkpt>
      <trkpt lon="12.492594" lat="41.890581"><ele>23.664942</ele><time>2025-03-20T10:29:28Z</time><extensions><speed>0.804678</speed><course>199.238368</course><hAcc>2.237689</hAcc><vAcc>0.650036</vAcc></extensions></trkpt>
      <trkpt lon="12.492595" lat="41.890575"><ele>23.644687</ele><time>2025-03-20T10:29:29Z</time><extensions><speed>0.604605</speed><course>148.039978</course><hAcc>2.064183</hAcc><vAcc>0.652062</vAcc></extensions></trkpt>
      <trkpt lon="12.492600" lat="41.890572"><ele>23.622027</ele><time>2025-03-20T10:29:30Z</time><extensions><speed>0.688282</speed><course>115.192678</course><hAcc>1.976440</hAcc><vAcc>0.653960</vAcc></extensions></trkpt>
      <trkpt lon="12.492607" lat="41.890570"><ele>23.597767</ele><time>2025-03-20T10:29:31Z</time><extensions><speed>0.534586</speed><course>99.966191</course><hAcc>1.971596</hAcc><vAcc>0.656056</vAcc></extensions></trkpt>
      <trkpt lon="12.492610" lat="41.890569"><ele>23.572582</ele><time>2025-03-20T10:29:32Z</time><extensions><speed>0.077603</speed><course>258.785682</course><hAcc>2.007290</hAcc><vAcc>0.658659</vAcc></extensions></trkpt>
      <trkpt lon="12.492606" lat="41.890570"><ele>23.547034</ele><time>2025-03-20T10:29:33Z</time><extensions><speed>0.540060</speed><course>283.497159</course><hAcc>1.951178</hAcc><vAcc>0.661947</vAcc></extensions></trkpt>
      <trkpt lon="12.492598" lat="41.890572"><ele>23.521650</ele><time>2025-03-20T10:29:34Z</time><extensions><speed>0.894191</speed><course>289.618397</course><hAcc>1.908196</hAcc><vAcc>0.665945</vAcc></extensions></trkpt>
      <trkpt lon="12.492587" lat="41.890575"><ele>23.496981</ele><time>2025-03-20T10:29:35Z</time><extensions><speed>1.016746</speed><course>294.102141</course><hAcc>1.903233</hAcc><vAcc>0.670561</vAcc></extensions></trkpt>
      <trkpt lon="12.492577" lat="41.890579"><ele>23.473539</ele><time>2025-03-20T10:29:36Z</time><extensions><speed>0.940194</speed><course>300.194675</course><hAcc>1.920740</hAcc><vAcc>0.675644</vAcc></extensions></trkpt>
      <trkpt lon="12.492568" lat="41.890583"><ele>23.451724</ele><time>2025-03-20T10:29:37Z</time><extensions><speed>0.679555</speed><course>302.666500</course><hAcc>1.941550</hAcc><vAcc>0.681024</vAcc></extensions></trkpt>
      <trkpt lon="12.492562" lat="41.890585"><ele>23.431816</ele><time>2025-03-20T10:29:38Z</time><extensions><speed>0.471095</speed><course>279.160210</course><hAcc>1.929310</hAcc><vAcc>0.686529</vAcc></extensions></trkpt>
      <trkpt lon="12.492557" lat="41.890584"><ele>23.413915</ele><time>2025-03-20T10:29:39Z</time><extensions><speed>0.486875</speed><course>231.153220</course><hAcc>1.904835</hAcc><vAcc>0.692015</vAcc></extensions></trkpt>
      <trkpt lon="12.492553" lat="41.890580"><ele>23.397955</ele><time>2025-03-20T10:29:40Z</time><extensions><speed>0.695415</speed><course>202.737199</course><hAcc>1.891795</hAcc><vAcc>0.697385</vAcc></extensions></trkpt>
      <trkpt lon="12.492551" lat="41.890573"><ele>23.383770</ele><time>2025-03-20T10:29:41Z</time><extensions><speed>0.791841</speed><course>191.357832</course><hAcc>1.891093</hAcc><vAcc>0.702650</vAcc></extensions></trkpt>
      <trkpt lon="12.492549" lat="41.890566"><ele>23.371159</ele><time>2025-03-20T10:29:42Z</time><extensions><speed>0.771599</speed><course>184.205750</course><hAcc>1.897221</hAcc><vAcc>0.708021</vAcc></extensions></trkpt>
      <trkpt lon="12.492549" lat="41.890559"><ele>23.359955</ele><time>2025-03-20T10:29:43Z</time><extensions><speed>0.745397</speed><course>178.746624</course><hAcc>1.895586</hAcc><vAcc>0.714021</vAcc></extensions></trkpt>
      <trkpt lon="12.492550" lat="41.890553"><ele>23.351023</ele><time>2025-03-20T10:29:44Z</time><extensions><speed>0.674849</speed><course>174.511093</course><hAcc>1.890441</hAcc><vAcc>0.717346</vAcc></extensions></trkpt>
      <trkpt lon="12.492551" lat="41.890547"><ele>23.343719</ele><time>2025-03-20T10:29:45Z</time><extensions><speed>0.582058</speed><course>171.313640</course><hAcc>1.879554</hAcc><vAcc>0.720380</vAcc></extensions></trkpt>
      <trkpt lon="12.492552" lat="41.890543"><ele>23.338001</ele><time>2025-03-20T10:29:46Z</time><extensions><speed>0.454755</speed><course>167.099494</course><hAcc>1.874297</hAcc><vAcc>0.723177</vAcc></extensions></trkpt>
      <trkpt lon="12.492553" lat="41.890539"><ele>23.333709</ele><time>2025-03-20T10:29:47Z</time><extensions><speed>0.322842</speed><course>157.453275</course><hAcc>1.873530</hAcc><vAcc>0.725814</vAcc></extensions></trkpt>
      <trkpt lon="12.492555" lat="41.890537"><ele>23.330660</ele><time>2025-03-20T10:29:48Z</time><extensions><speed>0.227029</speed><course>138.912035</course><hAcc>1.865532</hAcc><vAcc>0.728284</vAcc></extensions></trkpt>
      <trkpt lon="12.492557" lat="41.890536"><ele>23.328699</ele><time>2025-03-20T10:29:49Z</time><extensions><speed>0.187560</speed><course>122.433023</course><hAcc>1.854286</hAcc><vAcc>0.730689</vAcc></extensions></trkpt>
      <trkpt lon="12.492558" lat="41.890535"><ele>23.322896</ele><time>2025-03-20T10:29:50Z</time><extensions><speed>0.156905</speed><course>113.562096</course><hAcc>1.856155</hAcc><vAcc>0.733060</vAcc></extensions></trkpt>
      <trkpt lon="12.492560" lat="41.890534"><ele>23.325500</ele><time>2025-03-20T10:29:51Z</time><extensions><speed>0.136332</speed><course>135.324780</course><hAcc>1.878369</hAcc><vAcc>0.735370</vAcc></extensions></trkpt>
      <trkpt lon="12.492561" lat="41.890533"><ele>23.329719</ele><time>2025-03-20T10:29:52Z</time><extensions><speed>0.173587</speed><course>149.633686</course><hAcc>1.851345</hAcc><vAcc>0.737721</vAcc></extensions></trkpt>
      <trkpt lon="12.492562" lat="41.890532"><ele>23.334288</ele><time>2025-03-20T10:29:53Z</time><extensions><speed>0.185669</speed><course>156.931847</course><hAcc>1.832275</hAcc><vAcc>0.739948</vAcc></extensions></trkpt>
      <trkpt lon="12.492563" lat="41.890530"><ele>23.337327</ele><time>2025-03-20T10:29:54Z</time><extensions><speed>0.187609</speed><course>162.896415</course><hAcc>1.830092</hAcc><vAcc>0.742157</vAcc></extensions></trkpt>
      <trkpt lon="12.492563" lat="41.890529"><ele>23.340845</ele><time>2025-03-20T10:29:55Z</time><extensions><speed>0.192605</speed><course>168.162482</course><hAcc>1.833267</hAcc><vAcc>0.744309</vAcc></extensions></trkpt>
      <trkpt lon="12.492564" lat="41.890527"><ele>23.343363</ele><time>2025-03-20T10:29:56Z</time><extensions><speed>0.211817</speed><course>173.263353</course><hAcc>1.838265</hAcc><vAcc>0.746501</vAcc></extensions></trkpt>
      <trkpt lon="12.492564" lat="41.890525"><ele>23.351003</ele><time>2025-03-20T10:29:57Z</time><extensions><speed>0.246742</speed><course>178.198302</course><hAcc>1.847198</hAcc><vAcc>0.748792</vAcc></extensions></trkpt>
      <trkpt lon="12.492564" lat="41.890522"><ele>23.355941</ele><time>2025-03-20T10:29:58Z</time><extensions><speed>0.303220</speed><course>183.372999</course><hAcc>1.855090</hAcc><vAcc>0.751228</vAcc></extensions></trkpt>
      <trkpt lon="12.492563" lat="41.890519"><ele>23.357058</ele><time>2025-03-20T10:29:59Z</time><extensions><speed>0.363887</speed><course>190.167219</course><hAcc>1.859046</hAcc><vAcc>0.753847</vAcc></extensions></trkpt>
      <trkpt lon="12.492562" lat="41.890516"><ele>23.357274</ele><time>2025-03-20T10:30:00Z</time><extensions><speed>0.422190</speed><course>201.716790</course><hAcc>1.848000</hAcc><vAcc>0.756567</vAcc></extensions></trkpt>
      <trkpt lon="12.492559" lat="41.890512"><ele>23.356269</ele><time>2025-03-20T10:30:01Z</time><extensions><speed>0.467550</speed><course>216.331908</course><hAcc>1.842055</hAcc><vAcc>0.759244</vAcc></extensions></trkpt>
      <trkpt lon="12.492555" lat="41.890509"><ele>23.354721</ele><time>2025-03-20T10:30:02Z</time><extensions><speed>0.500834</speed><course>226.873638</course><hAcc>1.855282</hAcc><vAcc>0.761700</vAcc></extensions></trkpt>
      <trkpt lon="12.492550" lat="41.890506"><ele>23.351479</ele><time>2025-03-20T10:30:03Z</time><extensions><speed>0.544082</speed><course>236.735614</course><hAcc>1.847205</hAcc><vAcc>0.763749</vAcc></extensions></trkpt>
      <trkpt lon="12.492545" lat="41.890504"><ele>23.347846</ele><time>2025-03-20T10:30:04Z</time><extensions><speed>0.555955</speed><course>242.759009</course><hAcc>1.828459</hAcc><vAcc>0.765603</vAcc></extensions></trkpt>
      <trkpt lon="12.492539" lat="41.890501"><ele>23.343116</ele><time>2025-03-20T10:30:05Z</time><extensions><speed>0.483352</speed><course>239.648183</course><hAcc>1.833422</hAcc><vAcc>0.766950</vAcc></extensions></trkpt>
      <trkpt lon="12.492535" lat="41.890499"><ele>23.337415</ele><time>2025-03-20T10:30:06Z</time><extensions><speed>0.418055</speed><course>233.684379</course><hAcc>1.833709</hAcc><vAcc>0.767696</vAcc></extensions></trkpt>
      <trkpt lon="12.492531" lat="41.890497"><ele>23.330877</ele><time>2025-03-20T10:30:07Z</time><extensions><speed>0.364307</speed><course>226.618244</course><hAcc>1.823957</hAcc><vAcc>0.767747</vAcc></extensions></trkpt>
      <trkpt lon="12.492528" lat="41.890495"><ele>23.324209</ele><time>2025-03-20T10:30:08Z</time><extensions><speed>0.283026</speed><course>221.394643</course><hAcc>1.824785</hAcc><vAcc>0.767148</vAcc></extensions></trkpt>
      <trkpt lon="12.492526" lat="41.890493"><ele>23.317267</ele><time>2025-03-20T10:30:09Z</time><extensions><speed>0.185273</speed><course>219.421162</course><hAcc>1.840122</hAcc><vAcc>0.765956</vAcc></extensions></trkpt>
      <trkpt lon="12.492525" lat="41.890492"><ele>23.310415</ele><time>2025-03-20T10:30:10Z</time><extensions><speed>0.098815</speed><course>229.848233</course><hAcc>1.847974</hAcc><vAcc>0.764239</vAcc></extensions></trkpt>
      <trkpt lon="12.492524" lat="41.890492"><ele>23.303941</ele><time>2025-03-20T10:30:11Z</time><extensions><speed>0.073373</speed><course>305.318656</course><hAcc>1.838410</hAcc><vAcc>0.762206</vAcc></extensions></trkpt>
      <trkpt lon="12.492524" lat="41.890493"><ele>23.298057</ele><time>2025-03-20T10:30:12Z</time><extensions><speed>0.147633</speed><course>339.395183</course><hAcc>1.825520</hAcc><vAcc>0.760032</vAcc></extensions></trkpt>
      <trkpt lon="12.492523" lat="41.890495"><ele>23.292890</ele><time>2025-03-20T10:30:13Z</time><extensions><speed>0.173419</speed><course>349.186551</course><hAcc>1.824929</hAcc><vAcc>0.757893</vAcc></extensions></trkpt>
      <trkpt lon="12.492523" lat="41.890496"><ele>23.288496</ele><time>2025-03-20T10:30:14Z</time><extensions><speed>0.144460</speed><course>0.908132</course><hAcc>1.831004</hAcc><vAcc>0.755917</vAcc></extensions></trkpt>
      <trkpt lon="12.492523" lat="41.890497"><ele>23.284883</ele><time>2025-03-20T10:30:15Z</time><extensions><speed>0.140351</speed><course>19.045149</course><hAcc>1.825371</hAcc><vAcc>0.754040</vAcc></extensions></trkpt>
      <trkpt lon="12.492524" lat="41.890498"><ele>23.282012</ele><time>2025-03-20T10:30:16Z</time><extensions><speed>0.152603</speed><course>33.951597</course><hAcc>1.820493</hAcc><vAcc>0.752205</vAcc></extensions></trkpt>
      <trkpt lon="12.492525" lat="41.890500"><ele>23.288647</ele><time>2025-03-20T10:30:17Z</time><extensions><speed>0.170075</speed><course>42.179047</course><hAcc>1.816719</hAcc><vAcc>0.750286</vAcc></extensions></trkpt>
      <trkpt lon="12.492527" lat="41.890501"><ele>23.297802</ele><time>2025-03-20T10:30:18Z</time><extensions><speed>0.156571</speed><course>45.825873</course><hAcc>1.820727</hAcc><vAcc>0.748135</vAcc></extensions></trkpt>
      <trkpt lon="12.492528" lat="41.890501"><ele>23.304498</ele><time>2025-03-20T10:30:19Z</time><extensions><speed>0.123304</speed><course>48.186744</course><hAcc>1.818138</hAcc><vAcc>0.745743</vAcc></extensions></trkpt>
      <trkpt lon="12.492529" lat="41.890502"><ele>23.312102</ele><time>2025-03-20T10:30:20Z</time><extensions><speed>0.090942</speed><course>50.902283</course><hAcc>1.803796</hAcc><vAcc>0.742962</vAcc></extensions></trkpt>
      <trkpt lon="12.492529" lat="41.890502"><ele>23.320805</ele><time>2025-03-20T10:30:21Z</time><extensions><speed>0.039771</speed><course>60.372904</course><hAcc>1.808932</hAcc><vAcc>0.739689</vAcc></extensions></trkpt>
      <trkpt lon="12.492530" lat="41.890502"><ele>23.329834</ele><time>2025-03-20T10:30:22Z</time><extensions><speed>0.026122</speed><course>197.751059</course><hAcc>1.824028</hAcc><vAcc>0.735858</vAcc></extensions></trkpt>
      <trkpt lon="12.492529" lat="41.890502"><ele>23.339505</ele><time>2025-03-20T10:30:23Z</time><extensions><speed>0.092557</speed><course>216.043757</course><hAcc>1.837474</hAcc><vAcc>0.731391</vAcc></extensions></trkpt>
      <trkpt lon="12.492528" lat="41.890501"><ele>23.351421</ele><time>2025-03-20T10:30:24Z</time><extensions><speed>0.168197</speed><course>218.198931</course><hAcc>1.843674</hAcc><vAcc>0.726287</vAcc></extensions></trkpt>
      <trkpt lon="12.492527" lat="41.890499"><ele>23.363047</ele><time>2025-03-20T10:30:25Z</time><extensions><speed>0.246870</speed><course>219.224901</course><hAcc>1.841686</hAcc><vAcc>0.720636</vAcc></extensions></trkpt>
      <trkpt lon="12.492524" lat="41.890497"><ele>23.374683</ele><time>2025-03-20T10:30:26Z</time><extensions><speed>0.305044</speed><course>219.328669</course><hAcc>1.836816</hAcc><vAcc>0.714579</vAcc></extensions></trkpt>
      <trkpt lon="12.492522" lat="41.890495"><ele>23.385846</ele><time>2025-03-20T10:30:27Z</time><extensions><speed>0.299121</speed><course>218.576166</course><hAcc>1.832350</hAcc><vAcc>0.708250</vAcc></extensions></trkpt>
      <trkpt lon="12.492520" lat="41.890493"><ele>23.396052</ele><time>2025-03-20T10:30:28Z</time><extensions><speed>0.242264</speed><course>217.605705</course><hAcc>1.827927</hAcc><vAcc>0.701781</vAcc></extensions></trkpt>
      <trkpt lon="12.492518" lat="41.890492"><ele>23.405044</ele><time>2025-03-20T10:30:29Z</time><extensions><speed>0.180890</speed><course>220.542359</course><hAcc>1.833139</hAcc><vAcc>0.695302</vAcc></extensions></trkpt>
      <trkpt lon="12.492517" lat="41.890491"><ele>23.412807</ele><time>2025-03-20T10:30:30Z</time><extensions><speed>0.128485</speed><course>224.642580</course><hAcc>1.855063</hAcc><vAcc>0.688851</vAcc></extensions></trkpt>
      <trkpt lon="12.492516" lat="41.890490"><ele>23.419439</ele><time>2025-03-20T10:30:31Z</time><extensions><speed>0.123927</speed><course>229.177978</course><hAcc>1.851911</hAcc><vAcc>0.682403</vAcc></extensions></trkpt>
      <trkpt lon="12.492515" lat="41.890489"><ele>23.425088</ele><time>2025-03-20T10:30:32Z</time><extensions><speed>0.164820</speed><course>233.123853</course><hAcc>1.816636</hAcc><vAcc>0.676020</vAcc></extensions></trkpt>
      <trkpt lon="12.492513" lat="41.890488"><ele>23.429844</ele><time>2025-03-20T10:30:33Z</time><extensions><speed>0.187898</speed><course>237.574297</course><hAcc>1.801767</hAcc><vAcc>0.669644</vAcc></extensions></trkpt>
      <trkpt lon="12.492511" lat="41.890488"><ele>23.433781</ele><time>2025-03-20T10:30:34Z</time><extensions><speed>0.188465</speed><course>245.867701</course><hAcc>1.808185</hAcc><vAcc>0.663290</vAcc></extensions></trkpt>
      <trkpt lon="12.492509" lat="41.890487"><ele>23.436935</ele><time>2025-03-20T10:30:35Z</time><extensions><speed>0.144744</speed><course>244.450918</course><hAcc>1.826428</hAcc><vAcc>0.656933</vAcc></extensions></trkpt>
      <trkpt lon="12.492508" lat="41.890486"><ele>23.439387</ele><time>2025-03-20T10:30:36Z</time><extensions><speed>0.112472</speed><course>243.646690</course><hAcc>1.819132</hAcc><vAcc>0.650612</vAcc></extensions></trkpt>
      <trkpt lon="12.492507" lat="41.890486"><ele>23.441223</ele><time>2025-03-20T10:30:37Z</time><extensions><speed>0.081993</speed><course>243.179747</course><hAcc>1.811873</hAcc><vAcc>0.644370</vAcc></extensions></trkpt>
      <trkpt lon="12.492506" lat="41.890486"><ele>23.443718</ele><time>2025-03-20T10:30:38Z</time><extensions><speed>0.054585</speed><course>238.841978</course><hAcc>1.817585</hAcc><vAcc>0.638641</vAcc></extensions></trkpt>
      <trkpt lon="12.492505" lat="41.890485"><ele>23.446395</ele><time>2025-03-20T10:30:39Z</time><extensions><speed>0.044245</speed><course>229.818172</course><hAcc>1.810308</hAcc><vAcc>0.633950</vAcc></extensions></trkpt>
      <trkpt lon="12.492505" lat="41.890485"><ele>23.449382</ele><time>2025-03-20T10:30:40Z</time><extensions><speed>0.038904</speed><course>218.959001</course><hAcc>1.809538</hAcc><vAcc>0.630916</vAcc></extensions></trkpt>
      <trkpt lon="12.492505" lat="41.890485"><ele>23.452719</ele><time>2025-03-20T10:30:41Z</time><extensions><speed>0.040656</speed><course>206.847611</course><hAcc>1.819192</hAcc><vAcc>0.630040</vAcc></extensions></trkpt>
      <trkpt lon="12.492505" lat="41.890484"><ele>23.456096</ele><time>2025-03-20T10:30:42Z</time><extensions><speed>0.049734</speed><course>196.216555</course><hAcc>1.831432</hAcc><vAcc>0.631663</vAcc></extensions></trkpt>
      <trkpt lon="12.492504" lat="41.890483"><ele>23.459501</ele><time>2025-03-20T10:30:43Z</time><extensions><speed>0.081766</speed><course>190.646859</course><hAcc>1.831263</hAcc><vAcc>0.635878</vAcc></extensions></trkpt>
      <trkpt lon="12.492504" lat="41.890482"><ele>23.463061</ele><time>2025-03-20T10:30:44Z</time><extensions><speed>0.105987</speed><course>187.919265</course><hAcc>1.862645</hAcc><vAcc>0.642576</vAcc></extensions></trkpt>
      <trkpt lon="12.492504" lat="41.890481"><ele>23.465741</ele><time>2025-03-20T10:30:45Z</time><extensions><speed>0.173284</speed><course>186.600063</course><hAcc>1.874735</hAcc><vAcc>0.651805</vAcc></extensions></trkpt>
      <trkpt lon="12.492503" lat="41.890479"><ele>23.469509</ele><time>2025-03-20T10:30:46Z</time><extensions><speed>0.224493</speed><course>186.433547</course><hAcc>1.922407</hAcc><vAcc>0.663072</vAcc></extensions></trkpt>
      <trkpt lon="12.492503" lat="41.890477"><ele>23.470893</ele><time>2025-03-20T10:30:47Z</time><extensions><speed>0.271136</speed><course>186.323283</course><hAcc>1.986826</hAcc><vAcc>0.676021</vAcc></extensions></trkpt>
      <trkpt lon="12.492503" lat="41.890474"><ele>23.470934</ele><time>2025-03-20T10:30:48Z</time><extensions><speed>0.319969</speed><course>186.549966</course><hAcc>2.041199</hAcc><vAcc>0.689920</vAcc></extensions></trkpt>
      <trkpt lon="12.492502" lat="41.890471"><ele>23.469456</ele><time>2025-03-20T10:30:49Z</time><extensions><speed>0.333662</speed><course>190.314678</course><hAcc>2.092235</hAcc><vAcc>0.703797</vAcc></extensions></trkpt>
      <trkpt lon="12.492501" lat="41.890468"><ele>23.467994</ele><time>2025-03-20T10:30:50Z</time><extensions><speed>0.347589</speed><course>194.068481</course><hAcc>2.128861</hAcc><vAcc>0.716921</vAcc></extensions></trkpt>
      <trkpt lon="12.492500" lat="41.890465"><ele>23.465597</ele><time>2025-03-20T10:30:51Z</time><extensions><speed>0.356138</speed><course>197.416469</course><hAcc>2.152238</hAcc><vAcc>0.729220</vAcc></extensions></trkpt>
      <trkpt lon="12.492499" lat="41.890462"><ele>23.462308</ele><time>2025-03-20T10:30:52Z</time><extensions><speed>0.321581</speed><course>198.441347</course><hAcc>2.175519</hAcc><vAcc>0.740829</vAcc></extensions></trkpt>
      <trkpt lon="12.492497" lat="41.890460"><ele>23.458185</ele><time>2025-03-20T10:30:53Z</time><extensions><speed>0.253151</speed><course>200.892015</course><hAcc>2.201586</hAcc><vAcc>0.751389</vAcc></extensions></trkpt>
      <trkpt lon="12.492496" lat="41.890458"><ele>23.448553</ele><time>2025-03-20T10:30:54Z</time><extensions><speed>0.184371</speed><course>199.924746</course><hAcc>2.204653</hAcc><vAcc>0.761030</vAcc></extensions></trkpt>
      <trkpt lon="12.492496" lat="41.890456"><ele>23.437763</ele><time>2025-03-20T10:30:55Z</time><extensions><speed>0.170935</speed><course>191.104296</course><hAcc>2.158510</hAcc><vAcc>0.770279</vAcc></extensions></trkpt>
      <trkpt lon="12.492495" lat="41.890454"><ele>23.428847</ele><time>2025-03-20T10:30:56Z</time><extensions><speed>0.168548</speed><course>192.826951</course><hAcc>2.119439</hAcc><vAcc>0.779068</vAcc></extensions></trkpt>
      <trkpt lon="12.492495" lat="41.890453"><ele>23.420443</ele><time>2025-03-20T10:30:57Z</time><extensions><speed>0.160077</speed><course>191.003371</course><hAcc>2.093996</hAcc><vAcc>0.787051</vAcc></extensions></trkpt>
      <trkpt lon="12.492494" lat="41.890451"><ele>23.412554</ele><time>2025-03-20T10:30:58Z</time><extensions><speed>0.169892</speed><course>198.111336</course><hAcc>2.076229</hAcc><vAcc>0.793630</vAcc></extensions></trkpt>
      <trkpt lon="12.492494" lat="41.890450"><ele>23.404918</ele><time>2025-03-20T10:30:59Z</time><extensions><speed>0.170219</speed><course>199.575451</course><hAcc>2.069437</hAcc><vAcc>0.799278</vAcc></extensions></trkpt>
      <trkpt lon="12.492493" lat="41.890449"><ele>23.395444</ele><time>2025-03-20T10:31:00Z</time><extensions><speed>0.145785</speed><course>199.361310</course><hAcc>2.081533</hAcc><vAcc>0.804816</vAcc></extensions></trkpt>
      <trkpt lon="12.492492" lat="41.890447"><ele>23.387848</ele><time>2025-03-20T10:31:01Z</time><extensions><speed>0.129926</speed><course>198.543608</course><hAcc>2.080031</hAcc><vAcc>0.810117</vAcc></extensions></trkpt>
      <trkpt lon="12.492492" lat="41.890446"><ele>23.381813</ele><time>2025-03-20T10:31:02Z</time><extensions><speed>0.147301</speed><course>197.948645</course><hAcc>2.052515</hAcc><vAcc>0.814808</vAcc></extensions></trkpt>
      <trkpt lon="12.492491" lat="41.890445"><ele>23.376737</ele><time>2025-03-20T10:31:03Z</time><extensions><speed>0.142266</speed><course>197.048749</course><hAcc>2.057259</hAcc><vAcc>0.818601</vAcc></extensions></trkpt>
      <trkpt lon="12.492491" lat="41.890444"><ele>23.374156</ele><time>2025-03-20T10:31:04Z</time><extensions><speed>0.109867</speed><course>196.313501</course><hAcc>2.088203</hAcc><vAcc>0.822068</vAcc></extensions></trkpt>
      <trkpt lon="12.492491" lat="41.890443"><ele>23.372593</ele><time>2025-03-20T10:31:05Z</time><extensions><speed>0.098330</speed><course>195.017468</course><hAcc>2.088121</hAcc><vAcc>0.825152</vAcc></extensions></trkpt>
      <trkpt lon="12.492490" lat="41.890442"><ele>23.374978</ele><time>2025-03-20T10:31:06Z</time><extensions><speed>0.062726</speed><course>190.653346</course><hAcc>2.101933</hAcc><vAcc>0.827323</vAcc></extensions></trkpt>
      <trkpt lon="12.492490" lat="41.890442"><ele>23.382045</ele><time>2025-03-20T10:31:06Z</time><extensions><speed>0.027165</speed><course>212.057517</course><hAcc>2.135408</hAcc><vAcc>0.828571</vAcc></extensions></trkpt>
      <trkpt lon="12.492490" lat="41.890442"><ele>23.388625</ele><time>2025-03-20T10:31:07Z</time><extensions><speed>0.021690</speed><course>326.767953</course><hAcc>2.178051</hAcc><vAcc>0.829366</vAcc></extensions></trkpt>
      <trkpt lon="12.492490" lat="41.890443"><ele>23.400587</ele><time>2025-03-20T10:31:08Z</time><extensions><speed>0.057133</speed><course>355.744068</course><hAcc>2.216269</hAcc><vAcc>0.829464</vAcc></extensions></trkpt>
      <trkpt lon="12.492490" lat="41.890443"><ele>23.407103</ele><time>2025-03-20T10:31:09Z</time><extensions><speed>0.094607</speed><course>4.252933</course><hAcc>2.235897</hAcc><vAcc>0.829523</vAcc></extensions></trkpt>
      <trkpt lon="12.492490" lat="41.890444"><ele>23.412054</ele><time>2025-03-20T10:31:10Z</time><extensions><speed>0.121550</speed><course>9.420672</course><hAcc>2.244439</hAcc><vAcc>0.829486</vAcc></extensions></trkpt>
      <trkpt lon="12.492490" lat="41.890446"><ele>23.415657</ele><time>2025-03-20T10:31:11Z</time><extensions><speed>0.146948</speed><course>18.583253</course><hAcc>2.243186</hAcc><vAcc>0.828253</vAcc></extensions></trkpt>
      <trkpt lon="12.492491" lat="41.890447"><ele>23.422408</ele><time>2025-03-20T10:31:12Z</time><extensions><speed>0.146031</speed><course>11.859631</course><hAcc>2.238670</hAcc><vAcc>0.826609</vAcc></extensions></trkpt>
      <trkpt lon="12.492491" lat="41.890448"><ele>23.429098</ele><time>2025-03-20T10:31:13Z</time><extensions><speed>0.157316</speed><course>5.922198</course><hAcc>2.230295</hAcc><vAcc>0.824425</vAcc></extensions></trkpt>
      <trkpt lon="12.492491" lat="41.890450"><ele>23.436548</ele><time>2025-03-20T10:31:14Z</time><extensions><speed>0.185586</speed><course>8.254823</course><hAcc>2.217719</hAcc><vAcc>0.821560</vAcc></extensions></trkpt>
      <trkpt lon="12.492491" lat="41.890452"><ele>23.441409</ele><time>2025-03-20T10:31:15Z</time><extensions><speed>0.204497</speed><course>8.842369</course><hAcc>2.203962</hAcc><vAcc>0.817925</vAcc></extensions></trkpt>
      <trkpt lon="12.492492" lat="41.890454"><ele>23.445236</ele><time>2025-03-20T10:31:16Z</time><extensions><speed>0.204790</speed><course>6.914086</course><hAcc>2.189996</hAcc><vAcc>0.813523</vAcc></extensions></trkpt>
      <trkpt lon="12.492492" lat="41.890455"><ele>23.447836</ele><time>2025-03-20T10:31:17Z</time><extensions><speed>0.195219</speed><course>2.498002</course><hAcc>2.174051</hAcc><vAcc>0.808444</vAcc></extensions></trkpt>
      <trkpt lon="12.492492" lat="41.890457"><ele>23.449148</ele><time>2025-03-20T10:31:18Z</time><extensions><speed>0.177034</speed><course>349.462837</course><hAcc>2.162487</hAcc><vAcc>0.802839</vAcc></extensions></trkpt>
      <trkpt lon="12.492491" lat="41.890459"><ele>23.449259</ele><time>2025-03-20T10:31:19Z</time><extensions><speed>0.174802</speed><course>343.102422</course><hAcc>2.154025</hAcc><vAcc>0.796905</vAcc></extensions></trkpt>
      <trkpt lon="12.492490" lat="41.890460"><ele>23.448392</ele><time>2025-03-20T10:31:20Z</time><extensions><speed>0.188428</speed><course>340.034145</course><hAcc>2.146039</hAcc><vAcc>0.790863</vAcc></extensions></trkpt>
      <trkpt lon="12.492489" lat="41.890462"><ele>23.446946</ele><time>2025-03-20T10:31:21Z</time><extensions><speed>0.229887</speed><course>343.162861</course><hAcc>2.137637</hAcc><vAcc>0.784969</vAcc></extensions></trkpt>
      <trkpt lon="12.492489" lat="41.890464"><ele>23.444197</ele><time>2025-03-20T10:31:22Z</time><extensions><speed>0.268375</speed><course>344.986145</course><hAcc>2.143999</hAcc><vAcc>0.779482</vAcc></extensions></trkpt>
      <trkpt lon="12.492488" lat="41.890467"><ele>23.441239</ele><time>2025-03-20T10:31:23Z</time><extensions><speed>0.268768</speed><course>340.329944</course><hAcc>2.170966</hAcc><vAcc>0.774594</vAcc></extensions></trkpt>
      <trkpt lon="12.492486" lat="41.890469"><ele>23.438587</ele><time>2025-03-20T10:31:24Z</time><extensions><speed>0.238217</speed><course>335.667660</course><hAcc>2.203070</hAcc><vAcc>0.770406</vAcc></extensions></trkpt>
      <trkpt lon="12.492485" lat="41.890471"><ele>23.435904</ele><time>2025-03-20T10:31:25Z</time><extensions><speed>0.213618</speed><course>326.478787</course><hAcc>2.222472</hAcc><vAcc>0.766937</vAcc></extensions></trkpt>
      <trkpt lon="12.492483" lat="41.890472"><ele>23.433243</ele><time>2025-03-20T10:31:26Z</time><extensions><speed>0.196775</speed><course>321.895408</course><hAcc>2.231647</hAcc><vAcc>0.764156</vAcc></extensions></trkpt>
      <trkpt lon="12.492482" lat="41.890474"><ele>23.429722</ele><time>2025-03-20T10:31:27Z</time><extensions><speed>0.191088</speed><course>318.256603</course><hAcc>2.235690</hAcc><vAcc>0.761993</vAcc></extensions></trkpt>
      <trkpt lon="12.492480" lat="41.890475"><ele>23.425931</ele><time>2025-03-20T10:31:28Z</time><extensions><speed>0.192841</speed><course>316.328309</course><hAcc>2.238241</hAcc><vAcc>0.760360</vAcc></extensions></trkpt>
      <trkpt lon="12.492478" lat="41.890476"><ele>23.421210</ele><time>2025-03-20T10:31:29Z</time><extensions><speed>0.199613</speed><course>314.871435</course><hAcc>2.244846</hAcc><vAcc>0.759164</vAcc></extensions></trkpt>
      <trkpt lon="12.492476" lat="41.890477"><ele>23.416539</ele><time>2025-03-20T10:31:30Z</time><extensions><speed>0.200383</speed><course>313.564121</course><hAcc>2.265356</hAcc><vAcc>0.758314</vAcc></extensions></trkpt>
      <trkpt lon="12.492474" lat="41.890478"><ele>23.412126</ele><time>2025-03-20T10:31:31Z</time><extensions><speed>0.180523</speed><course>311.159203</course><hAcc>2.289165</hAcc><vAcc>0.757730</vAcc></extensions></trkpt>
      <trkpt lon="12.492472" lat="41.890480"><ele>23.408575</ele><time>2025-03-20T10:31:32Z</time><extensions><speed>0.217829</speed><course>306.613507</course><hAcc>2.269308</hAcc><vAcc>0.757344</vAcc></extensions></trkpt>
      <trkpt lon="12.492470" lat="41.890481"><ele>23.405233</ele><time>2025-03-20T10:31:33Z</time><extensions><speed>0.231796</speed><course>298.434457</course><hAcc>2.260946</hAcc><vAcc>0.757098</vAcc></extensions></trkpt>
      <trkpt lon="12.492467" lat="41.890482"><ele>23.401648</ele><time>2025-03-20T10:31:34Z</time><extensions><speed>0.242012</speed><course>288.800502</course><hAcc>2.274019</hAcc><vAcc>0.756950</vAcc></extensions></trkpt>
      <trkpt lon="12.492464" lat="41.890482"><ele>23.398228</ele><time>2025-03-20T10:31:35Z</time><extensions><speed>0.261662</speed><course>278.074541</course><hAcc>2.297108</hAcc><vAcc>0.756865</vAcc></extensions></trkpt>
      <trkpt lon="12.492460" lat="41.890482"><ele>23.394932</ele><time>2025-03-20T10:31:36Z</time><extensions><speed>0.282249</speed><course>270.780642</course><hAcc>2.308818</hAcc><vAcc>0.756821</vAcc></extensions></trkpt>
      <trkpt lon="12.492457" lat="41.890482"><ele>23.391802</ele><time>2025-03-20T10:31:37Z</time><extensions><speed>0.302206</speed><course>267.177876</course><hAcc>2.301417</hAcc><vAcc>0.756801</vAcc></extensions></trkpt>
      <trkpt lon="12.492453" lat="41.890482"><ele>23.388906</ele><time>2025-03-20T10:31:38Z</time><extensions><speed>0.294105</speed><course>266.238824</course><hAcc>2.297705</hAcc><vAcc>0.756793</vAcc></extensions></trkpt>
      <trkpt lon="12.492450" lat="41.890482"><ele>23.386182</ele><time>2025-03-20T10:31:39Z</time><extensions><speed>0.266038</speed><course>269.026017</course><hAcc>2.305330</hAcc><vAcc>0.756790</vAcc></extensions></trkpt>
      <trkpt lon="12.492447" lat="41.890483"><ele>23.383792</ele><time>2025-03-20T10:31:40Z</time><extensions><speed>0.235903</speed><course>275.426374</course><hAcc>2.319981</hAcc><vAcc>0.756790</vAcc></extensions></trkpt>
      <trkpt lon="12.492444" lat="41.890483"><ele>23.382253</ele><time>2025-03-20T10:31:41Z</time><extensions><speed>0.224090</speed><course>283.736950</course><hAcc>2.326069</hAcc><vAcc>0.756789</vAcc></extensions></trkpt>
      <trkpt lon="12.492441" lat="41.890484"><ele>23.381143</ele><time>2025-03-20T10:31:42Z</time><extensions><speed>0.257242</speed><course>292.982229</course><hAcc>2.302389</hAcc><vAcc>0.756787</vAcc></extensions></trkpt>
      <trkpt lon="12.492438" lat="41.890485"><ele>23.379270</ele><time>2025-03-20T10:31:43Z</time><extensions><speed>0.269823</speed><course>300.385139</course><hAcc>2.284414</hAcc><vAcc>0.756783</vAcc></extensions></trkpt>
      <trkpt lon="12.492436" lat="41.890486"><ele>23.376852</ele><time>2025-03-20T10:31:44Z</time><extensions><speed>0.252398</speed><course>307.184895</course><hAcc>2.281381</hAcc><vAcc>0.756778</vAcc></extensions></trkpt>
      <trkpt lon="12.492434" lat="41.890487"><ele>23.375092</ele><time>2025-03-20T10:31:45Z</time><extensions><speed>0.222920</speed><course>312.314619</course><hAcc>2.283882</hAcc><vAcc>0.756773</vAcc></extensions></trkpt>
      <trkpt lon="12.492432" lat="41.890489"><ele>23.373952</ele><time>2025-03-20T10:31:46Z</time><extensions><speed>0.189652</speed><course>315.514629</course><hAcc>2.287198</hAcc><vAcc>0.756768</vAcc></extensions></trkpt>
      <trkpt lon="12.492430" lat="41.890490"><ele>23.375152</ele><time>2025-03-20T10:31:47Z</time><extensions><speed>0.152120</speed><course>317.500199</course><hAcc>2.294313</hAcc><vAcc>0.756763</vAcc></extensions></trkpt>
      <trkpt lon="12.492429" lat="41.890491"><ele>23.376501</ele><time>2025-03-20T10:31:48Z</time><extensions><speed>0.113574</speed><course>319.461902</course><hAcc>2.302060</hAcc><vAcc>0.756758</vAcc></extensions></trkpt>
      <trkpt lon="12.492428" lat="41.890491"><ele>23.378056</ele><time>2025-03-20T10:31:49Z</time><extensions><speed>0.074527</speed><course>316.725898</course><hAcc>2.301276</hAcc><vAcc>0.756754</vAcc></extensions></trkpt>
      <trkpt lon="12.492427" lat="41.890491"><ele>23.381379</ele><time>2025-03-20T10:31:50Z</time><extensions><speed>0.039843</speed><course>290.261851</course><hAcc>2.293845</hAcc><vAcc>0.756750</vAcc></extensions></trkpt>
      <trkpt lon="12.492427" lat="41.890491"><ele>23.385419</ele><time>2025-03-20T10:31:51Z</time><extensions><speed>0.036870</speed><course>233.529919</course><hAcc>2.281408</hAcc><vAcc>0.756747</vAcc></extensions></trkpt>
      <trkpt lon="12.492426" lat="41.890491"><ele>23.388498</ele><time>2025-03-20T10:31:52Z</time><extensions><speed>0.057459</speed><course>215.670156</course><hAcc>2.276138</hAcc><vAcc>0.756745</vAcc></extensions></trkpt>
      <trkpt lon="12.492426" lat="41.890490"><ele>23.393035</ele><time>2025-03-20T10:31:53Z</time><extensions><speed>0.062614</speed><course>219.488109</course><hAcc>2.265247</hAcc><vAcc>0.756743</vAcc></extensions></trkpt>
      <trkpt lon="12.492425" lat="41.890490"><ele>23.394240</ele><time>2025-03-20T10:31:54Z</time><extensions><speed>0.056572</speed><course>231.728512</course><hAcc>2.247135</hAcc><vAcc>0.756742</vAcc></extensions></trkpt>
      <trkpt lon="12.492425" lat="41.890490"><ele>23.397543</ele><time>2025-03-20T10:31:55Z</time><extensions><speed>0.027622</speed><course>210.799543</course><hAcc>2.228596</hAcc><vAcc>0.756741</vAcc></extensions></trkpt>
      <trkpt lon="12.492425" lat="41.890489"><ele>23.400073</ele><time>2025-03-20T10:31:56Z</time><extensions><speed>0.044722</speed><course>171.698843</course><hAcc>2.222960</hAcc><vAcc>0.756740</vAcc></extensions></trkpt>
      <trkpt lon="12.492425" lat="41.890489"><ele>23.397790</ele><time>2025-03-20T10:31:57Z</time><extensions><speed>0.115665</speed><course>119.344828</course><hAcc>2.222737</hAcc><vAcc>0.756740</vAcc></extensions></trkpt>
      <trkpt lon="12.492426" lat="41.890488"><ele>23.393261</ele><time>2025-03-20T10:31:58Z</time><extensions><speed>0.109748</speed><course>163.197961</course><hAcc>2.212887</hAcc><vAcc>0.756740</vAcc></extensions></trkpt>
      <trkpt lon="12.492426" lat="41.890487"><ele>23.386955</ele><time>2025-03-20T10:31:59Z</time><extensions><speed>0.150022</speed><course>184.959154</course><hAcc>2.188314</hAcc><vAcc>0.756739</vAcc></extensions></trkpt>
      <trkpt lon="12.492426" lat="41.890486"><ele>23.377523</ele><time>2025-03-20T10:32:00Z</time><extensions><speed>0.164895</speed><course>183.238670</course><hAcc>2.166253</hAcc><vAcc>0.756739</vAcc></extensions></trkpt>
      <trkpt lon="12.492426" lat="41.890484"><ele>23.369111</ele><time>2025-03-20T10:32:01Z</time><extensions><speed>0.139755</speed><course>191.010951</course><hAcc>2.156869</hAcc><vAcc>0.756739</vAcc></extensions></trkpt>
      <trkpt lon="12.492426" lat="41.890483"><ele>23.358787</ele><time>2025-03-20T10:32:02Z</time><extensions><speed>0.077654</speed><course>172.929138</course><hAcc>2.141708</hAcc><vAcc>0.756739</vAcc></extensions></trkpt>
      <trkpt lon="12.492426" lat="41.890483"><ele>23.344870</ele><time>2025-03-20T10:32:03Z</time><extensions><speed>0.060176</speed><course>94.470657</course><hAcc>2.123355</hAcc><vAcc>0.756739</vAcc></extensions></trkpt>
      <trkpt lon="12.492427" lat="41.890483"><ele>23.330912</ele><time>2025-03-20T10:32:04Z</time><extensions><speed>0.101596</speed><course>50.337001</course><hAcc>2.108871</hAcc><vAcc>0.756739</vAcc></extensions></trkpt>
      <trkpt lon="12.492428" lat="41.890484"><ele>23.317568</ele><time>2025-03-20T10:32:05Z</time><extensions><speed>0.219999</speed><course>48.326436</course><hAcc>2.101793</hAcc><vAcc>0.756739</vAcc></extensions></trkpt>
      <trkpt lon="12.492430" lat="41.890486"><ele>23.300547</ele><time>2025-03-20T10:32:06Z</time><extensions><speed>0.304738</speed><course>41.689743</course><hAcc>2.119908</hAcc><vAcc>0.756739</vAcc></extensions></trkpt>
      <trkpt lon="12.492432" lat="41.890489"><ele>23.285879</ele><time>2025-03-20T10:32:07Z</time><extensions><speed>0.361648</speed><course>24.765332</course><hAcc>2.150448</hAcc><vAcc>0.756739</vAcc></extensions></trkpt>
      <trkpt lon="12.492434" lat="41.890492"><ele>23.272083</ele><time>2025-03-20T10:32:08Z</time><extensions><speed>0.416730</speed><course>13.131765</course><hAcc>2.159389</hAcc><vAcc>0.756739</vAcc></extensions></trkpt>
      <trkpt lon="12.492435" lat="41.890496"><ele>23.258856</ele><time>2025-03-20T10:32:09Z</time><extensions><speed>0.472477</speed><course>8.475723</course><hAcc>2.168961</hAcc><vAcc>0.756739</vAcc></extensions></trkpt>
      <trkpt lon="12.492436" lat="41.890501"><ele>23.248054</ele><time>2025-03-20T10:32:10Z</time><extensions><speed>0.547048</speed><course>9.379708</course><hAcc>2.180691</hAcc><vAcc>0.756739</vAcc></extensions></trkpt>
      <trkpt lon="12.492438" lat="41.890506"><ele>23.236747</ele><time>2025-03-20T10:32:11Z</time><extensions><speed>0.611018</speed><course>13.843541</course><hAcc>2.197172</hAcc><vAcc>0.756739</vAcc></extensions></trkpt>
      <trkpt lon="12.492440" lat="41.890512"><ele>23.227763</ele><time>2025-03-20T10:32:12Z</time><extensions><speed>0.721601</speed><course>20.874284</course><hAcc>2.216772</hAcc><vAcc>0.756739</vAcc></extensions></trkpt>
      <trkpt lon="12.492444" lat="41.890519"><ele>23.220381</ele><time>2025-03-20T10:32:13Z</time><extensions><speed>0.876720</speed><course>26.860391</course><hAcc>2.245111</hAcc><vAcc>0.756739</vAcc></extensions></trkpt>
      <trkpt lon="12.492451" lat="41.890526"><ele>23.215997</ele><time>2025-03-20T10:32:14Z</time><extensions><speed>1.004229</speed><course>39.171336</course><hAcc>2.274184</hAcc><vAcc>0.756739</vAcc></extensions></trkpt>
      <trkpt lon="12.492459" lat="41.890533"><ele>23.212677</ele><time>2025-03-20T10:32:15Z</time><extensions><speed>1.000140</speed><course>42.258343</course><hAcc>2.267147</hAcc><vAcc>0.756739</vAcc></extensions></trkpt>
      <trkpt lon="12.492467" lat="41.890539"><ele>23.212322</ele><time>2025-03-20T10:32:16Z</time><extensions><speed>0.898202</speed><course>43.304103</course><hAcc>2.272648</hAcc><vAcc>0.756739</vAcc></extensions></trkpt>
      <trkpt lon="12.492473" lat="41.890545"><ele>23.214297</ele><time>2025-03-20T10:32:17Z</time><extensions><speed>0.745832</speed><course>39.875701</course><hAcc>2.274663</hAcc><vAcc>0.756740</vAcc></extensions></trkpt>
      <trkpt lon="12.492479" lat="41.890550"><ele>23.218097</ele><time>2025-03-20T10:32:18Z</time><extensions><speed>0.739862</speed><course>39.960935</course><hAcc>2.274583</hAcc><vAcc>0.756741</vAcc></extensions></trkpt>
      <trkpt lon="12.492485" lat="41.890555"><ele>23.222852</ele><time>2025-03-20T10:32:19Z</time><extensions><speed>0.764259</speed><course>42.368797</course><hAcc>2.285250</hAcc><vAcc>0.756742</vAcc></extensions></trkpt>
      <trkpt lon="12.492491" lat="41.890560"><ele>23.227771</ele><time>2025-03-20T10:32:20Z</time><extensions><speed>0.761007</speed><course>45.595797</course><hAcc>2.307606</hAcc><vAcc>0.756744</vAcc></extensions></trkpt>
      <trkpt lon="12.492498" lat="41.890565"><ele>23.237500</ele><time>2025-03-20T10:32:21Z</time><extensions><speed>0.784622</speed><course>48.815342</course><hAcc>2.322042</hAcc><vAcc>0.756745</vAcc></extensions></trkpt>
      <trkpt lon="12.492506" lat="41.890569"><ele>23.244289</ele><time>2025-03-20T10:32:22Z</time><extensions><speed>0.855235</speed><course>50.188365</course><hAcc>2.321207</hAcc><vAcc>0.756747</vAcc></extensions></trkpt>
      <trkpt lon="12.492514" lat="41.890575"><ele>23.255128</ele><time>2025-03-20T10:32:23Z</time><extensions><speed>0.958212</speed><course>48.802893</course><hAcc>2.315320</hAcc><vAcc>0.756750</vAcc></extensions></trkpt>
      <trkpt lon="12.492523" lat="41.890581"><ele>23.265531</ele><time>2025-03-20T10:32:24Z</time><extensions><speed>1.028726</speed><course>44.912378</course><hAcc>2.313453</hAcc><vAcc>0.756753</vAcc></extensions></trkpt>
      <trkpt lon="12.492531" lat="41.890588"><ele>23.276686</ele><time>2025-03-20T10:32:25Z</time><extensions><speed>1.036501</speed><course>39.877502</course><hAcc>2.318896</hAcc><vAcc>0.756757</vAcc></extensions></trkpt>
      <trkpt lon="12.492538" lat="41.890595"><ele>23.288745</ele><time>2025-03-20T10:32:26Z</time><extensions><speed>0.939197</speed><course>36.109251</course><hAcc>2.336207</hAcc><vAcc>0.756762</vAcc></extensions></trkpt>
      <trkpt lon="12.492544" lat="41.890601"><ele>23.303104</ele><time>2025-03-20T10:32:27Z</time><extensions><speed>0.783144</speed><course>33.837069</course><hAcc>2.359442</hAcc><vAcc>0.756765</vAcc></extensions></trkpt>
      <trkpt lon="12.492549" lat="41.890606"><ele>23.316161</ele><time>2025-03-20T10:32:28Z</time><extensions><speed>0.567988</speed><course>34.829445</course><hAcc>2.385374</hAcc><vAcc>0.756760</vAcc></extensions></trkpt>
      <trkpt lon="12.492552" lat="41.890609"><ele>23.330651</ele><time>2025-03-20T10:32:29Z</time><extensions><speed>0.356652</speed><course>31.849346</course><hAcc>2.405323</hAcc><vAcc>0.756757</vAcc></extensions></trkpt>
      <trkpt lon="12.492553" lat="41.890612"><ele>23.344987</ele><time>2025-03-20T10:32:30Z</time><extensions><speed>0.197957</speed><course>15.987405</course><hAcc>2.428470</hAcc><vAcc>0.756755</vAcc></extensions></trkpt>
      <trkpt lon="12.492553" lat="41.890613"><ele>23.358859</ele><time>2025-03-20T10:32:31Z</time><extensions><speed>0.152763</speed><course>351.206858</course><hAcc>2.456431</hAcc><vAcc>0.756753</vAcc></extensions></trkpt>
      <trkpt lon="12.492553" lat="41.890614"><ele>23.372681</ele><time>2025-03-20T10:32:32Z</time><extensions><speed>0.159909</speed><course>338.682840</course><hAcc>2.493347</hAcc><vAcc>0.756752</vAcc></extensions></trkpt>
      <trkpt lon="12.492552" lat="41.890616"><ele>23.387127</ele><time>2025-03-20T10:32:33Z</time><extensions><speed>0.178844</speed><course>349.673163</course><hAcc>2.546156</hAcc><vAcc>0.756751</vAcc></extensions></trkpt>
      <trkpt lon="12.492552" lat="41.890617"><ele>23.400995</ele><time>2025-03-20T10:32:34Z</time><extensions><speed>0.162500</speed><course>355.891158</course><hAcc>2.616255</hAcc><vAcc>0.756750</vAcc></extensions></trkpt>
      <trkpt lon="12.492552" lat="41.890619"><ele>23.413821</ele><time>2025-03-20T10:32:35Z</time><extensions><speed>0.219498</speed><course>15.877457</course><hAcc>2.684350</hAcc><vAcc>0.756750</vAcc></extensions></trkpt>
      <trkpt lon="12.492553" lat="41.890621"><ele>23.426462</ele><time>2025-03-20T10:32:36Z</time><extensions><speed>0.306646</speed><course>25.700902</course><hAcc>2.757568</hAcc><vAcc>0.756749</vAcc></extensions></trkpt>
      <trkpt lon="12.492555" lat="41.890624"><ele>23.436769</ele><time>2025-03-20T10:32:37Z</time><extensions><speed>0.410524</speed><course>31.798999</course><hAcc>2.859410</hAcc><vAcc>0.756748</vAcc></extensions></trkpt>
      <trkpt lon="12.492559" lat="41.890627"><ele>23.447340</ele><time>2025-03-20T10:32:38Z</time><extensions><speed>0.501785</speed><course>35.712328</course><hAcc>3.024955</hAcc><vAcc>0.756748</vAcc></extensions></trkpt>
      <trkpt lon="12.492563" lat="41.890632"><ele>23.457051</ele><time>2025-03-20T10:32:39Z</time><extensions><speed>0.662723</speed><course>38.267735</course><hAcc>3.273472</hAcc><vAcc>0.756747</vAcc></extensions></trkpt>
      <trkpt lon="12.492569" lat="41.890637"><ele>23.465528</ele><time>2025-03-20T10:32:40Z</time><extensions><speed>0.840826</speed><course>39.596799</course><hAcc>3.619512</hAcc><vAcc>0.756746</vAcc></extensions></trkpt>
      <trkpt lon="12.492576" lat="41.890643"><ele>23.474120</ele><time>2025-03-20T10:32:41Z</time><extensions><speed>0.975461</speed><course>40.376843</course><hAcc>4.047008</hAcc><vAcc>0.756746</vAcc></extensions></trkpt>
      <trkpt lon="12.492584" lat="41.890650"><ele>23.482572</ele><time>2025-03-20T10:32:42Z</time><extensions><speed>1.071336</speed><course>40.777857</course><hAcc>4.523404</hAcc><vAcc>0.756745</vAcc></extensions></trkpt>
      <trkpt lon="12.492593" lat="41.890657"><ele>23.489543</ele><time>2025-03-20T10:32:43Z</time><extensions><speed>1.132801</speed><course>40.655696</course><hAcc>5.013071</hAcc><vAcc>0.756745</vAcc></extensions></trkpt>
      <trkpt lon="12.492602" lat="41.890665"><ele>23.494333</ele><time>2025-03-20T10:32:44Z</time><extensions><speed>1.182085</speed><course>40.697510</course><hAcc>5.505016</hAcc><vAcc>0.756745</vAcc></extensions></trkpt>
      <trkpt lon="12.492611" lat="41.890673"><ele>23.499224</ele><time>2025-03-20T10:32:45Z</time><extensions><speed>1.223697</speed><course>40.750132</course><hAcc>5.990717</hAcc><vAcc>0.756744</vAcc></extensions></trkpt>
      <trkpt lon="12.492621" lat="41.890682"><ele>23.508752</ele><time>2025-03-20T10:32:47Z</time><extensions><speed>1.260603</speed><course>40.797454</course><hAcc>6.463464</hAcc><vAcc>0.756744</vAcc></extensions></trkpt>
      <trkpt lon="12.492632" lat="41.890690"><ele>23.518181</ele><time>2025-03-20T10:32:48Z</time><extensions><speed>1.284170</speed><course>41.149911</course><hAcc>6.898013</hAcc><vAcc>0.756744</vAcc></extensions></trkpt>
      <trkpt lon="12.492642" lat="41.890699"><ele>23.530078</ele><time>2025-03-20T10:32:49Z</time><extensions><speed>1.302963</speed><course>41.156974</course><hAcc>7.293598</hAcc><vAcc>0.756743</vAcc></extensions></trkpt>
      <trkpt lon="12.492653" lat="41.890707"><ele>23.542455</ele><time>2025-03-20T10:32:50Z</time><extensions><speed>1.320831</speed><course>40.720117</course><hAcc>7.624053</hAcc><vAcc>0.756743</vAcc></extensions></trkpt>
      <trkpt lon="12.492665" lat="41.890715"><ele>23.553618</ele><time>2025-03-20T10:32:51Z</time><extensions><speed>1.328465</speed><course>40.604493</course><hAcc>7.869318</hAcc><vAcc>0.760451</vAcc></extensions></trkpt>
      <trkpt lon="12.492676" lat="41.890724"><ele>23.566281</ele><time>2025-03-20T10:32:52Z</time><extensions><speed>1.332846</speed><course>40.219635</course><hAcc>8.069588</hAcc><vAcc>0.765682</vAcc></extensions></trkpt>
      <trkpt lon="12.492686" lat="41.890733"><ele>23.581078</ele><time>2025-03-20T10:32:53Z</time><extensions><speed>1.335000</speed><course>39.391347</course><hAcc>8.238721</hAcc><vAcc>0.772545</vAcc></extensions></trkpt>
      <trkpt lon="12.492696" lat="41.890742"><ele>23.598024</ele><time>2025-03-20T10:32:54Z</time><extensions><speed>1.334309</speed><course>38.359129</course><hAcc>8.391264</hAcc><vAcc>0.781536</vAcc></extensions></trkpt>
      <trkpt lon="12.492707" lat="41.890751"><ele>23.616581</ele><time>2025-03-20T10:32:55Z</time><extensions><speed>1.325734</speed><course>38.637502</course><hAcc>8.520638</hAcc><vAcc>0.793377</vAcc></extensions></trkpt>
      <trkpt lon="12.492716" lat="41.890762"><ele>23.634979</ele><time>2025-03-20T10:32:56Z</time><extensions><speed>1.309632</speed><course>38.869493</course><hAcc>8.626256</hAcc><vAcc>0.808326</vAcc></extensions></trkpt>
      <trkpt lon="12.492725" lat="41.890771"><ele>23.653406</ele><time>2025-03-20T10:32:57Z</time><extensions><speed>1.288643</speed><course>39.786029</course><hAcc>8.715166</hAcc><vAcc>0.829766</vAcc></extensions></trkpt>
      <trkpt lon="12.492732" lat="41.890781"><ele>23.671082</ele><time>2025-03-20T10:32:58Z</time><extensions><speed>1.258138</speed><course>40.144112</course><hAcc>8.769213</hAcc><vAcc>0.859017</vAcc></extensions></trkpt>
      <trkpt lon="12.492739" lat="41.890791"><ele>23.688696</ele><time>2025-03-20T10:32:59Z</time><extensions><speed>1.223506</speed><course>39.321207</course><hAcc>8.747735</hAcc><vAcc>0.897988</vAcc></extensions></trkpt>
      <trkpt lon="12.492745" lat="41.890800"><ele>23.714037</ele><time>2025-03-20T10:33:00Z</time><extensions><speed>1.181841</speed><course>37.890015</course><hAcc>8.584410</hAcc><vAcc>0.948852</vAcc></extensions></trkpt>
      <trkpt lon="12.492780" lat="41.890807"><ele>23.947096</ele><time>2025-03-20T10:33:05Z</time><extensions><speed>0.881175</speed><course>48.429339</course><hAcc>8.437577</hAcc><vAcc>0.955099</vAcc></extensions></trkpt>
      <trkpt lon="12.492788" lat="41.890812"><ele>24.007076</ele><time>2025-03-20T10:33:06Z</time><extensions><speed>0.889240</speed><course>48.108521</course><hAcc>8.666182</hAcc><vAcc>0.920826</vAcc></extensions></trkpt>
      <trkpt lon="12.492796" lat="41.890818"><ele>24.068442</ele><time>2025-03-20T10:33:07Z</time><extensions><speed>0.898506</speed><course>47.422821</course><hAcc>8.705795</hAcc><vAcc>0.905615</vAcc></extensions></trkpt>
      <trkpt lon="12.492804" lat="41.890823"><ele>24.131185</ele><time>2025-03-20T10:33:08Z</time><extensions><speed>0.873154</speed><course>47.278433</course><hAcc>8.635300</hAcc><vAcc>0.909043</vAcc></extensions></trkpt>
      <trkpt lon="12.492812" lat="41.890828"><ele>24.194985</ele><time>2025-03-20T10:33:09Z</time><extensions><speed>0.824285</speed><course>47.559948</course><hAcc>8.529899</hAcc><vAcc>0.931231</vAcc></extensions></trkpt>
      <trkpt lon="12.492846" lat="41.890849"><ele>24.430097</ele><time>2025-03-20T10:33:12Z</time><extensions><speed>1.006365</speed><course>53.975396</course><hAcc>8.223036</hAcc><vAcc>0.910973</vAcc></extensions></trkpt>
      <trkpt lon="12.492856" lat="41.890854"><ele>24.482290</ele><time>2025-03-20T10:33:13Z</time><extensions><speed>0.959840</speed><course>56.595486</course><hAcc>8.035887</hAcc><vAcc>0.867882</vAcc></extensions></trkpt>
      <trkpt lon="12.492865" lat="41.890858"><ele>24.531221</ele><time>2025-03-20T10:33:14Z</time><extensions><speed>0.891093</speed><course>62.045572</course><hAcc>7.830040</hAcc><vAcc>0.835223</vAcc></extensions></trkpt>
      <trkpt lon="12.492874" lat="41.890861"><ele>24.575964</ele><time>2025-03-20T10:33:15Z</time><extensions><speed>0.811718</speed><course>71.248914</course><hAcc>7.604975</hAcc><vAcc>0.810866</vAcc></extensions></trkpt>
      <trkpt lon="12.492884" lat="41.890863"><ele>24.615730</ele><time>2025-03-20T10:33:16Z</time><extensions><speed>0.760536</speed><course>84.293991</course><hAcc>7.372975</hAcc><vAcc>0.792922</vAcc></extensions></trkpt>
      <trkpt lon="12.492893" lat="41.890863"><ele>24.649954</ele><time>2025-03-20T10:33:17Z</time><extensions><speed>0.756649</speed><course>99.127055</course><hAcc>7.149318</hAcc><vAcc>0.779800</vAcc></extensions></trkpt>
      <trkpt lon="12.492902" lat="41.890861"><ele>24.678245</ele><time>2025-03-20T10:33:18Z</time><extensions><speed>0.799153</speed><course>112.814012</course><hAcc>6.949710</hAcc><vAcc>0.770225</vAcc></extensions></trkpt>
      <trkpt lon="12.492910" lat="41.890857"><ele>24.700434</ele><time>2025-03-20T10:33:19Z</time><extensions><speed>0.861745</speed><course>123.795133</course><hAcc>6.786219</hAcc><vAcc>0.763216</vAcc></extensions></trkpt>
      <trkpt lon="12.492919" lat="41.890853"><ele>24.716517</ele><time>2025-03-20T10:33:20Z</time><extensions><speed>0.926160</speed><course>124.142538</course><hAcc>6.656650</hAcc><vAcc>0.758040</vAcc></extensions></trkpt>
      <trkpt lon="12.492929" lat="41.890848"><ele>24.726639</ele><time>2025-03-20T10:33:21Z</time><extensions><speed>0.988222</speed><course>127.027630</course><hAcc>6.536093</hAcc><vAcc>0.754167</vAcc></extensions></trkpt>
      <trkpt lon="12.492938" lat="41.890842"><ele>24.731278</ele><time>2025-03-20T10:33:22Z</time><extensions><speed>0.998083</speed><course>130.114379</course><hAcc>6.414434</hAcc><vAcc>0.751223</vAcc></extensions></trkpt>
      <trkpt lon="12.492947" lat="41.890836"><ele>24.731260</ele><time>2025-03-20T10:33:23Z</time><extensions><speed>0.948034</speed><course>134.733797</course><hAcc>6.294212</hAcc><vAcc>0.748949</vAcc></extensions></trkpt>
      <trkpt lon="12.492954" lat="41.890830"><ele>24.727588</ele><time>2025-03-20T10:33:24Z</time><extensions><speed>0.868886</speed><course>142.445297</course><hAcc>6.183840</hAcc><vAcc>0.747167</vAcc></extensions></trkpt>
      <trkpt lon="12.492960" lat="41.890824"><ele>24.721312</ele><time>2025-03-20T10:33:25Z</time><extensions><speed>0.820624</speed><course>146.426077</course><hAcc>6.096485</hAcc><vAcc>0.745758</vAcc></extensions></trkpt>
      <trkpt lon="12.492965" lat="41.890818"><ele>24.713459</ele><time>2025-03-20T10:33:26Z</time><extensions><speed>0.768736</speed><course>147.350801</course><hAcc>6.042305</hAcc><vAcc>0.744641</vAcc></extensions></trkpt>
      <trkpt lon="12.492970" lat="41.890812"><ele>24.704969</ele><time>2025-03-20T10:33:27Z</time><extensions><speed>0.699635</speed><course>145.545736</course><hAcc>6.013376</hAcc><vAcc>0.743761</vAcc></extensions></trkpt>
      <trkpt lon="12.492975" lat="41.890807"><ele>24.696661</ele><time>2025-03-20T10:33:28Z</time><extensions><speed>0.686017</speed><course>141.245465</course><hAcc>5.979732</hAcc><vAcc>0.743083</vAcc></extensions></trkpt>
      <trkpt lon="12.492981" lat="41.890803"><ele>24.689242</ele><time>2025-03-20T10:33:29Z</time><extensions><speed>0.714548</speed><course>135.199633</course><hAcc>5.932100</hAcc><vAcc>0.742584</vAcc></extensions></trkpt>
      <trkpt lon="12.492987" lat="41.890798"><ele>24.683314</ele><time>2025-03-20T10:33:30Z</time><extensions><speed>0.777209</speed><course>128.325075</course><hAcc>5.873364</hAcc><vAcc>0.742247</vAcc></extensions></trkpt>
      <trkpt lon="12.492995" lat="41.890794"><ele>24.679364</ele><time>2025-03-20T10:33:31Z</time><extensions><speed>0.870293</speed><course>121.513121</course><hAcc>5.806255</hAcc><vAcc>0.742064</vAcc></extensions></trkpt>
      <trkpt lon="12.493005" lat="41.890790"><ele>24.677785</ele><time>2025-03-20T10:33:32Z</time><extensions><speed>0.982452</speed><course>115.494994</course><hAcc>5.734992</hAcc><vAcc>0.742030</vAcc></extensions></trkpt>
      <trkpt lon="12.493017" lat="41.890786"><ele>24.678882</ele><time>2025-03-20T10:33:33Z</time><extensions><speed>1.093154</speed><course>110.582981</course><hAcc>5.668890</hAcc><vAcc>0.742145</vAcc></extensions></trkpt>
      <trkpt lon="12.493030" lat="41.890783"><ele>24.682820</ele><time>2025-03-20T10:33:34Z</time><extensions><speed>1.178529</speed><course>106.514741</course><hAcc>5.622335</hAcc><vAcc>0.742407</vAcc></extensions></trkpt>
      <trkpt lon="12.493044" lat="41.890780"><ele>24.689582</ele><time>2025-03-20T10:33:35Z</time><extensions><speed>1.213470</speed><course>102.798105</course><hAcc>5.611954</hAcc><vAcc>0.742816</vAcc></extensions></trkpt>
      <trkpt lon="12.493058" lat="41.890778"><ele>24.698967</ele><time>2025-03-20T10:33:36Z</time><extensions><speed>1.173026</speed><course>98.809422</course><hAcc>5.644184</hAcc><vAcc>0.743369</vAcc></extensions></trkpt>
      <trkpt lon="12.493071" lat="41.890777"><ele>24.710600</ele><time>2025-03-20T10:33:37Z</time><extensions><speed>1.058888</speed><course>93.923153</course><hAcc>5.685350</hAcc><vAcc>0.744057</vAcc></extensions></trkpt>
      <trkpt lon="12.493083" lat="41.890777"><ele>24.723941</ele><time>2025-03-20T10:33:38Z</time><extensions><speed>0.983179</speed><course>91.195895</course><hAcc>5.670005</hAcc><vAcc>0.744865</vAcc></extensions></trkpt>
      <trkpt lon="12.493095" lat="41.890777"><ele>24.738295</ele><time>2025-03-20T10:33:39Z</time><extensions><speed>0.880216</speed><course>93.011172</course><hAcc>5.614420</hAcc><vAcc>0.745767</vAcc></extensions></trkpt>
      <trkpt lon="12.493104" lat="41.890776"><ele>24.752866</ele><time>2025-03-20T10:33:40Z</time><extensions><speed>0.739623</speed><course>100.996353</course><hAcc>5.550447</hAcc><vAcc>0.746733</vAcc></extensions></trkpt>
      <trkpt lon="12.493112" lat="41.890774"><ele>24.766826</ele><time>2025-03-20T10:33:41Z</time><extensions><speed>0.677437</speed><course>111.421395</course><hAcc>5.507748</hAcc><vAcc>0.747727</vAcc></extensions></trkpt>
      <trkpt lon="12.493120" lat="41.890771"><ele>24.779345</ele><time>2025-03-20T10:33:42Z</time><extensions><speed>0.651355</speed><course>123.669147</course><hAcc>5.510869</hAcc><vAcc>0.748721</vAcc></extensions></trkpt>
      <trkpt lon="12.493126" lat="41.890767"><ele>24.789615</ele><time>2025-03-20T10:33:43Z</time><extensions><speed>0.657398</speed><course>136.391815</course><hAcc>5.568177</hAcc><vAcc>0.749712</vAcc></extensions></trkpt>
      <trkpt lon="12.493130" lat="41.890763"><ele>24.796891</ele><time>2025-03-20T10:33:44Z</time><extensions><speed>0.689429</speed><course>147.959065</course><hAcc>5.674389</hAcc><vAcc>0.750754</vAcc></extensions></trkpt>
      <trkpt lon="12.493134" lat="41.890757"><ele>24.800511</ele><time>2025-03-20T10:33:45Z</time><extensions><speed>0.730782</speed><course>157.506239</course><hAcc>5.819797</hAcc><vAcc>0.752006</vAcc></extensions></trkpt>
      <trkpt lon="12.493137" lat="41.890751"><ele>24.799957</ele><time>2025-03-20T10:33:46Z</time><extensions><speed>0.762649</speed><course>164.958171</course><hAcc>5.997065</hAcc><vAcc>0.753803</vAcc></extensions></trkpt>
      <trkpt lon="12.493139" lat="41.890744"><ele>24.794897</ele><time>2025-03-20T10:33:47Z</time><extensions><speed>0.765622</speed><course>170.354157</course><hAcc>6.204306</hAcc><vAcc>0.756752</vAcc></extensions></trkpt>
      <trkpt lon="12.493142" lat="41.890736"><ele>24.781845</ele><time>2025-03-20T10:33:48Z</time><extensions><speed>0.755867</speed><course>172.179706</course><hAcc>6.372575</hAcc><vAcc>0.759098</vAcc></extensions></trkpt>
      <trkpt lon="12.493143" lat="41.890728"><ele>24.764222</ele><time>2025-03-20T10:33:49Z</time><extensions><speed>0.725556</speed><course>174.882328</course><hAcc>6.539952</hAcc><vAcc>0.762140</vAcc></extensions></trkpt>
      <trkpt lon="12.493143" lat="41.890721"><ele>24.742020</ele><time>2025-03-20T10:33:50Z</time><extensions><speed>0.674878</speed><course>175.314525</course><hAcc>6.713373</hAcc><vAcc>0.765932</vAcc></extensions></trkpt>
      <trkpt lon="12.493144" lat="41.890714"><ele>24.715965</ele><time>2025-03-20T10:33:51Z</time><extensions><speed>0.625721</speed><course>174.532994</course><hAcc>6.886559</hAcc><vAcc>0.770681</vAcc></extensions></trkpt>
      <trkpt lon="12.493144" lat="41.890708"><ele>24.686749</ele><time>2025-03-20T10:33:52Z</time><extensions><speed>0.578281</speed><course>172.707284</course><hAcc>7.053056</hAcc><vAcc>0.776757</vAcc></extensions></trkpt>
      <trkpt lon="12.493145" lat="41.890703"><ele>24.655136</ele><time>2025-03-20T10:33:53Z</time><extensions><speed>0.530902</speed><course>171.516606</course><hAcc>7.206225</hAcc><vAcc>0.784719</vAcc></extensions></trkpt>
      <trkpt lon="12.493146" lat="41.890697"><ele>24.621721</ele><time>2025-03-20T10:33:54Z</time><extensions><speed>0.480013</speed><course>171.569370</course><hAcc>7.333942</hAcc><vAcc>0.795362</vAcc></extensions></trkpt>
      <trkpt lon="12.493147" lat="41.890693"><ele>24.587659</ele><time>2025-03-20T10:33:55Z</time><extensions><speed>0.417966</speed><course>171.647284</course><hAcc>7.415710</hAcc><vAcc>0.809783</vAcc></extensions></trkpt>
      <trkpt lon="12.493150" lat="41.890687"><ele>24.553673</ele><time>2025-03-20T10:33:56Z</time><extensions><speed>0.363169</speed><course>168.894800</course><hAcc>7.404794</hAcc><vAcc>0.829438</vAcc></extensions></trkpt>
      <trkpt lon="12.493153" lat="41.890683"><ele>24.520267</ele><time>2025-03-20T10:33:57Z</time><extensions><speed>0.280705</speed><course>166.675105</course><hAcc>7.240588</hAcc><vAcc>0.856181</vAcc></extensions></trkpt>
      <trkpt lon="12.493161" lat="41.890673"><ele>24.434413</ele><time>2025-03-20T10:34:00Z</time><extensions><speed>0.294593</speed><course>161.478568</course><hAcc>6.212137</hAcc><vAcc>0.835792</vAcc></extensions></trkpt>
      <trkpt lon="12.493162" lat="41.890671"><ele>24.415429</ele><time>2025-03-20T10:34:01Z</time><extensions><speed>0.147230</speed><course>161.054231</course><hAcc>6.323234</hAcc><vAcc>0.809341</vAcc></extensions></trkpt>
      <trkpt lon="12.493162" lat="41.890670"><ele>24.398347</ele><time>2025-03-20T10:34:02Z</time><extensions><speed>0.096453</speed><course>157.582493</course><hAcc>6.294610</hAcc><vAcc>0.790514</vAcc></extensions></trkpt>
      <trkpt lon="12.493163" lat="41.890669"><ele>24.383180</ele><time>2025-03-20T10:34:03Z</time><extensions><speed>0.101732</speed><course>151.913712</course><hAcc>6.175206</hAcc><vAcc>0.777293</vAcc></extensions></trkpt>
      <trkpt lon="12.493164" lat="41.890668"><ele>24.369886</ele><time>2025-03-20T10:34:04Z</time><extensions><speed>0.104021</speed><course>146.314624</course><hAcc>6.028473</hAcc><vAcc>0.768059</vAcc></extensions></trkpt>
      <trkpt lon="12.493164" lat="41.890667"><ele>24.358383</ele><time>2025-03-20T10:34:05Z</time><extensions><speed>0.105004</speed><course>140.863184</course><hAcc>5.891402</hAcc><vAcc>0.761582</vAcc></extensions></trkpt>
      <trkpt lon="12.493165" lat="41.890667"><ele>24.348563</ele><time>2025-03-20T10:34:06Z</time><extensions><speed>0.104051</speed><course>135.680168</course><hAcc>5.772061</hAcc><vAcc>0.756969</vAcc></extensions></trkpt>
      <trkpt lon="12.493166" lat="41.890666"><ele>24.340295</ele><time>2025-03-20T10:34:07Z</time><extensions><speed>0.098968</speed><course>130.260381</course><hAcc>5.672016</hAcc><vAcc>0.753600</vAcc></extensions></trkpt>
      <trkpt lon="12.493167" lat="41.890666"><ele>24.333430</ele><time>2025-03-20T10:34:08Z</time><extensions><speed>0.089247</speed><course>122.992348</course><hAcc>5.589887</hAcc><vAcc>0.751055</vAcc></extensions></trkpt>
      <trkpt lon="12.493168" lat="41.890665"><ele>24.327816</ele><time>2025-03-20T10:34:09Z</time><extensions><speed>0.063840</speed><course>121.380386</course><hAcc>5.526099</hAcc><vAcc>0.749064</vAcc></extensions></trkpt>
      <trkpt lon="12.493168" lat="41.890665"><ele>24.323315</ele><time>2025-03-20T10:34:10Z</time><extensions><speed>0.038034</speed><course>114.525343</course><hAcc>5.474831</hAcc><vAcc>0.747455</vAcc></extensions></trkpt>
      <trkpt lon="12.493169" lat="41.890665"><ele>24.319813</ele><time>2025-03-20T10:34:11Z</time><extensions><speed>0.014948</speed><course>80.382012</course><hAcc>5.430064</hAcc><vAcc>0.746124</vAcc></extensions></trkpt>
      <trkpt lon="12.493169" lat="41.890665"><ele>24.317227</ele><time>2025-03-20T10:34:12Z</time><extensions><speed>0.023249</speed><course>340.836175</course><hAcc>5.385117</hAcc><vAcc>0.745007</vAcc></extensions></trkpt>
      <trkpt lon="12.493168" lat="41.890665"><ele>24.315505</ele><time>2025-03-20T10:34:13Z</time><extensions><speed>0.059183</speed><course>321.237812</course><hAcc>5.319131</hAcc><vAcc>0.744066</vAcc></extensions></trkpt>
      <trkpt lon="12.493168" lat="41.890666"><ele>24.314628</ele><time>2025-03-20T10:34:14Z</time><extensions><speed>0.116661</speed><course>313.810756</course><hAcc>5.220735</hAcc><vAcc>0.743275</vAcc></extensions></trkpt>
      <trkpt lon="12.493166" lat="41.890667"><ele>24.314593</ele><time>2025-03-20T10:34:15Z</time><extensions><speed>0.182837</speed><course>308.652621</course><hAcc>5.121925</hAcc><vAcc>0.742617</vAcc></extensions></trkpt>
      <trkpt lon="12.493164" lat="41.890668"><ele>24.315401</ele><time>2025-03-20T10:34:16Z</time><extensions><speed>0.241173</speed><course>305.733771</course><hAcc>5.056365</hAcc><vAcc>0.742077</vAcc></extensions></trkpt>
      <trkpt lon="12.493162" lat="41.890669"><ele>24.317083</ele><time>2025-03-20T10:34:17Z</time><extensions><speed>0.268493</speed><course>302.840630</course><hAcc>5.021475</hAcc><vAcc>0.741645</vAcc></extensions></trkpt>
      <trkpt lon="12.493159" lat="41.890671"><ele>24.319648</ele><time>2025-03-20T10:34:18Z</time><extensions><speed>0.339509</speed><course>303.817836</course><hAcc>4.963135</hAcc><vAcc>0.741308</vAcc></extensions></trkpt>
      <trkpt lon="12.493155" lat="41.890673"><ele>24.323053</ele><time>2025-03-20T10:34:19Z</time><extensions><speed>0.378750</speed><course>305.918755</course><hAcc>4.903343</hAcc><vAcc>0.741058</vAcc></extensions></trkpt>
      <trkpt lon="12.493151" lat="41.890675"><ele>24.327222</ele><time>2025-03-20T10:34:20Z</time><extensions><speed>0.367486</speed><course>307.340382</course><hAcc>4.863801</hAcc><vAcc>0.740888</vAcc></extensions></trkpt>
      <trkpt lon="12.493148" lat="41.890677"><ele>24.332083</ele><time>2025-03-20T10:34:21Z</time><extensions><speed>0.339215</speed><course>312.723220</course><hAcc>4.816225</hAcc><vAcc>0.740795</vAcc></extensions></trkpt>
      <trkpt lon="12.493145" lat="41.890679"><ele>24.337576</ele><time>2025-03-20T10:34:22Z</time><extensions><speed>0.352300</speed><course>320.315140</course><hAcc>4.729871</hAcc><vAcc>0.740776</vAcc></extensions></trkpt>
      <trkpt lon="12.493143" lat="41.890681"><ele>24.343648</ele><time>2025-03-20T10:34:23Z</time><extensions><speed>0.351568</speed><course>326.802762</course><hAcc>4.631761</hAcc><vAcc>0.740832</vAcc></extensions></trkpt>
      <trkpt lon="12.493141" lat="41.890684"><ele>24.350243</ele><time>2025-03-20T10:34:24Z</time><extensions><speed>0.327749</speed><course>330.940128</course><hAcc>4.560276</hAcc><vAcc>0.740969</vAcc></extensions></trkpt>
      <trkpt lon="12.493139" lat="41.890686"><ele>24.357309</ele><time>2025-03-20T10:34:25Z</time><extensions><speed>0.269230</speed><course>336.487579</course><hAcc>4.529314</hAcc><vAcc>0.741194</vAcc></extensions></trkpt>
      <trkpt lon="12.493138" lat="41.890689"><ele>24.364817</ele><time>2025-03-20T10:34:26Z</time><extensions><speed>0.223777</speed><course>344.132216</course><hAcc>4.509171</hAcc><vAcc>0.741514</vAcc></extensions></trkpt>
      <trkpt lon="12.493138" lat="41.890690"><ele>24.372776</ele><time>2025-03-20T10:34:27Z</time><extensions><speed>0.193177</speed><course>353.678500</course><hAcc>4.484051</hAcc><vAcc>0.741938</vAcc></extensions></trkpt>
      <trkpt lon="12.493137" lat="41.890692"><ele>24.381217</ele><time>2025-03-20T10:34:28Z</time><extensions><speed>0.178927</speed><course>4.131100</course><hAcc>4.452032</hAcc><vAcc>0.742474</vAcc></extensions></trkpt>
      <trkpt lon="12.493138" lat="41.890694"><ele>24.390189</ele><time>2025-03-20T10:34:29Z</time><extensions><speed>0.175086</speed><course>14.057536</course><hAcc>4.419720</hAcc><vAcc>0.743126</vAcc></extensions></trkpt>
      <trkpt lon="12.493138" lat="41.890695"><ele>24.399747</ele><time>2025-03-20T10:34:30Z</time><extensions><speed>0.174924</speed><course>22.557727</course><hAcc>4.395569</hAcc><vAcc>0.743891</vAcc></extensions></trkpt>
      <trkpt lon="12.493139" lat="41.890697"><ele>24.409947</ele><time>2025-03-20T10:34:31Z</time><extensions><speed>0.175687</speed><course>29.283137</course><hAcc>4.384910</hAcc><vAcc>0.744758</vAcc></extensions></trkpt>
      <trkpt lon="12.493140" lat="41.890698"><ele>24.420829</ele><time>2025-03-20T10:34:32Z</time><extensions><speed>0.167875</speed><course>34.207353</course><hAcc>4.389873</hAcc><vAcc>0.745709</vAcc></extensions></trkpt>
      <trkpt lon="12.493142" lat="41.890699"><ele>24.432438</ele><time>2025-03-20T10:34:34Z</time><extensions><speed>0.166496</speed><course>37.496491</course><hAcc>4.399944</hAcc><vAcc>0.746705</vAcc></extensions></trkpt>
      <trkpt lon="12.493143" lat="41.890700"><ele>24.444778</ele><time>2025-03-20T10:34:35Z</time><extensions><speed>0.161049</speed><course>39.397319</course><hAcc>4.414489</hAcc><vAcc>0.747710</vAcc></extensions></trkpt>
      <trkpt lon="12.493144" lat="41.890701"><ele>24.457889</ele><time>2025-03-20T10:34:36Z</time><extensions><speed>0.163139</speed><course>40.378717</course><hAcc>4.422048</hAcc><vAcc>0.748712</vAcc></extensions></trkpt>
      <trkpt lon="12.493146" lat="41.890703"><ele>24.471783</ele><time>2025-03-20T10:34:37Z</time><extensions><speed>0.204766</speed><course>40.929933</course><hAcc>4.405822</hAcc><vAcc>0.749708</vAcc></extensions></trkpt>
      <trkpt lon="12.493148" lat="41.890704"><ele>24.486444</ele><time>2025-03-20T10:34:38Z</time><extensions><speed>0.279020</speed><course>41.331772</course><hAcc>4.378237</hAcc><vAcc>0.750753</vAcc></extensions></trkpt>
      <trkpt lon="12.493150" lat="41.890706"><ele>24.501823</ele><time>2025-03-20T10:34:39Z</time><extensions><speed>0.309485</speed><course>41.200835</course><hAcc>4.380770</hAcc><vAcc>0.752007</vAcc></extensions></trkpt>
      <trkpt lon="12.493152" lat="41.890708"><ele>24.517861</ele><time>2025-03-20T10:34:40Z</time><extensions><speed>0.326111</speed><course>41.304218</course><hAcc>4.414132</hAcc><vAcc>0.753806</vAcc></extensions></trkpt>
      <trkpt lon="12.493155" lat="41.890711"><ele>24.534477</ele><time>2025-03-20T10:34:41Z</time><extensions><speed>0.340980</speed><course>41.666164</course><hAcc>4.473494</hAcc><vAcc>0.756755</vAcc></extensions></trkpt>
      <trkpt lon="12.493159" lat="41.890714"><ele>24.553261</ele><time>2025-03-20T10:34:42Z</time><extensions><speed>0.332510</speed><course>42.749828</course><hAcc>4.509986</hAcc><vAcc>0.756752</vAcc></extensions></trkpt>
      <trkpt lon="12.493163" lat="41.890717"><ele>24.572230</ele><time>2025-03-20T10:34:43Z</time><extensions><speed>0.294831</speed><course>44.284228</course><hAcc>4.544581</hAcc><vAcc>0.756750</vAcc></extensions></trkpt>
      <trkpt lon="12.493167" lat="41.890719"><ele>24.593902</ele><time>2025-03-20T10:34:44Z</time><extensions><speed>0.323221</speed><course>46.032078</course><hAcc>4.553494</hAcc><vAcc>0.756749</vAcc></extensions></trkpt>
      <trkpt lon="12.493170" lat="41.890722"><ele>24.616596</ele><time>2025-03-20T10:34:45Z</time><extensions><speed>0.305588</speed><course>46.324205</course><hAcc>4.565313</hAcc><vAcc>0.756747</vAcc></extensions></trkpt>
      <trkpt lon="12.493174" lat="41.890726"><ele>24.639609</ele><time>2025-03-20T10:34:46Z</time><extensions><speed>0.357751</speed><course>46.393502</course><hAcc>4.556188</hAcc><vAcc>0.756746</vAcc></extensions></trkpt>
      <trkpt lon="12.493178" lat="41.890729"><ele>24.662749</ele><time>2025-03-20T10:34:47Z</time><extensions><speed>0.358823</speed><course>45.646370</course><hAcc>4.554143</hAcc><vAcc>0.756745</vAcc></extensions></trkpt>
      <trkpt lon="12.493181" lat="41.890732"><ele>24.685820</ele><time>2025-03-20T10:34:48Z</time><extensions><speed>0.395555</speed><course>44.653852</course><hAcc>4.548996</hAcc><vAcc>0.756743</vAcc></extensions></trkpt>
      <trkpt lon="12.493185" lat="41.890735"><ele>24.708622</ele><time>2025-03-20T10:34:49Z</time><extensions><speed>0.385311</speed><course>42.705622</course><hAcc>4.553674</hAcc><vAcc>0.756742</vAcc></extensions></trkpt>
      <trkpt lon="12.493189" lat="41.890739"><ele>24.730940</ele><time>2025-03-20T10:34:50Z</time><extensions><speed>0.389520</speed><course>40.609407</course><hAcc>4.559267</hAcc><vAcc>0.756742</vAcc></extensions></trkpt>
      <trkpt lon="12.493190" lat="41.890743"><ele>24.756300</ele><time>2025-03-20T10:34:51Z</time><extensions><speed>0.369211</speed><course>34.033496</course><hAcc>4.571102</hAcc><vAcc>0.756741</vAcc></extensions></trkpt>
      <trkpt lon="12.493191" lat="41.890748"><ele>24.782638</ele><time>2025-03-20T10:34:52Z</time><extensions><speed>0.351363</speed><course>26.473219</course><hAcc>4.576814</hAcc><vAcc>0.756741</vAcc></extensions></trkpt>
      <trkpt lon="12.493191" lat="41.890752"><ele>24.809073</ele><time>2025-03-20T10:34:53Z</time><extensions><speed>0.350103</speed><course>18.858792</course><hAcc>4.564571</hAcc><vAcc>0.756740</vAcc></extensions></trkpt>
      <trkpt lon="12.493191" lat="41.890756"><ele>24.836671</ele><time>2025-03-20T10:34:54Z</time><extensions><speed>0.372469</speed><course>12.124556</course><hAcc>4.537929</hAcc><vAcc>0.756740</vAcc></extensions></trkpt>
      <trkpt lon="12.493191" lat="41.890760"><ele>24.863462</ele><time>2025-03-20T10:34:55Z</time><extensions><speed>0.371063</speed><course>7.032412</course><hAcc>4.526357</hAcc><vAcc>0.756740</vAcc></extensions></trkpt>
      <trkpt lon="12.493190" lat="41.890764"><ele>24.891480</ele><time>2025-03-20T10:34:56Z</time><extensions><speed>0.305434</speed><course>358.969931</course><hAcc>4.547177</hAcc><vAcc>0.756740</vAcc></extensions></trkpt>
      <trkpt lon="12.493188" lat="41.890767"><ele>24.919080</ele><time>2025-03-20T10:34:57Z</time><extensions><speed>0.250038</speed><course>349.917814</course><hAcc>4.574169</hAcc><vAcc>0.756740</vAcc></extensions></trkpt>
      <trkpt lon="12.493186" lat="41.890769"><ele>24.946169</ele><time>2025-03-20T10:34:58Z</time><extensions><speed>0.218685</speed><course>340.331076</course><hAcc>4.576277</hAcc><vAcc>0.756740</vAcc></extensions></trkpt>
      <trkpt lon="12.493184" lat="41.890771"><ele>24.973023</ele><time>2025-03-20T10:34:59Z</time><extensions><speed>0.209837</speed><course>331.670236</course><hAcc>4.571725</hAcc><vAcc>0.756740</vAcc></extensions></trkpt>
      <trkpt lon="12.493182" lat="41.890773"><ele>24.997569</ele><time>2025-03-20T10:35:00Z</time><extensions><speed>0.211282</speed><course>324.718430</course><hAcc>4.565906</hAcc><vAcc>0.756740</vAcc></extensions></trkpt>
      <trkpt lon="12.493180" lat="41.890774"><ele>25.019638</ele><time>2025-03-20T10:35:01Z</time><extensions><speed>0.209770</speed><course>319.781947</course><hAcc>4.557172</hAcc><vAcc>0.756740</vAcc></extensions></trkpt>
      <trkpt lon="12.493178" lat="41.890776"><ele>25.039934</ele><time>2025-03-20T10:35:02Z</time><extensions><speed>0.238701</speed><course>314.289132</course><hAcc>4.531799</hAcc><vAcc>0.756740</vAcc></extensions></trkpt>
      <trkpt lon="12.493175" lat="41.890777"><ele>25.058222</ele><time>2025-03-20T10:35:03Z</time><extensions><speed>0.233223</speed><course>310.797112</course><hAcc>4.526527</hAcc><vAcc>0.756740</vAcc></extensions></trkpt>
      <trkpt lon="12.493172" lat="41.890779"><ele>25.073619</ele><time>2025-03-20T10:35:04Z</time><extensions><speed>0.226265</speed><course>308.100830</course><hAcc>4.536956</hAcc><vAcc>0.756740</vAcc></extensions></trkpt>
      <trkpt lon="12.493169" lat="41.890780"><ele>25.086499</ele><time>2025-03-20T10:35:05Z</time><extensions><speed>0.231330</speed><course>305.182557</course><hAcc>4.552269</hAcc><vAcc>0.756739</vAcc></extensions></trkpt>
      <trkpt lon="12.493166" lat="41.890782"><ele>25.097159</ele><time>2025-03-20T10:35:06Z</time><extensions><speed>0.241087</speed><course>299.935457</course><hAcc>4.584360</hAcc><vAcc>0.756740</vAcc></extensions></trkpt>
      <trkpt lon="12.493163" lat="41.890783"><ele>25.105297</ele><time>2025-03-20T10:35:07Z</time><extensions><speed>0.234255</speed><course>295.784600</course><hAcc>4.642465</hAcc><vAcc>0.756740</vAcc></extensions></trkpt>
      <trkpt lon="12.493160" lat="41.890784"><ele>25.111002</ele><time>2025-03-20T10:35:08Z</time><extensions><speed>0.195539</speed><course>293.011176</course><hAcc>4.700895</hAcc><vAcc>0.756740</vAcc></extensions></trkpt>
      <trkpt lon="12.493158" lat="41.890785"><ele>25.114459</ele><time>2025-03-20T10:35:09Z</time><extensions><speed>0.189953</speed><course>292.562503</course><hAcc>4.710844</hAcc><vAcc>0.756740</vAcc></extensions></trkpt>
      <trkpt lon="12.493155" lat="41.890786"><ele>25.115942</ele><time>2025-03-20T10:35:10Z</time><extensions><speed>0.183935</speed><course>293.715862</course><hAcc>4.702105</hAcc><vAcc>0.756740</vAcc></extensions></trkpt>
      <trkpt lon="12.493153" lat="41.890786"><ele>25.115796</ele><time>2025-03-20T10:35:11Z</time><extensions><speed>0.176802</speed><course>293.657123</course><hAcc>4.705648</hAcc><vAcc>0.756740</vAcc></extensions></trkpt>
      <trkpt lon="12.493151" lat="41.890787"><ele>25.114386</ele><time>2025-03-20T10:35:12Z</time><extensions><speed>0.150566</speed><course>294.590235</course><hAcc>4.724862</hAcc><vAcc>0.756740</vAcc></extensions></trkpt>
      <trkpt lon="12.493149" lat="41.890788"><ele>25.112048</ele><time>2025-03-20T10:35:13Z</time><extensions><speed>0.127300</speed><course>296.920581</course><hAcc>4.729633</hAcc><vAcc>0.756740</vAcc></extensions></trkpt>
      <trkpt lon="12.493148" lat="41.890789"><ele>25.109080</ele><time>2025-03-20T10:35:14Z</time><extensions><speed>0.107915</speed><course>299.240234</course><hAcc>4.714644</hAcc><vAcc>0.756740</vAcc></extensions></trkpt>
      <trkpt lon="12.493146" lat="41.890789"><ele>25.105734</ele><time>2025-03-20T10:35:15Z</time><extensions><speed>0.091356</speed><course>300.731782</course><hAcc>4.686851</hAcc><vAcc>0.756740</vAcc></extensions></trkpt>
      <trkpt lon="12.493145" lat="41.890790"><ele>25.102803</ele><time>2025-03-20T10:35:16Z</time><extensions><speed>0.074102</speed><course>302.716453</course><hAcc>4.655420</hAcc><vAcc>0.756740</vAcc></extensions></trkpt>
      <trkpt lon="12.493145" lat="41.890790"><ele>25.100744</ele><time>2025-03-20T10:35:17Z</time><extensions><speed>0.061700</speed><course>304.772041</course><hAcc>4.619806</hAcc><vAcc>0.756740</vAcc></extensions></trkpt>
      <trkpt lon="12.493144" lat="41.890791"><ele>25.099041</ele><time>2025-03-20T10:35:18Z</time><extensions><speed>0.051852</speed><course>306.391044</course><hAcc>4.586716</hAcc><vAcc>0.756740</vAcc></extensions></trkpt>
      <trkpt lon="12.493144" lat="41.890791"><ele>25.097428</ele><time>2025-03-20T10:35:19Z</time><extensions><speed>0.042836</speed><course>308.296445</course><hAcc>4.565242</hAcc><vAcc>0.756740</vAcc></extensions></trkpt>
      <trkpt lon="12.493143" lat="41.890791"><ele>25.096594</ele><time>2025-03-20T10:35:20Z</time><extensions><speed>0.031893</speed><course>312.510877</course><hAcc>4.554643</hAcc><vAcc>0.756740</vAcc></extensions></trkpt>
      <trkpt lon="12.493143" lat="41.890792"><ele>25.095919</ele><time>2025-03-20T10:35:21Z</time><extensions><speed>0.024429</speed><course>319.109262</course><hAcc>4.546648</hAcc><vAcc>0.756740</vAcc></extensions></trkpt>
      <trkpt lon="12.493143" lat="41.890792"><ele>25.096196</ele><time>2025-03-20T10:35:22Z</time><extensions><speed>0.018764</speed><course>329.302173</course><hAcc>4.540030</hAcc><vAcc>0.756740</vAcc></extensions></trkpt>
      <trkpt lon="12.493143" lat="41.890792"><ele>25.097802</ele><time>2025-03-20T10:35:23Z</time><extensions><speed>0.017255</speed><course>347.315055</course><hAcc>4.523259</hAcc><vAcc>0.756740</vAcc></extensions></trkpt>
      <trkpt lon="12.493144" lat="41.890792"><ele>25.100709</ele><time>2025-03-20T10:35:24Z</time><extensions><speed>0.022842</speed><course>7.642463</course><hAcc>4.501968</hAcc><vAcc>0.756740</vAcc></extensions></trkpt>
      <trkpt lon="12.493144" lat="41.890793"><ele>25.103018</ele><time>2025-03-20T10:35:25Z</time><extensions><speed>0.030189</speed><course>30.670411</course><hAcc>4.503579</hAcc><vAcc>0.756740</vAcc></extensions></trkpt>
      <trkpt lon="12.493145" lat="41.890793"><ele>25.106619</ele><time>2025-03-20T10:35:26Z</time><extensions><speed>0.040242</speed><course>48.249861</course><hAcc>4.551321</hAcc><vAcc>0.756740</vAcc></extensions></trkpt>
      <trkpt lon="12.493146" lat="41.890793"><ele>25.110726</ele><time>2025-03-20T10:35:27Z</time><extensions><speed>0.045665</speed><course>58.183035</course><hAcc>4.612018</hAcc><vAcc>0.756740</vAcc></extensions></trkpt>
      <trkpt lon="12.493147" lat="41.890793"><ele>25.115307</ele><time>2025-03-20T10:35:28Z</time><extensions><speed>0.062050</speed><course>64.706384</course><hAcc>4.650508</hAcc><vAcc>0.756740</vAcc></extensions></trkpt>
      <trkpt lon="12.493148" lat="41.890794"><ele>25.120817</ele><time>2025-03-20T10:35:29Z</time><extensions><speed>0.079857</speed><course>68.389510</course><hAcc>4.676071</hAcc><vAcc>0.756740</vAcc></extensions></trkpt>
      <trkpt lon="12.493149" lat="41.890794"><ele>25.126708</ele><time>2025-03-20T10:35:30Z</time><extensions><speed>0.094763</speed><course>70.931806</course><hAcc>4.706301</hAcc><vAcc>0.756740</vAcc></extensions></trkpt>
      <trkpt lon="12.493151" lat="41.890794"><ele>25.132856</ele><time>2025-03-20T10:35:31Z</time><extensions><speed>0.120213</speed><course>72.570403</course><hAcc>4.735665</hAcc><vAcc>0.756740</vAcc></extensions></trkpt>
      <trkpt lon="12.493153" lat="41.890795"><ele>25.139174</ele><time>2025-03-20T10:35:32Z</time><extensions><speed>0.139980</speed><course>73.779421</course><hAcc>4.778330</hAcc><vAcc>0.756740</vAcc></extensions></trkpt>
      <trkpt lon="12.493154" lat="41.890795"><ele>25.147294</ele><time>2025-03-20T10:35:33Z</time><extensions><speed>0.145786</speed><course>73.733213</course><hAcc>4.853212</hAcc><vAcc>0.756740</vAcc></extensions></trkpt>
      <trkpt lon="12.493156" lat="41.890796"><ele>25.157535</ele><time>2025-03-20T10:35:34Z</time><extensions><speed>0.128431</speed><course>72.614883</course><hAcc>4.962821</hAcc><vAcc>0.756740</vAcc></extensions></trkpt>
      <trkpt lon="12.493157" lat="41.890796"><ele>25.167042</ele><time>2025-03-20T10:35:35Z</time><extensions><speed>0.084451</speed><course>71.262685</course><hAcc>5.059010</hAcc><vAcc>0.756740</vAcc></extensions></trkpt>
      <trkpt lon="12.493158" lat="41.890797"><ele>25.173880</ele><time>2025-03-20T10:35:36Z</time><extensions><speed>0.079521</speed><course>68.983946</course><hAcc>5.083885</hAcc><vAcc>0.756740</vAcc></extensions></trkpt>
      <trkpt lon="12.493158" lat="41.890797"><ele>25.180140</ele><time>2025-03-20T10:35:37Z</time><extensions><speed>0.063412</speed><course>64.768564</course><hAcc>5.102943</hAcc><vAcc>0.756740</vAcc></extensions></trkpt>
      <trkpt lon="12.493158" lat="41.890797"><ele>25.185972</ele><time>2025-03-20T10:35:38Z</time><extensions><speed>0.051518</speed><course>57.073758</course><hAcc>5.104624</hAcc><vAcc>0.756740</vAcc></extensions></trkpt>
      <trkpt lon="12.493157" lat="41.890797"><ele>25.191142</ele><time>2025-03-20T10:35:39Z</time><extensions><speed>0.039487</speed><course>43.379053</course><hAcc>5.122111</hAcc><vAcc>0.756740</vAcc></extensions></trkpt>
      <trkpt lon="12.493157" lat="41.890797"><ele>25.195114</ele><time>2025-03-20T10:35:40Z</time><extensions><speed>0.023345</speed><course>5.315092</course><hAcc>5.163738</hAcc><vAcc>0.756740</vAcc></extensions></trkpt>
      <trkpt lon="12.493156" lat="41.890798"><ele>25.198604</ele><time>2025-03-20T10:35:41Z</time><extensions><speed>0.026259</speed><course>323.830628</course><hAcc>5.207569</hAcc><vAcc>0.756740</vAcc></extensions></trkpt>
      <trkpt lon="12.493155" lat="41.890798"><ele>25.200982</ele><time>2025-03-20T10:35:42Z</time><extensions><speed>0.037168</speed><course>306.798098</course><hAcc>5.225328</hAcc><vAcc>0.756740</vAcc></extensions></trkpt>
      <trkpt lon="12.493154" lat="41.890798"><ele>25.203313</ele><time>2025-03-20T10:35:43Z</time><extensions><speed>0.051973</speed><course>302.743753</course><hAcc>5.227638</hAcc><vAcc>0.756740</vAcc></extensions></trkpt>
      <trkpt lon="12.493153" lat="41.890798"><ele>25.203127</ele><time>2025-03-20T10:35:44Z</time><extensions><speed>0.067831</speed><course>297.840064</course><hAcc>5.236476</hAcc><vAcc>0.756740</vAcc></extensions></trkpt>
      <trkpt lon="12.493152" lat="41.890798"><ele>25.201841</ele><time>2025-03-20T10:35:45Z</time><extensions><speed>0.086744</speed><course>290.780913</course><hAcc>5.265443</hAcc><vAcc>0.756740</vAcc></extensions></trkpt>
      <trkpt lon="12.493151" lat="41.890799"><ele>25.199512</ele><time>2025-03-20T10:35:46Z</time><extensions><speed>0.099436</speed><course>285.107769</course><hAcc>5.332324</hAcc><vAcc>0.756740</vAcc></extensions></trkpt>
      <trkpt lon="12.493149" lat="41.890799"><ele>25.195323</ele><time>2025-03-20T10:35:46Z</time><extensions><speed>0.096045</speed><course>282.866683</course><hAcc>5.427150</hAcc><vAcc>0.756740</vAcc></extensions></trkpt>
      <trkpt lon="12.493148" lat="41.890799"><ele>25.190829</ele><time>2025-03-20T10:35:47Z</time><extensions><speed>0.084131</speed><course>279.848266</course><hAcc>5.521497</hAcc><vAcc>0.756740</vAcc></extensions></trkpt>
      <trkpt lon="12.493147" lat="41.890799"><ele>25.186012</ele><time>2025-03-20T10:35:48Z</time><extensions><speed>0.073375</speed><course>280.247100</course><hAcc>5.574240</hAcc><vAcc>0.756740</vAcc></extensions></trkpt>
      <trkpt lon="12.493146" lat="41.890799"><ele>25.181055</ele><time>2025-03-20T10:35:49Z</time><extensions><speed>0.062655</speed><course>281.885224</course><hAcc>5.601395</hAcc><vAcc>0.756740</vAcc></extensions></trkpt>
      <trkpt lon="12.493145" lat="41.890799"><ele>25.175397</ele><time>2025-03-20T10:35:50Z</time><extensions><speed>0.053777</speed><course>283.629439</course><hAcc>5.634165</hAcc><vAcc>0.756740</vAcc></extensions></trkpt>
      <trkpt lon="12.493144" lat="41.890799"><ele>25.170109</ele><time>2025-03-20T10:35:51Z</time><extensions><speed>0.041087</speed><course>283.215733</course><hAcc>5.663448</hAcc><vAcc>0.756740</vAcc></extensions></trkpt>
      <trkpt lon="12.493144" lat="41.890800"><ele>25.164868</ele><time>2025-03-20T10:35:52Z</time><extensions><speed>0.029770</speed><course>290.138664</course><hAcc>5.662251</hAcc><vAcc>0.756740</vAcc></extensions></trkpt>
      <trkpt lon="12.493144" lat="41.890800"><ele>25.159767</ele><time>2025-03-20T10:35:53Z</time><extensions><speed>0.016946</speed><course>321.357965</course><hAcc>5.657996</hAcc><vAcc>0.756740</vAcc></extensions></trkpt>
      <trkpt lon="12.493143" lat="41.890800"><ele>25.154913</ele><time>2025-03-20T10:35:54Z</time><extensions><speed>0.012001</speed><course>323.812026</course><hAcc>5.657994</hAcc><vAcc>0.756740</vAcc></extensions></trkpt>
      <trkpt lon="12.493143" lat="41.890800"><ele>25.150400</ele><time>2025-03-20T10:35:55Z</time><extensions><speed>0.011789</speed><course>12.119107</course><hAcc>5.638006</hAcc><vAcc>0.756740</vAcc></extensions></trkpt>
      <trkpt lon="12.493143" lat="41.890800"><ele>25.146308</ele><time>2025-03-20T10:35:56Z</time><extensions><speed>0.009040</speed><course>2.829804</course><hAcc>5.608418</hAcc><vAcc>0.756740</vAcc></extensions></trkpt>
      <trkpt lon="12.493143" lat="41.890800"><ele>25.142690</ele><time>2025-03-20T10:35:57Z</time><extensions><speed>0.008922</speed><course>346.584848</course><hAcc>5.555946</hAcc><vAcc>0.756740</vAcc></extensions></trkpt>
      <trkpt lon="12.493144" lat="41.890800"><ele>25.140090</ele><time>2025-03-20T10:35:58Z</time><extensions><speed>0.006766</speed><course>4.887848</course><hAcc>5.513747</hAcc><vAcc>0.756740</vAcc></extensions></trkpt>
      <trkpt lon="12.493145" lat="41.890800"><ele>25.138434</ele><time>2025-03-20T10:35:59Z</time><extensions><speed>0.005815</speed><course>42.415803</course><hAcc>5.491252</hAcc><vAcc>0.756740</vAcc></extensions></trkpt>
      <trkpt lon="12.493145" lat="41.890800"><ele>25.137556</ele><time>2025-03-20T10:36:00Z</time><extensions><speed>0.007091</speed><course>71.283471</course><hAcc>5.469839</hAcc><vAcc>0.756740</vAcc></extensions></trkpt>
      <trkpt lon="12.493145" lat="41.890800"><ele>25.136630</ele><time>2025-03-20T10:36:01Z</time><extensions><speed>0.009042</speed><course>88.562247</course><hAcc>5.466350</hAcc><vAcc>0.756740</vAcc></extensions></trkpt>
      <trkpt lon="12.493146" lat="41.890800"><ele>25.135781</ele><time>2025-03-20T10:36:02Z</time><extensions><speed>0.010868</speed><course>94.699185</course><hAcc>5.468930</hAcc><vAcc>0.756740</vAcc></extensions></trkpt>
      <trkpt lon="12.493146" lat="41.890800"><ele>25.134972</ele><time>2025-03-20T10:36:03Z</time><extensions><speed>0.012400</speed><course>98.548655</course><hAcc>5.468398</hAcc><vAcc>0.756740</vAcc></extensions></trkpt>
      <trkpt lon="12.493146" lat="41.890800"><ele>25.136099</ele><time>2025-03-20T10:36:04Z</time><extensions><speed>0.014682</speed><course>100.895355</course><hAcc>5.444562</hAcc><vAcc>0.756740</vAcc></extensions></trkpt>
      <trkpt lon="12.493146" lat="41.890800"><ele>25.138148</ele><time>2025-03-20T10:36:05Z</time><extensions><speed>0.015521</speed><course>102.036719</course><hAcc>5.425493</hAcc><vAcc>0.756740</vAcc></extensions></trkpt>
      <trkpt lon="12.493146" lat="41.890800"><ele>25.140727</ele><time>2025-03-20T10:36:06Z</time><extensions><speed>0.017713</speed><course>102.973805</course><hAcc>5.397737</hAcc><vAcc>0.756740</vAcc></extensions></trkpt>
      <trkpt lon="12.493146" lat="41.890800"><ele>25.143773</ele><time>2025-03-20T10:36:07Z</time><extensions><speed>0.021776</speed><course>103.839893</course><hAcc>5.366630</hAcc><vAcc>0.756740</vAcc></extensions></trkpt>
      <trkpt lon="12.493145" lat="41.890800"><ele>25.146447</ele><time>2025-03-20T10:36:08Z</time><extensions><speed>0.008628</speed><course>108.469082</course><hAcc>5.360295</hAcc><vAcc>0.756740</vAcc></extensions></trkpt>
      <trkpt lon="12.493144" lat="41.890800"><ele>25.148869</ele><time>2025-03-20T10:36:09Z</time><extensions><speed>0.006590</speed><course>274.843508</course><hAcc>5.368786</hAcc><vAcc>0.756740</vAcc></extensions></trkpt>
      <trkpt lon="12.493143" lat="41.890800"><ele>25.151200</ele><time>2025-03-20T10:36:10Z</time><extensions><speed>0.021097</speed><course>285.747456</course><hAcc>5.373642</hAcc><vAcc>0.756740</vAcc></extensions></trkpt>
      <trkpt lon="12.493143" lat="41.890800"><ele>25.153461</ele><time>2025-03-20T10:36:11Z</time><extensions><speed>0.035827</speed><course>290.365883</course><hAcc>5.394378</hAcc><vAcc>0.756740</vAcc></extensions></trkpt>
      <trkpt lon="12.493142" lat="41.890800"><ele>25.155730</ele><time>2025-03-20T10:36:12Z</time><extensions><speed>0.051333</speed><course>289.653974</course><hAcc>5.437668</hAcc><vAcc>0.756740</vAcc></extensions></trkpt>
      <trkpt lon="12.493141" lat="41.890801"><ele>25.166129</ele><time>2025-03-20T10:36:13Z</time><extensions><speed>0.060113</speed><course>289.853721</course><hAcc>5.520630</hAcc><vAcc>0.756740</vAcc></extensions></trkpt>
      <trkpt lon="12.493140" lat="41.890801"><ele>25.176040</ele><time>2025-03-20T10:36:14Z</time><extensions><speed>0.055748</speed><course>291.768249</course><hAcc>5.615775</hAcc><vAcc>0.756740</vAcc></extensions></trkpt>
      <trkpt lon="12.493139" lat="41.890801"><ele>25.186136</ele><time>2025-03-20T10:36:15Z</time><extensions><speed>0.066303</speed><course>285.422783</course><hAcc>5.676796</hAcc><vAcc>0.756740</vAcc></extensions></trkpt>
      <trkpt lon="12.493138" lat="41.890799"><ele>25.197026</ele><time>2025-03-20T10:36:16Z</time><extensions><speed>0.061655</speed><course>269.623202</course><hAcc>5.722549</hAcc><vAcc>0.756740</vAcc></extensions></trkpt>
      <trkpt lon="12.493138" lat="41.890798"><ele>25.208111</ele><time>2025-03-20T10:36:17Z</time><extensions><speed>0.056047</speed><course>249.169922</course><hAcc>5.754170</hAcc><vAcc>0.756740</vAcc></extensions></trkpt>
      <trkpt lon="12.493137" lat="41.890797"><ele>25.216876</ele><time>2025-03-20T10:36:18Z</time><extensions><speed>0.052564</speed><course>218.752447</course><hAcc>5.774107</hAcc><vAcc>0.756740</vAcc></extensions></trkpt>
      <trkpt lon="12.493136" lat="41.890796"><ele>25.226413</ele><time>2025-03-20T10:36:19Z</time><extensions><speed>0.063828</speed><course>196.610789</course><hAcc>5.791031</hAcc><vAcc>0.756740</vAcc></extensions></trkpt>
      <trkpt lon="12.493134" lat="41.890793"><ele>25.233640</ele><time>2025-03-20T10:36:20Z</time><extensions><speed>0.118097</speed><course>187.156214</course><hAcc>5.815015</hAcc><vAcc>0.756740</vAcc></extensions></trkpt>
      <trkpt lon="12.493134" lat="41.890789"><ele>25.237515</ele><time>2025-03-20T10:36:21Z</time><extensions><speed>0.187585</speed><course>180.780597</course><hAcc>5.874267</hAcc><vAcc>0.756740</vAcc></extensions></trkpt>
      <trkpt lon="12.493133" lat="41.890785"><ele>25.238244</ele><time>2025-03-20T10:36:22Z</time><extensions><speed>0.239323</speed><course>177.010462</course><hAcc>5.957765</hAcc><vAcc>0.756740</vAcc></extensions></trkpt>
      <trkpt lon="12.493133" lat="41.890781"><ele>25.234314</ele><time>2025-03-20T10:36:23Z</time><extensions><speed>0.321389</speed><course>176.394305</course><hAcc>6.029129</hAcc><vAcc>0.756740</vAcc></extensions></trkpt>
      <trkpt lon="12.493133" lat="41.890777"><ele>25.225024</ele><time>2025-03-20T10:36:24Z</time><extensions><speed>0.428494</speed><course>181.100562</course><hAcc>6.096963</hAcc><vAcc>0.756740</vAcc></extensions></trkpt>
      <trkpt lon="12.493132" lat="41.890772"><ele>25.209099</ele><time>2025-03-20T10:36:25Z</time><extensions><speed>0.536227</speed><course>182.720415</course><hAcc>6.174223</hAcc><vAcc>0.756740</vAcc></extensions></trkpt>
      <trkpt lon="12.493131" lat="41.890765"><ele>25.188295</ele><time>2025-03-20T10:36:26Z</time><extensions><speed>0.645068</speed><course>183.289429</course><hAcc>6.273041</hAcc><vAcc>0.756740</vAcc></extensions></trkpt>
      <trkpt lon="12.493130" lat="41.890759"><ele>25.161185</ele><time>2025-03-20T10:36:27Z</time><extensions><speed>0.736524</speed><course>184.758854</course><hAcc>6.404366</hAcc><vAcc>0.756740</vAcc></extensions></trkpt>
      <trkpt lon="12.493128" lat="41.890749"><ele>25.129647</ele><time>2025-03-20T10:36:28Z</time><extensions><speed>0.840500</speed><course>186.417424</course><hAcc>6.498769</hAcc><vAcc>0.756740</vAcc></extensions></trkpt>
      <trkpt lon="12.493124" lat="41.890739"><ele>25.090660</ele><time>2025-03-20T10:36:29Z</time><extensions><speed>0.923327</speed><course>188.864325</course><hAcc>6.601378</hAcc><vAcc>0.756742</vAcc></extensions></trkpt>
      <trkpt lon="12.493120" lat="41.890730"><ele>25.046975</ele><time>2025-03-20T10:36:30Z</time><extensions><speed>0.962829</speed><course>190.801135</course><hAcc>6.679634</hAcc><vAcc>0.756745</vAcc></extensions></trkpt>
      <trkpt lon="12.493119" lat="41.890720"><ele>24.998831</ele><time>2025-03-20T10:36:31Z</time><extensions><speed>0.964900</speed><course>190.243904</course><hAcc>6.731042</hAcc><vAcc>0.756748</vAcc></extensions></trkpt>
      <trkpt lon="12.493116" lat="41.890711"><ele>24.948073</ele><time>2025-03-20T10:36:32Z</time><extensions><speed>0.930868</speed><course>191.006797</course><hAcc>6.757207</hAcc><vAcc>0.756752</vAcc></extensions></trkpt>
      <trkpt lon="12.493117" lat="41.890704"><ele>24.895908</ele><time>2025-03-20T10:36:33Z</time><extensions><speed>0.846760</speed><course>189.292138</course><hAcc>6.764263</hAcc><vAcc>0.756756</vAcc></extensions></trkpt>
      <trkpt lon="12.493117" lat="41.890697"><ele>24.844287</ele><time>2025-03-20T10:36:34Z</time><extensions><speed>0.748675</speed><course>186.445430</course><hAcc>6.765600</hAcc><vAcc>0.756761</vAcc></extensions></trkpt>
      <trkpt lon="12.493121" lat="41.890692"><ele>24.793313</ele><time>2025-03-20T10:36:35Z</time><extensions><speed>0.632763</speed><course>181.170704</course><hAcc>6.683442</hAcc><vAcc>0.756768</vAcc></extensions></trkpt>
      <trkpt lon="12.493122" lat="41.890687"><ele>24.744295</ele><time>2025-03-20T10:36:36Z</time><extensions><speed>0.510335</speed><course>175.498379</course><hAcc>6.620111</hAcc><vAcc>0.756775</vAcc></extensions></trkpt>
      <trkpt lon="12.493126" lat="41.890683"><ele>24.697778</ele><time>2025-03-20T10:36:37Z</time><extensions><speed>0.377684</speed><course>166.139911</course><hAcc>6.549166</hAcc><vAcc>0.756786</vAcc></extensions></trkpt>
      <trkpt lon="12.493129" lat="41.890680"><ele>24.654265</ele><time>2025-03-20T10:36:38Z</time><extensions><speed>0.242104</speed><course>148.957480</course><hAcc>6.453517</hAcc><vAcc>0.756799</vAcc></extensions></trkpt>
      <trkpt lon="12.493132" lat="41.890679"><ele>24.614263</ele><time>2025-03-20T10:36:40Z</time><extensions><speed>0.240685</speed><course>118.478071</course><hAcc>6.280369</hAcc><vAcc>0.756805</vAcc></extensions></trkpt>
      <trkpt lon="12.493136" lat="41.890678"><ele>24.578238</ele><time>2025-03-20T10:36:41Z</time><extensions><speed>0.317556</speed><course>98.848686</course><hAcc>6.049743</hAcc><vAcc>0.756790</vAcc></extensions></trkpt>
      <trkpt lon="12.493141" lat="41.890677"><ele>24.545431</ele><time>2025-03-20T10:36:42Z</time><extensions><speed>0.403004</speed><course>90.057176</course><hAcc>5.796317</hAcc><vAcc>0.756779</vAcc></extensions></trkpt>
      <trkpt lon="12.493147" lat="41.890677"><ele>24.518046</ele><time>2025-03-20T10:36:43Z</time><extensions><speed>0.470421</speed><course>86.231920</course><hAcc>5.569135</hAcc><vAcc>0.756771</vAcc></extensions></trkpt>
      <trkpt lon="12.493153" lat="41.890677"><ele>24.493729</ele><time>2025-03-20T10:36:44Z</time><extensions><speed>0.484363</speed><course>84.765494</course><hAcc>5.410690</hAcc><vAcc>0.756765</vAcc></extensions></trkpt>
      <trkpt lon="12.493159" lat="41.890677"><ele>24.471666</ele><time>2025-03-20T10:36:45Z</time><extensions><speed>0.414636</speed><course>84.915549</course><hAcc>5.344638</hAcc><vAcc>0.756760</vAcc></extensions></trkpt>
      <trkpt lon="12.493163" lat="41.890677"><ele>24.453857</ele><time>2025-03-20T10:36:46Z</time><extensions><speed>0.264121</speed><course>87.657784</course><hAcc>5.337718</hAcc><vAcc>0.756756</vAcc></extensions></trkpt>
      <trkpt lon="12.493167" lat="41.890676"><ele>24.440588</ele><time>2025-03-20T10:36:47Z</time><extensions><speed>0.233494</speed><course>92.672338</course><hAcc>5.311553</hAcc><vAcc>0.756752</vAcc></extensions></trkpt>
      <trkpt lon="12.493170" lat="41.890675"><ele>24.429426</ele><time>2025-03-20T10:36:48Z</time><extensions><speed>0.195825</speed><course>103.918749</course><hAcc>5.280952</hAcc><vAcc>0.756749</vAcc></extensions></trkpt>
      <trkpt lon="12.493170" lat="41.890672"><ele>24.418361</ele><time>2025-03-20T10:36:49Z</time><extensions><speed>0.180084</speed><course>124.375116</course><hAcc>5.256131</hAcc><vAcc>0.756747</vAcc></extensions></trkpt>
      <trkpt lon="12.493171" lat="41.890670"><ele>24.407690</ele><time>2025-03-20T10:36:50Z</time><extensions><speed>0.205738</speed><course>142.895824</course><hAcc>5.238797</hAcc><vAcc>0.756744</vAcc></extensions></trkpt>
      <trkpt lon="12.493172" lat="41.890667"><ele>24.396865</ele><time>2025-03-20T10:36:51Z</time><extensions><speed>0.273513</speed><course>153.915600</course><hAcc>5.227833</hAcc><vAcc>0.756742</vAcc></extensions></trkpt>
      <trkpt lon="12.493174" lat="41.890664"><ele>24.382803</ele><time>2025-03-20T10:36:52Z</time><extensions><speed>0.371949</speed><course>158.200637</course><hAcc>5.237659</hAcc><vAcc>0.756741</vAcc></extensions></trkpt>
      <trkpt lon="12.493176" lat="41.890659"><ele>24.366968</ele><time>2025-03-20T10:36:53Z</time><extensions><speed>0.508205</speed><course>157.854496</course><hAcc>5.277090</hAcc><vAcc>0.756740</vAcc></extensions></trkpt>
      <trkpt lon="12.493179" lat="41.890653"><ele>24.349391</ele><time>2025-03-20T10:36:54Z</time><extensions><speed>0.639240</speed><course>159.783677</course><hAcc>5.353437</hAcc><vAcc>0.756738</vAcc></extensions></trkpt>
      <trkpt lon="12.493180" lat="41.890644"><ele>24.330407</ele><time>2025-03-20T10:36:55Z</time><extensions><speed>0.837175</speed><course>166.486280</course><hAcc>5.456499</hAcc><vAcc>0.756737</vAcc></extensions></trkpt>
      <trkpt lon="12.493181" lat="41.890634"><ele>24.308453</ele><time>2025-03-20T10:36:56Z</time><extensions><speed>1.015462</speed><course>172.062384</course><hAcc>5.575075</hAcc><vAcc>0.756737</vAcc></extensions></trkpt>
      <trkpt lon="12.493181" lat="41.890623"><ele>24.284110</ele><time>2025-03-20T10:36:57Z</time><extensions><speed>1.157268</speed><course>174.852770</course><hAcc>5.699270</hAcc><vAcc>0.756736</vAcc></extensions></trkpt>
      <trkpt lon="12.493182" lat="41.890610"><ele>24.259427</ele><time>2025-03-20T10:36:58Z</time><extensions><speed>1.244823</speed><course>175.430361</course><hAcc>5.815297</hAcc><vAcc>0.756736</vAcc></extensions></trkpt>
      <trkpt lon="12.493182" lat="41.890598"><ele>24.231816</ele><time>2025-03-20T10:36:59Z</time><extensions><speed>1.295733</speed><course>175.496802</course><hAcc>5.910460</hAcc><vAcc>0.756736</vAcc></extensions></trkpt>
      <trkpt lon="12.493182" lat="41.890585"><ele>24.201904</ele><time>2025-03-20T10:37:00Z</time><extensions><speed>1.339566</speed><course>175.910693</course><hAcc>5.974287</hAcc><vAcc>0.756736</vAcc></extensions></trkpt>
      <trkpt lon="12.493183" lat="41.890572"><ele>24.168832</ele><time>2025-03-20T10:37:01Z</time><extensions><speed>1.324924</speed><course>173.967637</course><hAcc>6.012016</hAcc><vAcc>0.756736</vAcc></extensions></trkpt>
      <trkpt lon="12.493184" lat="41.890560"><ele>24.135491</ele><time>2025-03-20T10:37:02Z</time><extensions><speed>1.299237</speed><course>173.032394</course><hAcc>6.017004</hAcc><vAcc>0.756736</vAcc></extensions></trkpt>
      <trkpt lon="12.493185" lat="41.890548"><ele>24.101598</ele><time>2025-03-20T10:37:03Z</time><extensions><speed>1.264649</speed><course>174.383849</course><hAcc>6.005895</hAcc><vAcc>0.756736</vAcc></extensions></trkpt>
      <trkpt lon="12.493184" lat="41.890535"><ele>24.066952</ele><time>2025-03-20T10:37:04Z</time><extensions><speed>1.222340</speed><course>178.648328</course><hAcc>5.985872</hAcc><vAcc>0.756736</vAcc></extensions></trkpt>
      <trkpt lon="12.493180" lat="41.890521"><ele>24.034428</ele><time>2025-03-20T10:37:05Z</time><extensions><speed>1.228919</speed><course>184.786324</course><hAcc>5.950741</hAcc><vAcc>0.756736</vAcc></extensions></trkpt>
      <trkpt lon="12.493174" lat="41.890508"><ele>24.002848</ele><time>2025-03-20T10:37:06Z</time><extensions><speed>1.227671</speed><course>191.284478</course><hAcc>5.903327</hAcc><vAcc>0.756736</vAcc></extensions></trkpt>
      <trkpt lon="12.493166" lat="41.890495"><ele>23.968858</ele><time>2025-03-20T10:37:07Z</time><extensions><speed>1.226344</speed><course>197.480089</course><hAcc>5.847794</hAcc><vAcc>0.756736</vAcc></extensions></trkpt>
      <trkpt lon="12.493158" lat="41.890483"><ele>23.934002</ele><time>2025-03-20T10:37:08Z</time><extensions><speed>1.232936</speed><course>203.841431</course><hAcc>5.790788</hAcc><vAcc>0.756736</vAcc></extensions></trkpt>
      <trkpt lon="12.493148" lat="41.890472"><ele>23.898509</ele><time>2025-03-20T10:37:09Z</time><extensions><speed>1.270874</speed><course>210.898818</course><hAcc>5.737934</hAcc><vAcc>0.756737</vAcc></extensions></trkpt>
      <trkpt lon="12.493137" lat="41.890461"><ele>23.862907</ele><time>2025-03-20T10:37:10Z</time><extensions><speed>1.319376</speed><course>217.032175</course><hAcc>5.696294</hAcc><vAcc>0.756737</vAcc></extensions></trkpt>
      <trkpt lon="12.493125" lat="41.890451"><ele>23.825732</ele><time>2025-03-20T10:37:11Z</time><extensions><speed>1.386047</speed><course>222.070179</course><hAcc>5.673778</hAcc><vAcc>0.756737</vAcc></extensions></trkpt>
      <trkpt lon="12.493111" lat="41.890441"><ele>23.789656</ele><time>2025-03-20T10:37:12Z</time><extensions><speed>1.507052</speed><course>226.138196</course><hAcc>5.679709</hAcc><vAcc>0.756737</vAcc></extensions></trkpt>
      <trkpt lon="12.493096" lat="41.890431"><ele>23.754624</ele><time>2025-03-20T10:37:13Z</time><extensions><speed>1.648196</speed><course>228.989623</course><hAcc>5.717154</hAcc><vAcc>0.756737</vAcc></extensions></trkpt>
      <trkpt lon="12.493079" lat="41.890421"><ele>23.721691</ele><time>2025-03-20T10:37:14Z</time><extensions><speed>1.749631</speed><course>231.350708</course><hAcc>5.790209</hAcc><vAcc>0.756737</vAcc></extensions></trkpt>
      <trkpt lon="12.493061" lat="41.890411"><ele>23.691638</ele><time>2025-03-20T10:37:15Z</time><extensions><speed>1.742012</speed><course>233.610145</course><hAcc>5.907943</hAcc><vAcc>0.756737</vAcc></extensions></trkpt>
      <trkpt lon="12.493043" lat="41.890402"><ele>23.659904</ele><time>2025-03-20T10:37:16Z</time><extensions><speed>1.647000</speed><course>235.814170</course><hAcc>6.071826</hAcc><vAcc>0.761409</vAcc></extensions></trkpt>
      <trkpt lon="12.493026" lat="41.890395"><ele>23.630475</ele><time>2025-03-20T10:37:17Z</time><extensions><speed>1.519100</speed><course>238.075330</course><hAcc>6.300483</hAcc><vAcc>0.770120</vAcc></extensions></trkpt>
      <trkpt lon="12.493011" lat="41.890388"><ele>23.602163</ele><time>2025-03-20T10:37:18Z</time><extensions><speed>1.366944</speed><course>240.476573</course><hAcc>6.594369</hAcc><vAcc>0.782988</vAcc></extensions></trkpt>
      <trkpt lon="12.492997" lat="41.890382"><ele>23.575338</ele><time>2025-03-20T10:37:19Z</time><extensions><speed>1.205640</speed><course>243.207632</course><hAcc>6.958215</hAcc><vAcc>0.801152</vAcc></extensions></trkpt>
      <trkpt lon="12.492984" lat="41.890378"><ele>23.550413</ele><time>2025-03-20T10:37:20Z</time><extensions><speed>1.055508</speed><course>246.330458</course><hAcc>7.382616</hAcc><vAcc>0.825761</vAcc></extensions></trkpt>
      <trkpt lon="12.492973" lat="41.890375"><ele>23.527429</ele><time>2025-03-20T10:37:21Z</time><extensions><speed>0.924061</speed><course>249.723465</course><hAcc>7.852263</hAcc><vAcc>0.857836</vAcc></extensions></trkpt>
      <trkpt lon="12.492963" lat="41.890372"><ele>23.506398</ele><time>2025-03-20T10:37:22Z</time><extensions><speed>0.818430</speed><course>253.143699</course><hAcc>8.330482</hAcc><vAcc>0.898165</vAcc></extensions></trkpt>
      <trkpt lon="12.492953" lat="41.890370"><ele>23.487179</ele><time>2025-03-20T10:37:23Z</time><extensions><speed>0.735316</speed><course>256.379431</course><hAcc>8.763075</hAcc><vAcc>0.947282</vAcc></extensions></trkpt>
      <trkpt lon="12.492945" lat="41.890369"><ele>23.467723</ele><time>2025-03-20T10:37:24Z</time><extensions><speed>0.670597</speed><course>258.383267</course><hAcc>9.075875</hAcc><vAcc>1.005520</vAcc></extensions></trkpt>
      <trkpt lon="12.492937" lat="41.890367"><ele>23.447793</ele><time>2025-03-20T10:37:25Z</time><extensions><speed>0.604858</speed><course>260.191648</course><hAcc>9.161893</hAcc><vAcc>1.073116</vAcc></extensions></trkpt>
      <trkpt lon="12.492764" lat="41.890362"><ele>23.359775</ele><time>2025-03-20T10:37:39Z</time><extensions><speed>0.669027</speed><course>268.572551</course><hAcc>9.293421</hAcc><vAcc>1.029444</vAcc></extensions></trkpt>
      <trkpt lon="12.492757" lat="41.890362"><ele>23.365822</ele><time>2025-03-20T10:37:40Z</time><extensions><speed>0.486634</speed><course>270.230590</course><hAcc>9.360845</hAcc><vAcc>0.966689</vAcc></extensions></trkpt>
      <trkpt lon="12.492751" lat="41.890362"><ele>23.371691</ele><time>2025-03-20T10:37:41Z</time><extensions><speed>0.390374</speed><course>271.657720</course><hAcc>9.284455</hAcc><vAcc>0.914904</vAcc></extensions></trkpt>
      <trkpt lon="12.492747" lat="41.890362"><ele>23.377490</ele><time>2025-03-20T10:37:42Z</time><extensions><speed>0.321517</speed><course>272.439757</course><hAcc>9.164713</hAcc><vAcc>0.873033</vAcc></extensions></trkpt>
      <trkpt lon="12.492744" lat="41.890362"><ele>23.383324</ele><time>2025-03-20T10:37:43Z</time><extensions><speed>0.247679</speed><course>272.291649</course><hAcc>9.054585</hAcc><vAcc>0.839874</vAcc></extensions></trkpt>
      <trkpt lon="12.492741" lat="41.890362"><ele>23.389286</ele><time>2025-03-20T10:37:44Z</time><extensions><speed>0.211031</speed><course>272.481397</course><hAcc>8.945761</hAcc><vAcc>0.814144</vAcc></extensions></trkpt>
      <trkpt lon="12.492738" lat="41.890363"><ele>23.395437</ele><time>2025-03-20T10:37:45Z</time><extensions><speed>0.209293</speed><course>273.267886</course><hAcc>8.818212</hAcc><vAcc>0.794560</vAcc></extensions></trkpt>
      <trkpt lon="12.492736" lat="41.890363"><ele>23.401788</ele><time>2025-03-20T10:37:46Z</time><extensions><speed>0.237944</speed><course>274.765824</course><hAcc>8.656026</hAcc><vAcc>0.779917</vAcc></extensions></trkpt>
      <trkpt lon="12.492732" lat="41.890363"><ele>23.408296</ele><time>2025-03-20T10:37:47Z</time><extensions><speed>0.303417</speed><course>276.877498</course><hAcc>8.442396</hAcc><vAcc>0.769138</vAcc></extensions></trkpt>
      <trkpt lon="12.492728" lat="41.890363"><ele>23.414872</ele><time>2025-03-20T10:37:48Z</time><extensions><speed>0.377802</speed><course>277.903688</course><hAcc>8.187497</hAcc><vAcc>0.761305</vAcc></extensions></trkpt>
      <trkpt lon="12.492723" lat="41.890364"><ele>23.421419</ele><time>2025-03-20T10:37:49Z</time><extensions><speed>0.446702</speed><course>277.607773</course><hAcc>7.923755</hAcc><vAcc>0.755668</vAcc></extensions></trkpt>
      <trkpt lon="12.492718" lat="41.890364"><ele>23.427861</ele><time>2025-03-20T10:37:50Z</time><extensions><speed>0.485389</speed><course>276.811364</course><hAcc>7.690579</hAcc><vAcc>0.751635</vAcc></extensions></trkpt>
      <trkpt lon="12.492712" lat="41.890365"><ele>23.434123</ele><time>2025-03-20T10:37:51Z</time><extensions><speed>0.471472</speed><course>276.050616</course><hAcc>7.520449</hAcc><vAcc>0.748753</vAcc></extensions></trkpt>
      <trkpt lon="12.492707" lat="41.890365"><ele>23.440122</ele><time>2025-03-20T10:37:52Z</time><extensions><speed>0.405721</speed><course>272.958707</course><hAcc>7.413936</hAcc><vAcc>0.746685</vAcc></extensions></trkpt>
      <trkpt lon="12.492702" lat="41.890365"><ele>23.445766</ele><time>2025-03-20T10:37:53Z</time><extensions><speed>0.385490</speed><course>270.140726</course><hAcc>7.316259</hAcc><vAcc>0.745188</vAcc></extensions></trkpt>
      <trkpt lon="12.492697" lat="41.890365"><ele>23.450953</ele><time>2025-03-20T10:37:54Z</time><extensions><speed>0.411707</speed><course>268.224733</course><hAcc>7.200206</hAcc><vAcc>0.744088</vAcc></extensions></trkpt>
      <trkpt lon="12.492692" lat="41.890365"><ele>23.455572</ele><time>2025-03-20T10:37:55Z</time><extensions><speed>0.415805</speed><course>267.131478</course><hAcc>7.089602</hAcc><vAcc>0.743267</vAcc></extensions></trkpt>
      <trkpt lon="12.492688" lat="41.890365"><ele>23.459512</ele><time>2025-03-20T10:37:56Z</time><extensions><speed>0.367341</speed><course>266.227256</course><hAcc>7.011233</hAcc><vAcc>0.742644</vAcc></extensions></trkpt>
      <trkpt lon="12.492683" lat="41.890365"><ele>23.462683</ele><time>2025-03-20T10:37:57Z</time><extensions><speed>0.325988</speed><course>265.527364</course><hAcc>6.952396</hAcc><vAcc>0.742167</vAcc></extensions></trkpt>
      <trkpt lon="12.492680" lat="41.890364"><ele>23.465020</ele><time>2025-03-20T10:37:58Z</time><extensions><speed>0.300594</speed><course>264.973757</course><hAcc>6.899639</hAcc><vAcc>0.741804</vAcc></extensions></trkpt>
      <trkpt lon="12.492676" lat="41.890364"><ele>23.466483</ele><time>2025-03-20T10:37:59Z</time><extensions><speed>0.282462</speed><course>264.525706</course><hAcc>6.852836</hAcc><vAcc>0.741534</vAcc></extensions></trkpt>
      <trkpt lon="12.492673" lat="41.890364"><ele>23.467053</ele><time>2025-03-20T10:38:00Z</time><extensions><speed>0.263140</speed><course>264.134237</course><hAcc>6.815608</hAcc><vAcc>0.741347</vAcc></extensions></trkpt>
      <trkpt lon="12.492670" lat="41.890364"><ele>23.466732</ele><time>2025-03-20T10:38:01Z</time><extensions><speed>0.247315</speed><course>263.756601</course><hAcc>6.787687</hAcc><vAcc>0.741242</vAcc></extensions></trkpt>
      <trkpt lon="12.492667" lat="41.890363"><ele>23.465540</ele><time>2025-03-20T10:38:02Z</time><extensions><speed>0.225697</speed><course>263.335866</course><hAcc>6.765617</hAcc><vAcc>0.741218</vAcc></extensions></trkpt>
      <trkpt lon="12.492664" lat="41.890363"><ele>23.463519</ele><time>2025-03-20T10:38:03Z</time><extensions><speed>0.231925</speed><course>262.823318</course><hAcc>6.729942</hAcc><vAcc>0.741282</vAcc></extensions></trkpt>
      <trkpt lon="12.492661" lat="41.890363"><ele>23.460730</ele><time>2025-03-20T10:38:04Z</time><extensions><speed>0.317010</speed><course>262.307221</course><hAcc>6.661825</hAcc><vAcc>0.741442</vAcc></extensions></trkpt>
      <trkpt lon="12.492657" lat="41.890362"><ele>23.457261</ele><time>2025-03-20T10:38:05Z</time><extensions><speed>0.360905</speed><course>261.744816</course><hAcc>6.593960</hAcc><vAcc>0.741705</vAcc></extensions></trkpt>
      <trkpt lon="12.492653" lat="41.890362"><ele>23.453225</ele><time>2025-03-20T10:38:06Z</time><extensions><speed>0.380059</speed><course>260.940407</course><hAcc>6.542447</hAcc><vAcc>0.742081</vAcc></extensions></trkpt>
      <trkpt lon="12.492648" lat="41.890361"><ele>23.448758</ele><time>2025-03-20T10:38:07Z</time><extensions><speed>0.386406</speed><course>259.836412</course><hAcc>6.509193</hAcc><vAcc>0.742576</vAcc></extensions></trkpt>
      <trkpt lon="12.492644" lat="41.890361"><ele>23.443986</ele><time>2025-03-20T10:38:08Z</time><extensions><speed>0.355346</speed><course>258.415268</course><hAcc>6.501926</hAcc><vAcc>0.743193</vAcc></extensions></trkpt>
      <trkpt lon="12.492640" lat="41.890360"><ele>23.439007</ele><time>2025-03-20T10:38:09Z</time><extensions><speed>0.315326</speed><course>256.568403</course><hAcc>6.512609</hAcc><vAcc>0.743928</vAcc></extensions></trkpt>
      <trkpt lon="12.492636" lat="41.890359"><ele>23.433885</ele><time>2025-03-20T10:38:10Z</time><extensions><speed>0.275680</speed><course>254.214051</course><hAcc>6.532535</hAcc><vAcc>0.744770</vAcc></extensions></trkpt>
      <trkpt lon="12.492633" lat="41.890359"><ele>23.428658</ele><time>2025-03-20T10:38:11Z</time><extensions><speed>0.239465</speed><course>251.270709</course><hAcc>6.559078</hAcc><vAcc>0.745698</vAcc></extensions></trkpt>
      <trkpt lon="12.492631" lat="41.890358"><ele>23.423343</ele><time>2025-03-20T10:38:12Z</time><extensions><speed>0.203478</speed><course>247.594713</course><hAcc>6.592999</hAcc><vAcc>0.746682</vAcc></extensions></trkpt>
      <trkpt lon="12.492629" lat="41.890357"><ele>23.417942</ele><time>2025-03-20T10:38:13Z</time><extensions><speed>0.173205</speed><course>243.019720</course><hAcc>6.633359</hAcc><vAcc>0.747689</vAcc></extensions></trkpt>
      <trkpt lon="12.492627" lat="41.890357"><ele>23.412450</ele><time>2025-03-20T10:38:14Z</time><extensions><speed>0.145011</speed><course>237.360256</course><hAcc>6.681540</hAcc><vAcc>0.748693</vAcc></extensions></trkpt>
      <trkpt lon="12.492626" lat="41.890356"><ele>23.406856</ele><time>2025-03-20T10:38:15Z</time><extensions><speed>0.120073</speed><course>230.284970</course><hAcc>6.735948</hAcc><vAcc>0.749690</vAcc></extensions></trkpt>
      <trkpt lon="12.492625" lat="41.890355"><ele>23.401156</ele><time>2025-03-20T10:38:16Z</time><extensions><speed>0.099656</speed><course>221.416475</course><hAcc>6.791821</hAcc><vAcc>0.750737</vAcc></extensions></trkpt>
      <trkpt lon="12.492624" lat="41.890355"><ele>23.395352</ele><time>2025-03-20T10:38:16Z</time><extensions><speed>0.086772</speed><course>210.675382</course><hAcc>6.840729</hAcc><vAcc>0.751992</vAcc></extensions></trkpt>
      <trkpt lon="12.492624" lat="41.890354"><ele>23.389465</ele><time>2025-03-20T10:38:17Z</time><extensions><speed>0.088090</speed><course>199.628081</course><hAcc>6.873881</hAcc><vAcc>0.753793</vAcc></extensions></trkpt>
      <trkpt lon="12.492623" lat="41.890353"><ele>23.383535</ele><time>2025-03-20T10:38:18Z</time><extensions><speed>0.104214</speed><course>191.287373</course><hAcc>6.899119</hAcc><vAcc>0.756743</vAcc></extensions></trkpt>
      <trkpt lon="12.492622" lat="41.890353"><ele>23.380865</ele><time>2025-03-20T10:38:19Z</time><extensions><speed>0.103774</speed><course>192.822472</course><hAcc>6.895490</hAcc><vAcc>0.756742</vAcc></extensions></trkpt>
      <trkpt lon="12.492620" lat="41.890352"><ele>23.376545</ele><time>2025-03-20T10:38:20Z</time><extensions><speed>0.093866</speed><course>198.867423</course><hAcc>6.931498</hAcc><vAcc>0.756742</vAcc></extensions></trkpt>
      <trkpt lon="12.492620" lat="41.890352"><ele>23.373803</ele><time>2025-03-20T10:38:21Z</time><extensions><speed>0.061271</speed><course>199.006877</course><hAcc>7.004539</hAcc><vAcc>0.756741</vAcc></extensions></trkpt>
      <trkpt lon="12.492623" lat="41.890354"><ele>23.371380</ele><time>2025-03-20T10:38:22Z</time><extensions><speed>0.030633</speed><course>82.682816</course><hAcc>7.102596</hAcc><vAcc>0.756741</vAcc></extensions></trkpt>
      <trkpt lon="12.492631" lat="41.890356"><ele>23.371041</ele><time>2025-03-20T10:38:23Z</time><extensions><speed>0.162274</speed><course>60.885538</course><hAcc>7.188862</hAcc><vAcc>0.756740</vAcc></extensions></trkpt>
      <trkpt lon="12.492643" lat="41.890359"><ele>23.371410</ele><time>2025-03-20T10:38:24Z</time><extensions><speed>0.432645</speed><course>62.178665</course><hAcc>7.259416</hAcc><vAcc>0.756740</vAcc></extensions></trkpt>
      <trkpt lon="12.492659" lat="41.890363"><ele>23.373199</ele><time>2025-03-20T10:38:25Z</time><extensions><speed>0.778962</speed><course>62.866559</course><hAcc>7.325789</hAcc><vAcc>0.756740</vAcc></extensions></trkpt>
      <trkpt lon="12.492691" lat="41.890371"><ele>23.379353</ele><time>2025-03-20T10:38:26Z</time><extensions><speed>1.391280</speed><course>65.627670</course><hAcc>7.331423</hAcc><vAcc>0.756740</vAcc></extensions></trkpt>
      <trkpt lon="12.492725" lat="41.890377"><ele>23.382900</ele><time>2025-03-20T10:38:27Z</time><extensions><speed>1.936578</speed><course>68.941432</course><hAcc>7.311015</hAcc><vAcc>0.756740</vAcc></extensions></trkpt>
      <trkpt lon="12.492761" lat="41.890384"><ele>23.390131</ele><time>2025-03-20T10:38:28Z</time><extensions><speed>2.403711</speed><course>70.936863</course><hAcc>7.284202</hAcc><vAcc>0.756739</vAcc></extensions></trkpt>
      <trkpt lon="12.492798" lat="41.890391"><ele>23.397647</ele><time>2025-03-20T10:38:29Z</time><extensions><speed>2.834401</speed><course>72.170190</course><hAcc>7.233524</hAcc><vAcc>0.756739</vAcc></extensions></trkpt>
      <trkpt lon="12.492838" lat="41.890400"><ele>23.405858</ele><time>2025-03-20T10:38:30Z</time><extensions><speed>3.187486</speed><course>73.216229</course><hAcc>7.152580</hAcc><vAcc>0.756739</vAcc></extensions></trkpt>
      <trkpt lon="12.492878" lat="41.890404"><ele>23.415580</ele><time>2025-03-20T10:38:31Z</time><extensions><speed>3.426821</speed><course>75.087084</course><hAcc>7.031582</hAcc><vAcc>0.756739</vAcc></extensions></trkpt>
      <trkpt lon="12.492924" lat="41.890410"><ele>23.424059</ele><time>2025-03-20T10:38:32Z</time><extensions><speed>3.661796</speed><course>76.723851</course><hAcc>6.871730</hAcc><vAcc>0.756739</vAcc></extensions></trkpt>
      <trkpt lon="12.492971" lat="41.890414"><ele>23.434576</ele><time>2025-03-20T10:38:33Z</time><extensions><speed>3.788873</speed><course>78.130952</course><hAcc>6.669559</hAcc><vAcc>0.756739</vAcc></extensions></trkpt>
      <trkpt lon="12.493020" lat="41.890419"><ele>23.443086</ele><time>2025-03-20T10:38:34Z</time><extensions><speed>3.816428</speed><course>79.037286</course><hAcc>6.453831</hAcc><vAcc>0.756739</vAcc></extensions></trkpt>
      <trkpt lon="12.493067" lat="41.890425"><ele>23.452064</ele><time>2025-03-20T10:38:35Z</time><extensions><speed>3.633173</speed><course>79.931724</course><hAcc>6.250206</hAcc><vAcc>0.756742</vAcc></extensions></trkpt>
      <trkpt lon="12.493111" lat="41.890428"><ele>23.464027</ele><time>2025-03-20T10:38:36Z</time><extensions><speed>3.248808</speed><course>81.573772</course><hAcc>6.062297</hAcc><vAcc>0.756745</vAcc></extensions></trkpt>
      <trkpt lon="12.493150" lat="41.890430"><ele>23.474641</ele><time>2025-03-20T10:38:37Z</time><extensions><speed>2.829722</speed><course>84.002605</course><hAcc>5.888157</hAcc><vAcc>0.756748</vAcc></extensions></trkpt>
      <trkpt lon="12.493184" lat="41.890431"><ele>23.486380</ele><time>2025-03-20T10:38:38Z</time><extensions><speed>2.503741</speed><course>87.739224</course><hAcc>5.723259</hAcc><vAcc>0.756752</vAcc></extensions></trkpt>
      <trkpt lon="12.493214" lat="41.890431"><ele>23.498040</ele><time>2025-03-20T10:38:39Z</time><extensions><speed>2.226650</speed><course>92.488832</course><hAcc>5.566975</hAcc><vAcc>0.756757</vAcc></extensions></trkpt>
      <trkpt lon="12.493239" lat="41.890429"><ele>23.508563</ele><time>2025-03-20T10:38:40Z</time><extensions><speed>1.984816</speed><course>98.404181</course><hAcc>5.423492</hAcc><vAcc>0.756762</vAcc></extensions></trkpt>
      <trkpt lon="12.493262" lat="41.890425"><ele>23.519960</ele><time>2025-03-20T10:38:41Z</time><extensions><speed>1.874998</speed><course>102.387825</course><hAcc>5.297830</hAcc><vAcc>0.756769</vAcc></extensions></trkpt>
      <trkpt lon="12.493284" lat="41.890420"><ele>23.530918</ele><time>2025-03-20T10:38:42Z</time><extensions><speed>1.756768</speed><course>106.193994</course><hAcc>5.191496</hAcc><vAcc>0.756777</vAcc></extensions></trkpt>
      <trkpt lon="12.493303" lat="41.890414"><ele>23.541167</ele><time>2025-03-20T10:38:43Z</time><extensions><speed>1.640213</speed><course>109.059101</course><hAcc>5.108046</hAcc><vAcc>0.756788</vAcc></extensions></trkpt>
      <trkpt lon="12.493321" lat="41.890408"><ele>23.550993</ele><time>2025-03-20T10:38:44Z</time><extensions><speed>1.517811</speed><course>111.829282</course><hAcc>5.048760</hAcc><vAcc>0.756802</vAcc></extensions></trkpt>
      <trkpt lon="12.493337" lat="41.890403"><ele>23.559787</ele><time>2025-03-20T10:38:46Z</time><extensions><speed>1.380868</speed><course>115.535788</course><hAcc>5.014419</hAcc><vAcc>0.756808</vAcc></extensions></trkpt>
      <trkpt lon="12.493351" lat="41.890397"><ele>23.567528</ele><time>2025-03-20T10:38:47Z</time><extensions><speed>1.208028</speed><course>120.996282</course><hAcc>5.009333</hAcc><vAcc>0.756793</vAcc></extensions></trkpt>
      <trkpt lon="12.493362" lat="41.890391"><ele>23.577635</ele><time>2025-03-20T10:38:48Z</time><extensions><speed>1.059461</speed><course>127.581985</course><hAcc>5.031434</hAcc><vAcc>0.756781</vAcc></extensions></trkpt>
      <trkpt lon="12.493371" lat="41.890384"><ele>23.585820</ele><time>2025-03-20T10:38:49Z</time><extensions><speed>0.965419</speed><course>135.955808</course><hAcc>5.078890</hAcc><vAcc>0.756772</vAcc></extensions></trkpt>
      <trkpt lon="12.493378" lat="41.890378"><ele>23.591859</ele><time>2025-03-20T10:38:50Z</time><extensions><speed>0.917385</speed><course>143.885803</course><hAcc>5.157411</hAcc><vAcc>0.756765</vAcc></extensions></trkpt>
      <trkpt lon="12.493384" lat="41.890370"><ele>23.599513</ele><time>2025-03-20T10:38:51Z</time><extensions><speed>0.893105</speed><course>149.252406</course><hAcc>5.269304</hAcc><vAcc>0.756759</vAcc></extensions></trkpt>
      <trkpt lon="12.493389" lat="41.890363"><ele>23.606948</ele><time>2025-03-20T10:38:52Z</time><extensions><speed>0.865325</speed><course>151.668552</course><hAcc>5.421473</hAcc><vAcc>0.756755</vAcc></extensions></trkpt>
      <trkpt lon="12.493394" lat="41.890356"><ele>23.614247</ele><time>2025-03-20T10:38:53Z</time><extensions><speed>0.814549</speed><course>153.408362</course><hAcc>5.616480</hAcc><vAcc>0.756751</vAcc></extensions></trkpt>
      <trkpt lon="12.493397" lat="41.890349"><ele>23.620445</ele><time>2025-03-20T10:38:54Z</time><extensions><speed>0.750232</speed><course>153.876507</course><hAcc>5.855421</hAcc><vAcc>0.756748</vAcc></extensions></trkpt>
      <trkpt lon="12.493401" lat="41.890344"><ele>23.626203</ele><time>2025-03-20T10:38:55Z</time><extensions><speed>0.676974</speed><course>150.898837</course><hAcc>6.178637</hAcc><vAcc>0.761845</vAcc></extensions></trkpt>
      <trkpt lon="12.493405" lat="41.890339"><ele>23.631824</ele><time>2025-03-20T10:38:56Z</time><extensions><speed>0.609880</speed><course>146.426456</course><hAcc>6.586184</hAcc><vAcc>0.770613</vAcc></extensions></trkpt>
      <trkpt lon="12.493409" lat="41.890335"><ele>23.637396</ele><time>2025-03-20T10:38:57Z</time><extensions><speed>0.548446</speed><course>142.753036</course><hAcc>7.092404</hAcc><vAcc>0.785223</vAcc></extensions></trkpt>
      <trkpt lon="12.493413" lat="41.890331"><ele>23.642961</ele><time>2025-03-20T10:38:58Z</time><extensions><speed>0.492120</speed><course>139.661863</course><hAcc>7.706408</hAcc><vAcc>0.808550</vAcc></extensions></trkpt>
      <trkpt lon="12.493417" lat="41.890328"><ele>23.648521</ele><time>2025-03-20T10:38:59Z</time><extensions><speed>0.440540</speed><course>136.928976</course><hAcc>8.433919</hAcc><vAcc>0.844090</vAcc></extensions></trkpt>
      <trkpt lon="12.493420" lat="41.890325"><ele>23.654093</ele><time>2025-03-20T10:39:00Z</time><extensions><speed>0.395355</speed><course>133.854096</course><hAcc>9.280267</hAcc><vAcc>0.895686</vAcc></extensions></trkpt>
      <trkpt lon="12.493424" lat="41.890323"><ele>23.659679</ele><time>2025-03-20T10:39:01Z</time><extensions><speed>0.356373</speed><course>130.493258</course><hAcc>10.251800</hAcc><vAcc>0.967091</vAcc></extensions></trkpt>
      <trkpt lon="12.493427" lat="41.890321"><ele>23.665243</ele><time>2025-03-20T10:39:02Z</time><extensions><speed>0.322282</speed><course>129.325004</course><hAcc>11.362233</hAcc><vAcc>1.061473</vAcc></extensions></trkpt>
      <trkpt lon="12.493430" lat="41.890319"><ele>23.670751</ele><time>2025-03-20T10:39:03Z</time><extensions><speed>0.291917</speed><course>130.555174</course><hAcc>12.636780</hAcc><vAcc>1.181040</vAcc></extensions></trkpt>
      <trkpt lon="12.493432" lat="41.890317"><ele>23.676204</ele><time>2025-03-20T10:39:04Z</time><extensions><speed>0.275802</speed><course>130.197726</course><hAcc>14.113760</hAcc><vAcc>1.326880</vAcc></extensions></trkpt>
      <trkpt lon="12.493305" lat="41.890209"><ele>24.082214</ele><time>2025-03-20T10:40:02Z</time><extensions><speed>0.405246</speed><course>40.468050</course><hAcc>7.215137</hAcc><vAcc>1.326889</vAcc></extensions></trkpt>
      <trkpt lon="12.493308" lat="41.890212"><ele>24.087251</ele><time>2025-03-20T10:40:03Z</time><extensions><speed>0.381452</speed><course>37.399603</course><hAcc>6.287732</hAcc><vAcc>1.181046</vAcc></extensions></trkpt>
      <trkpt lon="12.493311" lat="41.890214"><ele>24.092736</ele><time>2025-03-20T10:40:04Z</time><extensions><speed>0.377054</speed><course>30.512803</course><hAcc>5.601555</hAcc><vAcc>1.061477</vAcc></extensions></trkpt>
      <trkpt lon="12.493313" lat="41.890217"><ele>24.099124</ele><time>2025-03-20T10:40:05Z</time><extensions><speed>0.368184</speed><course>19.650390</course><hAcc>5.042931</hAcc><vAcc>0.967094</vAcc></extensions></trkpt>
      <trkpt lon="12.493314" lat="41.890221"><ele>24.106866</ele><time>2025-03-20T10:40:06Z</time><extensions><speed>0.376359</speed><course>7.916517</course><hAcc>4.566753</hAcc><vAcc>0.895688</vAcc></extensions></trkpt>
      <trkpt lon="12.493314" lat="41.890224"><ele>24.116328</ele><time>2025-03-20T10:40:07Z</time><extensions><speed>0.390228</speed><course>0.206522</course><hAcc>4.173379</hAcc><vAcc>0.844092</vAcc></extensions></trkpt>
      <trkpt lon="12.493314" lat="41.890228"><ele>24.127718</ele><time>2025-03-20T10:40:08Z</time><extensions><speed>0.391378</speed><course>353.076215</course><hAcc>3.860107</hAcc><vAcc>0.808553</vAcc></extensions></trkpt>
      <trkpt lon="12.493313" lat="41.890231"><ele>24.141026</ele><time>2025-03-20T10:40:09Z</time><extensions><speed>0.362405</speed><course>349.253812</course><hAcc>3.628575</hAcc><vAcc>0.785226</vAcc></extensions></trkpt>
      <trkpt lon="12.493312" lat="41.890234"><ele>24.155960</ele><time>2025-03-20T10:40:10Z</time><extensions><speed>0.310982</speed><course>345.725082</course><hAcc>3.471387</hAcc><vAcc>0.770615</vAcc></extensions></trkpt>
      <trkpt lon="12.493311" lat="41.890236"><ele>24.171926</ele><time>2025-03-20T10:40:11Z</time><extensions><speed>0.277000</speed><course>346.756401</course><hAcc>3.379111</hAcc><vAcc>0.761845</vAcc></extensions></trkpt>
      <trkpt lon="12.493311" lat="41.890239"><ele>24.188081</ele><time>2025-03-20T10:40:12Z</time><extensions><speed>0.273854</speed><course>348.489495</course><hAcc>3.340299</hAcc><vAcc>0.756747</vAcc></extensions></trkpt>
      <trkpt lon="12.493310" lat="41.890242"><ele>24.203419</ele><time>2025-03-20T10:40:13Z</time><extensions><speed>0.331793</speed><course>349.988238</course><hAcc>3.324748</hAcc><vAcc>0.753795</vAcc></extensions></trkpt>
      <trkpt lon="12.493309" lat="41.890245"><ele>24.216875</ele><time>2025-03-20T10:40:14Z</time><extensions><speed>0.458531</speed><course>336.346937</course><hAcc>3.309824</hAcc><vAcc>0.751995</vAcc></extensions></trkpt>
      <trkpt lon="12.493305" lat="41.890249"><ele>24.227445</ele><time>2025-03-20T10:40:14Z</time><extensions><speed>0.663383</speed><course>327.989294</course><hAcc>3.301055</hAcc><vAcc>0.750738</vAcc></extensions></trkpt>
      <trkpt lon="12.493300" lat="41.890255"><ele>24.234225</ele><time>2025-03-20T10:40:15Z</time><extensions><speed>0.890126</speed><course>325.828213</course><hAcc>3.309425</hAcc><vAcc>0.749690</vAcc></extensions></trkpt>
      <trkpt lon="12.493293" lat="41.890262"><ele>24.236410</ele><time>2025-03-20T10:40:16Z</time><extensions><speed>1.020301</speed><course>320.801396</course><hAcc>3.321708</hAcc><vAcc>0.748692</vAcc></extensions></trkpt>
      <trkpt lon="12.493285" lat="41.890269"><ele>24.233328</ele><time>2025-03-20T10:40:17Z</time><extensions><speed>1.047922</speed><course>315.613898</course><hAcc>3.327935</hAcc><vAcc>0.747690</vAcc></extensions></trkpt>
      <trkpt lon="12.493275" lat="41.890275"><ele>24.224487</ele><time>2025-03-20T10:40:18Z</time><extensions><speed>1.053475</speed><course>305.805726</course><hAcc>3.325891</hAcc><vAcc>0.746685</vAcc></extensions></trkpt>
      <trkpt lon="12.493264" lat="41.890280"><ele>24.209593</ele><time>2025-03-20T10:40:19Z</time><extensions><speed>1.172594</speed><course>295.661844</course><hAcc>3.313093</hAcc><vAcc>0.745709</vAcc></extensions></trkpt>
      <trkpt lon="12.493250" lat="41.890284"><ele>24.188574</ele><time>2025-03-20T10:40:20Z</time><extensions><speed>1.251078</speed><course>289.433211</course><hAcc>3.295809</hAcc><vAcc>0.744796</vAcc></extensions></trkpt>
      <trkpt lon="12.493236" lat="41.890288"><ele>24.161678</ele><time>2025-03-20T10:40:21Z</time><extensions><speed>1.249990</speed><course>286.895587</course><hAcc>3.282013</hAcc><vAcc>0.743980</vAcc></extensions></trkpt>
      <trkpt lon="12.493222" lat="41.890291"><ele>24.129509</ele><time>2025-03-20T10:40:22Z</time><extensions><speed>1.254349</speed><course>287.230683</course><hAcc>3.265792</hAcc><vAcc>0.743286</vAcc></extensions></trkpt>
      <trkpt lon="12.493208" lat="41.890294"><ele>24.092893</ele><time>2025-03-20T10:40:23Z</time><extensions><speed>1.120193</speed><course>287.919153</course><hAcc>3.264522</hAcc><vAcc>0.742734</vAcc></extensions></trkpt>
      <trkpt lon="12.493197" lat="41.890297"><ele>24.052788</ele><time>2025-03-20T10:40:24Z</time><extensions><speed>0.877674</speed><course>287.752606</course><hAcc>3.293860</hAcc><vAcc>0.742333</vAcc></extensions></trkpt>
      <trkpt lon="12.493188" lat="41.890299"><ele>24.010241</ele><time>2025-03-20T10:40:25Z</time><extensions><speed>0.561452</speed><course>285.976972</course><hAcc>3.362424</hAcc><vAcc>0.742091</vAcc></extensions></trkpt>
      <trkpt lon="12.493184" lat="41.890300"><ele>23.966327</ele><time>2025-03-20T10:40:26Z</time><extensions><speed>0.213112</speed><course>276.062627</course><hAcc>3.434042</hAcc><vAcc>0.742010</vAcc></extensions></trkpt>
      <trkpt lon="12.493182" lat="41.890300"><ele>23.922059</ele><time>2025-03-20T10:40:27Z</time><extensions><speed>0.081082</speed><course>196.047433</course><hAcc>3.429792</hAcc><vAcc>0.742091</vAcc></extensions></trkpt>
      <trkpt lon="12.493183" lat="41.890299"><ele>23.878290</ele><time>2025-03-20T10:40:28Z</time><extensions><speed>0.188917</speed><course>146.394442</course><hAcc>3.386301</hAcc><vAcc>0.742333</vAcc></extensions></trkpt>
      <trkpt lon="12.493184" lat="41.890297"><ele>23.835671</ele><time>2025-03-20T10:40:29Z</time><extensions><speed>0.256856</speed><course>142.438399</course><hAcc>3.339821</hAcc><vAcc>0.742733</vAcc></extensions></trkpt>
      <trkpt lon="12.493186" lat="41.890295"><ele>23.794732</ele><time>2025-03-20T10:40:30Z</time><extensions><speed>0.268934</speed><course>147.108816</course><hAcc>3.298126</hAcc><vAcc>0.743286</vAcc></extensions></trkpt>
      <trkpt lon="12.493188" lat="41.890293"><ele>23.755936</ele><time>2025-03-20T10:40:31Z</time><extensions><speed>0.229443</speed><course>154.993861</course><hAcc>3.261354</hAcc><vAcc>0.743979</vAcc></extensions></trkpt>
      <trkpt lon="12.493188" lat="41.890291"><ele>23.719660</ele><time>2025-03-20T10:40:32Z</time><extensions><speed>0.135997</speed><course>170.278108</course><hAcc>3.232754</hAcc><vAcc>0.744795</vAcc></extensions></trkpt>
      <trkpt lon="12.493188" lat="41.890291"><ele>23.686159</ele><time>2025-03-20T10:40:33Z</time><extensions><speed>0.069584</speed><course>247.267504</course><hAcc>3.214189</hAcc><vAcc>0.745708</vAcc></extensions></trkpt>
      <trkpt lon="12.493187" lat="41.890291"><ele>23.655586</ele><time>2025-03-20T10:40:34Z</time><extensions><speed>0.178802</speed><course>303.108333</course><hAcc>3.204883</hAcc><vAcc>0.746685</vAcc></extensions></trkpt>
      <trkpt lon="12.493185" lat="41.890293"><ele>23.628011</ele><time>2025-03-20T10:40:35Z</time><extensions><speed>0.342031</speed><course>316.738014</course><hAcc>3.190326</hAcc><vAcc>0.747689</vAcc></extensions></trkpt>
      <trkpt lon="12.493181" lat="41.890296"><ele>23.603390</ele><time>2025-03-20T10:40:36Z</time><extensions><speed>0.502340</speed><course>323.032076</course><hAcc>3.174928</hAcc><vAcc>0.748692</vAcc></extensions></trkpt>
      <trkpt lon="12.493178" lat="41.890300"><ele>23.581574</ele><time>2025-03-20T10:40:37Z</time><extensions><speed>0.585590</speed><course>326.400585</course><hAcc>3.185461</hAcc><vAcc>0.749690</vAcc></extensions></trkpt>
      <trkpt lon="12.493174" lat="41.890304"><ele>23.562365</ele><time>2025-03-20T10:40:38Z</time><extensions><speed>0.538771</speed><course>328.468385</course><hAcc>3.246274</hAcc><vAcc>0.750738</vAcc></extensions></trkpt>
      <trkpt lon="12.493171" lat="41.890307"><ele>23.545619</ele><time>2025-03-20T10:40:39Z</time><extensions><speed>0.320648</speed><course>331.583825</course><hAcc>3.332452</hAcc><vAcc>0.751996</vAcc></extensions></trkpt>
      <trkpt lon="12.493170" lat="41.890309"><ele>23.531307</ele><time>2025-03-20T10:40:40Z</time><extensions><speed>0.217651</speed><course>336.401037</course><hAcc>3.363317</hAcc><vAcc>0.753797</vAcc></extensions></trkpt>
      <trkpt lon="12.493169" lat="41.890311"><ele>23.519460</ele><time>2025-03-20T10:40:41Z</time><extensions><speed>0.244403</speed><course>340.060045</course><hAcc>3.340731</hAcc><vAcc>0.756749</vAcc></extensions></trkpt>
      <trkpt lon="12.493168" lat="41.890313"><ele>23.511438</ele><time>2025-03-20T10:40:42Z</time><extensions><speed>0.252953</speed><course>342.490999</course><hAcc>3.337897</hAcc><vAcc>0.756751</vAcc></extensions></trkpt>
      <trkpt lon="12.493166" lat="41.890315"><ele>23.506195</ele><time>2025-03-20T10:40:43Z</time><extensions><speed>0.286614</speed><course>337.472022</course><hAcc>3.385679</hAcc><vAcc>0.756754</vAcc></extensions></trkpt>
      <trkpt lon="12.493164" lat="41.890317"><ele>23.502149</ele><time>2025-03-20T10:40:44Z</time><extensions><speed>0.321738</speed><course>330.139545</course><hAcc>3.483857</hAcc><vAcc>0.756757</vAcc></extensions></trkpt>
      <trkpt lon="12.493162" lat="41.890320"><ele>23.498469</ele><time>2025-03-20T10:40:45Z</time><extensions><speed>0.317041</speed><course>325.177454</course><hAcc>3.608737</hAcc><vAcc>0.756761</vAcc></extensions></trkpt>
      <trkpt lon="12.493160" lat="41.890323"><ele>23.496275</ele><time>2025-03-20T10:40:46Z</time><extensions><speed>0.308859</speed><course>321.255741</course><hAcc>3.715674</hAcc><vAcc>0.756765</vAcc></extensions></trkpt>
      <trkpt lon="12.493158" lat="41.890325"><ele>23.495732</ele><time>2025-03-20T10:40:47Z</time><extensions><speed>0.315797</speed><course>316.266876</course><hAcc>3.819281</hAcc><vAcc>0.756771</vAcc></extensions></trkpt>
      <trkpt lon="12.493156" lat="41.890328"><ele>23.495897</ele><time>2025-03-20T10:40:48Z</time><extensions><speed>0.331225</speed><course>312.414952</course><hAcc>3.936758</hAcc><vAcc>0.756778</vAcc></extensions></trkpt>
      <trkpt lon="12.493153" lat="41.890330"><ele>23.496420</ele><time>2025-03-20T10:40:49Z</time><extensions><speed>0.353120</speed><course>311.143750</course><hAcc>4.057793</hAcc><vAcc>0.756788</vAcc></extensions></trkpt>
      <trkpt lon="12.493150" lat="41.890333"><ele>23.497543</ele><time>2025-03-20T10:40:50Z</time><extensions><speed>0.407292</speed><course>311.286171</course><hAcc>4.171939</hAcc><vAcc>0.756802</vAcc></extensions></trkpt>
      <trkpt lon="12.493146" lat="41.890336"><ele>23.497120</ele><time>2025-03-20T10:40:52Z</time><extensions><speed>0.462021</speed><course>314.086453</course><hAcc>4.266478</hAcc><vAcc>0.756807</vAcc></extensions></trkpt>
      <trkpt lon="12.493143" lat="41.890340"><ele>23.497419</ele><time>2025-03-20T10:40:53Z</time><extensions><speed>0.508172</speed><course>317.874076</course><hAcc>4.322858</hAcc><vAcc>0.756792</vAcc></extensions></trkpt>
      <trkpt lon="12.493138" lat="41.890344"><ele>23.496623</ele><time>2025-03-20T10:40:54Z</time><extensions><speed>0.563961</speed><course>322.098466</course><hAcc>4.333542</hAcc><vAcc>0.756780</vAcc></extensions></trkpt>
      <trkpt lon="12.493135" lat="41.890348"><ele>23.495621</ele><time>2025-03-20T10:40:55Z</time><extensions><speed>0.548746</speed><course>330.379202</course><hAcc>4.316140</hAcc><vAcc>0.756771</vAcc></extensions></trkpt>
      <trkpt lon="12.493133" lat="41.890352"><ele>23.494385</ele><time>2025-03-20T10:40:56Z</time><extensions><speed>0.492443</speed><course>344.459854</course><hAcc>4.277233</hAcc><vAcc>0.756764</vAcc></extensions></trkpt>
      <trkpt lon="12.493131" lat="41.890356"><ele>23.493253</ele><time>2025-03-20T10:40:57Z</time><extensions><speed>0.439091</speed><course>356.369271</course><hAcc>4.220406</hAcc><vAcc>0.756759</vAcc></extensions></trkpt>
      <trkpt lon="12.493131" lat="41.890359"><ele>23.492415</ele><time>2025-03-20T10:40:58Z</time><extensions><speed>0.378562</speed><course>3.012961</course><hAcc>4.156193</hAcc><vAcc>0.756754</vAcc></extensions></trkpt>
      <trkpt lon="12.493132" lat="41.890362"><ele>23.492219</ele><time>2025-03-20T10:40:59Z</time><extensions><speed>0.309504</speed><course>11.705001</course><hAcc>4.094230</hAcc><vAcc>0.756751</vAcc></extensions></trkpt>
      <trkpt lon="12.493134" lat="41.890364"><ele>23.492439</ele><time>2025-03-20T10:41:00Z</time><extensions><speed>0.217023</speed><course>18.066875</course><hAcc>4.044624</hAcc><vAcc>0.756748</vAcc></extensions></trkpt>
      <trkpt lon="12.493135" lat="41.890365"><ele>23.492162</ele><time>2025-03-20T10:41:01Z</time><extensions><speed>0.138485</speed><course>25.253248</course><hAcc>3.993050</hAcc><vAcc>0.756745</vAcc></extensions></trkpt>
      <trkpt lon="12.493136" lat="41.890366"><ele>23.490874</ele><time>2025-03-20T10:41:02Z</time><extensions><speed>0.082082</speed><course>39.565506</course><hAcc>3.916382</hAcc><vAcc>0.756743</vAcc></extensions></trkpt>
      <trkpt lon="12.493137" lat="41.890366"><ele>23.489393</ele><time>2025-03-20T10:41:03Z</time><extensions><speed>0.062870</speed><course>89.546364</course><hAcc>3.829770</hAcc><vAcc>0.756741</vAcc></extensions></trkpt>
      <trkpt lon="12.493138" lat="41.890366"><ele>23.487972</ele><time>2025-03-20T10:41:04Z</time><extensions><speed>0.097433</speed><course>123.458322</course><hAcc>3.746766</hAcc><vAcc>0.756740</vAcc></extensions></trkpt>
      <trkpt lon="12.493140" lat="41.890366"><ele>23.486538</ele><time>2025-03-20T10:41:05Z</time><extensions><speed>0.139944</speed><course>130.298256</course><hAcc>3.666625</hAcc><vAcc>0.756739</vAcc></extensions></trkpt>
      <trkpt lon="12.493142" lat="41.890364"><ele>23.487246</ele><time>2025-03-20T10:41:06Z</time><extensions><speed>0.187425</speed><course>131.040259</course><hAcc>3.594278</hAcc><vAcc>0.756737</vAcc></extensions></trkpt>
      <trkpt lon="12.493144" lat="41.890363"><ele>23.485560</ele><time>2025-03-20T10:41:07Z</time><extensions><speed>0.237425</speed><course>125.706316</course><hAcc>3.523009</hAcc><vAcc>0.756736</vAcc></extensions></trkpt>
      <trkpt lon="12.493147" lat="41.890361"><ele>23.483988</ele><time>2025-03-20T10:41:08Z</time><extensions><speed>0.257483</speed><course>121.387458</course><hAcc>3.462685</hAcc><vAcc>0.756736</vAcc></extensions></trkpt>
      <trkpt lon="12.493149" lat="41.890360"><ele>23.482366</ele><time>2025-03-20T10:41:09Z</time><extensions><speed>0.265447</speed><course>119.983118</course><hAcc>3.431160</hAcc><vAcc>0.756735</vAcc></extensions></trkpt>
      <trkpt lon="12.493152" lat="41.890358"><ele>23.480892</ele><time>2025-03-20T10:41:10Z</time><extensions><speed>0.244298</speed><course>123.839900</course><hAcc>3.418903</hAcc><vAcc>0.756735</vAcc></extensions></trkpt>
      <trkpt lon="12.493155" lat="41.890356"><ele>23.478558</ele><time>2025-03-20T10:41:11Z</time><extensions><speed>0.258207</speed><course>134.114214</course><hAcc>3.381612</hAcc><vAcc>0.756735</vAcc></extensions></trkpt>
      <trkpt lon="12.493157" lat="41.890354"><ele>23.474756</ele><time>2025-03-20T10:41:12Z</time><extensions><speed>0.305810</speed><course>141.958618</course><hAcc>3.355968</hAcc><vAcc>0.756734</vAcc></extensions></trkpt>
      <trkpt lon="12.493160" lat="41.890352"><ele>23.471356</ele><time>2025-03-20T10:41:13Z</time><extensions><speed>0.359718</speed><course>146.746447</course><hAcc>3.365578</hAcc><vAcc>0.756734</vAcc></extensions></trkpt>
      <trkpt lon="12.493163" lat="41.890349"><ele>23.468234</ele><time>2025-03-20T10:41:14Z</time><extensions><speed>0.393201</speed><course>150.719019</course><hAcc>3.426106</hAcc><vAcc>0.761834</vAcc></extensions></trkpt>
      <trkpt lon="12.493165" lat="41.890346"><ele>23.464952</ele><time>2025-03-20T10:41:15Z</time><extensions><speed>0.384292</speed><course>154.415180</course><hAcc>3.508535</hAcc><vAcc>0.770605</vAcc></extensions></trkpt>
      <trkpt lon="12.493167" lat="41.890342"><ele>23.461496</ele><time>2025-03-20T10:41:16Z</time><extensions><speed>0.410619</speed><course>160.257760</course><hAcc>3.562800</hAcc><vAcc>0.785217</vAcc></extensions></trkpt>
      <trkpt lon="12.493168" lat="41.890339"><ele>23.457866</ele><time>2025-03-20T10:41:17Z</time><extensions><speed>0.427511</speed><course>162.849031</course><hAcc>3.622725</hAcc><vAcc>0.808545</vAcc></extensions></trkpt>
      <trkpt lon="12.493169" lat="41.890335"><ele>23.454091</ele><time>2025-03-20T10:41:18Z</time><extensions><speed>0.410492</speed><course>167.505705</course><hAcc>3.725366</hAcc><vAcc>0.844085</vAcc></extensions></trkpt>
      <trkpt lon="12.493170" lat="41.890332"><ele>23.450206</ele><time>2025-03-20T10:41:19Z</time><extensions><speed>0.360491</speed><course>169.777101</course><hAcc>3.900433</hAcc><vAcc>0.895683</vAcc></extensions></trkpt>
      <trkpt lon="12.493171" lat="41.890329"><ele>23.446235</ele><time>2025-03-20T10:41:20Z</time><extensions><speed>0.279638</speed><course>171.437028</course><hAcc>4.158927</hAcc><vAcc>0.967089</vAcc></extensions></trkpt>
      <trkpt lon="12.493171" lat="41.890327"><ele>23.442207</ele><time>2025-03-20T10:41:21Z</time><extensions><speed>0.178580</speed><course>172.813408</course><hAcc>4.476656</hAcc><vAcc>1.061472</vAcc></extensions></trkpt>
      <trkpt lon="12.493171" lat="41.890325"><ele>23.438164</ele><time>2025-03-20T10:41:22Z</time><extensions><speed>0.127869</speed><course>187.735013</course><hAcc>4.859338</hAcc><vAcc>1.181041</vAcc></extensions></trkpt>
      <trkpt lon="12.493171" lat="41.890324"><ele>23.434136</ele><time>2025-03-20T10:41:23Z</time><extensions><speed>0.116866</speed><course>212.802002</course><hAcc>5.467035</hAcc><vAcc>1.326882</vAcc></extensions></trkpt>
    </trkseg>
  </trk>
</gpx>