<?xml version="1.0" encoding="UTF-8"?>
<gpx version="1.1" creator="Apple Health Export" xmlns="http://www.topografix.com/GPX/1/1" xmlns:xsi="http://www.w3.org/2001/XMLSchema-instance" xsi:schemaLocation="http://www.topografix.com/GPX/1/1 http://www.topografix.com/GPX/1/1/gpx.xsd">
  <metadata>
    <time>2026-06-04T15:24:56Z</time>
  </metadata>
  <trk>
    <name>Route 2026-05-08 9:39am</name>
    <trkseg>
      <trkpt lon="35.017711" lat="31.899400"><ele>257.490339</ele><time>2026-05-08T06:30:19Z</time><extensions><speed>1.938732</speed><course>140.538286</course><hAcc>4.112300</hAcc><vAcc>2.030804</vAcc></extensions></trkpt>
      <trkpt lon="35.017724" lat="31.899388"><ele>257.497074</ele><time>2026-05-08T06:30:20Z</time><extensions><speed>1.665220</speed><course>143.110190</course><hAcc>3.870047</hAcc><vAcc>1.783044</vAcc></extensions></trkpt>
      <trkpt lon="35.017732" lat="31.899378"><ele>257.501204</ele><time>2026-05-08T06:30:21Z</time><extensions><speed>1.177341</speed><course>151.144212</course><hAcc>3.704138</hAcc><vAcc>1.572827</vAcc></extensions></trkpt>
      <trkpt lon="35.017737" lat="31.899371"><ele>257.499595</ele><time>2026-05-08T06:30:22Z</time><extensions><speed>0.762511</speed><course>158.690066</course><hAcc>3.541976</hAcc><vAcc>1.395816</vAcc></extensions></trkpt>
      <trkpt lon="35.017739" lat="31.899366"><ele>257.512682</ele><time>2026-05-08T06:30:23Z</time><extensions><speed>0.476664</speed><course>161.444209</course><hAcc>3.403845</hAcc><vAcc>1.248462</vAcc></extensions></trkpt>
      <trkpt lon="35.017741" lat="31.899363"><ele>257.532599</ele><time>2026-05-08T06:30:24Z</time><extensions><speed>0.264824</speed><course>143.712979</course><hAcc>3.304737</hAcc><vAcc>1.127746</vAcc></extensions></trkpt>
      <trkpt lon="35.017743" lat="31.899362"><ele>257.568585</ele><time>2026-05-08T06:30:25Z</time><extensions><speed>0.241633</speed><course>112.270827</course><hAcc>3.243410</hAcc><vAcc>1.031151</vAcc></extensions></trkpt>
      <trkpt lon="35.017747" lat="31.899361"><ele>257.616042</ele><time>2026-05-08T06:30:26Z</time><extensions><speed>0.348156</speed><course>99.626948</course><hAcc>3.199081</hAcc><vAcc>0.956777</vAcc></extensions></trkpt>
      <trkpt lon="35.017751" lat="31.899360"><ele>257.675798</ele><time>2026-05-08T06:30:27Z</time><extensions><speed>0.529479</speed><course>101.746531</course><hAcc>3.158787</hAcc><vAcc>0.902685</vAcc></extensions></trkpt>
      <trkpt lon="35.017758" lat="31.899358"><ele>257.734119</ele><time>2026-05-08T06:30:28Z</time><extensions><speed>0.794718</speed><course>109.247806</course><hAcc>3.114700</hAcc><vAcc>0.866503</vAcc></extensions></trkpt>
      <trkpt lon="35.017768" lat="31.899354"><ele>257.789986</ele><time>2026-05-08T06:30:29Z</time><extensions><speed>1.129599</speed><course>116.571243</course><hAcc>3.063605</hAcc><vAcc>0.845625</vAcc></extensions></trkpt>
      <trkpt lon="35.017780" lat="31.899347"><ele>257.842035</ele><time>2026-05-08T06:30:30Z</time><extensions><speed>1.505196</speed><course>123.267149</course><hAcc>3.002474</hAcc><vAcc>0.837523</vAcc></extensions></trkpt>
      <trkpt lon="35.017796" lat="31.899337"><ele>257.889738</ele><time>2026-05-08T06:30:31Z</time><extensions><speed>2.031340</speed><course>127.725909</course><hAcc>2.931389</hAcc><vAcc>0.839856</vAcc></extensions></trkpt>
      <trkpt lon="35.017815" lat="31.899323"><ele>257.926878</ele><time>2026-05-08T06:30:32Z</time><extensions><speed>2.658676</speed><course>130.928137</course><hAcc>2.875655</hAcc><vAcc>0.850731</vAcc></extensions></trkpt>
      <trkpt lon="35.017839" lat="31.899306"><ele>257.966984</ele><time>2026-05-08T06:30:33Z</time><extensions><speed>3.014474</speed><course>128.135863</course><hAcc>2.821436</hAcc><vAcc>0.867759</vAcc></extensions></trkpt>
      <trkpt lon="35.017866" lat="31.899290"><ele>257.993824</ele><time>2026-05-08T06:30:34Z</time><extensions><speed>3.122914</speed><course>122.811590</course><hAcc>2.749254</hAcc><vAcc>0.888567</vAcc></extensions></trkpt>
      <trkpt lon="35.017895" lat="31.899274"><ele>258.027450</ele><time>2026-05-08T06:30:35Z</time><extensions><speed>3.154453</speed><course>120.033021</course><hAcc>2.671987</hAcc><vAcc>0.911569</vAcc></extensions></trkpt>
      <trkpt lon="35.017924" lat="31.899259"><ele>258.058694</ele><time>2026-05-08T06:30:36Z</time><extensions><speed>3.171729</speed><course>122.621538</course><hAcc>2.596245</hAcc><vAcc>0.935920</vAcc></extensions></trkpt>
      <trkpt lon="35.017954" lat="31.899243"><ele>258.095934</ele><time>2026-05-08T06:30:37Z</time><extensions><speed>3.359077</speed><course>121.330533</course><hAcc>2.521777</hAcc><vAcc>0.959983</vAcc></extensions></trkpt>
      <trkpt lon="35.017987" lat="31.899227"><ele>258.132101</ele><time>2026-05-08T06:30:38Z</time><extensions><speed>3.673463</speed><course>120.198051</course><hAcc>2.453649</hAcc><vAcc>0.983714</vAcc></extensions></trkpt>
      <trkpt lon="35.018021" lat="31.899210"><ele>258.183331</ele><time>2026-05-08T06:30:39Z</time><extensions><speed>3.749191</speed><course>119.861731</course><hAcc>2.396370</hAcc><vAcc>1.005387</vAcc></extensions></trkpt>
      <trkpt lon="35.018053" lat="31.899194"><ele>258.210409</ele><time>2026-05-08T06:30:40Z</time><extensions><speed>3.427252</speed><course>121.661857</course><hAcc>2.346194</hAcc><vAcc>1.023981</vAcc></extensions></trkpt>
      <trkpt lon="35.018084" lat="31.899178"><ele>258.315553</ele><time>2026-05-08T06:30:41Z</time><extensions><speed>3.308329</speed><course>119.665912</course><hAcc>2.301234</hAcc><vAcc>1.040915</vAcc></extensions></trkpt>
      <trkpt lon="35.018113" lat="31.899163"><ele>258.403735</ele><time>2026-05-08T06:30:42Z</time><extensions><speed>3.138060</speed><course>121.346854</course><hAcc>2.263648</hAcc><vAcc>1.055360</vAcc></extensions></trkpt>
      <trkpt lon="35.018142" lat="31.899148"><ele>258.547398</ele><time>2026-05-08T06:30:43Z</time><extensions><speed>3.055307</speed><course>122.203498</course><hAcc>2.234725</hAcc><vAcc>1.067443</vAcc></extensions></trkpt>
      <trkpt lon="35.018170" lat="31.899134"><ele>258.729423</ele><time>2026-05-08T06:30:44Z</time><extensions><speed>3.162319</speed><course>118.911705</course><hAcc>2.206711</hAcc><vAcc>1.077234</vAcc></extensions></trkpt>
      <trkpt lon="35.018201" lat="31.899121"><ele>258.941061</ele><time>2026-05-08T06:30:45Z</time><extensions><speed>3.365839</speed><course>113.943885</course><hAcc>2.180909</hAcc><vAcc>1.084480</vAcc></extensions></trkpt>
      <trkpt lon="35.018235" lat="31.899109"><ele>259.137835</ele><time>2026-05-08T06:30:46Z</time><extensions><speed>3.604242</speed><course>108.949441</course><hAcc>2.159878</hAcc><vAcc>1.089798</vAcc></extensions></trkpt>
      <trkpt lon="35.018272" lat="31.899100"><ele>259.362048</ele><time>2026-05-08T06:30:47Z</time><extensions><speed>3.685787</speed><course>105.662107</course><hAcc>2.136809</hAcc><vAcc>1.092283</vAcc></extensions></trkpt>
      <trkpt lon="35.018310" lat="31.899091"><ele>259.558979</ele><time>2026-05-08T06:30:48Z</time><extensions><speed>3.760646</speed><course>105.066746</course><hAcc>2.109579</hAcc><vAcc>1.093753</vAcc></extensions></trkpt>
      <trkpt lon="35.018348" lat="31.899082"><ele>259.769192</ele><time>2026-05-08T06:30:49Z</time><extensions><speed>3.636246</speed><course>104.491012</course><hAcc>2.086214</hAcc><vAcc>1.092312</vAcc></extensions></trkpt>
      <trkpt lon="35.018384" lat="31.899075"><ele>259.992664</ele><time>2026-05-08T06:30:50Z</time><extensions><speed>3.477472</speed><course>101.880139</course><hAcc>2.066436</hAcc><vAcc>1.090077</vAcc></extensions></trkpt>
      <trkpt lon="35.018420" lat="31.899069"><ele>260.214311</ele><time>2026-05-08T06:30:51Z</time><extensions><speed>3.459959</speed><course>100.506175</course><hAcc>2.050856</hAcc><vAcc>1.085899</vAcc></extensions></trkpt>
      <trkpt lon="35.018457" lat="31.899064"><ele>260.441622</ele><time>2026-05-08T06:30:52Z</time><extensions><speed>3.586351</speed><course>99.031502</course><hAcc>2.033122</hAcc><vAcc>1.080789</vAcc></extensions></trkpt>
      <trkpt lon="35.018495" lat="31.899058"><ele>260.660536</ele><time>2026-05-08T06:30:53Z</time><extensions><speed>3.749539</speed><course>101.996266</course><hAcc>2.015744</hAcc><vAcc>1.073950</vAcc></extensions></trkpt>
      <trkpt lon="35.018532" lat="31.899051"><ele>260.863925</ele><time>2026-05-08T06:30:54Z</time><extensions><speed>3.494256</speed><course>103.870918</course><hAcc>1.999638</hAcc><vAcc>1.065607</vAcc></extensions></trkpt>
      <trkpt lon="35.018568" lat="31.899044"><ele>261.052517</ele><time>2026-05-08T06:30:55Z</time><extensions><speed>3.437583</speed><course>101.546182</course><hAcc>1.978706</hAcc><vAcc>1.056458</vAcc></extensions></trkpt>
      <trkpt lon="35.018602" lat="31.899039"><ele>261.243946</ele><time>2026-05-08T06:30:56Z</time><extensions><speed>3.263235</speed><course>97.842056</course><hAcc>1.961746</hAcc><vAcc>1.045581</vAcc></extensions></trkpt>
      <trkpt lon="35.018638" lat="31.899036"><ele>261.427249</ele><time>2026-05-08T06:30:57Z</time><extensions><speed>3.453710</speed><course>94.506558</course><hAcc>1.943074</hAcc><vAcc>1.033441</vAcc></extensions></trkpt>
      <trkpt lon="35.018674" lat="31.899034"><ele>261.624792</ele><time>2026-05-08T06:30:59Z</time><extensions><speed>3.391958</speed><course>92.293163</course><hAcc>1.924520</hAcc><vAcc>1.019814</vAcc></extensions></trkpt>
      <trkpt lon="35.018709" lat="31.899034"><ele>261.792372</ele><time>2026-05-08T06:31:00Z</time><extensions><speed>3.421424</speed><course>88.669960</course><hAcc>1.903883</hAcc><vAcc>1.005865</vAcc></extensions></trkpt>
      <trkpt lon="35.018746" lat="31.899035"><ele>261.973118</ele><time>2026-05-08T06:31:01Z</time><extensions><speed>3.481688</speed><course>85.741157</course><hAcc>1.887949</hAcc><vAcc>0.991028</vAcc></extensions></trkpt>
      <trkpt lon="35.018782" lat="31.899039"><ele>262.145948</ele><time>2026-05-08T06:31:02Z</time><extensions><speed>3.506900</speed><course>79.584970</course><hAcc>1.873834</hAcc><vAcc>0.976473</vAcc></extensions></trkpt>
      <trkpt lon="35.018817" lat="31.899046"><ele>262.316512</ele><time>2026-05-08T06:31:03Z</time><extensions><speed>3.373136</speed><course>75.966865</course><hAcc>1.855862</hAcc><vAcc>0.961967</vAcc></extensions></trkpt>
      <trkpt lon="35.018852" lat="31.899052"><ele>262.457298</ele><time>2026-05-08T06:31:04Z</time><extensions><speed>3.295282</speed><course>80.279944</course><hAcc>1.838489</hAcc><vAcc>0.947096</vAcc></extensions></trkpt>
      <trkpt lon="35.018886" lat="31.899056"><ele>262.636192</ele><time>2026-05-08T06:31:05Z</time><extensions><speed>3.277957</speed><course>82.812260</course><hAcc>1.819822</hAcc><vAcc>0.932244</vAcc></extensions></trkpt>
      <trkpt lon="35.018920" lat="31.899061"><ele>262.776688</ele><time>2026-05-08T06:31:06Z</time><extensions><speed>3.295493</speed><course>81.460109</course><hAcc>1.803101</hAcc><vAcc>0.916714</vAcc></extensions></trkpt>
      <trkpt lon="35.018955" lat="31.899064"><ele>262.954077</ele><time>2026-05-08T06:31:07Z</time><extensions><speed>3.298728</speed><course>83.739504</course><hAcc>1.789005</hAcc><vAcc>0.901386</vAcc></extensions></trkpt>
      <trkpt lon="35.018988" lat="31.899067"><ele>263.090154</ele><time>2026-05-08T06:31:08Z</time><extensions><speed>3.041837</speed><course>86.733275</course><hAcc>1.775705</hAcc><vAcc>0.886594</vAcc></extensions></trkpt>
      <trkpt lon="35.019019" lat="31.899069"><ele>263.249525</ele><time>2026-05-08T06:31:09Z</time><extensions><speed>2.895900</speed><course>84.778509</course><hAcc>1.760426</hAcc><vAcc>0.872518</vAcc></extensions></trkpt>
      <trkpt lon="35.019050" lat="31.899072"><ele>263.405199</ele><time>2026-05-08T06:31:10Z</time><extensions><speed>2.888309</speed><course>82.405357</course><hAcc>1.743324</hAcc><vAcc>0.859265</vAcc></extensions></trkpt>
      <trkpt lon="35.019080" lat="31.899076"><ele>263.573559</ele><time>2026-05-08T06:31:11Z</time><extensions><speed>2.909899</speed><course>78.495431</course><hAcc>1.727088</hAcc><vAcc>0.846863</vAcc></extensions></trkpt>
      <trkpt lon="35.019110" lat="31.899082"><ele>263.719856</ele><time>2026-05-08T06:31:12Z</time><extensions><speed>2.947579</speed><course>76.984473</course><hAcc>1.717837</hAcc><vAcc>0.835264</vAcc></extensions></trkpt>
      <trkpt lon="35.019140" lat="31.899088"><ele>263.889796</ele><time>2026-05-08T06:31:13Z</time><extensions><speed>2.903128</speed><course>77.085642</course><hAcc>1.716935</hAcc><vAcc>0.824377</vAcc></extensions></trkpt>
      <trkpt lon="35.019170" lat="31.899094"><ele>264.041314</ele><time>2026-05-08T06:31:14Z</time><extensions><speed>2.863484</speed><course>75.584571</course><hAcc>1.698986</hAcc><vAcc>0.814140</vAcc></extensions></trkpt>
      <trkpt lon="35.019199" lat="31.899101"><ele>264.209823</ele><time>2026-05-08T06:31:15Z</time><extensions><speed>2.796459</speed><course>74.629010</course><hAcc>1.682137</hAcc><vAcc>0.804570</vAcc></extensions></trkpt>
      <trkpt lon="35.019227" lat="31.899108"><ele>264.379100</ele><time>2026-05-08T06:31:16Z</time><extensions><speed>2.818450</speed><course>72.971869</course><hAcc>1.666247</hAcc><vAcc>0.795867</vAcc></extensions></trkpt>
      <trkpt lon="35.019256" lat="31.899115"><ele>264.552430</ele><time>2026-05-08T06:31:17Z</time><extensions><speed>2.865758</speed><course>72.606338</course><hAcc>1.655834</hAcc><vAcc>0.788044</vAcc></extensions></trkpt>
      <trkpt lon="35.019285" lat="31.899123"><ele>264.732938</ele><time>2026-05-08T06:31:18Z</time><extensions><speed>2.980309</speed><course>71.336898</course><hAcc>1.649030</hAcc><vAcc>0.781382</vAcc></extensions></trkpt>
      <trkpt lon="35.019315" lat="31.899132"><ele>264.926574</ele><time>2026-05-08T06:31:19Z</time><extensions><speed>2.915991</speed><course>69.505407</course><hAcc>1.638861</hAcc><vAcc>0.775757</vAcc></extensions></trkpt>
      <trkpt lon="35.019343" lat="31.899142"><ele>265.119874</ele><time>2026-05-08T06:31:20Z</time><extensions><speed>2.849250</speed><course>64.227236</course><hAcc>1.631038</hAcc><vAcc>0.771386</vAcc></extensions></trkpt>
      <trkpt lon="35.019369" lat="31.899154"><ele>265.311440</ele><time>2026-05-08T06:31:21Z</time><extensions><speed>2.863854</speed><course>60.310646</course><hAcc>1.624765</hAcc><vAcc>0.768024</vAcc></extensions></trkpt>
      <trkpt lon="35.019395" lat="31.899167"><ele>265.500754</ele><time>2026-05-08T06:31:22Z</time><extensions><speed>2.829315</speed><course>60.320234</course><hAcc>1.618931</hAcc><vAcc>0.765856</vAcc></extensions></trkpt>
      <trkpt lon="35.019422" lat="31.899179"><ele>265.687658</ele><time>2026-05-08T06:31:23Z</time><extensions><speed>2.944674</speed><course>63.235984</course><hAcc>1.616237</hAcc><vAcc>0.764894</vAcc></extensions></trkpt>
      <trkpt lon="35.019451" lat="31.899191"><ele>265.868852</ele><time>2026-05-08T06:31:24Z</time><extensions><speed>3.036721</speed><course>65.117564</course><hAcc>1.612572</hAcc><vAcc>0.765084</vAcc></extensions></trkpt>
      <trkpt lon="35.019480" lat="31.899201"><ele>266.046378</ele><time>2026-05-08T06:31:25Z</time><extensions><speed>2.997405</speed><course>68.711589</course><hAcc>1.610051</hAcc><vAcc>0.766177</vAcc></extensions></trkpt>
      <trkpt lon="35.019509" lat="31.899210"><ele>266.222110</ele><time>2026-05-08T06:31:26Z</time><extensions><speed>2.849802</speed><course>72.420480</course><hAcc>1.610665</hAcc><vAcc>0.768102</vAcc></extensions></trkpt>
      <trkpt lon="35.019537" lat="31.899217"><ele>266.375526</ele><time>2026-05-08T06:31:27Z</time><extensions><speed>2.707952</speed><course>77.653718</course><hAcc>1.610197</hAcc><vAcc>0.770803</vAcc></extensions></trkpt>
      <trkpt lon="35.019565" lat="31.899221"><ele>266.517095</ele><time>2026-05-08T06:31:28Z</time><extensions><speed>2.710252</speed><course>82.169113</course><hAcc>1.612560</hAcc><vAcc>0.774060</vAcc></extensions></trkpt>
      <trkpt lon="35.019594" lat="31.899224"><ele>266.646363</ele><time>2026-05-08T06:31:29Z</time><extensions><speed>2.851117</speed><course>83.695848</course><hAcc>1.617871</hAcc><vAcc>0.778077</vAcc></extensions></trkpt>
      <trkpt lon="35.019623" lat="31.899227"><ele>266.759827</ele><time>2026-05-08T06:31:30Z</time><extensions><speed>2.747577</speed><course>80.758078</course><hAcc>1.622575</hAcc><vAcc>0.782898</vAcc></extensions></trkpt>
      <trkpt lon="35.019651" lat="31.899232"><ele>266.849125</ele><time>2026-05-08T06:31:31Z</time><extensions><speed>2.599915</speed><course>77.844029</course><hAcc>1.624139</hAcc><vAcc>0.788414</vAcc></extensions></trkpt>
      <trkpt lon="35.019677" lat="31.899237"><ele>266.930143</ele><time>2026-05-08T06:31:32Z</time><extensions><speed>2.452239</speed><course>76.796473</course><hAcc>1.627636</hAcc><vAcc>0.794161</vAcc></extensions></trkpt>
      <trkpt lon="35.019703" lat="31.899242"><ele>267.004539</ele><time>2026-05-08T06:31:33Z</time><extensions><speed>2.409437</speed><course>76.573229</course><hAcc>1.629978</hAcc><vAcc>0.798099</vAcc></extensions></trkpt>
      <trkpt lon="35.019728" lat="31.899247"><ele>267.072327</ele><time>2026-05-08T06:31:34Z</time><extensions><speed>2.425861</speed><course>76.955473</course><hAcc>1.623189</hAcc><vAcc>0.803065</vAcc></extensions></trkpt>
      <trkpt lon="35.019753" lat="31.899251"><ele>267.153063</ele><time>2026-05-08T06:31:35Z</time><extensions><speed>2.451332</speed><course>79.834417</course><hAcc>1.610478</hAcc><vAcc>0.806677</vAcc></extensions></trkpt>
      <trkpt lon="35.019779" lat="31.899254"><ele>267.183537</ele><time>2026-05-08T06:31:36Z</time><extensions><speed>2.437979</speed><course>84.925433</course><hAcc>1.590743</hAcc><vAcc>0.809679</vAcc></extensions></trkpt>
      <trkpt lon="35.019806" lat="31.899256"><ele>267.243031</ele><time>2026-05-08T06:31:37Z</time><extensions><speed>2.434984</speed><course>85.694958</course><hAcc>1.558503</hAcc><vAcc>0.811245</vAcc></extensions></trkpt>
      <trkpt lon="35.019831" lat="31.899259"><ele>267.262171</ele><time>2026-05-08T06:31:38Z</time><extensions><speed>2.318197</speed><course>80.537714</course><hAcc>1.523787</hAcc><vAcc>0.811876</vAcc></extensions></trkpt>
      <trkpt lon="35.019855" lat="31.899262"><ele>267.300672</ele><time>2026-05-08T06:31:39Z</time><extensions><speed>2.194667</speed><course>79.115479</course><hAcc>1.506185</hAcc><vAcc>0.811512</vAcc></extensions></trkpt>
      <trkpt lon="35.019874" lat="31.899264"><ele>267.347023</ele><time>2026-05-08T06:31:40Z</time><extensions><speed>1.458891</speed><course>87.198882</course><hAcc>1.527310</hAcc><vAcc>0.810103</vAcc></extensions></trkpt>
      <trkpt lon="35.019890" lat="31.899266"><ele>267.403997</ele><time>2026-05-08T06:31:41Z</time><extensions><speed>1.563541</speed><course>83.318847</course><hAcc>1.520065</hAcc><vAcc>0.807635</vAcc></extensions></trkpt>
      <trkpt lon="35.019908" lat="31.899269"><ele>267.463890</ele><time>2026-05-08T06:31:42Z</time><extensions><speed>1.759526</speed><course>73.764043</course><hAcc>1.494081</hAcc><vAcc>0.804182</vAcc></extensions></trkpt>
      <trkpt lon="35.019928" lat="31.899274"><ele>267.547378</ele><time>2026-05-08T06:31:43Z</time><extensions><speed>2.147694</speed><course>74.623572</course><hAcc>1.483104</hAcc><vAcc>0.799936</vAcc></extensions></trkpt>
      <trkpt lon="35.019948" lat="31.899279"><ele>267.636883</ele><time>2026-05-08T06:31:44Z</time><extensions><speed>1.919542</speed><course>72.264879</course><hAcc>1.526272</hAcc><vAcc>0.795143</vAcc></extensions></trkpt>
      <trkpt lon="35.019971" lat="31.899285"><ele>267.745585</ele><time>2026-05-08T06:31:45Z</time><extensions><speed>2.587728</speed><course>73.267958</course><hAcc>1.537604</hAcc><vAcc>0.790033</vAcc></extensions></trkpt>
      <trkpt lon="35.019996" lat="31.899292"><ele>267.861526</ele><time>2026-05-08T06:31:46Z</time><extensions><speed>2.367991</speed><course>73.949678</course><hAcc>1.575574</hAcc><vAcc>0.784844</vAcc></extensions></trkpt>
      <trkpt lon="35.020023" lat="31.899299"><ele>267.991811</ele><time>2026-05-08T06:31:47Z</time><extensions><speed>2.964258</speed><course>72.638537</course><hAcc>1.581781</hAcc><vAcc>0.779826</vAcc></extensions></trkpt>
      <trkpt lon="35.020054" lat="31.899307"><ele>268.137673</ele><time>2026-05-08T06:31:48Z</time><extensions><speed>3.106708</speed><course>70.721895</course><hAcc>1.602678</hAcc><vAcc>0.775202</vAcc></extensions></trkpt>
      <trkpt lon="35.020085" lat="31.899315"><ele>268.301119</ele><time>2026-05-08T06:31:49Z</time><extensions><speed>3.037294</speed><course>74.388571</course><hAcc>1.637502</hAcc><vAcc>0.771123</vAcc></extensions></trkpt>
      <trkpt lon="35.020116" lat="31.899322"><ele>268.476462</ele><time>2026-05-08T06:31:50Z</time><extensions><speed>3.109712</speed><course>78.193733</course><hAcc>1.668554</hAcc><vAcc>0.767660</vAcc></extensions></trkpt>
      <trkpt lon="35.020148" lat="31.899326"><ele>268.653928</ele><time>2026-05-08T06:31:51Z</time><extensions><speed>3.129593</speed><course>81.562670</course><hAcc>1.683341</hAcc><vAcc>0.764818</vAcc></extensions></trkpt>
      <trkpt lon="35.020180" lat="31.899331"><ele>268.840941</ele><time>2026-05-08T06:31:52Z</time><extensions><speed>3.047896</speed><course>78.775843</course><hAcc>1.690929</hAcc><vAcc>0.762560</vAcc></extensions></trkpt>
      <trkpt lon="35.020212" lat="31.899337"><ele>269.041914</ele><time>2026-05-08T06:31:53Z</time><extensions><speed>3.062138</speed><course>75.751166</course><hAcc>1.694573</hAcc><vAcc>0.760820</vAcc></extensions></trkpt>
      <trkpt lon="35.020242" lat="31.899345"><ele>269.238416</ele><time>2026-05-08T06:31:54Z</time><extensions><speed>3.086062</speed><course>69.448381</course><hAcc>1.695908</hAcc><vAcc>0.759519</vAcc></extensions></trkpt>
      <trkpt lon="35.020272" lat="31.899356"><ele>269.442783</ele><time>2026-05-08T06:31:54Z</time><extensions><speed>3.134691</speed><course>63.946153</course><hAcc>1.696741</hAcc><vAcc>0.758576</vAcc></extensions></trkpt>
      <trkpt lon="35.020301" lat="31.899369"><ele>269.639052</ele><time>2026-05-08T06:31:55Z</time><extensions><speed>3.136483</speed><course>59.902616</course><hAcc>1.700597</hAcc><vAcc>0.757913</vAcc></extensions></trkpt>
      <trkpt lon="35.020330" lat="31.899384"><ele>269.819283</ele><time>2026-05-08T06:31:56Z</time><extensions><speed>3.277470</speed><course>56.686625</course><hAcc>1.703761</hAcc><vAcc>0.757464</vAcc></extensions></trkpt>
      <trkpt lon="35.020358" lat="31.899400"><ele>269.979044</ele><time>2026-05-08T06:31:57Z</time><extensions><speed>3.155423</speed><course>55.330850</course><hAcc>1.707100</hAcc><vAcc>0.757172</vAcc></extensions></trkpt>
      <trkpt lon="35.020385" lat="31.899416"><ele>270.144115</ele><time>2026-05-08T06:31:58Z</time><extensions><speed>3.028408</speed><course>56.662741</course><hAcc>1.710371</hAcc><vAcc>0.756989</vAcc></extensions></trkpt>
      <trkpt lon="35.020411" lat="31.899429"><ele>270.288938</ele><time>2026-05-08T06:31:59Z</time><extensions><speed>2.809035</speed><course>63.298721</course><hAcc>1.712783</hAcc><vAcc>0.756882</vAcc></extensions></trkpt>
      <trkpt lon="35.020439" lat="31.899438"><ele>270.444094</ele><time>2026-05-08T06:32:00Z</time><extensions><speed>2.824016</speed><course>73.510047</course><hAcc>1.715793</hAcc><vAcc>0.756824</vAcc></extensions></trkpt>
      <trkpt lon="35.020466" lat="31.899445"><ele>270.581612</ele><time>2026-05-08T06:32:01Z</time><extensions><speed>2.656961</speed><course>74.787084</course><hAcc>1.716386</hAcc><vAcc>0.756795</vAcc></extensions></trkpt>
      <trkpt lon="35.020493" lat="31.899451"><ele>270.708452</ele><time>2026-05-08T06:32:02Z</time><extensions><speed>2.563724</speed><course>73.469958</course><hAcc>1.718789</hAcc><vAcc>0.756783</vAcc></extensions></trkpt>
      <trkpt lon="35.020519" lat="31.899458"><ele>270.815055</ele><time>2026-05-08T06:32:03Z</time><extensions><speed>2.581886</speed><course>71.757138</course><hAcc>1.723053</hAcc><vAcc>0.756779</vAcc></extensions></trkpt>
      <trkpt lon="35.020545" lat="31.899465"><ele>270.911212</ele><time>2026-05-08T06:32:04Z</time><extensions><speed>2.664062</speed><course>73.722909</course><hAcc>1.729543</hAcc><vAcc>0.756779</vAcc></extensions></trkpt>
      <trkpt lon="35.020572" lat="31.899470"><ele>270.992418</ele><time>2026-05-08T06:32:05Z</time><extensions><speed>2.606158</speed><course>78.530282</course><hAcc>1.735058</hAcc><vAcc>0.756779</vAcc></extensions></trkpt>
      <trkpt lon="35.020599" lat="31.899473"><ele>271.065768</ele><time>2026-05-08T06:32:06Z</time><extensions><speed>2.548553</speed><course>86.159836</course><hAcc>1.735599</hAcc><vAcc>0.756779</vAcc></extensions></trkpt>
      <trkpt lon="35.020626" lat="31.899474"><ele>271.129785</ele><time>2026-05-08T06:32:07Z</time><extensions><speed>2.602545</speed><course>90.120868</course><hAcc>1.733283</hAcc><vAcc>0.756777</vAcc></extensions></trkpt>
      <trkpt lon="35.020652" lat="31.899475"><ele>271.190065</ele><time>2026-05-08T06:32:08Z</time><extensions><speed>2.463886</speed><course>85.987994</course><hAcc>1.731107</hAcc><vAcc>0.756774</vAcc></extensions></trkpt>
      <trkpt lon="35.020678" lat="31.899477"><ele>271.252855</ele><time>2026-05-08T06:32:09Z</time><extensions><speed>2.501637</speed><course>82.180373</course><hAcc>1.724457</hAcc><vAcc>0.756770</vAcc></extensions></trkpt>
      <trkpt lon="35.020703" lat="31.899481"><ele>271.283511</ele><time>2026-05-08T06:32:10Z</time><extensions><speed>2.425646</speed><course>75.790824</course><hAcc>1.717570</hAcc><vAcc>0.756766</vAcc></extensions></trkpt>
      <trkpt lon="35.020728" lat="31.899487"><ele>271.288290</ele><time>2026-05-08T06:32:11Z</time><extensions><speed>2.487255</speed><course>71.371261</course><hAcc>1.711410</hAcc><vAcc>0.756761</vAcc></extensions></trkpt>
      <trkpt lon="35.020753" lat="31.899495"><ele>271.308409</ele><time>2026-05-08T06:32:12Z</time><extensions><speed>2.601997</speed><course>69.376591</course><hAcc>1.710969</hAcc><vAcc>0.756757</vAcc></extensions></trkpt>
      <trkpt lon="35.020780" lat="31.899502"><ele>271.325357</ele><time>2026-05-08T06:32:13Z</time><extensions><speed>2.666317</speed><course>74.695973</course><hAcc>1.712764</hAcc><vAcc>0.756753</vAcc></extensions></trkpt>
      <trkpt lon="35.020808" lat="31.899506"><ele>271.346533</ele><time>2026-05-08T06:32:14Z</time><extensions><speed>2.738056</speed><course>85.434476</course><hAcc>1.717315</hAcc><vAcc>0.756749</vAcc></extensions></trkpt>
      <trkpt lon="35.020836" lat="31.899506"><ele>271.359282</ele><time>2026-05-08T06:32:15Z</time><extensions><speed>2.584239</speed><course>95.450950</course><hAcc>1.720671</hAcc><vAcc>0.756747</vAcc></extensions></trkpt>
      <trkpt lon="35.020863" lat="31.899503"><ele>271.374388</ele><time>2026-05-08T06:32:16Z</time><extensions><speed>2.601981</speed><course>96.464671</course><hAcc>1.724440</hAcc><vAcc>0.756744</vAcc></extensions></trkpt>
      <trkpt lon="35.020889" lat="31.899501"><ele>271.396048</ele><time>2026-05-08T06:32:17Z</time><extensions><speed>2.426505</speed><course>93.483545</course><hAcc>1.726722</hAcc><vAcc>0.756742</vAcc></extensions></trkpt>
      <trkpt lon="35.020914" lat="31.899499"><ele>271.422148</ele><time>2026-05-08T06:32:18Z</time><extensions><speed>2.369675</speed><course>95.244338</course><hAcc>1.728554</hAcc><vAcc>0.756741</vAcc></extensions></trkpt>
      <trkpt lon="35.020939" lat="31.899497"><ele>271.458347</ele><time>2026-05-08T06:32:19Z</time><extensions><speed>2.285624</speed><course>95.246874</course><hAcc>1.729419</hAcc><vAcc>0.756914</vAcc></extensions></trkpt>
      <trkpt lon="35.020962" lat="31.899496"><ele>271.505055</ele><time>2026-05-08T06:32:20Z</time><extensions><speed>2.248514</speed><course>90.898133</course><hAcc>1.731998</hAcc><vAcc>0.757002</vAcc></extensions></trkpt>
      <trkpt lon="35.020988" lat="31.899496"><ele>271.551624</ele><time>2026-05-08T06:32:21Z</time><extensions><speed>2.554157</speed><course>87.130326</course><hAcc>1.730976</hAcc><vAcc>0.757102</vAcc></extensions></trkpt>
      <trkpt lon="35.021016" lat="31.899498"><ele>271.614680</ele><time>2026-05-08T06:32:22Z</time><extensions><speed>2.840392</speed><course>85.455909</course><hAcc>1.724611</hAcc><vAcc>0.757333</vAcc></extensions></trkpt>
      <trkpt lon="35.021046" lat="31.899499"><ele>271.670997</ele><time>2026-05-08T06:32:23Z</time><extensions><speed>2.935319</speed><course>85.908623</course><hAcc>1.721495</hAcc><vAcc>0.757516</vAcc></extensions></trkpt>
      <trkpt lon="35.021077" lat="31.899500"><ele>271.708123</ele><time>2026-05-08T06:32:24Z</time><extensions><speed>2.923808</speed><course>90.641635</course><hAcc>1.718949</hAcc><vAcc>0.757970</vAcc></extensions></trkpt>
      <trkpt lon="35.021108" lat="31.899499"><ele>271.780051</ele><time>2026-05-08T06:32:25Z</time><extensions><speed>2.909154</speed><course>94.158237</course><hAcc>1.715096</hAcc><vAcc>0.758449</vAcc></extensions></trkpt>
      <trkpt lon="35.021137" lat="31.899496"><ele>271.836830</ele><time>2026-05-08T06:32:26Z</time><extensions><speed>2.752830</speed><course>99.303130</course><hAcc>1.712814</hAcc><vAcc>0.758999</vAcc></extensions></trkpt>
      <trkpt lon="35.021166" lat="31.899491"><ele>271.926275</ele><time>2026-05-08T06:32:27Z</time><extensions><speed>2.702773</speed><course>102.373594</course><hAcc>1.709963</hAcc><vAcc>0.759577</vAcc></extensions></trkpt>
      <trkpt lon="35.021194" lat="31.899486"><ele>272.029424</ele><time>2026-05-08T06:32:28Z</time><extensions><speed>2.701801</speed><course>100.615555</course><hAcc>1.704049</hAcc><vAcc>0.760126</vAcc></extensions></trkpt>
      <trkpt lon="35.021222" lat="31.899483"><ele>272.141462</ele><time>2026-05-08T06:32:29Z</time><extensions><speed>2.715287</speed><course>97.118396</course><hAcc>1.696410</hAcc><vAcc>0.760650</vAcc></extensions></trkpt>
      <trkpt lon="35.021251" lat="31.899480"><ele>272.252602</ele><time>2026-05-08T06:32:30Z</time><extensions><speed>2.757417</speed><course>93.002983</course><hAcc>1.692444</hAcc><vAcc>0.761123</vAcc></extensions></trkpt>
      <trkpt lon="35.021280" lat="31.899479"><ele>272.381348</ele><time>2026-05-08T06:32:31Z</time><extensions><speed>2.830432</speed><course>92.169790</course><hAcc>1.691543</hAcc><vAcc>0.761523</vAcc></extensions></trkpt>
      <trkpt lon="35.021310" lat="31.899476"><ele>272.504697</ele><time>2026-05-08T06:32:32Z</time><extensions><speed>2.898392</speed><course>101.046264</course><hAcc>1.691693</hAcc><vAcc>0.761829</vAcc></extensions></trkpt>
      <trkpt lon="35.021340" lat="31.899471"><ele>272.634675</ele><time>2026-05-08T06:32:33Z</time><extensions><speed>2.862222</speed><course>101.892355</course><hAcc>1.689826</hAcc><vAcc>0.762008</vAcc></extensions></trkpt>
      <trkpt lon="35.021369" lat="31.899467"><ele>272.764581</ele><time>2026-05-08T06:32:34Z</time><extensions><speed>2.658540</speed><course>96.199192</course><hAcc>1.692017</hAcc><vAcc>0.762027</vAcc></extensions></trkpt>
      <trkpt lon="35.021397" lat="31.899467"><ele>272.897458</ele><time>2026-05-08T06:32:35Z</time><extensions><speed>2.790533</speed><course>85.143906</course><hAcc>1.693091</hAcc><vAcc>0.761862</vAcc></extensions></trkpt>
      <trkpt lon="35.021427" lat="31.899469"><ele>273.036599</ele><time>2026-05-08T06:32:36Z</time><extensions><speed>2.903850</speed><course>86.346994</course><hAcc>1.695860</hAcc><vAcc>0.761520</vAcc></extensions></trkpt>
      <trkpt lon="35.021457" lat="31.899469"><ele>273.176183</ele><time>2026-05-08T06:32:37Z</time><extensions><speed>2.761471</speed><course>91.728852</course><hAcc>1.695445</hAcc><vAcc>0.761036</vAcc></extensions></trkpt>
      <trkpt lon="35.021486" lat="31.899467"><ele>273.330844</ele><time>2026-05-08T06:32:38Z</time><extensions><speed>2.786364</speed><course>95.639480</course><hAcc>1.692437</hAcc><vAcc>0.760464</vAcc></extensions></trkpt>
      <trkpt lon="35.021515" lat="31.899465"><ele>273.484276</ele><time>2026-05-08T06:32:39Z</time><extensions><speed>2.711789</speed><course>96.312409</course><hAcc>1.689057</hAcc><vAcc>0.759863</vAcc></extensions></trkpt>
      <trkpt lon="35.021543" lat="31.899462"><ele>273.648071</ele><time>2026-05-08T06:32:40Z</time><extensions><speed>2.538179</speed><course>95.580879</course><hAcc>1.687198</hAcc><vAcc>0.759280</vAcc></extensions></trkpt>
      <trkpt lon="35.021570" lat="31.899460"><ele>273.813736</ele><time>2026-05-08T06:32:41Z</time><extensions><speed>2.681115</speed><course>96.461731</course><hAcc>1.689213</hAcc><vAcc>0.758746</vAcc></extensions></trkpt>
      <trkpt lon="35.021599" lat="31.899456"><ele>273.990294</ele><time>2026-05-08T06:32:42Z</time><extensions><speed>2.780032</speed><course>100.196748</course><hAcc>1.691111</hAcc><vAcc>0.758280</vAcc></extensions></trkpt>
      <trkpt lon="35.021629" lat="31.899453"><ele>274.166180</ele><time>2026-05-08T06:32:43Z</time><extensions><speed>2.943470</speed><course>95.962677</course><hAcc>1.693680</hAcc><vAcc>0.757890</vAcc></extensions></trkpt>
      <trkpt lon="35.021660" lat="31.899451"><ele>274.340756</ele><time>2026-05-08T06:32:44Z</time><extensions><speed>3.032849</speed><course>92.758523</course><hAcc>1.695877</hAcc><vAcc>0.757574</vAcc></extensions></trkpt>
      <trkpt lon="35.021692" lat="31.899449"><ele>274.526616</ele><time>2026-05-08T06:32:45Z</time><extensions><speed>3.113217</speed><course>91.647081</course><hAcc>1.700784</hAcc><vAcc>0.757327</vAcc></extensions></trkpt>
      <trkpt lon="35.021725" lat="31.899449"><ele>274.702857</ele><time>2026-05-08T06:32:46Z</time><extensions><speed>3.025664</speed><course>92.278561</course><hAcc>1.705289</hAcc><vAcc>0.757140</vAcc></extensions></trkpt>
      <trkpt lon="35.021756" lat="31.899447"><ele>274.882439</ele><time>2026-05-08T06:32:47Z</time><extensions><speed>2.836534</speed><course>93.957516</course><hAcc>1.708741</hAcc><vAcc>0.757003</vAcc></extensions></trkpt>
      <trkpt lon="35.021786" lat="31.899447"><ele>275.066043</ele><time>2026-05-08T06:32:48Z</time><extensions><speed>2.879494</speed><course>90.126156</course><hAcc>1.711941</hAcc><vAcc>0.756906</vAcc></extensions></trkpt>
      <trkpt lon="35.021816" lat="31.899448"><ele>275.254576</ele><time>2026-05-08T06:32:49Z</time><extensions><speed>2.936624</speed><course>86.579938</course><hAcc>1.716132</hAcc><vAcc>0.756840</vAcc></extensions></trkpt>
      <trkpt lon="35.021848" lat="31.899449"><ele>275.446052</ele><time>2026-05-08T06:32:50Z</time><extensions><speed>2.991281</speed><course>85.957713</course><hAcc>1.716275</hAcc><vAcc>0.756796</vAcc></extensions></trkpt>
      <trkpt lon="35.021879" lat="31.899451"><ele>275.611706</ele><time>2026-05-08T06:32:51Z</time><extensions><speed>2.981881</speed><course>88.443943</course><hAcc>1.713941</hAcc><vAcc>0.756769</vAcc></extensions></trkpt>
      <trkpt lon="35.021911" lat="31.899450"><ele>275.786487</ele><time>2026-05-08T06:32:52Z</time><extensions><speed>2.961281</speed><course>92.403195</course><hAcc>1.712618</hAcc><vAcc>0.756753</vAcc></extensions></trkpt>
      <trkpt lon="35.021943" lat="31.899448"><ele>275.934148</ele><time>2026-05-08T06:32:53Z</time><extensions><speed>3.065125</speed><course>95.788906</course><hAcc>1.709434</hAcc><vAcc>0.756745</vAcc></extensions></trkpt>
      <trkpt lon="35.021975" lat="31.899445"><ele>276.082288</ele><time>2026-05-08T06:32:54Z</time><extensions><speed>3.134595</speed><course>98.316041</course><hAcc>1.704888</hAcc><vAcc>0.756743</vAcc></extensions></trkpt>
      <trkpt lon="35.022008" lat="31.899441"><ele>276.238085</ele><time>2026-05-08T06:32:55Z</time><extensions><speed>3.081125</speed><course>97.147648</course><hAcc>1.707327</hAcc><vAcc>0.756745</vAcc></extensions></trkpt>
      <trkpt lon="35.022040" lat="31.899439"><ele>276.375737</ele><time>2026-05-08T06:32:56Z</time><extensions><speed>3.076554</speed><course>91.494821</course><hAcc>1.712285</hAcc><vAcc>0.756748</vAcc></extensions></trkpt>
      <trkpt lon="35.022073" lat="31.899438"><ele>276.479162</ele><time>2026-05-08T06:32:57Z</time><extensions><speed>3.072946</speed><course>91.942185</course><hAcc>1.717898</hAcc><vAcc>0.756753</vAcc></extensions></trkpt>
      <trkpt lon="35.022106" lat="31.899438"><ele>276.558151</ele><time>2026-05-08T06:32:58Z</time><extensions><speed>3.159984</speed><course>90.359626</course><hAcc>1.724690</hAcc><vAcc>0.756758</vAcc></extensions></trkpt>
      <trkpt lon="35.022139" lat="31.899439"><ele>276.613439</ele><time>2026-05-08T06:32:59Z</time><extensions><speed>3.045584</speed><course>84.656386</course><hAcc>1.730761</hAcc><vAcc>0.756764</vAcc></extensions></trkpt>
      <trkpt lon="35.022170" lat="31.899441"><ele>276.627350</ele><time>2026-05-08T06:33:00Z</time><extensions><speed>2.900508</speed><course>85.986017</course><hAcc>1.740559</hAcc><vAcc>0.756770</vAcc></extensions></trkpt>
      <trkpt lon="35.022201" lat="31.899442"><ele>276.645704</ele><time>2026-05-08T06:33:01Z</time><extensions><speed>2.994091</speed><course>88.674858</course><hAcc>1.749204</hAcc><vAcc>0.756778</vAcc></extensions></trkpt>
      <trkpt lon="35.022234" lat="31.899442"><ele>276.636180</ele><time>2026-05-08T06:33:02Z</time><extensions><speed>3.259012</speed><course>90.115709</course><hAcc>1.757107</hAcc><vAcc>0.756788</vAcc></extensions></trkpt>
      <trkpt lon="35.022268" lat="31.899442"><ele>276.610512</ele><time>2026-05-08T06:33:03Z</time><extensions><speed>3.197976</speed><course>92.425569</course><hAcc>1.758336</hAcc><vAcc>0.756801</vAcc></extensions></trkpt>
      <trkpt lon="35.022302" lat="31.899440"><ele>276.552087</ele><time>2026-05-08T06:33:05Z</time><extensions><speed>3.095045</speed><course>94.227876</course><hAcc>1.763666</hAcc><vAcc>0.756807</vAcc></extensions></trkpt>
      <trkpt lon="35.022334" lat="31.899437"><ele>276.485979</ele><time>2026-05-08T06:33:06Z</time><extensions><speed>3.146254</speed><course>97.407290</course><hAcc>1.768163</hAcc><vAcc>0.756793</vAcc></extensions></trkpt>
      <trkpt lon="35.022367" lat="31.899433"><ele>276.396727</ele><time>2026-05-08T06:33:07Z</time><extensions><speed>3.144210</speed><course>99.288002</course><hAcc>1.771484</hAcc><vAcc>0.756782</vAcc></extensions></trkpt>
      <trkpt lon="35.022401" lat="31.899428"><ele>276.302391</ele><time>2026-05-08T06:33:08Z</time><extensions><speed>3.386443</speed><course>102.690250</course><hAcc>1.768823</hAcc><vAcc>0.756774</vAcc></extensions></trkpt>
      <trkpt lon="35.022437" lat="31.899421"><ele>276.194339</ele><time>2026-05-08T06:33:09Z</time><extensions><speed>3.571237</speed><course>103.617869</course><hAcc>1.767904</hAcc><vAcc>0.756768</vAcc></extensions></trkpt>
      <trkpt lon="35.022474" lat="31.899412"><ele>276.063692</ele><time>2026-05-08T06:33:10Z</time><extensions><speed>3.617757</speed><course>106.073034</course><hAcc>1.774721</hAcc><vAcc>0.756763</vAcc></extensions></trkpt>
      <trkpt lon="35.022510" lat="31.899403"><ele>275.918868</ele><time>2026-05-08T06:33:11Z</time><extensions><speed>3.482686</speed><course>105.951123</course><hAcc>1.782328</hAcc><vAcc>0.756759</vAcc></extensions></trkpt>
      <trkpt lon="35.022544" lat="31.899396"><ele>275.797314</ele><time>2026-05-08T06:33:12Z</time><extensions><speed>3.197996</speed><course>101.692199</course><hAcc>1.785333</hAcc><vAcc>0.756755</vAcc></extensions></trkpt>
      <trkpt lon="35.022577" lat="31.899391"><ele>275.625365</ele><time>2026-05-08T06:33:13Z</time><extensions><speed>3.124939</speed><course>100.541424</course><hAcc>1.781012</hAcc><vAcc>0.756752</vAcc></extensions></trkpt>
      <trkpt lon="35.022609" lat="31.899386"><ele>275.445170</ele><time>2026-05-08T06:33:14Z</time><extensions><speed>3.113436</speed><course>100.561576</course><hAcc>1.782048</hAcc><vAcc>0.756750</vAcc></extensions></trkpt>
      <trkpt lon="35.022642" lat="31.899381"><ele>275.290833</ele><time>2026-05-08T06:33:15Z</time><extensions><speed>3.052345</speed><course>98.905958</course><hAcc>1.782986</hAcc><vAcc>0.756747</vAcc></extensions></trkpt>
      <trkpt lon="35.022673" lat="31.899378"><ele>275.130949</ele><time>2026-05-08T06:33:16Z</time><extensions><speed>2.883746</speed><course>93.127430</course><hAcc>1.779904</hAcc><vAcc>0.756745</vAcc></extensions></trkpt>
      <trkpt lon="35.022703" lat="31.899377"><ele>274.971397</ele><time>2026-05-08T06:33:17Z</time><extensions><speed>2.866303</speed><course>90.332186</course><hAcc>1.775250</hAcc><vAcc>0.756983</vAcc></extensions></trkpt>
      <trkpt lon="35.022735" lat="31.899378"><ele>274.793786</ele><time>2026-05-08T06:33:18Z</time><extensions><speed>3.078567</speed><course>88.784863</course><hAcc>1.766687</hAcc><vAcc>0.757125</vAcc></extensions></trkpt>
      <trkpt lon="35.022769" lat="31.899377"><ele>274.600633</ele><time>2026-05-08T06:33:19Z</time><extensions><speed>3.490342</speed><course>93.294458</course><hAcc>1.761620</hAcc><vAcc>0.757270</vAcc></extensions></trkpt>
      <trkpt lon="35.022806" lat="31.899374"><ele>274.413449</ele><time>2026-05-08T06:33:20Z</time><extensions><speed>3.425717</speed><course>97.608398</course><hAcc>1.759984</hAcc><vAcc>0.757440</vAcc></extensions></trkpt>
      <trkpt lon="35.022840" lat="31.899370"><ele>274.225183</ele><time>2026-05-08T06:33:21Z</time><extensions><speed>3.062806</speed><course>96.701106</course><hAcc>1.744914</hAcc><vAcc>0.757631</vAcc></extensions></trkpt>
      <trkpt lon="35.022870" lat="31.899366"><ele>274.029661</ele><time>2026-05-08T06:33:22Z</time><extensions><speed>2.802212</speed><course>98.941876</course><hAcc>1.734689</hAcc><vAcc>0.757840</vAcc></extensions></trkpt>
      <trkpt lon="35.022900" lat="31.899362"><ele>273.831720</ele><time>2026-05-08T06:33:23Z</time><extensions><speed>2.849811</speed><course>101.446965</course><hAcc>1.733944</hAcc><vAcc>0.758057</vAcc></extensions></trkpt>
      <trkpt lon="35.022931" lat="31.899357"><ele>273.636704</ele><time>2026-05-08T06:33:24Z</time><extensions><speed>3.211583</speed><course>99.308007</course><hAcc>1.722349</hAcc><vAcc>0.758470</vAcc></extensions></trkpt>
      <trkpt lon="35.022966" lat="31.899352"><ele>273.442639</ele><time>2026-05-08T06:33:25Z</time><extensions><speed>3.493060</speed><course>96.806309</course><hAcc>1.716757</hAcc><vAcc>0.758970</vAcc></extensions></trkpt>
      <trkpt lon="35.023002" lat="31.899348"><ele>273.260551</ele><time>2026-05-08T06:33:26Z</time><extensions><speed>3.427491</speed><course>96.825983</course><hAcc>1.708978</hAcc><vAcc>0.759443</vAcc></extensions></trkpt>
      <trkpt lon="35.023036" lat="31.899345"><ele>273.088457</ele><time>2026-05-08T06:33:27Z</time><extensions><speed>3.110764</speed><course>94.055471</course><hAcc>1.709807</hAcc><vAcc>0.760090</vAcc></extensions></trkpt>
      <trkpt lon="35.023070" lat="31.899344"><ele>272.917885</ele><time>2026-05-08T06:33:28Z</time><extensions><speed>3.243721</speed><course>93.057800</course><hAcc>1.713673</hAcc><vAcc>0.760766</vAcc></extensions></trkpt>
      <trkpt lon="35.023105" lat="31.899342"><ele>272.754055</ele><time>2026-05-08T06:33:29Z</time><extensions><speed>3.261160</speed><course>92.680397</course><hAcc>1.714738</hAcc><vAcc>0.761415</vAcc></extensions></trkpt>
      <trkpt lon="35.023139" lat="31.899340"><ele>272.586545</ele><time>2026-05-08T06:33:30Z</time><extensions><speed>3.176222</speed><course>96.371867</course><hAcc>1.712265</hAcc><vAcc>0.762064</vAcc></extensions></trkpt>
      <trkpt lon="35.023172" lat="31.899335"><ele>272.440937</ele><time>2026-05-08T06:33:31Z</time><extensions><speed>3.228996</speed><course>99.950033</course><hAcc>1.712392</hAcc><vAcc>0.762711</vAcc></extensions></trkpt>
      <trkpt lon="35.023206" lat="31.899329"><ele>272.317164</ele><time>2026-05-08T06:33:32Z</time><extensions><speed>3.220462</speed><course>102.856771</course><hAcc>1.717535</hAcc><vAcc>0.763382</vAcc></extensions></trkpt>
      <trkpt lon="35.023239" lat="31.899323"><ele>272.194792</ele><time>2026-05-08T06:33:33Z</time><extensions><speed>3.268646</speed><course>101.385054</course><hAcc>1.724341</hAcc><vAcc>0.764033</vAcc></extensions></trkpt>
      <trkpt lon="35.023273" lat="31.899318"><ele>272.091023</ele><time>2026-05-08T06:33:34Z</time><extensions><speed>3.249086</speed><course>99.671400</course><hAcc>1.732661</hAcc><vAcc>0.764836</vAcc></extensions></trkpt>
      <trkpt lon="35.023306" lat="31.899313"><ele>272.009488</ele><time>2026-05-08T06:33:35Z</time><extensions><speed>3.091408</speed><course>100.069259</course><hAcc>1.738158</hAcc><vAcc>0.765321</vAcc></extensions></trkpt>
      <trkpt lon="35.023337" lat="31.899307"><ele>271.930400</ele><time>2026-05-08T06:33:36Z</time><extensions><speed>2.964814</speed><course>103.560527</course><hAcc>1.739875</hAcc><vAcc>0.765581</vAcc></extensions></trkpt>
      <trkpt lon="35.023367" lat="31.899300"><ele>271.871187</ele><time>2026-05-08T06:33:37Z</time><extensions><speed>3.000122</speed><course>104.241335</course><hAcc>1.741475</hAcc><vAcc>0.765579</vAcc></extensions></trkpt>
      <trkpt lon="35.023400" lat="31.899294"><ele>271.834051</ele><time>2026-05-08T06:33:38Z</time><extensions><speed>3.427067</speed><course>100.647303</course><hAcc>1.746450</hAcc><vAcc>0.765307</vAcc></extensions></trkpt>
      <trkpt lon="35.023437" lat="31.899290"><ele>271.807432</ele><time>2026-05-08T06:33:39Z</time><extensions><speed>3.566166</speed><course>95.468771</course><hAcc>1.749879</hAcc><vAcc>0.764800</vAcc></extensions></trkpt>
      <trkpt lon="35.023473" lat="31.899286"><ele>271.802086</ele><time>2026-05-08T06:33:40Z</time><extensions><speed>3.406626</speed><course>96.922456</course><hAcc>1.747149</hAcc><vAcc>0.764174</vAcc></extensions></trkpt>
      <trkpt lon="35.023508" lat="31.899281"><ele>271.781433</ele><time>2026-05-08T06:33:41Z</time><extensions><speed>3.415962</speed><course>100.949169</course><hAcc>1.741983</hAcc><vAcc>0.763432</vAcc></extensions></trkpt>
      <trkpt lon="35.023543" lat="31.899275"><ele>271.759324</ele><time>2026-05-08T06:33:42Z</time><extensions><speed>3.262578</speed><course>102.276959</course><hAcc>1.740635</hAcc><vAcc>0.762669</vAcc></extensions></trkpt>
      <trkpt lon="35.023576" lat="31.899269"><ele>271.763500</ele><time>2026-05-08T06:33:43Z</time><extensions><speed>3.274758</speed><course>102.438186</course><hAcc>1.744353</hAcc><vAcc>0.761923</vAcc></extensions></trkpt>
      <trkpt lon="35.023610" lat="31.899263"><ele>271.767316</ele><time>2026-05-08T06:33:44Z</time><extensions><speed>3.407453</speed><course>99.668808</course><hAcc>1.745935</hAcc><vAcc>0.761203</vAcc></extensions></trkpt>
      <trkpt lon="35.023645" lat="31.899259"><ele>271.768684</ele><time>2026-05-08T06:33:45Z</time><extensions><speed>3.253747</speed><course>96.286293</course><hAcc>1.747741</hAcc><vAcc>0.760515</vAcc></extensions></trkpt>
      <trkpt lon="35.023680" lat="31.899255"><ele>271.794767</ele><time>2026-05-08T06:33:46Z</time><extensions><speed>3.441125</speed><course>98.167825</course><hAcc>1.752302</hAcc><vAcc>0.759876</vAcc></extensions></trkpt>
      <trkpt lon="35.023714" lat="31.899249"><ele>271.788209</ele><time>2026-05-08T06:33:47Z</time><extensions><speed>3.330988</speed><course>101.244256</course><hAcc>1.760274</hAcc><vAcc>0.759306</vAcc></extensions></trkpt>
      <trkpt lon="35.023748" lat="31.899243"><ele>271.752047</ele><time>2026-05-08T06:33:48Z</time><extensions><speed>3.304283</speed><course>102.111626</course><hAcc>1.767187</hAcc><vAcc>0.758815</vAcc></extensions></trkpt>
      <trkpt lon="35.023782" lat="31.899237"><ele>271.731543</ele><time>2026-05-08T06:33:49Z</time><extensions><speed>3.300697</speed><course>100.144706</course><hAcc>1.775388</hAcc><vAcc>0.758400</vAcc></extensions></trkpt>
      <trkpt lon="35.023816" lat="31.899232"><ele>271.691631</ele><time>2026-05-08T06:33:50Z</time><extensions><speed>3.242843</speed><course>98.750722</course><hAcc>1.782564</hAcc><vAcc>0.758053</vAcc></extensions></trkpt>
      <trkpt lon="35.023850" lat="31.899228"><ele>271.634240</ele><time>2026-05-08T06:33:51Z</time><extensions><speed>3.378399</speed><course>97.904015</course><hAcc>1.788772</hAcc><vAcc>0.757763</vAcc></extensions></trkpt>
      <trkpt lon="35.023886" lat="31.899224"><ele>271.580154</ele><time>2026-05-08T06:33:52Z</time><extensions><speed>3.527874</speed><course>97.364953</course><hAcc>1.786922</hAcc><vAcc>0.757523</vAcc></extensions></trkpt>
      <trkpt lon="35.023922" lat="31.899220"><ele>271.507041</ele><time>2026-05-08T06:33:53Z</time><extensions><speed>3.377056</speed><course>96.815215</course><hAcc>1.782847</hAcc><vAcc>0.757330</vAcc></extensions></trkpt>
      <trkpt lon="35.023957" lat="31.899215"><ele>271.409013</ele><time>2026-05-08T06:33:54Z</time><extensions><speed>3.389315</speed><course>98.985404</course><hAcc>1.782034</hAcc><vAcc>0.757177</vAcc></extensions></trkpt>
      <trkpt lon="35.023990" lat="31.899210"><ele>271.310085</ele><time>2026-05-08T06:33:54Z</time><extensions><speed>3.178961</speed><course>102.429030</course><hAcc>1.777549</hAcc><vAcc>0.757058</vAcc></extensions></trkpt>
      <trkpt lon="35.024022" lat="31.899203"><ele>271.209916</ele><time>2026-05-08T06:33:55Z</time><extensions><speed>3.130847</speed><course>102.733636</course><hAcc>1.773342</hAcc><vAcc>0.756968</vAcc></extensions></trkpt>
      <trkpt lon="35.024054" lat="31.899197"><ele>271.073469</ele><time>2026-05-08T06:33:56Z</time><extensions><speed>3.217073</speed><course>101.674169</course><hAcc>1.767697</hAcc><vAcc>0.756900</vAcc></extensions></trkpt>
      <trkpt lon="35.024087" lat="31.899192"><ele>270.922069</ele><time>2026-05-08T06:33:57Z</time><extensions><speed>3.152317</speed><course>98.421475</course><hAcc>1.761207</hAcc><vAcc>0.756851</vAcc></extensions></trkpt>
      <trkpt lon="35.024121" lat="31.899188"><ele>270.762293</ele><time>2026-05-08T06:33:58Z</time><extensions><speed>3.370051</speed><course>95.986872</course><hAcc>1.758742</hAcc><vAcc>0.756816</vAcc></extensions></trkpt>
      <trkpt lon="35.024155" lat="31.899184"><ele>270.581840</ele><time>2026-05-08T06:33:59Z</time><extensions><speed>3.343865</speed><course>100.448658</course><hAcc>1.756009</hAcc><vAcc>0.756823</vAcc></extensions></trkpt>
      <trkpt lon="35.024189" lat="31.899177"><ele>270.395530</ele><time>2026-05-08T06:34:00Z</time><extensions><speed>3.277024</speed><course>103.679607</course><hAcc>1.754723</hAcc><vAcc>0.757009</vAcc></extensions></trkpt>
      <trkpt lon="35.024224" lat="31.899171"><ele>270.203117</ele><time>2026-05-08T06:34:01Z</time><extensions><speed>3.426041</speed><course>99.764088</course><hAcc>1.757897</hAcc><vAcc>0.757305</vAcc></extensions></trkpt>
      <trkpt lon="35.024258" lat="31.899167"><ele>269.994733</ele><time>2026-05-08T06:34:02Z</time><extensions><speed>3.154711</speed><course>94.648962</course><hAcc>1.760657</hAcc><vAcc>0.758018</vAcc></extensions></trkpt>
      <trkpt lon="35.024290" lat="31.899165"><ele>269.773994</ele><time>2026-05-08T06:34:03Z</time><extensions><speed>3.054322</speed><course>92.789532</course><hAcc>1.767000</hAcc><vAcc>0.759198</vAcc></extensions></trkpt>
      <trkpt lon="35.024321" lat="31.899164"><ele>269.531440</ele><time>2026-05-08T06:34:04Z</time><extensions><speed>2.777858</speed><course>92.406815</course><hAcc>1.773542</hAcc><vAcc>0.760844</vAcc></extensions></trkpt>
      <trkpt lon="35.024349" lat="31.899162"><ele>269.287034</ele><time>2026-05-08T06:34:05Z</time><extensions><speed>2.611002</speed><course>92.702380</course><hAcc>1.777783</hAcc><vAcc>0.762976</vAcc></extensions></trkpt>
      <trkpt lon="35.024377" lat="31.899160"><ele>269.072561</ele><time>2026-05-08T06:34:06Z</time><extensions><speed>2.710767</speed><course>94.950487</course><hAcc>1.779379</hAcc><vAcc>0.765107</vAcc></extensions></trkpt>
      <trkpt lon="35.024407" lat="31.899158"><ele>268.851191</ele><time>2026-05-08T06:34:07Z</time><extensions><speed>3.004012</speed><course>94.624567</course><hAcc>1.780027</hAcc><vAcc>0.767173</vAcc></extensions></trkpt>
      <trkpt lon="35.024440" lat="31.899156"><ele>268.637966</ele><time>2026-05-08T06:34:08Z</time><extensions><speed>3.175838</speed><course>94.423172</course><hAcc>1.781184</hAcc><vAcc>0.769386</vAcc></extensions></trkpt>
      <trkpt lon="35.024472" lat="31.899153"><ele>268.443273</ele><time>2026-05-08T06:34:09Z</time><extensions><speed>3.021836</speed><course>99.174223</course><hAcc>1.772394</hAcc><vAcc>0.771643</vAcc></extensions></trkpt>
      <trkpt lon="35.024503" lat="31.899147"><ele>268.236285</ele><time>2026-05-08T06:34:10Z</time><extensions><speed>2.978071</speed><course>103.451750</course><hAcc>1.763569</hAcc><vAcc>0.773788</vAcc></extensions></trkpt>
      <trkpt lon="35.024534" lat="31.899141"><ele>268.033051</ele><time>2026-05-08T06:34:11Z</time><extensions><speed>3.179057</speed><course>102.590855</course><hAcc>1.755678</hAcc><vAcc>0.775627</vAcc></extensions></trkpt>
      <trkpt lon="35.024567" lat="31.899135"><ele>267.832378</ele><time>2026-05-08T06:34:12Z</time><extensions><speed>3.225508</speed><course>101.174202</course><hAcc>1.748190</hAcc><vAcc>0.776945</vAcc></extensions></trkpt>
      <trkpt lon="35.024600" lat="31.899129"><ele>267.684227</ele><time>2026-05-08T06:34:13Z</time><extensions><speed>3.172219</speed><course>104.018809</course><hAcc>1.743780</hAcc><vAcc>0.777548</vAcc></extensions></trkpt>
      <trkpt lon="35.024633" lat="31.899121"><ele>267.540356</ele><time>2026-05-08T06:34:14Z</time><extensions><speed>3.319754</speed><course>106.118671</course><hAcc>1.741825</hAcc><vAcc>0.777316</vAcc></extensions></trkpt>
      <trkpt lon="35.024666" lat="31.899111"><ele>267.388107</ele><time>2026-05-08T06:34:15Z</time><extensions><speed>3.362820</speed><course>111.754009</course><hAcc>1.738394</hAcc><vAcc>0.776251</vAcc></extensions></trkpt>
      <trkpt lon="35.024699" lat="31.899100"><ele>267.268755</ele><time>2026-05-08T06:34:16Z</time><extensions><speed>3.304438</speed><course>113.257738</course><hAcc>1.737573</hAcc><vAcc>0.774490</vAcc></extensions></trkpt>
      <trkpt lon="35.024730" lat="31.899089"><ele>267.156598</ele><time>2026-05-08T06:34:17Z</time><extensions><speed>3.234071</speed><course>108.748402</course><hAcc>1.734101</hAcc><vAcc>0.772272</vAcc></extensions></trkpt>
      <trkpt lon="35.024762" lat="31.899080"><ele>267.025832</ele><time>2026-05-08T06:34:18Z</time><extensions><speed>3.135262</speed><course>106.264114</course><hAcc>1.733363</hAcc><vAcc>0.769862</vAcc></extensions></trkpt>
      <trkpt lon="35.024794" lat="31.899073"><ele>266.909042</ele><time>2026-05-08T06:34:19Z</time><extensions><speed>3.092042</speed><course>103.933334</course><hAcc>1.736450</hAcc><vAcc>0.767476</vAcc></extensions></trkpt>
      <trkpt lon="35.024826" lat="31.899067"><ele>266.827716</ele><time>2026-05-08T06:34:20Z</time><extensions><speed>3.094692</speed><course>102.029292</course><hAcc>1.737770</hAcc><vAcc>0.765263</vAcc></extensions></trkpt>
      <trkpt lon="35.024857" lat="31.899062"><ele>266.730243</ele><time>2026-05-08T06:34:21Z</time><extensions><speed>2.967285</speed><course>98.460127</course><hAcc>1.737436</hAcc><vAcc>0.763312</vAcc></extensions></trkpt>
      <trkpt lon="35.024889" lat="31.899059"><ele>266.633397</ele><time>2026-05-08T06:34:22Z</time><extensions><speed>3.073923</speed><course>93.355612</course><hAcc>1.735708</hAcc><vAcc>0.761664</vAcc></extensions></trkpt>
      <trkpt lon="35.024923" lat="31.899058"><ele>266.532080</ele><time>2026-05-08T06:34:23Z</time><extensions><speed>3.304145</speed><course>92.951140</course><hAcc>1.734727</hAcc><vAcc>0.760323</vAcc></extensions></trkpt>
      <trkpt lon="35.024957" lat="31.899056"><ele>266.439086</ele><time>2026-05-08T06:34:24Z</time><extensions><speed>3.241484</speed><course>93.330239</course><hAcc>1.735494</hAcc><vAcc>0.759269</vAcc></extensions></trkpt>
      <trkpt lon="35.024991" lat="31.899055"><ele>266.345411</ele><time>2026-05-08T06:34:25Z</time><extensions><speed>3.274413</speed><course>90.660381</course><hAcc>1.736856</hAcc><vAcc>0.758467</vAcc></extensions></trkpt>
      <trkpt lon="35.025025" lat="31.899053"><ele>266.246389</ele><time>2026-05-08T06:34:26Z</time><extensions><speed>3.043261</speed><course>97.893568</course><hAcc>1.742613</hAcc><vAcc>0.757877</vAcc></extensions></trkpt>
      <trkpt lon="35.025055" lat="31.899046"><ele>266.150757</ele><time>2026-05-08T06:34:27Z</time><extensions><speed>2.996469</speed><course>108.850995</course><hAcc>1.748465</hAcc><vAcc>0.757458</vAcc></extensions></trkpt>
      <trkpt lon="35.025086" lat="31.899037"><ele>266.068549</ele><time>2026-05-08T06:34:28Z</time><extensions><speed>3.104267</speed><course>111.171651</course><hAcc>1.756010</hAcc><vAcc>0.757172</vAcc></extensions></trkpt>
      <trkpt lon="35.025116" lat="31.899027"><ele>265.984465</ele><time>2026-05-08T06:34:29Z</time><extensions><speed>2.969383</speed><course>107.076305</course><hAcc>1.763634</hAcc><vAcc>0.756984</vAcc></extensions></trkpt>
      <trkpt lon="35.025146" lat="31.899021"><ele>265.863419</ele><time>2026-05-08T06:34:30Z</time><extensions><speed>2.984624</speed><course>99.075077</course><hAcc>1.769238</hAcc><vAcc>0.756867</vAcc></extensions></trkpt>
      <trkpt lon="35.025178" lat="31.899018"><ele>265.738193</ele><time>2026-05-08T06:34:31Z</time><extensions><speed>3.071859</speed><course>95.261203</course><hAcc>1.773313</hAcc><vAcc>0.756799</vAcc></extensions></trkpt>
      <trkpt lon="35.025211" lat="31.899017"><ele>265.618914</ele><time>2026-05-08T06:34:32Z</time><extensions><speed>3.136313</speed><course>87.341194</course><hAcc>1.777044</hAcc><vAcc>0.756764</vAcc></extensions></trkpt>
      <trkpt lon="35.025245" lat="31.899017"><ele>265.504342</ele><time>2026-05-08T06:34:33Z</time><extensions><speed>3.321571</speed><course>90.623440</course><hAcc>1.782584</hAcc><vAcc>0.756748</vAcc></extensions></trkpt>
      <trkpt lon="35.025279" lat="31.899014"><ele>265.377011</ele><time>2026-05-08T06:34:34Z</time><extensions><speed>3.362342</speed><course>102.504884</course><hAcc>1.781176</hAcc><vAcc>0.756743</vAcc></extensions></trkpt>
      <trkpt lon="35.025313" lat="31.899006"><ele>265.218308</ele><time>2026-05-08T06:34:35Z</time><extensions><speed>3.337430</speed><course>107.818763</course><hAcc>1.774932</hAcc><vAcc>0.756744</vAcc></extensions></trkpt>
      <trkpt lon="35.025346" lat="31.898997"><ele>265.078120</ele><time>2026-05-08T06:34:36Z</time><extensions><speed>3.264970</speed><course>107.425218</course><hAcc>1.767915</hAcc><vAcc>0.756748</vAcc></extensions></trkpt>
      <trkpt lon="35.025380" lat="31.898988"><ele>264.951987</ele><time>2026-05-08T06:34:37Z</time><extensions><speed>3.230230</speed><course>105.808361</course><hAcc>1.759091</hAcc><vAcc>0.756751</vAcc></extensions></trkpt>
      <trkpt lon="35.025413" lat="31.898981"><ele>264.824618</ele><time>2026-05-08T06:34:38Z</time><extensions><speed>3.331929</speed><course>102.661847</course><hAcc>1.755034</hAcc><vAcc>0.756754</vAcc></extensions></trkpt>
      <trkpt lon="35.025447" lat="31.898976"><ele>264.694092</ele><time>2026-05-08T06:34:39Z</time><extensions><speed>3.198500</speed><course>99.045988</course><hAcc>1.750216</hAcc><vAcc>0.756755</vAcc></extensions></trkpt>
      <trkpt lon="35.025478" lat="31.898971"><ele>264.563706</ele><time>2026-05-08T06:34:40Z</time><extensions><speed>2.783415</speed><course>101.405174</course><hAcc>1.750218</hAcc><vAcc>0.756846</vAcc></extensions></trkpt>
      <trkpt lon="35.025507" lat="31.898965"><ele>264.428742</ele><time>2026-05-08T06:34:41Z</time><extensions><speed>2.829511</speed><course>105.586137</course><hAcc>1.743729</hAcc><vAcc>0.757048</vAcc></extensions></trkpt>
      <trkpt lon="35.025535" lat="31.898956"><ele>264.291345</ele><time>2026-05-08T06:34:42Z</time><extensions><speed>2.903448</speed><course>114.264855</course><hAcc>1.739012</hAcc><vAcc>0.757342</vAcc></extensions></trkpt>
      <trkpt lon="35.025561" lat="31.898943"><ele>264.150493</ele><time>2026-05-08T06:34:43Z</time><extensions><speed>2.850774</speed><course>121.984244</course><hAcc>1.736223</hAcc><vAcc>0.757823</vAcc></extensions></trkpt>
      <trkpt lon="35.025585" lat="31.898929"><ele>264.004068</ele><time>2026-05-08T06:34:44Z</time><extensions><speed>2.644820</speed><course>126.013799</course><hAcc>1.738590</hAcc><vAcc>0.758506</vAcc></extensions></trkpt>
      <trkpt lon="35.025607" lat="31.898916"><ele>263.830493</ele><time>2026-05-08T06:34:45Z</time><extensions><speed>2.474461</speed><course>125.765400</course><hAcc>1.742025</hAcc><vAcc>0.759511</vAcc></extensions></trkpt>
      <trkpt lon="35.025629" lat="31.898902"><ele>263.676627</ele><time>2026-05-08T06:34:46Z</time><extensions><speed>2.635671</speed><course>126.840823</course><hAcc>1.731313</hAcc><vAcc>0.760628</vAcc></extensions></trkpt>
      <trkpt lon="35.025652" lat="31.898886"><ele>263.498845</ele><time>2026-05-08T06:34:47Z</time><extensions><speed>3.057534</speed><course>129.556189</course><hAcc>1.724227</hAcc><vAcc>0.761775</vAcc></extensions></trkpt>
      <trkpt lon="35.025675" lat="31.898867"><ele>263.315364</ele><time>2026-05-08T06:34:48Z</time><extensions><speed>2.966995</speed><course>135.161825</course><hAcc>1.721132</hAcc><vAcc>0.763305</vAcc></extensions></trkpt>
      <trkpt lon="35.025696" lat="31.898846"><ele>263.117436</ele><time>2026-05-08T06:34:49Z</time><extensions><speed>3.019512</speed><course>144.385736</course><hAcc>1.722413</hAcc><vAcc>0.764809</vAcc></extensions></trkpt>
      <trkpt lon="35.025710" lat="31.898822"><ele>262.915071</ele><time>2026-05-08T06:34:50Z</time><extensions><speed>3.061655</speed><course>161.147729</course><hAcc>1.729480</hAcc><vAcc>0.766390</vAcc></extensions></trkpt>
      <trkpt lon="35.025717" lat="31.898793"><ele>262.696549</ele><time>2026-05-08T06:34:51Z</time><extensions><speed>3.396464</speed><course>174.142086</course><hAcc>1.739246</hAcc><vAcc>0.768069</vAcc></extensions></trkpt>
      <trkpt lon="35.025719" lat="31.898762"><ele>262.469375</ele><time>2026-05-08T06:34:52Z</time><extensions><speed>3.468337</speed><course>177.152116</course><hAcc>1.741149</hAcc><vAcc>0.769716</vAcc></extensions></trkpt>
      <trkpt lon="35.025721" lat="31.898732"><ele>262.236455</ele><time>2026-05-08T06:34:53Z</time><extensions><speed>3.294807</speed><course>175.743893</course><hAcc>1.747818</hAcc><vAcc>0.771346</vAcc></extensions></trkpt>
      <trkpt lon="35.025724" lat="31.898703"><ele>261.986801</ele><time>2026-05-08T06:34:54Z</time><extensions><speed>3.072543</speed><course>175.065861</course><hAcc>1.758676</hAcc><vAcc>0.772926</vAcc></extensions></trkpt>
      <trkpt lon="35.025725" lat="31.898676"><ele>261.754370</ele><time>2026-05-08T06:34:55Z</time><extensions><speed>2.882604</speed><course>179.280452</course><hAcc>1.764452</hAcc><vAcc>0.774261</vAcc></extensions></trkpt>
      <trkpt lon="35.025724" lat="31.898650"><ele>261.520965</ele><time>2026-05-08T06:34:56Z</time><extensions><speed>2.968078</speed><course>184.360587</course><hAcc>1.763824</hAcc><vAcc>0.775738</vAcc></extensions></trkpt>
      <trkpt lon="35.025722" lat="31.898622"><ele>261.276963</ele><time>2026-05-08T06:34:57Z</time><extensions><speed>3.167539</speed><course>185.254134</course><hAcc>1.774222</hAcc><vAcc>0.777286</vAcc></extensions></trkpt>
      <trkpt lon="35.025720" lat="31.898592"><ele>261.052808</ele><time>2026-05-08T06:34:58Z</time><extensions><speed>3.530610</speed><course>180.553916</course><hAcc>1.784926</hAcc><vAcc>0.779150</vAcc></extensions></trkpt>
      <trkpt lon="35.025720" lat="31.898559"><ele>260.794549</ele><time>2026-05-08T06:34:59Z</time><extensions><speed>3.814173</speed><course>179.355389</course><hAcc>1.796366</hAcc><vAcc>0.780919</vAcc></extensions></trkpt>
      <trkpt lon="35.025719" lat="31.898525"><ele>260.567677</ele><time>2026-05-08T06:35:00Z</time><extensions><speed>3.663896</speed><course>183.222146</course><hAcc>1.808701</hAcc><vAcc>0.782942</vAcc></extensions></trkpt>
      <trkpt lon="35.025715" lat="31.898493"><ele>260.306095</ele><time>2026-05-08T06:35:01Z</time><extensions><speed>3.500596</speed><course>189.008797</course><hAcc>1.818578</hAcc><vAcc>0.785388</vAcc></extensions></trkpt>
      <trkpt lon="35.025708" lat="31.898462"><ele>260.115840</ele><time>2026-05-08T06:35:02Z</time><extensions><speed>3.505223</speed><course>193.663283</course><hAcc>1.827125</hAcc><vAcc>0.787491</vAcc></extensions></trkpt>
      <trkpt lon="35.025698" lat="31.898432"><ele>259.918566</ele><time>2026-05-08T06:35:03Z</time><extensions><speed>3.460626</speed><course>197.396622</course><hAcc>1.834193</hAcc><vAcc>0.789479</vAcc></extensions></trkpt>
      <trkpt lon="35.025687" lat="31.898402"><ele>259.745520</ele><time>2026-05-08T06:35:04Z</time><extensions><speed>3.471911</speed><course>195.191727</course><hAcc>1.842879</hAcc><vAcc>0.791493</vAcc></extensions></trkpt>
      <trkpt lon="35.025681" lat="31.898371"><ele>259.586709</ele><time>2026-05-08T06:35:05Z</time><extensions><speed>3.436064</speed><course>183.988150</course><hAcc>1.852859</hAcc><vAcc>0.793603</vAcc></extensions></trkpt>
      <trkpt lon="35.025681" lat="31.898341"><ele>259.415187</ele><time>2026-05-08T06:35:06Z</time><extensions><speed>3.187009</speed><course>173.551588</course><hAcc>1.868142</hAcc><vAcc>0.795651</vAcc></extensions></trkpt>
      <trkpt lon="35.025686" lat="31.898314"><ele>259.257204</ele><time>2026-05-08T06:35:07Z</time><extensions><speed>2.982148</speed><course>168.464092</course><hAcc>1.887523</hAcc><vAcc>0.797550</vAcc></extensions></trkpt>
      <trkpt lon="35.025691" lat="31.898288"><ele>259.117887</ele><time>2026-05-08T06:35:08Z</time><extensions><speed>2.955276</speed><course>173.571524</course><hAcc>1.898041</hAcc><vAcc>0.799430</vAcc></extensions></trkpt>
      <trkpt lon="35.025693" lat="31.898261"><ele>258.979955</ele><time>2026-05-08T06:35:09Z</time><extensions><speed>3.126676</speed><course>178.241869</course><hAcc>1.906666</hAcc><vAcc>0.801271</vAcc></extensions></trkpt>
      <trkpt lon="35.025694" lat="31.898232"><ele>258.850633</ele><time>2026-05-08T06:35:11Z</time><extensions><speed>3.238338</speed><course>176.274169</course><hAcc>1.913959</hAcc><vAcc>0.803431</vAcc></extensions></trkpt>
      <trkpt lon="35.025696" lat="31.898203"><ele>258.745538</ele><time>2026-05-08T06:35:12Z</time><extensions><speed>3.257946</speed><course>177.019142</course><hAcc>1.922858</hAcc><vAcc>0.805703</vAcc></extensions></trkpt>
      <trkpt lon="35.025697" lat="31.898174"><ele>258.647995</ele><time>2026-05-08T06:35:13Z</time><extensions><speed>3.255993</speed><course>177.991022</course><hAcc>1.926394</hAcc><vAcc>0.808477</vAcc></extensions></trkpt>
      <trkpt lon="35.025698" lat="31.898145"><ele>258.577336</ele><time>2026-05-08T06:35:14Z</time><extensions><speed>3.236090</speed><course>178.964623</course><hAcc>1.931333</hAcc><vAcc>0.811775</vAcc></extensions></trkpt>
      <trkpt lon="35.025697" lat="31.898116"><ele>258.529952</ele><time>2026-05-08T06:35:15Z</time><extensions><speed>3.161499</speed><course>182.680921</course><hAcc>1.939383</hAcc><vAcc>0.814953</vAcc></extensions></trkpt>
      <trkpt lon="35.025695" lat="31.898088"><ele>258.497042</ele><time>2026-05-08T06:35:16Z</time><extensions><speed>3.180834</speed><course>183.513596</course><hAcc>1.945189</hAcc><vAcc>0.817767</vAcc></extensions></trkpt>
      <trkpt lon="35.025691" lat="31.898059"><ele>258.481372</ele><time>2026-05-08T06:35:17Z</time><extensions><speed>3.273430</speed><course>189.501774</course><hAcc>1.954044</hAcc><vAcc>0.821099</vAcc></extensions></trkpt>
      <trkpt lon="35.025681" lat="31.898030"><ele>258.481041</ele><time>2026-05-08T06:35:18Z</time><extensions><speed>3.399329</speed><course>201.168157</course><hAcc>1.957800</hAcc><vAcc>0.824274</vAcc></extensions></trkpt>
      <trkpt lon="35.025665" lat="31.898003"><ele>258.496795</ele><time>2026-05-08T06:35:19Z</time><extensions><speed>3.393683</speed><course>209.260777</course><hAcc>1.959790</hAcc><vAcc>0.827365</vAcc></extensions></trkpt>
      <trkpt lon="35.025644" lat="31.897978"><ele>258.540146</ele><time>2026-05-08T06:35:20Z</time><extensions><speed>3.459340</speed><course>220.377398</course><hAcc>1.966804</hAcc><vAcc>0.830464</vAcc></extensions></trkpt>
      <trkpt lon="35.025617" lat="31.897956"><ele>258.588307</ele><time>2026-05-08T06:35:21Z</time><extensions><speed>3.655504</speed><course>232.222153</course><hAcc>1.974088</hAcc><vAcc>0.832729</vAcc></extensions></trkpt>
      <trkpt lon="35.025585" lat="31.897938"><ele>258.692872</ele><time>2026-05-08T06:35:22Z</time><extensions><speed>3.567707</speed><course>238.555359</course><hAcc>1.980529</hAcc><vAcc>0.834484</vAcc></extensions></trkpt>
      <trkpt lon="35.025553" lat="31.897923"><ele>258.811102</ele><time>2026-05-08T06:35:23Z</time><extensions><speed>3.187855</speed><course>245.205769</course><hAcc>1.981674</hAcc><vAcc>0.835743</vAcc></extensions></trkpt>
      <trkpt lon="35.025522" lat="31.897914"><ele>258.945993</ele><time>2026-05-08T06:35:24Z</time><extensions><speed>3.027401</speed><course>253.463531</course><hAcc>1.974924</hAcc><vAcc>0.836386</vAcc></extensions></trkpt>
      <trkpt lon="35.025491" lat="31.897908"><ele>259.081822</ele><time>2026-05-08T06:35:25Z</time><extensions><speed>3.042160</speed><course>262.259107</course><hAcc>1.971316</hAcc><vAcc>0.836988</vAcc></extensions></trkpt>
      <trkpt lon="35.025458" lat="31.897908"><ele>259.209517</ele><time>2026-05-08T06:35:26Z</time><extensions><speed>3.081900</speed><course>276.062435</course><hAcc>1.981126</hAcc><vAcc>0.837296</vAcc></extensions></trkpt>
      <trkpt lon="35.025426" lat="31.897913"><ele>259.392192</ele><time>2026-05-08T06:35:27Z</time><extensions><speed>3.034210</speed><course>285.726419</course><hAcc>1.998392</hAcc><vAcc>0.837580</vAcc></extensions></trkpt>
      <trkpt lon="35.025393" lat="31.897923"><ele>259.580682</ele><time>2026-05-08T06:35:28Z</time><extensions><speed>3.397138</speed><course>290.563041</course><hAcc>1.992044</hAcc><vAcc>0.838162</vAcc></extensions></trkpt>
      <trkpt lon="35.025358" lat="31.897934"><ele>259.794063</ele><time>2026-05-08T06:35:29Z</time><extensions><speed>3.707733</speed><course>290.272252</course><hAcc>1.985515</hAcc><vAcc>0.838752</vAcc></extensions></trkpt>
      <trkpt lon="35.025321" lat="31.897944"><ele>260.017325</ele><time>2026-05-08T06:35:30Z</time><extensions><speed>3.480831</speed><course>286.412937</course><hAcc>1.979452</hAcc><vAcc>0.838984</vAcc></extensions></trkpt>
      <trkpt lon="35.025287" lat="31.897952"><ele>260.232140</ele><time>2026-05-08T06:35:31Z</time><extensions><speed>3.094447</speed><course>285.430002</course><hAcc>1.977342</hAcc><vAcc>0.839268</vAcc></extensions></trkpt>
      <trkpt lon="35.025257" lat="31.897959"><ele>260.456023</ele><time>2026-05-08T06:35:32Z</time><extensions><speed>2.786836</speed><course>285.355798</course><hAcc>1.981867</hAcc><vAcc>0.839416</vAcc></extensions></trkpt>
      <trkpt lon="35.025229" lat="31.897966"><ele>260.679249</ele><time>2026-05-08T06:35:33Z</time><extensions><speed>2.589756</speed><course>284.977990</course><hAcc>1.989447</hAcc><vAcc>0.839018</vAcc></extensions></trkpt>
      <trkpt lon="35.025203" lat="31.897971"><ele>260.929556</ele><time>2026-05-08T06:35:34Z</time><extensions><speed>2.465013</speed><course>283.076730</course><hAcc>1.999323</hAcc><vAcc>0.838391</vAcc></extensions></trkpt>
      <trkpt lon="35.025177" lat="31.897977"><ele>261.153923</ele><time>2026-05-08T06:35:35Z</time><extensions><speed>2.688192</speed><course>282.398368</course><hAcc>1.990123</hAcc><vAcc>0.837369</vAcc></extensions></trkpt>
      <trkpt lon="35.025148" lat="31.897983"><ele>261.354400</ele><time>2026-05-08T06:35:36Z</time><extensions><speed>2.923166</speed><course>287.770687</course><hAcc>1.977648</hAcc><vAcc>0.835564</vAcc></extensions></trkpt>
      <trkpt lon="35.025118" lat="31.897993"><ele>261.578756</ele><time>2026-05-08T06:35:37Z</time><extensions><speed>3.112704</speed><course>291.573656</course><hAcc>1.972858</hAcc><vAcc>0.833340</vAcc></extensions></trkpt>
      <trkpt lon="35.025088" lat="31.898002"><ele>261.829194</ele><time>2026-05-08T06:35:38Z</time><extensions><speed>3.079011</speed><course>288.813020</course><hAcc>1.970961</hAcc><vAcc>0.830553</vAcc></extensions></trkpt>
      <trkpt lon="35.025057" lat="31.898011"><ele>262.084830</ele><time>2026-05-08T06:35:39Z</time><extensions><speed>3.109614</speed><course>284.721982</course><hAcc>1.967814</hAcc><vAcc>0.827503</vAcc></extensions></trkpt>
      <trkpt lon="35.025024" lat="31.898017"><ele>262.345898</ele><time>2026-05-08T06:35:40Z</time><extensions><speed>3.282633</speed><course>279.182562</course><hAcc>1.963644</hAcc><vAcc>0.823885</vAcc></extensions></trkpt>
      <trkpt lon="35.024990" lat="31.898021"><ele>262.621079</ele><time>2026-05-08T06:35:41Z</time><extensions><speed>3.286853</speed><course>275.196818</course><hAcc>1.960835</hAcc><vAcc>0.819867</vAcc></extensions></trkpt>
      <trkpt lon="35.024956" lat="31.898024"><ele>262.905586</ele><time>2026-05-08T06:35:42Z</time><extensions><speed>3.172482</speed><course>274.050121</course><hAcc>1.962267</hAcc><vAcc>0.815596</vAcc></extensions></trkpt>
      <trkpt lon="35.024924" lat="31.898026"><ele>263.169672</ele><time>2026-05-08T06:35:43Z</time><extensions><speed>3.015420</speed><course>276.432319</course><hAcc>1.956032</hAcc><vAcc>0.811086</vAcc></extensions></trkpt>
      <trkpt lon="35.024893" lat="31.898029"><ele>263.440048</ele><time>2026-05-08T06:35:44Z</time><extensions><speed>2.922714</speed><course>277.557142</course><hAcc>1.950888</hAcc><vAcc>0.806354</vAcc></extensions></trkpt>
      <trkpt lon="35.024862" lat="31.898033"><ele>263.725823</ele><time>2026-05-08T06:35:45Z</time><extensions><speed>3.022140</speed><course>278.319240</course><hAcc>1.953163</hAcc><vAcc>0.802187</vAcc></extensions></trkpt>
      <trkpt lon="35.024831" lat="31.898037"><ele>264.022455</ele><time>2026-05-08T06:35:46Z</time><extensions><speed>2.915412</speed><course>277.463231</course><hAcc>1.950888</hAcc><vAcc>0.798272</vAcc></extensions></trkpt>
      <trkpt lon="35.024800" lat="31.898042"><ele>264.327970</ele><time>2026-05-08T06:35:47Z</time><extensions><speed>2.998525</speed><course>283.095922</course><hAcc>1.946572</hAcc><vAcc>0.794793</vAcc></extensions></trkpt>
      <trkpt lon="35.024770" lat="31.898048"><ele>264.625188</ele><time>2026-05-08T06:35:48Z</time><extensions><speed>2.948343</speed><course>283.902294</course><hAcc>1.952582</hAcc><vAcc>0.791707</vAcc></extensions></trkpt>
      <trkpt lon="35.024740" lat="31.898056"><ele>264.931481</ele><time>2026-05-08T06:35:49Z</time><extensions><speed>3.009647</speed><course>288.677398</course><hAcc>1.948634</hAcc><vAcc>0.789124</vAcc></extensions></trkpt>
      <trkpt lon="35.024710" lat="31.898065"><ele>265.251897</ele><time>2026-05-08T06:35:50Z</time><extensions><speed>2.929497</speed><course>292.403006</course><hAcc>1.942025</hAcc><vAcc>0.787005</vAcc></extensions></trkpt>
      <trkpt lon="35.024682" lat="31.898076"><ele>265.544031</ele><time>2026-05-08T06:35:51Z</time><extensions><speed>2.934265</speed><course>292.365485</course><hAcc>1.939541</hAcc><vAcc>0.785462</vAcc></extensions></trkpt>
      <trkpt lon="35.024653" lat="31.898085"><ele>265.863219</ele><time>2026-05-08T06:35:52Z</time><extensions><speed>2.867667</speed><course>290.099370</course><hAcc>1.940972</hAcc><vAcc>0.784521</vAcc></extensions></trkpt>
      <trkpt lon="35.024625" lat="31.898093"><ele>266.190028</ele><time>2026-05-08T06:35:53Z</time><extensions><speed>2.873017</speed><course>285.317120</course><hAcc>1.944356</hAcc><vAcc>0.784110</vAcc></extensions></trkpt>
      <trkpt lon="35.024596" lat="31.898100"><ele>266.497778</ele><time>2026-05-08T06:35:54Z</time><extensions><speed>2.899961</speed><course>283.524810</course><hAcc>1.945794</hAcc><vAcc>0.784055</vAcc></extensions></trkpt>
      <trkpt lon="35.024566" lat="31.898106"><ele>266.780835</ele><time>2026-05-08T06:35:55Z</time><extensions><speed>2.868879</speed><course>281.411756</course><hAcc>1.949854</hAcc><vAcc>0.784050</vAcc></extensions></trkpt>
      <trkpt lon="35.024535" lat="31.898111"><ele>267.083224</ele><time>2026-05-08T06:35:56Z</time><extensions><speed>3.134348</speed><course>278.353637</course><hAcc>1.952106</hAcc><vAcc>0.783759</vAcc></extensions></trkpt>
      <trkpt lon="35.024501" lat="31.898115"><ele>267.368607</ele><time>2026-05-08T06:35:57Z</time><extensions><speed>3.377143</speed><course>280.082231</course><hAcc>1.952403</hAcc><vAcc>0.782928</vAcc></extensions></trkpt>
      <trkpt lon="35.024467" lat="31.898121"><ele>267.612566</ele><time>2026-05-08T06:35:58Z</time><extensions><speed>3.306181</speed><course>280.154533</course><hAcc>1.946247</hAcc><vAcc>0.781451</vAcc></extensions></trkpt>
      <trkpt lon="35.024432" lat="31.898126"><ele>267.867562</ele><time>2026-05-08T06:35:59Z</time><extensions><speed>3.433349</speed><course>281.525588</course><hAcc>1.939677</hAcc><vAcc>0.779365</vAcc></extensions></trkpt>
      <trkpt lon="35.024397" lat="31.898133"><ele>268.107996</ele><time>2026-05-08T06:36:00Z</time><extensions><speed>3.349554</speed><course>282.043236</course><hAcc>1.935504</hAcc><vAcc>0.776818</vAcc></extensions></trkpt>
      <trkpt lon="35.024364" lat="31.898140"><ele>268.342413</ele><time>2026-05-08T06:36:01Z</time><extensions><speed>3.238623</speed><course>284.389585</course><hAcc>1.932815</hAcc><vAcc>0.774014</vAcc></extensions></trkpt>
      <trkpt lon="35.024332" lat="31.898147"><ele>268.558950</ele><time>2026-05-08T06:36:02Z</time><extensions><speed>2.959231</speed><course>285.429220</course><hAcc>1.925225</hAcc><vAcc>0.771164</vAcc></extensions></trkpt>
      <trkpt lon="35.024303" lat="31.898154"><ele>268.778400</ele><time>2026-05-08T06:36:03Z</time><extensions><speed>2.723593</speed><course>286.338147</course><hAcc>1.915036</hAcc><vAcc>0.768444</vAcc></extensions></trkpt>
      <trkpt lon="35.024276" lat="31.898161"><ele>268.972323</ele><time>2026-05-08T06:36:03Z</time><extensions><speed>2.663431</speed><course>286.235527</course><hAcc>1.909396</hAcc><vAcc>0.765978</vAcc></extensions></trkpt>
      <trkpt lon="35.024248" lat="31.898168"><ele>269.158373</ele><time>2026-05-08T06:36:04Z</time><extensions><speed>2.807422</speed><course>286.207216</course><hAcc>1.906047</hAcc><vAcc>0.763839</vAcc></extensions></trkpt>
      <trkpt lon="35.024219" lat="31.898175"><ele>269.354254</ele><time>2026-05-08T06:36:05Z</time><extensions><speed>2.948786</speed><course>287.964116</course><hAcc>1.899716</hAcc><vAcc>0.762051</vAcc></extensions></trkpt>
      <trkpt lon="35.024190" lat="31.898183"><ele>269.547565</ele><time>2026-05-08T06:36:06Z</time><extensions><speed>3.028040</speed><course>287.878855</course><hAcc>1.895098</hAcc><vAcc>0.760607</vAcc></extensions></trkpt>
      <trkpt lon="35.024160" lat="31.898192"><ele>269.742325</ele><time>2026-05-08T06:36:07Z</time><extensions><speed>2.978984</speed><course>289.382958</course><hAcc>1.896819</hAcc><vAcc>0.759478</vAcc></extensions></trkpt>
      <trkpt lon="35.024130" lat="31.898201"><ele>269.955395</ele><time>2026-05-08T06:36:08Z</time><extensions><speed>3.078722</speed><course>290.572763</course><hAcc>1.899170</hAcc><vAcc>0.758622</vAcc></extensions></trkpt>
      <trkpt lon="35.024100" lat="31.898212"><ele>270.170772</ele><time>2026-05-08T06:36:09Z</time><extensions><speed>3.052776</speed><course>292.665939</course><hAcc>1.893526</hAcc><vAcc>0.757992</vAcc></extensions></trkpt>
      <trkpt lon="35.024071" lat="31.898221"><ele>270.392698</ele><time>2026-05-08T06:36:10Z</time><extensions><speed>2.968862</speed><course>289.816783</course><hAcc>1.892765</hAcc><vAcc>0.757545</vAcc></extensions></trkpt>
      <trkpt lon="35.024040" lat="31.898229"><ele>270.601520</ele><time>2026-05-08T06:36:11Z</time><extensions><speed>3.076794</speed><course>284.603349</course><hAcc>1.900855</hAcc><vAcc>0.757237</vAcc></extensions></trkpt>
      <trkpt lon="35.024009" lat="31.898236"><ele>270.843639</ele><time>2026-05-08T06:36:12Z</time><extensions><speed>3.048541</speed><course>284.205756</course><hAcc>1.908135</hAcc><vAcc>0.757034</vAcc></extensions></trkpt>
      <trkpt lon="35.023978" lat="31.898243"><ele>271.068829</ele><time>2026-05-08T06:36:13Z</time><extensions><speed>3.017576</speed><course>287.164748</course><hAcc>1.917122</hAcc><vAcc>0.756906</vAcc></extensions></trkpt>
      <trkpt lon="35.023948" lat="31.898251"><ele>271.267541</ele><time>2026-05-08T06:36:14Z</time><extensions><speed>3.052696</speed><course>288.402479</course><hAcc>1.932425</hAcc><vAcc>0.756830</vAcc></extensions></trkpt>
      <trkpt lon="35.023918" lat="31.898261"><ele>271.479624</ele><time>2026-05-08T06:36:15Z</time><extensions><speed>2.963325</speed><course>292.731153</course><hAcc>1.943289</hAcc><vAcc>0.756787</vAcc></extensions></trkpt>
      <trkpt lon="35.023891" lat="31.898272"><ele>271.694536</ele><time>2026-05-08T06:36:16Z</time><extensions><speed>2.833453</speed><course>296.567765</course><hAcc>1.957227</hAcc><vAcc>0.756767</vAcc></extensions></trkpt>
      <trkpt lon="35.023865" lat="31.898283"><ele>271.919597</ele><time>2026-05-08T06:36:17Z</time><extensions><speed>2.729114</speed><course>296.846463</course><hAcc>1.970479</hAcc><vAcc>0.756758</vAcc></extensions></trkpt>
      <trkpt lon="35.023840" lat="31.898294"><ele>272.121360</ele><time>2026-05-08T06:36:18Z</time><extensions><speed>2.655014</speed><course>297.301592</course><hAcc>1.980351</hAcc><vAcc>0.756756</vAcc></extensions></trkpt>
      <trkpt lon="35.023815" lat="31.898304"><ele>272.329519</ele><time>2026-05-08T06:36:19Z</time><extensions><speed>2.652273</speed><course>293.762538</course><hAcc>1.987527</hAcc><vAcc>0.756757</vAcc></extensions></trkpt>
      <trkpt lon="35.023790" lat="31.898312"><ele>272.502617</ele><time>2026-05-08T06:36:20Z</time><extensions><speed>2.660307</speed><course>288.424830</course><hAcc>1.991920</hAcc><vAcc>0.756758</vAcc></extensions></trkpt>
      <trkpt lon="35.023763" lat="31.898319"><ele>272.645672</ele><time>2026-05-08T06:36:21Z</time><extensions><speed>2.745194</speed><course>284.617660</course><hAcc>1.990781</hAcc><vAcc>0.756759</vAcc></extensions></trkpt>
      <trkpt lon="35.023734" lat="31.898325"><ele>272.814187</ele><time>2026-05-08T06:36:22Z</time><extensions><speed>2.855857</speed><course>284.090254</course><hAcc>1.990063</hAcc><vAcc>0.756759</vAcc></extensions></trkpt>
      <trkpt lon="35.023706" lat="31.898331"><ele>272.948025</ele><time>2026-05-08T06:36:23Z</time><extensions><speed>2.816647</speed><course>282.508457</course><hAcc>1.983117</hAcc><vAcc>0.756758</vAcc></extensions></trkpt>
      <trkpt lon="35.023676" lat="31.898337"><ele>273.079125</ele><time>2026-05-08T06:36:24Z</time><extensions><speed>3.046383</speed><course>282.460877</course><hAcc>1.982968</hAcc><vAcc>0.756756</vAcc></extensions></trkpt>
      <trkpt lon="35.023644" lat="31.898344"><ele>273.181924</ele><time>2026-05-08T06:36:25Z</time><extensions><speed>3.136309</speed><course>286.984134</course><hAcc>1.980011</hAcc><vAcc>0.756754</vAcc></extensions></trkpt>
      <trkpt lon="35.023613" lat="31.898353"><ele>273.284412</ele><time>2026-05-08T06:36:26Z</time><extensions><speed>3.159312</speed><course>289.470135</course><hAcc>1.974124</hAcc><vAcc>0.756752</vAcc></extensions></trkpt>
      <trkpt lon="35.023582" lat="31.898363"><ele>273.367763</ele><time>2026-05-08T06:36:27Z</time><extensions><speed>3.094643</speed><course>290.502905</course><hAcc>1.971100</hAcc><vAcc>0.756749</vAcc></extensions></trkpt>
      <trkpt lon="35.023553" lat="31.898372"><ele>273.448879</ele><time>2026-05-08T06:36:28Z</time><extensions><speed>2.932281</speed><course>288.117791</course><hAcc>1.975528</hAcc><vAcc>0.756747</vAcc></extensions></trkpt>
      <trkpt lon="35.023524" lat="31.898380"><ele>273.533290</ele><time>2026-05-08T06:36:29Z</time><extensions><speed>2.848271</speed><course>287.323798</course><hAcc>1.981790</hAcc><vAcc>0.756745</vAcc></extensions></trkpt>
      <trkpt lon="35.023495" lat="31.898387"><ele>273.598134</ele><time>2026-05-08T06:36:30Z</time><extensions><speed>2.810889</speed><course>284.258422</course><hAcc>1.987004</hAcc><vAcc>0.756743</vAcc></extensions></trkpt>
      <trkpt lon="35.023467" lat="31.898392"><ele>273.647507</ele><time>2026-05-08T06:36:31Z</time><extensions><speed>2.821757</speed><course>280.562093</course><hAcc>1.990837</hAcc><vAcc>0.756742</vAcc></extensions></trkpt>
      <trkpt lon="35.023436" lat="31.898397"><ele>273.706018</ele><time>2026-05-08T06:36:32Z</time><extensions><speed>3.019866</speed><course>278.295447</course><hAcc>1.996665</hAcc><vAcc>0.756740</vAcc></extensions></trkpt>
      <trkpt lon="35.023405" lat="31.898401"><ele>273.771311</ele><time>2026-05-08T06:36:33Z</time><extensions><speed>2.970906</speed><course>278.658029</course><hAcc>1.995786</hAcc><vAcc>0.756739</vAcc></extensions></trkpt>
      <trkpt lon="35.023376" lat="31.898405"><ele>273.847290</ele><time>2026-05-08T06:36:34Z</time><extensions><speed>2.813012</speed><course>281.442214</course><hAcc>1.995446</hAcc><vAcc>0.756739</vAcc></extensions></trkpt>
      <trkpt lon="35.023347" lat="31.898410"><ele>273.931663</ele><time>2026-05-08T06:36:35Z</time><extensions><speed>2.889684</speed><course>282.621922</course><hAcc>1.992552</hAcc><vAcc>0.756738</vAcc></extensions></trkpt>
      <trkpt lon="35.023318" lat="31.898416"><ele>274.026035</ele><time>2026-05-08T06:36:36Z</time><extensions><speed>2.801792</speed><course>283.288506</course><hAcc>1.983098</hAcc><vAcc>0.756738</vAcc></extensions></trkpt>
      <trkpt lon="35.023289" lat="31.898422"><ele>274.098766</ele><time>2026-05-08T06:36:37Z</time><extensions><speed>2.777607</speed><course>284.046805</course><hAcc>1.975530</hAcc><vAcc>0.756738</vAcc></extensions></trkpt>
      <trkpt lon="35.023261" lat="31.898429"><ele>274.207987</ele><time>2026-05-08T06:36:38Z</time><extensions><speed>2.848992</speed><course>287.334267</course><hAcc>1.973187</hAcc><vAcc>0.756737</vAcc></extensions></trkpt>
      <trkpt lon="35.023233" lat="31.898437"><ele>274.347097</ele><time>2026-05-08T06:36:39Z</time><extensions><speed>2.794465</speed><course>288.683080</course><hAcc>1.970855</hAcc><vAcc>0.756737</vAcc></extensions></trkpt>
      <trkpt lon="35.023206" lat="31.898445"><ele>274.507164</ele><time>2026-05-08T06:36:40Z</time><extensions><speed>2.783272</speed><course>289.423854</course><hAcc>1.971971</hAcc><vAcc>0.756737</vAcc></extensions></trkpt>
      <trkpt lon="35.023178" lat="31.898454"><ele>274.635665</ele><time>2026-05-08T06:36:41Z</time><extensions><speed>2.815237</speed><course>288.222393</course><hAcc>1.971420</hAcc><vAcc>0.756737</vAcc></extensions></trkpt>
      <trkpt lon="35.023150" lat="31.898461"><ele>274.779121</ele><time>2026-05-08T06:36:42Z</time><extensions><speed>2.840672</speed><course>286.618767</course><hAcc>1.971125</hAcc><vAcc>0.756737</vAcc></extensions></trkpt>
      <trkpt lon="35.023122" lat="31.898469"><ele>274.923349</ele><time>2026-05-08T06:36:43Z</time><extensions><speed>2.927733</speed><course>284.771635</course><hAcc>1.974549</hAcc><vAcc>0.756737</vAcc></extensions></trkpt>
      <trkpt lon="35.023092" lat="31.898475"><ele>275.048347</ele><time>2026-05-08T06:36:44Z</time><extensions><speed>2.946524</speed><course>280.748684</course><hAcc>1.984895</hAcc><vAcc>0.756737</vAcc></extensions></trkpt>
      <trkpt lon="35.023063" lat="31.898479"><ele>275.207157</ele><time>2026-05-08T06:36:45Z</time><extensions><speed>2.870723</speed><course>278.909571</course><hAcc>1.996389</hAcc><vAcc>0.756737</vAcc></extensions></trkpt>
      <trkpt lon="35.023034" lat="31.898483"><ele>275.368439</ele><time>2026-05-08T06:36:46Z</time><extensions><speed>2.827467</speed><course>278.775019</course><hAcc>2.002161</hAcc><vAcc>0.756737</vAcc></extensions></trkpt>
      <trkpt lon="35.023005" lat="31.898488"><ele>275.516745</ele><time>2026-05-08T06:36:47Z</time><extensions><speed>2.845543</speed><course>279.136861</course><hAcc>2.005736</hAcc><vAcc>0.756737</vAcc></extensions></trkpt>
      <trkpt lon="35.022977" lat="31.898492"><ele>275.654597</ele><time>2026-05-08T06:36:48Z</time><extensions><speed>2.659303</speed><course>281.150793</course><hAcc>2.010879</hAcc><vAcc>0.756737</vAcc></extensions></trkpt>
      <trkpt lon="35.022950" lat="31.898498"><ele>275.782358</ele><time>2026-05-08T06:36:49Z</time><extensions><speed>2.729210</speed><course>283.321996</course><hAcc>2.020239</hAcc><vAcc>0.756737</vAcc></extensions></trkpt>
      <trkpt lon="35.022921" lat="31.898505"><ele>275.896089</ele><time>2026-05-08T06:36:50Z</time><extensions><speed>3.052812</speed><course>288.507604</course><hAcc>2.022596</hAcc><vAcc>0.756737</vAcc></extensions></trkpt>
      <trkpt lon="35.022889" lat="31.898514"><ele>275.987335</ele><time>2026-05-08T06:36:51Z</time><extensions><speed>3.407068</speed><course>286.968975</course><hAcc>2.018871</hAcc><vAcc>0.756737</vAcc></extensions></trkpt>
      <trkpt lon="35.022855" lat="31.898522"><ele>276.061571</ele><time>2026-05-08T06:36:52Z</time><extensions><speed>3.393023</speed><course>284.820525</course><hAcc>2.013114</hAcc><vAcc>0.756737</vAcc></extensions></trkpt>
      <trkpt lon="35.022822" lat="31.898530"><ele>276.138793</ele><time>2026-05-08T06:36:53Z</time><extensions><speed>3.157842</speed><course>284.016689</course><hAcc>2.013151</hAcc><vAcc>0.756737</vAcc></extensions></trkpt>
      <trkpt lon="35.022791" lat="31.898537"><ele>276.213077</ele><time>2026-05-08T06:36:54Z</time><extensions><speed>2.891088</speed><course>283.563249</course><hAcc>2.011902</hAcc><vAcc>0.756737</vAcc></extensions></trkpt>
      <trkpt lon="35.022763" lat="31.898543"><ele>276.280878</ele><time>2026-05-08T06:36:55Z</time><extensions><speed>2.735864</speed><course>286.064040</course><hAcc>2.005715</hAcc><vAcc>0.756737</vAcc></extensions></trkpt>
      <trkpt lon="35.022736" lat="31.898549"><ele>276.333543</ele><time>2026-05-08T06:36:56Z</time><extensions><speed>2.547328</speed><course>283.257447</course><hAcc>1.998421</hAcc><vAcc>0.756737</vAcc></extensions></trkpt>
      <trkpt lon="35.022710" lat="31.898554"><ele>276.369639</ele><time>2026-05-08T06:36:57Z</time><extensions><speed>2.509147</speed><course>280.934421</course><hAcc>1.991114</hAcc><vAcc>0.756737</vAcc></extensions></trkpt>
      <trkpt lon="35.022684" lat="31.898559"><ele>276.378511</ele><time>2026-05-08T06:36:58Z</time><extensions><speed>2.639237</speed><course>282.027350</course><hAcc>1.987109</hAcc><vAcc>0.756737</vAcc></extensions></trkpt>
      <trkpt lon="35.022658" lat="31.898565"><ele>276.413209</ele><time>2026-05-08T06:36:59Z</time><extensions><speed>2.551074</speed><course>287.152165</course><hAcc>1.984083</hAcc><vAcc>0.756737</vAcc></extensions></trkpt>
      <trkpt lon="35.022632" lat="31.898572"><ele>276.466230</ele><time>2026-05-08T06:37:00Z</time><extensions><speed>2.709354</speed><course>288.218703</course><hAcc>1.980046</hAcc><vAcc>0.756737</vAcc></extensions></trkpt>
      <trkpt lon="35.022604" lat="31.898579"><ele>276.522099</ele><time>2026-05-08T06:37:01Z</time><extensions><speed>2.776417</speed><course>283.608025</course><hAcc>1.974426</hAcc><vAcc>0.756737</vAcc></extensions></trkpt>
      <trkpt lon="35.022575" lat="31.898583"><ele>276.559358</ele><time>2026-05-08T06:37:02Z</time><extensions><speed>2.874948</speed><course>278.769983</course><hAcc>1.965993</hAcc><vAcc>0.756737</vAcc></extensions></trkpt>
      <trkpt lon="35.022545" lat="31.898587"><ele>276.586930</ele><time>2026-05-08T06:37:03Z</time><extensions><speed>2.919277</speed><course>277.231154</course><hAcc>1.959069</hAcc><vAcc>0.756737</vAcc></extensions></trkpt>
      <trkpt lon="35.022516" lat="31.898591"><ele>276.623891</ele><time>2026-05-08T06:37:04Z</time><extensions><speed>2.889129</speed><course>281.240995</course><hAcc>1.960738</hAcc><vAcc>0.756737</vAcc></extensions></trkpt>
      <trkpt lon="35.022486" lat="31.898597"><ele>276.674499</ele><time>2026-05-08T06:37:05Z</time><extensions><speed>2.870994</speed><course>284.307920</course><hAcc>1.966778</hAcc><vAcc>0.756737</vAcc></extensions></trkpt>
      <trkpt lon="35.022457" lat="31.898603"><ele>276.709101</ele><time>2026-05-08T06:37:06Z</time><extensions><speed>2.900890</speed><course>281.917305</course><hAcc>1.967908</hAcc><vAcc>0.756740</vAcc></extensions></trkpt>
      <trkpt lon="35.022428" lat="31.898609"><ele>276.773198</ele><time>2026-05-08T06:37:07Z</time><extensions><speed>2.775547</speed><course>282.251834</course><hAcc>1.970364</hAcc><vAcc>0.756743</vAcc></extensions></trkpt>
      <trkpt lon="35.022400" lat="31.898614"><ele>276.841060</ele><time>2026-05-08T06:37:08Z</time><extensions><speed>2.768752</speed><course>283.193092</course><hAcc>1.973679</hAcc><vAcc>0.756747</vAcc></extensions></trkpt>
      <trkpt lon="35.022372" lat="31.898619"><ele>276.925236</ele><time>2026-05-08T06:37:09Z</time><extensions><speed>2.725189</speed><course>274.755731</course><hAcc>1.977875</hAcc><vAcc>0.756752</vAcc></extensions></trkpt>
      <trkpt lon="35.022343" lat="31.898621"><ele>276.997284</ele><time>2026-05-08T06:37:10Z</time><extensions><speed>2.760232</speed><course>272.735159</course><hAcc>1.993017</hAcc><vAcc>0.756758</vAcc></extensions></trkpt>
      <trkpt lon="35.022314" lat="31.898622"><ele>277.069894</ele><time>2026-05-08T06:37:11Z</time><extensions><speed>2.864944</speed><course>273.864017</course><hAcc>2.006484</hAcc><vAcc>0.756764</vAcc></extensions></trkpt>
      <trkpt lon="35.022284" lat="31.898624"><ele>277.125144</ele><time>2026-05-08T06:37:12Z</time><extensions><speed>2.774238</speed><course>271.405484</course><hAcc>2.017864</hAcc><vAcc>0.756772</vAcc></extensions></trkpt>
      <trkpt lon="35.022255" lat="31.898625"><ele>277.189107</ele><time>2026-05-08T06:37:13Z</time><extensions><speed>2.775833</speed><course>269.665159</course><hAcc>2.030892</hAcc><vAcc>0.756781</vAcc></extensions></trkpt>
      <trkpt lon="35.022226" lat="31.898625"><ele>277.239159</ele><time>2026-05-08T06:37:14Z</time><extensions><speed>2.842971</speed><course>269.218328</course><hAcc>2.047016</hAcc><vAcc>0.756794</vAcc></extensions></trkpt>
      <trkpt lon="35.022196" lat="31.898625"><ele>277.267508</ele><time>2026-05-08T06:37:15Z</time><extensions><speed>2.842485</speed><course>272.191515</course><hAcc>2.066176</hAcc><vAcc>0.756811</vAcc></extensions></trkpt>
      <trkpt lon="35.022167" lat="31.898628"><ele>277.309682</ele><time>2026-05-08T06:37:17Z</time><extensions><speed>2.848957</speed><course>276.305036</course><hAcc>2.088603</hAcc><vAcc>0.756818</vAcc></extensions></trkpt>
      <trkpt lon="35.022138" lat="31.898631"><ele>277.360416</ele><time>2026-05-08T06:37:18Z</time><extensions><speed>2.828690</speed><course>279.029556</course><hAcc>2.109564</hAcc><vAcc>0.756800</vAcc></extensions></trkpt>
      <trkpt lon="35.022107" lat="31.898637"><ele>277.399847</ele><time>2026-05-08T06:37:19Z</time><extensions><speed>3.008326</speed><course>282.311692</course><hAcc>2.125801</hAcc><vAcc>0.756788</vAcc></extensions></trkpt>
      <trkpt lon="35.022074" lat="31.898643"><ele>277.425440</ele><time>2026-05-08T06:37:20Z</time><extensions><speed>3.404527</speed><course>283.089693</course><hAcc>2.137957</hAcc><vAcc>0.756778</vAcc></extensions></trkpt>
      <trkpt lon="35.022039" lat="31.898649"><ele>277.448521</ele><time>2026-05-08T06:37:21Z</time><extensions><speed>3.455543</speed><course>277.842706</course><hAcc>2.138141</hAcc><vAcc>0.756770</vAcc></extensions></trkpt>
      <trkpt lon="35.022002" lat="31.898652"><ele>277.456243</ele><time>2026-05-08T06:37:22Z</time><extensions><speed>3.481286</speed><course>272.343883</course><hAcc>2.132438</hAcc><vAcc>0.756764</vAcc></extensions></trkpt>
      <trkpt lon="35.021966" lat="31.898652"><ele>277.454763</ele><time>2026-05-08T06:37:23Z</time><extensions><speed>3.387553</speed><course>267.532211</course><hAcc>2.122529</hAcc><vAcc>0.756760</vAcc></extensions></trkpt>
      <trkpt lon="35.021930" lat="31.898651"><ele>277.443543</ele><time>2026-05-08T06:37:24Z</time><extensions><speed>3.383631</speed><course>267.986021</course><hAcc>2.111846</hAcc><vAcc>0.756756</vAcc></extensions></trkpt>
      <trkpt lon="35.021895" lat="31.898651"><ele>277.395623</ele><time>2026-05-08T06:37:25Z</time><extensions><speed>3.195849</speed><course>267.859677</course><hAcc>2.101526</hAcc><vAcc>0.756752</vAcc></extensions></trkpt>
      <trkpt lon="35.021863" lat="31.898650"><ele>277.365403</ele><time>2026-05-08T06:37:26Z</time><extensions><speed>2.803814</speed><course>268.038360</course><hAcc>2.102495</hAcc><vAcc>0.756750</vAcc></extensions></trkpt>
      <trkpt lon="35.021836" lat="31.898649"><ele>277.334829</ele><time>2026-05-08T06:37:27Z</time><extensions><speed>2.325558</speed><course>265.134342</course><hAcc>2.119091</hAcc><vAcc>0.756747</vAcc></extensions></trkpt>
      <trkpt lon="35.021811" lat="31.898648"><ele>277.306097</ele><time>2026-05-08T06:37:28Z</time><extensions><speed>2.323916</speed><course>269.924836</course><hAcc>2.123863</hAcc><vAcc>0.757306</vAcc></extensions></trkpt>
      <trkpt lon="35.021784" lat="31.898650"><ele>277.272466</ele><time>2026-05-08T06:37:29Z</time><extensions><speed>2.863510</speed><course>277.117786</course><hAcc>2.107468</hAcc><vAcc>0.758570</vAcc></extensions></trkpt>
      <trkpt lon="35.021753" lat="31.898653"><ele>277.257221</ele><time>2026-05-08T06:37:30Z</time><extensions><speed>2.925022</speed><course>277.563729</course><hAcc>2.110346</hAcc><vAcc>0.760198</vAcc></extensions></trkpt>
      <trkpt lon="35.021723" lat="31.898655"><ele>277.193534</ele><time>2026-05-08T06:37:31Z</time><extensions><speed>2.874498</speed><course>270.085240</course><hAcc>2.120506</hAcc><vAcc>0.762193</vAcc></extensions></trkpt>
      <trkpt lon="35.021692" lat="31.898654"><ele>277.112299</ele><time>2026-05-08T06:37:32Z</time><extensions><speed>2.942675</speed><course>264.544247</course><hAcc>2.138380</hAcc><vAcc>0.764523</vAcc></extensions></trkpt>
      <trkpt lon="35.021660" lat="31.898651"><ele>277.032105</ele><time>2026-05-08T06:37:33Z</time><extensions><speed>3.154262</speed><course>258.724104</course><hAcc>2.150682</hAcc><vAcc>0.767942</vAcc></extensions></trkpt>
      <trkpt lon="35.021626" lat="31.898646"><ele>276.934299</ele><time>2026-05-08T06:37:34Z</time><extensions><speed>3.297264</speed><course>260.767753</course><hAcc>2.165101</hAcc><vAcc>0.772165</vAcc></extensions></trkpt>
      <trkpt lon="35.021591" lat="31.898642"><ele>276.846695</ele><time>2026-05-08T06:37:35Z</time><extensions><speed>3.391696</speed><course>260.260523</course><hAcc>2.179811</hAcc><vAcc>0.776286</vAcc></extensions></trkpt>
      <trkpt lon="35.021555" lat="31.898636"><ele>276.743933</ele><time>2026-05-08T06:37:36Z</time><extensions><speed>3.501785</speed><course>258.357080</course><hAcc>2.192041</hAcc><vAcc>0.781425</vAcc></extensions></trkpt>
      <trkpt lon="35.021519" lat="31.898630"><ele>276.626210</ele><time>2026-05-08T06:37:37Z</time><extensions><speed>3.517739</speed><course>257.493847</course><hAcc>2.208610</hAcc><vAcc>0.786870</vAcc></extensions></trkpt>
      <trkpt lon="35.021482" lat="31.898623"><ele>276.515560</ele><time>2026-05-08T06:37:38Z</time><extensions><speed>3.502156</speed><course>254.378428</course><hAcc>2.225818</hAcc><vAcc>0.792577</vAcc></extensions></trkpt>
      <trkpt lon="35.021447" lat="31.898614"><ele>276.386741</ele><time>2026-05-08T06:37:39Z</time><extensions><speed>3.337291</speed><course>253.271894</course><hAcc>2.238311</hAcc><vAcc>0.797928</vAcc></extensions></trkpt>
      <trkpt lon="35.021414" lat="31.898606"><ele>276.267001</ele><time>2026-05-08T06:37:40Z</time><extensions><speed>3.268384</speed><course>255.623990</course><hAcc>2.232794</hAcc><vAcc>0.802379</vAcc></extensions></trkpt>
      <trkpt lon="35.021380" lat="31.898600"><ele>276.139078</ele><time>2026-05-08T06:37:41Z</time><extensions><speed>3.257439</speed><course>259.336544</course><hAcc>2.222893</hAcc><vAcc>0.805865</vAcc></extensions></trkpt>
      <trkpt lon="35.021345" lat="31.898597"><ele>275.986519</ele><time>2026-05-08T06:37:42Z</time><extensions><speed>3.437440</speed><course>268.012250</course><hAcc>2.216686</hAcc><vAcc>0.808743</vAcc></extensions></trkpt>
      <trkpt lon="35.021307" lat="31.898598"><ele>275.844306</ele><time>2026-05-08T06:37:43Z</time><extensions><speed>3.745214</speed><course>274.687439</course><hAcc>2.217203</hAcc><vAcc>0.810996</vAcc></extensions></trkpt>
      <trkpt lon="35.021266" lat="31.898603"><ele>275.709435</ele><time>2026-05-08T06:37:44Z</time><extensions><speed>4.004299</speed><course>279.347116</course><hAcc>2.213907</hAcc><vAcc>0.812291</vAcc></extensions></trkpt>
      <trkpt lon="35.021224" lat="31.898609"><ele>275.570836</ele><time>2026-05-08T06:37:45Z</time><extensions><speed>4.007642</speed><course>278.929398</course><hAcc>2.206563</hAcc><vAcc>0.812838</vAcc></extensions></trkpt>
      <trkpt lon="35.021183" lat="31.898613"><ele>275.411460</ele><time>2026-05-08T06:37:46Z</time><extensions><speed>3.728286</speed><course>274.209691</course><hAcc>2.206383</hAcc><vAcc>0.812462</vAcc></extensions></trkpt>
      <trkpt lon="35.021144" lat="31.898615"><ele>275.256252</ele><time>2026-05-08T06:37:47Z</time><extensions><speed>3.474500</speed><course>273.792410</course><hAcc>2.206128</hAcc><vAcc>0.811111</vAcc></extensions></trkpt>
      <trkpt lon="35.021108" lat="31.898616"><ele>275.105070</ele><time>2026-05-08T06:37:48Z</time><extensions><speed>3.324272</speed><course>271.094807</course><hAcc>2.208160</hAcc><vAcc>0.809110</vAcc></extensions></trkpt>
      <trkpt lon="35.021073" lat="31.898617"><ele>274.934504</ele><time>2026-05-08T06:37:49Z</time><extensions><speed>3.449911</speed><course>269.852372</course><hAcc>2.200243</hAcc><vAcc>0.806605</vAcc></extensions></trkpt>
      <trkpt lon="35.021037" lat="31.898617"><ele>274.760989</ele><time>2026-05-08T06:37:50Z</time><extensions><speed>3.398478</speed><course>267.607656</course><hAcc>2.201144</hAcc><vAcc>0.803753</vAcc></extensions></trkpt>
      <trkpt lon="35.021001" lat="31.898616"><ele>274.575653</ele><time>2026-05-08T06:37:51Z</time><extensions><speed>3.303215</speed><course>268.842660</course><hAcc>2.199194</hAcc><vAcc>0.800694</vAcc></extensions></trkpt>
      <trkpt lon="35.020967" lat="31.898617"><ele>274.387394</ele><time>2026-05-08T06:37:52Z</time><extensions><speed>3.187737</speed><course>271.802418</course><hAcc>2.197746</hAcc><vAcc>0.797539</vAcc></extensions></trkpt>
      <trkpt lon="35.020932" lat="31.898617"><ele>274.185701</ele><time>2026-05-08T06:37:53Z</time><extensions><speed>3.225465</speed><course>269.244052</course><hAcc>2.199559</hAcc><vAcc>0.794689</vAcc></extensions></trkpt>
      <trkpt lon="35.020897" lat="31.898616"><ele>273.974332</ele><time>2026-05-08T06:37:54Z</time><extensions><speed>3.418108</speed><course>262.889132</course><hAcc>2.206953</hAcc><vAcc>0.792705</vAcc></extensions></trkpt>
      <trkpt lon="35.020859" lat="31.898610"><ele>273.766902</ele><time>2026-05-08T06:37:55Z</time><extensions><speed>3.739901</speed><course>256.329687</course><hAcc>2.210753</hAcc><vAcc>0.791489</vAcc></extensions></trkpt>
      <trkpt lon="35.020820" lat="31.898601"><ele>273.559528</ele><time>2026-05-08T06:37:56Z</time><extensions><speed>3.939590</speed><course>253.049905</course><hAcc>2.217596</hAcc><vAcc>0.791369</vAcc></extensions></trkpt>
      <trkpt lon="35.020779" lat="31.898590"><ele>273.362417</ele><time>2026-05-08T06:37:57Z</time><extensions><speed>4.038256</speed><course>251.597308</course><hAcc>2.218281</hAcc><vAcc>0.792328</vAcc></extensions></trkpt>
      <trkpt lon="35.020738" lat="31.898580"><ele>273.208230</ele><time>2026-05-08T06:37:58Z</time><extensions><speed>3.929677</speed><course>255.920639</course><hAcc>2.226494</hAcc><vAcc>0.794108</vAcc></extensions></trkpt>
      <trkpt lon="35.020699" lat="31.898573"><ele>273.022941</ele><time>2026-05-08T06:37:59Z</time><extensions><speed>3.631555</speed><course>259.268238</course><hAcc>2.237822</hAcc><vAcc>0.797218</vAcc></extensions></trkpt>
      <trkpt lon="35.020660" lat="31.898568"><ele>272.834279</ele><time>2026-05-08T06:38:00Z</time><extensions><speed>3.712129</speed><course>260.567718</course><hAcc>2.238664</hAcc><vAcc>0.801197</vAcc></extensions></trkpt>
      <trkpt lon="35.020621" lat="31.898563"><ele>272.657589</ele><time>2026-05-08T06:38:01Z</time><extensions><speed>3.709054</speed><course>261.686428</course><hAcc>2.235281</hAcc><vAcc>0.806282</vAcc></extensions></trkpt>
      <trkpt lon="35.020583" lat="31.898558"><ele>272.473214</ele><time>2026-05-08T06:38:02Z</time><extensions><speed>3.662296</speed><course>261.988536</course><hAcc>2.233940</hAcc><vAcc>0.812417</vAcc></extensions></trkpt>
      <trkpt lon="35.020545" lat="31.898554"><ele>272.292043</ele><time>2026-05-08T06:38:03Z</time><extensions><speed>3.484227</speed><course>260.865259</course><hAcc>2.238744</hAcc><vAcc>0.818838</vAcc></extensions></trkpt>
      <trkpt lon="35.020509" lat="31.898550"><ele>272.126833</ele><time>2026-05-08T06:38:04Z</time><extensions><speed>3.247814</speed><course>262.323504</course><hAcc>2.249395</hAcc><vAcc>0.825646</vAcc></extensions></trkpt>
      <trkpt lon="35.020476" lat="31.898547"><ele>271.912982</ele><time>2026-05-08T06:38:05Z</time><extensions><speed>3.105603</speed><course>266.625039</course><hAcc>2.250239</hAcc><vAcc>0.831866</vAcc></extensions></trkpt>
      <trkpt lon="35.020443" lat="31.898546"><ele>271.734612</ele><time>2026-05-08T06:38:06Z</time><extensions><speed>3.059552</speed><course>268.368550</course><hAcc>2.246749</hAcc><vAcc>0.837750</vAcc></extensions></trkpt>
      <trkpt lon="35.020409" lat="31.898546"><ele>271.534975</ele><time>2026-05-08T06:38:07Z</time><extensions><speed>3.330194</speed><course>271.460279</course><hAcc>2.239591</hAcc><vAcc>0.842152</vAcc></extensions></trkpt>
      <trkpt lon="35.020372" lat="31.898547"><ele>271.380793</ele><time>2026-05-08T06:38:08Z</time><extensions><speed>3.581363</speed><course>272.660037</course><hAcc>2.234521</hAcc><vAcc>0.845478</vAcc></extensions></trkpt>
      <trkpt lon="35.020335" lat="31.898550"><ele>271.196111</ele><time>2026-05-08T06:38:09Z</time><extensions><speed>3.360334</speed><course>275.835278</course><hAcc>2.233211</hAcc><vAcc>0.848025</vAcc></extensions></trkpt>
      <trkpt lon="35.020299" lat="31.898553"><ele>270.996491</ele><time>2026-05-08T06:38:09Z</time><extensions><speed>3.368961</speed><course>276.036131</course><hAcc>2.229053</hAcc><vAcc>0.848825</vAcc></extensions></trkpt>
      <trkpt lon="35.020264" lat="31.898555"><ele>270.815839</ele><time>2026-05-08T06:38:10Z</time><extensions><speed>3.276005</speed><course>272.332959</course><hAcc>2.225943</hAcc><vAcc>0.849039</vAcc></extensions></trkpt>
      <trkpt lon="35.020230" lat="31.898556"><ele>270.654499</ele><time>2026-05-08T06:38:11Z</time><extensions><speed>3.095662</speed><course>272.174088</course><hAcc>2.217767</hAcc><vAcc>0.848347</vAcc></extensions></trkpt>
      <trkpt lon="35.020196" lat="31.898558"><ele>270.504161</ele><time>2026-05-08T06:38:12Z</time><extensions><speed>3.176937</speed><course>274.777453</course><hAcc>2.208028</hAcc><vAcc>0.847127</vAcc></extensions></trkpt>
      <trkpt lon="35.020161" lat="31.898561"><ele>270.336235</ele><time>2026-05-08T06:38:13Z</time><extensions><speed>3.368306</speed><course>278.095233</course><hAcc>2.203618</hAcc><vAcc>0.845128</vAcc></extensions></trkpt>
      <trkpt lon="35.020124" lat="31.898565"><ele>270.197265</ele><time>2026-05-08T06:38:14Z</time><extensions><speed>3.513467</speed><course>277.070884</course><hAcc>2.204606</hAcc><vAcc>0.842492</vAcc></extensions></trkpt>
      <trkpt lon="35.020085" lat="31.898568"><ele>270.057885</ele><time>2026-05-08T06:38:15Z</time><extensions><speed>3.775134</speed><course>271.342155</course><hAcc>2.197025</hAcc><vAcc>0.839639</vAcc></extensions></trkpt>
      <trkpt lon="35.020043" lat="31.898567"><ele>269.937386</ele><time>2026-05-08T06:38:16Z</time><extensions><speed>4.091202</speed><course>266.841008</course><hAcc>2.185116</hAcc><vAcc>0.836008</vAcc></extensions></trkpt>
      <trkpt lon="35.020000" lat="31.898564"><ele>269.814725</ele><time>2026-05-08T06:38:17Z</time><extensions><speed>3.910490</speed><course>264.475081</course><hAcc>2.179677</hAcc><vAcc>0.832340</vAcc></extensions></trkpt>
      <trkpt lon="35.019962" lat="31.898560"><ele>269.669726</ele><time>2026-05-08T06:38:18Z</time><extensions><speed>3.466954</speed><course>263.624895</course><hAcc>2.179572</hAcc><vAcc>0.828195</vAcc></extensions></trkpt>
      <trkpt lon="35.019926" lat="31.898557"><ele>269.519434</ele><time>2026-05-08T06:38:19Z</time><extensions><speed>3.199123</speed><course>263.781557</course><hAcc>2.178517</hAcc><vAcc>0.825084</vAcc></extensions></trkpt>
      <trkpt lon="35.019893" lat="31.898554"><ele>269.386029</ele><time>2026-05-08T06:38:20Z</time><extensions><speed>3.191403</speed><course>264.888575</course><hAcc>2.175236</hAcc><vAcc>0.822215</vAcc></extensions></trkpt>
      <trkpt lon="35.019857" lat="31.898551"><ele>269.230356</ele><time>2026-05-08T06:38:21Z</time><extensions><speed>3.555809</speed><course>266.247792</course><hAcc>2.172385</hAcc><vAcc>0.819918</vAcc></extensions></trkpt>
      <trkpt lon="35.019818" lat="31.898549"><ele>269.122508</ele><time>2026-05-08T06:38:22Z</time><extensions><speed>3.739638</speed><course>267.072367</course><hAcc>2.170827</hAcc><vAcc>0.818116</vAcc></extensions></trkpt>
      <trkpt lon="35.019777" lat="31.898547"><ele>269.014674</ele><time>2026-05-08T06:38:23Z</time><extensions><speed>3.899620</speed><course>268.264538</course><hAcc>2.170608</hAcc><vAcc>0.816413</vAcc></extensions></trkpt>
      <trkpt lon="35.019734" lat="31.898545"><ele>268.904074</ele><time>2026-05-08T06:38:24Z</time><extensions><speed>4.067551</speed><course>266.674050</course><hAcc>2.168422</hAcc><vAcc>0.815176</vAcc></extensions></trkpt>
      <trkpt lon="35.019690" lat="31.898541"><ele>268.757523</ele><time>2026-05-08T06:38:25Z</time><extensions><speed>4.296632</speed><course>263.254818</course><hAcc>2.163345</hAcc><vAcc>0.813700</vAcc></extensions></trkpt>
      <trkpt lon="35.019644" lat="31.898536"><ele>268.645943</ele><time>2026-05-08T06:38:26Z</time><extensions><speed>4.299080</speed><course>261.970070</course><hAcc>2.153692</hAcc><vAcc>0.812688</vAcc></extensions></trkpt>
      <trkpt lon="35.019601" lat="31.898531"><ele>268.499326</ele><time>2026-05-08T06:38:27Z</time><extensions><speed>3.881764</speed><course>263.608823</course><hAcc>2.145409</hAcc><vAcc>0.811890</vAcc></extensions></trkpt>
      <trkpt lon="35.019561" lat="31.898528"><ele>268.357765</ele><time>2026-05-08T06:38:28Z</time><extensions><speed>3.676332</speed><course>267.749562</course><hAcc>2.140751</hAcc><vAcc>0.811211</vAcc></extensions></trkpt>
      <trkpt lon="35.019523" lat="31.898528"><ele>268.206498</ele><time>2026-05-08T06:38:29Z</time><extensions><speed>3.422741</speed><course>271.061963</course><hAcc>2.139282</hAcc><vAcc>0.810583</vAcc></extensions></trkpt>
      <trkpt lon="35.019487" lat="31.898530"><ele>268.010995</ele><time>2026-05-08T06:38:30Z</time><extensions><speed>3.353811</speed><course>279.360861</course><hAcc>2.139449</hAcc><vAcc>0.809669</vAcc></extensions></trkpt>
      <trkpt lon="35.019452" lat="31.898536"><ele>267.821201</ele><time>2026-05-08T06:38:31Z</time><extensions><speed>3.274020</speed><course>282.757176</course><hAcc>2.145371</hAcc><vAcc>0.808138</vAcc></extensions></trkpt>
      <trkpt lon="35.019418" lat="31.898540"><ele>267.612366</ele><time>2026-05-08T06:38:32Z</time><extensions><speed>3.261838</speed><course>274.293769</course><hAcc>2.135569</hAcc><vAcc>0.806508</vAcc></extensions></trkpt>
      <trkpt lon="35.019383" lat="31.898539"><ele>267.399600</ele><time>2026-05-08T06:38:33Z</time><extensions><speed>3.383849</speed><course>262.843509</course><hAcc>2.125933</hAcc><vAcc>0.804019</vAcc></extensions></trkpt>
      <trkpt lon="35.019346" lat="31.898532"><ele>267.128073</ele><time>2026-05-08T06:38:34Z</time><extensions><speed>3.593683</speed><course>255.290001</course><hAcc>2.126276</hAcc><vAcc>0.801150</vAcc></extensions></trkpt>
      <trkpt lon="35.019308" lat="31.898523"><ele>266.894580</ele><time>2026-05-08T06:38:35Z</time><extensions><speed>3.843998</speed><course>252.314092</course><hAcc>2.130789</hAcc><vAcc>0.797988</vAcc></extensions></trkpt>
      <trkpt lon="35.019268" lat="31.898513"><ele>266.609330</ele><time>2026-05-08T06:38:36Z</time><extensions><speed>3.815735</speed><course>253.821146</course><hAcc>2.136173</hAcc><vAcc>0.794422</vAcc></extensions></trkpt>
      <trkpt lon="35.019228" lat="31.898504"><ele>266.341126</ele><time>2026-05-08T06:38:37Z</time><extensions><speed>3.880977</speed><course>258.157849</course><hAcc>2.136367</hAcc><vAcc>0.790703</vAcc></extensions></trkpt>
      <trkpt lon="35.019187" lat="31.898498"><ele>266.033886</ele><time>2026-05-08T06:38:38Z</time><extensions><speed>3.965049</speed><course>261.692708</course><hAcc>2.135064</hAcc><vAcc>0.786936</vAcc></extensions></trkpt>
      <trkpt lon="35.019145" lat="31.898493"><ele>265.720045</ele><time>2026-05-08T06:38:39Z</time><extensions><speed>3.993810</speed><course>264.185290</course><hAcc>2.140012</hAcc><vAcc>0.783221</vAcc></extensions></trkpt>
      <trkpt lon="35.019102" lat="31.898490"><ele>265.396266</ele><time>2026-05-08T06:38:40Z</time><extensions><speed>4.125895</speed><course>267.403324</course><hAcc>2.149405</hAcc><vAcc>0.779652</vAcc></extensions></trkpt>
      <trkpt lon="35.019059" lat="31.898489"><ele>265.091762</ele><time>2026-05-08T06:38:41Z</time><extensions><speed>3.937197</speed><course>270.416348</course><hAcc>2.155869</hAcc><vAcc>0.776309</vAcc></extensions></trkpt>
      <trkpt lon="35.019018" lat="31.898490"><ele>264.782892</ele><time>2026-05-08T06:38:42Z</time><extensions><speed>3.717960</speed><course>271.554896</course><hAcc>2.159588</hAcc><vAcc>0.773290</vAcc></extensions></trkpt>
      <trkpt lon="35.018979" lat="31.898491"><ele>264.487215</ele><time>2026-05-08T06:38:43Z</time><extensions><speed>3.596211</speed><course>272.732776</course><hAcc>2.164126</hAcc><vAcc>0.770538</vAcc></extensions></trkpt>
      <trkpt lon="35.018940" lat="31.898492"><ele>264.180812</ele><time>2026-05-08T06:38:44Z</time><extensions><speed>3.726858</speed><course>272.209120</course><hAcc>2.169829</hAcc><vAcc>0.768799</vAcc></extensions></trkpt>
      <trkpt lon="35.018898" lat="31.898494"><ele>263.911328</ele><time>2026-05-08T06:38:45Z</time><extensions><speed>3.899434</speed><course>273.412038</course><hAcc>2.167198</hAcc><vAcc>0.767592</vAcc></extensions></trkpt>
      <trkpt lon="35.018856" lat="31.898497"><ele>263.652432</ele><time>2026-05-08T06:38:46Z</time><extensions><speed>3.882788</speed><course>274.928195</course><hAcc>2.165613</hAcc><vAcc>0.766949</vAcc></extensions></trkpt>
      <trkpt lon="35.018814" lat="31.898501"><ele>263.352003</ele><time>2026-05-08T06:38:47Z</time><extensions><speed>3.948695</speed><course>278.045693</course><hAcc>2.168920</hAcc><vAcc>0.766536</vAcc></extensions></trkpt>
      <trkpt lon="35.018771" lat="31.898507"><ele>263.125040</ele><time>2026-05-08T06:38:48Z</time><extensions><speed>4.176367</speed><course>279.629723</course><hAcc>2.160041</hAcc><vAcc>0.767139</vAcc></extensions></trkpt>
      <trkpt lon="35.018726" lat="31.898513"><ele>262.908132</ele><time>2026-05-08T06:38:49Z</time><extensions><speed>4.245702</speed><course>280.335195</course><hAcc>2.161369</hAcc><vAcc>0.768485</vAcc></extensions></trkpt>
      <trkpt lon="35.018681" lat="31.898520"><ele>262.711505</ele><time>2026-05-08T06:38:50Z</time><extensions><speed>4.268497</speed><course>281.821227</course><hAcc>2.162455</hAcc><vAcc>0.770754</vAcc></extensions></trkpt>
      <trkpt lon="35.018637" lat="31.898528"><ele>262.490981</ele><time>2026-05-08T06:38:51Z</time><extensions><speed>3.984120</speed><course>280.043897</course><hAcc>2.159584</hAcc><vAcc>0.773906</vAcc></extensions></trkpt>
      <trkpt lon="35.018596" lat="31.898533"><ele>262.296681</ele><time>2026-05-08T06:38:52Z</time><extensions><speed>3.660179</speed><course>278.285045</course><hAcc>2.154781</hAcc><vAcc>0.777776</vAcc></extensions></trkpt>
      <trkpt lon="35.018559" lat="31.898538"><ele>262.080998</ele><time>2026-05-08T06:38:53Z</time><extensions><speed>3.184616</speed><course>277.481843</course><hAcc>2.157057</hAcc><vAcc>0.781931</vAcc></extensions></trkpt>
      <trkpt lon="35.018526" lat="31.898542"><ele>261.854365</ele><time>2026-05-08T06:38:54Z</time><extensions><speed>2.920923</speed><course>278.626602</course><hAcc>2.174996</hAcc><vAcc>0.787008</vAcc></extensions></trkpt>
      <trkpt lon="35.018494" lat="31.898547"><ele>261.608351</ele><time>2026-05-08T06:38:55Z</time><extensions><speed>3.150973</speed><course>281.431724</course><hAcc>2.190694</hAcc><vAcc>0.792896</vAcc></extensions></trkpt>
      <trkpt lon="35.018457" lat="31.898554"><ele>261.354836</ele><time>2026-05-08T06:38:56Z</time><extensions><speed>4.095971</speed><course>284.721190</course><hAcc>2.183347</hAcc><vAcc>0.799558</vAcc></extensions></trkpt>
      <trkpt lon="35.018411" lat="31.898565"><ele>261.082746</ele><time>2026-05-08T06:38:57Z</time><extensions><speed>4.873436</speed><course>287.409689</course><hAcc>2.183064</hAcc><vAcc>0.807156</vAcc></extensions></trkpt>
      <trkpt lon="35.018361" lat="31.898579"><ele>260.821236</ele><time>2026-05-08T06:38:58Z</time><extensions><speed>5.011518</speed><course>286.580387</course><hAcc>2.189133</hAcc><vAcc>0.815151</vAcc></extensions></trkpt>
      <trkpt lon="35.018311" lat="31.898592"><ele>260.542813</ele><time>2026-05-08T06:38:59Z</time><extensions><speed>5.023308</speed><course>287.661295</course><hAcc>2.186878</hAcc><vAcc>0.824080</vAcc></extensions></trkpt>
      <trkpt lon="35.018260" lat="31.898607"><ele>260.248928</ele><time>2026-05-08T06:39:00Z</time><extensions><speed>5.055401</speed><course>289.394431</course><hAcc>2.179333</hAcc><vAcc>0.833840</vAcc></extensions></trkpt>
      <trkpt lon="35.018210" lat="31.898623"><ele>259.914680</ele><time>2026-05-08T06:39:01Z</time><extensions><speed>5.197970</speed><course>292.858698</course><hAcc>2.172426</hAcc><vAcc>0.842267</vAcc></extensions></trkpt>
      <trkpt lon="35.018159" lat="31.898641"><ele>259.598335</ele><time>2026-05-08T06:39:02Z</time><extensions><speed>5.281415</speed><course>290.542514</course><hAcc>2.161275</hAcc><vAcc>0.851361</vAcc></extensions></trkpt>
      <trkpt lon="35.018105" lat="31.898658"><ele>259.266901</ele><time>2026-05-08T06:39:03Z</time><extensions><speed>5.604017</speed><course>289.639899</course><hAcc>2.144123</hAcc><vAcc>0.860594</vAcc></extensions></trkpt>
      <trkpt lon="35.018050" lat="31.898674"><ele>258.946962</ele><time>2026-05-08T06:39:04Z</time><extensions><speed>5.499985</speed><course>289.332959</course><hAcc>2.128990</hAcc><vAcc>0.869322</vAcc></extensions></trkpt>
      <trkpt lon="35.017997" lat="31.898691"><ele>258.607782</ele><time>2026-05-08T06:39:05Z</time><extensions><speed>5.184886</speed><course>289.792135</course><hAcc>2.113026</hAcc><vAcc>0.877404</vAcc></extensions></trkpt>
      <trkpt lon="35.017947" lat="31.898706"><ele>258.296579</ele><time>2026-05-08T06:39:06Z</time><extensions><speed>4.832995</speed><course>289.750332</course><hAcc>2.098690</hAcc><vAcc>0.884869</vAcc></extensions></trkpt>
      <trkpt lon="35.017898" lat="31.898720"><ele>257.984333</ele><time>2026-05-08T06:39:07Z</time><extensions><speed>4.757952</speed><course>290.088577</course><hAcc>2.089079</hAcc><vAcc>0.891648</vAcc></extensions></trkpt>
      <trkpt lon="35.017851" lat="31.898737"><ele>257.652600</ele><time>2026-05-08T06:39:08Z</time><extensions><speed>4.733051</speed><course>294.376753</course><hAcc>2.080211</hAcc><vAcc>0.896699</vAcc></extensions></trkpt>
      <trkpt lon="35.017806" lat="31.898758"><ele>257.324408</ele><time>2026-05-08T06:39:09Z</time><extensions><speed>4.912628</speed><course>303.119526</course><hAcc>2.070518</hAcc><vAcc>0.900906</vAcc></extensions></trkpt>
      <trkpt lon="35.017762" lat="31.898785"><ele>256.985340</ele><time>2026-05-08T06:39:10Z</time><extensions><speed>5.266743</speed><course>310.337892</course><hAcc>2.063906</hAcc><vAcc>0.904486</vAcc></extensions></trkpt>
      <trkpt lon="35.017720" lat="31.898818"><ele>256.603406</ele><time>2026-05-08T06:39:11Z</time><extensions><speed>5.394651</speed><course>314.665429</course><hAcc>2.066004</hAcc><vAcc>0.906333</vAcc></extensions></trkpt>
      <trkpt lon="35.017680" lat="31.898851"><ele>256.222712</ele><time>2026-05-08T06:39:12Z</time><extensions><speed>5.189294</speed><course>316.424605</course><hAcc>2.069646</hAcc><vAcc>0.904826</vAcc></extensions></trkpt>
      <trkpt lon="35.017642" lat="31.898884"><ele>255.850412</ele><time>2026-05-08T06:39:13Z</time><extensions><speed>5.145593</speed><course>314.612407</course><hAcc>2.068419</hAcc><vAcc>0.900934</vAcc></extensions></trkpt>
      <trkpt lon="35.017604" lat="31.898915"><ele>255.507359</ele><time>2026-05-08T06:39:14Z</time><extensions><speed>4.874378</speed><course>313.177695</course><hAcc>2.060248</hAcc><vAcc>0.896134</vAcc></extensions></trkpt>
      <trkpt lon="35.017566" lat="31.898945"><ele>255.188280</ele><time>2026-05-08T06:39:15Z</time><extensions><speed>4.735098</speed><course>312.491616</course><hAcc>2.051681</hAcc><vAcc>0.890318</vAcc></extensions></trkpt>
      <trkpt lon="35.017530" lat="31.898972"><ele>254.864555</ele><time>2026-05-08T06:39:16Z</time><extensions><speed>4.384706</speed><course>311.181148</course><hAcc>2.040974</hAcc><vAcc>0.883413</vAcc></extensions></trkpt>
      <trkpt lon="35.017496" lat="31.898999"><ele>254.561738</ele><time>2026-05-08T06:39:17Z</time><extensions><speed>4.475677</speed><course>314.816226</course><hAcc>2.030917</hAcc><vAcc>0.875371</vAcc></extensions></trkpt>
      <trkpt lon="35.017463" lat="31.899028"><ele>254.280672</ele><time>2026-05-08T06:39:18Z</time><extensions><speed>4.340879</speed><course>315.304363</course><hAcc>2.014084</hAcc><vAcc>0.866197</vAcc></extensions></trkpt>
      <trkpt lon="35.017431" lat="31.899057"><ele>254.014390</ele><time>2026-05-08T06:39:19Z</time><extensions><speed>4.669729</speed><course>317.579092</course><hAcc>1.993235</hAcc><vAcc>0.855967</vAcc></extensions></trkpt>
      <trkpt lon="35.017399" lat="31.899086"><ele>253.769912</ele><time>2026-05-08T06:39:20Z</time><extensions><speed>3.957566</speed><course>314.591326</course><hAcc>1.979620</hAcc><vAcc>0.844848</vAcc></extensions></trkpt>
      <trkpt lon="35.017372" lat="31.899104"><ele>253.544891</ele><time>2026-05-08T06:39:21Z</time><extensions><speed>2.635073</speed><course>298.994224</course><hAcc>1.982814</hAcc><vAcc>0.833134</vAcc></extensions></trkpt>
      <trkpt lon="35.017350" lat="31.899109"><ele>253.335701</ele><time>2026-05-08T06:39:23Z</time><extensions><speed>2.010799</speed><course>269.331279</course><hAcc>1.982714</hAcc><vAcc>0.821238</vAcc></extensions></trkpt>
      <trkpt lon="35.017329" lat="31.899107"><ele>253.145648</ele><time>2026-05-08T06:39:24Z</time><extensions><speed>2.012017</speed><course>253.192130</course><hAcc>1.972936</hAcc><vAcc>0.814706</vAcc></extensions></trkpt>
      <trkpt lon="35.017309" lat="31.899102"><ele>252.975529</ele><time>2026-05-08T06:39:25Z</time><extensions><speed>1.944556</speed><course>254.796541</course><hAcc>1.978767</hAcc><vAcc>0.812436</vAcc></extensions></trkpt>
      <trkpt lon="35.017290" lat="31.899098"><ele>252.823957</ele><time>2026-05-08T06:39:26Z</time><extensions><speed>1.706306</speed><course>260.916728</course><hAcc>2.011154</hAcc><vAcc>0.817022</vAcc></extensions></trkpt>
      <trkpt lon="35.017274" lat="31.899097"><ele>252.688845</ele><time>2026-05-08T06:39:27Z</time><extensions><speed>1.312288</speed><course>271.416778</course><hAcc>2.050745</hAcc><vAcc>0.831638</vAcc></extensions></trkpt>
      <trkpt lon="35.017263" lat="31.899099"><ele>252.567700</ele><time>2026-05-08T06:39:28Z</time><extensions><speed>0.814942</speed><course>292.200641</course><hAcc>2.086083</hAcc><vAcc>0.859979</vAcc></extensions></trkpt>
      <trkpt lon="35.017256" lat="31.899102"><ele>252.457676</ele><time>2026-05-08T06:39:29Z</time><extensions><speed>0.801598</speed><course>313.299316</course><hAcc>2.143498</hAcc><vAcc>0.905986</vAcc></extensions></trkpt>
      <trkpt lon="35.017250" lat="31.899108"><ele>252.355837</ele><time>2026-05-08T06:39:30Z</time><extensions><speed>0.788202</speed><course>319.025479</course><hAcc>2.232040</hAcc><vAcc>0.973384</vAcc></extensions></trkpt>
      <trkpt lon="35.017245" lat="31.899112"><ele>252.259497</ele><time>2026-05-08T06:39:31Z</time><extensions><speed>0.630239</speed><course>312.788641</course><hAcc>2.374260</hAcc><vAcc>1.065194</vAcc></extensions></trkpt>
      <trkpt lon="35.017240" lat="31.899115"><ele>252.166408</ele><time>2026-05-08T06:39:32Z</time><extensions><speed>0.469050</speed><course>301.476387</course><hAcc>2.620233</hAcc><vAcc>1.183392</vAcc></extensions></trkpt>
      <trkpt lon="35.017236" lat="31.899117"><ele>252.074895</ele><time>2026-05-08T06:39:33Z</time><extensions><speed>0.509274</speed><course>286.660643</course><hAcc>2.998570</hAcc><vAcc>1.328789</vAcc></extensions></trkpt>
    </trkseg>
  </trk>
</gpx>