<?xml version="1.0" encoding="UTF-8"?>
<gpx version="1.1" creator="Apple Health Export" xmlns="http://www.topografix.com/GPX/1/1" xmlns:xsi="http://www.w3.org/2001/XMLSchema-instance" xsi:schemaLocation="http://www.topografix.com/GPX/1/1 http://www.topografix.com/GPX/1/1/gpx.xsd">
  <metadata>
    <time>2026-06-04T15:24:54Z</time>
  </metadata>
  <trk>
    <name>Route 2025-04-17 11:19am</name>
    <trkseg>
      <trkpt lon="35.018106" lat="32.727050"><ele>246.581305</ele><time>2025-04-17T07:43:49Z</time><extensions><speed>0.816022</speed><course>85.736476</course><hAcc>1.915012</hAcc><vAcc>1.442531</vAcc></extensions></trkpt>
      <trkpt lon="35.018114" lat="32.727051"><ele>246.545078</ele><time>2025-04-17T07:43:50Z</time><extensions><speed>0.674375</speed><course>83.024895</course><hAcc>1.726702</hAcc><vAcc>1.260260</vAcc></extensions></trkpt>
      <trkpt lon="35.018119" lat="32.727051"><ele>246.505281</ele><time>2025-04-17T07:43:51Z</time><extensions><speed>0.199806</speed><course>82.241596</course><hAcc>1.597735</hAcc><vAcc>1.124017</vAcc></extensions></trkpt>
      <trkpt lon="35.018120" lat="32.727051"><ele>246.463488</ele><time>2025-04-17T07:43:52Z</time><extensions><speed>0.065973</speed><course>84.415194</course><hAcc>1.515117</hAcc><vAcc>1.028022</vAcc></extensions></trkpt>
      <trkpt lon="35.018121" lat="32.727051"><ele>246.420365</ele><time>2025-04-17T07:43:53Z</time><extensions><speed>0.029028</speed><course>97.788997</course><hAcc>1.467977</hAcc><vAcc>0.967599</vAcc></extensions></trkpt>
      <trkpt lon="35.018121" lat="32.727051"><ele>246.376433</ele><time>2025-04-17T07:43:54Z</time><extensions><speed>0.022616</speed><course>119.300813</course><hAcc>1.429760</hAcc><vAcc>0.936789</vAcc></extensions></trkpt>
      <trkpt lon="35.018121" lat="32.727051"><ele>246.332872</ele><time>2025-04-17T07:43:55Z</time><extensions><speed>0.020500</speed><course>132.325914</course><hAcc>1.416612</hAcc><vAcc>0.928555</vAcc></extensions></trkpt>
      <trkpt lon="35.018121" lat="32.727051"><ele>246.290783</ele><time>2025-04-17T07:43:56Z</time><extensions><speed>0.018121</speed><course>136.147221</course><hAcc>1.423459</hAcc><vAcc>0.935943</vAcc></extensions></trkpt>
      <trkpt lon="35.018122" lat="32.727051"><ele>246.250844</ele><time>2025-04-17T07:43:57Z</time><extensions><speed>0.014670</speed><course>137.476617</course><hAcc>1.445759</hAcc><vAcc>0.953043</vAcc></extensions></trkpt>
      <trkpt lon="35.018122" lat="32.727051"><ele>246.296047</ele><time>2025-04-17T07:43:58Z</time><extensions><speed>0.015971</speed><course>139.060727</course><hAcc>1.464949</hAcc><vAcc>0.975466</vAcc></extensions></trkpt>
      <trkpt lon="35.018122" lat="32.727050"><ele>246.396043</ele><time>2025-04-17T07:43:59Z</time><extensions><speed>0.018492</speed><course>135.350365</course><hAcc>1.477441</hAcc><vAcc>0.989146</vAcc></extensions></trkpt>
      <trkpt lon="35.018122" lat="32.727050"><ele>246.536524</ele><time>2025-04-17T07:44:00Z</time><extensions><speed>0.022765</speed><course>123.836579</course><hAcc>1.486717</hAcc><vAcc>1.002587</vAcc></extensions></trkpt>
      <trkpt lon="35.018123" lat="32.727050"><ele>246.643228</ele><time>2025-04-17T07:44:01Z</time><extensions><speed>0.030045</speed><course>112.292206</course><hAcc>1.492287</hAcc><vAcc>1.024056</vAcc></extensions></trkpt>
      <trkpt lon="35.018123" lat="32.727050"><ele>246.782972</ele><time>2025-04-17T07:44:02Z</time><extensions><speed>0.040921</speed><course>104.549469</course><hAcc>1.495666</hAcc><vAcc>1.044123</vAcc></extensions></trkpt>
      <trkpt lon="35.018124" lat="32.727050"><ele>246.930155</ele><time>2025-04-17T07:44:03Z</time><extensions><speed>0.055998</speed><course>99.150449</course><hAcc>1.498440</hAcc><vAcc>1.062195</vAcc></extensions></trkpt>
      <trkpt lon="35.018125" lat="32.727050"><ele>249.259897</ele><time>2025-04-17T07:44:04Z</time><extensions><speed>0.070050</speed><course>98.421084</course><hAcc>1.503634</hAcc><vAcc>1.029784</vAcc></extensions></trkpt>
      <trkpt lon="35.018126" lat="32.727050"><ele>249.628880</ele><time>2025-04-17T07:44:05Z</time><extensions><speed>0.094816</speed><course>94.698133</course><hAcc>1.506898</hAcc><vAcc>1.034603</vAcc></extensions></trkpt>
      <trkpt lon="35.018127" lat="32.727050"><ele>249.870584</ele><time>2025-04-17T07:44:06Z</time><extensions><speed>0.126417</speed><course>91.804794</course><hAcc>1.511722</hAcc><vAcc>1.030408</vAcc></extensions></trkpt>
      <trkpt lon="35.018129" lat="32.727050"><ele>250.227361</ele><time>2025-04-17T07:44:07Z</time><extensions><speed>0.165273</speed><course>92.356875</course><hAcc>1.519162</hAcc><vAcc>1.028062</vAcc></extensions></trkpt>
      <trkpt lon="35.018131" lat="32.727050"><ele>250.563505</ele><time>2025-04-17T07:44:08Z</time><extensions><speed>0.218855</speed><course>86.358254</course><hAcc>1.527071</hAcc><vAcc>1.023846</vAcc></extensions></trkpt>
      <trkpt lon="35.018134" lat="32.727050"><ele>250.913936</ele><time>2025-04-17T07:44:09Z</time><extensions><speed>0.332672</speed><course>76.787431</course><hAcc>1.532259</hAcc><vAcc>1.021419</vAcc></extensions></trkpt>
      <trkpt lon="35.018139" lat="32.727051"><ele>251.232712</ele><time>2025-04-17T07:44:10Z</time><extensions><speed>0.597454</speed><course>69.224351</course><hAcc>1.537124</hAcc><vAcc>1.019293</vAcc></extensions></trkpt>
      <trkpt lon="35.018146" lat="32.727053"><ele>251.506495</ele><time>2025-04-17T07:44:11Z</time><extensions><speed>0.791280</speed><course>67.731501</course><hAcc>1.546654</hAcc><vAcc>1.016194</vAcc></extensions></trkpt>
      <trkpt lon="35.018154" lat="32.727056"><ele>251.854135</ele><time>2025-04-17T07:44:12Z</time><extensions><speed>0.877592</speed><course>68.497050</course><hAcc>1.574880</hAcc><vAcc>1.033070</vAcc></extensions></trkpt>
      <trkpt lon="35.018163" lat="32.727059"><ele>252.175478</ele><time>2025-04-17T07:44:13Z</time><extensions><speed>0.956638</speed><course>75.045608</course><hAcc>1.582379</hAcc><vAcc>1.060726</vAcc></extensions></trkpt>
      <trkpt lon="35.018163" lat="32.727059"><ele>252.192630</ele><time>2025-04-17T07:44:14Z</time><extensions><speed>0.956959</speed><course>74.996295</course><hAcc>1.582412</hAcc><vAcc>1.059968</vAcc></extensions></trkpt>
      <trkpt lon="35.018173" lat="32.727061"><ele>252.484013</ele><time>2025-04-17T07:44:14Z</time><extensions><speed>0.956467</speed><course>77.867431</course><hAcc>1.658305</hAcc><vAcc>1.100332</vAcc></extensions></trkpt>
      <trkpt lon="35.018183" lat="32.727062"><ele>253.500231</ele><time>2025-04-17T07:44:15Z</time><extensions><speed>0.886792</speed><course>86.623103</course><hAcc>1.702991</hAcc><vAcc>1.100779</vAcc></extensions></trkpt>
      <trkpt lon="35.018191" lat="32.727062"><ele>254.065949</ele><time>2025-04-17T07:44:16Z</time><extensions><speed>0.696968</speed><course>101.633341</course><hAcc>1.732312</hAcc><vAcc>1.135808</vAcc></extensions></trkpt>
      <trkpt lon="35.018197" lat="32.727061"><ele>254.605972</ele><time>2025-04-17T07:44:17Z</time><extensions><speed>0.358764</speed><course>105.900374</course><hAcc>1.857420</hAcc><vAcc>1.182675</vAcc></extensions></trkpt>
      <trkpt lon="35.018199" lat="32.727060"><ele>255.169709</ele><time>2025-04-17T07:44:18Z</time><extensions><speed>0.152254</speed><course>86.948798</course><hAcc>2.030059</hAcc><vAcc>1.239050</vAcc></extensions></trkpt>
      <trkpt lon="35.018201" lat="32.727061"><ele>255.779146</ele><time>2025-04-17T07:44:19Z</time><extensions><speed>0.199789</speed><course>28.373296</course><hAcc>2.192964</hAcc><vAcc>1.303940</vAcc></extensions></trkpt>
      <trkpt lon="35.018202" lat="32.727064"><ele>256.443982</ele><time>2025-04-17T07:44:20Z</time><extensions><speed>0.481204</speed><course>12.001344</course><hAcc>2.396174</hAcc><vAcc>1.377251</vAcc></extensions></trkpt>
      <trkpt lon="35.018208" lat="32.727096"><ele>261.735996</ele><time>2025-04-17T07:44:29Z</time><extensions><speed>0.385200</speed><course>6.072262</course><hAcc>5.166897</hAcc><vAcc>1.311900</vAcc></extensions></trkpt>
      <trkpt lon="35.018208" lat="32.727099"><ele>262.463724</ele><time>2025-04-17T07:44:30Z</time><extensions><speed>0.202882</speed><course>6.194819</course><hAcc>5.331721</hAcc><vAcc>1.202874</vAcc></extensions></trkpt>
      <trkpt lon="35.018207" lat="32.727100"><ele>263.119013</ele><time>2025-04-17T07:44:31Z</time><extensions><speed>0.133867</speed><course>8.757674</course><hAcc>5.339960</hAcc><vAcc>1.104057</vAcc></extensions></trkpt>
      <trkpt lon="35.018206" lat="32.727102"><ele>263.712214</ele><time>2025-04-17T07:44:32Z</time><extensions><speed>0.150796</speed><course>18.293835</course><hAcc>5.241088</hAcc><vAcc>1.012980</vAcc></extensions></trkpt>
      <trkpt lon="35.018207" lat="32.727104"><ele>264.218546</ele><time>2025-04-17T07:44:33Z</time><extensions><speed>0.311823</speed><course>28.919880</course><hAcc>4.984095</hAcc><vAcc>0.932746</vAcc></extensions></trkpt>
      <trkpt lon="35.018209" lat="32.727107"><ele>264.645887</ele><time>2025-04-17T07:44:34Z</time><extensions><speed>0.411019</speed><course>39.427867</course><hAcc>4.658905</hAcc><vAcc>0.862790</vAcc></extensions></trkpt>
      <trkpt lon="35.018211" lat="32.727109"><ele>264.955744</ele><time>2025-04-17T07:44:35Z</time><extensions><speed>0.467042</speed><course>49.205709</course><hAcc>4.416251</hAcc><vAcc>0.811085</vAcc></extensions></trkpt>
      <trkpt lon="35.018215" lat="32.727111"><ele>265.242986</ele><time>2025-04-17T07:44:36Z</time><extensions><speed>0.547324</speed><course>63.113323</course><hAcc>4.248736</hAcc><vAcc>0.763733</vAcc></extensions></trkpt>
      <trkpt lon="35.018221" lat="32.727114"><ele>265.463803</ele><time>2025-04-17T07:44:37Z</time><extensions><speed>0.660384</speed><course>75.043370</course><hAcc>4.160716</hAcc><vAcc>0.726822</vAcc></extensions></trkpt>
      <trkpt lon="35.018229" lat="32.727115"><ele>265.625736</ele><time>2025-04-17T07:44:38Z</time><extensions><speed>0.801918</speed><course>83.329763</course><hAcc>4.125670</hAcc><vAcc>0.699169</vAcc></extensions></trkpt>
      <trkpt lon="35.018239" lat="32.727116"><ele>265.737716</ele><time>2025-04-17T07:44:39Z</time><extensions><speed>0.943080</speed><course>87.981782</course><hAcc>4.110815</hAcc><vAcc>0.679266</vAcc></extensions></trkpt>
      <trkpt lon="35.018250" lat="32.727116"><ele>265.807798</ele><time>2025-04-17T07:44:40Z</time><extensions><speed>1.065338</speed><course>90.379361</course><hAcc>4.088540</hAcc><vAcc>0.665502</vAcc></extensions></trkpt>
      <trkpt lon="35.018262" lat="32.727115"><ele>265.843111</ele><time>2025-04-17T07:44:41Z</time><extensions><speed>1.157746</speed><course>91.925074</course><hAcc>4.038822</hAcc><vAcc>0.656359</vAcc></extensions></trkpt>
      <trkpt lon="35.018275" lat="32.727115"><ele>265.850476</ele><time>2025-04-17T07:44:42Z</time><extensions><speed>1.214485</speed><course>93.154612</course><hAcc>3.948066</hAcc><vAcc>0.650524</vAcc></extensions></trkpt>
      <trkpt lon="35.018288" lat="32.727114"><ele>265.833935</ele><time>2025-04-17T07:44:43Z</time><extensions><speed>1.226052</speed><course>94.360464</course><hAcc>3.810043</hAcc><vAcc>0.646949</vAcc></extensions></trkpt>
      <trkpt lon="35.018301" lat="32.727113"><ele>265.800297</ele><time>2025-04-17T07:44:44Z</time><extensions><speed>1.204996</speed><course>95.760139</course><hAcc>3.631360</hAcc><vAcc>0.644841</vAcc></extensions></trkpt>
      <trkpt lon="35.018314" lat="32.727112"><ele>265.753560</ele><time>2025-04-17T07:44:45Z</time><extensions><speed>1.154107</speed><course>97.663861</course><hAcc>3.440872</hAcc><vAcc>0.643637</vAcc></extensions></trkpt>
      <trkpt lon="35.018326" lat="32.727110"><ele>265.699050</ele><time>2025-04-17T07:44:46Z</time><extensions><speed>1.079036</speed><course>99.695446</course><hAcc>3.280358</hAcc><vAcc>0.642957</vAcc></extensions></trkpt>
      <trkpt lon="35.018337" lat="32.727108"><ele>265.640200</ele><time>2025-04-17T07:44:47Z</time><extensions><speed>0.985480</speed><course>100.884254</course><hAcc>3.172435</hAcc><vAcc>0.642560</vAcc></extensions></trkpt>
      <trkpt lon="35.018347" lat="32.727107"><ele>265.574067</ele><time>2025-04-17T07:44:48Z</time><extensions><speed>0.889235</speed><course>100.638510</course><hAcc>3.112860</hAcc><vAcc>0.642299</vAcc></extensions></trkpt>
      <trkpt lon="35.018356" lat="32.727105"><ele>265.505434</ele><time>2025-04-17T07:44:49Z</time><extensions><speed>0.780926</speed><course>99.008844</course><hAcc>3.085952</hAcc><vAcc>0.642098</vAcc></extensions></trkpt>
      <trkpt lon="35.018364" lat="32.727106"><ele>265.433585</ele><time>2025-04-17T07:44:50Z</time><extensions><speed>0.651872</speed><course>95.223867</course><hAcc>3.069345</hAcc><vAcc>0.642406</vAcc></extensions></trkpt>
      <trkpt lon="35.018370" lat="32.727105"><ele>265.353232</ele><time>2025-04-17T07:44:51Z</time><extensions><speed>0.539401</speed><course>95.843531</course><hAcc>3.064985</hAcc><vAcc>0.643406</vAcc></extensions></trkpt>
      <trkpt lon="35.018375" lat="32.727105"><ele>265.270058</ele><time>2025-04-17T07:44:52Z</time><extensions><speed>0.427420</speed><course>99.365725</course><hAcc>3.061195</hAcc><vAcc>0.645408</vAcc></extensions></trkpt>
      <trkpt lon="35.018379" lat="32.727104"><ele>265.184255</ele><time>2025-04-17T07:44:53Z</time><extensions><speed>0.321806</speed><course>110.622182</course><hAcc>3.051781</hAcc><vAcc>0.648723</vAcc></extensions></trkpt>
      <trkpt lon="35.018382" lat="32.727102"><ele>265.099940</ele><time>2025-04-17T07:44:54Z</time><extensions><speed>0.242792</speed><course>135.971615</course><hAcc>3.028003</hAcc><vAcc>0.653712</vAcc></extensions></trkpt>
      <trkpt lon="35.018383" lat="32.727100"><ele>265.018460</ele><time>2025-04-17T07:44:55Z</time><extensions><speed>0.255729</speed><course>169.321401</course><hAcc>2.977603</hAcc><vAcc>0.660597</vAcc></extensions></trkpt>
      <trkpt lon="35.018383" lat="32.727098"><ele>264.939452</ele><time>2025-04-17T07:44:56Z</time><extensions><speed>0.337460</speed><course>188.914280</course><hAcc>2.885253</hAcc><vAcc>0.669522</vAcc></extensions></trkpt>
      <trkpt lon="35.018382" lat="32.727094"><ele>264.863880</ele><time>2025-04-17T07:44:57Z</time><extensions><speed>0.418954</speed><course>196.859201</course><hAcc>2.739091</hAcc><vAcc>0.680508</vAcc></extensions></trkpt>
      <trkpt lon="35.018380" lat="32.727091"><ele>264.793387</ele><time>2025-04-17T07:44:58Z</time><extensions><speed>0.447462</speed><course>198.913128</course><hAcc>2.544097</hAcc><vAcc>0.693407</vAcc></extensions></trkpt>
      <trkpt lon="35.018379" lat="32.727087"><ele>264.721799</ele><time>2025-04-17T07:44:59Z</time><extensions><speed>0.373043</speed><course>200.358835</course><hAcc>2.338412</hAcc><vAcc>0.707782</vAcc></extensions></trkpt>
      <trkpt lon="35.018378" lat="32.727085"><ele>264.641685</ele><time>2025-04-17T07:45:00Z</time><extensions><speed>0.150549</speed><course>222.853045</course><hAcc>2.175746</hAcc><vAcc>0.722927</vAcc></extensions></trkpt>
      <trkpt lon="35.018377" lat="32.727086"><ele>264.555668</ele><time>2025-04-17T07:45:01Z</time><extensions><speed>0.193208</speed><course>333.785678</course><hAcc>2.021031</hAcc><vAcc>0.737985</vAcc></extensions></trkpt>
      <trkpt lon="35.018376" lat="32.727088"><ele>264.484211</ele><time>2025-04-17T07:45:02Z</time><extensions><speed>0.315684</speed><course>5.513034</course><hAcc>1.902870</hAcc><vAcc>0.752216</vAcc></extensions></trkpt>
      <trkpt lon="35.018378" lat="32.727092"><ele>264.417110</ele><time>2025-04-17T07:45:03Z</time><extensions><speed>0.539365</speed><course>26.996240</course><hAcc>1.819344</hAcc><vAcc>0.765198</vAcc></extensions></trkpt>
      <trkpt lon="35.018382" lat="32.727096"><ele>264.345660</ele><time>2025-04-17T07:45:04Z</time><extensions><speed>0.717713</speed><course>45.985094</course><hAcc>1.792221</hAcc><vAcc>0.776686</vAcc></extensions></trkpt>
      <trkpt lon="35.018388" lat="32.727101"><ele>264.274517</ele><time>2025-04-17T07:45:05Z</time><extensions><speed>0.882078</speed><course>51.994822</course><hAcc>1.764648</hAcc><vAcc>0.786583</vAcc></extensions></trkpt>
      <trkpt lon="35.018395" lat="32.727106"><ele>264.210462</ele><time>2025-04-17T07:45:06Z</time><extensions><speed>0.934242</speed><course>48.671867</course><hAcc>1.735213</hAcc><vAcc>0.794894</vAcc></extensions></trkpt>
      <trkpt lon="35.018403" lat="32.727112"><ele>264.137996</ele><time>2025-04-17T07:45:07Z</time><extensions><speed>0.924709</speed><course>46.146324</course><hAcc>1.714457</hAcc><vAcc>0.801724</vAcc></extensions></trkpt>
      <trkpt lon="35.018410" lat="32.727117"><ele>264.064540</ele><time>2025-04-17T07:45:08Z</time><extensions><speed>0.915725</speed><course>47.360974</course><hAcc>1.705076</hAcc><vAcc>0.807219</vAcc></extensions></trkpt>
      <trkpt lon="35.018417" lat="32.727123"><ele>264.000809</ele><time>2025-04-17T07:45:09Z</time><extensions><speed>0.856004</speed><course>47.244796</course><hAcc>1.705727</hAcc><vAcc>0.811543</vAcc></extensions></trkpt>
      <trkpt lon="35.018424" lat="32.727128"><ele>263.939685</ele><time>2025-04-17T07:45:10Z</time><extensions><speed>0.883143</speed><course>47.476448</course><hAcc>1.700180</hAcc><vAcc>0.814865</vAcc></extensions></trkpt>
      <trkpt lon="35.018430" lat="32.727133"><ele>263.866920</ele><time>2025-04-17T07:45:11Z</time><extensions><speed>0.804678</speed><course>48.186961</course><hAcc>1.692438</hAcc><vAcc>0.817351</vAcc></extensions></trkpt>
      <trkpt lon="35.018436" lat="32.727138"><ele>263.773561</ele><time>2025-04-17T07:45:12Z</time><extensions><speed>0.716725</speed><course>47.381270</course><hAcc>1.692608</hAcc><vAcc>0.819183</vAcc></extensions></trkpt>
      <trkpt lon="35.018442" lat="32.727142"><ele>263.676140</ele><time>2025-04-17T07:45:13Z</time><extensions><speed>0.733248</speed><course>52.052149</course><hAcc>1.695119</hAcc><vAcc>0.820494</vAcc></extensions></trkpt>
      <trkpt lon="35.018449" lat="32.727146"><ele>263.585188</ele><time>2025-04-17T07:45:14Z</time><extensions><speed>0.851380</speed><course>60.301701</course><hAcc>1.698103</hAcc><vAcc>0.821410</vAcc></extensions></trkpt>
      <trkpt lon="35.018457" lat="32.727150"><ele>263.495471</ele><time>2025-04-17T07:45:15Z</time><extensions><speed>0.898428</speed><course>66.413958</course><hAcc>1.700382</hAcc><vAcc>0.822096</vAcc></extensions></trkpt>
      <trkpt lon="35.018466" lat="32.727153"><ele>263.398858</ele><time>2025-04-17T07:45:16Z</time><extensions><speed>0.832127</speed><course>68.309795</course><hAcc>1.701327</hAcc><vAcc>0.822548</vAcc></extensions></trkpt>
      <trkpt lon="35.018474" lat="32.727155"><ele>263.301765</ele><time>2025-04-17T07:45:17Z</time><extensions><speed>0.824200</speed><course>69.819190</course><hAcc>1.701019</hAcc><vAcc>0.822841</vAcc></extensions></trkpt>
      <trkpt lon="35.018483" lat="32.727158"><ele>263.203268</ele><time>2025-04-17T07:45:18Z</time><extensions><speed>0.862988</speed><course>69.842418</course><hAcc>1.700239</hAcc><vAcc>0.823031</vAcc></extensions></trkpt>
      <trkpt lon="35.018492" lat="32.727161"><ele>263.094855</ele><time>2025-04-17T07:45:19Z</time><extensions><speed>0.990324</speed><course>67.740788</course><hAcc>1.698772</hAcc><vAcc>0.823128</vAcc></extensions></trkpt>
      <trkpt lon="35.018502" lat="32.727165"><ele>262.991470</ele><time>2025-04-17T07:45:20Z</time><extensions><speed>1.075512</speed><course>62.428706</course><hAcc>1.695587</hAcc><vAcc>0.823175</vAcc></extensions></trkpt>
      <trkpt lon="35.018512" lat="32.727169"><ele>262.889778</ele><time>2025-04-17T07:45:21Z</time><extensions><speed>1.037522</speed><course>60.890188</course><hAcc>1.684757</hAcc><vAcc>0.823180</vAcc></extensions></trkpt>
      <trkpt lon="35.018521" lat="32.727174"><ele>262.797349</ele><time>2025-04-17T07:45:22Z</time><extensions><speed>0.961564</speed><course>59.731986</course><hAcc>1.671932</hAcc><vAcc>0.823129</vAcc></extensions></trkpt>
      <trkpt lon="35.018530" lat="32.727178"><ele>262.710425</ele><time>2025-04-17T07:45:23Z</time><extensions><speed>1.062104</speed><course>60.978314</course><hAcc>1.661350</hAcc><vAcc>0.823026</vAcc></extensions></trkpt>
      <trkpt lon="35.018541" lat="32.727183"><ele>262.623082</ele><time>2025-04-17T07:45:24Z</time><extensions><speed>1.264294</speed><course>65.805795</course><hAcc>1.673540</hAcc><vAcc>0.822875</vAcc></extensions></trkpt>
      <trkpt lon="35.018553" lat="32.727187"><ele>262.532210</ele><time>2025-04-17T07:45:25Z</time><extensions><speed>1.055668</speed><course>74.239410</course><hAcc>1.705285</hAcc><vAcc>0.822744</vAcc></extensions></trkpt>
      <trkpt lon="35.018563" lat="32.727189"><ele>262.448100</ele><time>2025-04-17T07:45:26Z</time><extensions><speed>0.838026</speed><course>70.219649</course><hAcc>1.677986</hAcc><vAcc>0.822602</vAcc></extensions></trkpt>
      <trkpt lon="35.018570" lat="32.727192"><ele>262.374810</ele><time>2025-04-17T07:45:27Z</time><extensions><speed>0.760849</speed><course>62.983824</course><hAcc>1.676889</hAcc><vAcc>0.822442</vAcc></extensions></trkpt>
      <trkpt lon="35.018578" lat="32.727195"><ele>262.307121</ele><time>2025-04-17T07:45:28Z</time><extensions><speed>0.885762</speed><course>64.390863</course><hAcc>1.697468</hAcc><vAcc>0.822261</vAcc></extensions></trkpt>
      <trkpt lon="35.018586" lat="32.727198"><ele>262.249158</ele><time>2025-04-17T07:45:29Z</time><extensions><speed>0.796168</speed><course>68.100008</course><hAcc>1.722390</hAcc><vAcc>0.822077</vAcc></extensions></trkpt>
      <trkpt lon="35.018593" lat="32.727200"><ele>262.195118</ele><time>2025-04-17T07:45:30Z</time><extensions><speed>0.557282</speed><course>73.354369</course><hAcc>1.743635</hAcc><vAcc>0.821875</vAcc></extensions></trkpt>
      <trkpt lon="35.018598" lat="32.727202"><ele>262.142633</ele><time>2025-04-17T07:45:31Z</time><extensions><speed>0.389063</speed><course>74.605558</course><hAcc>1.746218</hAcc><vAcc>0.821699</vAcc></extensions></trkpt>
      <trkpt lon="35.018602" lat="32.727202"><ele>262.096051</ele><time>2025-04-17T07:45:32Z</time><extensions><speed>0.388145</speed><course>80.982977</course><hAcc>1.743621</hAcc><vAcc>0.821548</vAcc></extensions></trkpt>
      <trkpt lon="35.018607" lat="32.727203"><ele>262.049190</ele><time>2025-04-17T07:45:33Z</time><extensions><speed>0.465619</speed><course>85.575686</course><hAcc>1.748327</hAcc><vAcc>0.821438</vAcc></extensions></trkpt>
      <trkpt lon="35.018612" lat="32.727203"><ele>262.003791</ele><time>2025-04-17T07:45:34Z</time><extensions><speed>0.568558</speed><course>88.446010</course><hAcc>1.760835</hAcc><vAcc>0.821368</vAcc></extensions></trkpt>
      <trkpt lon="35.018618" lat="32.727203"><ele>261.973097</ele><time>2025-04-17T07:45:35Z</time><extensions><speed>0.578640</speed><course>94.990077</course><hAcc>1.776103</hAcc><vAcc>0.821324</vAcc></extensions></trkpt>
      <trkpt lon="35.018623" lat="32.727202"><ele>261.946119</ele><time>2025-04-17T07:45:36Z</time><extensions><speed>0.357096</speed><course>114.776297</course><hAcc>1.774191</hAcc><vAcc>0.821299</vAcc></extensions></trkpt>
      <trkpt lon="35.018626" lat="32.727201"><ele>261.927959</ele><time>2025-04-17T07:45:37Z</time><extensions><speed>0.161589</speed><course>144.639439</course><hAcc>1.767839</hAcc><vAcc>0.821268</vAcc></extensions></trkpt>
      <trkpt lon="35.018627" lat="32.727200"><ele>261.893855</ele><time>2025-04-17T07:45:38Z</time><extensions><speed>0.142440</speed><course>101.675942</course><hAcc>1.754575</hAcc><vAcc>0.821246</vAcc></extensions></trkpt>
      <trkpt lon="35.018629" lat="32.727200"><ele>261.841671</ele><time>2025-04-17T07:45:39Z</time><extensions><speed>0.246801</speed><course>77.740626</course><hAcc>1.753481</hAcc><vAcc>0.821223</vAcc></extensions></trkpt>
      <trkpt lon="35.018632" lat="32.727201"><ele>261.781269</ele><time>2025-04-17T07:45:40Z</time><extensions><speed>0.390722</speed><course>69.972039</course><hAcc>1.758120</hAcc><vAcc>0.821240</vAcc></extensions></trkpt>
      <trkpt lon="35.018637" lat="32.727203"><ele>261.731438</ele><time>2025-04-17T07:45:41Z</time><extensions><speed>0.541505</speed><course>68.329226</course><hAcc>1.759740</hAcc><vAcc>0.821269</vAcc></extensions></trkpt>
      <trkpt lon="35.018643" lat="32.727205"><ele>261.695501</ele><time>2025-04-17T07:45:42Z</time><extensions><speed>0.714414</speed><course>69.961653</course><hAcc>1.754994</hAcc><vAcc>0.821298</vAcc></extensions></trkpt>
      <trkpt lon="35.018652" lat="32.727207"><ele>261.672145</ele><time>2025-04-17T07:45:43Z</time><extensions><speed>0.929375</speed><course>73.692529</course><hAcc>1.744242</hAcc><vAcc>0.821315</vAcc></extensions></trkpt>
      <trkpt lon="35.018663" lat="32.727209"><ele>261.653409</ele><time>2025-04-17T07:45:44Z</time><extensions><speed>1.217503</speed><course>78.410273</course><hAcc>1.731892</hAcc><vAcc>0.821306</vAcc></extensions></trkpt>
      <trkpt lon="35.018677" lat="32.727211"><ele>261.630129</ele><time>2025-04-17T07:45:45Z</time><extensions><speed>1.427333</speed><course>79.044244</course><hAcc>1.726243</hAcc><vAcc>0.821282</vAcc></extensions></trkpt>
      <trkpt lon="35.018692" lat="32.727214"><ele>261.605896</ele><time>2025-04-17T07:45:46Z</time><extensions><speed>1.535912</speed><course>79.815040</course><hAcc>1.710116</hAcc><vAcc>0.821230</vAcc></extensions></trkpt>
      <trkpt lon="35.018708" lat="32.727216"><ele>261.554194</ele><time>2025-04-17T07:45:47Z</time><extensions><speed>1.453034</speed><course>83.036323</course><hAcc>1.700945</hAcc><vAcc>0.821079</vAcc></extensions></trkpt>
      <trkpt lon="35.018722" lat="32.727217"><ele>261.485978</ele><time>2025-04-17T07:45:48Z</time><extensions><speed>1.214729</speed><course>88.219081</course><hAcc>1.709474</hAcc><vAcc>0.820867</vAcc></extensions></trkpt>
      <trkpt lon="35.018734" lat="32.727217"><ele>261.421740</ele><time>2025-04-17T07:45:49Z</time><extensions><speed>1.096866</speed><course>93.026933</course><hAcc>1.692397</hAcc><vAcc>0.820557</vAcc></extensions></trkpt>
      <trkpt lon="35.018746" lat="32.727216"><ele>261.350145</ele><time>2025-04-17T07:45:50Z</time><extensions><speed>1.112411</speed><course>95.153366</course><hAcc>1.685444</hAcc><vAcc>0.820202</vAcc></extensions></trkpt>
      <trkpt lon="35.018758" lat="32.727215"><ele>261.278075</ele><time>2025-04-17T07:45:51Z</time><extensions><speed>1.156737</speed><course>95.105281</course><hAcc>1.688326</hAcc><vAcc>0.819749</vAcc></extensions></trkpt>
      <trkpt lon="35.018771" lat="32.727214"><ele>261.193705</ele><time>2025-04-17T07:45:52Z</time><extensions><speed>1.160965</speed><course>93.420121</course><hAcc>1.696054</hAcc><vAcc>0.819270</vAcc></extensions></trkpt>
      <trkpt lon="35.018783" lat="32.727213"><ele>261.090406</ele><time>2025-04-17T07:45:53Z</time><extensions><speed>1.170225</speed><course>94.089628</course><hAcc>1.701634</hAcc><vAcc>0.818707</vAcc></extensions></trkpt>
      <trkpt lon="35.018795" lat="32.727213"><ele>260.983245</ele><time>2025-04-17T07:45:54Z</time><extensions><speed>1.095376</speed><course>95.616477</course><hAcc>1.708230</hAcc><vAcc>0.818100</vAcc></extensions></trkpt>
      <trkpt lon="35.018806" lat="32.727212"><ele>260.866336</ele><time>2025-04-17T07:45:55Z</time><extensions><speed>0.972537</speed><course>97.876584</course><hAcc>1.712892</hAcc><vAcc>0.817481</vAcc></extensions></trkpt>
      <trkpt lon="35.018816" lat="32.727210"><ele>260.748938</ele><time>2025-04-17T07:45:56Z</time><extensions><speed>0.837764</speed><course>98.843701</course><hAcc>1.711966</hAcc><vAcc>0.816901</vAcc></extensions></trkpt>
      <trkpt lon="35.018824" lat="32.727209"><ele>260.645846</ele><time>2025-04-17T07:45:57Z</time><extensions><speed>0.760408</speed><course>98.157260</course><hAcc>1.708166</hAcc><vAcc>0.816391</vAcc></extensions></trkpt>
      <trkpt lon="35.018833" lat="32.727208"><ele>260.543301</ele><time>2025-04-17T07:45:58Z</time><extensions><speed>0.844036</speed><course>96.309071</course><hAcc>1.711427</hAcc><vAcc>0.815945</vAcc></extensions></trkpt>
      <trkpt lon="35.018843" lat="32.727208"><ele>260.429619</ele><time>2025-04-17T07:45:59Z</time><extensions><speed>0.988648</speed><course>94.022926</course><hAcc>1.706795</hAcc><vAcc>0.815568</vAcc></extensions></trkpt>
      <trkpt lon="35.018854" lat="32.727207"><ele>260.302283</ele><time>2025-04-17T07:46:00Z</time><extensions><speed>1.190590</speed><course>91.483269</course><hAcc>1.703521</hAcc><vAcc>0.815286</vAcc></extensions></trkpt>
      <trkpt lon="35.018868" lat="32.727207"><ele>260.185172</ele><time>2025-04-17T07:46:01Z</time><extensions><speed>1.382210</speed><course>90.381407</course><hAcc>1.701099</hAcc><vAcc>0.815151</vAcc></extensions></trkpt>
      <trkpt lon="35.018883" lat="32.727207"><ele>260.081337</ele><time>2025-04-17T07:46:02Z</time><extensions><speed>1.358799</speed><course>88.803973</course><hAcc>1.712237</hAcc><vAcc>0.815106</vAcc></extensions></trkpt>
      <trkpt lon="35.018896" lat="32.727208"><ele>259.990697</ele><time>2025-04-17T07:46:03Z</time><extensions><speed>1.188208</speed><course>81.313839</course><hAcc>1.702111</hAcc><vAcc>0.815139</vAcc></extensions></trkpt>
      <trkpt lon="35.018907" lat="32.727210"><ele>259.917966</ele><time>2025-04-17T07:46:04Z</time><extensions><speed>0.997657</speed><course>78.280774</course><hAcc>1.696098</hAcc><vAcc>0.815250</vAcc></extensions></trkpt>
      <trkpt lon="35.018917" lat="32.727211"><ele>259.844533</ele><time>2025-04-17T07:46:05Z</time><extensions><speed>0.872790</speed><course>82.749487</course><hAcc>1.696630</hAcc><vAcc>0.815414</vAcc></extensions></trkpt>
      <trkpt lon="35.018927" lat="32.727211"><ele>259.797499</ele><time>2025-04-17T07:46:06Z</time><extensions><speed>0.916809</speed><course>91.009308</course><hAcc>1.695472</hAcc><vAcc>0.815626</vAcc></extensions></trkpt>
      <trkpt lon="35.018937" lat="32.727211"><ele>259.770616</ele><time>2025-04-17T07:46:07Z</time><extensions><speed>0.974369</speed><course>97.812116</course><hAcc>1.683554</hAcc><vAcc>0.815859</vAcc></extensions></trkpt>
      <trkpt lon="35.018947" lat="32.727209"><ele>259.759817</ele><time>2025-04-17T07:46:08Z</time><extensions><speed>0.978353</speed><course>104.750212</course><hAcc>1.666474</hAcc><vAcc>0.816061</vAcc></extensions></trkpt>
      <trkpt lon="35.018957" lat="32.727206"><ele>259.758904</ele><time>2025-04-17T07:46:09Z</time><extensions><speed>0.908667</speed><course>111.137276</course><hAcc>1.657304</hAcc><vAcc>0.816265</vAcc></extensions></trkpt>
      <trkpt lon="35.018965" lat="32.727203"><ele>259.773925</ele><time>2025-04-17T07:46:10Z</time><extensions><speed>0.823184</speed><course>117.468820</course><hAcc>1.677055</hAcc><vAcc>0.816409</vAcc></extensions></trkpt>
      <trkpt lon="35.018972" lat="32.727200"><ele>259.799061</ele><time>2025-04-17T07:46:11Z</time><extensions><speed>0.761654</speed><course>123.336183</course><hAcc>1.717006</hAcc><vAcc>0.816510</vAcc></extensions></trkpt>
      <trkpt lon="35.018979" lat="32.727195"><ele>259.842499</ele><time>2025-04-17T07:46:12Z</time><extensions><speed>0.775128</speed><course>134.939087</course><hAcc>1.676825</hAcc><vAcc>0.816550</vAcc></extensions></trkpt>
      <trkpt lon="35.018984" lat="32.727190"><ele>259.902883</ele><time>2025-04-17T07:46:13Z</time><extensions><speed>0.737687</speed><course>139.513993</course><hAcc>1.668369</hAcc><vAcc>0.816511</vAcc></extensions></trkpt>
      <trkpt lon="35.018989" lat="32.727185"><ele>259.979326</ele><time>2025-04-17T07:46:14Z</time><extensions><speed>0.725012</speed><course>139.250458</course><hAcc>1.695739</hAcc><vAcc>0.816367</vAcc></extensions></trkpt>
      <trkpt lon="35.018994" lat="32.727181"><ele>260.059207</ele><time>2025-04-17T07:46:15Z</time><extensions><speed>0.648916</speed><course>140.992757</course><hAcc>1.731756</hAcc><vAcc>0.816104</vAcc></extensions></trkpt>
      <trkpt lon="35.018997" lat="32.727177"><ele>260.145019</ele><time>2025-04-17T07:46:16Z</time><extensions><speed>0.436293</speed><course>148.154518</course><hAcc>1.755265</hAcc><vAcc>0.815739</vAcc></extensions></trkpt>
      <trkpt lon="35.018999" lat="32.727174"><ele>260.240825</ele><time>2025-04-17T07:46:17Z</time><extensions><speed>0.260168</speed><course>153.705421</course><hAcc>1.777524</hAcc><vAcc>0.815300</vAcc></extensions></trkpt>
      <trkpt lon="35.019000" lat="32.727172"><ele>260.337414</ele><time>2025-04-17T07:46:18Z</time><extensions><speed>0.211839</speed><course>151.675174</course><hAcc>1.798366</hAcc><vAcc>0.814884</vAcc></extensions></trkpt>
      <trkpt lon="35.019001" lat="32.727170"><ele>260.435549</ele><time>2025-04-17T07:46:19Z</time><extensions><speed>0.215858</speed><course>144.120291</course><hAcc>1.815016</hAcc><vAcc>0.814484</vAcc></extensions></trkpt>
      <trkpt lon="35.019003" lat="32.727169"><ele>260.542607</ele><time>2025-04-17T07:46:20Z</time><extensions><speed>0.218443</speed><course>133.656610</course><hAcc>1.831235</hAcc><vAcc>0.814133</vAcc></extensions></trkpt>
      <trkpt lon="35.019005" lat="32.727168"><ele>260.653862</ele><time>2025-04-17T07:46:21Z</time><extensions><speed>0.193517</speed><course>115.817131</course><hAcc>1.844857</hAcc><vAcc>0.813855</vAcc></extensions></trkpt>
      <trkpt lon="35.019007" lat="32.727167"><ele>260.755828</ele><time>2025-04-17T07:46:22Z</time><extensions><speed>0.210311</speed><course>92.602380</course><hAcc>1.852920</hAcc><vAcc>0.813696</vAcc></extensions></trkpt>
      <trkpt lon="35.019009" lat="32.727167"><ele>260.857145</ele><time>2025-04-17T07:46:23Z</time><extensions><speed>0.245348</speed><course>86.755637</course><hAcc>1.858156</hAcc><vAcc>0.813682</vAcc></extensions></trkpt>
      <trkpt lon="35.019012" lat="32.727167"><ele>260.955908</ele><time>2025-04-17T07:46:24Z</time><extensions><speed>0.330614</speed><course>97.986833</course><hAcc>1.835672</hAcc><vAcc>0.813809</vAcc></extensions></trkpt>
      <trkpt lon="35.019016" lat="32.727166"><ele>261.060539</ele><time>2025-04-17T07:46:25Z</time><extensions><speed>0.420850</speed><course>104.930073</course><hAcc>1.812531</hAcc><vAcc>0.814068</vAcc></extensions></trkpt>
      <trkpt lon="35.019021" lat="32.727165"><ele>261.176290</ele><time>2025-04-17T07:46:26Z</time><extensions><speed>0.513625</speed><course>111.289264</course><hAcc>1.803182</hAcc><vAcc>0.814444</vAcc></extensions></trkpt>
      <trkpt lon="35.019026" lat="32.727163"><ele>261.288026</ele><time>2025-04-17T07:46:27Z</time><extensions><speed>0.618422</speed><course>119.639022</course><hAcc>1.810172</hAcc><vAcc>0.814957</vAcc></extensions></trkpt>
      <trkpt lon="35.019032" lat="32.727160"><ele>261.397690</ele><time>2025-04-17T07:46:28Z</time><extensions><speed>0.613370</speed><course>129.087588</course><hAcc>1.807505</hAcc><vAcc>0.815546</vAcc></extensions></trkpt>
      <trkpt lon="35.019037" lat="32.727156"><ele>261.514013</ele><time>2025-04-17T07:46:29Z</time><extensions><speed>0.615415</speed><course>140.304545</course><hAcc>1.784323</hAcc><vAcc>0.816185</vAcc></extensions></trkpt>
      <trkpt lon="35.019041" lat="32.727151"><ele>261.634833</ele><time>2025-04-17T07:46:30Z</time><extensions><speed>0.654628</speed><course>145.523176</course><hAcc>1.763909</hAcc><vAcc>0.816842</vAcc></extensions></trkpt>
      <trkpt lon="35.019045" lat="32.727146"><ele>261.762003</ele><time>2025-04-17T07:46:31Z</time><extensions><speed>0.729502</speed><course>147.042675</course><hAcc>1.750348</hAcc><vAcc>0.817504</vAcc></extensions></trkpt>
      <trkpt lon="35.019049" lat="32.727140"><ele>261.884462</ele><time>2025-04-17T07:46:32Z</time><extensions><speed>0.831078</speed><course>145.211894</course><hAcc>1.740847</hAcc><vAcc>0.818149</vAcc></extensions></trkpt>
      <trkpt lon="35.019055" lat="32.727134"><ele>262.008086</ele><time>2025-04-17T07:46:33Z</time><extensions><speed>0.921470</speed><course>140.144602</course><hAcc>1.738157</hAcc><vAcc>0.818766</vAcc></extensions></trkpt>
      <trkpt lon="35.019062" lat="32.727128"><ele>262.136607</ele><time>2025-04-17T07:46:34Z</time><extensions><speed>0.950109</speed><course>130.539020</course><hAcc>1.730411</hAcc><vAcc>0.819361</vAcc></extensions></trkpt>
      <trkpt lon="35.019070" lat="32.727123"><ele>262.253478</ele><time>2025-04-17T07:46:35Z</time><extensions><speed>1.002794</speed><course>120.771592</course><hAcc>1.719847</hAcc><vAcc>0.819892</vAcc></extensions></trkpt>
      <trkpt lon="35.019080" lat="32.727119"><ele>262.377079</ele><time>2025-04-17T07:46:36Z</time><extensions><speed>1.111030</speed><course>115.147873</course><hAcc>1.715812</hAcc><vAcc>0.820360</vAcc></extensions></trkpt>
      <trkpt lon="35.019091" lat="32.727115"><ele>262.509515</ele><time>2025-04-17T07:46:37Z</time><extensions><speed>1.115821</speed><course>111.778857</course><hAcc>1.723859</hAcc><vAcc>0.820742</vAcc></extensions></trkpt>
      <trkpt lon="35.019102" lat="32.727111"><ele>262.640072</ele><time>2025-04-17T07:46:38Z</time><extensions><speed>0.949862</speed><course>110.319406</course><hAcc>1.715167</hAcc><vAcc>0.821054</vAcc></extensions></trkpt>
      <trkpt lon="35.019110" lat="32.727108"><ele>262.772298</ele><time>2025-04-17T07:46:39Z</time><extensions><speed>0.807416</speed><course>110.084943</course><hAcc>1.709577</hAcc><vAcc>0.821303</vAcc></extensions></trkpt>
      <trkpt lon="35.019118" lat="32.727106"><ele>262.899054</ele><time>2025-04-17T07:46:40Z</time><extensions><speed>0.731637</speed><course>111.766164</course><hAcc>1.708235</hAcc><vAcc>0.821474</vAcc></extensions></trkpt>
      <trkpt lon="35.019125" lat="32.727104"><ele>263.020579</ele><time>2025-04-17T07:46:41Z</time><extensions><speed>0.668186</speed><course>114.390823</course><hAcc>1.702640</hAcc><vAcc>0.821628</vAcc></extensions></trkpt>
      <trkpt lon="35.019131" lat="32.727101"><ele>263.150559</ele><time>2025-04-17T07:46:42Z</time><extensions><speed>0.656484</speed><course>117.109551</course><hAcc>1.694024</hAcc><vAcc>0.821755</vAcc></extensions></trkpt>
      <trkpt lon="35.019138" lat="32.727098"><ele>263.279611</ele><time>2025-04-17T07:46:43Z</time><extensions><speed>0.745536</speed><course>119.146295</course><hAcc>1.698657</hAcc><vAcc>0.821864</vAcc></extensions></trkpt>
      <trkpt lon="35.019145" lat="32.727094"><ele>263.406400</ele><time>2025-04-17T07:46:44Z</time><extensions><speed>0.891177</speed><course>117.767015</course><hAcc>1.704951</hAcc><vAcc>0.821932</vAcc></extensions></trkpt>
      <trkpt lon="35.019155" lat="32.727091"><ele>263.531979</ele><time>2025-04-17T07:46:45Z</time><extensions><speed>1.034757</speed><course>112.914718</course><hAcc>1.692522</hAcc><vAcc>0.822009</vAcc></extensions></trkpt>
      <trkpt lon="35.019165" lat="32.727088"><ele>263.662271</ele><time>2025-04-17T07:46:46Z</time><extensions><speed>1.061641</speed><course>106.465477</course><hAcc>1.672730</hAcc><vAcc>0.822076</vAcc></extensions></trkpt>
      <trkpt lon="35.019175" lat="32.727086"><ele>263.789599</ele><time>2025-04-17T07:46:47Z</time><extensions><speed>0.884820</speed><course>102.153019</course><hAcc>1.645297</hAcc><vAcc>0.822180</vAcc></extensions></trkpt>
      <trkpt lon="35.019184" lat="32.727084"><ele>263.910814</ele><time>2025-04-17T07:46:48Z</time><extensions><speed>0.776223</speed><course>97.401860</course><hAcc>1.623968</hAcc><vAcc>0.822283</vAcc></extensions></trkpt>
      <trkpt lon="35.019192" lat="32.727084"><ele>264.019345</ele><time>2025-04-17T07:46:49Z</time><extensions><speed>0.761350</speed><course>92.137330</course><hAcc>1.608270</hAcc><vAcc>0.822379</vAcc></extensions></trkpt>
      <trkpt lon="35.019201" lat="32.727083"><ele>264.136705</ele><time>2025-04-17T07:46:50Z</time><extensions><speed>0.783506</speed><course>94.838362</course><hAcc>1.615025</hAcc><vAcc>0.822480</vAcc></extensions></trkpt>
      <trkpt lon="35.019209" lat="32.727083"><ele>264.255515</ele><time>2025-04-17T07:46:51Z</time><extensions><speed>0.841967</speed><course>95.764199</course><hAcc>1.663449</hAcc><vAcc>0.822576</vAcc></extensions></trkpt>
      <trkpt lon="35.019218" lat="32.727082"><ele>264.385695</ele><time>2025-04-17T07:46:52Z</time><extensions><speed>0.792159</speed><course>88.349503</course><hAcc>1.620786</hAcc><vAcc>0.822653</vAcc></extensions></trkpt>
      <trkpt lon="35.019226" lat="32.727083"><ele>264.525200</ele><time>2025-04-17T07:46:53Z</time><extensions><speed>0.768477</speed><course>78.719369</course><hAcc>1.593856</hAcc><vAcc>0.822699</vAcc></extensions></trkpt>
      <trkpt lon="35.019235" lat="32.727085"><ele>264.645691</ele><time>2025-04-17T07:46:54Z</time><extensions><speed>0.808682</speed><course>74.035117</course><hAcc>1.585200</hAcc><vAcc>0.822733</vAcc></extensions></trkpt>
      <trkpt lon="35.019244" lat="32.727087"><ele>264.750864</ele><time>2025-04-17T07:46:55Z</time><extensions><speed>0.931461</speed><course>75.937175</course><hAcc>1.610886</hAcc><vAcc>0.822743</vAcc></extensions></trkpt>
      <trkpt lon="35.019254" lat="32.727089"><ele>264.849325</ele><time>2025-04-17T07:46:56Z</time><extensions><speed>0.974330</speed><course>77.917590</course><hAcc>1.637074</hAcc><vAcc>0.822678</vAcc></extensions></trkpt>
      <trkpt lon="35.019264" lat="32.727091"><ele>264.938235</ele><time>2025-04-17T07:46:57Z</time><extensions><speed>0.952017</speed><course>79.947115</course><hAcc>1.666958</hAcc><vAcc>0.822504</vAcc></extensions></trkpt>
      <trkpt lon="35.019274" lat="32.727092"><ele>265.025539</ele><time>2025-04-17T07:46:58Z</time><extensions><speed>1.090503</speed><course>81.138505</course><hAcc>1.655228</hAcc><vAcc>0.822241</vAcc></extensions></trkpt>
      <trkpt lon="35.019286" lat="32.727094"><ele>265.107424</ele><time>2025-04-17T07:46:59Z</time><extensions><speed>1.070802</speed><course>83.402046</course><hAcc>1.650923</hAcc><vAcc>0.821969</vAcc></extensions></trkpt>
      <trkpt lon="35.019298" lat="32.727095"><ele>265.178607</ele><time>2025-04-17T07:47:00Z</time><extensions><speed>1.154643</speed><course>83.530925</course><hAcc>1.661740</hAcc><vAcc>0.821639</vAcc></extensions></trkpt>
      <trkpt lon="35.019310" lat="32.727096"><ele>265.251110</ele><time>2025-04-17T07:47:01Z</time><extensions><speed>1.187192</speed><course>80.197676</course><hAcc>1.678663</hAcc><vAcc>0.821209</vAcc></extensions></trkpt>
      <trkpt lon="35.019322" lat="32.727098"><ele>265.323255</ele><time>2025-04-17T07:47:02Z</time><extensions><speed>1.110497</speed><course>75.301714</course><hAcc>1.694236</hAcc><vAcc>0.820696</vAcc></extensions></trkpt>
      <trkpt lon="35.019332" lat="32.727101"><ele>265.397713</ele><time>2025-04-17T07:47:03Z</time><extensions><speed>0.956375</speed><course>69.424468</course><hAcc>1.705771</hAcc><vAcc>0.820133</vAcc></extensions></trkpt>
      <trkpt lon="35.019342" lat="32.727104"><ele>265.469586</ele><time>2025-04-17T07:47:04Z</time><extensions><speed>0.900373</speed><course>65.602922</course><hAcc>1.711162</hAcc><vAcc>0.819543</vAcc></extensions></trkpt>
      <trkpt lon="35.019350" lat="32.727108"><ele>265.538499</ele><time>2025-04-17T07:47:05Z</time><extensions><speed>0.907059</speed><course>63.970772</course><hAcc>1.712567</hAcc><vAcc>0.818939</vAcc></extensions></trkpt>
      <trkpt lon="35.019359" lat="32.727111"><ele>265.603251</ele><time>2025-04-17T07:47:06Z</time><extensions><speed>0.838814</speed><course>61.571762</course><hAcc>1.705706</hAcc><vAcc>0.818318</vAcc></extensions></trkpt>
      <trkpt lon="35.019366" lat="32.727115"><ele>265.664602</ele><time>2025-04-17T07:47:07Z</time><extensions><speed>0.772787</speed><course>58.817954</course><hAcc>1.691755</hAcc><vAcc>0.817689</vAcc></extensions></trkpt>
      <trkpt lon="35.019373" lat="32.727119"><ele>265.741572</ele><time>2025-04-17T07:47:08Z</time><extensions><speed>0.786809</speed><course>59.548257</course><hAcc>1.698542</hAcc><vAcc>0.817129</vAcc></extensions></trkpt>
      <trkpt lon="35.019381" lat="32.727122"><ele>265.822063</ele><time>2025-04-17T07:47:09Z</time><extensions><speed>0.871779</speed><course>64.352907</course><hAcc>1.726226</hAcc><vAcc>0.816588</vAcc></extensions></trkpt>
      <trkpt lon="35.019389" lat="32.727125"><ele>265.890710</ele><time>2025-04-17T07:47:10Z</time><extensions><speed>0.838400</speed><course>67.043569</course><hAcc>1.715217</hAcc><vAcc>0.816077</vAcc></extensions></trkpt>
      <trkpt lon="35.019398" lat="32.727128"><ele>265.962025</ele><time>2025-04-17T07:47:11Z</time><extensions><speed>0.816285</speed><course>72.879033</course><hAcc>1.698041</hAcc><vAcc>0.815658</vAcc></extensions></trkpt>
      <trkpt lon="35.019406" lat="32.727129"><ele>266.026170</ele><time>2025-04-17T07:47:12Z</time><extensions><speed>0.877440</speed><course>80.643659</course><hAcc>1.696086</hAcc><vAcc>0.815317</vAcc></extensions></trkpt>
      <trkpt lon="35.019416" lat="32.727130"><ele>266.088176</ele><time>2025-04-17T07:47:13Z</time><extensions><speed>0.986851</speed><course>88.263955</course><hAcc>1.701793</hAcc><vAcc>0.815061</vAcc></extensions></trkpt>
      <trkpt lon="35.019427" lat="32.727130"><ele>266.150967</ele><time>2025-04-17T07:47:14Z</time><extensions><speed>1.011319</speed><course>93.599855</course><hAcc>1.706863</hAcc><vAcc>0.814920</vAcc></extensions></trkpt>
      <trkpt lon="35.019438" lat="32.727129"><ele>266.213360</ele><time>2025-04-17T07:47:15Z</time><extensions><speed>0.966467</speed><course>96.823966</course><hAcc>1.708733</hAcc><vAcc>0.814848</vAcc></extensions></trkpt>
      <trkpt lon="35.019448" lat="32.727128"><ele>266.282916</ele><time>2025-04-17T07:47:16Z</time><extensions><speed>0.981569</speed><course>99.210401</course><hAcc>1.707114</hAcc><vAcc>0.814900</vAcc></extensions></trkpt>
      <trkpt lon="35.019458" lat="32.727126"><ele>266.354794</ele><time>2025-04-17T07:47:17Z</time><extensions><speed>1.009724</speed><course>102.531231</course><hAcc>1.701149</hAcc><vAcc>0.815052</vAcc></extensions></trkpt>
      <trkpt lon="35.019469" lat="32.727124"><ele>266.408341</ele><time>2025-04-17T07:47:18Z</time><extensions><speed>1.018436</speed><course>101.399183</course><hAcc>1.687874</hAcc><vAcc>0.815299</vAcc></extensions></trkpt>
      <trkpt lon="35.019480" lat="32.727123"><ele>266.451834</ele><time>2025-04-17T07:47:19Z</time><extensions><speed>1.074193</speed><course>96.515169</course><hAcc>1.674842</hAcc><vAcc>0.815591</vAcc></extensions></trkpt>
      <trkpt lon="35.019492" lat="32.727122"><ele>266.493240</ele><time>2025-04-17T07:47:20Z</time><extensions><speed>1.157098</speed><course>95.852629</course><hAcc>1.668198</hAcc><vAcc>0.815999</vAcc></extensions></trkpt>
      <trkpt lon="35.019504" lat="32.727121"><ele>266.532397</ele><time>2025-04-17T07:47:21Z</time><extensions><speed>1.112089</speed><course>96.305720</course><hAcc>1.676960</hAcc><vAcc>0.816445</vAcc></extensions></trkpt>
      <trkpt lon="35.019515" lat="32.727120"><ele>266.574936</ele><time>2025-04-17T07:47:22Z</time><extensions><speed>1.075375</speed><course>95.231878</course><hAcc>1.667700</hAcc><vAcc>0.816889</vAcc></extensions></trkpt>
      <trkpt lon="35.019527" lat="32.727118"><ele>266.476170</ele><time>2025-04-17T07:47:23Z</time><extensions><speed>1.027368</speed><course>95.946718</course><hAcc>1.669763</hAcc><vAcc>0.821341</vAcc></extensions></trkpt>
      <trkpt lon="35.019537" lat="32.727117"><ele>266.321730</ele><time>2025-04-17T07:47:24Z</time><extensions><speed>0.980592</speed><course>99.125517</course><hAcc>1.658866</hAcc><vAcc>0.827997</vAcc></extensions></trkpt>
      <trkpt lon="35.019548" lat="32.727115"><ele>266.115980</ele><time>2025-04-17T07:47:25Z</time><extensions><speed>0.998910</speed><course>103.762982</course><hAcc>1.652921</hAcc><vAcc>0.838005</vAcc></extensions></trkpt>
      <trkpt lon="35.019558" lat="32.727112"><ele>265.837454</ele><time>2025-04-17T07:47:26Z</time><extensions><speed>0.980277</speed><course>108.838973</course><hAcc>1.663223</hAcc><vAcc>0.850513</vAcc></extensions></trkpt>
      <trkpt lon="35.019568" lat="32.727108"><ele>265.427862</ele><time>2025-04-17T07:47:27Z</time><extensions><speed>0.957020</speed><course>115.725082</course><hAcc>1.662830</hAcc><vAcc>0.864520</vAcc></extensions></trkpt>
      <trkpt lon="35.019577" lat="32.727104"><ele>264.944391</ele><time>2025-04-17T07:47:28Z</time><extensions><speed>0.993649</speed><course>122.803880</course><hAcc>1.673314</hAcc><vAcc>0.881017</vAcc></extensions></trkpt>
      <trkpt lon="35.019586" lat="32.727098"><ele>264.374439</ele><time>2025-04-17T07:47:29Z</time><extensions><speed>1.064795</speed><course>127.528560</course><hAcc>1.708951</hAcc><vAcc>0.899938</vAcc></extensions></trkpt>
      <trkpt lon="35.019595" lat="32.727092"><ele>263.801637</ele><time>2025-04-17T07:47:30Z</time><extensions><speed>1.101979</speed><course>127.710279</course><hAcc>1.768216</hAcc><vAcc>0.921724</vAcc></extensions></trkpt>
      <trkpt lon="35.019605" lat="32.727085"><ele>263.191615</ele><time>2025-04-17T07:47:31Z</time><extensions><speed>1.461015</speed><course>134.517700</course><hAcc>1.792877</hAcc><vAcc>0.945606</vAcc></extensions></trkpt>
      <trkpt lon="35.019617" lat="32.727074"><ele>262.553785</ele><time>2025-04-17T07:47:32Z</time><extensions><speed>1.755324</speed><course>141.347418</course><hAcc>1.850489</hAcc><vAcc>0.971962</vAcc></extensions></trkpt>
      <trkpt lon="35.019628" lat="32.727061"><ele>261.928364</ele><time>2025-04-17T07:47:32Z</time><extensions><speed>1.891416</speed><course>145.600518</course><hAcc>1.941608</hAcc><vAcc>0.997813</vAcc></extensions></trkpt>
      <trkpt lon="35.019639" lat="32.727047"><ele>261.230601</ele><time>2025-04-17T07:47:33Z</time><extensions><speed>1.769398</speed><course>144.378063</course><hAcc>2.055348</hAcc><vAcc>1.022058</vAcc></extensions></trkpt>
      <trkpt lon="35.019650" lat="32.727036"><ele>260.570076</ele><time>2025-04-17T07:47:34Z</time><extensions><speed>1.398414</speed><course>139.625428</course><hAcc>2.156001</hAcc><vAcc>1.041596</vAcc></extensions></trkpt>
      <trkpt lon="35.019659" lat="32.727027"><ele>259.930868</ele><time>2025-04-17T07:47:35Z</time><extensions><speed>1.193776</speed><course>134.757218</course><hAcc>2.195611</hAcc><vAcc>1.054677</vAcc></extensions></trkpt>
      <trkpt lon="35.019668" lat="32.727021"><ele>259.327682</ele><time>2025-04-17T07:47:36Z</time><extensions><speed>1.009538</speed><course>126.859452</course><hAcc>2.207380</hAcc><vAcc>1.062999</vAcc></extensions></trkpt>
      <trkpt lon="35.019677" lat="32.727016"><ele>258.784531</ele><time>2025-04-17T07:47:37Z</time><extensions><speed>0.929662</speed><course>117.104682</course><hAcc>2.207982</hAcc><vAcc>1.074947</vAcc></extensions></trkpt>
      <trkpt lon="35.019686" lat="32.727013"><ele>258.252200</ele><time>2025-04-17T07:47:38Z</time><extensions><speed>0.899367</speed><course>106.661710</course><hAcc>2.215481</hAcc><vAcc>1.083630</vAcc></extensions></trkpt>
      <trkpt lon="35.019696" lat="32.727011"><ele>257.727860</ele><time>2025-04-17T07:47:39Z</time><extensions><speed>0.997743</speed><course>97.183003</course><hAcc>2.226978</hAcc><vAcc>1.088623</vAcc></extensions></trkpt>
      <trkpt lon="35.019706" lat="32.727010"><ele>257.411498</ele><time>2025-04-17T07:47:40Z</time><extensions><speed>1.007082</speed><course>94.740997</course><hAcc>2.220501</hAcc><vAcc>1.089755</vAcc></extensions></trkpt>
      <trkpt lon="35.019717" lat="32.727010"><ele>257.193096</ele><time>2025-04-17T07:47:41Z</time><extensions><speed>0.998430</speed><course>95.049648</course><hAcc>2.218779</hAcc><vAcc>1.090102</vAcc></extensions></trkpt>
      <trkpt lon="35.019728" lat="32.727009"><ele>257.041116</ele><time>2025-04-17T07:47:42Z</time><extensions><speed>1.032103</speed><course>95.535458</course><hAcc>2.224230</hAcc><vAcc>1.088770</vAcc></extensions></trkpt>
      <trkpt lon="35.019739" lat="32.727008"><ele>256.876468</ele><time>2025-04-17T07:47:43Z</time><extensions><speed>1.039688</speed><course>94.151626</course><hAcc>2.233352</hAcc><vAcc>1.085893</vAcc></extensions></trkpt>
      <trkpt lon="35.019750" lat="32.727007"><ele>256.727410</ele><time>2025-04-17T07:47:44Z</time><extensions><speed>1.001741</speed><course>92.791437</course><hAcc>2.214929</hAcc><vAcc>1.083401</vAcc></extensions></trkpt>
      <trkpt lon="35.019760" lat="32.727007"><ele>256.618420</ele><time>2025-04-17T07:47:45Z</time><extensions><speed>0.958013</speed><course>90.197284</course><hAcc>2.199391</hAcc><vAcc>1.079233</vAcc></extensions></trkpt>
      <trkpt lon="35.019770" lat="32.727007"><ele>256.580726</ele><time>2025-04-17T07:47:46Z</time><extensions><speed>0.894451</speed><course>87.638577</course><hAcc>2.205884</hAcc><vAcc>1.073778</vAcc></extensions></trkpt>
      <trkpt lon="35.019779" lat="32.727008"><ele>256.570278</ele><time>2025-04-17T07:47:47Z</time><extensions><speed>0.785414</speed><course>84.376145</course><hAcc>2.230099</hAcc><vAcc>1.067382</vAcc></extensions></trkpt>
      <trkpt lon="35.019787" lat="32.727008"><ele>256.554622</ele><time>2025-04-17T07:47:48Z</time><extensions><speed>0.652498</speed><course>84.957138</course><hAcc>2.223487</hAcc><vAcc>1.063268</vAcc></extensions></trkpt>
      <trkpt lon="35.019793" lat="32.727008"><ele>256.614372</ele><time>2025-04-17T07:47:49Z</time><extensions><speed>0.542338</speed><course>87.089195</course><hAcc>2.197639</hAcc><vAcc>1.059726</vAcc></extensions></trkpt>
      <trkpt lon="35.019798" lat="32.727009"><ele>256.690476</ele><time>2025-04-17T07:47:50Z</time><extensions><speed>0.370922</speed><course>91.702740</course><hAcc>2.181113</hAcc><vAcc>1.054714</vAcc></extensions></trkpt>
      <trkpt lon="35.019802" lat="32.727008"><ele>256.821709</ele><time>2025-04-17T07:47:51Z</time><extensions><speed>0.413123</speed><course>97.609979</course><hAcc>2.172082</hAcc><vAcc>1.049513</vAcc></extensions></trkpt>
      <trkpt lon="35.019808" lat="32.727007"><ele>256.916501</ele><time>2025-04-17T07:47:52Z</time><extensions><speed>0.594014</speed><course>98.596215</course><hAcc>2.185001</hAcc><vAcc>1.046404</vAcc></extensions></trkpt>
      <trkpt lon="35.019816" lat="32.727006"><ele>257.019237</ele><time>2025-04-17T07:47:53Z</time><extensions><speed>0.968187</speed><course>97.392738</course><hAcc>2.220886</hAcc><vAcc>1.044932</vAcc></extensions></trkpt>
      <trkpt lon="35.019827" lat="32.727005"><ele>257.123709</ele><time>2025-04-17T07:47:54Z</time><extensions><speed>1.070674</speed><course>100.255997</course><hAcc>2.252138</hAcc><vAcc>1.043065</vAcc></extensions></trkpt>
      <trkpt lon="35.019838" lat="32.727003"><ele>257.229029</ele><time>2025-04-17T07:47:55Z</time><extensions><speed>1.136178</speed><course>105.150520</course><hAcc>2.236204</hAcc><vAcc>1.043734</vAcc></extensions></trkpt>
      <trkpt lon="35.019850" lat="32.727000"><ele>257.332835</ele><time>2025-04-17T07:47:56Z</time><extensions><speed>1.164089</speed><course>110.813156</course><hAcc>2.220415</hAcc><vAcc>1.045449</vAcc></extensions></trkpt>
      <trkpt lon="35.019861" lat="32.726996"><ele>257.412985</ele><time>2025-04-17T07:47:57Z</time><extensions><speed>1.140878</speed><course>113.604635</course><hAcc>2.254813</hAcc><vAcc>1.048873</vAcc></extensions></trkpt>
      <trkpt lon="35.019871" lat="32.726992"><ele>257.504192</ele><time>2025-04-17T07:47:58Z</time><extensions><speed>1.060949</speed><course>114.223416</course><hAcc>2.320841</hAcc><vAcc>1.049878</vAcc></extensions></trkpt>
      <trkpt lon="35.019881" lat="32.726988"><ele>257.599284</ele><time>2025-04-17T07:47:59Z</time><extensions><speed>0.939069</speed><course>114.408872</course><hAcc>2.357419</hAcc><vAcc>1.048697</vAcc></extensions></trkpt>
      <trkpt lon="35.019889" lat="32.726985"><ele>257.679477</ele><time>2025-04-17T07:48:00Z</time><extensions><speed>0.763826</speed><course>117.030543</course><hAcc>2.360966</hAcc><vAcc>1.045286</vAcc></extensions></trkpt>
      <trkpt lon="35.019895" lat="32.726982"><ele>257.754132</ele><time>2025-04-17T07:48:01Z</time><extensions><speed>0.561337</speed><course>121.788474</course><hAcc>2.369265</hAcc><vAcc>1.038485</vAcc></extensions></trkpt>
      <trkpt lon="35.019899" lat="32.726979"><ele>257.920596</ele><time>2025-04-17T07:48:02Z</time><extensions><speed>0.317000</speed><course>131.379409</course><hAcc>2.397416</hAcc><vAcc>1.029916</vAcc></extensions></trkpt>
      <trkpt lon="35.019901" lat="32.726978"><ele>257.988004</ele><time>2025-04-17T07:48:03Z</time><extensions><speed>0.156106</speed><course>153.458283</course><hAcc>2.431379</hAcc><vAcc>1.022904</vAcc></extensions></trkpt>
      <trkpt lon="35.019901" lat="32.726977"><ele>258.080969</ele><time>2025-04-17T07:48:04Z</time><extensions><speed>0.080999</speed><course>203.359810</course><hAcc>2.479822</hAcc><vAcc>1.014862</vAcc></extensions></trkpt>
      <trkpt lon="35.019900" lat="32.726976"><ele>258.144087</ele><time>2025-04-17T07:48:05Z</time><extensions><speed>0.076110</speed><course>216.422138</course><hAcc>2.524362</hAcc><vAcc>1.005701</vAcc></extensions></trkpt>
      <trkpt lon="35.019900" lat="32.726976"><ele>258.231500</ele><time>2025-04-17T07:48:06Z</time><extensions><speed>0.087389</speed><course>177.239942</course><hAcc>2.550728</hAcc><vAcc>0.995777</vAcc></extensions></trkpt>
      <trkpt lon="35.019901" lat="32.726974"><ele>258.306319</ele><time>2025-04-17T07:48:07Z</time><extensions><speed>0.200895</speed><course>144.031504</course><hAcc>2.551179</hAcc><vAcc>0.986642</vAcc></extensions></trkpt>
      <trkpt lon="35.019903" lat="32.726973"><ele>258.381141</ele><time>2025-04-17T07:48:08Z</time><extensions><speed>0.341298</speed><course>136.915950</course><hAcc>2.534526</hAcc><vAcc>0.976459</vAcc></extensions></trkpt>
      <trkpt lon="35.019906" lat="32.726970"><ele>258.535845</ele><time>2025-04-17T07:48:09Z</time><extensions><speed>0.472725</speed><course>133.899936</course><hAcc>2.515754</hAcc><vAcc>0.966433</vAcc></extensions></trkpt>
      <trkpt lon="35.019911" lat="32.726967"><ele>258.726430</ele><time>2025-04-17T07:48:10Z</time><extensions><speed>0.650260</speed><course>131.090714</course><hAcc>2.497990</hAcc><vAcc>0.958030</vAcc></extensions></trkpt>
      <trkpt lon="35.019917" lat="32.726962"><ele>258.966062</ele><time>2025-04-17T07:48:11Z</time><extensions><speed>0.799945</speed><course>129.480702</course><hAcc>2.489929</hAcc><vAcc>0.950491</vAcc></extensions></trkpt>
      <trkpt lon="35.019925" lat="32.726958"><ele>259.160833</ele><time>2025-04-17T07:48:12Z</time><extensions><speed>0.914926</speed><course>125.444440</course><hAcc>2.509739</hAcc><vAcc>0.944734</vAcc></extensions></trkpt>
      <trkpt lon="35.019933" lat="32.726953"><ele>259.365676</ele><time>2025-04-17T07:48:13Z</time><extensions><speed>0.966341</speed><course>118.760332</course><hAcc>2.545368</hAcc><vAcc>0.941777</vAcc></extensions></trkpt>
      <trkpt lon="35.019943" lat="32.726950"><ele>259.545123</ele><time>2025-04-17T07:48:14Z</time><extensions><speed>0.953094</speed><course>110.739987</course><hAcc>2.526793</hAcc><vAcc>0.941820</vAcc></extensions></trkpt>
      <trkpt lon="35.019953" lat="32.726947"><ele>259.788364</ele><time>2025-04-17T07:48:15Z</time><extensions><speed>1.001044</speed><course>109.181805</course><hAcc>2.509575</hAcc><vAcc>0.943795</vAcc></extensions></trkpt>
      <trkpt lon="35.019964" lat="32.726944"><ele>259.996264</ele><time>2025-04-17T07:48:16Z</time><extensions><speed>1.114849</speed><course>101.684879</course><hAcc>2.509926</hAcc><vAcc>0.947634</vAcc></extensions></trkpt>
      <trkpt lon="35.019976" lat="32.726943"><ele>260.212506</ele><time>2025-04-17T07:48:17Z</time><extensions><speed>1.222529</speed><course>95.665127</course><hAcc>2.528764</hAcc><vAcc>0.954888</vAcc></extensions></trkpt>
      <trkpt lon="35.019990" lat="32.726942"><ele>260.395510</ele><time>2025-04-17T07:48:18Z</time><extensions><speed>1.394174</speed><course>94.136645</course><hAcc>2.533171</hAcc><vAcc>0.966771</vAcc></extensions></trkpt>
      <trkpt lon="35.020006" lat="32.726941"><ele>260.572914</ele><time>2025-04-17T07:48:19Z</time><extensions><speed>1.594061</speed><course>94.250707</course><hAcc>2.533363</hAcc><vAcc>0.981681</vAcc></extensions></trkpt>
      <trkpt lon="35.020023" lat="32.726940"><ele>260.735515</ele><time>2025-04-17T07:48:20Z</time><extensions><speed>1.663027</speed><course>94.128476</course><hAcc>2.542828</hAcc><vAcc>0.998046</vAcc></extensions></trkpt>
      <trkpt lon="35.020041" lat="32.726939"><ele>260.877898</ele><time>2025-04-17T07:48:21Z</time><extensions><speed>1.610172</speed><course>94.665274</course><hAcc>2.560727</hAcc><vAcc>1.014942</vAcc></extensions></trkpt>
      <trkpt lon="35.020058" lat="32.726937"><ele>261.005201</ele><time>2025-04-17T07:48:22Z</time><extensions><speed>1.505191</speed><course>96.071050</course><hAcc>2.578249</hAcc><vAcc>1.033063</vAcc></extensions></trkpt>
      <trkpt lon="35.020073" lat="32.726936"><ele>261.068204</ele><time>2025-04-17T07:48:23Z</time><extensions><speed>1.312720</speed><course>97.168387</course><hAcc>2.587693</hAcc><vAcc>1.052955</vAcc></extensions></trkpt>
      <trkpt lon="35.020086" lat="32.726935"><ele>261.107669</ele><time>2025-04-17T07:48:24Z</time><extensions><speed>1.088419</speed><course>98.624307</course><hAcc>2.602362</hAcc><vAcc>1.072757</vAcc></extensions></trkpt>
      <trkpt lon="35.020096" lat="32.726933"><ele>261.121715</ele><time>2025-04-17T07:48:25Z</time><extensions><speed>0.762689</speed><course>98.506580</course><hAcc>2.607960</hAcc><vAcc>1.091016</vAcc></extensions></trkpt>
      <trkpt lon="35.020102" lat="32.726933"><ele>261.117194</ele><time>2025-04-17T07:48:26Z</time><extensions><speed>0.472062</speed><course>95.329434</course><hAcc>2.621145</hAcc><vAcc>1.111400</vAcc></extensions></trkpt>
      <trkpt lon="35.020107" lat="32.726932"><ele>261.079998</ele><time>2025-04-17T07:48:27Z</time><extensions><speed>0.332428</speed><course>90.620026</course><hAcc>2.636060</hAcc><vAcc>1.130984</vAcc></extensions></trkpt>
      <trkpt lon="35.020111" lat="32.726932"><ele>261.002683</ele><time>2025-04-17T07:48:28Z</time><extensions><speed>0.333042</speed><course>92.014286</course><hAcc>2.632443</hAcc><vAcc>1.148669</vAcc></extensions></trkpt>
      <trkpt lon="35.020115" lat="32.726932"><ele>260.959019</ele><time>2025-04-17T07:48:29Z</time><extensions><speed>0.417853</speed><course>96.050315</course><hAcc>2.613743</hAcc><vAcc>1.165839</vAcc></extensions></trkpt>
      <trkpt lon="35.020120" lat="32.726931"><ele>260.857417</ele><time>2025-04-17T07:48:30Z</time><extensions><speed>0.581741</speed><course>98.168953</course><hAcc>2.584124</hAcc><vAcc>1.182243</vAcc></extensions></trkpt>
      <trkpt lon="35.020128" lat="32.726930"><ele>260.809472</ele><time>2025-04-17T07:48:31Z</time><extensions><speed>0.849160</speed><course>99.244782</course><hAcc>2.551561</hAcc><vAcc>1.197657</vAcc></extensions></trkpt>
      <trkpt lon="35.020138" lat="32.726928"><ele>260.619418</ele><time>2025-04-17T07:48:32Z</time><extensions><speed>1.052763</speed><course>100.141350</course><hAcc>2.537599</hAcc><vAcc>1.209619</vAcc></extensions></trkpt>
      <trkpt lon="35.020150" lat="32.726927"><ele>260.416818</ele><time>2025-04-17T07:48:33Z</time><extensions><speed>1.123550</speed><course>100.832278</course><hAcc>2.524192</hAcc><vAcc>1.216921</vAcc></extensions></trkpt>
      <trkpt lon="35.020162" lat="32.726925"><ele>260.282730</ele><time>2025-04-17T07:48:34Z</time><extensions><speed>1.198188</speed><course>101.110038</course><hAcc>2.500455</hAcc><vAcc>1.223753</vAcc></extensions></trkpt>
      <trkpt lon="35.020175" lat="32.726922"><ele>260.139865</ele><time>2025-04-17T07:48:35Z</time><extensions><speed>1.234985</speed><course>101.038220</course><hAcc>2.483692</hAcc><vAcc>1.229213</vAcc></extensions></trkpt>
      <trkpt lon="35.020188" lat="32.726920"><ele>259.956682</ele><time>2025-04-17T07:48:36Z</time><extensions><speed>1.221750</speed><course>101.273163</course><hAcc>2.477048</hAcc><vAcc>1.233738</vAcc></extensions></trkpt>
      <trkpt lon="35.020201" lat="32.726918"><ele>259.771031</ele><time>2025-04-17T07:48:37Z</time><extensions><speed>1.246442</speed><course>100.230270</course><hAcc>2.437314</hAcc><vAcc>1.238418</vAcc></extensions></trkpt>
      <trkpt lon="35.020214" lat="32.726915"><ele>259.576779</ele><time>2025-04-17T07:48:39Z</time><extensions><speed>1.299897</speed><course>101.981223</course><hAcc>2.395983</hAcc><vAcc>1.242964</vAcc></extensions></trkpt>
      <trkpt lon="35.020228" lat="32.726912"><ele>259.368163</ele><time>2025-04-17T07:48:40Z</time><extensions><speed>1.290179</speed><course>103.985615</course><hAcc>2.382719</hAcc><vAcc>1.245190</vAcc></extensions></trkpt>
      <trkpt lon="35.020241" lat="32.726909"><ele>259.205044</ele><time>2025-04-17T07:48:41Z</time><extensions><speed>1.261902</speed><course>105.476356</course><hAcc>2.376277</hAcc><vAcc>1.245754</vAcc></extensions></trkpt>
      <trkpt lon="35.020254" lat="32.726906"><ele>258.994884</ele><time>2025-04-17T07:48:42Z</time><extensions><speed>1.204163</speed><course>107.799308</course><hAcc>2.349457</hAcc><vAcc>1.245614</vAcc></extensions></trkpt>
      <trkpt lon="35.020266" lat="32.726902"><ele>258.764727</ele><time>2025-04-17T07:48:43Z</time><extensions><speed>1.140933</speed><course>108.884922</course><hAcc>2.301541</hAcc><vAcc>1.242930</vAcc></extensions></trkpt>
      <trkpt lon="35.020277" lat="32.726899"><ele>258.571439</ele><time>2025-04-17T07:48:44Z</time><extensions><speed>1.048551</speed><course>110.213447</course><hAcc>2.260039</hAcc><vAcc>1.236821</vAcc></extensions></trkpt>
      <trkpt lon="35.020288" lat="32.726895"><ele>258.381234</ele><time>2025-04-17T07:48:45Z</time><extensions><speed>1.129307</speed><course>113.362579</course><hAcc>2.241884</hAcc><vAcc>1.226993</vAcc></extensions></trkpt>
      <trkpt lon="35.020299" lat="32.726891"><ele>258.184697</ele><time>2025-04-17T07:48:46Z</time><extensions><speed>1.272963</speed><course>115.423632</course><hAcc>2.247982</hAcc><vAcc>1.212373</vAcc></extensions></trkpt>
      <trkpt lon="35.020312" lat="32.726886"><ele>257.979146</ele><time>2025-04-17T07:48:47Z</time><extensions><speed>1.253344</speed><course>116.755335</course><hAcc>2.249963</hAcc><vAcc>1.195238</vAcc></extensions></trkpt>
      <trkpt lon="35.020323" lat="32.726881"><ele>257.782035</ele><time>2025-04-17T07:48:48Z</time><extensions><speed>1.144180</speed><course>115.371108</course><hAcc>2.242001</hAcc><vAcc>1.176000</vAcc></extensions></trkpt>
      <trkpt lon="35.020334" lat="32.726877"><ele>257.578837</ele><time>2025-04-17T07:48:49Z</time><extensions><speed>1.062640</speed><course>116.097955</course><hAcc>2.206268</hAcc><vAcc>1.159926</vAcc></extensions></trkpt>
      <trkpt lon="35.020344" lat="32.726873"><ele>257.362049</ele><time>2025-04-17T07:48:50Z</time><extensions><speed>0.971947</speed><course>117.960323</course><hAcc>2.192689</hAcc><vAcc>1.143736</vAcc></extensions></trkpt>
      <trkpt lon="35.020352" lat="32.726869"><ele>257.166643</ele><time>2025-04-17T07:48:51Z</time><extensions><speed>0.889204</speed><course>117.348731</course><hAcc>2.230209</hAcc><vAcc>1.126816</vAcc></extensions></trkpt>
      <trkpt lon="35.020361" lat="32.726865"><ele>256.983548</ele><time>2025-04-17T07:48:52Z</time><extensions><speed>0.817404</speed><course>115.014337</course><hAcc>2.290386</hAcc><vAcc>1.109114</vAcc></extensions></trkpt>
      <trkpt lon="35.020368" lat="32.726863"><ele>256.793588</ele><time>2025-04-17T07:48:53Z</time><extensions><speed>0.775038</speed><course>114.267550</course><hAcc>2.265251</hAcc><vAcc>1.091647</vAcc></extensions></trkpt>
      <trkpt lon="35.020376" lat="32.726860"><ele>256.608988</ele><time>2025-04-17T07:48:54Z</time><extensions><speed>0.781002</speed><course>109.401524</course><hAcc>2.256146</hAcc><vAcc>1.073978</vAcc></extensions></trkpt>
      <trkpt lon="35.020384" lat="32.726858"><ele>256.418010</ele><time>2025-04-17T07:48:55Z</time><extensions><speed>0.828764</speed><course>105.467964</course><hAcc>2.267507</hAcc><vAcc>1.057336</vAcc></extensions></trkpt>
      <trkpt lon="35.020393" lat="32.726856"><ele>256.274351</ele><time>2025-04-17T07:48:56Z</time><extensions><speed>0.874951</speed><course>103.838607</course><hAcc>2.279603</hAcc><vAcc>1.042512</vAcc></extensions></trkpt>
      <trkpt lon="35.020403" lat="32.726854"><ele>256.078175</ele><time>2025-04-17T07:48:57Z</time><extensions><speed>0.970669</speed><course>104.661710</course><hAcc>2.298540</hAcc><vAcc>1.029656</vAcc></extensions></trkpt>
      <trkpt lon="35.020413" lat="32.726852"><ele>255.895532</ele><time>2025-04-17T07:48:58Z</time><extensions><speed>0.987002</speed><course>105.351274</course><hAcc>2.346530</hAcc><vAcc>1.018550</vAcc></extensions></trkpt>
      <trkpt lon="35.020422" lat="32.726849"><ele>255.700360</ele><time>2025-04-17T07:48:59Z</time><extensions><speed>0.933510</speed><course>107.786285</course><hAcc>2.418971</hAcc><vAcc>1.009873</vAcc></extensions></trkpt>
      <trkpt lon="35.020431" lat="32.726847"><ele>255.580141</ele><time>2025-04-17T07:49:00Z</time><extensions><speed>0.792028</speed><course>109.431560</course><hAcc>2.449846</hAcc><vAcc>1.002989</vAcc></extensions></trkpt>
      <trkpt lon="35.020439" lat="32.726845"><ele>255.379528</ele><time>2025-04-17T07:49:01Z</time><extensions><speed>0.727800</speed><course>108.799521</course><hAcc>2.407813</hAcc><vAcc>0.998210</vAcc></extensions></trkpt>
      <trkpt lon="35.020447" lat="32.726843"><ele>255.245848</ele><time>2025-04-17T07:49:02Z</time><extensions><speed>0.759619</speed><course>105.385730</course><hAcc>2.358662</hAcc><vAcc>0.993832</vAcc></extensions></trkpt>
      <trkpt lon="35.020455" lat="32.726841"><ele>255.057795</ele><time>2025-04-17T07:49:03Z</time><extensions><speed>0.870816</speed><course>102.964022</course><hAcc>2.327273</hAcc><vAcc>0.988256</vAcc></extensions></trkpt>
      <trkpt lon="35.020465" lat="32.726839"><ele>254.929733</ele><time>2025-04-17T07:49:04Z</time><extensions><speed>1.077710</speed><course>103.210974</course><hAcc>2.327046</hAcc><vAcc>0.984600</vAcc></extensions></trkpt>
      <trkpt lon="35.020477" lat="32.726837"><ele>254.895430</ele><time>2025-04-17T07:49:05Z</time><extensions><speed>1.282321</speed><course>105.090669</course><hAcc>2.363293</hAcc><vAcc>0.980272</vAcc></extensions></trkpt>
      <trkpt lon="35.020491" lat="32.726833"><ele>254.759405</ele><time>2025-04-17T07:49:06Z</time><extensions><speed>1.434552</speed><course>111.589605</course><hAcc>2.407910</hAcc><vAcc>0.976496</vAcc></extensions></trkpt>
      <trkpt lon="35.020505" lat="32.726828"><ele>254.680079</ele><time>2025-04-17T07:49:07Z</time><extensions><speed>1.415246</speed><course>114.301657</course><hAcc>2.425862</hAcc><vAcc>0.974395</vAcc></extensions></trkpt>
      <trkpt lon="35.020518" lat="32.726823"><ele>254.603053</ele><time>2025-04-17T07:49:08Z</time><extensions><speed>1.247282</speed><course>111.090550</course><hAcc>2.418318</hAcc><vAcc>0.973416</vAcc></extensions></trkpt>
      <trkpt lon="35.020530" lat="32.726821"><ele>254.555520</ele><time>2025-04-17T07:49:09Z</time><extensions><speed>1.048105</speed><course>99.270718</course><hAcc>2.412089</hAcc><vAcc>0.972771</vAcc></extensions></trkpt>
      <trkpt lon="35.020540" lat="32.726820"><ele>254.517241</ele><time>2025-04-17T07:49:10Z</time><extensions><speed>0.954559</speed><course>86.489768</course><hAcc>2.434056</hAcc><vAcc>0.973531</vAcc></extensions></trkpt>
      <trkpt lon="35.020550" lat="32.726821"><ele>254.485026</ele><time>2025-04-17T07:49:11Z</time><extensions><speed>0.897785</speed><course>75.503759</course><hAcc>2.464630</hAcc><vAcc>0.976609</vAcc></extensions></trkpt>
      <trkpt lon="35.020559" lat="32.726824"><ele>254.475447</ele><time>2025-04-17T07:49:12Z</time><extensions><speed>0.811430</speed><course>68.159786</course><hAcc>2.498377</hAcc><vAcc>0.981201</vAcc></extensions></trkpt>
      <trkpt lon="35.020566" lat="32.726826"><ele>254.488502</ele><time>2025-04-17T07:49:13Z</time><extensions><speed>0.679398</speed><course>62.920940</course><hAcc>2.522780</hAcc><vAcc>0.988498</vAcc></extensions></trkpt>
      <trkpt lon="35.020572" lat="32.726829"><ele>254.538687</ele><time>2025-04-17T07:49:14Z</time><extensions><speed>0.570281</speed><course>59.908031</course><hAcc>2.540013</hAcc><vAcc>0.996478</vAcc></extensions></trkpt>
      <trkpt lon="35.020577" lat="32.726831"><ele>254.537672</ele><time>2025-04-17T07:49:15Z</time><extensions><speed>0.513785</speed><course>60.366795</course><hAcc>2.548969</hAcc><vAcc>1.005240</vAcc></extensions></trkpt>
      <trkpt lon="35.020582" lat="32.726834"><ele>254.587697</ele><time>2025-04-17T07:49:16Z</time><extensions><speed>0.470507</speed><course>62.555911</course><hAcc>2.568196</hAcc><vAcc>1.014978</vAcc></extensions></trkpt>
      <trkpt lon="35.020587" lat="32.726835"><ele>254.672504</ele><time>2025-04-17T07:49:17Z</time><extensions><speed>0.462501</speed><course>71.630631</course><hAcc>2.590481</hAcc><vAcc>1.029099</vAcc></extensions></trkpt>
      <trkpt lon="35.020592" lat="32.726836"><ele>254.733779</ele><time>2025-04-17T07:49:18Z</time><extensions><speed>0.439122</speed><course>74.153409</course><hAcc>2.572270</hAcc><vAcc>1.044185</vAcc></extensions></trkpt>
      <trkpt lon="35.020596" lat="32.726837"><ele>254.843267</ele><time>2025-04-17T07:49:19Z</time><extensions><speed>0.410248</speed><course>82.370659</course><hAcc>2.539145</hAcc><vAcc>1.059183</vAcc></extensions></trkpt>
      <trkpt lon="35.020601" lat="32.726837"><ele>254.853369</ele><time>2025-04-17T07:49:20Z</time><extensions><speed>0.465595</speed><course>87.715013</course><hAcc>2.519960</hAcc><vAcc>1.073401</vAcc></extensions></trkpt>
      <trkpt lon="35.020607" lat="32.726837"><ele>254.902475</ele><time>2025-04-17T07:49:21Z</time><extensions><speed>0.573648</speed><course>89.227553</course><hAcc>2.518426</hAcc><vAcc>1.085859</vAcc></extensions></trkpt>
      <trkpt lon="35.020614" lat="32.726837"><ele>254.981528</ele><time>2025-04-17T07:49:22Z</time><extensions><speed>0.816912</speed><course>89.456508</course><hAcc>2.513054</hAcc><vAcc>1.097664</vAcc></extensions></trkpt>
      <trkpt lon="35.020624" lat="32.726837"><ele>255.052086</ele><time>2025-04-17T07:49:23Z</time><extensions><speed>0.973120</speed><course>92.416366</course><hAcc>2.517778</hAcc><vAcc>1.107962</vAcc></extensions></trkpt>
      <trkpt lon="35.020635" lat="32.726836"><ele>255.058481</ele><time>2025-04-17T07:49:24Z</time><extensions><speed>1.076304</speed><course>93.804419</course><hAcc>2.501634</hAcc><vAcc>1.119010</vAcc></extensions></trkpt>
      <trkpt lon="35.020647" lat="32.726835"><ele>255.101125</ele><time>2025-04-17T07:49:25Z</time><extensions><speed>1.108837</speed><course>95.327912</course><hAcc>2.486021</hAcc><vAcc>1.130642</vAcc></extensions></trkpt>
      <trkpt lon="35.020659" lat="32.726834"><ele>255.143603</ele><time>2025-04-17T07:49:26Z</time><extensions><speed>1.034125</speed><course>96.354023</course><hAcc>2.496773</hAcc><vAcc>1.142046</vAcc></extensions></trkpt>
      <trkpt lon="35.020669" lat="32.726833"><ele>255.153613</ele><time>2025-04-17T07:49:27Z</time><extensions><speed>0.887826</speed><course>98.778452</course><hAcc>2.518906</hAcc><vAcc>1.153530</vAcc></extensions></trkpt>
      <trkpt lon="35.020678" lat="32.726832"><ele>255.168176</ele><time>2025-04-17T07:49:28Z</time><extensions><speed>0.885549</speed><course>101.219031</course><hAcc>2.498230</hAcc><vAcc>1.166371</vAcc></extensions></trkpt>
      <trkpt lon="35.020688" lat="32.726830"><ele>255.142786</ele><time>2025-04-17T07:49:29Z</time><extensions><speed>0.986975</speed><course>100.945880</course><hAcc>2.481261</hAcc><vAcc>1.178899</vAcc></extensions></trkpt>
      <trkpt lon="35.020698" lat="32.726828"><ele>255.164994</ele><time>2025-04-17T07:49:30Z</time><extensions><speed>0.987535</speed><course>102.009385</course><hAcc>2.487910</hAcc><vAcc>1.191601</vAcc></extensions></trkpt>
      <trkpt lon="35.020709" lat="32.726827"><ele>255.190753</ele><time>2025-04-17T07:49:31Z</time><extensions><speed>1.101771</speed><course>100.551448</course><hAcc>2.475694</hAcc><vAcc>1.203079</vAcc></extensions></trkpt>
      <trkpt lon="35.020721" lat="32.726825"><ele>255.233439</ele><time>2025-04-17T07:49:32Z</time><extensions><speed>1.216278</speed><course>98.736907</course><hAcc>2.457881</hAcc><vAcc>1.215711</vAcc></extensions></trkpt>
      <trkpt lon="35.020734" lat="32.726823"><ele>255.314852</ele><time>2025-04-17T07:49:33Z</time><extensions><speed>1.213542</speed><course>95.682713</course><hAcc>2.438633</hAcc><vAcc>1.226917</vAcc></extensions></trkpt>
      <trkpt lon="35.020747" lat="32.726822"><ele>255.318978</ele><time>2025-04-17T07:49:34Z</time><extensions><speed>1.180213</speed><course>91.586911</course><hAcc>2.436116</hAcc><vAcc>1.239584</vAcc></extensions></trkpt>
      <trkpt lon="35.020759" lat="32.726822"><ele>255.371824</ele><time>2025-04-17T07:49:35Z</time><extensions><speed>1.163218</speed><course>90.706021</course><hAcc>2.424783</hAcc><vAcc>1.250081</vAcc></extensions></trkpt>
      <trkpt lon="35.020771" lat="32.726821"><ele>255.398357</ele><time>2025-04-17T07:49:36Z</time><extensions><speed>1.041525</speed><course>92.722934</course><hAcc>2.400514</hAcc><vAcc>1.260010</vAcc></extensions></trkpt>
      <trkpt lon="35.020781" lat="32.726821"><ele>255.425738</ele><time>2025-04-17T07:49:37Z</time><extensions><speed>0.873500</speed><course>98.990166</course><hAcc>2.364991</hAcc><vAcc>1.266771</vAcc></extensions></trkpt>
      <trkpt lon="35.020790" lat="32.726819"><ele>255.548598</ele><time>2025-04-17T07:49:38Z</time><extensions><speed>0.721289</speed><course>105.807407</course><hAcc>2.334077</hAcc><vAcc>1.273291</vAcc></extensions></trkpt>
      <trkpt lon="35.020798" lat="32.726817"><ele>255.665669</ele><time>2025-04-17T07:49:39Z</time><extensions><speed>0.812492</speed><course>108.236176</course><hAcc>2.313149</hAcc><vAcc>1.281510</vAcc></extensions></trkpt>
      <trkpt lon="35.020806" lat="32.726814"><ele>255.759646</ele><time>2025-04-17T07:49:40Z</time><extensions><speed>0.926425</speed><course>112.355364</course><hAcc>2.301437</hAcc><vAcc>1.289060</vAcc></extensions></trkpt>
      <trkpt lon="35.020816" lat="32.726810"><ele>255.877208</ele><time>2025-04-17T07:49:41Z</time><extensions><speed>0.994152</speed><course>118.799888</course><hAcc>2.270070</hAcc><vAcc>1.294877</vAcc></extensions></trkpt>
      <trkpt lon="35.020825" lat="32.726805"><ele>256.017850</ele><time>2025-04-17T07:49:42Z</time><extensions><speed>1.011188</speed><course>123.953714</course><hAcc>2.220843</hAcc><vAcc>1.298568</vAcc></extensions></trkpt>
      <trkpt lon="35.020834" lat="32.726800"><ele>256.167066</ele><time>2025-04-17T07:49:43Z</time><extensions><speed>1.082609</speed><course>125.075387</course><hAcc>2.183195</hAcc><vAcc>1.297302</vAcc></extensions></trkpt>
      <trkpt lon="35.020844" lat="32.726794"><ele>256.331782</ele><time>2025-04-17T07:49:44Z</time><extensions><speed>1.131632</speed><course>124.213464</course><hAcc>2.156392</hAcc><vAcc>1.295569</vAcc></extensions></trkpt>
      <trkpt lon="35.020855" lat="32.726788"><ele>256.510041</ele><time>2025-04-17T07:49:45Z</time><extensions><speed>1.212421</speed><course>122.750912</course><hAcc>2.123817</hAcc><vAcc>1.293272</vAcc></extensions></trkpt>
      <trkpt lon="35.020866" lat="32.726782"><ele>256.607999</ele><time>2025-04-17T07:49:46Z</time><extensions><speed>1.198093</speed><course>120.649946</course><hAcc>2.078079</hAcc><vAcc>1.290252</vAcc></extensions></trkpt>
      <trkpt lon="35.020877" lat="32.726777"><ele>256.711515</ele><time>2025-04-17T07:49:47Z</time><extensions><speed>1.201916</speed><course>117.655091</course><hAcc>2.031151</hAcc><vAcc>1.287055</vAcc></extensions></trkpt>
      <trkpt lon="35.020889" lat="32.726772"><ele>256.900721</ele><time>2025-04-17T07:49:48Z</time><extensions><speed>1.228591</speed><course>117.538903</course><hAcc>2.005475</hAcc><vAcc>1.279352</vAcc></extensions></trkpt>
      <trkpt lon="35.020900" lat="32.726767"><ele>257.022199</ele><time>2025-04-17T07:49:49Z</time><extensions><speed>1.063265</speed><course>116.739156</course><hAcc>2.025061</hAcc><vAcc>1.272486</vAcc></extensions></trkpt>
      <trkpt lon="35.020910" lat="32.726763"><ele>257.142914</ele><time>2025-04-17T07:49:50Z</time><extensions><speed>1.137241</speed><course>116.571931</course><hAcc>1.998322</hAcc><vAcc>1.259433</vAcc></extensions></trkpt>
      <trkpt lon="35.020921" lat="32.726758"><ele>257.389644</ele><time>2025-04-17T07:49:51Z</time><extensions><speed>1.180640</speed><course>118.259952</course><hAcc>1.968041</hAcc><vAcc>1.242165</vAcc></extensions></trkpt>
      <trkpt lon="35.020933" lat="32.726753"><ele>257.424861</ele><time>2025-04-17T07:49:52Z</time><extensions><speed>1.224251</speed><course>117.295461</course><hAcc>1.950446</hAcc><vAcc>1.222849</vAcc></extensions></trkpt>
      <trkpt lon="35.020944" lat="32.726748"><ele>257.602303</ele><time>2025-04-17T07:49:53Z</time><extensions><speed>1.208429</speed><course>115.930621</course><hAcc>1.956059</hAcc><vAcc>1.201232</vAcc></extensions></trkpt>
      <trkpt lon="35.020956" lat="32.726743"><ele>257.705856</ele><time>2025-04-17T07:49:54Z</time><extensions><speed>1.204387</speed><course>113.867716</course><hAcc>1.966648</hAcc><vAcc>1.182525</vAcc></extensions></trkpt>
      <trkpt lon="35.020967" lat="32.726739"><ele>257.807254</ele><time>2025-04-17T07:49:55Z</time><extensions><speed>1.171747</speed><course>112.501725</course><hAcc>1.984999</hAcc><vAcc>1.161703</vAcc></extensions></trkpt>
      <trkpt lon="35.020979" lat="32.726735"><ele>257.920097</ele><time>2025-04-17T07:49:56Z</time><extensions><speed>1.109150</speed><course>110.811759</course><hAcc>2.014466</hAcc><vAcc>1.139310</vAcc></extensions></trkpt>
      <trkpt lon="35.020989" lat="32.726732"><ele>257.956568</ele><time>2025-04-17T07:49:57Z</time><extensions><speed>1.050210</speed><course>110.419982</course><hAcc>2.058900</hAcc><vAcc>1.115136</vAcc></extensions></trkpt>
      <trkpt lon="35.021000" lat="32.726728"><ele>258.049744</ele><time>2025-04-17T07:49:58Z</time><extensions><speed>1.107852</speed><course>111.544129</course><hAcc>2.089907</hAcc><vAcc>1.093409</vAcc></extensions></trkpt>
      <trkpt lon="35.021011" lat="32.726725"><ele>258.150613</ele><time>2025-04-17T07:49:59Z</time><extensions><speed>1.083773</speed><course>111.577372</course><hAcc>2.130266</hAcc><vAcc>1.071817</vAcc></extensions></trkpt>
      <trkpt lon="35.021022" lat="32.726721"><ele>258.237687</ele><time>2025-04-17T07:50:00Z</time><extensions><speed>1.037452</speed><course>112.047181</course><hAcc>2.156566</hAcc><vAcc>1.049845</vAcc></extensions></trkpt>
      <trkpt lon="35.021032" lat="32.726717"><ele>258.320415</ele><time>2025-04-17T07:50:01Z</time><extensions><speed>1.008928</speed><course>113.194842</course><hAcc>2.189027</hAcc><vAcc>1.028187</vAcc></extensions></trkpt>
      <trkpt lon="35.021041" lat="32.726714"><ele>258.441909</ele><time>2025-04-17T07:50:02Z</time><extensions><speed>0.895961</speed><course>116.528968</course><hAcc>2.226086</hAcc><vAcc>1.006433</vAcc></extensions></trkpt>
      <trkpt lon="35.021049" lat="32.726710"><ele>258.537266</ele><time>2025-04-17T07:50:03Z</time><extensions><speed>0.879358</speed><course>121.243043</course><hAcc>2.257611</hAcc><vAcc>0.984841</vAcc></extensions></trkpt>
      <trkpt lon="35.021057" lat="32.726706"><ele>258.618527</ele><time>2025-04-17T07:50:04Z</time><extensions><speed>0.855381</speed><course>124.447231</course><hAcc>2.294547</hAcc><vAcc>0.964321</vAcc></extensions></trkpt>
      <trkpt lon="35.021064" lat="32.726701"><ele>258.690842</ele><time>2025-04-17T07:50:05Z</time><extensions><speed>0.786039</speed><course>126.775814</course><hAcc>2.313285</hAcc><vAcc>0.944641</vAcc></extensions></trkpt>
      <trkpt lon="35.021071" lat="32.726697"><ele>258.754583</ele><time>2025-04-17T07:50:06Z</time><extensions><speed>0.720504</speed><course>129.169255</course><hAcc>2.321093</hAcc><vAcc>0.926230</vAcc></extensions></trkpt>
      <trkpt lon="35.021076" lat="32.726693"><ele>258.819253</ele><time>2025-04-17T07:50:07Z</time><extensions><speed>0.665993</speed><course>128.770394</course><hAcc>2.337648</hAcc><vAcc>0.910252</vAcc></extensions></trkpt>
      <trkpt lon="35.021082" lat="32.726690"><ele>258.882549</ele><time>2025-04-17T07:50:08Z</time><extensions><speed>0.605709</speed><course>126.467498</course><hAcc>2.372459</hAcc><vAcc>0.895586</vAcc></extensions></trkpt>
      <trkpt lon="35.021087" lat="32.726687"><ele>258.930421</ele><time>2025-04-17T07:50:09Z</time><extensions><speed>0.528106</speed><course>125.855605</course><hAcc>2.384202</hAcc><vAcc>0.882481</vAcc></extensions></trkpt>
      <trkpt lon="35.021091" lat="32.726684"><ele>258.978352</ele><time>2025-04-17T07:50:10Z</time><extensions><speed>0.427998</speed><course>125.756393</course><hAcc>2.385423</hAcc><vAcc>0.870715</vAcc></extensions></trkpt>
      <trkpt lon="35.021095" lat="32.726682"><ele>259.019540</ele><time>2025-04-17T07:50:11Z</time><extensions><speed>0.404377</speed><course>120.759581</course><hAcc>2.382962</hAcc><vAcc>0.859847</vAcc></extensions></trkpt>
      <trkpt lon="35.021099" lat="32.726681"><ele>259.053662</ele><time>2025-04-17T07:50:12Z</time><extensions><speed>0.393809</speed><course>112.710054</course><hAcc>2.394294</hAcc><vAcc>0.850717</vAcc></extensions></trkpt>
      <trkpt lon="35.021102" lat="32.726680"><ele>259.090346</ele><time>2025-04-17T07:50:13Z</time><extensions><speed>0.319095</speed><course>98.680278</course><hAcc>2.424490</hAcc><vAcc>0.843149</vAcc></extensions></trkpt>
      <trkpt lon="35.021106" lat="32.726680"><ele>259.146722</ele><time>2025-04-17T07:50:14Z</time><extensions><speed>0.299348</speed><course>79.244436</course><hAcc>2.452454</hAcc><vAcc>0.838816</vAcc></extensions></trkpt>
      <trkpt lon="35.021109" lat="32.726682"><ele>259.195038</ele><time>2025-04-17T07:50:15Z</time><extensions><speed>0.381679</speed><course>68.034085</course><hAcc>2.461849</hAcc><vAcc>0.837527</vAcc></extensions></trkpt>
      <trkpt lon="35.021114" lat="32.726683"><ele>259.238325</ele><time>2025-04-17T07:50:16Z</time><extensions><speed>0.438169</speed><course>63.004823</course><hAcc>2.489277</hAcc><vAcc>0.840528</vAcc></extensions></trkpt>
      <trkpt lon="35.021118" lat="32.726685"><ele>259.287388</ele><time>2025-04-17T07:50:17Z</time><extensions><speed>0.478749</speed><course>61.119942</course><hAcc>2.530072</hAcc><vAcc>0.847230</vAcc></extensions></trkpt>
      <trkpt lon="35.021123" lat="32.726687"><ele>259.336852</ele><time>2025-04-17T07:50:18Z</time><extensions><speed>0.517886</speed><course>57.476723</course><hAcc>2.575460</hAcc><vAcc>0.856829</vAcc></extensions></trkpt>
      <trkpt lon="35.021127" lat="32.726690"><ele>259.379201</ele><time>2025-04-17T07:50:19Z</time><extensions><speed>0.534183</speed><course>54.781072</course><hAcc>2.617992</hAcc><vAcc>0.869333</vAcc></extensions></trkpt>
      <trkpt lon="35.021132" lat="32.726693"><ele>259.433670</ele><time>2025-04-17T07:50:20Z</time><extensions><speed>0.591967</speed><course>56.628786</course><hAcc>2.631447</hAcc><vAcc>0.883630</vAcc></extensions></trkpt>
      <trkpt lon="35.021138" lat="32.726696"><ele>259.538030</ele><time>2025-04-17T07:50:21Z</time><extensions><speed>0.654587</speed><course>63.633286</course><hAcc>2.625820</hAcc><vAcc>0.898736</vAcc></extensions></trkpt>
      <trkpt lon="35.021145" lat="32.726698"><ele>259.588187</ele><time>2025-04-17T07:50:22Z</time><extensions><speed>0.686724</speed><course>74.164919</course><hAcc>2.615728</hAcc><vAcc>0.916954</vAcc></extensions></trkpt>
      <trkpt lon="35.021153" lat="32.726699"><ele>259.637642</ele><time>2025-04-17T07:50:23Z</time><extensions><speed>0.754848</speed><course>90.127645</course><hAcc>2.599689</hAcc><vAcc>0.936326</vAcc></extensions></trkpt>
      <trkpt lon="35.021162" lat="32.726697"><ele>259.750412</ele><time>2025-04-17T07:50:24Z</time><extensions><speed>0.959925</speed><course>106.922863</course><hAcc>2.583534</hAcc><vAcc>0.955358</vAcc></extensions></trkpt>
      <trkpt lon="35.021172" lat="32.726694"><ele>259.790463</ele><time>2025-04-17T07:50:25Z</time><extensions><speed>1.063777</speed><course>119.185409</course><hAcc>2.595168</hAcc><vAcc>0.972264</vAcc></extensions></trkpt>
      <trkpt lon="35.021182" lat="32.726688"><ele>259.853817</ele><time>2025-04-17T07:50:26Z</time><extensions><speed>1.176630</speed><course>134.015911</course><hAcc>2.625558</hAcc><vAcc>0.987404</vAcc></extensions></trkpt>
      <trkpt lon="35.021191" lat="32.726680"><ele>259.886494</ele><time>2025-04-17T07:50:27Z</time><extensions><speed>1.183394</speed><course>136.634398</course><hAcc>2.607851</hAcc><vAcc>1.002977</vAcc></extensions></trkpt>
      <trkpt lon="35.021199" lat="32.726673"><ele>260.004500</ele><time>2025-04-17T07:50:28Z</time><extensions><speed>1.065101</speed><course>136.289291</course><hAcc>2.552687</hAcc><vAcc>1.016375</vAcc></extensions></trkpt>
      <trkpt lon="35.021207" lat="32.726666"><ele>260.076376</ele><time>2025-04-17T07:50:29Z</time><extensions><speed>0.978880</speed><course>136.222825</course><hAcc>2.512608</hAcc><vAcc>1.030217</vAcc></extensions></trkpt>
      <trkpt lon="35.021215" lat="32.726660"><ele>260.140743</ele><time>2025-04-17T07:50:30Z</time><extensions><speed>1.027391</speed><course>133.730793</course><hAcc>2.486763</hAcc><vAcc>1.041319</vAcc></extensions></trkpt>
      <trkpt lon="35.021224" lat="32.726653"><ele>260.227298</ele><time>2025-04-17T07:50:31Z</time><extensions><speed>1.135152</speed><course>131.507235</course><hAcc>2.481753</hAcc><vAcc>1.050475</vAcc></extensions></trkpt>
      <trkpt lon="35.021234" lat="32.726647"><ele>260.267659</ele><time>2025-04-17T07:50:32Z</time><extensions><speed>1.191143</speed><course>130.755386</course><hAcc>2.506564</hAcc><vAcc>1.058124</vAcc></extensions></trkpt>
      <trkpt lon="35.021244" lat="32.726640"><ele>260.276042</ele><time>2025-04-17T07:50:33Z</time><extensions><speed>1.224104</speed><course>128.945716</course><hAcc>2.515058</hAcc><vAcc>1.065992</vAcc></extensions></trkpt>
      <trkpt lon="35.021254" lat="32.726634"><ele>260.326027</ele><time>2025-04-17T07:50:34Z</time><extensions><speed>1.198177</speed><course>125.037889</course><hAcc>2.478832</hAcc><vAcc>1.072533</vAcc></extensions></trkpt>
      <trkpt lon="35.021265" lat="32.726629"><ele>260.382401</ele><time>2025-04-17T07:50:35Z</time><extensions><speed>1.121176</speed><course>121.406578</course><hAcc>2.440237</hAcc><vAcc>1.077061</vAcc></extensions></trkpt>
      <trkpt lon="35.021275" lat="32.726624"><ele>260.457152</ele><time>2025-04-17T07:50:36Z</time><extensions><speed>1.082615</speed><course>120.090172</course><hAcc>2.431907</hAcc><vAcc>1.078449</vAcc></extensions></trkpt>
      <trkpt lon="35.021285" lat="32.726619"><ele>260.555350</ele><time>2025-04-17T07:50:37Z</time><extensions><speed>1.069475</speed><course>118.937632</course><hAcc>2.444880</hAcc><vAcc>1.082999</vAcc></extensions></trkpt>
      <trkpt lon="35.021296" lat="32.726615"><ele>260.596104</ele><time>2025-04-17T07:50:38Z</time><extensions><speed>1.112885</speed><course>115.338671</course><hAcc>2.459679</hAcc><vAcc>1.086867</vAcc></extensions></trkpt>
      <trkpt lon="35.021307" lat="32.726610"><ele>260.640887</ele><time>2025-04-17T07:50:39Z</time><extensions><speed>1.109899</speed><course>113.583853</course><hAcc>2.492425</hAcc><vAcc>1.092350</vAcc></extensions></trkpt>
      <trkpt lon="35.021318" lat="32.726607"><ele>260.689695</ele><time>2025-04-17T07:50:40Z</time><extensions><speed>1.150247</speed><course>105.506561</course><hAcc>2.482129</hAcc><vAcc>1.099815</vAcc></extensions></trkpt>
      <trkpt lon="35.021330" lat="32.726605"><ele>260.736078</ele><time>2025-04-17T07:50:41Z</time><extensions><speed>1.130308</speed><course>97.236589</course><hAcc>2.462566</hAcc><vAcc>1.107886</vAcc></extensions></trkpt>
      <trkpt lon="35.021342" lat="32.726604"><ele>260.758671</ele><time>2025-04-17T07:50:42Z</time><extensions><speed>1.097286</speed><course>87.909015</course><hAcc>2.458389</hAcc><vAcc>1.114218</vAcc></extensions></trkpt>
      <trkpt lon="35.021354" lat="32.726605"><ele>260.775844</ele><time>2025-04-17T07:50:43Z</time><extensions><speed>1.030588</speed><course>82.575028</course><hAcc>2.483217</hAcc><vAcc>1.115678</vAcc></extensions></trkpt>
      <trkpt lon="35.021365" lat="32.726606"><ele>260.857714</ele><time>2025-04-17T07:50:44Z</time><extensions><speed>1.037609</speed><course>82.768130</course><hAcc>2.500003</hAcc><vAcc>1.113995</vAcc></extensions></trkpt>
      <trkpt lon="35.021376" lat="32.726607"><ele>260.854560</ele><time>2025-04-17T07:50:45Z</time><extensions><speed>1.110454</speed><course>86.082302</course><hAcc>2.508482</hAcc><vAcc>1.109090</vAcc></extensions></trkpt>
      <trkpt lon="35.021388" lat="32.726608"><ele>260.868747</ele><time>2025-04-17T07:50:46Z</time><extensions><speed>1.111671</speed><course>88.748458</course><hAcc>2.531417</hAcc><vAcc>1.099948</vAcc></extensions></trkpt>
      <trkpt lon="35.021400" lat="32.726608"><ele>260.891266</ele><time>2025-04-17T07:50:47Z</time><extensions><speed>1.051593</speed><course>91.081396</course><hAcc>2.568591</hAcc><vAcc>1.091158</vAcc></extensions></trkpt>
      <trkpt lon="35.021410" lat="32.726608"><ele>260.986118</ele><time>2025-04-17T07:50:48Z</time><extensions><speed>0.905338</speed><course>91.822806</course><hAcc>2.590990</hAcc><vAcc>1.085385</vAcc></extensions></trkpt>
      <trkpt lon="35.021419" lat="32.726608"><ele>261.001687</ele><time>2025-04-17T07:50:49Z</time><extensions><speed>0.672690</speed><course>91.801745</course><hAcc>2.627901</hAcc><vAcc>1.080659</vAcc></extensions></trkpt>
      <trkpt lon="35.021425" lat="32.726608"><ele>261.059078</ele><time>2025-04-17T07:50:50Z</time><extensions><speed>0.394796</speed><course>87.325218</course><hAcc>2.674869</hAcc><vAcc>1.075937</vAcc></extensions></trkpt>
      <trkpt lon="35.021429" lat="32.726609"><ele>261.124285</ele><time>2025-04-17T07:50:51Z</time><extensions><speed>0.342928</speed><course>77.936129</course><hAcc>2.683526</hAcc><vAcc>1.070732</vAcc></extensions></trkpt>
      <trkpt lon="35.021433" lat="32.726610"><ele>261.187028</ele><time>2025-04-17T07:50:52Z</time><extensions><speed>0.474746</speed><course>71.538334</course><hAcc>2.653390</hAcc><vAcc>1.063241</vAcc></extensions></trkpt>
      <trkpt lon="35.021438" lat="32.726612"><ele>261.239381</ele><time>2025-04-17T07:50:53Z</time><extensions><speed>0.629982</speed><course>65.984807</course><hAcc>2.632791</hAcc><vAcc>1.054155</vAcc></extensions></trkpt>
      <trkpt lon="35.021445" lat="32.726614"><ele>261.286226</ele><time>2025-04-17T07:50:54Z</time><extensions><speed>0.758349</speed><course>59.763870</course><hAcc>2.636281</hAcc><vAcc>1.044170</vAcc></extensions></trkpt>
      <trkpt lon="35.021452" lat="32.726618"><ele>261.333506</ele><time>2025-04-17T07:50:55Z</time><extensions><speed>0.952607</speed><course>55.504149</course><hAcc>2.641021</hAcc><vAcc>1.034075</vAcc></extensions></trkpt>
      <trkpt lon="35.021461" lat="32.726623"><ele>261.387288</ele><time>2025-04-17T07:50:56Z</time><extensions><speed>1.086007</speed><course>55.768365</course><hAcc>2.639547</hAcc><vAcc>1.020288</vAcc></extensions></trkpt>
      <trkpt lon="35.021472" lat="32.726629"><ele>261.418600</ele><time>2025-04-17T07:50:57Z</time><extensions><speed>1.235501</speed><course>57.725634</course><hAcc>2.644703</hAcc><vAcc>1.006256</vAcc></extensions></trkpt>
      <trkpt lon="35.021483" lat="32.726635"><ele>261.437304</ele><time>2025-04-17T07:50:58Z</time><extensions><speed>1.303246</speed><course>59.849772</course><hAcc>2.671125</hAcc><vAcc>0.993996</vAcc></extensions></trkpt>
      <trkpt lon="35.021495" lat="32.726640"><ele>261.514156</ele><time>2025-04-17T07:50:59Z</time><extensions><speed>1.260260</speed><course>62.775250</course><hAcc>2.696464</hAcc><vAcc>0.982376</vAcc></extensions></trkpt>
      <trkpt lon="35.021506" lat="32.726645"><ele>261.533085</ele><time>2025-04-17T07:51:00Z</time><extensions><speed>1.073950</speed><course>69.329122</course><hAcc>2.689072</hAcc><vAcc>0.972966</vAcc></extensions></trkpt>
      <trkpt lon="35.021516" lat="32.726647"><ele>261.552489</ele><time>2025-04-17T07:51:01Z</time><extensions><speed>0.807812</speed><course>74.560052</course><hAcc>2.655573</hAcc><vAcc>0.964253</vAcc></extensions></trkpt>
      <trkpt lon="35.021523" lat="32.726648"><ele>261.564652</ele><time>2025-04-17T07:51:02Z</time><extensions><speed>0.630108</speed><course>88.093243</course><hAcc>2.626813</hAcc><vAcc>0.955242</vAcc></extensions></trkpt>
      <trkpt lon="35.021530" lat="32.726648"><ele>261.569647</ele><time>2025-04-17T07:51:03Z</time><extensions><speed>0.578570</speed><course>101.568973</course><hAcc>2.610513</hAcc><vAcc>0.946680</vAcc></extensions></trkpt>
      <trkpt lon="35.021536" lat="32.726647"><ele>261.549522</ele><time>2025-04-17T07:51:04Z</time><extensions><speed>0.567815</speed><course>109.643215</course><hAcc>2.615484</hAcc><vAcc>0.939003</vAcc></extensions></trkpt>
      <trkpt lon="35.021541" lat="32.726645"><ele>261.520605</ele><time>2025-04-17T07:51:05Z</time><extensions><speed>0.553527</speed><course>109.521225</course><hAcc>2.627451</hAcc><vAcc>0.933077</vAcc></extensions></trkpt>
      <trkpt lon="35.021547" lat="32.726643"><ele>261.488762</ele><time>2025-04-17T07:51:06Z</time><extensions><speed>0.499604</speed><course>108.056328</course><hAcc>2.634805</hAcc><vAcc>0.929821</vAcc></extensions></trkpt>
      <trkpt lon="35.021551" lat="32.726642"><ele>261.506161</ele><time>2025-04-17T07:51:07Z</time><extensions><speed>0.445849</speed><course>97.689685</course><hAcc>2.632358</hAcc><vAcc>0.929024</vAcc></extensions></trkpt>
      <trkpt lon="35.021557" lat="32.726642"><ele>261.441838</ele><time>2025-04-17T07:51:08Z</time><extensions><speed>0.509319</speed><course>83.816343</course><hAcc>2.625899</hAcc><vAcc>0.930420</vAcc></extensions></trkpt>
      <trkpt lon="35.021563" lat="32.726643"><ele>261.387382</ele><time>2025-04-17T07:51:09Z</time><extensions><speed>0.685568</speed><course>76.365155</course><hAcc>2.623163</hAcc><vAcc>0.933646</vAcc></extensions></trkpt>
      <trkpt lon="35.021570" lat="32.726645"><ele>261.311259</ele><time>2025-04-17T07:51:10Z</time><extensions><speed>0.787956</speed><course>73.860961</course><hAcc>2.627355</hAcc><vAcc>0.937907</vAcc></extensions></trkpt>
      <trkpt lon="35.021579" lat="32.726647"><ele>261.243752</ele><time>2025-04-17T07:51:11Z</time><extensions><speed>0.900852</speed><course>74.534022</course><hAcc>2.612774</hAcc><vAcc>0.944980</vAcc></extensions></trkpt>
      <trkpt lon="35.021589" lat="32.726649"><ele>261.202825</ele><time>2025-04-17T07:51:12Z</time><extensions><speed>1.029856</speed><course>75.450203</course><hAcc>2.580028</hAcc><vAcc>0.952884</vAcc></extensions></trkpt>
      <trkpt lon="35.021600" lat="32.726652"><ele>261.159004</ele><time>2025-04-17T07:51:13Z</time><extensions><speed>1.135755</speed><course>76.189500</course><hAcc>2.548280</hAcc><vAcc>0.959755</vAcc></extensions></trkpt>
      <trkpt lon="35.021613" lat="32.726654"><ele>261.049555</ele><time>2025-04-17T07:51:14Z</time><extensions><speed>1.217146</speed><course>77.141876</course><hAcc>2.524438</hAcc><vAcc>0.965810</vAcc></extensions></trkpt>
      <trkpt lon="35.021625" lat="32.726657"><ele>260.967534</ele><time>2025-04-17T07:51:15Z</time><extensions><speed>1.246397</speed><course>78.185240</course><hAcc>2.515797</hAcc><vAcc>0.972636</vAcc></extensions></trkpt>
      <trkpt lon="35.021638" lat="32.726659"><ele>260.885575</ele><time>2025-04-17T07:51:16Z</time><extensions><speed>1.224315</speed><course>78.943278</course><hAcc>2.521537</hAcc><vAcc>0.981047</vAcc></extensions></trkpt>
      <trkpt lon="35.021651" lat="32.726661"><ele>260.797589</ele><time>2025-04-17T07:51:17Z</time><extensions><speed>1.197288</speed><course>80.086765</course><hAcc>2.531294</hAcc><vAcc>0.988229</vAcc></extensions></trkpt>
      <trkpt lon="35.021663" lat="32.726662"><ele>260.694558</ele><time>2025-04-17T07:51:18Z</time><extensions><speed>1.040720</speed><course>81.552631</course><hAcc>2.539235</hAcc><vAcc>0.994749</vAcc></extensions></trkpt>
      <trkpt lon="35.021673" lat="32.726664"><ele>260.581605</ele><time>2025-04-17T07:51:19Z</time><extensions><speed>0.929121</speed><course>81.841389</course><hAcc>2.561761</hAcc><vAcc>1.003310</vAcc></extensions></trkpt>
      <trkpt lon="35.021682" lat="32.726665"><ele>260.487078</ele><time>2025-04-17T07:51:20Z</time><extensions><speed>0.788782</speed><course>80.495545</course><hAcc>2.599161</hAcc><vAcc>1.013410</vAcc></extensions></trkpt>
      <trkpt lon="35.021690" lat="32.726666"><ele>260.363416</ele><time>2025-04-17T07:51:21Z</time><extensions><speed>0.608110</speed><course>79.013477</course><hAcc>2.642707</hAcc><vAcc>1.024473</vAcc></extensions></trkpt>
      <trkpt lon="35.021696" lat="32.726667"><ele>260.237495</ele><time>2025-04-17T07:51:22Z</time><extensions><speed>0.596549</speed><course>76.818828</course><hAcc>2.669609</hAcc><vAcc>1.037555</vAcc></extensions></trkpt>
      <trkpt lon="35.021703" lat="32.726668"><ele>260.112440</ele><time>2025-04-17T07:51:23Z</time><extensions><speed>0.649818</speed><course>74.304597</course><hAcc>2.686598</hAcc><vAcc>1.052055</vAcc></extensions></trkpt>
      <trkpt lon="35.021710" lat="32.726670"><ele>259.993700</ele><time>2025-04-17T07:51:24Z</time><extensions><speed>0.741608</speed><course>71.467496</course><hAcc>2.701264</hAcc><vAcc>1.067846</vAcc></extensions></trkpt>
      <trkpt lon="35.021718" lat="32.726672"><ele>259.878592</ele><time>2025-04-17T07:51:25Z</time><extensions><speed>0.784117</speed><course>67.556140</course><hAcc>2.712129</hAcc><vAcc>1.085026</vAcc></extensions></trkpt>
      <trkpt lon="35.021726" lat="32.726675"><ele>259.765982</ele><time>2025-04-17T07:51:26Z</time><extensions><speed>0.819223</speed><course>66.806195</course><hAcc>2.706515</hAcc><vAcc>1.103567</vAcc></extensions></trkpt>
      <trkpt lon="35.021734" lat="32.726678"><ele>259.656536</ele><time>2025-04-17T07:51:27Z</time><extensions><speed>0.829124</speed><course>68.931470</course><hAcc>2.683259</hAcc><vAcc>1.121958</vAcc></extensions></trkpt>
      <trkpt lon="35.021742" lat="32.726680"><ele>259.551289</ele><time>2025-04-17T07:51:28Z</time><extensions><speed>0.860501</speed><course>70.734784</course><hAcc>2.663405</hAcc><vAcc>1.140370</vAcc></extensions></trkpt>
      <trkpt lon="35.021751" lat="32.726683"><ele>259.464802</ele><time>2025-04-17T07:51:29Z</time><extensions><speed>0.857280</speed><course>69.872879</course><hAcc>2.655471</hAcc><vAcc>1.154128</vAcc></extensions></trkpt>
      <trkpt lon="35.021759" lat="32.726685"><ele>259.384117</ele><time>2025-04-17T07:51:30Z</time><extensions><speed>0.733645</speed><course>71.760364</course><hAcc>2.620310</hAcc><vAcc>1.169588</vAcc></extensions></trkpt>
      <trkpt lon="35.021766" lat="32.726686"><ele>259.301296</ele><time>2025-04-17T07:51:31Z</time><extensions><speed>0.610375</speed><course>78.040827</course><hAcc>2.568163</hAcc><vAcc>1.182163</vAcc></extensions></trkpt>
      <trkpt lon="35.021771" lat="32.726687"><ele>259.249670</ele><time>2025-04-17T07:51:32Z</time><extensions><speed>0.431856</speed><course>88.374104</course><hAcc>2.531380</hAcc><vAcc>1.187370</vAcc></extensions></trkpt>
      <trkpt lon="35.021775" lat="32.726687"><ele>259.150858</ele><time>2025-04-17T07:51:33Z</time><extensions><speed>0.285248</speed><course>100.800386</course><hAcc>2.516313</hAcc><vAcc>1.185988</vAcc></extensions></trkpt>
      <trkpt lon="35.021777" lat="32.726686"><ele>259.145412</ele><time>2025-04-17T07:51:34Z</time><extensions><speed>0.152448</speed><course>119.800815</course><hAcc>2.540395</hAcc><vAcc>1.182187</vAcc></extensions></trkpt>
      <trkpt lon="35.021778" lat="32.726685"><ele>259.119313</ele><time>2025-04-17T07:51:35Z</time><extensions><speed>0.096331</speed><course>144.894693</course><hAcc>2.568741</hAcc><vAcc>1.184150</vAcc></extensions></trkpt>
      <trkpt lon="35.021778" lat="32.726684"><ele>259.058801</ele><time>2025-04-17T07:51:36Z</time><extensions><speed>0.077185</speed><course>166.818777</course><hAcc>2.592830</hAcc><vAcc>1.186573</vAcc></extensions></trkpt>
      <trkpt lon="35.021779" lat="32.726684"><ele>259.023420</ele><time>2025-04-17T07:51:37Z</time><extensions><speed>0.076422</speed><course>176.557279</course><hAcc>2.613988</hAcc><vAcc>1.189694</vAcc></extensions></trkpt>
      <trkpt lon="35.021779" lat="32.726683"><ele>259.041075</ele><time>2025-04-17T07:51:38Z</time><extensions><speed>0.082160</speed><course>172.194147</course><hAcc>2.627828</hAcc><vAcc>1.192854</vAcc></extensions></trkpt>
      <trkpt lon="35.021780" lat="32.726682"><ele>259.000506</ele><time>2025-04-17T07:51:39Z</time><extensions><speed>0.110228</speed><course>149.769816</course><hAcc>2.633204</hAcc><vAcc>1.195316</vAcc></extensions></trkpt>
      <trkpt lon="35.021781" lat="32.726681"><ele>258.992489</ele><time>2025-04-17T07:51:40Z</time><extensions><speed>0.158271</speed><course>121.194962</course><hAcc>2.660390</hAcc><vAcc>1.197588</vAcc></extensions></trkpt>
      <trkpt lon="35.021784" lat="32.726681"><ele>258.944259</ele><time>2025-04-17T07:51:41Z</time><extensions><speed>0.328037</speed><course>100.772462</course><hAcc>2.672156</hAcc><vAcc>1.201922</vAcc></extensions></trkpt>
      <trkpt lon="35.021788" lat="32.726681"><ele>258.884709</ele><time>2025-04-17T07:51:42Z</time><extensions><speed>0.526330</speed><course>92.619873</course><hAcc>2.698255</hAcc><vAcc>1.208024</vAcc></extensions></trkpt>
      <trkpt lon="35.021795" lat="32.726681"><ele>258.673412</ele><time>2025-04-17T07:51:43Z</time><extensions><speed>0.758520</speed><course>88.255657</course><hAcc>2.731767</hAcc><vAcc>1.214499</vAcc></extensions></trkpt>
      <trkpt lon="35.021804" lat="32.726681"><ele>258.477330</ele><time>2025-04-17T07:51:44Z</time><extensions><speed>0.975843</speed><course>86.222738</course><hAcc>2.762028</hAcc><vAcc>1.220846</vAcc></extensions></trkpt>
      <trkpt lon="35.021815" lat="32.726682"><ele>258.296366</ele><time>2025-04-17T07:51:45Z</time><extensions><speed>1.085285</speed><course>83.044439</course><hAcc>2.786793</hAcc><vAcc>1.229084</vAcc></extensions></trkpt>
      <trkpt lon="35.021828" lat="32.726684"><ele>258.090552</ele><time>2025-04-17T07:51:46Z</time><extensions><speed>1.171915</speed><course>78.867063</course><hAcc>2.795780</hAcc><vAcc>1.238883</vAcc></extensions></trkpt>
      <trkpt lon="35.021841" lat="32.726686"><ele>257.917663</ele><time>2025-04-17T07:51:47Z</time><extensions><speed>1.282591</speed><course>79.646357</course><hAcc>2.771366</hAcc><vAcc>1.249096</vAcc></extensions></trkpt>
      <trkpt lon="35.021855" lat="32.726689"><ele>257.775337</ele><time>2025-04-17T07:51:48Z</time><extensions><speed>1.366661</speed><course>78.505607</course><hAcc>2.744472</hAcc><vAcc>1.258268</vAcc></extensions></trkpt>
      <trkpt lon="35.021869" lat="32.726691"><ele>257.625964</ele><time>2025-04-17T07:51:49Z</time><extensions><speed>1.311025</speed><course>75.952869</course><hAcc>2.714089</hAcc><vAcc>1.264958</vAcc></extensions></trkpt>
      <trkpt lon="35.021883" lat="32.726695"><ele>257.613616</ele><time>2025-04-17T07:51:50Z</time><extensions><speed>1.168784</speed><course>71.270636</course><hAcc>2.692055</hAcc><vAcc>1.267474</vAcc></extensions></trkpt>
      <trkpt lon="35.021894" lat="32.726698"><ele>257.640416</ele><time>2025-04-17T07:51:51Z</time><extensions><speed>0.956688</speed><course>67.878162</course><hAcc>2.693018</hAcc><vAcc>1.273644</vAcc></extensions></trkpt>
      <trkpt lon="35.021902" lat="32.726701"><ele>257.666589</ele><time>2025-04-17T07:51:52Z</time><extensions><speed>0.749556</speed><course>65.593835</course><hAcc>2.659559</hAcc><vAcc>1.277697</vAcc></extensions></trkpt>
      <trkpt lon="35.021909" lat="32.726703"><ele>257.666157</ele><time>2025-04-17T07:51:53Z</time><extensions><speed>0.565499</speed><course>65.363576</course><hAcc>2.644154</hAcc><vAcc>1.282578</vAcc></extensions></trkpt>
      <trkpt lon="35.021914" lat="32.726705"><ele>257.644567</ele><time>2025-04-17T07:51:54Z</time><extensions><speed>0.531942</speed><course>66.759629</course><hAcc>2.657697</hAcc><vAcc>1.285251</vAcc></extensions></trkpt>
      <trkpt lon="35.021920" lat="32.726708"><ele>257.672528</ele><time>2025-04-17T07:51:55Z</time><extensions><speed>0.703548</speed><course>68.094300</course><hAcc>2.664538</hAcc><vAcc>1.286318</vAcc></extensions></trkpt>
      <trkpt lon="35.021928" lat="32.726710"><ele>257.675646</ele><time>2025-04-17T07:51:56Z</time><extensions><speed>0.857702</speed><course>66.736937</course><hAcc>2.643964</hAcc><vAcc>1.285652</vAcc></extensions></trkpt>
      <trkpt lon="35.021936" lat="32.726713"><ele>257.699053</ele><time>2025-04-17T07:51:57Z</time><extensions><speed>0.922020</speed><course>66.894591</course><hAcc>2.627567</hAcc><vAcc>1.280510</vAcc></extensions></trkpt>
      <trkpt lon="35.021946" lat="32.726717"><ele>257.724694</ele><time>2025-04-17T07:51:58Z</time><extensions><speed>1.012719</speed><course>67.530353</course><hAcc>2.618662</hAcc><vAcc>1.276590</vAcc></extensions></trkpt>
      <trkpt lon="35.021956" lat="32.726720"><ele>257.734990</ele><time>2025-04-17T07:51:59Z</time><extensions><speed>1.044508</speed><course>67.661115</course><hAcc>2.618992</hAcc><vAcc>1.271702</vAcc></extensions></trkpt>
      <trkpt lon="35.021966" lat="32.726724"><ele>257.733147</ele><time>2025-04-17T07:52:00Z</time><extensions><speed>1.092975</speed><course>67.776630</course><hAcc>2.617838</hAcc><vAcc>1.266404</vAcc></extensions></trkpt>
      <trkpt lon="35.021977" lat="32.726728"><ele>257.800584</ele><time>2025-04-17T07:52:01Z</time><extensions><speed>1.019316</speed><course>67.581115</course><hAcc>2.621791</hAcc><vAcc>1.260862</vAcc></extensions></trkpt>
      <trkpt lon="35.021986" lat="32.726731"><ele>257.836210</ele><time>2025-04-17T07:52:02Z</time><extensions><speed>0.916857</speed><course>65.233671</course><hAcc>2.618792</hAcc><vAcc>1.252870</vAcc></extensions></trkpt>
      <trkpt lon="35.021994" lat="32.726735"><ele>257.878660</ele><time>2025-04-17T07:52:03Z</time><extensions><speed>0.725503</speed><course>62.820337</course><hAcc>2.609732</hAcc><vAcc>1.245410</vAcc></extensions></trkpt>
      <trkpt lon="35.022000" lat="32.726737"><ele>257.932447</ele><time>2025-04-17T07:52:04Z</time><extensions><speed>0.569865</speed><course>59.365315</course><hAcc>2.601424</hAcc><vAcc>1.235795</vAcc></extensions></trkpt>
      <trkpt lon="35.022005" lat="32.726740"><ele>257.961984</ele><time>2025-04-17T07:52:05Z</time><extensions><speed>0.500325</speed><course>53.635030</course><hAcc>2.584672</hAcc><vAcc>1.224595</vAcc></extensions></trkpt>
      <trkpt lon="35.022009" lat="32.726743"><ele>258.007406</ele><time>2025-04-17T07:52:06Z</time><extensions><speed>0.477851</speed><course>47.831316</course><hAcc>2.561281</hAcc><vAcc>1.213543</vAcc></extensions></trkpt>
      <trkpt lon="35.022013" lat="32.726746"><ele>258.068403</ele><time>2025-04-17T07:52:07Z</time><extensions><speed>0.579919</speed><course>47.700180</course><hAcc>2.547575</hAcc><vAcc>1.198889</vAcc></extensions></trkpt>
      <trkpt lon="35.022018" lat="32.726750"><ele>258.082074</ele><time>2025-04-17T07:52:08Z</time><extensions><speed>0.705831</speed><course>48.585901</course><hAcc>2.552774</hAcc><vAcc>1.182972</vAcc></extensions></trkpt>
      <trkpt lon="35.022024" lat="32.726754"><ele>258.195285</ele><time>2025-04-17T07:52:09Z</time><extensions><speed>0.736040</speed><course>48.007740</course><hAcc>2.565185</hAcc><vAcc>1.167497</vAcc></extensions></trkpt>
      <trkpt lon="35.022030" lat="32.726758"><ele>258.260053</ele><time>2025-04-17T07:52:10Z</time><extensions><speed>0.755685</speed><course>46.339686</course><hAcc>2.564385</hAcc><vAcc>1.150818</vAcc></extensions></trkpt>
      <trkpt lon="35.022036" lat="32.726763"><ele>258.337412</ele><time>2025-04-17T07:52:11Z</time><extensions><speed>0.731542</speed><course>46.890505</course><hAcc>2.570570</hAcc><vAcc>1.133759</vAcc></extensions></trkpt>
      <trkpt lon="35.022041" lat="32.726767"><ele>258.439874</ele><time>2025-04-17T07:52:12Z</time><extensions><speed>0.662548</speed><course>49.450655</course><hAcc>2.590476</hAcc><vAcc>1.117697</vAcc></extensions></trkpt>
      <trkpt lon="35.022047" lat="32.726770"><ele>258.561496</ele><time>2025-04-17T07:52:13Z</time><extensions><speed>0.587627</speed><course>55.087674</course><hAcc>2.605633</hAcc><vAcc>1.103304</vAcc></extensions></trkpt>
      <trkpt lon="35.022052" lat="32.726773"><ele>258.604339</ele><time>2025-04-17T07:52:14Z</time><extensions><speed>0.565077</speed><course>64.838430</course><hAcc>2.595649</hAcc><vAcc>1.088172</vAcc></extensions></trkpt>
      <trkpt lon="35.022058" lat="32.726774"><ele>258.694745</ele><time>2025-04-17T07:52:15Z</time><extensions><speed>0.560204</speed><course>77.732911</course><hAcc>2.588273</hAcc><vAcc>1.073524</vAcc></extensions></trkpt>
      <trkpt lon="35.022064" lat="32.726775"><ele>258.772763</ele><time>2025-04-17T07:52:16Z</time><extensions><speed>0.608763</speed><course>90.578381</course><hAcc>2.590527</hAcc><vAcc>1.060412</vAcc></extensions></trkpt>
      <trkpt lon="35.022072" lat="32.726774"><ele>258.866462</ele><time>2025-04-17T07:52:17Z</time><extensions><speed>0.758239</speed><course>96.029442</course><hAcc>2.595700</hAcc><vAcc>1.049385</vAcc></extensions></trkpt>
      <trkpt lon="35.022081" lat="32.726773"><ele>258.964664</ele><time>2025-04-17T07:52:18Z</time><extensions><speed>0.916014</speed><course>99.301644</course><hAcc>2.613621</hAcc><vAcc>1.038425</vAcc></extensions></trkpt>
      <trkpt lon="35.022091" lat="32.726771"><ele>259.091429</ele><time>2025-04-17T07:52:19Z</time><extensions><speed>1.045430</speed><course>103.955092</course><hAcc>2.630315</hAcc><vAcc>1.028616</vAcc></extensions></trkpt>
      <trkpt lon="35.022102" lat="32.726768"><ele>259.133321</ele><time>2025-04-17T07:52:20Z</time><extensions><speed>1.008751</speed><course>114.764714</course><hAcc>2.618437</hAcc><vAcc>1.019498</vAcc></extensions></trkpt>
      <trkpt lon="35.022111" lat="32.726764"><ele>259.237877</ele><time>2025-04-17T07:52:21Z</time><extensions><speed>1.031844</speed><course>118.696725</course><hAcc>2.600954</hAcc><vAcc>1.013113</vAcc></extensions></trkpt>
      <trkpt lon="35.022121" lat="32.726759"><ele>259.339475</ele><time>2025-04-17T07:52:22Z</time><extensions><speed>1.080065</speed><course>119.484465</course><hAcc>2.603669</hAcc><vAcc>1.009405</vAcc></extensions></trkpt>
      <trkpt lon="35.022132" lat="32.726755"><ele>259.456742</ele><time>2025-04-17T07:52:23Z</time><extensions><speed>1.137327</speed><course>118.359168</course><hAcc>2.623577</hAcc><vAcc>1.009556</vAcc></extensions></trkpt>
      <trkpt lon="35.022143" lat="32.726750"><ele>259.570497</ele><time>2025-04-17T07:52:24Z</time><extensions><speed>1.198709</speed><course>118.294178</course><hAcc>2.640503</hAcc><vAcc>1.013148</vAcc></extensions></trkpt>
      <trkpt lon="35.022154" lat="32.726745"><ele>259.656195</ele><time>2025-04-17T07:52:25Z</time><extensions><speed>1.255743</speed><course>117.101998</course><hAcc>2.650356</hAcc><vAcc>1.018717</vAcc></extensions></trkpt>
      <trkpt lon="35.022167" lat="32.726740"><ele>259.804776</ele><time>2025-04-17T07:52:26Z</time><extensions><speed>1.282915</speed><course>113.362369</course><hAcc>2.653478</hAcc><vAcc>1.025489</vAcc></extensions></trkpt>
      <trkpt lon="35.022179" lat="32.726737"><ele>259.847771</ele><time>2025-04-17T07:52:27Z</time><extensions><speed>1.238374</speed><course>108.051646</course><hAcc>2.650756</hAcc><vAcc>1.033498</vAcc></extensions></trkpt>
      <trkpt lon="35.022191" lat="32.726734"><ele>259.912463</ele><time>2025-04-17T07:52:28Z</time><extensions><speed>1.118254</speed><course>101.770140</course><hAcc>2.639970</hAcc><vAcc>1.044465</vAcc></extensions></trkpt>
      <trkpt lon="35.022203" lat="32.726733"><ele>259.980546</ele><time>2025-04-17T07:52:29Z</time><extensions><speed>0.999661</speed><course>93.030286</course><hAcc>2.623035</hAcc><vAcc>1.055523</vAcc></extensions></trkpt>
      <trkpt lon="35.022213" lat="32.726733"><ele>260.090693</ele><time>2025-04-17T07:52:30Z</time><extensions><speed>0.945460</speed><course>85.718360</course><hAcc>2.606412</hAcc><vAcc>1.066176</vAcc></extensions></trkpt>
      <trkpt lon="35.022223" lat="32.726734"><ele>260.132339</ele><time>2025-04-17T07:52:31Z</time><extensions><speed>0.913790</speed><course>79.137916</course><hAcc>2.606190</hAcc><vAcc>1.078028</vAcc></extensions></trkpt>
      <trkpt lon="35.022232" lat="32.726736"><ele>260.199854</ele><time>2025-04-17T07:52:32Z</time><extensions><speed>0.851688</speed><course>69.537536</course><hAcc>2.616014</hAcc><vAcc>1.092531</vAcc></extensions></trkpt>
      <trkpt lon="35.022240" lat="32.726739"><ele>260.338763</ele><time>2025-04-17T07:52:33Z</time><extensions><speed>0.808144</speed><course>61.796103</course><hAcc>2.613019</hAcc><vAcc>1.104911</vAcc></extensions></trkpt>
      <trkpt lon="35.022248" lat="32.726742"><ele>260.404443</ele><time>2025-04-17T07:52:34Z</time><extensions><speed>0.844947</speed><course>61.307646</course><hAcc>2.593934</hAcc><vAcc>1.116462</vAcc></extensions></trkpt>
      <trkpt lon="35.022256" lat="32.726746"><ele>260.476084</ele><time>2025-04-17T07:52:35Z</time><extensions><speed>0.863972</speed><course>62.900925</course><hAcc>2.568633</hAcc><vAcc>1.127153</vAcc></extensions></trkpt>
      <trkpt lon="35.022265" lat="32.726750"><ele>260.560680</ele><time>2025-04-17T07:52:36Z</time><extensions><speed>0.869684</speed><course>65.925814</course><hAcc>2.552807</hAcc><vAcc>1.137127</vAcc></extensions></trkpt>
      <trkpt lon="35.022273" lat="32.726753"><ele>260.604555</ele><time>2025-04-17T07:52:37Z</time><extensions><speed>0.810645</speed><course>70.407367</course><hAcc>2.550132</hAcc><vAcc>1.144345</vAcc></extensions></trkpt>
      <trkpt lon="35.022281" lat="32.726755"><ele>260.609209</ele><time>2025-04-17T07:52:38Z</time><extensions><speed>0.754462</speed><course>77.485266</course><hAcc>2.546773</hAcc><vAcc>1.148714</vAcc></extensions></trkpt>
      <trkpt lon="35.022289" lat="32.726756"><ele>260.661835</ele><time>2025-04-17T07:52:39Z</time><extensions><speed>0.761475</speed><course>81.201662</course><hAcc>2.536994</hAcc><vAcc>1.155949</vAcc></extensions></trkpt>
      <trkpt lon="35.022297" lat="32.726757"><ele>260.741339</ele><time>2025-04-17T07:52:40Z</time><extensions><speed>0.773847</speed><course>81.229925</course><hAcc>2.522522</hAcc><vAcc>1.161650</vAcc></extensions></trkpt>
      <trkpt lon="35.022306" lat="32.726758"><ele>260.822727</ele><time>2025-04-17T07:52:41Z</time><extensions><speed>0.852667</speed><course>79.781513</course><hAcc>2.514238</hAcc><vAcc>1.165471</vAcc></extensions></trkpt>
      <trkpt lon="35.022315" lat="32.726760"><ele>260.890200</ele><time>2025-04-17T07:52:42Z</time><extensions><speed>0.895375</speed><course>77.131688</course><hAcc>2.516677</hAcc><vAcc>1.167669</vAcc></extensions></trkpt>
      <trkpt lon="35.022324" lat="32.726762"><ele>260.984471</ele><time>2025-04-17T07:52:43Z</time><extensions><speed>0.930057</speed><course>73.219843</course><hAcc>2.510686</hAcc><vAcc>1.166412</vAcc></extensions></trkpt>
      <trkpt lon="35.022333" lat="32.726764"><ele>261.103177</ele><time>2025-04-17T07:52:44Z</time><extensions><speed>0.951010</speed><course>70.704184</course><hAcc>2.508077</hAcc><vAcc>1.166186</vAcc></extensions></trkpt>
      <trkpt lon="35.022343" lat="32.726767"><ele>261.186447</ele><time>2025-04-17T07:52:45Z</time><extensions><speed>0.942655</speed><course>69.767118</course><hAcc>2.516383</hAcc><vAcc>1.162746</vAcc></extensions></trkpt>
      <trkpt lon="35.022352" lat="32.726770"><ele>261.297143</ele><time>2025-04-17T07:52:46Z</time><extensions><speed>0.919734</speed><course>71.439145</course><hAcc>2.517580</hAcc><vAcc>1.156650</vAcc></extensions></trkpt>
      <trkpt lon="35.022361" lat="32.726773"><ele>261.345450</ele><time>2025-04-17T07:52:47Z</time><extensions><speed>0.836097</speed><course>75.385213</course><hAcc>2.519206</hAcc><vAcc>1.151790</vAcc></extensions></trkpt>
      <trkpt lon="35.022369" lat="32.726774"><ele>261.431470</ele><time>2025-04-17T07:52:48Z</time><extensions><speed>0.710155</speed><course>79.828197</course><hAcc>2.547987</hAcc><vAcc>1.147850</vAcc></extensions></trkpt>
      <trkpt lon="35.022376" lat="32.726775"><ele>261.531359</ele><time>2025-04-17T07:52:49Z</time><extensions><speed>0.600419</speed><course>79.796034</course><hAcc>2.590940</hAcc><vAcc>1.142352</vAcc></extensions></trkpt>
      <trkpt lon="35.022382" lat="32.726776"><ele>261.658668</ele><time>2025-04-17T07:52:50Z</time><extensions><speed>0.527120</speed><course>78.351207</course><hAcc>2.583729</hAcc><vAcc>1.134739</vAcc></extensions></trkpt>
      <trkpt lon="35.022388" lat="32.726777"><ele>261.743522</ele><time>2025-04-17T07:52:51Z</time><extensions><speed>0.497355</speed><course>74.013735</course><hAcc>2.569733</hAcc><vAcc>1.126678</vAcc></extensions></trkpt>
      <trkpt lon="35.022393" lat="32.726779"><ele>261.862327</ele><time>2025-04-17T07:52:52Z</time><extensions><speed>0.476996</speed><course>67.709185</course><hAcc>2.562181</hAcc><vAcc>1.117749</vAcc></extensions></trkpt>
      <trkpt lon="35.022398" lat="32.726781"><ele>261.944854</ele><time>2025-04-17T07:52:53Z</time><extensions><speed>0.557055</speed><course>65.178003</course><hAcc>2.555255</hAcc><vAcc>1.109130</vAcc></extensions></trkpt>
      <trkpt lon="35.022404" lat="32.726783"><ele>262.071244</ele><time>2025-04-17T07:52:54Z</time><extensions><speed>0.694420</speed><course>64.925073</course><hAcc>2.554903</hAcc><vAcc>1.102108</vAcc></extensions></trkpt>
      <trkpt lon="35.022412" lat="32.726786"><ele>262.201892</ele><time>2025-04-17T07:52:55Z</time><extensions><speed>0.828546</speed><course>64.424207</course><hAcc>2.568246</hAcc><vAcc>1.096142</vAcc></extensions></trkpt>
      <trkpt lon="35.022420" lat="32.726789"><ele>262.338291</ele><time>2025-04-17T07:52:56Z</time><extensions><speed>0.964301</speed><course>64.082344</course><hAcc>2.605593</hAcc><vAcc>1.092408</vAcc></extensions></trkpt>
      <trkpt lon="35.022430" lat="32.726793"><ele>262.479908</ele><time>2025-04-17T07:52:57Z</time><extensions><speed>1.098404</speed><course>63.374379</course><hAcc>2.647472</hAcc><vAcc>1.089559</vAcc></extensions></trkpt>
      <trkpt lon="35.022441" lat="32.726798"><ele>262.640806</ele><time>2025-04-17T07:52:58Z</time><extensions><speed>1.158281</speed><course>61.929794</course><hAcc>2.634952</hAcc><vAcc>1.088487</vAcc></extensions></trkpt>
      <trkpt lon="35.022452" lat="32.726803"><ele>262.744132</ele><time>2025-04-17T07:52:59Z</time><extensions><speed>1.187015</speed><course>64.542864</course><hAcc>2.607022</hAcc><vAcc>1.089649</vAcc></extensions></trkpt>
      <trkpt lon="35.022463" lat="32.726807"><ele>262.906280</ele><time>2025-04-17T07:53:00Z</time><extensions><speed>1.135075</speed><course>68.664254</course><hAcc>2.596525</hAcc><vAcc>1.090678</vAcc></extensions></trkpt>
      <trkpt lon="35.022474" lat="32.726810"><ele>263.057970</ele><time>2025-04-17T07:53:01Z</time><extensions><speed>1.004039</speed><course>74.154915</course><hAcc>2.610931</hAcc><vAcc>1.092263</vAcc></extensions></trkpt>
      <trkpt lon="35.022484" lat="32.726812"><ele>263.228667</ele><time>2025-04-17T07:53:02Z</time><extensions><speed>0.853087</speed><course>80.438095</course><hAcc>2.637863</hAcc><vAcc>1.092515</vAcc></extensions></trkpt>
      <trkpt lon="35.022492" lat="32.726813"><ele>263.400246</ele><time>2025-04-17T07:53:03Z</time><extensions><speed>0.613842</speed><course>92.027690</course><hAcc>2.672083</hAcc><vAcc>1.094637</vAcc></extensions></trkpt>
      <trkpt lon="35.022497" lat="32.726812"><ele>263.580237</ele><time>2025-04-17T07:53:04Z</time><extensions><speed>0.419810</speed><course>104.053307</course><hAcc>2.698421</hAcc><vAcc>1.096100</vAcc></extensions></trkpt>
      <trkpt lon="35.022501" lat="32.726811"><ele>263.750638</ele><time>2025-04-17T07:53:05Z</time><extensions><speed>0.314292</speed><course>110.472677</course><hAcc>2.711043</hAcc><vAcc>1.094185</vAcc></extensions></trkpt>
      <trkpt lon="35.022503" lat="32.726810"><ele>263.920547</ele><time>2025-04-17T07:53:06Z</time><extensions><speed>0.220318</speed><course>107.807710</course><hAcc>2.721738</hAcc><vAcc>1.092444</vAcc></extensions></trkpt>
      <trkpt lon="35.022506" lat="32.726809"><ele>264.111638</ele><time>2025-04-17T07:53:07Z</time><extensions><speed>0.202833</speed><course>90.800295</course><hAcc>2.718422</hAcc><vAcc>1.091550</vAcc></extensions></trkpt>
      <trkpt lon="35.022508" lat="32.726809"><ele>264.272459</ele><time>2025-04-17T07:53:08Z</time><extensions><speed>0.257226</speed><course>73.171089</course><hAcc>2.709788</hAcc><vAcc>1.085251</vAcc></extensions></trkpt>
      <trkpt lon="35.022511" lat="32.726810"><ele>264.375871</ele><time>2025-04-17T07:53:09Z</time><extensions><speed>0.332470</speed><course>63.876714</course><hAcc>2.708522</hAcc><vAcc>1.077403</vAcc></extensions></trkpt>
      <trkpt lon="35.022515" lat="32.726812"><ele>264.491573</ele><time>2025-04-17T07:53:10Z</time><extensions><speed>0.513068</speed><course>62.984447</course><hAcc>2.699370</hAcc><vAcc>1.068690</vAcc></extensions></trkpt>
      <trkpt lon="35.022520" lat="32.726814"><ele>264.602301</ele><time>2025-04-17T07:53:11Z</time><extensions><speed>0.575115</speed><course>67.888467</course><hAcc>2.697084</hAcc><vAcc>1.058914</vAcc></extensions></trkpt>
      <trkpt lon="35.022526" lat="32.726815"><ele>264.669001</ele><time>2025-04-17T07:53:12Z</time><extensions><speed>0.543743</speed><course>77.143048</course><hAcc>2.701226</hAcc><vAcc>1.048126</vAcc></extensions></trkpt>
      <trkpt lon="35.022531" lat="32.726816"><ele>264.762761</ele><time>2025-04-17T07:53:13Z</time><extensions><speed>0.488052</speed><course>94.178386</course><hAcc>2.703782</hAcc><vAcc>1.036463</vAcc></extensions></trkpt>
      <trkpt lon="35.022536" lat="32.726815"><ele>264.838104</ele><time>2025-04-17T07:53:14Z</time><extensions><speed>0.428073</speed><course>110.287534</course><hAcc>2.696606</hAcc><vAcc>1.026941</vAcc></extensions></trkpt>
      <trkpt lon="35.022540" lat="32.726813"><ele>264.918067</ele><time>2025-04-17T07:53:15Z</time><extensions><speed>0.416527</speed><course>115.603111</course><hAcc>2.702169</hAcc><vAcc>1.017463</vAcc></extensions></trkpt>
      <trkpt lon="35.022544" lat="32.726812"><ele>264.977944</ele><time>2025-04-17T07:53:16Z</time><extensions><speed>0.382456</speed><course>115.223665</course><hAcc>2.738729</hAcc><vAcc>1.008069</vAcc></extensions></trkpt>
      <trkpt lon="35.022548" lat="32.726811"><ele>265.042843</ele><time>2025-04-17T07:53:17Z</time><extensions><speed>0.360670</speed><course>107.656066</course><hAcc>2.788891</hAcc><vAcc>1.001281</vAcc></extensions></trkpt>
      <trkpt lon="35.022552" lat="32.726810"><ele>265.117871</ele><time>2025-04-17T07:53:18Z</time><extensions><speed>0.374252</speed><course>94.485391</course><hAcc>2.835331</hAcc><vAcc>0.996526</vAcc></extensions></trkpt>
      <trkpt lon="35.022556" lat="32.726811"><ele>265.149496</ele><time>2025-04-17T07:53:19Z</time><extensions><speed>0.460706</speed><course>79.645099</course><hAcc>2.874883</hAcc><vAcc>0.996124</vAcc></extensions></trkpt>
      <trkpt lon="35.022561" lat="32.726812"><ele>265.204569</ele><time>2025-04-17T07:53:20Z</time><extensions><speed>0.574651</speed><course>68.626537</course><hAcc>2.902312</hAcc><vAcc>0.998652</vAcc></extensions></trkpt>
      <trkpt lon="35.022567" lat="32.726814"><ele>265.253859</ele><time>2025-04-17T07:53:21Z</time><extensions><speed>0.718986</speed><course>61.095126</course><hAcc>2.904154</hAcc><vAcc>1.003557</vAcc></extensions></trkpt>
      <trkpt lon="35.022574" lat="32.726817"><ele>265.294193</ele><time>2025-04-17T07:53:22Z</time><extensions><speed>0.810089</speed><course>55.255732</course><hAcc>2.877885</hAcc><vAcc>1.011445</vAcc></extensions></trkpt>
      <trkpt lon="35.022581" lat="32.726821"><ele>265.318474</ele><time>2025-04-17T07:53:23Z</time><extensions><speed>0.854046</speed><course>50.768272</course><hAcc>2.840109</hAcc><vAcc>1.021837</vAcc></extensions></trkpt>
      <trkpt lon="35.022588" lat="32.726826"><ele>265.367011</ele><time>2025-04-17T07:53:24Z</time><extensions><speed>0.745177</speed><course>49.318372</course><hAcc>2.811596</hAcc><vAcc>1.032717</vAcc></extensions></trkpt>
      <trkpt lon="35.022593" lat="32.726829"><ele>265.424424</ele><time>2025-04-17T07:53:25Z</time><extensions><speed>0.620668</speed><course>56.403678</course><hAcc>2.775331</hAcc><vAcc>1.042854</vAcc></extensions></trkpt>
      <trkpt lon="35.022599" lat="32.726831"><ele>265.477893</ele><time>2025-04-17T07:53:26Z</time><extensions><speed>0.522104</speed><course>74.718683</course><hAcc>2.750739</hAcc><vAcc>1.051718</vAcc></extensions></trkpt>
      <trkpt lon="35.022604" lat="32.726831"><ele>265.534678</ele><time>2025-04-17T07:53:27Z</time><extensions><speed>0.531093</speed><course>95.805028</course><hAcc>2.763309</hAcc><vAcc>1.059513</vAcc></extensions></trkpt>
      <trkpt lon="35.022610" lat="32.726829"><ele>265.589166</ele><time>2025-04-17T07:53:28Z</time><extensions><speed>0.588215</speed><course>119.359907</course><hAcc>2.794570</hAcc><vAcc>1.066396</vAcc></extensions></trkpt>
      <trkpt lon="35.022615" lat="32.726826"><ele>265.633891</ele><time>2025-04-17T07:53:29Z</time><extensions><speed>0.692429</speed><course>139.735883</course><hAcc>2.829779</hAcc><vAcc>1.073233</vAcc></extensions></trkpt>
      <trkpt lon="35.022619" lat="32.726820"><ele>265.698638</ele><time>2025-04-17T07:53:30Z</time><extensions><speed>0.730060</speed><course>150.804340</course><hAcc>2.841712</hAcc><vAcc>1.079296</vAcc></extensions></trkpt>
      <trkpt lon="35.022622" lat="32.726814"><ele>265.746826</ele><time>2025-04-17T07:53:31Z</time><extensions><speed>0.741498</speed><course>159.663709</course><hAcc>2.852809</hAcc><vAcc>1.087196</vAcc></extensions></trkpt>
      <trkpt lon="35.022625" lat="32.726808"><ele>265.792710</ele><time>2025-04-17T07:53:32Z</time><extensions><speed>0.703908</speed><course>162.548698</course><hAcc>2.886174</hAcc><vAcc>1.095964</vAcc></extensions></trkpt>
      <trkpt lon="35.022627" lat="32.726802"><ele>265.828702</ele><time>2025-04-17T07:53:33Z</time><extensions><speed>0.665928</speed><course>159.973639</course><hAcc>2.925246</hAcc><vAcc>1.107791</vAcc></extensions></trkpt>
      <trkpt lon="35.022630" lat="32.726797"><ele>265.804018</ele><time>2025-04-17T07:53:34Z</time><extensions><speed>0.659013</speed><course>154.504226</course><hAcc>2.953104</hAcc><vAcc>1.117809</vAcc></extensions></trkpt>
      <trkpt lon="35.022634" lat="32.726791"><ele>265.832536</ele><time>2025-04-17T07:53:35Z</time><extensions><speed>0.634138</speed><course>147.731163</course><hAcc>2.977240</hAcc><vAcc>1.126772</vAcc></extensions></trkpt>
      <trkpt lon="35.022638" lat="32.726787"><ele>265.887264</ele><time>2025-04-17T07:53:36Z</time><extensions><speed>0.618557</speed><course>137.494238</course><hAcc>2.999111</hAcc><vAcc>1.138731</vAcc></extensions></trkpt>
      <trkpt lon="35.022644" lat="32.726783"><ele>265.900845</ele><time>2025-04-17T07:53:37Z</time><extensions><speed>0.649098</speed><course>125.378310</course><hAcc>3.015015</hAcc><vAcc>1.151817</vAcc></extensions></trkpt>
      <trkpt lon="35.022650" lat="32.726780"><ele>265.897765</ele><time>2025-04-17T07:53:38Z</time><extensions><speed>0.690791</speed><course>115.938114</course><hAcc>3.024696</hAcc><vAcc>1.165165</vAcc></extensions></trkpt>
      <trkpt lon="35.022658" lat="32.726778"><ele>265.904737</ele><time>2025-04-17T07:53:39Z</time><extensions><speed>0.743220</speed><course>110.030597</course><hAcc>3.029812</hAcc><vAcc>1.179865</vAcc></extensions></trkpt>
      <trkpt lon="35.022665" lat="32.726776"><ele>265.944753</ele><time>2025-04-17T07:53:40Z</time><extensions><speed>0.796064</speed><course>105.980018</course><hAcc>3.035866</hAcc><vAcc>1.194736</vAcc></extensions></trkpt>
      <trkpt lon="35.022674" lat="32.726774"><ele>265.950815</ele><time>2025-04-17T07:53:41Z</time><extensions><speed>0.811754</speed><course>102.865591</course><hAcc>3.041032</hAcc><vAcc>1.206752</vAcc></extensions></trkpt>
      <trkpt lon="35.022682" lat="32.726772"><ele>265.945884</ele><time>2025-04-17T07:53:42Z</time><extensions><speed>0.864370</speed><course>99.952656</course><hAcc>3.041616</hAcc><vAcc>1.216037</vAcc></extensions></trkpt>
      <trkpt lon="35.022692" lat="32.726771"><ele>265.959066</ele><time>2025-04-17T07:53:43Z</time><extensions><speed>0.885403</speed><course>97.371044</course><hAcc>3.048734</hAcc><vAcc>1.225701</vAcc></extensions></trkpt>
      <trkpt lon="35.022701" lat="32.726770"><ele>265.952495</ele><time>2025-04-17T07:53:44Z</time><extensions><speed>0.911926</speed><course>96.743487</course><hAcc>3.041397</hAcc><vAcc>1.231828</vAcc></extensions></trkpt>
      <trkpt lon="35.022711" lat="32.726769"><ele>265.949894</ele><time>2025-04-17T07:53:45Z</time><extensions><speed>0.969116</speed><course>97.223569</course><hAcc>3.019012</hAcc><vAcc>1.234338</vAcc></extensions></trkpt>
      <trkpt lon="35.022721" lat="32.726768"><ele>265.931783</ele><time>2025-04-17T07:53:46Z</time><extensions><speed>0.990039</speed><course>98.019430</course><hAcc>3.010033</hAcc><vAcc>1.235240</vAcc></extensions></trkpt>
      <trkpt lon="35.022731" lat="32.726766"><ele>265.900856</ele><time>2025-04-17T07:53:47Z</time><extensions><speed>0.897981</speed><course>99.441237</course><hAcc>2.996145</hAcc><vAcc>1.236700</vAcc></extensions></trkpt>
      <trkpt lon="35.022740" lat="32.726764"><ele>265.890017</ele><time>2025-04-17T07:53:48Z</time><extensions><speed>0.737138</speed><course>101.878891</course><hAcc>2.985291</hAcc><vAcc>1.235239</vAcc></extensions></trkpt>
      <trkpt lon="35.022746" lat="32.726763"><ele>265.857484</ele><time>2025-04-17T07:53:49Z</time><extensions><speed>0.562932</speed><course>106.525812</course><hAcc>2.973222</hAcc><vAcc>1.236545</vAcc></extensions></trkpt>
      <trkpt lon="35.022751" lat="32.726761"><ele>265.845476</ele><time>2025-04-17T07:53:50Z</time><extensions><speed>0.478963</speed><course>113.419328</course><hAcc>2.951995</hAcc><vAcc>1.238207</vAcc></extensions></trkpt>
      <trkpt lon="35.022756" lat="32.726759"><ele>265.812194</ele><time>2025-04-17T07:53:51Z</time><extensions><speed>0.485555</speed><course>121.614580</course><hAcc>2.926406</hAcc><vAcc>1.239966</vAcc></extensions></trkpt>
      <trkpt lon="35.022760" lat="32.726756"><ele>265.779657</ele><time>2025-04-17T07:53:52Z</time><extensions><speed>0.526348</speed><course>127.554586</course><hAcc>2.903177</hAcc><vAcc>1.242621</vAcc></extensions></trkpt>
      <trkpt lon="35.022766" lat="32.726753"><ele>265.754738</ele><time>2025-04-17T07:53:53Z</time><extensions><speed>0.623296</speed><course>129.310876</course><hAcc>2.876566</hAcc><vAcc>1.245878</vAcc></extensions></trkpt>
      <trkpt lon="35.022771" lat="32.726750"><ele>265.735025</ele><time>2025-04-17T07:53:54Z</time><extensions><speed>0.717672</speed><course>130.681415</course><hAcc>2.844270</hAcc><vAcc>1.248358</vAcc></extensions></trkpt>
      <trkpt lon="35.022777" lat="32.726745"><ele>265.699723</ele><time>2025-04-17T07:53:55Z</time><extensions><speed>0.768386</speed><course>131.631905</course><hAcc>2.808744</hAcc><vAcc>1.251058</vAcc></extensions></trkpt>
      <trkpt lon="35.022784" lat="32.726741"><ele>265.638562</ele><time>2025-04-17T07:53:56Z</time><extensions><speed>0.834566</speed><course>131.201671</course><hAcc>2.767446</hAcc><vAcc>1.256784</vAcc></extensions></trkpt>
      <trkpt lon="35.022791" lat="32.726736"><ele>265.580757</ele><time>2025-04-17T07:53:57Z</time><extensions><speed>0.895498</speed><course>132.628629</course><hAcc>2.739833</hAcc><vAcc>1.260335</vAcc></extensions></trkpt>
      <trkpt lon="35.022798" lat="32.726731"><ele>265.495457</ele><time>2025-04-17T07:53:58Z</time><extensions><speed>0.845615</speed><course>129.220253</course><hAcc>2.761617</hAcc><vAcc>1.260245</vAcc></extensions></trkpt>
      <trkpt lon="35.022805" lat="32.726727"><ele>265.430463</ele><time>2025-04-17T07:53:59Z</time><extensions><speed>0.814396</speed><course>122.859499</course><hAcc>2.806638</hAcc><vAcc>1.258553</vAcc></extensions></trkpt>
      <trkpt lon="35.022813" lat="32.726724"><ele>265.386882</ele><time>2025-04-17T07:54:00Z</time><extensions><speed>0.832263</speed><course>110.589338</course><hAcc>2.774072</hAcc><vAcc>1.255903</vAcc></extensions></trkpt>
      <trkpt lon="35.022822" lat="32.726722"><ele>265.338745</ele><time>2025-04-17T07:54:01Z</time><extensions><speed>0.857143</speed><course>100.365299</course><hAcc>2.747370</hAcc><vAcc>1.255726</vAcc></extensions></trkpt>
      <trkpt lon="35.022831" lat="32.726721"><ele>265.283796</ele><time>2025-04-17T07:54:02Z</time><extensions><speed>0.869199</speed><course>89.329698</course><hAcc>2.759093</hAcc><vAcc>1.256016</vAcc></extensions></trkpt>
      <trkpt lon="35.022841" lat="32.726722"><ele>265.199063</ele><time>2025-04-17T07:54:03Z</time><extensions><speed>0.855030</speed><course>80.149660</course><hAcc>2.794519</hAcc><vAcc>1.253320</vAcc></extensions></trkpt>
      <trkpt lon="35.022849" lat="32.726724"><ele>265.129475</ele><time>2025-04-17T07:54:04Z</time><extensions><speed>0.774511</speed><course>72.304387</course><hAcc>2.833450</hAcc><vAcc>1.249200</vAcc></extensions></trkpt>
      <trkpt lon="35.022856" lat="32.726727"><ele>265.120758</ele><time>2025-04-17T07:54:05Z</time><extensions><speed>0.703304</speed><course>64.133636</course><hAcc>2.869568</hAcc><vAcc>1.239239</vAcc></extensions></trkpt>
      <trkpt lon="35.022862" lat="32.726730"><ele>265.122200</ele><time>2025-04-17T07:54:06Z</time><extensions><speed>0.654000</speed><course>59.009757</course><hAcc>2.901540</hAcc><vAcc>1.222720</vAcc></extensions></trkpt>
      <trkpt lon="35.022868" lat="32.726734"><ele>265.096477</ele><time>2025-04-17T07:54:07Z</time><extensions><speed>0.612547</speed><course>54.152617</course><hAcc>2.917159</hAcc><vAcc>1.210158</vAcc></extensions></trkpt>
      <trkpt lon="35.022872" lat="32.726737"><ele>265.068509</ele><time>2025-04-17T07:54:08Z</time><extensions><speed>0.552771</speed><course>49.229945</course><hAcc>2.921344</hAcc><vAcc>1.201466</vAcc></extensions></trkpt>
      <trkpt lon="35.022876" lat="32.726741"><ele>265.050114</ele><time>2025-04-17T07:54:09Z</time><extensions><speed>0.510352</speed><course>43.179455</course><hAcc>2.922413</hAcc><vAcc>1.191684</vAcc></extensions></trkpt>
      <trkpt lon="35.022880" lat="32.726745"><ele>265.055778</ele><time>2025-04-17T07:54:10Z</time><extensions><speed>0.477323</speed><course>36.053991</course><hAcc>2.919891</hAcc><vAcc>1.179383</vAcc></extensions></trkpt>
      <trkpt lon="35.022882" lat="32.726749"><ele>265.036508</ele><time>2025-04-17T07:54:11Z</time><extensions><speed>0.426699</speed><course>23.744032</course><hAcc>2.914479</hAcc><vAcc>1.165332</vAcc></extensions></trkpt>
      <trkpt lon="35.022883" lat="32.726753"><ele>265.061048</ele><time>2025-04-17T07:54:12Z</time><extensions><speed>0.369317</speed><course>11.006176</course><hAcc>2.894617</hAcc><vAcc>1.150066</vAcc></extensions></trkpt>
      <trkpt lon="35.022883" lat="32.726756"><ele>265.085268</ele><time>2025-04-17T07:54:13Z</time><extensions><speed>0.286889</speed><course>346.240929</course><hAcc>2.863766</hAcc><vAcc>1.135171</vAcc></extensions></trkpt>
      <trkpt lon="35.022882" lat="32.726758"><ele>265.108484</ele><time>2025-04-17T07:54:14Z</time><extensions><speed>0.275347</speed><course>296.551136</course><hAcc>2.835282</hAcc><vAcc>1.120726</vAcc></extensions></trkpt>
      <trkpt lon="35.022878" lat="32.726758"><ele>265.159549</ele><time>2025-04-17T07:54:15Z</time><extensions><speed>0.418925</speed><course>253.843442</course><hAcc>2.824172</hAcc><vAcc>1.106597</vAcc></extensions></trkpt>
      <trkpt lon="35.022874" lat="32.726757"><ele>265.169546</ele><time>2025-04-17T07:54:16Z</time><extensions><speed>0.546190</speed><course>257.909889</course><hAcc>2.859256</hAcc><vAcc>1.092839</vAcc></extensions></trkpt>
      <trkpt lon="35.022868" lat="32.726756"><ele>265.165007</ele><time>2025-04-17T07:54:17Z</time><extensions><speed>0.591917</speed><course>257.553005</course><hAcc>2.940868</hAcc><vAcc>1.079860</vAcc></extensions></trkpt>
      <trkpt lon="35.022863" lat="32.726756"><ele>265.163056</ele><time>2025-04-17T07:54:18Z</time><extensions><speed>0.307574</speed><course>296.870088</course><hAcc>2.985248</hAcc><vAcc>1.069905</vAcc></extensions></trkpt>
      <trkpt lon="35.022861" lat="32.726758"><ele>265.166546</ele><time>2025-04-17T07:54:19Z</time><extensions><speed>0.377273</speed><course>321.812478</course><hAcc>2.964135</hAcc><vAcc>1.064758</vAcc></extensions></trkpt>
      <trkpt lon="35.022860" lat="32.726761"><ele>265.156948</ele><time>2025-04-17T07:54:20Z</time><extensions><speed>0.379086</speed><course>343.175976</course><hAcc>2.967350</hAcc><vAcc>1.063031</vAcc></extensions></trkpt>
      <trkpt lon="35.022860" lat="32.726764"><ele>265.144627</ele><time>2025-04-17T07:54:21Z</time><extensions><speed>0.349061</speed><course>8.468475</course><hAcc>3.022989</hAcc><vAcc>1.065025</vAcc></extensions></trkpt>
      <trkpt lon="35.022861" lat="32.726767"><ele>265.146095</ele><time>2025-04-17T07:54:22Z</time><extensions><speed>0.389945</speed><course>38.409513</course><hAcc>3.121255</hAcc><vAcc>1.071850</vAcc></extensions></trkpt>
      <trkpt lon="35.022865" lat="32.726770"><ele>265.135871</ele><time>2025-04-17T07:54:23Z</time><extensions><speed>0.513596</speed><course>58.719696</course><hAcc>3.232594</hAcc><vAcc>1.083024</vAcc></extensions></trkpt>
      <trkpt lon="35.022871" lat="32.726773"><ele>265.136671</ele><time>2025-04-17T07:54:24Z</time><extensions><speed>0.629299</speed><course>69.579452</course><hAcc>3.324761</hAcc><vAcc>1.098110</vAcc></extensions></trkpt>
      <trkpt lon="35.022878" lat="32.726775"><ele>265.129911</ele><time>2025-04-17T07:54:25Z</time><extensions><speed>0.734119</speed><course>75.305037</course><hAcc>3.379354</hAcc><vAcc>1.116145</vAcc></extensions></trkpt>
      <trkpt lon="35.022887" lat="32.726777"><ele>265.121801</ele><time>2025-04-17T07:54:26Z</time><extensions><speed>0.818714</speed><course>75.713207</course><hAcc>3.396096</hAcc><vAcc>1.134540</vAcc></extensions></trkpt>
      <trkpt lon="35.022896" lat="32.726779"><ele>265.099933</ele><time>2025-04-17T07:54:27Z</time><extensions><speed>0.831916</speed><course>72.964925</course><hAcc>3.389560</hAcc><vAcc>1.153346</vAcc></extensions></trkpt>
      <trkpt lon="35.022903" lat="32.726782"><ele>265.065067</ele><time>2025-04-17T07:54:28Z</time><extensions><speed>0.722174</speed><course>70.055793</course><hAcc>3.380971</hAcc><vAcc>1.167408</vAcc></extensions></trkpt>
      <trkpt lon="35.022910" lat="32.726784"><ele>265.082171</ele><time>2025-04-17T07:54:29Z</time><extensions><speed>0.561168</speed><course>66.010158</course><hAcc>3.376981</hAcc><vAcc>1.169773</vAcc></extensions></trkpt>
      <trkpt lon="35.022914" lat="32.726786"><ele>265.084517</ele><time>2025-04-17T07:54:30Z</time><extensions><speed>0.412629</speed><course>59.006289</course><hAcc>3.357141</hAcc><vAcc>1.189600</vAcc></extensions></trkpt>
      <trkpt lon="35.022917" lat="32.726789"><ele>265.082293</ele><time>2025-04-17T07:54:31Z</time><extensions><speed>0.336631</speed><course>46.250169</course><hAcc>3.339782</hAcc><vAcc>1.211097</vAcc></extensions></trkpt>
      <trkpt lon="35.022918" lat="32.726792"><ele>265.083006</ele><time>2025-04-17T07:54:32Z</time><extensions><speed>0.276891</speed><course>28.287939</course><hAcc>3.314699</hAcc><vAcc>1.231241</vAcc></extensions></trkpt>
      <trkpt lon="35.022919" lat="32.726794"><ele>265.085569</ele><time>2025-04-17T07:54:33Z</time><extensions><speed>0.274453</speed><course>8.941601</course><hAcc>3.284449</hAcc><vAcc>1.249962</vAcc></extensions></trkpt>
      <trkpt lon="35.022919" lat="32.726797"><ele>265.089756</ele><time>2025-04-17T07:54:34Z</time><extensions><speed>0.305623</speed><course>350.633587</course><hAcc>3.263688</hAcc><vAcc>1.267341</vAcc></extensions></trkpt>
      <trkpt lon="35.022917" lat="32.726801"><ele>265.095675</ele><time>2025-04-17T07:54:35Z</time><extensions><speed>0.379470</speed><course>338.696787</course><hAcc>3.250719</hAcc><vAcc>1.282380</vAcc></extensions></trkpt>
      <trkpt lon="35.022915" lat="32.726804"><ele>265.103194</ele><time>2025-04-17T07:54:36Z</time><extensions><speed>0.487459</speed><course>327.566239</course><hAcc>3.233159</hAcc><vAcc>1.294758</vAcc></extensions></trkpt>
      <trkpt lon="35.022912" lat="32.726808"><ele>265.111868</ele><time>2025-04-17T07:54:37Z</time><extensions><speed>0.597982</speed><course>321.714699</course><hAcc>3.210968</hAcc><vAcc>1.305911</vAcc></extensions></trkpt>
      <trkpt lon="35.022907" lat="32.726813"><ele>265.121598</ele><time>2025-04-17T07:54:38Z</time><extensions><speed>0.675166</speed><course>318.881713</course><hAcc>3.190904</hAcc><vAcc>1.315893</vAcc></extensions></trkpt>
      <trkpt lon="35.022902" lat="32.726818"><ele>265.132173</ele><time>2025-04-17T07:54:39Z</time><extensions><speed>0.695026</speed><course>318.066356</course><hAcc>3.181231</hAcc><vAcc>1.324631</vAcc></extensions></trkpt>
      <trkpt lon="35.022897" lat="32.726822"><ele>265.143272</ele><time>2025-04-17T07:54:40Z</time><extensions><speed>0.616952</speed><course>318.162736</course><hAcc>3.177918</hAcc><vAcc>1.331929</vAcc></extensions></trkpt>
      <trkpt lon="35.022893" lat="32.726826"><ele>265.154653</ele><time>2025-04-17T07:54:41Z</time><extensions><speed>0.571586</speed><course>314.820792</course><hAcc>3.148902</hAcc><vAcc>1.336857</vAcc></extensions></trkpt>
      <trkpt lon="35.022889" lat="32.726830"><ele>265.165994</ele><time>2025-04-17T07:54:42Z</time><extensions><speed>0.445645</speed><course>318.999662</course><hAcc>3.115191</hAcc><vAcc>1.340353</vAcc></extensions></trkpt>
      <trkpt lon="35.022886" lat="32.726833"><ele>265.177223</ele><time>2025-04-17T07:54:43Z</time><extensions><speed>0.352470</speed><course>321.995080</course><hAcc>3.069217</hAcc><vAcc>1.340658</vAcc></extensions></trkpt>
      <trkpt lon="35.022884" lat="32.726835"><ele>265.188133</ele><time>2025-04-17T07:54:44Z</time><extensions><speed>0.276083</speed><course>324.109950</course><hAcc>3.015985</hAcc><vAcc>1.338741</vAcc></extensions></trkpt>
      <trkpt lon="35.022883" lat="32.726837"><ele>265.198623</ele><time>2025-04-17T07:54:45Z</time><extensions><speed>0.217488</speed><course>325.597843</course><hAcc>2.960223</hAcc><vAcc>1.334484</vAcc></extensions></trkpt>
      <trkpt lon="35.022881" lat="32.726838"><ele>265.208568</ele><time>2025-04-17T07:54:46Z</time><extensions><speed>0.169781</speed><course>326.630757</course><hAcc>2.906320</hAcc><vAcc>1.332091</vAcc></extensions></trkpt>
      <trkpt lon="35.022881" lat="32.726840"><ele>265.217983</ele><time>2025-04-17T07:54:47Z</time><extensions><speed>0.133904</speed><course>327.340098</course><hAcc>2.853190</hAcc><vAcc>1.327629</vAcc></extensions></trkpt>
      <trkpt lon="35.022880" lat="32.726841"><ele>265.226834</ele><time>2025-04-17T07:54:48Z</time><extensions><speed>0.104777</speed><course>327.813430</course><hAcc>2.806463</hAcc><vAcc>1.323881</vAcc></extensions></trkpt>
      <trkpt lon="35.022879" lat="32.726841"><ele>265.235112</ele><time>2025-04-17T07:54:49Z</time><extensions><speed>0.078066</speed><course>328.130448</course><hAcc>2.771396</hAcc><vAcc>1.320718</vAcc></extensions></trkpt>
      <trkpt lon="35.022879" lat="32.726842"><ele>265.242796</ele><time>2025-04-17T07:54:50Z</time><extensions><speed>0.059225</speed><course>328.341953</course><hAcc>2.742507</hAcc><vAcc>1.317577</vAcc></extensions></trkpt>
      <trkpt lon="35.022879" lat="32.726842"><ele>265.249868</ele><time>2025-04-17T07:54:51Z</time><extensions><speed>0.043340</speed><course>328.476610</course><hAcc>2.726981</hAcc><vAcc>1.313956</vAcc></extensions></trkpt>
      <trkpt lon="35.022878" lat="32.726843"><ele>265.256354</ele><time>2025-04-17T07:54:52Z</time><extensions><speed>0.031218</speed><course>328.562460</course><hAcc>2.720677</hAcc><vAcc>1.311055</vAcc></extensions></trkpt>
      <trkpt lon="35.022878" lat="32.726843"><ele>265.262223</ele><time>2025-04-17T07:54:53Z</time><extensions><speed>0.024858</speed><course>328.614255</course><hAcc>2.709004</hAcc><vAcc>1.307444</vAcc></extensions></trkpt>
      <trkpt lon="35.022878" lat="32.726843"><ele>265.267545</ele><time>2025-04-17T07:54:54Z</time><extensions><speed>0.022351</speed><course>328.641710</course><hAcc>2.682617</hAcc><vAcc>1.305177</vAcc></extensions></trkpt>
      <trkpt lon="35.022878" lat="32.726843"><ele>265.272379</ele><time>2025-04-17T07:54:55Z</time><extensions><speed>0.025142</speed><course>328.653812</course><hAcc>2.634536</hAcc><vAcc>1.306034</vAcc></extensions></trkpt>
      <trkpt lon="35.022878" lat="32.726843"><ele>265.276698</ele><time>2025-04-17T07:54:56Z</time><extensions><speed>0.023558</speed><course>328.658892</course><hAcc>2.616504</hAcc><vAcc>1.308466</vAcc></extensions></trkpt>
      <trkpt lon="35.022878" lat="32.726843"><ele>265.280529</ele><time>2025-04-17T07:54:57Z</time><extensions><speed>0.020221</speed><course>328.661664</course><hAcc>2.627602</hAcc><vAcc>1.312496</vAcc></extensions></trkpt>
      <trkpt lon="35.022878" lat="32.726844"><ele>265.283934</ele><time>2025-04-17T07:54:58Z</time><extensions><speed>0.016483</speed><course>328.663392</course><hAcc>2.646592</hAcc><vAcc>1.319401</vAcc></extensions></trkpt>
      <trkpt lon="35.022877" lat="32.726844"><ele>265.286890</ele><time>2025-04-17T07:54:59Z</time><extensions><speed>0.013164</speed><course>328.664552</course><hAcc>2.660025</hAcc><vAcc>1.326996</vAcc></extensions></trkpt>
      <trkpt lon="35.022877" lat="32.726844"><ele>265.289415</ele><time>2025-04-17T07:55:00Z</time><extensions><speed>0.010262</speed><course>328.665362</course><hAcc>2.666644</hAcc><vAcc>1.334274</vAcc></extensions></trkpt>
      <trkpt lon="35.022877" lat="32.726844"><ele>265.291536</ele><time>2025-04-17T07:55:01Z</time><extensions><speed>0.007902</speed><course>328.665946</course><hAcc>2.666379</hAcc><vAcc>1.340172</vAcc></extensions></trkpt>
      <trkpt lon="35.022877" lat="32.726844"><ele>265.293391</ele><time>2025-04-17T07:55:02Z</time><extensions><speed>0.005955</speed><course>328.666376</course><hAcc>2.661877</hAcc><vAcc>1.349314</vAcc></extensions></trkpt>
      <trkpt lon="35.022877" lat="32.726844"><ele>265.294933</ele><time>2025-04-17T07:55:03Z</time><extensions><speed>0.004457</speed><course>328.666697</course><hAcc>2.655730</hAcc><vAcc>1.357978</vAcc></extensions></trkpt>
      <trkpt lon="35.022877" lat="32.726844"><ele>265.296257</ele><time>2025-04-17T07:55:04Z</time><extensions><speed>0.003257</speed><course>328.666938</course><hAcc>2.651039</hAcc><vAcc>1.369653</vAcc></extensions></trkpt>
      <trkpt lon="35.022877" lat="32.726844"><ele>265.297326</ele><time>2025-04-17T07:55:05Z</time><extensions><speed>0.002439</speed><course>328.667119</course><hAcc>2.644788</hAcc><vAcc>1.380598</vAcc></extensions></trkpt>
      <trkpt lon="35.022877" lat="32.726844"><ele>265.298171</ele><time>2025-04-17T07:55:06Z</time><extensions><speed>0.001786</speed><course>328.667252</course><hAcc>2.646076</hAcc><vAcc>1.390618</vAcc></extensions></trkpt>
      <trkpt lon="35.022877" lat="32.726844"><ele>265.298825</ele><time>2025-04-17T07:55:07Z</time><extensions><speed>0.001277</speed><course>328.667348</course><hAcc>2.657901</hAcc><vAcc>1.399713</vAcc></extensions></trkpt>
      <trkpt lon="35.022877" lat="32.726844"><ele>265.299323</ele><time>2025-04-17T07:55:08Z</time><extensions><speed>0.000879</speed><course>328.667420</course><hAcc>2.673240</hAcc><vAcc>1.408449</vAcc></extensions></trkpt>
      <trkpt lon="35.022877" lat="32.726844"><ele>265.299689</ele><time>2025-04-17T07:55:09Z</time><extensions><speed>0.000684</speed><course>328.667473</course><hAcc>2.668795</hAcc><vAcc>1.417105</vAcc></extensions></trkpt>
      <trkpt lon="35.022877" lat="32.726844"><ele>265.299919</ele><time>2025-04-17T07:55:10Z</time><extensions><speed>0.000639</speed><course>328.667504</course><hAcc>2.651066</hAcc><vAcc>1.423260</vAcc></extensions></trkpt>
      <trkpt lon="35.022877" lat="32.726844"><ele>265.300044</ele><time>2025-04-17T07:55:11Z</time><extensions><speed>0.000516</speed><course>328.667521</course><hAcc>2.675040</hAcc><vAcc>1.427723</vAcc></extensions></trkpt>
      <trkpt lon="35.022877" lat="32.726844"><ele>265.300090</ele><time>2025-04-17T07:55:12Z</time><extensions><speed>0.000342</speed><course>328.667534</course><hAcc>2.722264</hAcc><vAcc>1.431592</vAcc></extensions></trkpt>
      <trkpt lon="35.022877" lat="32.726844"><ele>265.300065</ele><time>2025-04-17T07:55:13Z</time><extensions><speed>0.000327</speed><course>328.667545</course><hAcc>2.722305</hAcc><vAcc>1.434224</vAcc></extensions></trkpt>
      <trkpt lon="35.022877" lat="32.726844"><ele>265.300002</ele><time>2025-04-17T07:55:14Z</time><extensions><speed>0.000286</speed><course>328.667552</course><hAcc>2.729461</hAcc><vAcc>1.438796</vAcc></extensions></trkpt>
      <trkpt lon="35.022877" lat="32.726844"><ele>265.299904</ele><time>2025-04-17T07:55:15Z</time><extensions><speed>0.000240</speed><course>328.667557</course><hAcc>2.747982</hAcc><vAcc>1.445254</vAcc></extensions></trkpt>
      <trkpt lon="35.022877" lat="32.726844"><ele>265.299770</ele><time>2025-04-17T07:55:16Z</time><extensions><speed>0.000196</speed><course>328.667560</course><hAcc>2.763379</hAcc><vAcc>1.451930</vAcc></extensions></trkpt>
      <trkpt lon="35.022877" lat="32.726844"><ele>265.299611</ele><time>2025-04-17T07:55:17Z</time><extensions><speed>0.000157</speed><course>328.667560</course><hAcc>2.771237</hAcc><vAcc>1.460043</vAcc></extensions></trkpt>
      <trkpt lon="35.022877" lat="32.726844"><ele>265.299429</ele><time>2025-04-17T07:55:18Z</time><extensions><speed>0.000123</speed><course>328.667560</course><hAcc>2.771720</hAcc><vAcc>1.468606</vAcc></extensions></trkpt>
      <trkpt lon="35.022877" lat="32.726844"><ele>265.299227</ele><time>2025-04-17T07:55:19Z</time><extensions><speed>0.000095</speed><course>328.667560</course><hAcc>2.764969</hAcc><vAcc>1.476375</vAcc></extensions></trkpt>
      <trkpt lon="35.022877" lat="32.726844"><ele>265.299006</ele><time>2025-04-17T07:55:20Z</time><extensions><speed>0.000073</speed><course>328.667559</course><hAcc>2.753965</hAcc><vAcc>1.481381</vAcc></extensions></trkpt>
      <trkpt lon="35.022877" lat="32.726844"><ele>265.298783</ele><time>2025-04-17T07:55:21Z</time><extensions><speed>0.000055</speed><course>328.667557</course><hAcc>2.744756</hAcc><vAcc>1.487086</vAcc></extensions></trkpt>
      <trkpt lon="35.022877" lat="32.726844"><ele>265.298560</ele><time>2025-04-17T07:55:22Z</time><extensions><speed>0.000041</speed><course>328.667549</course><hAcc>2.743521</hAcc><vAcc>1.494091</vAcc></extensions></trkpt>
      <trkpt lon="35.022877" lat="32.726844"><ele>265.298342</ele><time>2025-04-17T07:55:23Z</time><extensions><speed>0.000029</speed><course>328.667531</course><hAcc>2.756416</hAcc><vAcc>1.504373</vAcc></extensions></trkpt>
      <trkpt lon="35.022877" lat="32.726844"><ele>265.298125</ele><time>2025-04-17T07:55:24Z</time><extensions><speed>0.000021</speed><course>328.667494</course><hAcc>2.780420</hAcc><vAcc>1.511967</vAcc></extensions></trkpt>
      <trkpt lon="35.022877" lat="32.726844"><ele>265.297915</ele><time>2025-04-17T07:55:25Z</time><extensions><speed>0.000014</speed><course>328.667433</course><hAcc>2.813110</hAcc><vAcc>1.520810</vAcc></extensions></trkpt>
      <trkpt lon="35.022877" lat="32.726844"><ele>265.297713</ele><time>2025-04-17T07:55:26Z</time><extensions><speed>0.000010</speed><course>328.667342</course><hAcc>2.845928</hAcc><vAcc>1.529345</vAcc></extensions></trkpt>
      <trkpt lon="35.022877" lat="32.726844"><ele>265.297518</ele><time>2025-04-17T07:55:27Z</time><extensions><speed>0.000008</speed><course>328.667226</course><hAcc>2.871405</hAcc><vAcc>1.535285</vAcc></extensions></trkpt>
      <trkpt lon="35.022877" lat="32.726844"><ele>265.297333</ele><time>2025-04-17T07:55:28Z</time><extensions><speed>0.000007</speed><course>328.667117</course><hAcc>2.900941</hAcc><vAcc>1.541060</vAcc></extensions></trkpt>
      <trkpt lon="35.022877" lat="32.726844"><ele>265.297159</ele><time>2025-04-17T07:55:29Z</time><extensions><speed>0.000006</speed><course>328.667025</course><hAcc>2.925643</hAcc><vAcc>1.545633</vAcc></extensions></trkpt>
      <trkpt lon="35.022877" lat="32.726844"><ele>265.296995</ele><time>2025-04-17T07:55:30Z</time><extensions><speed>0.000006</speed><course>328.667040</course><hAcc>2.932715</hAcc><vAcc>1.547204</vAcc></extensions></trkpt>
      <trkpt lon="35.022877" lat="32.726844"><ele>265.296842</ele><time>2025-04-17T07:55:31Z</time><extensions><speed>0.000005</speed><course>328.667132</course><hAcc>2.961137</hAcc><vAcc>1.547893</vAcc></extensions></trkpt>
      <trkpt lon="35.022877" lat="32.726844"><ele>265.296700</ele><time>2025-04-17T07:55:32Z</time><extensions><speed>0.000004</speed><course>328.667286</course><hAcc>3.003248</hAcc><vAcc>1.545858</vAcc></extensions></trkpt>
      <trkpt lon="35.022877" lat="32.726844"><ele>265.296570</ele><time>2025-04-17T07:55:33Z</time><extensions><speed>0.000004</speed><course>328.667411</course><hAcc>3.039819</hAcc><vAcc>1.541303</vAcc></extensions></trkpt>
      <trkpt lon="35.022877" lat="32.726844"><ele>265.296451</ele><time>2025-04-17T07:55:34Z</time><extensions><speed>0.000003</speed><course>328.667494</course><hAcc>3.064654</hAcc><vAcc>1.534246</vAcc></extensions></trkpt>
      <trkpt lon="35.022877" lat="32.726844"><ele>265.296341</ele><time>2025-04-17T07:55:35Z</time><extensions><speed>0.000002</speed><course>328.667567</course><hAcc>3.076371</hAcc><vAcc>1.528495</vAcc></extensions></trkpt>
      <trkpt lon="35.022877" lat="32.726844"><ele>265.296242</ele><time>2025-04-17T07:55:36Z</time><extensions><speed>0.000002</speed><course>328.667501</course><hAcc>3.075557</hAcc><vAcc>1.519264</vAcc></extensions></trkpt>
      <trkpt lon="35.022877" lat="32.726844"><ele>265.296152</ele><time>2025-04-17T07:55:37Z</time><extensions><speed>0.000002</speed><course>328.667259</course><hAcc>3.063880</hAcc><vAcc>1.508624</vAcc></extensions></trkpt>
      <trkpt lon="35.022877" lat="32.726844"><ele>265.296071</ele><time>2025-04-17T07:55:38Z</time><extensions><speed>0.000001</speed><course>328.666640</course><hAcc>3.049505</hAcc><vAcc>1.496570</vAcc></extensions></trkpt>
      <trkpt lon="35.022877" lat="32.726844"><ele>265.295999</ele><time>2025-04-17T07:55:39Z</time><extensions><speed>0.000001</speed><course>328.665482</course><hAcc>3.038124</hAcc><vAcc>1.484758</vAcc></extensions></trkpt>
      <trkpt lon="35.022877" lat="32.726844"><ele>265.295933</ele><time>2025-04-17T07:55:40Z</time><extensions><speed>0.000001</speed><course>328.663472</course><hAcc>3.025184</hAcc><vAcc>1.472539</vAcc></extensions></trkpt>
      <trkpt lon="35.022877" lat="32.726844"><ele>265.295876</ele><time>2025-04-17T07:55:41Z</time><extensions><speed>0.000001</speed><course>328.660794</course><hAcc>3.009084</hAcc><vAcc>1.458753</vAcc></extensions></trkpt>
      <trkpt lon="35.022877" lat="32.726844"><ele>265.295826</ele><time>2025-04-17T07:55:42Z</time><extensions><speed>0.000000</speed><course>328.657545</course><hAcc>2.997171</hAcc><vAcc>1.442912</vAcc></extensions></trkpt>
      <trkpt lon="35.022877" lat="32.726844"><ele>265.295782</ele><time>2025-04-17T07:55:43Z</time><extensions><speed>0.000000</speed><course>328.653985</course><hAcc>2.988207</hAcc><vAcc>1.426325</vAcc></extensions></trkpt>
      <trkpt lon="35.022877" lat="32.726844"><ele>265.295744</ele><time>2025-04-17T07:55:44Z</time><extensions><speed>0.000000</speed><course>328.650862</course><hAcc>2.964204</hAcc><vAcc>1.410328</vAcc></extensions></trkpt>
      <trkpt lon="35.022877" lat="32.726844"><ele>265.295710</ele><time>2025-04-17T07:55:45Z</time><extensions><speed>0.000000</speed><course>328.648492</course><hAcc>2.962597</hAcc><vAcc>1.395349</vAcc></extensions></trkpt>
      <trkpt lon="35.022877" lat="32.726844"><ele>265.295681</ele><time>2025-04-17T07:55:46Z</time><extensions><speed>0.000000</speed><course>328.646719</course><hAcc>2.929238</hAcc><vAcc>1.380890</vAcc></extensions></trkpt>
      <trkpt lon="35.022877" lat="32.726844"><ele>265.295657</ele><time>2025-04-17T07:55:47Z</time><extensions><speed>0.000000</speed><course>328.645692</course><hAcc>2.907121</hAcc><vAcc>1.365186</vAcc></extensions></trkpt>
      <trkpt lon="35.022877" lat="32.726844"><ele>265.295637</ele><time>2025-04-17T07:55:48Z</time><extensions><speed>0.000000</speed><course>328.643533</course><hAcc>2.902153</hAcc><vAcc>1.348735</vAcc></extensions></trkpt>
      <trkpt lon="35.022877" lat="32.726844"><ele>265.295620</ele><time>2025-04-17T07:55:49Z</time><extensions><speed>0.000000</speed><course>328.640126</course><hAcc>2.901968</hAcc><vAcc>1.333126</vAcc></extensions></trkpt>
      <trkpt lon="35.022877" lat="32.726844"><ele>265.295606</ele><time>2025-04-17T07:55:50Z</time><extensions><speed>0.000000</speed><course>328.635978</course><hAcc>2.898508</hAcc><vAcc>1.319311</vAcc></extensions></trkpt>
      <trkpt lon="35.022877" lat="32.726844"><ele>265.295595</ele><time>2025-04-17T07:55:51Z</time><extensions><speed>0.000000</speed><course>328.631494</course><hAcc>2.885879</hAcc><vAcc>1.303902</vAcc></extensions></trkpt>
      <trkpt lon="35.022875" lat="32.726843"><ele>264.992591</ele><time>2025-04-17T07:55:52Z</time><extensions><speed>0.054168</speed><course>231.075412</course><hAcc>2.866259</hAcc><vAcc>1.291583</vAcc></extensions></trkpt>
      <trkpt lon="35.022873" lat="32.726841"><ele>264.764362</ele><time>2025-04-17T07:55:53Z</time><extensions><speed>0.106527</speed><course>230.741746</course><hAcc>2.847101</hAcc><vAcc>1.285531</vAcc></extensions></trkpt>
      <trkpt lon="35.022871" lat="32.726840"><ele>264.493743</ele><time>2025-04-17T07:55:54Z</time><extensions><speed>0.167292</speed><course>230.604069</course><hAcc>2.828102</hAcc><vAcc>1.278028</vAcc></extensions></trkpt>
      <trkpt lon="35.022868" lat="32.726837"><ele>264.199696</ele><time>2025-04-17T07:55:55Z</time><extensions><speed>0.225783</speed><course>230.539188</course><hAcc>2.813306</hAcc><vAcc>1.269948</vAcc></extensions></trkpt>
      <trkpt lon="35.022865" lat="32.726835"><ele>263.904310</ele><time>2025-04-17T07:55:56Z</time><extensions><speed>0.272119</speed><course>230.507283</course><hAcc>2.809326</hAcc><vAcc>1.263873</vAcc></extensions></trkpt>
      <trkpt lon="35.022862" lat="32.726833"><ele>263.596543</ele><time>2025-04-17T07:55:57Z</time><extensions><speed>0.303858</speed><course>230.486550</course><hAcc>2.818208</hAcc><vAcc>1.258117</vAcc></extensions></trkpt>
      <trkpt lon="35.022858" lat="32.726831"><ele>263.274754</ele><time>2025-04-17T07:55:58Z</time><extensions><speed>0.336555</speed><course>230.469264</course><hAcc>2.834321</hAcc><vAcc>1.251528</vAcc></extensions></trkpt>
      <trkpt lon="35.022855" lat="32.726829"><ele>262.948847</ele><time>2025-04-17T07:55:59Z</time><extensions><speed>0.383937</speed><course>230.449498</course><hAcc>2.849450</hAcc><vAcc>1.245572</vAcc></extensions></trkpt>
      <trkpt lon="35.022851" lat="32.726826"><ele>262.620083</ele><time>2025-04-17T07:56:00Z</time><extensions><speed>0.512180</speed><course>230.421807</course><hAcc>2.843688</hAcc><vAcc>1.239952</vAcc></extensions></trkpt>
      <trkpt lon="35.022845" lat="32.726822"><ele>262.291556</ele><time>2025-04-17T07:56:01Z</time><extensions><speed>0.780894</speed><course>230.385110</course><hAcc>2.815571</hAcc><vAcc>1.234678</vAcc></extensions></trkpt>
      <trkpt lon="35.022838" lat="32.726817"><ele>261.967397</ele><time>2025-04-17T07:56:02Z</time><extensions><speed>0.879778</speed><course>230.323344</course><hAcc>2.818867</hAcc><vAcc>1.230117</vAcc></extensions></trkpt>
      <trkpt lon="35.022831" lat="32.726812"><ele>261.652519</ele><time>2025-04-17T07:56:03Z</time><extensions><speed>0.851082</speed><course>230.260736</course><hAcc>2.848028</hAcc><vAcc>1.228019</vAcc></extensions></trkpt>
      <trkpt lon="35.022824" lat="32.726807"><ele>261.347522</ele><time>2025-04-17T07:56:04Z</time><extensions><speed>0.757331</speed><course>230.227585</course><hAcc>2.877717</hAcc><vAcc>1.224827</vAcc></extensions></trkpt>
      <trkpt lon="35.022818" lat="32.726803"><ele>261.056123</ele><time>2025-04-17T07:56:05Z</time><extensions><speed>0.640010</speed><course>230.207894</course><hAcc>2.897881</hAcc><vAcc>1.224765</vAcc></extensions></trkpt>
      <trkpt lon="35.022814" lat="32.726800"><ele>260.780290</ele><time>2025-04-17T07:56:06Z</time><extensions><speed>0.529792</speed><course>230.195329</course><hAcc>2.905642</hAcc><vAcc>1.223680</vAcc></extensions></trkpt>
      <trkpt lon="35.022810" lat="32.726797"><ele>260.522074</ele><time>2025-04-17T07:56:07Z</time><extensions><speed>0.424115</speed><course>230.186967</course><hAcc>2.905588</hAcc><vAcc>1.221452</vAcc></extensions></trkpt>
      <trkpt lon="35.022806" lat="32.726795"><ele>260.282065</ele><time>2025-04-17T07:56:08Z</time><extensions><speed>0.336294</speed><course>230.181231</course><hAcc>2.898985</hAcc><vAcc>1.219157</vAcc></extensions></trkpt>
      <trkpt lon="35.022804" lat="32.726793"><ele>260.061572</ele><time>2025-04-17T07:56:09Z</time><extensions><speed>0.262299</speed><course>230.177247</course><hAcc>2.889136</hAcc><vAcc>1.215782</vAcc></extensions></trkpt>
      <trkpt lon="35.022802" lat="32.726791"><ele>259.860413</ele><time>2025-04-17T07:56:10Z</time><extensions><speed>0.205164</speed><course>230.174452</course><hAcc>2.877095</hAcc><vAcc>1.211686</vAcc></extensions></trkpt>
      <trkpt lon="35.022800" lat="32.726790"><ele>259.678627</ele><time>2025-04-17T07:56:11Z</time><extensions><speed>0.160668</speed><course>230.172507</course><hAcc>2.866234</hAcc><vAcc>1.206472</vAcc></extensions></trkpt>
      <trkpt lon="35.022799" lat="32.726789"><ele>259.513679</ele><time>2025-04-17T07:56:12Z</time><extensions><speed>0.125379</speed><course>230.171162</course><hAcc>2.860533</hAcc><vAcc>1.202196</vAcc></extensions></trkpt>
      <trkpt lon="35.022798" lat="32.726789"><ele>259.366132</ele><time>2025-04-17T07:56:13Z</time><extensions><speed>0.096233</speed><course>230.170226</course><hAcc>2.860370</hAcc><vAcc>1.197613</vAcc></extensions></trkpt>
      <trkpt lon="35.022798" lat="32.726788"><ele>259.234066</ele><time>2025-04-17T07:56:14Z</time><extensions><speed>0.073165</speed><course>230.169572</course><hAcc>2.862297</hAcc><vAcc>1.193741</vAcc></extensions></trkpt>
      <trkpt lon="35.022797" lat="32.726788"><ele>259.118558</ele><time>2025-04-17T07:56:15Z</time><extensions><speed>0.056555</speed><course>230.169122</course><hAcc>2.860971</hAcc><vAcc>1.188482</vAcc></extensions></trkpt>
      <trkpt lon="35.022797" lat="32.726788"><ele>259.017399</ele><time>2025-04-17T07:56:16Z</time><extensions><speed>0.043235</speed><course>230.168824</course><hAcc>2.860289</hAcc><vAcc>1.182776</vAcc></extensions></trkpt>
      <trkpt lon="35.022796" lat="32.726787"><ele>258.929983</ele><time>2025-04-17T07:56:17Z</time><extensions><speed>0.033503</speed><course>230.168634</course><hAcc>2.861775</hAcc><vAcc>1.176067</vAcc></extensions></trkpt>
      <trkpt lon="35.022796" lat="32.726787"><ele>258.854188</ele><time>2025-04-17T07:56:18Z</time><extensions><speed>0.024926</speed><course>230.168516</course><hAcc>2.873150</hAcc><vAcc>1.169535</vAcc></extensions></trkpt>
      <trkpt lon="35.022796" lat="32.726787"><ele>258.789441</ele><time>2025-04-17T07:56:19Z</time><extensions><speed>0.018541</speed><course>230.168442</course><hAcc>2.883893</hAcc><vAcc>1.162851</vAcc></extensions></trkpt>
      <trkpt lon="35.022796" lat="32.726787"><ele>258.735169</ele><time>2025-04-17T07:56:20Z</time><extensions><speed>0.016281</speed><course>230.168397</course><hAcc>2.871720</hAcc><vAcc>1.155500</vAcc></extensions></trkpt>
      <trkpt lon="35.022796" lat="32.726787"><ele>258.688880</ele><time>2025-04-17T07:56:21Z</time><extensions><speed>0.018465</speed><course>230.168377</course><hAcc>2.832840</hAcc><vAcc>1.149704</vAcc></extensions></trkpt>
      <trkpt lon="35.022795" lat="32.726787"><ele>258.649900</ele><time>2025-04-17T07:56:22Z</time><extensions><speed>0.017620</speed><course>230.168369</course><hAcc>2.821445</hAcc><vAcc>1.145763</vAcc></extensions></trkpt>
      <trkpt lon="35.022795" lat="32.726787"><ele>258.618791</ele><time>2025-04-17T07:56:23Z</time><extensions><speed>0.015475</speed><course>230.168364</course><hAcc>2.836309</hAcc><vAcc>1.141636</vAcc></extensions></trkpt>
      <trkpt lon="35.022795" lat="32.726787"><ele>258.593501</ele><time>2025-04-17T07:56:24Z</time><extensions><speed>0.012968</speed><course>230.168361</course><hAcc>2.856719</hAcc><vAcc>1.139478</vAcc></extensions></trkpt>
      <trkpt lon="35.022795" lat="32.726786"><ele>258.574386</ele><time>2025-04-17T07:56:25Z</time><extensions><speed>0.010416</speed><course>230.168359</course><hAcc>2.871080</hAcc><vAcc>1.137175</vAcc></extensions></trkpt>
      <trkpt lon="35.022795" lat="32.726786"><ele>258.560562</ele><time>2025-04-17T07:56:26Z</time><extensions><speed>0.008200</speed><course>230.168358</course><hAcc>2.872963</hAcc><vAcc>1.134530</vAcc></extensions></trkpt>
      <trkpt lon="35.022795" lat="32.726786"><ele>258.550678</ele><time>2025-04-17T07:56:27Z</time><extensions><speed>0.006448</speed><course>230.168357</course><hAcc>2.863765</hAcc><vAcc>1.133063</vAcc></extensions></trkpt>
      <trkpt lon="35.022795" lat="32.726786"><ele>258.544269</ele><time>2025-04-17T07:56:28Z</time><extensions><speed>0.005064</speed><course>230.168356</course><hAcc>2.849151</hAcc><vAcc>1.132410</vAcc></extensions></trkpt>
      <trkpt lon="35.022795" lat="32.726786"><ele>258.541016</ele><time>2025-04-17T07:56:29Z</time><extensions><speed>0.003907</speed><course>230.168356</course><hAcc>2.835629</hAcc><vAcc>1.131460</vAcc></extensions></trkpt>
      <trkpt lon="35.022795" lat="32.726786"><ele>258.539909</ele><time>2025-04-17T07:56:30Z</time><extensions><speed>0.003004</speed><course>230.168356</course><hAcc>2.829217</hAcc><vAcc>1.132076</vAcc></extensions></trkpt>
      <trkpt lon="35.022795" lat="32.726786"><ele>258.540950</ele><time>2025-04-17T07:56:31Z</time><extensions><speed>0.002227</speed><course>230.168355</course><hAcc>2.837228</hAcc><vAcc>1.132055</vAcc></extensions></trkpt>
      <trkpt lon="35.022795" lat="32.726786"><ele>258.543432</ele><time>2025-04-17T07:56:32Z</time><extensions><speed>0.001560</speed><course>230.168355</course><hAcc>2.857717</hAcc><vAcc>1.132790</vAcc></extensions></trkpt>
      <trkpt lon="35.022795" lat="32.726786"><ele>258.547153</ele><time>2025-04-17T07:56:33Z</time><extensions><speed>0.001172</speed><course>230.168355</course><hAcc>2.872515</hAcc><vAcc>1.133273</vAcc></extensions></trkpt>
      <trkpt lon="35.022795" lat="32.726786"><ele>258.551714</ele><time>2025-04-17T07:56:34Z</time><extensions><speed>0.000938</speed><course>230.168355</course><hAcc>2.872810</hAcc><vAcc>1.134263</vAcc></extensions></trkpt>
      <trkpt lon="35.022795" lat="32.726786"><ele>258.557022</ele><time>2025-04-17T07:56:35Z</time><extensions><speed>0.001014</speed><course>230.168355</course><hAcc>2.841592</hAcc><vAcc>1.133822</vAcc></extensions></trkpt>
      <trkpt lon="35.022795" lat="32.726786"><ele>258.562775</ele><time>2025-04-17T07:56:36Z</time><extensions><speed>0.000947</speed><course>230.168355</course><hAcc>2.833062</hAcc><vAcc>1.132389</vAcc></extensions></trkpt>
      <trkpt lon="35.022795" lat="32.726786"><ele>258.568741</ele><time>2025-04-17T07:56:37Z</time><extensions><speed>0.000822</speed><course>230.168354</course><hAcc>2.850632</hAcc><vAcc>1.130753</vAcc></extensions></trkpt>
      <trkpt lon="35.022795" lat="32.726786"><ele>258.574748</ele><time>2025-04-17T07:56:38Z</time><extensions><speed>0.000678</speed><course>230.168353</course><hAcc>2.876689</hAcc><vAcc>1.130198</vAcc></extensions></trkpt>
      <trkpt lon="35.022795" lat="32.726786"><ele>258.580711</ele><time>2025-04-17T07:56:39Z</time><extensions><speed>0.000549</speed><course>230.168352</course><hAcc>2.896114</hAcc><vAcc>1.130446</vAcc></extensions></trkpt>
      <trkpt lon="35.022795" lat="32.726786"><ele>258.586542</ele><time>2025-04-17T07:56:40Z</time><extensions><speed>0.000439</speed><course>230.168350</course><hAcc>2.905943</hAcc><vAcc>1.131955</vAcc></extensions></trkpt>
      <trkpt lon="35.022795" lat="32.726786"><ele>258.592175</ele><time>2025-04-17T07:56:41Z</time><extensions><speed>0.000349</speed><course>230.168346</course><hAcc>2.907373</hAcc><vAcc>1.135243</vAcc></extensions></trkpt>
      <trkpt lon="35.022795" lat="32.726786"><ele>258.597550</ele><time>2025-04-17T07:56:42Z</time><extensions><speed>0.000274</speed><course>230.168342</course><hAcc>2.900777</hAcc><vAcc>1.139581</vAcc></extensions></trkpt>
      <trkpt lon="35.022795" lat="32.726786"><ele>258.602616</ele><time>2025-04-17T07:56:43Z</time><extensions><speed>0.000217</speed><course>230.168338</course><hAcc>2.884787</hAcc><vAcc>1.144570</vAcc></extensions></trkpt>
      <trkpt lon="35.022795" lat="32.726786"><ele>258.607333</ele><time>2025-04-17T07:56:44Z</time><extensions><speed>0.000171</speed><course>230.168333</course><hAcc>2.864199</hAcc><vAcc>1.149724</vAcc></extensions></trkpt>
      <trkpt lon="35.022795" lat="32.726786"><ele>258.611681</ele><time>2025-04-17T07:56:45Z</time><extensions><speed>0.000131</speed><course>230.168328</course><hAcc>2.841610</hAcc><vAcc>1.155161</vAcc></extensions></trkpt>
      <trkpt lon="35.022795" lat="32.726786"><ele>258.615639</ele><time>2025-04-17T07:56:46Z</time><extensions><speed>0.000101</speed><course>230.168323</course><hAcc>2.814475</hAcc><vAcc>1.160079</vAcc></extensions></trkpt>
      <trkpt lon="35.022795" lat="32.726784"><ele>258.546625</ele><time>2025-04-17T07:56:47Z</time><extensions><speed>0.041537</speed><course>177.367161</course><hAcc>2.792164</hAcc><vAcc>1.167219</vAcc></extensions></trkpt>
      <trkpt lon="35.022795" lat="32.726782"><ele>258.445449</ele><time>2025-04-17T07:56:48Z</time><extensions><speed>0.088123</speed><course>174.281923</course><hAcc>2.773886</hAcc><vAcc>1.167390</vAcc></extensions></trkpt>
      <trkpt lon="35.022796" lat="32.726779"><ele>258.357550</ele><time>2025-04-17T07:56:49Z</time><extensions><speed>0.126984</speed><course>173.504529</course><hAcc>2.756324</hAcc><vAcc>1.172173</vAcc></extensions></trkpt>
      <trkpt lon="35.022796" lat="32.726777"><ele>258.266013</ele><time>2025-04-17T07:56:50Z</time><extensions><speed>0.168265</speed><course>173.127897</course><hAcc>2.734246</hAcc><vAcc>1.176791</vAcc></extensions></trkpt>
      <trkpt lon="35.022796" lat="32.726774"><ele>258.178384</ele><time>2025-04-17T07:56:51Z</time><extensions><speed>0.204437</speed><course>172.960179</course><hAcc>2.720019</hAcc><vAcc>1.184972</vAcc></extensions></trkpt>
      <trkpt lon="35.022797" lat="32.726772"><ele>258.085503</ele><time>2025-04-17T07:56:52Z</time><extensions><speed>0.229065</speed><course>172.864715</course><hAcc>2.720692</hAcc><vAcc>1.192552</vAcc></extensions></trkpt>
      <trkpt lon="35.022797" lat="32.726769"><ele>257.986941</ele><time>2025-04-17T07:56:53Z</time><extensions><speed>0.251177</speed><course>172.821713</course><hAcc>2.730619</hAcc><vAcc>1.198120</vAcc></extensions></trkpt>
      <trkpt lon="35.022798" lat="32.726766"><ele>257.886777</ele><time>2025-04-17T07:56:54Z</time><extensions><speed>0.298433</speed><course>172.837883</course><hAcc>2.740355</hAcc><vAcc>1.203925</vAcc></extensions></trkpt>
      <trkpt lon="35.022798" lat="32.726763"><ele>257.785413</ele><time>2025-04-17T07:56:55Z</time><extensions><speed>0.372213</speed><course>172.927537</course><hAcc>2.749715</hAcc><vAcc>1.209942</vAcc></extensions></trkpt>
      <trkpt lon="35.022799" lat="32.726759"><ele>257.682623</ele><time>2025-04-17T07:56:56Z</time><extensions><speed>0.490692</speed><course>173.120150</course><hAcc>2.747228</hAcc><vAcc>1.214353</vAcc></extensions></trkpt>
      <trkpt lon="35.022799" lat="32.726754"><ele>257.580228</ele><time>2025-04-17T07:56:57Z</time><extensions><speed>0.708472</speed><course>173.442373</course><hAcc>2.722343</hAcc><vAcc>1.217308</vAcc></extensions></trkpt>
      <trkpt lon="35.022800" lat="32.726747"><ele>257.480325</ele><time>2025-04-17T07:56:58Z</time><extensions><speed>0.747382</speed><course>172.198726</course><hAcc>2.730723</hAcc><vAcc>1.220429</vAcc></extensions></trkpt>
      <trkpt lon="35.022802" lat="32.726741"><ele>257.383918</ele><time>2025-04-17T07:56:59Z</time><extensions><speed>0.660122</speed><course>171.591543</course><hAcc>2.775296</hAcc><vAcc>1.222867</vAcc></extensions></trkpt>
      <trkpt lon="35.022803" lat="32.726735"><ele>257.292004</ele><time>2025-04-17T07:57:00Z</time><extensions><speed>0.551172</speed><course>171.219227</course><hAcc>2.819460</hAcc><vAcc>1.225195</vAcc></extensions></trkpt>
      <trkpt lon="35.022803" lat="32.726731"><ele>257.205149</ele><time>2025-04-17T07:57:01Z</time><extensions><speed>0.444511</speed><course>170.969963</course><hAcc>2.845882</hAcc><vAcc>1.227928</vAcc></extensions></trkpt>
      <trkpt lon="35.022804" lat="32.726727"><ele>257.123799</ele><time>2025-04-17T07:57:02Z</time><extensions><speed>0.353366</speed><course>170.795318</course><hAcc>2.849206</hAcc><vAcc>1.230123</vAcc></extensions></trkpt>
      <trkpt lon="35.022805" lat="32.726724"><ele>257.048481</ele><time>2025-04-17T07:57:03Z</time><extensions><speed>0.276114</speed><course>170.671627</course><hAcc>2.833504</hAcc><vAcc>1.230109</vAcc></extensions></trkpt>
      <trkpt lon="35.022805" lat="32.726722"><ele>256.978837</ele><time>2025-04-17T07:57:04Z</time><extensions><speed>0.212646</speed><course>170.583121</course><hAcc>2.805420</hAcc><vAcc>1.230330</vAcc></extensions></trkpt>
      <trkpt lon="35.022805" lat="32.726720"><ele>256.915046</ele><time>2025-04-17T07:57:05Z</time><extensions><speed>0.163118</speed><course>170.519989</course><hAcc>2.770751</hAcc><vAcc>1.230012</vAcc></extensions></trkpt>
      <trkpt lon="35.022806" lat="32.726719"><ele>256.856787</ele><time>2025-04-17T07:57:06Z</time><extensions><speed>0.120742</speed><course>170.475277</course><hAcc>2.739214</hAcc><vAcc>1.230107</vAcc></extensions></trkpt>
      <trkpt lon="35.022806" lat="32.726718"><ele>256.804198</ele><time>2025-04-17T07:57:07Z</time><extensions><speed>0.089472</speed><course>170.443847</course><hAcc>2.714091</hAcc><vAcc>1.229708</vAcc></extensions></trkpt>
      <trkpt lon="35.022806" lat="32.726717"><ele>256.756687</ele><time>2025-04-17T07:57:08Z</time><extensions><speed>0.062457</speed><course>170.421958</course><hAcc>2.703885</hAcc><vAcc>1.230263</vAcc></extensions></trkpt>
      <trkpt lon="35.022806" lat="32.726717"><ele>256.714412</ele><time>2025-04-17T07:57:09Z</time><extensions><speed>0.046349</speed><course>170.406868</course><hAcc>2.697478</hAcc><vAcc>1.230603</vAcc></extensions></trkpt>
      <trkpt lon="35.022806" lat="32.726716"><ele>256.676808</ele><time>2025-04-17T07:57:10Z</time><extensions><speed>0.035379</speed><course>170.397472</course><hAcc>2.699727</hAcc><vAcc>1.231770</vAcc></extensions></trkpt>
      <trkpt lon="35.022806" lat="32.726716"><ele>256.643797</ele><time>2025-04-17T07:57:11Z</time><extensions><speed>0.027070</speed><course>170.391769</course><hAcc>2.706834</hAcc><vAcc>1.233138</vAcc></extensions></trkpt>
      <trkpt lon="35.022806" lat="32.726716"><ele>256.615029</ele><time>2025-04-17T07:57:12Z</time><extensions><speed>0.025165</speed><course>170.388547</course><hAcc>2.694086</hAcc><vAcc>1.234836</vAcc></extensions></trkpt>
      <trkpt lon="35.022806" lat="32.726716"><ele>256.590518</ele><time>2025-04-17T07:57:13Z</time><extensions><speed>0.026620</speed><course>170.387069</course><hAcc>2.669397</hAcc><vAcc>1.235430</vAcc></extensions></trkpt>
      <trkpt lon="35.022806" lat="32.726715"><ele>256.569686</ele><time>2025-04-17T07:57:14Z</time><extensions><speed>0.024268</speed><course>170.386385</course><hAcc>2.674940</hAcc><vAcc>1.235564</vAcc></extensions></trkpt>
      <trkpt lon="35.022806" lat="32.726715"><ele>256.552043</ele><time>2025-04-17T07:57:15Z</time><extensions><speed>0.020516</speed><course>170.385992</course><hAcc>2.702865</hAcc><vAcc>1.235804</vAcc></extensions></trkpt>
      <trkpt lon="35.022806" lat="32.726715"><ele>256.537323</ele><time>2025-04-17T07:57:16Z</time><extensions><speed>0.016658</speed><course>170.385740</course><hAcc>2.733832</hAcc><vAcc>1.235857</vAcc></extensions></trkpt>
      <trkpt lon="35.022806" lat="32.726715"><ele>256.525188</ele><time>2025-04-17T07:57:17Z</time><extensions><speed>0.013145</speed><course>170.385568</course><hAcc>2.759229</hAcc><vAcc>1.235771</vAcc></extensions></trkpt>
      <trkpt lon="35.022806" lat="32.726715"><ele>256.515359</ele><time>2025-04-17T07:57:18Z</time><extensions><speed>0.010279</speed><course>170.385446</course><hAcc>2.776290</hAcc><vAcc>1.235383</vAcc></extensions></trkpt>
      <trkpt lon="35.022806" lat="32.726715"><ele>256.507422</ele><time>2025-04-17T07:57:19Z</time><extensions><speed>0.007982</speed><course>170.385358</course><hAcc>2.786698</hAcc><vAcc>1.235554</vAcc></extensions></trkpt>
      <trkpt lon="35.022806" lat="32.726715"><ele>256.500893</ele><time>2025-04-17T07:57:20Z</time><extensions><speed>0.006116</speed><course>170.385294</course><hAcc>2.793467</hAcc><vAcc>1.238373</vAcc></extensions></trkpt>
      <trkpt lon="35.022806" lat="32.726715"><ele>256.495863</ele><time>2025-04-17T07:57:21Z</time><extensions><speed>0.004689</speed><course>170.385247</course><hAcc>2.794490</hAcc><vAcc>1.242142</vAcc></extensions></trkpt>
      <trkpt lon="35.022806" lat="32.726715"><ele>256.492174</ele><time>2025-04-17T07:57:22Z</time><extensions><speed>0.003578</speed><course>170.385212</course><hAcc>2.790059</hAcc><vAcc>1.246603</vAcc></extensions></trkpt>
      <trkpt lon="35.022806" lat="32.726715"><ele>256.489512</ele><time>2025-04-17T07:57:23Z</time><extensions><speed>0.002759</speed><course>170.385187</course><hAcc>2.779214</hAcc><vAcc>1.253175</vAcc></extensions></trkpt>
      <trkpt lon="35.022807" lat="32.726715"><ele>256.488000</ele><time>2025-04-17T07:57:24Z</time><extensions><speed>0.002153</speed><course>170.385169</course><hAcc>2.764703</hAcc><vAcc>1.258800</vAcc></extensions></trkpt>
      <trkpt lon="35.022806" lat="32.726715"><ele>256.604486</ele><time>2025-04-17T07:57:25Z</time><extensions><speed>0.018950</speed><course>340.167403</course><hAcc>2.753792</hAcc><vAcc>1.265939</vAcc></extensions></trkpt>
      <trkpt lon="35.022806" lat="32.726716"><ele>256.726656</ele><time>2025-04-17T07:57:26Z</time><extensions><speed>0.041734</speed><course>340.682575</course><hAcc>2.744931</hAcc><vAcc>1.274366</vAcc></extensions></trkpt>
      <trkpt lon="35.022806" lat="32.726717"><ele>256.854774</ele><time>2025-04-17T07:57:27Z</time><extensions><speed>0.067914</speed><course>347.441642</course><hAcc>2.737988</hAcc><vAcc>1.284616</vAcc></extensions></trkpt>
      <trkpt lon="35.022806" lat="32.726719"><ele>257.005523</ele><time>2025-04-17T07:57:28Z</time><extensions><speed>0.098407</speed><course>354.958426</course><hAcc>2.744408</hAcc><vAcc>1.294003</vAcc></extensions></trkpt>
      <trkpt lon="35.022806" lat="32.726721"><ele>257.140799</ele><time>2025-04-17T07:57:29Z</time><extensions><speed>0.126373</speed><course>359.201010</course><hAcc>2.767618</hAcc><vAcc>1.298537</vAcc></extensions></trkpt>
      <trkpt lon="35.022807" lat="32.726722"><ele>257.265457</ele><time>2025-04-17T07:57:30Z</time><extensions><speed>0.152819</speed><course>1.210704</course><hAcc>2.805965</hAcc><vAcc>1.310400</vAcc></extensions></trkpt>
      <trkpt lon="35.022807" lat="32.726724"><ele>257.406759</ele><time>2025-04-17T07:57:31Z</time><extensions><speed>0.161942</speed><course>5.261221</course><hAcc>2.860016</hAcc><vAcc>1.322442</vAcc></extensions></trkpt>
      <trkpt lon="35.022808" lat="32.726725"><ele>257.556576</ele><time>2025-04-17T07:57:32Z</time><extensions><speed>0.180056</speed><course>7.991652</course><hAcc>2.910452</hAcc><vAcc>1.333361</vAcc></extensions></trkpt>
      <trkpt lon="35.022809" lat="32.726727"><ele>257.706616</ele><time>2025-04-17T07:57:33Z</time><extensions><speed>0.235122</speed><course>11.020290</course><hAcc>2.933507</hAcc><vAcc>1.345495</vAcc></extensions></trkpt>
      <trkpt lon="35.022810" lat="32.726730"><ele>257.857950</ele><time>2025-04-17T07:57:34Z</time><extensions><speed>0.357970</speed><course>14.313028</course><hAcc>2.934256</hAcc><vAcc>1.357035</vAcc></extensions></trkpt>
      <trkpt lon="35.022811" lat="32.726734"><ele>258.007210</ele><time>2025-04-17T07:57:35Z</time><extensions><speed>0.412487</speed><course>18.947868</course><hAcc>2.967458</hAcc><vAcc>1.369504</vAcc></extensions></trkpt>
      <trkpt lon="35.022813" lat="32.726737"><ele>258.154494</ele><time>2025-04-17T07:57:36Z</time><extensions><speed>0.422641</speed><course>26.323220</course><hAcc>3.025152</hAcc><vAcc>1.380543</vAcc></extensions></trkpt>
      <trkpt lon="35.022816" lat="32.726740"><ele>258.296859</ele><time>2025-04-17T07:57:37Z</time><extensions><speed>0.414222</speed><course>33.607970</course><hAcc>3.077458</hAcc><vAcc>1.391970</vAcc></extensions></trkpt>
      <trkpt lon="35.022820" lat="32.726744"><ele>258.422411</ele><time>2025-04-17T07:57:38Z</time><extensions><speed>0.421765</speed><course>42.569881</course><hAcc>3.121915</hAcc><vAcc>1.401345</vAcc></extensions></trkpt>
      <trkpt lon="35.022824" lat="32.726747"><ele>258.541291</ele><time>2025-04-17T07:57:39Z</time><extensions><speed>0.393927</speed><course>50.653592</course><hAcc>3.181069</hAcc><vAcc>1.413237</vAcc></extensions></trkpt>
      <trkpt lon="35.022828" lat="32.726749"><ele>258.653152</ele><time>2025-04-17T07:57:40Z</time><extensions><speed>0.346030</speed><course>58.564282</course><hAcc>3.266390</hAcc><vAcc>1.427568</vAcc></extensions></trkpt>
      <trkpt lon="35.022832" lat="32.726751"><ele>258.726635</ele><time>2025-04-17T07:57:41Z</time><extensions><speed>0.291556</speed><course>63.161421</course><hAcc>3.335265</hAcc><vAcc>1.443587</vAcc></extensions></trkpt>
      <trkpt lon="35.022836" lat="32.726753"><ele>258.808476</ele><time>2025-04-17T07:57:42Z</time><extensions><speed>0.305842</speed><course>65.019825</course><hAcc>3.368239</hAcc><vAcc>1.460140</vAcc></extensions></trkpt>
      <trkpt lon="35.022840" lat="32.726754"><ele>258.877220</ele><time>2025-04-17T07:57:43Z</time><extensions><speed>0.271241</speed><course>65.479655</course><hAcc>3.400152</hAcc><vAcc>1.475662</vAcc></extensions></trkpt>
      <trkpt lon="35.022843" lat="32.726756"><ele>258.938424</ele><time>2025-04-17T07:57:44Z</time><extensions><speed>0.359973</speed><course>65.226506</course><hAcc>3.390594</hAcc><vAcc>1.492936</vAcc></extensions></trkpt>
      <trkpt lon="35.022848" lat="32.726757"><ele>258.991236</ele><time>2025-04-17T07:57:45Z</time><extensions><speed>0.422288</speed><course>64.715830</course><hAcc>3.393190</hAcc><vAcc>1.510616</vAcc></extensions></trkpt>
      <trkpt lon="35.022853" lat="32.726759"><ele>259.036140</ele><time>2025-04-17T07:57:46Z</time><extensions><speed>0.474067</speed><course>64.134663</course><hAcc>3.414574</hAcc><vAcc>1.528847</vAcc></extensions></trkpt>
      <trkpt lon="35.022859" lat="32.726762"><ele>259.080164</ele><time>2025-04-17T07:57:47Z</time><extensions><speed>0.530369</speed><course>63.571817</course><hAcc>3.441035</hAcc><vAcc>1.545743</vAcc></extensions></trkpt>
      <trkpt lon="35.022864" lat="32.726765"><ele>259.109863</ele><time>2025-04-17T07:57:48Z</time><extensions><speed>0.570475</speed><course>62.680965</course><hAcc>3.465640</hAcc><vAcc>1.563791</vAcc></extensions></trkpt>
      <trkpt lon="35.022870" lat="32.726767"><ele>259.133808</ele><time>2025-04-17T07:57:49Z</time><extensions><speed>0.548545</speed><course>61.728089</course><hAcc>3.498099</hAcc><vAcc>1.583140</vAcc></extensions></trkpt>
      <trkpt lon="35.022876" lat="32.726770"><ele>259.151752</ele><time>2025-04-17T07:57:50Z</time><extensions><speed>0.511878</speed><course>60.841585</course><hAcc>3.525210</hAcc><vAcc>1.602023</vAcc></extensions></trkpt>
      <trkpt lon="35.022881" lat="32.726772"><ele>259.163803</ele><time>2025-04-17T07:57:51Z</time><extensions><speed>0.455604</speed><course>60.293439</course><hAcc>3.543064</hAcc><vAcc>1.618719</vAcc></extensions></trkpt>
      <trkpt lon="35.022885" lat="32.726774"><ele>259.170836</ele><time>2025-04-17T07:57:52Z</time><extensions><speed>0.393229</speed><course>59.934848</course><hAcc>3.548383</hAcc><vAcc>1.632949</vAcc></extensions></trkpt>
      <trkpt lon="35.022888" lat="32.726776"><ele>259.174834</ele><time>2025-04-17T07:57:53Z</time><extensions><speed>0.341284</speed><course>59.434587</course><hAcc>3.543182</hAcc><vAcc>1.647913</vAcc></extensions></trkpt>
      <trkpt lon="35.022892" lat="32.726778"><ele>259.175291</ele><time>2025-04-17T07:57:54Z</time><extensions><speed>0.291977</speed><course>58.775951</course><hAcc>3.526601</hAcc><vAcc>1.660776</vAcc></extensions></trkpt>
      <trkpt lon="35.022894" lat="32.726779"><ele>259.173162</ele><time>2025-04-17T07:57:55Z</time><extensions><speed>0.253190</speed><course>57.916238</course><hAcc>3.498841</hAcc><vAcc>1.672682</vAcc></extensions></trkpt>
      <trkpt lon="35.022897" lat="32.726781"><ele>259.169457</ele><time>2025-04-17T07:57:56Z</time><extensions><speed>0.217649</speed><course>56.781036</course><hAcc>3.466084</hAcc><vAcc>1.685851</vAcc></extensions></trkpt>
      <trkpt lon="35.022899" lat="32.726782"><ele>259.162860</ele><time>2025-04-17T07:57:57Z</time><extensions><speed>0.178868</speed><course>55.092823</course><hAcc>3.439412</hAcc><vAcc>1.693758</vAcc></extensions></trkpt>
      <trkpt lon="35.022900" lat="32.726782"><ele>259.154132</ele><time>2025-04-17T07:57:58Z</time><extensions><speed>0.138196</speed><course>53.969004</course><hAcc>3.446245</hAcc><vAcc>1.696899</vAcc></extensions></trkpt>
      <trkpt lon="35.022901" lat="32.726783"><ele>259.144357</ele><time>2025-04-17T07:57:59Z</time><extensions><speed>0.105038</speed><course>53.235279</course><hAcc>3.454498</hAcc><vAcc>1.698269</vAcc></extensions></trkpt>
      <trkpt lon="35.022902" lat="32.726784"><ele>259.134005</ele><time>2025-04-17T07:58:00Z</time><extensions><speed>0.086423</speed><course>52.761813</course><hAcc>3.438267</hAcc><vAcc>1.699081</vAcc></extensions></trkpt>
      <trkpt lon="35.022903" lat="32.726784"><ele>259.122898</ele><time>2025-04-17T07:58:01Z</time><extensions><speed>0.096971</speed><course>52.517965</course><hAcc>3.383240</hAcc><vAcc>1.696876</vAcc></extensions></trkpt>
      <trkpt lon="35.022904" lat="32.726785"><ele>259.111658</ele><time>2025-04-17T07:58:02Z</time><extensions><speed>0.094314</speed><course>52.412477</course><hAcc>3.342751</hAcc><vAcc>1.694503</vAcc></extensions></trkpt>
      <trkpt lon="35.022904" lat="32.726785"><ele>259.099942</ele><time>2025-04-17T07:58:03Z</time><extensions><speed>0.085321</speed><course>52.356350</course><hAcc>3.325791</hAcc><vAcc>1.687769</vAcc></extensions></trkpt>
      <trkpt lon="35.022905" lat="32.726786"><ele>259.088196</ele><time>2025-04-17T07:58:04Z</time><extensions><speed>0.074427</speed><course>52.323246</course><hAcc>3.319276</hAcc><vAcc>1.678722</vAcc></extensions></trkpt>
      <trkpt lon="35.022906" lat="32.726786"><ele>259.076953</ele><time>2025-04-17T07:58:05Z</time><extensions><speed>0.063319</speed><course>52.302648</course><hAcc>3.315392</hAcc><vAcc>1.672450</vAcc></extensions></trkpt>
      <trkpt lon="35.022906" lat="32.726787"><ele>259.066032</ele><time>2025-04-17T07:58:06Z</time><extensions><speed>0.053529</speed><course>52.289422</course><hAcc>3.308292</hAcc><vAcc>1.666732</vAcc></extensions></trkpt>
      <trkpt lon="35.022907" lat="32.726787"><ele>259.055577</ele><time>2025-04-17T07:58:07Z</time><extensions><speed>0.044205</speed><course>52.280826</course><hAcc>3.301157</hAcc><vAcc>1.663583</vAcc></extensions></trkpt>
      <trkpt lon="35.022907" lat="32.726787"><ele>259.045483</ele><time>2025-04-17T07:58:08Z</time><extensions><speed>0.035451</speed><course>52.275078</course><hAcc>3.293892</hAcc><vAcc>1.660701</vAcc></extensions></trkpt>
      <trkpt lon="35.022907" lat="32.726787"><ele>259.035814</ele><time>2025-04-17T07:58:09Z</time><extensions><speed>0.028580</speed><course>52.271178</course><hAcc>3.284173</hAcc><vAcc>1.658588</vAcc></extensions></trkpt>
      <trkpt lon="35.022908" lat="32.726787"><ele>259.026581</ele><time>2025-04-17T07:58:10Z</time><extensions><speed>0.022842</speed><course>52.268551</course><hAcc>3.272150</hAcc><vAcc>1.656514</vAcc></extensions></trkpt>
      <trkpt lon="35.022908" lat="32.726788"><ele>259.017774</ele><time>2025-04-17T07:58:11Z</time><extensions><speed>0.018643</speed><course>52.266800</course><hAcc>3.253227</hAcc><vAcc>1.651965</vAcc></extensions></trkpt>
      <trkpt lon="35.022908" lat="32.726788"><ele>259.009447</ele><time>2025-04-17T07:58:12Z</time><extensions><speed>0.015365</speed><course>52.265674</course><hAcc>3.229495</hAcc><vAcc>1.645100</vAcc></extensions></trkpt>
      <trkpt lon="35.022908" lat="32.726788"><ele>259.001640</ele><time>2025-04-17T07:58:13Z</time><extensions><speed>0.012590</speed><course>52.264968</course><hAcc>3.208362</hAcc><vAcc>1.636595</vAcc></extensions></trkpt>
      <trkpt lon="35.022908" lat="32.726788"><ele>258.994379</ele><time>2025-04-17T07:58:14Z</time><extensions><speed>0.010022</speed><course>52.264526</course><hAcc>3.195254</hAcc><vAcc>1.629837</vAcc></extensions></trkpt>
      <trkpt lon="35.022908" lat="32.726788"><ele>258.987649</ele><time>2025-04-17T07:58:15Z</time><extensions><speed>0.007848</speed><course>52.264245</course><hAcc>3.187106</hAcc><vAcc>1.623400</vAcc></extensions></trkpt>
      <trkpt lon="35.022908" lat="32.726788"><ele>258.981440</ele><time>2025-04-17T07:58:16Z</time><extensions><speed>0.006284</speed><course>52.264070</course><hAcc>3.180219</hAcc><vAcc>1.616959</vAcc></extensions></trkpt>
      <trkpt lon="35.022908" lat="32.726788"><ele>258.975741</ele><time>2025-04-17T07:58:17Z</time><extensions><speed>0.004916</speed><course>52.263965</course><hAcc>3.177316</hAcc><vAcc>1.609814</vAcc></extensions></trkpt>
      <trkpt lon="35.022908" lat="32.726788"><ele>258.970516</ele><time>2025-04-17T07:58:18Z</time><extensions><speed>0.004009</speed><course>52.263904</course><hAcc>3.176298</hAcc><vAcc>1.603926</vAcc></extensions></trkpt>
      <trkpt lon="35.022908" lat="32.726788"><ele>258.965747</ele><time>2025-04-17T07:58:19Z</time><extensions><speed>0.003301</speed><course>52.263871</course><hAcc>3.182198</hAcc><vAcc>1.598758</vAcc></extensions></trkpt>
      <trkpt lon="35.022909" lat="32.726788"><ele>258.961439</ele><time>2025-04-17T07:58:20Z</time><extensions><speed>0.002596</speed><course>52.263853</course><hAcc>3.195926</hAcc><vAcc>1.592127</vAcc></extensions></trkpt>
      <trkpt lon="35.022909" lat="32.726788"><ele>258.957501</ele><time>2025-04-17T07:58:21Z</time><extensions><speed>0.002223</speed><course>52.263843</course><hAcc>3.204441</hAcc><vAcc>1.589037</vAcc></extensions></trkpt>
      <trkpt lon="35.022909" lat="32.726788"><ele>258.953966</ele><time>2025-04-17T07:58:22Z</time><extensions><speed>0.002135</speed><course>52.263838</course><hAcc>3.196952</hAcc><vAcc>1.585839</vAcc></extensions></trkpt>
      <trkpt lon="35.022909" lat="32.726788"><ele>258.950750</ele><time>2025-04-17T07:58:23Z</time><extensions><speed>0.002566</speed><course>52.263836</course><hAcc>3.171086</hAcc><vAcc>1.586766</vAcc></extensions></trkpt>
      <trkpt lon="35.022909" lat="32.726788"><ele>258.947888</ele><time>2025-04-17T07:58:24Z</time><extensions><speed>0.002558</speed><course>52.263835</course><hAcc>3.175634</hAcc><vAcc>1.588253</vAcc></extensions></trkpt>
      <trkpt lon="35.022909" lat="32.726788"><ele>258.945367</ele><time>2025-04-17T07:58:25Z</time><extensions><speed>0.002340</speed><course>52.263835</course><hAcc>3.207784</hAcc><vAcc>1.589441</vAcc></extensions></trkpt>
      <trkpt lon="35.022909" lat="32.726788"><ele>258.943189</ele><time>2025-04-17T07:58:26Z</time><extensions><speed>0.002049</speed><course>52.263834</course><hAcc>3.244964</hAcc><vAcc>1.588209</vAcc></extensions></trkpt>
      <trkpt lon="35.022909" lat="32.726788"><ele>258.941286</ele><time>2025-04-17T07:58:27Z</time><extensions><speed>0.001735</speed><course>52.263834</course><hAcc>3.276079</hAcc><vAcc>1.587072</vAcc></extensions></trkpt>
      <trkpt lon="35.022909" lat="32.726788"><ele>258.939651</ele><time>2025-04-17T07:58:28Z</time><extensions><speed>0.001449</speed><course>52.263834</course><hAcc>3.295579</hAcc><vAcc>1.584801</vAcc></extensions></trkpt>
      <trkpt lon="35.022907" lat="32.726789"><ele>259.075464</ele><time>2025-04-17T07:58:29Z</time><extensions><speed>0.027364</speed><course>298.043519</course><hAcc>3.305348</hAcc><vAcc>1.582265</vAcc></extensions></trkpt>
      <trkpt lon="35.022905" lat="32.726789"><ele>259.212146</ele><time>2025-04-17T07:58:30Z</time><extensions><speed>0.058422</speed><course>291.074305</course><hAcc>3.305737</hAcc><vAcc>1.580394</vAcc></extensions></trkpt>
      <trkpt lon="35.022903" lat="32.726790"><ele>259.377424</ele><time>2025-04-17T07:58:31Z</time><extensions><speed>0.079307</speed><course>288.493375</course><hAcc>3.303351</hAcc><vAcc>1.574734</vAcc></extensions></trkpt>
      <trkpt lon="35.022901" lat="32.726790"><ele>259.563322</ele><time>2025-04-17T07:58:32Z</time><extensions><speed>0.106280</speed><course>285.109871</course><hAcc>3.296976</hAcc><vAcc>1.567925</vAcc></extensions></trkpt>
      <trkpt lon="35.022900" lat="32.726790"><ele>259.714823</ele><time>2025-04-17T07:58:33Z</time><extensions><speed>0.119653</speed><course>285.334904</course><hAcc>3.291806</hAcc><vAcc>1.567563</vAcc></extensions></trkpt>
      <trkpt lon="35.022899" lat="32.726791"><ele>259.850111</ele><time>2025-04-17T07:58:34Z</time><extensions><speed>0.124055</speed><course>288.706967</course><hAcc>3.288625</hAcc><vAcc>1.574571</vAcc></extensions></trkpt>
      <trkpt lon="35.022898" lat="32.726792"><ele>259.995078</ele><time>2025-04-17T07:58:35Z</time><extensions><speed>0.128847</speed><course>292.292482</course><hAcc>3.291117</hAcc><vAcc>1.582672</vAcc></extensions></trkpt>
      <trkpt lon="35.022897" lat="32.726793"><ele>260.159830</ele><time>2025-04-17T07:58:36Z</time><extensions><speed>0.130277</speed><course>295.451871</course><hAcc>3.297087</hAcc><vAcc>1.589684</vAcc></extensions></trkpt>
      <trkpt lon="35.022896" lat="32.726794"><ele>260.321311</ele><time>2025-04-17T07:58:37Z</time><extensions><speed>0.159567</speed><course>299.843724</course><hAcc>3.277197</hAcc><vAcc>1.598701</vAcc></extensions></trkpt>
      <trkpt lon="35.022895" lat="32.726796"><ele>260.489571</ele><time>2025-04-17T07:58:38Z</time><extensions><speed>0.229071</speed><course>305.506104</course><hAcc>3.224921</hAcc><vAcc>1.612671</vAcc></extensions></trkpt>
      <trkpt lon="35.022894" lat="32.726798"><ele>260.608854</ele><time>2025-04-17T07:58:39Z</time><extensions><speed>0.250560</speed><course>314.625704</course><hAcc>3.191083</hAcc><vAcc>1.630461</vAcc></extensions></trkpt>
      <trkpt lon="35.022894" lat="32.726801"><ele>260.750642</ele><time>2025-04-17T07:58:40Z</time><extensions><speed>0.234909</speed><course>332.018769</course><hAcc>3.176673</hAcc><vAcc>1.650480</vAcc></extensions></trkpt>
      <trkpt lon="35.022894" lat="32.726804"><ele>260.889347</ele><time>2025-04-17T07:58:41Z</time><extensions><speed>0.261205</speed><course>354.767820</course><hAcc>3.150378</hAcc><vAcc>1.673080</vAcc></extensions></trkpt>
      <trkpt lon="35.022895" lat="32.726807"><ele>261.026156</ele><time>2025-04-17T07:58:42Z</time><extensions><speed>0.309283</speed><course>14.819422</course><hAcc>3.127562</hAcc><vAcc>1.693860</vAcc></extensions></trkpt>
      <trkpt lon="35.022897" lat="32.726810"><ele>261.159449</ele><time>2025-04-17T07:58:43Z</time><extensions><speed>0.379644</speed><course>32.658068</course><hAcc>3.120985</hAcc><vAcc>1.712369</vAcc></extensions></trkpt>
      <trkpt lon="35.022901" lat="32.726814"><ele>261.288026</ele><time>2025-04-17T07:58:44Z</time><extensions><speed>0.456167</speed><course>39.408607</course><hAcc>3.115688</hAcc><vAcc>1.728135</vAcc></extensions></trkpt>
      <trkpt lon="35.022905" lat="32.726818"><ele>261.430224</ele><time>2025-04-17T07:58:45Z</time><extensions><speed>0.533434</speed><course>42.924344</course><hAcc>3.085394</hAcc><vAcc>1.733557</vAcc></extensions></trkpt>
      <trkpt lon="35.022910" lat="32.726822"><ele>261.567116</ele><time>2025-04-17T07:58:46Z</time><extensions><speed>0.598794</speed><course>44.168918</course><hAcc>3.040558</hAcc><vAcc>1.736127</vAcc></extensions></trkpt>
      <trkpt lon="35.022915" lat="32.726826"><ele>261.695711</ele><time>2025-04-17T07:58:47Z</time><extensions><speed>0.616384</speed><course>45.404496</course><hAcc>2.994471</hAcc><vAcc>1.738182</vAcc></extensions></trkpt>
      <trkpt lon="35.022921" lat="32.726830"><ele>261.815286</ele><time>2025-04-17T07:58:48Z</time><extensions><speed>0.600668</speed><course>47.119845</course><hAcc>2.946523</hAcc><vAcc>1.742193</vAcc></extensions></trkpt>
      <trkpt lon="35.022926" lat="32.726834"><ele>261.927643</ele><time>2025-04-17T07:58:49Z</time><extensions><speed>0.561906</speed><course>48.360851</course><hAcc>2.902736</hAcc><vAcc>1.744552</vAcc></extensions></trkpt>
      <trkpt lon="35.022930" lat="32.726837"><ele>262.033402</ele><time>2025-04-17T07:58:50Z</time><extensions><speed>0.501361</speed><course>49.996715</course><hAcc>2.866684</hAcc><vAcc>1.743306</vAcc></extensions></trkpt>
      <trkpt lon="35.022935" lat="32.726839"><ele>262.185445</ele><time>2025-04-17T07:58:51Z</time><extensions><speed>0.409276</speed><course>52.833662</course><hAcc>2.849019</hAcc><vAcc>1.729805</vAcc></extensions></trkpt>
      <trkpt lon="35.022939" lat="32.726841"><ele>262.346128</ele><time>2025-04-17T07:58:52Z</time><extensions><speed>0.326546</speed><course>57.272696</course><hAcc>2.839120</hAcc><vAcc>1.703155</vAcc></extensions></trkpt>
      <trkpt lon="35.022942" lat="32.726842"><ele>262.494023</ele><time>2025-04-17T07:58:53Z</time><extensions><speed>0.290620</speed><course>63.268268</course><hAcc>2.822099</hAcc><vAcc>1.659218</vAcc></extensions></trkpt>
      <trkpt lon="35.022946" lat="32.726843"><ele>262.591511</ele><time>2025-04-17T07:58:54Z</time><extensions><speed>0.289073</speed><course>70.082725</course><hAcc>2.794825</hAcc><vAcc>1.633946</vAcc></extensions></trkpt>
      <trkpt lon="35.022949" lat="32.726843"><ele>262.651645</ele><time>2025-04-17T07:58:55Z</time><extensions><speed>0.321611</speed><course>76.665091</course><hAcc>2.763123</hAcc><vAcc>1.606818</vAcc></extensions></trkpt>
      <trkpt lon="35.022952" lat="32.726844"><ele>262.692272</ele><time>2025-04-17T07:58:56Z</time><extensions><speed>0.287402</speed><course>82.463039</course><hAcc>2.769569</hAcc><vAcc>1.575381</vAcc></extensions></trkpt>
      <trkpt lon="35.022954" lat="32.726844"><ele>263.126811</ele><time>2025-04-17T07:58:57Z</time><extensions><speed>0.236421</speed><course>90.077444</course><hAcc>2.803697</hAcc><vAcc>1.515938</vAcc></extensions></trkpt>
      <trkpt lon="35.022956" lat="32.726843"><ele>263.462737</ele><time>2025-04-17T07:58:58Z</time><extensions><speed>0.190380</speed><course>100.704991</course><hAcc>2.844837</hAcc><vAcc>1.465505</vAcc></extensions></trkpt>
      <trkpt lon="35.022957" lat="32.726843"><ele>263.746469</ele><time>2025-04-17T07:58:59Z</time><extensions><speed>0.166515</speed><course>116.088399</course><hAcc>2.879822</hAcc><vAcc>1.419443</vAcc></extensions></trkpt>
      <trkpt lon="35.022959" lat="32.726842"><ele>263.660282</ele><time>2025-04-17T07:59:00Z</time><extensions><speed>0.162313</speed><course>132.597182</course><hAcc>2.899003</hAcc><vAcc>1.360212</vAcc></extensions></trkpt>
      <trkpt lon="35.022961" lat="32.726843"><ele>263.681221</ele><time>2025-04-17T07:59:01Z</time><extensions><speed>0.175230</speed><course>134.952802</course><hAcc>2.889275</hAcc><vAcc>1.314984</vAcc></extensions></trkpt>
      <trkpt lon="35.022964" lat="32.726843"><ele>264.163687</ele><time>2025-04-17T07:59:02Z</time><extensions><speed>0.151221</speed><course>126.998492</course><hAcc>2.898982</hAcc><vAcc>1.264651</vAcc></extensions></trkpt>
      <trkpt lon="35.022966" lat="32.726843"><ele>264.676349</ele><time>2025-04-17T07:59:03Z</time><extensions><speed>0.111808</speed><course>107.587985</course><hAcc>2.931796</hAcc><vAcc>1.215956</vAcc></extensions></trkpt>
      <trkpt lon="35.022969" lat="32.726844"><ele>265.179886</ele><time>2025-04-17T07:59:04Z</time><extensions><speed>0.097838</speed><course>70.305566</course><hAcc>2.983310</hAcc><vAcc>1.168080</vAcc></extensions></trkpt>
      <trkpt lon="35.022972" lat="32.726845"><ele>265.687249</ele><time>2025-04-17T07:59:05Z</time><extensions><speed>0.144950</speed><course>46.684235</course><hAcc>3.034064</hAcc><vAcc>1.120850</vAcc></extensions></trkpt>
      <trkpt lon="35.022975" lat="32.726848"><ele>266.207501</ele><time>2025-04-17T07:59:06Z</time><extensions><speed>0.228144</speed><course>38.188900</course><hAcc>3.102328</hAcc><vAcc>1.074506</vAcc></extensions></trkpt>
      <trkpt lon="35.022978" lat="32.726851"><ele>266.741212</ele><time>2025-04-17T07:59:07Z</time><extensions><speed>0.278325</speed><course>37.385449</course><hAcc>3.167495</hAcc><vAcc>1.029606</vAcc></extensions></trkpt>
      <trkpt lon="35.022982" lat="32.726854"><ele>267.292164</ele><time>2025-04-17T07:59:08Z</time><extensions><speed>0.310147</speed><course>40.709081</course><hAcc>3.164834</hAcc><vAcc>0.986894</vAcc></extensions></trkpt>
      <trkpt lon="35.022986" lat="32.726858"><ele>267.860847</ele><time>2025-04-17T07:59:09Z</time><extensions><speed>0.330348</speed><course>44.527257</course><hAcc>3.092236</hAcc><vAcc>0.947114</vAcc></extensions></trkpt>
      <trkpt lon="35.022991" lat="32.726861"><ele>268.460693</ele><time>2025-04-17T07:59:10Z</time><extensions><speed>0.543262</speed><course>47.730948</course><hAcc>2.942824</hAcc><vAcc>0.910944</vAcc></extensions></trkpt>
      <trkpt lon="35.022997" lat="32.726864"><ele>269.076424</ele><time>2025-04-17T07:59:11Z</time><extensions><speed>0.418037</speed><course>50.867132</course><hAcc>2.849246</hAcc><vAcc>0.878916</vAcc></extensions></trkpt>
      <trkpt lon="35.023001" lat="32.726865"><ele>269.699588</ele><time>2025-04-17T07:59:12Z</time><extensions><speed>0.325029</speed><course>53.692995</course><hAcc>2.795434</hAcc><vAcc>0.851312</vAcc></extensions></trkpt>
      <trkpt lon="35.023003" lat="32.726866"><ele>270.316869</ele><time>2025-04-17T07:59:13Z</time><extensions><speed>0.066214</speed><course>56.870573</course><hAcc>2.785536</hAcc><vAcc>0.828207</vAcc></extensions></trkpt>
      <trkpt lon="35.023004" lat="32.726866"><ele>270.916182</ele><time>2025-04-17T07:59:14Z</time><extensions><speed>0.067995</speed><course>60.612454</course><hAcc>2.731502</hAcc><vAcc>0.809459</vAcc></extensions></trkpt>
      <trkpt lon="35.023005" lat="32.726866"><ele>271.487090</ele><time>2025-04-17T07:59:15Z</time><extensions><speed>0.127493</speed><course>62.391355</course><hAcc>2.665944</hAcc><vAcc>0.794699</vAcc></extensions></trkpt>
      <trkpt lon="35.023005" lat="32.726866"><ele>272.020921</ele><time>2025-04-17T07:59:16Z</time><extensions><speed>0.048747</speed><course>66.373601</course><hAcc>2.648473</hAcc><vAcc>0.783419</vAcc></extensions></trkpt>
      <trkpt lon="35.023005" lat="32.726865"><ele>272.512313</ele><time>2025-04-17T07:59:17Z</time><extensions><speed>0.031829</speed><course>76.778007</course><hAcc>2.621669</hAcc><vAcc>0.775048</vAcc></extensions></trkpt>
      <trkpt lon="35.023005" lat="32.726864"><ele>272.958593</ele><time>2025-04-17T07:59:18Z</time><extensions><speed>0.022259</speed><course>96.826667</course><hAcc>2.599954</hAcc><vAcc>0.769017</vAcc></extensions></trkpt>
      <trkpt lon="35.023005" lat="32.726863"><ele>273.356268</ele><time>2025-04-17T07:59:19Z</time><extensions><speed>0.033880</speed><course>141.140814</course><hAcc>2.577569</hAcc><vAcc>0.764799</vAcc></extensions></trkpt>
      <trkpt lon="35.023006" lat="32.726861"><ele>273.707706</ele><time>2025-04-17T07:59:20Z</time><extensions><speed>0.292442</speed><course>157.456416</course><hAcc>2.507456</hAcc><vAcc>0.762142</vAcc></extensions></trkpt>
      <trkpt lon="35.023006" lat="32.726857"><ele>274.012767</ele><time>2025-04-17T07:59:21Z</time><extensions><speed>0.267796</speed><course>170.039748</course><hAcc>2.479522</hAcc><vAcc>0.760559</vAcc></extensions></trkpt>
      <trkpt lon="35.023006" lat="32.726854"><ele>274.273782</ele><time>2025-04-17T07:59:22Z</time><extensions><speed>0.290274</speed><course>180.570705</course><hAcc>2.494535</hAcc><vAcc>0.759869</vAcc></extensions></trkpt>
      <trkpt lon="35.023005" lat="32.726851"><ele>274.488574</ele><time>2025-04-17T07:59:23Z</time><extensions><speed>0.233900</speed><course>188.043413</course><hAcc>2.556464</hAcc><vAcc>0.759693</vAcc></extensions></trkpt>
      <trkpt lon="35.023004" lat="32.726848"><ele>274.663550</ele><time>2025-04-17T07:59:24Z</time><extensions><speed>0.123719</speed><course>193.988761</course><hAcc>2.607630</hAcc><vAcc>0.759848</vAcc></extensions></trkpt>
      <trkpt lon="35.023003" lat="32.726847"><ele>274.804044</ele><time>2025-04-17T07:59:25Z</time><extensions><speed>0.105168</speed><course>198.882239</course><hAcc>2.591237</hAcc><vAcc>0.760211</vAcc></extensions></trkpt>
      <trkpt lon="35.023002" lat="32.726846"><ele>274.913254</ele><time>2025-04-17T07:59:26Z</time><extensions><speed>0.195504</speed><course>201.381208</course><hAcc>2.533045</hAcc><vAcc>0.760776</vAcc></extensions></trkpt>
      <trkpt lon="35.023001" lat="32.726844"><ele>274.994798</ele><time>2025-04-17T07:59:27Z</time><extensions><speed>0.154102</speed><course>202.964377</course><hAcc>2.520288</hAcc><vAcc>0.761407</vAcc></extensions></trkpt>
      <trkpt lon="35.023000" lat="32.726843"><ele>275.052973</ele><time>2025-04-17T07:59:28Z</time><extensions><speed>0.110208</speed><course>205.312504</course><hAcc>2.511970</hAcc><vAcc>0.762059</vAcc></extensions></trkpt>
      <trkpt lon="35.022999" lat="32.726841"><ele>275.091136</ele><time>2025-04-17T07:59:29Z</time><extensions><speed>0.150490</speed><course>207.891006</course><hAcc>2.466608</hAcc><vAcc>0.762657</vAcc></extensions></trkpt>
      <trkpt lon="35.022998" lat="32.726840"><ele>275.112728</ele><time>2025-04-17T07:59:30Z</time><extensions><speed>0.155747</speed><course>210.695791</course><hAcc>2.440663</hAcc><vAcc>0.763115</vAcc></extensions></trkpt>
      <trkpt lon="35.022997" lat="32.726839"><ele>275.121319</ele><time>2025-04-17T07:59:31Z</time><extensions><speed>0.091149</speed><course>214.833141</course><hAcc>2.452897</hAcc><vAcc>0.763828</vAcc></extensions></trkpt>
      <trkpt lon="35.022997" lat="32.726839"><ele>275.119506</ele><time>2025-04-17T07:59:32Z</time><extensions><speed>0.055520</speed><course>221.850301</course><hAcc>2.445182</hAcc><vAcc>0.764885</vAcc></extensions></trkpt>
      <trkpt lon="35.022996" lat="32.726838"><ele>275.109743</ele><time>2025-04-17T07:59:33Z</time><extensions><speed>0.083680</speed><course>228.259734</course><hAcc>2.397347</hAcc><vAcc>0.766488</vAcc></extensions></trkpt>
      <trkpt lon="35.022994" lat="32.726837"><ele>275.088060</ele><time>2025-04-17T07:59:34Z</time><extensions><speed>0.070190</speed><course>236.725022</course><hAcc>2.379967</hAcc><vAcc>0.768851</vAcc></extensions></trkpt>
      <trkpt lon="35.022992" lat="32.726837"><ele>275.061285</ele><time>2025-04-17T07:59:35Z</time><extensions><speed>0.092082</speed><course>243.370331</course><hAcc>2.355399</hAcc><vAcc>0.772545</vAcc></extensions></trkpt>
      <trkpt lon="35.022990" lat="32.726836"><ele>275.030706</ele><time>2025-04-17T07:59:36Z</time><extensions><speed>0.052199</speed><course>247.768530</course><hAcc>2.368040</hAcc><vAcc>0.777923</vAcc></extensions></trkpt>
      <trkpt lon="35.022988" lat="32.726836"><ele>274.997847</ele><time>2025-04-17T07:59:37Z</time><extensions><speed>0.057975</speed><course>253.471849</course><hAcc>2.338581</hAcc><vAcc>0.784745</vAcc></extensions></trkpt>
      <trkpt lon="35.022986" lat="32.726836"><ele>274.965776</ele><time>2025-04-17T07:59:38Z</time><extensions><speed>0.136218</speed><course>257.835214</course><hAcc>2.276024</hAcc><vAcc>0.792960</vAcc></extensions></trkpt>
      <trkpt lon="35.022983" lat="32.726836"><ele>274.933803</ele><time>2025-04-17T07:59:39Z</time><extensions><speed>0.083002</speed><course>260.379116</course><hAcc>2.283160</hAcc><vAcc>0.802228</vAcc></extensions></trkpt>
      <trkpt lon="35.022981" lat="32.726836"><ele>274.902372</ele><time>2025-04-17T07:59:40Z</time><extensions><speed>0.050755</speed><course>262.473633</course><hAcc>2.275767</hAcc><vAcc>0.812224</vAcc></extensions></trkpt>
      <trkpt lon="35.022979" lat="32.726836"><ele>274.872081</ele><time>2025-04-17T07:59:41Z</time><extensions><speed>0.032110</speed><course>264.196186</course><hAcc>2.252834</hAcc><vAcc>0.821853</vAcc></extensions></trkpt>
      <trkpt lon="35.022976" lat="32.726835"><ele>274.848888</ele><time>2025-04-17T07:59:42Z</time><extensions><speed>0.037748</speed><course>263.934400</course><hAcc>2.221194</hAcc><vAcc>0.829780</vAcc></extensions></trkpt>
      <trkpt lon="35.022974" lat="32.726835"><ele>274.827018</ele><time>2025-04-17T07:59:43Z</time><extensions><speed>0.048234</speed><course>263.884813</course><hAcc>2.193443</hAcc><vAcc>0.837523</vAcc></extensions></trkpt>
      <trkpt lon="35.022971" lat="32.726835"><ele>274.806661</ele><time>2025-04-17T07:59:44Z</time><extensions><speed>0.132862</speed><course>264.588080</course><hAcc>2.160760</hAcc><vAcc>0.844335</vAcc></extensions></trkpt>
      <trkpt lon="35.022968" lat="32.726835"><ele>274.788811</ele><time>2025-04-17T07:59:45Z</time><extensions><speed>0.086836</speed><course>265.518520</course><hAcc>2.165577</hAcc><vAcc>0.849526</vAcc></extensions></trkpt>
      <trkpt lon="35.022966" lat="32.726834"><ele>274.773635</ele><time>2025-04-17T07:59:46Z</time><extensions><speed>0.062546</speed><course>266.612640</course><hAcc>2.161365</hAcc><vAcc>0.852894</vAcc></extensions></trkpt>
      <trkpt lon="35.022963" lat="32.726834"><ele>274.761209</ele><time>2025-04-17T07:59:47Z</time><extensions><speed>0.176819</speed><course>266.769317</course><hAcc>2.134568</hAcc><vAcc>0.854340</vAcc></extensions></trkpt>
      <trkpt lon="35.022960" lat="32.726834"><ele>274.751517</ele><time>2025-04-17T07:59:48Z</time><extensions><speed>0.254523</speed><course>266.074909</course><hAcc>2.135252</hAcc><vAcc>0.853864</vAcc></extensions></trkpt>
      <trkpt lon="35.022956" lat="32.726834"><ele>274.746210</ele><time>2025-04-17T07:59:49Z</time><extensions><speed>0.207416</speed><course>265.815487</course><hAcc>2.169574</hAcc><vAcc>0.851780</vAcc></extensions></trkpt>
      <trkpt lon="35.022954" lat="32.726834"><ele>274.743467</ele><time>2025-04-17T07:59:50Z</time><extensions><speed>0.166618</speed><course>265.398906</course><hAcc>2.194018</hAcc><vAcc>0.848518</vAcc></extensions></trkpt>
      <trkpt lon="35.022951" lat="32.726834"><ele>274.741296</ele><time>2025-04-17T07:59:51Z</time><extensions><speed>0.150332</speed><course>264.143859</course><hAcc>2.199334</hAcc><vAcc>0.844286</vAcc></extensions></trkpt>
      <trkpt lon="35.022948" lat="32.726833"><ele>274.745125</ele><time>2025-04-17T07:59:52Z</time><extensions><speed>0.335515</speed><course>264.435985</course><hAcc>2.173795</hAcc><vAcc>0.839972</vAcc></extensions></trkpt>
      <trkpt lon="35.022944" lat="32.726833"><ele>274.750933</ele><time>2025-04-17T07:59:53Z</time><extensions><speed>0.249353</speed><course>265.492672</course><hAcc>2.205843</hAcc><vAcc>0.836047</vAcc></extensions></trkpt>
      <trkpt lon="35.022941" lat="32.726833"><ele>274.759376</ele><time>2025-04-17T07:59:54Z</time><extensions><speed>0.291272</speed><course>266.407101</course><hAcc>2.216111</hAcc><vAcc>0.832512</vAcc></extensions></trkpt>
      <trkpt lon="35.022938" lat="32.726833"><ele>274.769327</ele><time>2025-04-17T07:59:55Z</time><extensions><speed>0.176161</speed><course>267.108305</course><hAcc>2.255076</hAcc><vAcc>0.829682</vAcc></extensions></trkpt>
      <trkpt lon="35.022936" lat="32.726833"><ele>274.778255</ele><time>2025-04-17T07:59:56Z</time><extensions><speed>0.094394</speed><course>269.059889</course><hAcc>2.274617</hAcc><vAcc>0.827306</vAcc></extensions></trkpt>
      <trkpt lon="35.022935" lat="32.726833"><ele>274.785561</ele><time>2025-04-17T07:59:57Z</time><extensions><speed>0.052907</speed><course>270.880601</course><hAcc>2.274960</hAcc><vAcc>0.824582</vAcc></extensions></trkpt>
      <trkpt lon="35.022935" lat="32.726833"><ele>274.791340</ele><time>2025-04-17T07:59:58Z</time><extensions><speed>0.039224</speed><course>273.689896</course><hAcc>2.263600</hAcc><vAcc>0.822027</vAcc></extensions></trkpt>
      <trkpt lon="35.022935" lat="32.726834"><ele>274.796890</ele><time>2025-04-17T07:59:59Z</time><extensions><speed>0.065389</speed><course>276.861057</course><hAcc>2.242954</hAcc><vAcc>0.819424</vAcc></extensions></trkpt>
      <trkpt lon="35.022934" lat="32.726834"><ele>274.801978</ele><time>2025-04-17T08:00:00Z</time><extensions><speed>0.039836</speed><course>279.378189</course><hAcc>2.256563</hAcc><vAcc>0.816569</vAcc></extensions></trkpt>
      <trkpt lon="35.022934" lat="32.726834"><ele>274.806348</ele><time>2025-04-17T08:00:01Z</time><extensions><speed>0.052097</speed><course>287.160883</course><hAcc>2.245808</hAcc><vAcc>0.813302</vAcc></extensions></trkpt>
      <trkpt lon="35.022933" lat="32.726834"><ele>274.807335</ele><time>2025-04-17T08:00:02Z</time><extensions><speed>0.055732</speed><course>294.316880</course><hAcc>2.260514</hAcc><vAcc>0.809522</vAcc></extensions></trkpt>
      <trkpt lon="35.022933" lat="32.726834"><ele>274.804642</ele><time>2025-04-17T08:00:03Z</time><extensions><speed>0.031291</speed><course>302.512249</course><hAcc>2.322721</hAcc><vAcc>0.805183</vAcc></extensions></trkpt>
      <trkpt lon="35.022933" lat="32.726834"><ele>274.798993</ele><time>2025-04-17T08:00:04Z</time><extensions><speed>0.010346</speed><course>309.598790</course><hAcc>2.365225</hAcc><vAcc>0.800313</vAcc></extensions></trkpt>
      <trkpt lon="35.022934" lat="32.726833"><ele>274.793501</ele><time>2025-04-17T08:00:05Z</time><extensions><speed>0.010880</speed><course>107.624017</course><hAcc>2.377642</hAcc><vAcc>0.795029</vAcc></extensions></trkpt>
      <trkpt lon="35.022935" lat="32.726832"><ele>274.786329</ele><time>2025-04-17T08:00:06Z</time><extensions><speed>0.069136</speed><course>110.472711</course><hAcc>2.339754</hAcc><vAcc>0.789523</vAcc></extensions></trkpt>
      <trkpt lon="35.022937" lat="32.726832"><ele>274.779133</ele><time>2025-04-17T08:00:07Z</time><extensions><speed>0.109061</speed><course>109.158482</course><hAcc>2.390075</hAcc><vAcc>0.784055</vAcc></extensions></trkpt>
      <trkpt lon="35.022939" lat="32.726831"><ele>274.771009</ele><time>2025-04-17T08:00:08Z</time><extensions><speed>0.073418</speed><course>109.108228</course><hAcc>2.508672</hAcc><vAcc>0.778894</vAcc></extensions></trkpt>
      <trkpt lon="35.022940" lat="32.726831"><ele>274.762313</ele><time>2025-04-17T08:00:09Z</time><extensions><speed>0.063812</speed><course>112.819310</course><hAcc>2.567126</hAcc><vAcc>0.774246</vAcc></extensions></trkpt>
      <trkpt lon="35.022941" lat="32.726831"><ele>274.756905</ele><time>2025-04-17T08:00:10Z</time><extensions><speed>0.046086</speed><course>115.668064</course><hAcc>2.603942</hAcc><vAcc>0.770223</vAcc></extensions></trkpt>
      <trkpt lon="35.022943" lat="32.726832"><ele>274.753976</ele><time>2025-04-17T08:00:11Z</time><extensions><speed>0.095147</speed><course>115.382995</course><hAcc>2.599627</hAcc><vAcc>0.766864</vAcc></extensions></trkpt>
      <trkpt lon="35.022945" lat="32.726831"><ele>274.753364</ele><time>2025-04-17T08:00:12Z</time><extensions><speed>0.256828</speed><course>112.447728</course><hAcc>2.567720</hAcc><vAcc>0.764148</vAcc></extensions></trkpt>
      <trkpt lon="35.022948" lat="32.726830"><ele>274.751547</ele><time>2025-04-17T08:00:13Z</time><extensions><speed>0.407110</speed><course>108.331223</course><hAcc>2.569242</hAcc><vAcc>0.762021</vAcc></extensions></trkpt>
      <trkpt lon="35.022953" lat="32.726830"><ele>274.751314</ele><time>2025-04-17T08:00:14Z</time><extensions><speed>0.482723</speed><course>102.548677</course><hAcc>2.618530</hAcc><vAcc>0.760540</vAcc></extensions></trkpt>
      <trkpt lon="35.022959" lat="32.726829"><ele>274.752775</ele><time>2025-04-17T08:00:15Z</time><extensions><speed>0.486421</speed><course>95.045914</course><hAcc>2.688103</hAcc><vAcc>0.759741</vAcc></extensions></trkpt>
      <trkpt lon="35.022963" lat="32.726829"><ele>274.755668</ele><time>2025-04-17T08:00:16Z</time><extensions><speed>0.394469</speed><course>87.132153</course><hAcc>2.771546</hAcc><vAcc>0.759530</vAcc></extensions></trkpt>
      <trkpt lon="35.022966" lat="32.726830"><ele>274.759940</ele><time>2025-04-17T08:00:17Z</time><extensions><speed>0.229758</speed><course>78.596468</course><hAcc>2.849579</hAcc><vAcc>0.759842</vAcc></extensions></trkpt>
      <trkpt lon="35.022968" lat="32.726830"><ele>274.765302</ele><time>2025-04-17T08:00:18Z</time><extensions><speed>0.121905</speed><course>67.522436</course><hAcc>2.880629</hAcc><vAcc>0.760726</vAcc></extensions></trkpt>
      <trkpt lon="35.022968" lat="32.726831"><ele>274.771370</ele><time>2025-04-17T08:00:19Z</time><extensions><speed>0.071591</speed><course>52.827076</course><hAcc>2.869589</hAcc><vAcc>0.761802</vAcc></extensions></trkpt>
      <trkpt lon="35.022969" lat="32.726832"><ele>274.777777</ele><time>2025-04-17T08:00:20Z</time><extensions><speed>0.079240</speed><course>38.856866</course><hAcc>2.816964</hAcc><vAcc>0.763243</vAcc></extensions></trkpt>
      <trkpt lon="35.022969" lat="32.726832"><ele>274.784098</ele><time>2025-04-17T08:00:21Z</time><extensions><speed>0.095740</speed><course>27.579873</course><hAcc>2.747762</hAcc><vAcc>0.764866</vAcc></extensions></trkpt>
      <trkpt lon="35.022969" lat="32.726833"><ele>274.790001</ele><time>2025-04-17T08:00:22Z</time><extensions><speed>0.070773</speed><course>15.334360</course><hAcc>2.717244</hAcc><vAcc>0.766645</vAcc></extensions></trkpt>
      <trkpt lon="35.022969" lat="32.726834"><ele>274.795287</ele><time>2025-04-17T08:00:23Z</time><extensions><speed>0.064437</speed><course>1.159302</course><hAcc>2.691265</hAcc><vAcc>0.768369</vAcc></extensions></trkpt>
      <trkpt lon="35.022969" lat="32.726834"><ele>274.798542</ele><time>2025-04-17T08:00:24Z</time><extensions><speed>0.034579</speed><course>346.929686</course><hAcc>2.693463</hAcc><vAcc>0.770002</vAcc></extensions></trkpt>
      <trkpt lon="35.022969" lat="32.726834"><ele>274.802214</ele><time>2025-04-17T08:00:25Z</time><extensions><speed>0.020307</speed><course>323.630226</course><hAcc>2.666489</hAcc><vAcc>0.771378</vAcc></extensions></trkpt>
      <trkpt lon="35.022969" lat="32.726834"><ele>274.805261</ele><time>2025-04-17T08:00:26Z</time><extensions><speed>0.028088</speed><course>307.199006</course><hAcc>2.595499</hAcc><vAcc>0.772334</vAcc></extensions></trkpt>
      <trkpt lon="35.022969" lat="32.726834"><ele>274.807732</ele><time>2025-04-17T08:00:27Z</time><extensions><speed>0.012546</speed><course>296.520591</course><hAcc>2.578082</hAcc><vAcc>0.772750</vAcc></extensions></trkpt>
      <trkpt lon="35.022970" lat="32.726833"><ele>274.810311</ele><time>2025-04-17T08:00:28Z</time><extensions><speed>0.001844</speed><course>233.474541</course><hAcc>2.557309</hAcc><vAcc>0.772577</vAcc></extensions></trkpt>
      <trkpt lon="35.022971" lat="32.726832"><ele>274.813945</ele><time>2025-04-17T08:00:29Z</time><extensions><speed>0.006129</speed><course>147.180654</course><hAcc>2.521139</hAcc><vAcc>0.771841</vAcc></extensions></trkpt>
      <trkpt lon="35.022973" lat="32.726831"><ele>274.816468</ele><time>2025-04-17T08:00:30Z</time><extensions><speed>0.012114</speed><course>134.247230</course><hAcc>2.488769</hAcc><vAcc>0.770640</vAcc></extensions></trkpt>
      <trkpt lon="35.022975" lat="32.726831"><ele>274.818961</ele><time>2025-04-17T08:00:31Z</time><extensions><speed>0.019022</speed><course>130.841637</course><hAcc>2.463661</hAcc><vAcc>0.769235</vAcc></extensions></trkpt>
      <trkpt lon="35.022976" lat="32.726830"><ele>274.817573</ele><time>2025-04-17T08:00:32Z</time><extensions><speed>0.026395</speed><course>132.126084</course><hAcc>2.447056</hAcc><vAcc>0.767769</vAcc></extensions></trkpt>
      <trkpt lon="35.022977" lat="32.726828"><ele>274.814473</ele><time>2025-04-17T08:00:33Z</time><extensions><speed>0.041982</speed><course>133.398774</course><hAcc>2.431275</hAcc><vAcc>0.766165</vAcc></extensions></trkpt>
      <trkpt lon="35.022979" lat="32.726827"><ele>274.810621</ele><time>2025-04-17T08:00:34Z</time><extensions><speed>0.156397</speed><course>133.761271</course><hAcc>2.394434</hAcc><vAcc>0.764907</vAcc></extensions></trkpt>
      <trkpt lon="35.022981" lat="32.726825"><ele>274.800644</ele><time>2025-04-17T08:00:35Z</time><extensions><speed>0.227138</speed><course>133.510535</course><hAcc>2.411669</hAcc><vAcc>0.764124</vAcc></extensions></trkpt>
      <trkpt lon="35.022983" lat="32.726823"><ele>274.788448</ele><time>2025-04-17T08:00:36Z</time><extensions><speed>0.136472</speed><course>132.507297</course><hAcc>2.483299</hAcc><vAcc>0.763357</vAcc></extensions></trkpt>
      <trkpt lon="35.022984" lat="32.726822"><ele>274.774403</ele><time>2025-04-17T08:00:37Z</time><extensions><speed>0.155737</speed><course>132.164746</course><hAcc>2.499553</hAcc><vAcc>0.763037</vAcc></extensions></trkpt>
      <trkpt lon="35.022986" lat="32.726820"><ele>274.757151</ele><time>2025-04-17T08:00:38Z</time><extensions><speed>0.331255</speed><course>131.818415</course><hAcc>2.474399</hAcc><vAcc>0.763151</vAcc></extensions></trkpt>
      <trkpt lon="35.022990" lat="32.726818"><ele>274.737546</ele><time>2025-04-17T08:00:39Z</time><extensions><speed>0.441726</speed><course>131.902510</course><hAcc>2.486019</hAcc><vAcc>0.763434</vAcc></extensions></trkpt>
      <trkpt lon="35.022993" lat="32.726816"><ele>274.715865</ele><time>2025-04-17T08:00:40Z</time><extensions><speed>0.372483</speed><course>132.572218</course><hAcc>2.568595</hAcc><vAcc>0.763947</vAcc></extensions></trkpt>
      <trkpt lon="35.022996" lat="32.726814"><ele>274.692319</ele><time>2025-04-17T08:00:41Z</time><extensions><speed>0.187571</speed><course>134.462823</course><hAcc>2.641711</hAcc><vAcc>0.764501</vAcc></extensions></trkpt>
      <trkpt lon="35.022998" lat="32.726812"><ele>274.667323</ele><time>2025-04-17T08:00:42Z</time><extensions><speed>0.245364</speed><course>135.696256</course><hAcc>2.618939</hAcc><vAcc>0.765054</vAcc></extensions></trkpt>
      <trkpt lon="35.023000" lat="32.726811"><ele>274.641370</ele><time>2025-04-17T08:00:43Z</time><extensions><speed>0.206849</speed><course>134.792367</course><hAcc>2.634373</hAcc><vAcc>0.765513</vAcc></extensions></trkpt>
      <trkpt lon="35.023001" lat="32.726810"><ele>274.614971</ele><time>2025-04-17T08:00:44Z</time><extensions><speed>0.052599</speed><course>130.936676</course><hAcc>2.679612</hAcc><vAcc>0.766076</vAcc></extensions></trkpt>
      <trkpt lon="35.023002" lat="32.726810"><ele>274.588741</ele><time>2025-04-17T08:00:45Z</time><extensions><speed>0.070545</speed><course>121.946283</course><hAcc>2.621986</hAcc><vAcc>0.766518</vAcc></extensions></trkpt>
      <trkpt lon="35.023002" lat="32.726809"><ele>274.563245</ele><time>2025-04-17T08:00:46Z</time><extensions><speed>0.086912</speed><course>115.404581</course><hAcc>2.558043</hAcc><vAcc>0.766888</vAcc></extensions></trkpt>
      <trkpt lon="35.023003" lat="32.726809"><ele>274.539014</ele><time>2025-04-17T08:00:47Z</time><extensions><speed>0.060049</speed><course>109.098901</course><hAcc>2.550525</hAcc><vAcc>0.767078</vAcc></extensions></trkpt>
      <trkpt lon="35.023003" lat="32.726809"><ele>274.521589</ele><time>2025-04-17T08:00:48Z</time><extensions><speed>0.024944</speed><course>104.250083</course><hAcc>2.545619</hAcc><vAcc>0.767001</vAcc></extensions></trkpt>
      <trkpt lon="35.023003" lat="32.726809"><ele>274.508238</ele><time>2025-04-17T08:00:49Z</time><extensions><speed>0.015939</speed><course>99.836626</course><hAcc>2.499811</hAcc><vAcc>0.766837</vAcc></extensions></trkpt>
      <trkpt lon="35.023002" lat="32.726810"><ele>274.498273</ele><time>2025-04-17T08:00:50Z</time><extensions><speed>0.007922</speed><course>83.867592</course><hAcc>2.464091</hAcc><vAcc>0.766635</vAcc></extensions></trkpt>
      <trkpt lon="35.023003" lat="32.726810"><ele>274.492921</ele><time>2025-04-17T08:00:51Z</time><extensions><speed>0.005315</speed><course>49.394373</course><hAcc>2.434573</hAcc><vAcc>0.766436</vAcc></extensions></trkpt>
      <trkpt lon="35.023003" lat="32.726810"><ele>274.490904</ele><time>2025-04-17T08:00:52Z</time><extensions><speed>0.004829</speed><course>25.940151</course><hAcc>2.410410</hAcc><vAcc>0.766255</vAcc></extensions></trkpt>
      <trkpt lon="35.023003" lat="32.726810"><ele>274.491801</ele><time>2025-04-17T08:00:53Z</time><extensions><speed>0.004632</speed><course>12.583316</course><hAcc>2.394514</hAcc><vAcc>0.766069</vAcc></extensions></trkpt>
      <trkpt lon="35.023004" lat="32.726811"><ele>274.497065</ele><time>2025-04-17T08:00:54Z</time><extensions><speed>0.005089</speed><course>9.956762</course><hAcc>2.381863</hAcc><vAcc>0.765815</vAcc></extensions></trkpt>
      <trkpt lon="35.023004" lat="32.726811"><ele>274.505447</ele><time>2025-04-17T08:00:55Z</time><extensions><speed>0.005643</speed><course>6.530578</course><hAcc>2.375991</hAcc><vAcc>0.765414</vAcc></extensions></trkpt>
      <trkpt lon="35.023004" lat="32.726811"><ele>274.516603</ele><time>2025-04-17T08:00:56Z</time><extensions><speed>0.007050</speed><course>5.044107</course><hAcc>2.373531</hAcc><vAcc>0.764814</vAcc></extensions></trkpt>
      <trkpt lon="35.023005" lat="32.726811"><ele>274.530093</ele><time>2025-04-17T08:00:57Z</time><extensions><speed>0.013168</speed><course>13.922933</course><hAcc>2.367434</hAcc><vAcc>0.764018</vAcc></extensions></trkpt>
      <trkpt lon="35.023005" lat="32.726811"><ele>274.545365</ele><time>2025-04-17T08:00:58Z</time><extensions><speed>0.073292</speed><course>28.654430</course><hAcc>2.314545</hAcc><vAcc>0.763084</vAcc></extensions></trkpt>
      <trkpt lon="35.023007" lat="32.726813"><ele>274.560841</ele><time>2025-04-17T08:00:59Z</time><extensions><speed>0.150213</speed><course>43.143282</course><hAcc>2.329142</hAcc><vAcc>0.762095</vAcc></extensions></trkpt>
      <trkpt lon="35.023009" lat="32.726814"><ele>274.578652</ele><time>2025-04-17T08:01:00Z</time><extensions><speed>0.192142</speed><course>51.105691</course><hAcc>2.410919</hAcc><vAcc>0.761128</vAcc></extensions></trkpt>
      <trkpt lon="35.023012" lat="32.726816"><ele>274.597656</ele><time>2025-04-17T08:01:01Z</time><extensions><speed>0.237229</speed><course>57.242758</course><hAcc>2.478947</hAcc><vAcc>0.760236</vAcc></extensions></trkpt>
      <trkpt lon="35.023016" lat="32.726818"><ele>274.616589</ele><time>2025-04-17T08:01:02Z</time><extensions><speed>0.244653</speed><course>60.744385</course><hAcc>2.525593</hAcc><vAcc>0.759653</vAcc></extensions></trkpt>
      <trkpt lon="35.023019" lat="32.726819"><ele>274.635188</ele><time>2025-04-17T08:01:03Z</time><extensions><speed>0.261485</speed><course>62.257369</course><hAcc>2.552154</hAcc><vAcc>0.759546</vAcc></extensions></trkpt>
      <trkpt lon="35.023023" lat="32.726821"><ele>274.653229</ele><time>2025-04-17T08:01:04Z</time><extensions><speed>0.170050</speed><course>62.664821</course><hAcc>2.597629</hAcc><vAcc>0.759882</vAcc></extensions></trkpt>
      <trkpt lon="35.023024" lat="32.726823"><ele>274.670992</ele><time>2025-04-17T08:01:05Z</time><extensions><speed>0.111079</speed><course>57.986012</course><hAcc>2.612639</hAcc><vAcc>0.760702</vAcc></extensions></trkpt>
      <trkpt lon="35.023024" lat="32.726825"><ele>274.686796</ele><time>2025-04-17T08:01:06Z</time><extensions><speed>0.079254</speed><course>52.888660</course><hAcc>2.609964</hAcc><vAcc>0.762127</vAcc></extensions></trkpt>
      <trkpt lon="35.023025" lat="32.726826"><ele>274.701481</ele><time>2025-04-17T08:01:07Z</time><extensions><speed>0.067363</speed><course>47.953580</course><hAcc>2.600670</hAcc><vAcc>0.764248</vAcc></extensions></trkpt>
      <trkpt lon="35.023025" lat="32.726827"><ele>274.714975</ele><time>2025-04-17T08:01:08Z</time><extensions><speed>0.065526</speed><course>42.199435</course><hAcc>2.584639</hAcc><vAcc>0.767032</vAcc></extensions></trkpt>
      <trkpt lon="35.023024" lat="32.726829"><ele>274.730907</ele><time>2025-04-17T08:01:09Z</time><extensions><speed>0.272249</speed><course>34.130341</course><hAcc>2.513406</hAcc><vAcc>0.770710</vAcc></extensions></trkpt>
      <trkpt lon="35.023024" lat="32.726832"><ele>274.746858</ele><time>2025-04-17T08:01:10Z</time><extensions><speed>0.306457</speed><course>24.814796</course><hAcc>2.495701</hAcc><vAcc>0.775134</vAcc></extensions></trkpt>
      <trkpt lon="35.023024" lat="32.726835"><ele>274.759065</ele><time>2025-04-17T08:01:11Z</time><extensions><speed>0.299369</speed><course>13.300308</course><hAcc>2.537947</hAcc><vAcc>0.780562</vAcc></extensions></trkpt>
      <trkpt lon="35.023022" lat="32.726837"><ele>274.770109</ele><time>2025-04-17T08:01:12Z</time><extensions><speed>0.152153</speed><course>358.617678</course><hAcc>2.622812</hAcc><vAcc>0.786700</vAcc></extensions></trkpt>
      <trkpt lon="35.023020" lat="32.726838"><ele>274.779963</ele><time>2025-04-17T08:01:13Z</time><extensions><speed>0.059588</speed><course>337.885709</course><hAcc>2.650311</hAcc><vAcc>0.793271</vAcc></extensions></trkpt>
      <trkpt lon="35.023018" lat="32.726839"><ele>274.788766</ele><time>2025-04-17T08:01:14Z</time><extensions><speed>0.068527</speed><course>319.068368</course><hAcc>2.622626</hAcc><vAcc>0.800575</vAcc></extensions></trkpt>
      <trkpt lon="35.023017" lat="32.726840"><ele>274.791464</ele><time>2025-04-17T08:01:15Z</time><extensions><speed>0.127075</speed><course>310.650224</course><hAcc>2.581850</hAcc><vAcc>0.808367</vAcc></extensions></trkpt>
      <trkpt lon="35.023015" lat="32.726841"><ele>274.789965</ele><time>2025-04-17T08:01:16Z</time><extensions><speed>0.154434</speed><course>305.713722</course><hAcc>2.561014</hAcc><vAcc>0.817175</vAcc></extensions></trkpt>
      <trkpt lon="35.023014" lat="32.726843"><ele>274.785175</ele><time>2025-04-17T08:01:17Z</time><extensions><speed>0.105188</speed><course>301.144709</course><hAcc>2.563489</hAcc><vAcc>0.825891</vAcc></extensions></trkpt>
      <trkpt lon="35.023013" lat="32.726844"><ele>274.775675</ele><time>2025-04-17T08:01:18Z</time><extensions><speed>0.086743</speed><course>295.365665</course><hAcc>2.551494</hAcc><vAcc>0.833867</vAcc></extensions></trkpt>
      <trkpt lon="35.023011" lat="32.726844"><ele>274.764930</ele><time>2025-04-17T08:01:19Z</time><extensions><speed>0.130342</speed><course>290.898515</course><hAcc>2.524439</hAcc><vAcc>0.839573</vAcc></extensions></trkpt>
      <trkpt lon="35.023009" lat="32.726844"><ele>274.753542</ele><time>2025-04-17T08:01:20Z</time><extensions><speed>0.120323</speed><course>288.845572</course><hAcc>2.518392</hAcc><vAcc>0.843923</vAcc></extensions></trkpt>
      <trkpt lon="35.023007" lat="32.726844"><ele>274.739939</ele><time>2025-04-17T08:01:21Z</time><extensions><speed>0.116272</speed><course>287.484008</course><hAcc>2.525003</hAcc><vAcc>0.846711</vAcc></extensions></trkpt>
      <trkpt lon="35.023006" lat="32.726843"><ele>274.726296</ele><time>2025-04-17T08:01:22Z</time><extensions><speed>0.065167</speed><course>284.484173</course><hAcc>2.554975</hAcc><vAcc>0.848387</vAcc></extensions></trkpt>
      <trkpt lon="35.023005" lat="32.726843"><ele>274.714769</ele><time>2025-04-17T08:01:23Z</time><extensions><speed>0.031701</speed><course>279.744090</course><hAcc>2.574046</hAcc><vAcc>0.848711</vAcc></extensions></trkpt>
      <trkpt lon="35.023005" lat="32.726842"><ele>274.703120</ele><time>2025-04-17T08:01:24Z</time><extensions><speed>0.024972</speed><course>269.236930</course><hAcc>2.576795</hAcc><vAcc>0.847977</vAcc></extensions></trkpt>
      <trkpt lon="35.023004" lat="32.726841"><ele>274.691406</ele><time>2025-04-17T08:01:25Z</time><extensions><speed>0.043918</speed><course>253.309777</course><hAcc>2.583190</hAcc><vAcc>0.845620</vAcc></extensions></trkpt>
      <trkpt lon="35.023004" lat="32.726841"><ele>274.682915</ele><time>2025-04-17T08:01:26Z</time><extensions><speed>0.030178</speed><course>226.965981</course><hAcc>2.622821</hAcc><vAcc>0.842251</vAcc></extensions></trkpt>
      <trkpt lon="35.023003" lat="32.726839"><ele>274.675000</ele><time>2025-04-17T08:01:27Z</time><extensions><speed>0.218529</speed><course>213.906676</course><hAcc>2.590709</hAcc><vAcc>0.838072</vAcc></extensions></trkpt>
      <trkpt lon="35.023001" lat="32.726836"><ele>274.668980</ele><time>2025-04-17T08:01:28Z</time><extensions><speed>0.402615</speed><course>208.603504</course><hAcc>2.623481</hAcc><vAcc>0.833309</vAcc></extensions></trkpt>
      <trkpt lon="35.022998" lat="32.726831"><ele>274.668360</ele><time>2025-04-17T08:01:29Z</time><extensions><speed>0.599672</speed><course>203.794936</course><hAcc>2.718402</hAcc><vAcc>0.828271</vAcc></extensions></trkpt>
      <trkpt lon="35.022996" lat="32.726825"><ele>274.670391</ele><time>2025-04-17T08:01:30Z</time><extensions><speed>0.751044</speed><course>200.155929</course><hAcc>2.831868</hAcc><vAcc>0.823759</vAcc></extensions></trkpt>
      <trkpt lon="35.022993" lat="32.726818"><ele>274.676340</ele><time>2025-04-17T08:01:31Z</time><extensions><speed>0.732666</speed><course>197.364699</course><hAcc>2.917305</hAcc><vAcc>0.819843</vAcc></extensions></trkpt>
      <trkpt lon="35.022991" lat="32.726811"><ele>274.685359</ele><time>2025-04-17T08:01:32Z</time><extensions><speed>0.654290</speed><course>194.836361</course><hAcc>2.982030</hAcc><vAcc>0.816957</vAcc></extensions></trkpt>
      <trkpt lon="35.022990" lat="32.726805"><ele>274.696853</ele><time>2025-04-17T08:01:33Z</time><extensions><speed>0.491683</speed><course>192.691196</course><hAcc>3.039728</hAcc><vAcc>0.815321</vAcc></extensions></trkpt>
      <trkpt lon="35.022989" lat="32.726801"><ele>274.710347</ele><time>2025-04-17T08:01:34Z</time><extensions><speed>0.255719</speed><course>191.047052</course><hAcc>3.074772</hAcc><vAcc>0.815001</vAcc></extensions></trkpt>
      <trkpt lon="35.022989" lat="32.726799"><ele>274.725467</ele><time>2025-04-17T08:01:35Z</time><extensions><speed>0.172491</speed><course>189.938018</course><hAcc>3.042142</hAcc><vAcc>0.815476</vAcc></extensions></trkpt>
      <trkpt lon="35.022988" lat="32.726797"><ele>274.739749</ele><time>2025-04-17T08:01:36Z</time><extensions><speed>0.178552</speed><course>189.734356</course><hAcc>2.977623</hAcc><vAcc>0.815790</vAcc></extensions></trkpt>
      <trkpt lon="35.022988" lat="32.726795"><ele>274.753238</ele><time>2025-04-17T08:01:37Z</time><extensions><speed>0.100550</speed><course>188.144700</course><hAcc>2.949558</hAcc><vAcc>0.815912</vAcc></extensions></trkpt>
      <trkpt lon="35.022987" lat="32.726794"><ele>274.766383</ele><time>2025-04-17T08:01:38Z</time><extensions><speed>0.066339</speed><course>185.743182</course><hAcc>2.913725</hAcc><vAcc>0.815364</vAcc></extensions></trkpt>
      <trkpt lon="35.022985" lat="32.726793"><ele>274.782194</ele><time>2025-04-17T08:01:39Z</time><extensions><speed>0.121600</speed><course>190.980072</course><hAcc>2.839225</hAcc><vAcc>0.813830</vAcc></extensions></trkpt>
      <trkpt lon="35.022983" lat="32.726792"><ele>274.799147</ele><time>2025-04-17T08:01:40Z</time><extensions><speed>0.113101</speed><course>199.127697</course><hAcc>2.799898</hAcc><vAcc>0.811186</vAcc></extensions></trkpt>
      <trkpt lon="35.022982" lat="32.726791"><ele>274.819058</ele><time>2025-04-17T08:01:41Z</time><extensions><speed>0.130250</speed><course>210.147418</course><hAcc>2.776923</hAcc><vAcc>0.807488</vAcc></extensions></trkpt>
      <trkpt lon="35.022980" lat="32.726791"><ele>274.837299</ele><time>2025-04-17T08:01:42Z</time><extensions><speed>0.078836</speed><course>222.493483</course><hAcc>2.821170</hAcc><vAcc>0.802921</vAcc></extensions></trkpt>
      <trkpt lon="35.022979" lat="32.726791"><ele>274.855035</ele><time>2025-04-17T08:01:43Z</time><extensions><speed>0.041192</speed><course>238.612226</course><hAcc>2.860832</hAcc><vAcc>0.797743</vAcc></extensions></trkpt>
      <trkpt lon="35.022978" lat="32.726791"><ele>274.872240</ele><time>2025-04-17T08:01:44Z</time><extensions><speed>0.032452</speed><course>255.663075</course><hAcc>2.878720</hAcc><vAcc>0.792229</vAcc></extensions></trkpt>
      <trkpt lon="35.022978" lat="32.726791"><ele>274.888938</ele><time>2025-04-17T08:01:45Z</time><extensions><speed>0.059143</speed><course>269.488547</course><hAcc>2.877852</hAcc><vAcc>0.786651</vAcc></extensions></trkpt>
      <trkpt lon="35.022975" lat="32.726792"><ele>274.905191</ele><time>2025-04-17T08:01:46Z</time><extensions><speed>0.315247</speed><course>274.224660</course><hAcc>2.819345</hAcc><vAcc>0.781353</vAcc></extensions></trkpt>
      <trkpt lon="35.022970" lat="32.726792"><ele>274.921078</ele><time>2025-04-17T08:01:47Z</time><extensions><speed>0.547572</speed><course>276.489098</course><hAcc>2.803731</hAcc><vAcc>0.776588</vAcc></extensions></trkpt>
      <trkpt lon="35.022963" lat="32.726793"><ele>274.936628</ele><time>2025-04-17T08:01:48Z</time><extensions><speed>0.764301</speed><course>278.171908</course><hAcc>2.850443</hAcc><vAcc>0.772574</vAcc></extensions></trkpt>
      <trkpt lon="35.022954" lat="32.726795"><ele>274.951763</ele><time>2025-04-17T08:01:49Z</time><extensions><speed>0.916997</speed><course>279.194977</course><hAcc>2.927655</hAcc><vAcc>0.769435</vAcc></extensions></trkpt>
      <trkpt lon="35.022944" lat="32.726797"><ele>274.966286</ele><time>2025-04-17T08:01:50Z</time><extensions><speed>0.866587</speed><course>283.940376</course><hAcc>3.001169</hAcc><vAcc>0.767211</vAcc></extensions></trkpt>
      <trkpt lon="35.022936" lat="32.726799"><ele>274.980013</ele><time>2025-04-17T08:01:51Z</time><extensions><speed>0.645735</speed><course>290.943362</course><hAcc>3.055375</hAcc><vAcc>0.766241</vAcc></extensions></trkpt>
      <trkpt lon="35.022931" lat="32.726801"><ele>274.992671</ele><time>2025-04-17T08:01:52Z</time><extensions><speed>0.412327</speed><course>296.833464</course><hAcc>3.095491</hAcc><vAcc>0.766351</vAcc></extensions></trkpt>
      <trkpt lon="35.022927" lat="32.726803"><ele>275.004123</ele><time>2025-04-17T08:01:53Z</time><extensions><speed>0.164152</speed><course>302.400722</course><hAcc>3.111588</hAcc><vAcc>0.767475</vAcc></extensions></trkpt>
      <trkpt lon="35.022926" lat="32.726804"><ele>275.014341</ele><time>2025-04-17T08:01:54Z</time><extensions><speed>0.064261</speed><course>308.764227</course><hAcc>3.069692</hAcc><vAcc>0.769681</vAcc></extensions></trkpt>
      <trkpt lon="35.022925" lat="32.726804"><ele>275.023365</ele><time>2025-04-17T08:01:55Z</time><extensions><speed>0.032135</speed><course>313.391555</course><hAcc>3.010073</hAcc><vAcc>0.773249</vAcc></extensions></trkpt>
      <trkpt lon="35.022925" lat="32.726805"><ele>275.031205</ele><time>2025-04-17T08:01:56Z</time><extensions><speed>0.019500</speed><course>315.115352</course><hAcc>2.950702</hAcc><vAcc>0.778131</vAcc></extensions></trkpt>
      <trkpt lon="35.022924" lat="32.726806"><ele>275.026287</ele><time>2025-04-17T08:01:57Z</time><extensions><speed>0.016507</speed><course>318.939002</course><hAcc>2.894441</hAcc><vAcc>0.784328</vAcc></extensions></trkpt>
      <trkpt lon="35.022924" lat="32.726807"><ele>275.017530</ele><time>2025-04-17T08:01:58Z</time><extensions><speed>0.014931</speed><course>322.579119</course><hAcc>2.844054</hAcc><vAcc>0.791729</vAcc></extensions></trkpt>
      <trkpt lon="35.022923" lat="32.726808"><ele>275.004933</ele><time>2025-04-17T08:01:59Z</time><extensions><speed>0.016665</speed><course>326.167062</course><hAcc>2.795484</hAcc><vAcc>0.800004</vAcc></extensions></trkpt>
      <trkpt lon="35.022923" lat="32.726809"><ele>274.988991</ele><time>2025-04-17T08:02:00Z</time><extensions><speed>0.017144</speed><course>329.549140</course><hAcc>2.750858</hAcc><vAcc>0.809105</vAcc></extensions></trkpt>
      <trkpt lon="35.022923" lat="32.726810"><ele>274.969960</ele><time>2025-04-17T08:02:01Z</time><extensions><speed>0.017773</speed><course>332.570830</course><hAcc>2.711053</hAcc><vAcc>0.818857</vAcc></extensions></trkpt>
      <trkpt lon="35.022923" lat="32.726811"><ele>274.945007</ele><time>2025-04-17T08:02:02Z</time><extensions><speed>0.018485</speed><course>338.935725</course><hAcc>2.675324</hAcc><vAcc>0.828290</vAcc></extensions></trkpt>
      <trkpt lon="35.022923" lat="32.726811"><ele>274.917396</ele><time>2025-04-17T08:02:03Z</time><extensions><speed>0.018948</speed><course>345.005116</course><hAcc>2.643716</hAcc><vAcc>0.837945</vAcc></extensions></trkpt>
      <trkpt lon="35.022924" lat="32.726812"><ele>274.887143</ele><time>2025-04-17T08:02:04Z</time><extensions><speed>0.019763</speed><course>350.662101</course><hAcc>2.615279</hAcc><vAcc>0.847036</vAcc></extensions></trkpt>
      <trkpt lon="35.022925" lat="32.726814"><ele>274.856149</ele><time>2025-04-17T08:02:05Z</time><extensions><speed>0.023306</speed><course>359.025500</course><hAcc>2.589716</hAcc><vAcc>0.854204</vAcc></extensions></trkpt>
      <trkpt lon="35.022926" lat="32.726815"><ele>274.826813</ele><time>2025-04-17T08:02:06Z</time><extensions><speed>0.033865</speed><course>5.742469</course><hAcc>2.564126</hAcc><vAcc>0.860195</vAcc></extensions></trkpt>
      <trkpt lon="35.022926" lat="32.726817"><ele>274.796838</ele><time>2025-04-17T08:02:07Z</time><extensions><speed>0.105293</speed><course>10.762471</course><hAcc>2.533229</hAcc><vAcc>0.865832</vAcc></extensions></trkpt>
      <trkpt lon="35.022927" lat="32.726819"><ele>274.759275</ele><time>2025-04-17T08:02:08Z</time><extensions><speed>0.100722</speed><course>15.679582</course><hAcc>2.552957</hAcc><vAcc>0.870925</vAcc></extensions></trkpt>
      <trkpt lon="35.022929" lat="32.726820"><ele>274.723481</ele><time>2025-04-17T08:02:09Z</time><extensions><speed>0.074480</speed><course>20.863634</course><hAcc>2.578211</hAcc><vAcc>0.874487</vAcc></extensions></trkpt>
      <trkpt lon="35.022930" lat="32.726822"><ele>274.686559</ele><time>2025-04-17T08:02:10Z</time><extensions><speed>0.051615</speed><course>27.043081</course><hAcc>2.587769</hAcc><vAcc>0.874740</vAcc></extensions></trkpt>
      <trkpt lon="35.022931" lat="32.726823"><ele>274.654578</ele><time>2025-04-17T08:02:11Z</time><extensions><speed>0.054672</speed><course>33.287712</course><hAcc>2.578993</hAcc><vAcc>0.872656</vAcc></extensions></trkpt>
      <trkpt lon="35.022932" lat="32.726824"><ele>274.621745</ele><time>2025-04-17T08:02:12Z</time><extensions><speed>0.227349</speed><course>35.465107</course><hAcc>2.545904</hAcc><vAcc>0.869170</vAcc></extensions></trkpt>
      <trkpt lon="35.022934" lat="32.726826"><ele>274.589070</ele><time>2025-04-17T08:02:12Z</time><extensions><speed>0.187753</speed><course>35.399168</course><hAcc>2.600871</hAcc><vAcc>0.864352</vAcc></extensions></trkpt>
      <trkpt lon="35.022936" lat="32.726828"><ele>274.556550</ele><time>2025-04-17T08:02:13Z</time><extensions><speed>0.167724</speed><course>36.503383</course><hAcc>2.645684</hAcc><vAcc>0.858336</vAcc></extensions></trkpt>
      <trkpt lon="35.022938" lat="32.726830"><ele>274.525352</ele><time>2025-04-17T08:02:14Z</time><extensions><speed>0.296340</speed><course>37.727931</course><hAcc>2.658222</hAcc><vAcc>0.851305</vAcc></extensions></trkpt>
      <trkpt lon="35.022940" lat="32.726833"><ele>274.498231</ele><time>2025-04-17T08:02:15Z</time><extensions><speed>0.270183</speed><course>38.559259</course><hAcc>2.738963</hAcc><vAcc>0.843458</vAcc></extensions></trkpt>
      <trkpt lon="35.022942" lat="32.726835"><ele>274.474564</ele><time>2025-04-17T08:02:16Z</time><extensions><speed>0.144555</speed><course>40.841569</course><hAcc>2.837776</hAcc><vAcc>0.834957</vAcc></extensions></trkpt>
      <trkpt lon="35.022944" lat="32.726836"><ele>274.452971</ele><time>2025-04-17T08:02:17Z</time><extensions><speed>0.121280</speed><course>44.037172</course><hAcc>2.870924</hAcc><vAcc>0.825927</vAcc></extensions></trkpt>
      <trkpt lon="35.022946" lat="32.726837"><ele>274.434887</ele><time>2025-04-17T08:02:18Z</time><extensions><speed>0.300382</speed><course>48.374267</course><hAcc>2.843951</hAcc><vAcc>0.816550</vAcc></extensions></trkpt>
      <trkpt lon="35.022950" lat="32.726839"><ele>274.417445</ele><time>2025-04-17T08:02:19Z</time><extensions><speed>0.416673</speed><course>51.270780</course><hAcc>2.849170</hAcc><vAcc>0.807134</vAcc></extensions></trkpt>
      <trkpt lon="35.022954" lat="32.726841"><ele>274.398167</ele><time>2025-04-17T08:02:20Z</time><extensions><speed>0.488774</speed><course>54.300899</course><hAcc>2.895806</hAcc><vAcc>0.798171</vAcc></extensions></trkpt>
      <trkpt lon="35.022959" lat="32.726843"><ele>274.380647</ele><time>2025-04-17T08:02:21Z</time><extensions><speed>0.490451</speed><course>57.545214</course><hAcc>2.968772</hAcc><vAcc>0.790072</vAcc></extensions></trkpt>
      <trkpt lon="35.022964" lat="32.726845"><ele>274.363778</ele><time>2025-04-17T08:02:22Z</time><extensions><speed>0.463744</speed><course>62.581125</course><hAcc>3.028100</hAcc><vAcc>0.782921</vAcc></extensions></trkpt>
      <trkpt lon="35.022969" lat="32.726846"><ele>274.346891</ele><time>2025-04-17T08:02:23Z</time><extensions><speed>0.454362</speed><course>67.648209</course><hAcc>3.058019</hAcc><vAcc>0.776895</vAcc></extensions></trkpt>
      <trkpt lon="35.022974" lat="32.726847"><ele>274.329757</ele><time>2025-04-17T08:02:24Z</time><extensions><speed>0.392417</speed><course>73.720247</course><hAcc>3.091189</hAcc><vAcc>0.772008</vAcc></extensions></trkpt>
      <trkpt lon="35.022978" lat="32.726847"><ele>274.313886</ele><time>2025-04-17T08:02:25Z</time><extensions><speed>0.266788</speed><course>82.810168</course><hAcc>3.129536</hAcc><vAcc>0.768185</vAcc></extensions></trkpt>
      <trkpt lon="35.022982" lat="32.726847"><ele>274.300990</ele><time>2025-04-17T08:02:26Z</time><extensions><speed>0.226459</speed><course>93.580188</course><hAcc>3.140028</hAcc><vAcc>0.765301</vAcc></extensions></trkpt>
      <trkpt lon="35.022984" lat="32.726847"><ele>274.289919</ele><time>2025-04-17T08:02:27Z</time><extensions><speed>0.128873</speed><course>106.753915</course><hAcc>3.149116</hAcc><vAcc>0.763203</vAcc></extensions></trkpt>
      <trkpt lon="35.022986" lat="32.726846"><ele>274.281095</ele><time>2025-04-17T08:02:28Z</time><extensions><speed>0.219745</speed><course>116.810980</course><hAcc>3.073346</hAcc><vAcc>0.761726</vAcc></extensions></trkpt>
      <trkpt lon="35.022989" lat="32.726845"><ele>274.273699</ele><time>2025-04-17T08:02:29Z</time><extensions><speed>0.253085</speed><course>122.213340</course><hAcc>3.014888</hAcc><vAcc>0.760712</vAcc></extensions></trkpt>
      <trkpt lon="35.022991" lat="32.726843"><ele>274.267665</ele><time>2025-04-17T08:02:30Z</time><extensions><speed>0.225428</speed><course>124.786220</course><hAcc>3.016239</hAcc><vAcc>0.760008</vAcc></extensions></trkpt>
      <trkpt lon="35.022992" lat="32.726842"><ele>274.261336</ele><time>2025-04-17T08:02:31Z</time><extensions><speed>0.176001</speed><course>127.414587</course><hAcc>3.033528</hAcc><vAcc>0.759488</vAcc></extensions></trkpt>
      <trkpt lon="35.022992" lat="32.726840"><ele>274.257320</ele><time>2025-04-17T08:02:32Z</time><extensions><speed>0.184903</speed><course>132.000243</course><hAcc>3.019062</hAcc><vAcc>0.759063</vAcc></extensions></trkpt>
      <trkpt lon="35.022993" lat="32.726838"><ele>274.255239</ele><time>2025-04-17T08:02:33Z</time><extensions><speed>0.180749</speed><course>138.804533</course><hAcc>3.018035</hAcc><vAcc>0.758693</vAcc></extensions></trkpt>
      <trkpt lon="35.022994" lat="32.726836"><ele>274.255033</ele><time>2025-04-17T08:02:34Z</time><extensions><speed>0.145061</speed><course>150.830196</course><hAcc>3.030067</hAcc><vAcc>0.758366</vAcc></extensions></trkpt>
      <trkpt lon="35.022994" lat="32.726833"><ele>274.260808</ele><time>2025-04-17T08:02:35Z</time><extensions><speed>0.200167</speed><course>166.699939</course><hAcc>2.990010</hAcc><vAcc>0.758075</vAcc></extensions></trkpt>
      <trkpt lon="35.022994" lat="32.726830"><ele>274.271476</ele><time>2025-04-17T08:02:36Z</time><extensions><speed>0.276740</speed><course>179.017595</course><hAcc>2.948665</hAcc><vAcc>0.757820</vAcc></extensions></trkpt>
      <trkpt lon="35.022994" lat="32.726826"><ele>274.284781</ele><time>2025-04-17T08:02:37Z</time><extensions><speed>0.334975</speed><course>187.171703</course><hAcc>2.936622</hAcc><vAcc>0.757599</vAcc></extensions></trkpt>
      <trkpt lon="35.022993" lat="32.726821"><ele>274.302882</ele><time>2025-04-17T08:02:38Z</time><extensions><speed>0.389293</speed><course>193.090848</course><hAcc>2.940729</hAcc><vAcc>0.757556</vAcc></extensions></trkpt>
      <trkpt lon="35.022991" lat="32.726816"><ele>274.325712</ele><time>2025-04-17T08:02:39Z</time><extensions><speed>0.393569</speed><course>196.524430</course><hAcc>2.963027</hAcc><vAcc>0.757674</vAcc></extensions></trkpt>
      <trkpt lon="35.022990" lat="32.726812"><ele>274.352542</ele><time>2025-04-17T08:02:40Z</time><extensions><speed>0.286290</speed><course>198.726995</course><hAcc>2.983663</hAcc><vAcc>0.758214</vAcc></extensions></trkpt>
      <trkpt lon="35.022989" lat="32.726808"><ele>274.383897</ele><time>2025-04-17T08:02:41Z</time><extensions><speed>0.381945</speed><course>197.363097</course><hAcc>2.921392</hAcc><vAcc>0.759165</vAcc></extensions></trkpt>
      <trkpt lon="35.022988" lat="32.726804"><ele>274.418874</ele><time>2025-04-17T08:02:42Z</time><extensions><speed>0.515630</speed><course>195.242462</course><hAcc>2.825248</hAcc><vAcc>0.760531</vAcc></extensions></trkpt>
      <trkpt lon="35.022987" lat="32.726799"><ele>274.455855</ele><time>2025-04-17T08:02:43Z</time><extensions><speed>0.479066</speed><course>192.718342</course><hAcc>2.787386</hAcc><vAcc>0.761869</vAcc></extensions></trkpt>
      <trkpt lon="35.022987" lat="32.726796"><ele>274.493212</ele><time>2025-04-17T08:02:44Z</time><extensions><speed>0.287741</speed><course>188.941895</course><hAcc>2.808643</hAcc><vAcc>0.764089</vAcc></extensions></trkpt>
      <trkpt lon="35.022988" lat="32.726794"><ele>274.530693</ele><time>2025-04-17T08:02:45Z</time><extensions><speed>0.188189</speed><course>184.429623</course><hAcc>2.819900</hAcc><vAcc>0.766926</vAcc></extensions></trkpt>
      <trkpt lon="35.022989" lat="32.726793"><ele>274.566334</ele><time>2025-04-17T08:02:46Z</time><extensions><speed>0.081143</speed><course>179.404519</course><hAcc>2.832622</hAcc><vAcc>0.770655</vAcc></extensions></trkpt>
      <trkpt lon="35.022989" lat="32.726793"><ele>274.600959</ele><time>2025-04-17T08:02:47Z</time><extensions><speed>0.047831</speed><course>171.473431</course><hAcc>2.823560</hAcc><vAcc>0.775514</vAcc></extensions></trkpt>
      <trkpt lon="35.022989" lat="32.726792"><ele>274.632640</ele><time>2025-04-17T08:02:48Z</time><extensions><speed>0.132806</speed><course>163.167661</course><hAcc>2.761826</hAcc><vAcc>0.781514</vAcc></extensions></trkpt>
      <trkpt lon="35.022989" lat="32.726792"><ele>274.662172</ele><time>2025-04-17T08:02:49Z</time><extensions><speed>0.125818</speed><course>152.988547</course><hAcc>2.752908</hAcc><vAcc>0.788188</vAcc></extensions></trkpt>
      <trkpt lon="35.022989" lat="32.726791"><ele>274.683890</ele><time>2025-04-17T08:02:50Z</time><extensions><speed>0.069434</speed><course>128.490592</course><hAcc>2.789376</hAcc><vAcc>0.795676</vAcc></extensions></trkpt>
      <trkpt lon="35.022989" lat="32.726791"><ele>274.703758</ele><time>2025-04-17T08:02:51Z</time><extensions><speed>0.088227</speed><course>87.686700</course><hAcc>2.773932</hAcc><vAcc>0.803924</vAcc></extensions></trkpt>
      <trkpt lon="35.022990" lat="32.726792"><ele>274.719061</ele><time>2025-04-17T08:02:52Z</time><extensions><speed>0.104110</speed><course>49.869491</course><hAcc>2.788559</hAcc><vAcc>0.812578</vAcc></extensions></trkpt>
      <trkpt lon="35.022989" lat="32.726793"><ele>274.721127</ele><time>2025-04-17T08:02:53Z</time><extensions><speed>0.133174</speed><course>17.801743</course><hAcc>2.835361</hAcc><vAcc>0.821294</vAcc></extensions></trkpt>
      <trkpt lon="35.022988" lat="32.726795"><ele>274.717529</ele><time>2025-04-17T08:02:54Z</time><extensions><speed>0.170823</speed><course>350.539310</course><hAcc>2.889368</hAcc><vAcc>0.829482</vAcc></extensions></trkpt>
      <trkpt lon="35.022986" lat="32.726797"><ele>274.708957</ele><time>2025-04-17T08:02:55Z</time><extensions><speed>0.243465</speed><course>328.917796</course><hAcc>2.927442</hAcc><vAcc>0.837048</vAcc></extensions></trkpt>
      <trkpt lon="35.022983" lat="32.726800"><ele>274.700054</ele><time>2025-04-17T08:02:56Z</time><extensions><speed>0.311987</speed><course>314.768473</course><hAcc>2.965002</hAcc><vAcc>0.844311</vAcc></extensions></trkpt>
      <trkpt lon="35.022978" lat="32.726802"><ele>274.692863</ele><time>2025-04-17T08:02:57Z</time><extensions><speed>0.385761</speed><course>306.671120</course><hAcc>2.984564</hAcc><vAcc>0.850038</vAcc></extensions></trkpt>
      <trkpt lon="35.022973" lat="32.726805"><ele>274.687973</ele><time>2025-04-17T08:02:58Z</time><extensions><speed>0.453481</speed><course>301.459625</course><hAcc>2.987976</hAcc><vAcc>0.853863</vAcc></extensions></trkpt>
      <trkpt lon="35.022967" lat="32.726807"><ele>274.684507</ele><time>2025-04-17T08:02:59Z</time><extensions><speed>0.518912</speed><course>298.534817</course><hAcc>2.983493</hAcc><vAcc>0.856570</vAcc></extensions></trkpt>
      <trkpt lon="35.022960" lat="32.726810"><ele>274.679571</ele><time>2025-04-17T08:03:00Z</time><extensions><speed>0.563329</speed><course>296.670775</course><hAcc>2.978084</hAcc><vAcc>0.857805</vAcc></extensions></trkpt>
      <trkpt lon="35.022953" lat="32.726813"><ele>274.673446</ele><time>2025-04-17T08:03:01Z</time><extensions><speed>0.650572</speed><course>295.248679</course><hAcc>2.958366</hAcc><vAcc>0.857430</vAcc></extensions></trkpt>
      <trkpt lon="35.022944" lat="32.726816"><ele>274.674462</ele><time>2025-04-17T08:03:02Z</time><extensions><speed>0.759922</speed><course>294.814985</course><hAcc>2.928642</hAcc><vAcc>0.854617</vAcc></extensions></trkpt>
      <trkpt lon="35.022935" lat="32.726819"><ele>274.674402</ele><time>2025-04-17T08:03:03Z</time><extensions><speed>0.869916</speed><course>295.813008</course><hAcc>2.901186</hAcc><vAcc>0.850309</vAcc></extensions></trkpt>
      <trkpt lon="35.022926" lat="32.726822"><ele>274.674688</ele><time>2025-04-17T08:03:04Z</time><extensions><speed>0.781547</speed><course>292.223820</course><hAcc>2.884453</hAcc><vAcc>0.845102</vAcc></extensions></trkpt>
      <trkpt lon="35.022918" lat="32.726825"><ele>274.677665</ele><time>2025-04-17T08:03:05Z</time><extensions><speed>0.711482</speed><course>289.488217</course><hAcc>2.876423</hAcc><vAcc>0.839441</vAcc></extensions></trkpt>
      <trkpt lon="35.022910" lat="32.726827"><ele>274.678478</ele><time>2025-04-17T08:03:06Z</time><extensions><speed>0.618311</speed><course>287.432608</course><hAcc>2.878223</hAcc><vAcc>0.833241</vAcc></extensions></trkpt>
      <trkpt lon="35.022904" lat="32.726829"><ele>274.679534</ele><time>2025-04-17T08:03:07Z</time><extensions><speed>0.522858</speed><course>286.297459</course><hAcc>2.873952</hAcc><vAcc>0.827149</vAcc></extensions></trkpt>
      <trkpt lon="35.022897" lat="32.726830"><ele>274.678002</ele><time>2025-04-17T08:03:08Z</time><extensions><speed>0.624934</speed><course>285.954145</course><hAcc>2.831631</hAcc><vAcc>0.821433</vAcc></extensions></trkpt>
      <trkpt lon="35.022890" lat="32.726832"><ele>274.675746</ele><time>2025-04-17T08:03:09Z</time><extensions><speed>0.609092</speed><course>286.136305</course><hAcc>2.805007</hAcc><vAcc>0.816071</vAcc></extensions></trkpt>
      <trkpt lon="35.022884" lat="32.726833"><ele>274.669988</ele><time>2025-04-17T08:03:10Z</time><extensions><speed>0.548221</speed><course>286.494347</course><hAcc>2.790810</hAcc><vAcc>0.811251</vAcc></extensions></trkpt>
      <trkpt lon="35.022878" lat="32.726834"><ele>274.657948</ele><time>2025-04-17T08:03:11Z</time><extensions><speed>0.448847</speed><course>287.910580</course><hAcc>2.770509</hAcc><vAcc>0.806887</vAcc></extensions></trkpt>
      <trkpt lon="35.022874" lat="32.726835"><ele>274.642028</ele><time>2025-04-17T08:03:12Z</time><extensions><speed>0.306822</speed><course>294.929467</course><hAcc>2.739790</hAcc><vAcc>0.803132</vAcc></extensions></trkpt>
      <trkpt lon="35.022872" lat="32.726836"><ele>274.626216</ele><time>2025-04-17T08:03:13Z</time><extensions><speed>0.270431</speed><course>298.233809</course><hAcc>2.721133</hAcc><vAcc>0.800122</vAcc></extensions></trkpt>
      <trkpt lon="35.022869" lat="32.726836"><ele>274.610603</ele><time>2025-04-17T08:03:14Z</time><extensions><speed>0.297623</speed><course>280.556046</course><hAcc>2.723896</hAcc><vAcc>0.798611</vAcc></extensions></trkpt>
      <trkpt lon="35.022866" lat="32.726837"><ele>274.591208</ele><time>2025-04-17T08:03:15Z</time><extensions><speed>0.291520</speed><course>270.825945</course><hAcc>2.726103</hAcc><vAcc>0.797715</vAcc></extensions></trkpt>
      <trkpt lon="35.022863" lat="32.726836"><ele>274.573963</ele><time>2025-04-17T08:03:16Z</time><extensions><speed>0.268569</speed><course>263.120075</course><hAcc>2.721544</hAcc><vAcc>0.797274</vAcc></extensions></trkpt>
      <trkpt lon="35.022861" lat="32.726836"><ele>274.553206</ele><time>2025-04-17T08:03:17Z</time><extensions><speed>0.246566</speed><course>253.123739</course><hAcc>2.712843</hAcc><vAcc>0.797949</vAcc></extensions></trkpt>
      <trkpt lon="35.022859" lat="32.726835"><ele>274.532871</ele><time>2025-04-17T08:03:18Z</time><extensions><speed>0.227494</speed><course>241.502417</course><hAcc>2.701546</hAcc><vAcc>0.799582</vAcc></extensions></trkpt>
      <trkpt lon="35.022857" lat="32.726834"><ele>274.515489</ele><time>2025-04-17T08:03:19Z</time><extensions><speed>0.197226</speed><course>228.709058</course><hAcc>2.694720</hAcc><vAcc>0.802337</vAcc></extensions></trkpt>
      <trkpt lon="35.022856" lat="32.726833"><ele>274.498989</ele><time>2025-04-17T08:03:20Z</time><extensions><speed>0.160922</speed><course>212.310423</course><hAcc>2.689618</hAcc><vAcc>0.806344</vAcc></extensions></trkpt>
      <trkpt lon="35.022856" lat="32.726832"><ele>274.484616</ele><time>2025-04-17T08:03:21Z</time><extensions><speed>0.117938</speed><course>187.426356</course><hAcc>2.683249</hAcc><vAcc>0.811823</vAcc></extensions></trkpt>
      <trkpt lon="35.022856" lat="32.726832"><ele>274.473263</ele><time>2025-04-17T08:03:22Z</time><extensions><speed>0.096047</speed><course>151.516822</course><hAcc>2.673708</hAcc><vAcc>0.819513</vAcc></extensions></trkpt>
      <trkpt lon="35.022857" lat="32.726831"><ele>274.464918</ele><time>2025-04-17T08:03:23Z</time><extensions><speed>0.088316</speed><course>112.550210</course><hAcc>2.673401</hAcc><vAcc>0.827642</vAcc></extensions></trkpt>
      <trkpt lon="35.022858" lat="32.726831"><ele>274.457288</ele><time>2025-04-17T08:03:24Z</time><extensions><speed>0.091660</speed><course>76.100290</course><hAcc>2.671314</hAcc><vAcc>0.835320</vAcc></extensions></trkpt>
      <trkpt lon="35.022859" lat="32.726832"><ele>274.448206</ele><time>2025-04-17T08:03:25Z</time><extensions><speed>0.115985</speed><course>50.815597</course><hAcc>2.661865</hAcc><vAcc>0.845229</vAcc></extensions></trkpt>
      <trkpt lon="35.022860" lat="32.726833"><ele>274.443501</ele><time>2025-04-17T08:03:26Z</time><extensions><speed>0.134773</speed><course>18.809514</course><hAcc>2.653338</hAcc><vAcc>0.856226</vAcc></extensions></trkpt>
      <trkpt lon="35.022860" lat="32.726834"><ele>274.439953</ele><time>2025-04-17T08:03:27Z</time><extensions><speed>0.172412</speed><course>355.726673</course><hAcc>2.656146</hAcc><vAcc>0.866671</vAcc></extensions></trkpt>
      <trkpt lon="35.022859" lat="32.726836"><ele>274.437575</ele><time>2025-04-17T08:03:28Z</time><extensions><speed>0.249838</speed><course>335.321617</course><hAcc>2.658672</hAcc><vAcc>0.876545</vAcc></extensions></trkpt>
      <trkpt lon="35.022859" lat="32.726838"><ele>274.424052</ele><time>2025-04-17T08:03:29Z</time><extensions><speed>0.234183</speed><course>346.941731</course><hAcc>2.643498</hAcc><vAcc>0.884980</vAcc></extensions></trkpt>
      <trkpt lon="35.022858" lat="32.726840"><ele>274.405129</ele><time>2025-04-17T08:03:30Z</time><extensions><speed>0.222121</speed><course>348.073738</course><hAcc>2.627023</hAcc><vAcc>0.893232</vAcc></extensions></trkpt>
      <trkpt lon="35.022858" lat="32.726842"><ele>274.379644</ele><time>2025-04-17T08:03:31Z</time><extensions><speed>0.192238</speed><course>347.627066</course><hAcc>2.611631</hAcc><vAcc>0.900541</vAcc></extensions></trkpt>
      <trkpt lon="35.022858" lat="32.726843"><ele>274.358480</ele><time>2025-04-17T08:03:32Z</time><extensions><speed>0.183101</speed><course>336.432574</course><hAcc>2.591125</hAcc><vAcc>0.906011</vAcc></extensions></trkpt>
      <trkpt lon="35.022857" lat="32.726845"><ele>274.330316</ele><time>2025-04-17T08:03:33Z</time><extensions><speed>0.138011</speed><course>337.762253</course><hAcc>2.572874</hAcc><vAcc>0.910753</vAcc></extensions></trkpt>
      <trkpt lon="35.022857" lat="32.726845"><ele>274.299694</ele><time>2025-04-17T08:03:34Z</time><extensions><speed>0.069936</speed><course>16.330285</course><hAcc>2.563087</hAcc><vAcc>0.913552</vAcc></extensions></trkpt>
      <trkpt lon="35.022858" lat="32.726846"><ele>274.269502</ele><time>2025-04-17T08:03:35Z</time><extensions><speed>0.060496</speed><course>60.353212</course><hAcc>2.550786</hAcc><vAcc>0.916604</vAcc></extensions></trkpt>
      <trkpt lon="35.022858" lat="32.726846"><ele>274.237839</ele><time>2025-04-17T08:03:36Z</time><extensions><speed>0.064777</speed><course>79.311932</course><hAcc>2.536788</hAcc><vAcc>0.919568</vAcc></extensions></trkpt>
      <trkpt lon="35.022859" lat="32.726846"><ele>274.204942</ele><time>2025-04-17T08:03:37Z</time><extensions><speed>0.083721</speed><course>91.720706</course><hAcc>2.527527</hAcc><vAcc>0.922666</vAcc></extensions></trkpt>
      <trkpt lon="35.022860" lat="32.726846"><ele>274.184047</ele><time>2025-04-17T08:03:38Z</time><extensions><speed>0.092437</speed><course>92.286386</course><hAcc>2.514444</hAcc><vAcc>0.925898</vAcc></extensions></trkpt>
      <trkpt lon="35.022862" lat="32.726846"><ele>274.164818</ele><time>2025-04-17T08:03:39Z</time><extensions><speed>0.085701</speed><course>90.140883</course><hAcc>2.496498</hAcc><vAcc>0.928528</vAcc></extensions></trkpt>
      <trkpt lon="35.022863" lat="32.726846"><ele>274.147346</ele><time>2025-04-17T08:03:40Z</time><extensions><speed>0.088556</speed><course>88.201784</course><hAcc>2.472805</hAcc><vAcc>0.931064</vAcc></extensions></trkpt>
      <trkpt lon="35.022863" lat="32.726847"><ele>274.128658</ele><time>2025-04-17T08:03:41Z</time><extensions><speed>0.080063</speed><course>82.143643</course><hAcc>2.463838</hAcc><vAcc>0.933840</vAcc></extensions></trkpt>
      <trkpt lon="35.022864" lat="32.726847"><ele>274.115438</ele><time>2025-04-17T08:03:42Z</time><extensions><speed>0.069963</speed><course>71.827792</course><hAcc>2.463945</hAcc><vAcc>0.937206</vAcc></extensions></trkpt>
      <trkpt lon="35.022865" lat="32.726847"><ele>274.104898</ele><time>2025-04-17T08:03:43Z</time><extensions><speed>0.066162</speed><course>39.969691</course><hAcc>2.436548</hAcc><vAcc>0.940903</vAcc></extensions></trkpt>
      <trkpt lon="35.022865" lat="32.726848"><ele>274.094167</ele><time>2025-04-17T08:03:44Z</time><extensions><speed>0.079968</speed><course>1.811538</course><hAcc>2.418745</hAcc><vAcc>0.943803</vAcc></extensions></trkpt>
      <trkpt lon="35.022866" lat="32.726848"><ele>274.085017</ele><time>2025-04-17T08:03:45Z</time><extensions><speed>0.077841</speed><course>37.315069</course><hAcc>2.427907</hAcc><vAcc>0.946461</vAcc></extensions></trkpt>
      <trkpt lon="35.022866" lat="32.726849"><ele>274.078507</ele><time>2025-04-17T08:03:46Z</time><extensions><speed>0.081239</speed><course>43.705750</course><hAcc>2.427661</hAcc><vAcc>0.948740</vAcc></extensions></trkpt>
      <trkpt lon="35.022867" lat="32.726849"><ele>274.074314</ele><time>2025-04-17T08:03:47Z</time><extensions><speed>0.077460</speed><course>40.396788</course><hAcc>2.411853</hAcc><vAcc>0.950666</vAcc></extensions></trkpt>
      <trkpt lon="35.022867" lat="32.726850"><ele>274.071985</ele><time>2025-04-17T08:03:48Z</time><extensions><speed>0.073853</speed><course>36.380115</course><hAcc>2.378253</hAcc><vAcc>0.952376</vAcc></extensions></trkpt>
      <trkpt lon="35.022868" lat="32.726850"><ele>274.070991</ele><time>2025-04-17T08:03:49Z</time><extensions><speed>0.056820</speed><course>45.489983</course><hAcc>2.361016</hAcc><vAcc>0.952998</vAcc></extensions></trkpt>
      <trkpt lon="35.022868" lat="32.726850"><ele>274.070868</ele><time>2025-04-17T08:03:50Z</time><extensions><speed>0.041146</speed><course>59.555641</course><hAcc>2.350758</hAcc><vAcc>0.953075</vAcc></extensions></trkpt>
      <trkpt lon="35.022869" lat="32.726850"><ele>274.071254</ele><time>2025-04-17T08:03:51Z</time><extensions><speed>0.030850</speed><course>79.823625</course><hAcc>2.343729</hAcc><vAcc>0.952234</vAcc></extensions></trkpt>
      <trkpt lon="35.022869" lat="32.726850"><ele>274.071895</ele><time>2025-04-17T08:03:52Z</time><extensions><speed>0.027768</speed><course>102.326610</course><hAcc>2.328403</hAcc><vAcc>0.951312</vAcc></extensions></trkpt>
      <trkpt lon="35.022869" lat="32.726850"><ele>274.064635</ele><time>2025-04-17T08:03:53Z</time><extensions><speed>0.041021</speed><course>131.667915</course><hAcc>2.293538</hAcc><vAcc>0.949449</vAcc></extensions></trkpt>
      <trkpt lon="35.022870" lat="32.726849"><ele>274.065808</ele><time>2025-04-17T08:03:54Z</time><extensions><speed>0.054436</speed><course>140.239529</course><hAcc>2.290203</hAcc><vAcc>0.946178</vAcc></extensions></trkpt>
      <trkpt lon="35.022870" lat="32.726849"><ele>274.066930</ele><time>2025-04-17T08:03:55Z</time><extensions><speed>0.059669</speed><course>144.980325</course><hAcc>2.295766</hAcc><vAcc>0.942152</vAcc></extensions></trkpt>
      <trkpt lon="35.022871" lat="32.726848"><ele>274.073668</ele><time>2025-04-17T08:03:56Z</time><extensions><speed>0.072354</speed><course>149.874987</course><hAcc>2.288594</hAcc><vAcc>0.937461</vAcc></extensions></trkpt>
      <trkpt lon="35.022871" lat="32.726847"><ele>274.080761</ele><time>2025-04-17T08:03:57Z</time><extensions><speed>0.085595</speed><course>153.543469</course><hAcc>2.280298</hAcc><vAcc>0.932293</vAcc></extensions></trkpt>
      <trkpt lon="35.022872" lat="32.726846"><ele>274.088330</ele><time>2025-04-17T08:03:58Z</time><extensions><speed>0.126884</speed><course>156.246750</course><hAcc>2.250078</hAcc><vAcc>0.926243</vAcc></extensions></trkpt>
      <trkpt lon="35.022872" lat="32.726845"><ele>274.096504</ele><time>2025-04-17T08:03:59Z</time><extensions><speed>0.161360</speed><course>158.166535</course><hAcc>2.235677</hAcc><vAcc>0.919282</vAcc></extensions></trkpt>
      <trkpt lon="35.022873" lat="32.726843"><ele>274.105032</ele><time>2025-04-17T08:04:00Z</time><extensions><speed>0.193660</speed><course>159.784367</course><hAcc>2.234832</hAcc><vAcc>0.912294</vAcc></extensions></trkpt>
      <trkpt lon="35.022874" lat="32.726842"><ele>274.114269</ele><time>2025-04-17T08:04:01Z</time><extensions><speed>0.223841</speed><course>161.379787</course><hAcc>2.234673</hAcc><vAcc>0.904300</vAcc></extensions></trkpt>
      <trkpt lon="35.022875" lat="32.726840"><ele>274.123994</ele><time>2025-04-17T08:04:02Z</time><extensions><speed>0.240510</speed><course>163.459203</course><hAcc>2.234021</hAcc><vAcc>0.896493</vAcc></extensions></trkpt>
      <trkpt lon="35.022875" lat="32.726838"><ele>274.134309</ele><time>2025-04-17T08:04:03Z</time><extensions><speed>0.219592</speed><course>167.687259</course><hAcc>2.239747</hAcc><vAcc>0.888756</vAcc></extensions></trkpt>
      <trkpt lon="35.022876" lat="32.726836"><ele>274.146043</ele><time>2025-04-17T08:04:04Z</time><extensions><speed>0.167320</speed><course>168.799008</course><hAcc>2.246940</hAcc><vAcc>0.881162</vAcc></extensions></trkpt>
      <trkpt lon="35.022876" lat="32.726834"><ele>274.156506</ele><time>2025-04-17T08:04:05Z</time><extensions><speed>0.167243</speed><course>172.994217</course><hAcc>2.208435</hAcc><vAcc>0.873125</vAcc></extensions></trkpt>
      <trkpt lon="35.022876" lat="32.726833"><ele>274.166382</ele><time>2025-04-17T08:04:06Z</time><extensions><speed>0.138866</speed><course>179.614179</course><hAcc>2.177949</hAcc><vAcc>0.865426</vAcc></extensions></trkpt>
      <trkpt lon="35.022876" lat="32.726832"><ele>274.175916</ele><time>2025-04-17T08:04:07Z</time><extensions><speed>0.109608</speed><course>176.371320</course><hAcc>2.163862</hAcc><vAcc>0.858075</vAcc></extensions></trkpt>
      <trkpt lon="35.022876" lat="32.726831"><ele>274.183432</ele><time>2025-04-17T08:04:08Z</time><extensions><speed>0.083994</speed><course>166.469688</course><hAcc>2.156123</hAcc><vAcc>0.851192</vAcc></extensions></trkpt>
      <trkpt lon="35.022877" lat="32.726831"><ele>274.188896</ele><time>2025-04-17T08:04:09Z</time><extensions><speed>0.060863</speed><course>153.239854</course><hAcc>2.150741</hAcc><vAcc>0.845131</vAcc></extensions></trkpt>
      <trkpt lon="35.022877" lat="32.726830"><ele>274.192907</ele><time>2025-04-17T08:04:10Z</time><extensions><speed>0.043968</speed><course>131.113800</course><hAcc>2.147744</hAcc><vAcc>0.839769</vAcc></extensions></trkpt>
      <trkpt lon="35.022877" lat="32.726830"><ele>274.195398</ele><time>2025-04-17T08:04:11Z</time><extensions><speed>0.039371</speed><course>99.410028</course><hAcc>2.146390</hAcc><vAcc>0.834957</vAcc></extensions></trkpt>
      <trkpt lon="35.022878" lat="32.726830"><ele>274.196564</ele><time>2025-04-17T08:04:12Z</time><extensions><speed>0.045142</speed><course>72.923803</course><hAcc>2.150546</hAcc><vAcc>0.831170</vAcc></extensions></trkpt>
      <trkpt lon="35.022878" lat="32.726830"><ele>274.196322</ele><time>2025-04-17T08:04:13Z</time><extensions><speed>0.053752</speed><course>56.940033</course><hAcc>2.152249</hAcc><vAcc>0.828161</vAcc></extensions></trkpt>
      <trkpt lon="35.022879" lat="32.726831"><ele>274.194693</ele><time>2025-04-17T08:04:14Z</time><extensions><speed>0.058931</speed><course>45.470935</course><hAcc>2.140837</hAcc><vAcc>0.825544</vAcc></extensions></trkpt>
      <trkpt lon="35.022879" lat="32.726831"><ele>274.199152</ele><time>2025-04-17T08:04:15Z</time><extensions><speed>0.065898</speed><course>48.480770</course><hAcc>2.130775</hAcc><vAcc>0.823750</vAcc></extensions></trkpt>
      <trkpt lon="35.022880" lat="32.726831"><ele>274.202115</ele><time>2025-04-17T08:04:16Z</time><extensions><speed>0.062006</speed><course>36.116545</course><hAcc>2.128862</hAcc><vAcc>0.822272</vAcc></extensions></trkpt>
      <trkpt lon="35.022880" lat="32.726832"><ele>274.205998</ele><time>2025-04-17T08:04:17Z</time><extensions><speed>0.057901</speed><course>25.887570</course><hAcc>2.130469</hAcc><vAcc>0.820817</vAcc></extensions></trkpt>
      <trkpt lon="35.022880" lat="32.726832"><ele>274.210863</ele><time>2025-04-17T08:04:18Z</time><extensions><speed>0.057840</speed><course>2.693048</course><hAcc>2.127638</hAcc><vAcc>0.819563</vAcc></extensions></trkpt>
      <trkpt lon="35.022880" lat="32.726833"><ele>274.219320</ele><time>2025-04-17T08:04:19Z</time><extensions><speed>0.059143</speed><course>350.661478</course><hAcc>2.126450</hAcc><vAcc>0.818341</vAcc></extensions></trkpt>
      <trkpt lon="35.022880" lat="32.726833"><ele>274.227258</ele><time>2025-04-17T08:04:20Z</time><extensions><speed>0.048663</speed><course>3.317506</course><hAcc>2.131382</hAcc><vAcc>0.817383</vAcc></extensions></trkpt>
      <trkpt lon="35.022880" lat="32.726834"><ele>274.236063</ele><time>2025-04-17T08:04:21Z</time><extensions><speed>0.043308</speed><course>8.620170</course><hAcc>2.137911</hAcc><vAcc>0.816350</vAcc></extensions></trkpt>
      <trkpt lon="35.022880" lat="32.726834"><ele>274.246150</ele><time>2025-04-17T08:04:22Z</time><extensions><speed>0.040747</speed><course>7.314953</course><hAcc>2.146703</hAcc><vAcc>0.815025</vAcc></extensions></trkpt>
      <trkpt lon="35.022880" lat="32.726835"><ele>274.261752</ele><time>2025-04-17T08:04:23Z</time><extensions><speed>0.044618</speed><course>0.522079</course><hAcc>2.153001</hAcc><vAcc>0.813667</vAcc></extensions></trkpt>
      <trkpt lon="35.022880" lat="32.726835"><ele>274.280163</ele><time>2025-04-17T08:04:24Z</time><extensions><speed>0.052400</speed><course>350.768122</course><hAcc>2.154643</hAcc><vAcc>0.811511</vAcc></extensions></trkpt>
      <trkpt lon="35.022880" lat="32.726836"><ele>274.301221</ele><time>2025-04-17T08:04:25Z</time><extensions><speed>0.064474</speed><course>337.869913</course><hAcc>2.151414</hAcc><vAcc>0.808975</vAcc></extensions></trkpt>
      <trkpt lon="35.022880" lat="32.726836"><ele>274.322477</ele><time>2025-04-17T08:04:26Z</time><extensions><speed>0.095083</speed><course>320.974375</course><hAcc>2.143803</hAcc><vAcc>0.806084</vAcc></extensions></trkpt>
      <trkpt lon="35.022879" lat="32.726837"><ele>274.343615</ele><time>2025-04-17T08:04:27Z</time><extensions><speed>0.087611</speed><course>330.234124</course><hAcc>2.139533</hAcc><vAcc>0.802951</vAcc></extensions></trkpt>
      <trkpt lon="35.022879" lat="32.726838"><ele>274.365009</ele><time>2025-04-17T08:04:28Z</time><extensions><speed>0.097781</speed><course>335.556688</course><hAcc>2.135058</hAcc><vAcc>0.799516</vAcc></extensions></trkpt>
      <trkpt lon="35.022878" lat="32.726839"><ele>274.386426</ele><time>2025-04-17T08:04:29Z</time><extensions><speed>0.123910</speed><course>330.775232</course><hAcc>2.127689</hAcc><vAcc>0.795881</vAcc></extensions></trkpt>
      <trkpt lon="35.022877" lat="32.726840"><ele>274.407570</ele><time>2025-04-17T08:04:30Z</time><extensions><speed>0.146344</speed><course>326.701013</course><hAcc>2.120444</hAcc><vAcc>0.792074</vAcc></extensions></trkpt>
      <trkpt lon="35.022876" lat="32.726841"><ele>274.428179</ele><time>2025-04-17T08:04:31Z</time><extensions><speed>0.165107</speed><course>324.636084</course><hAcc>2.116920</hAcc><vAcc>0.788123</vAcc></extensions></trkpt>
      <trkpt lon="35.022875" lat="32.726842"><ele>274.439285</ele><time>2025-04-17T08:04:32Z</time><extensions><speed>0.179896</speed><course>322.912136</course><hAcc>2.116816</hAcc><vAcc>0.784082</vAcc></extensions></trkpt>
      <trkpt lon="35.022874" lat="32.726844"><ele>274.447444</ele><time>2025-04-17T08:04:33Z</time><extensions><speed>0.216485</speed><course>315.426108</course><hAcc>2.111718</hAcc><vAcc>0.780047</vAcc></extensions></trkpt>
      <trkpt lon="35.022872" lat="32.726845"><ele>274.450992</ele><time>2025-04-17T08:04:34Z</time><extensions><speed>0.237450</speed><course>309.291218</course><hAcc>2.102779</hAcc><vAcc>0.776146</vAcc></extensions></trkpt>
      <trkpt lon="35.022870" lat="32.726846"><ele>274.450794</ele><time>2025-04-17T08:04:35Z</time><extensions><speed>0.205181</speed><course>306.810814</course><hAcc>2.099986</hAcc><vAcc>0.772523</vAcc></extensions></trkpt>
      <trkpt lon="35.022868" lat="32.726847"><ele>274.446717</ele><time>2025-04-17T08:04:36Z</time><extensions><speed>0.170483</speed><course>304.728251</course><hAcc>2.099324</hAcc><vAcc>0.769288</vAcc></extensions></trkpt>
      <trkpt lon="35.022867" lat="32.726848"><ele>274.439221</ele><time>2025-04-17T08:04:37Z</time><extensions><speed>0.161326</speed><course>301.622953</course><hAcc>2.094007</hAcc><vAcc>0.766496</vAcc></extensions></trkpt>
      <trkpt lon="35.022865" lat="32.726849"><ele>274.428881</ele><time>2025-04-17T08:04:38Z</time><extensions><speed>0.148690</speed><course>299.678149</course><hAcc>2.086174</hAcc><vAcc>0.764155</vAcc></extensions></trkpt>
      <trkpt lon="35.022863" lat="32.726850"><ele>274.415427</ele><time>2025-04-17T08:04:39Z</time><extensions><speed>0.152648</speed><course>297.181574</course><hAcc>2.078866</hAcc><vAcc>0.762247</vAcc></extensions></trkpt>
      <trkpt lon="35.022862" lat="32.726851"><ele>274.399292</ele><time>2025-04-17T08:04:40Z</time><extensions><speed>0.168063</speed><course>295.331878</course><hAcc>2.072476</hAcc><vAcc>0.760737</vAcc></extensions></trkpt>
      <trkpt lon="35.022860" lat="32.726851"><ele>274.381052</ele><time>2025-04-17T08:04:41Z</time><extensions><speed>0.191819</speed><course>294.864821</course><hAcc>2.062887</hAcc><vAcc>0.759574</vAcc></extensions></trkpt>
      <trkpt lon="35.022858" lat="32.726852"><ele>274.361455</ele><time>2025-04-17T08:04:42Z</time><extensions><speed>0.218413</speed><course>296.288350</course><hAcc>2.049655</hAcc><vAcc>0.758702</vAcc></extensions></trkpt>
      <trkpt lon="35.022856" lat="32.726853"><ele>274.341343</ele><time>2025-04-17T08:04:43Z</time><extensions><speed>0.213783</speed><course>299.839972</course><hAcc>2.051847</hAcc><vAcc>0.758067</vAcc></extensions></trkpt>
      <trkpt lon="35.022854" lat="32.726854"><ele>274.321485</ele><time>2025-04-17T08:04:44Z</time><extensions><speed>0.190304</speed><course>304.821352</course><hAcc>2.073371</hAcc><vAcc>0.757617</vAcc></extensions></trkpt>
      <trkpt lon="35.022853" lat="32.726855"><ele>274.302484</ele><time>2025-04-17T08:04:45Z</time><extensions><speed>0.188820</speed><course>310.778532</course><hAcc>2.086190</hAcc><vAcc>0.757307</vAcc></extensions></trkpt>
      <trkpt lon="35.022851" lat="32.726856"><ele>274.284770</ele><time>2025-04-17T08:04:46Z</time><extensions><speed>0.208179</speed><course>315.922991</course><hAcc>2.085735</hAcc><vAcc>0.757102</vAcc></extensions></trkpt>
      <trkpt lon="35.022849" lat="32.726858"><ele>274.268608</ele><time>2025-04-17T08:04:47Z</time><extensions><speed>0.242941</speed><course>319.146179</course><hAcc>2.074740</hAcc><vAcc>0.756971</vAcc></extensions></trkpt>
      <trkpt lon="35.022848" lat="32.726860"><ele>274.254126</ele><time>2025-04-17T08:04:48Z</time><extensions><speed>0.214880</speed><course>323.401813</course><hAcc>2.079915</hAcc><vAcc>0.756891</vAcc></extensions></trkpt>
      <trkpt lon="35.022847" lat="32.726861"><ele>274.241346</ele><time>2025-04-17T08:04:50Z</time><extensions><speed>0.176620</speed><course>325.663297</course><hAcc>2.091100</hAcc><vAcc>0.756844</vAcc></extensions></trkpt>
      <trkpt lon="35.022846" lat="32.726862"><ele>274.230240</ele><time>2025-04-17T08:04:51Z</time><extensions><speed>0.137713</speed><course>327.025958</course><hAcc>2.101100</hAcc><vAcc>0.756815</vAcc></extensions></trkpt>
      <trkpt lon="35.022845" lat="32.726863"><ele>274.220727</ele><time>2025-04-17T08:04:52Z</time><extensions><speed>0.102436</speed><course>327.926898</course><hAcc>2.107172</hAcc><vAcc>0.756799</vAcc></extensions></trkpt>
      <trkpt lon="35.022845" lat="32.726864"><ele>274.212703</ele><time>2025-04-17T08:04:53Z</time><extensions><speed>0.074918</speed><course>328.560296</course><hAcc>2.105084</hAcc><vAcc>0.756791</vAcc></extensions></trkpt>
      <trkpt lon="35.022844" lat="32.726864"><ele>274.206046</ele><time>2025-04-17T08:04:54Z</time><extensions><speed>0.054224</speed><course>329.016970</course><hAcc>2.095959</hAcc><vAcc>0.756786</vAcc></extensions></trkpt>
      <trkpt lon="35.022844" lat="32.726865"><ele>274.200623</ele><time>2025-04-17T08:04:55Z</time><extensions><speed>0.039005</speed><course>329.350421</course><hAcc>2.083581</hAcc><vAcc>0.756783</vAcc></extensions></trkpt>
      <trkpt lon="35.022844" lat="32.726865"><ele>274.196297</ele><time>2025-04-17T08:04:56Z</time><extensions><speed>0.027383</speed><course>329.597869</course><hAcc>2.073390</hAcc><vAcc>0.756780</vAcc></extensions></trkpt>
      <trkpt lon="35.022844" lat="32.726865"><ele>274.175535</ele><time>2025-04-17T08:04:57Z</time><extensions><speed>0.004224</speed><course>74.702569</course><hAcc>2.064103</hAcc><vAcc>0.756777</vAcc></extensions></trkpt>
      <trkpt lon="35.022845" lat="32.726864"><ele>274.152702</ele><time>2025-04-17T08:04:58Z</time><extensions><speed>0.032658</speed><course>130.966465</course><hAcc>2.052719</hAcc><vAcc>0.756773</vAcc></extensions></trkpt>
      <trkpt lon="35.022845" lat="32.726864"><ele>274.127066</ele><time>2025-04-17T08:04:59Z</time><extensions><speed>0.066467</speed><course>133.887064</course><hAcc>2.045331</hAcc><vAcc>0.756770</vAcc></extensions></trkpt>
      <trkpt lon="35.022846" lat="32.726863"><ele>274.098508</ele><time>2025-04-17T08:05:00Z</time><extensions><speed>0.102651</speed><course>134.723622</course><hAcc>2.045914</hAcc><vAcc>0.756766</vAcc></extensions></trkpt>
      <trkpt lon="35.022847" lat="32.726862"><ele>274.066962</ele><time>2025-04-17T08:05:01Z</time><extensions><speed>0.147128</speed><course>135.045653</course><hAcc>2.044773</hAcc><vAcc>0.756763</vAcc></extensions></trkpt>
      <trkpt lon="35.022849" lat="32.726861"><ele>274.032445</ele><time>2025-04-17T08:05:02Z</time><extensions><speed>0.200501</speed><course>135.174917</course><hAcc>2.040576</hAcc><vAcc>0.756760</vAcc></extensions></trkpt>
      <trkpt lon="35.022850" lat="32.726859"><ele>274.013811</ele><time>2025-04-17T08:05:03Z</time><extensions><speed>0.260279</speed><course>135.257423</course><hAcc>2.038756</hAcc><vAcc>0.756757</vAcc></extensions></trkpt>
      <trkpt lon="35.022853" lat="32.726858"><ele>273.996815</ele><time>2025-04-17T08:05:04Z</time><extensions><speed>0.309025</speed><course>135.406408</course><hAcc>2.050387</hAcc><vAcc>0.756754</vAcc></extensions></trkpt>
      <trkpt lon="35.022855" lat="32.726855"><ele>273.986393</ele><time>2025-04-17T08:05:05Z</time><extensions><speed>0.359941</speed><course>135.438891</course><hAcc>2.062885</hAcc><vAcc>0.756752</vAcc></extensions></trkpt>
      <trkpt lon="35.022858" lat="32.726853"><ele>273.978135</ele><time>2025-04-17T08:05:06Z</time><extensions><speed>0.427537</speed><course>135.369931</course><hAcc>2.066331</hAcc><vAcc>0.756750</vAcc></extensions></trkpt>
      <trkpt lon="35.022861" lat="32.726850"><ele>273.971396</ele><time>2025-04-17T08:05:07Z</time><extensions><speed>0.430090</speed><course>135.523025</course><hAcc>2.068371</hAcc><vAcc>0.756748</vAcc></extensions></trkpt>
      <trkpt lon="35.022864" lat="32.726847"><ele>273.972679</ele><time>2025-04-17T08:05:08Z</time><extensions><speed>0.422624</speed><course>136.105110</course><hAcc>2.056772</hAcc><vAcc>0.756747</vAcc></extensions></trkpt>
      <trkpt lon="35.022867" lat="32.726844"><ele>273.972975</ele><time>2025-04-17T08:05:09Z</time><extensions><speed>0.357169</speed><course>138.005174</course><hAcc>2.059185</hAcc><vAcc>0.756746</vAcc></extensions></trkpt>
      <trkpt lon="35.022869" lat="32.726842"><ele>273.974862</ele><time>2025-04-17T08:05:10Z</time><extensions><speed>0.284145</speed><course>142.334823</course><hAcc>2.071872</hAcc><vAcc>0.756874</vAcc></extensions></trkpt>
      <trkpt lon="35.022871" lat="32.726840"><ele>273.989298</ele><time>2025-04-17T08:05:11Z</time><extensions><speed>0.224800</speed><course>150.381273</course><hAcc>2.084437</hAcc><vAcc>0.757325</vAcc></extensions></trkpt>
      <trkpt lon="35.022872" lat="32.726838"><ele>274.012882</ele><time>2025-04-17T08:05:12Z</time><extensions><speed>0.196631</speed><course>163.020305</course><hAcc>2.091567</hAcc><vAcc>0.757572</vAcc></extensions></trkpt>
      <trkpt lon="35.022872" lat="32.726836"><ele>274.044756</ele><time>2025-04-17T08:05:13Z</time><extensions><speed>0.203959</speed><course>176.491867</course><hAcc>2.095295</hAcc><vAcc>0.758439</vAcc></extensions></trkpt>
      <trkpt lon="35.022872" lat="32.726834"><ele>274.077182</ele><time>2025-04-17T08:05:14Z</time><extensions><speed>0.249765</speed><course>179.962476</course><hAcc>2.098208</hAcc><vAcc>0.759688</vAcc></extensions></trkpt>
      <trkpt lon="35.022872" lat="32.726832"><ele>274.115886</ele><time>2025-04-17T08:05:15Z</time><extensions><speed>0.297135</speed><course>182.847648</course><hAcc>2.105244</hAcc><vAcc>0.761447</vAcc></extensions></trkpt>
      <trkpt lon="35.022872" lat="32.726829"><ele>274.163681</ele><time>2025-04-17T08:05:16Z</time><extensions><speed>0.344366</speed><course>184.632219</course><hAcc>2.113742</hAcc><vAcc>0.763939</vAcc></extensions></trkpt>
      <trkpt lon="35.022872" lat="32.726825"><ele>274.216028</ele><time>2025-04-17T08:05:17Z</time><extensions><speed>0.367428</speed><course>188.176799</course><hAcc>2.124702</hAcc><vAcc>0.767440</vAcc></extensions></trkpt>
      <trkpt lon="35.022871" lat="32.726822"><ele>274.271219</ele><time>2025-04-17T08:05:18Z</time><extensions><speed>0.381587</speed><course>183.924787</course><hAcc>2.138836</hAcc><vAcc>0.772135</vAcc></extensions></trkpt>
      <trkpt lon="35.022871" lat="32.726819"><ele>274.328961</ele><time>2025-04-17T08:05:19Z</time><extensions><speed>0.373536</speed><course>180.654459</course><hAcc>2.156466</hAcc><vAcc>0.778042</vAcc></extensions></trkpt>
      <trkpt lon="35.022871" lat="32.726816"><ele>274.389419</ele><time>2025-04-17T08:05:20Z</time><extensions><speed>0.332811</speed><course>181.187432</course><hAcc>2.173826</hAcc><vAcc>0.784906</vAcc></extensions></trkpt>
      <trkpt lon="35.022871" lat="32.726813"><ele>274.448351</ele><time>2025-04-17T08:05:21Z</time><extensions><speed>0.265402</speed><course>185.257947</course><hAcc>2.188851</hAcc><vAcc>0.792968</vAcc></extensions></trkpt>
      <trkpt lon="35.022871" lat="32.726811"><ele>274.507607</ele><time>2025-04-17T08:05:22Z</time><extensions><speed>0.192024</speed><course>194.266371</course><hAcc>2.202979</hAcc><vAcc>0.801408</vAcc></extensions></trkpt>
      <trkpt lon="35.022870" lat="32.726810"><ele>274.566228</ele><time>2025-04-17T08:05:23Z</time><extensions><speed>0.115861</speed><course>215.787878</course><hAcc>2.221466</hAcc><vAcc>0.809817</vAcc></extensions></trkpt>
      <trkpt lon="35.022869" lat="32.726810"><ele>274.623734</ele><time>2025-04-17T08:05:24Z</time><extensions><speed>0.094876</speed><course>274.854357</course><hAcc>2.236704</hAcc><vAcc>0.818931</vAcc></extensions></trkpt>
      <trkpt lon="35.022868" lat="32.726811"><ele>274.678969</ele><time>2025-04-17T08:05:25Z</time><extensions><speed>0.147019</speed><course>317.103618</course><hAcc>2.251476</hAcc><vAcc>0.827462</vAcc></extensions></trkpt>
      <trkpt lon="35.022867" lat="32.726812"><ele>274.731443</ele><time>2025-04-17T08:05:26Z</time><extensions><speed>0.240050</speed><course>327.772977</course><hAcc>2.265332</hAcc><vAcc>0.835667</vAcc></extensions></trkpt>
      <trkpt lon="35.022865" lat="32.726815"><ele>274.780473</ele><time>2025-04-17T08:05:27Z</time><extensions><speed>0.296375</speed><course>334.091018</course><hAcc>2.278614</hAcc><vAcc>0.843377</vAcc></extensions></trkpt>
      <trkpt lon="35.022864" lat="32.726817"><ele>274.825441</ele><time>2025-04-17T08:05:28Z</time><extensions><speed>0.326658</speed><course>337.875066</course><hAcc>2.288208</hAcc><vAcc>0.850229</vAcc></extensions></trkpt>
      <trkpt lon="35.022863" lat="32.726820"><ele>274.865993</ele><time>2025-04-17T08:05:29Z</time><extensions><speed>0.334417</speed><course>338.208383</course><hAcc>2.298566</hAcc><vAcc>0.855960</vAcc></extensions></trkpt>
      <trkpt lon="35.022862" lat="32.726823"><ele>274.902042</ele><time>2025-04-17T08:05:30Z</time><extensions><speed>0.247774</speed><course>347.491628</course><hAcc>2.323916</hAcc><vAcc>0.860516</vAcc></extensions></trkpt>
      <trkpt lon="35.022861" lat="32.726825"><ele>274.933405</ele><time>2025-04-17T08:05:31Z</time><extensions><speed>0.176350</speed><course>353.130790</course><hAcc>2.346436</hAcc><vAcc>0.863295</vAcc></extensions></trkpt>
      <trkpt lon="35.022861" lat="32.726826"><ele>274.960535</ele><time>2025-04-17T08:05:32Z</time><extensions><speed>0.137594</speed><course>356.386220</course><hAcc>2.349411</hAcc><vAcc>0.864777</vAcc></extensions></trkpt>
      <trkpt lon="35.022862" lat="32.726827"><ele>274.954319</ele><time>2025-04-17T08:05:33Z</time><extensions><speed>0.117610</speed><course>1.985040</course><hAcc>2.340467</hAcc><vAcc>0.864191</vAcc></extensions></trkpt>
      <trkpt lon="35.022862" lat="32.726828"><ele>274.945225</ele><time>2025-04-17T08:05:34Z</time><extensions><speed>0.122005</speed><course>8.350085</course><hAcc>2.327878</hAcc><vAcc>0.862306</vAcc></extensions></trkpt>
      <trkpt lon="35.022863" lat="32.726829"><ele>274.930393</ele><time>2025-04-17T08:05:35Z</time><extensions><speed>0.098503</speed><course>16.301997</course><hAcc>2.345915</hAcc><vAcc>0.859565</vAcc></extensions></trkpt>
      <trkpt lon="35.022863" lat="32.726830"><ele>274.911860</ele><time>2025-04-17T08:05:36Z</time><extensions><speed>0.106536</speed><course>28.214025</course><hAcc>2.343070</hAcc><vAcc>0.857297</vAcc></extensions></trkpt>
      <trkpt lon="35.022864" lat="32.726831"><ele>274.885718</ele><time>2025-04-17T08:05:37Z</time><extensions><speed>0.110134</speed><course>42.749938</course><hAcc>2.354929</hAcc><vAcc>0.854147</vAcc></extensions></trkpt>
      <trkpt lon="35.022864" lat="32.726831"><ele>275.138657</ele><time>2025-04-17T08:05:38Z</time><extensions><speed>0.087332</speed><course>56.867631</course><hAcc>2.384186</hAcc><vAcc>0.846458</vAcc></extensions></trkpt>
      <trkpt lon="35.022865" lat="32.726831"><ele>275.139566</ele><time>2025-04-17T08:05:39Z</time><extensions><speed>0.098091</speed><course>76.424651</course><hAcc>2.410378</hAcc><vAcc>0.839798</vAcc></extensions></trkpt>
      <trkpt lon="35.022867" lat="32.726831"><ele>275.145838</ele><time>2025-04-17T08:05:40Z</time><extensions><speed>0.117882</speed><course>89.867899</course><hAcc>2.428883</hAcc><vAcc>0.833286</vAcc></extensions></trkpt>
      <trkpt lon="35.022868" lat="32.726831"><ele>275.147319</ele><time>2025-04-17T08:05:41Z</time><extensions><speed>0.138386</speed><course>100.031243</course><hAcc>2.438891</hAcc><vAcc>0.826535</vAcc></extensions></trkpt>
      <trkpt lon="35.022870" lat="32.726831"><ele>275.158903</ele><time>2025-04-17T08:05:42Z</time><extensions><speed>0.149727</speed><course>108.174746</course><hAcc>2.442680</hAcc><vAcc>0.820222</vAcc></extensions></trkpt>
      <trkpt lon="35.022871" lat="32.726830"><ele>275.169916</ele><time>2025-04-17T08:05:43Z</time><extensions><speed>0.132023</speed><course>124.805754</course><hAcc>2.443418</hAcc><vAcc>0.815068</vAcc></extensions></trkpt>
      <trkpt lon="35.022873" lat="32.726829"><ele>275.180181</ele><time>2025-04-17T08:05:44Z</time><extensions><speed>0.145003</speed><course>147.153407</course><hAcc>2.450569</hAcc><vAcc>0.810161</vAcc></extensions></trkpt>
      <trkpt lon="35.022874" lat="32.726828"><ele>275.177740</ele><time>2025-04-17T08:05:45Z</time><extensions><speed>0.183768</speed><course>155.376853</course><hAcc>2.461814</hAcc><vAcc>0.807230</vAcc></extensions></trkpt>
      <trkpt lon="35.022874" lat="32.726827"><ele>275.163016</ele><time>2025-04-17T08:05:46Z</time><extensions><speed>0.187390</speed><course>155.745716</course><hAcc>2.473217</hAcc><vAcc>0.806151</vAcc></extensions></trkpt>
      <trkpt lon="35.022875" lat="32.726825"><ele>275.143212</ele><time>2025-04-17T08:05:47Z</time><extensions><speed>0.148148</speed><course>141.410910</course><hAcc>2.480988</hAcc><vAcc>0.804992</vAcc></extensions></trkpt>
      <trkpt lon="35.022875" lat="32.726825"><ele>275.132648</ele><time>2025-04-17T08:05:47Z</time><extensions><speed>0.149619</speed><course>140.824793</course><hAcc>2.473976</hAcc><vAcc>0.796992</vAcc></extensions></trkpt>
      <trkpt lon="35.022877" lat="32.726825"><ele>275.107068</ele><time>2025-04-17T08:05:48Z</time><extensions><speed>0.110525</speed><course>108.412059</course><hAcc>2.483766</hAcc><vAcc>0.796660</vAcc></extensions></trkpt>
      <trkpt lon="35.022878" lat="32.726825"><ele>275.074141</ele><time>2025-04-17T08:05:49Z</time><extensions><speed>0.081217</speed><course>65.077953</course><hAcc>2.495922</hAcc><vAcc>0.797143</vAcc></extensions></trkpt>
      <trkpt lon="35.022878" lat="32.726825"><ele>275.036109</ele><time>2025-04-17T08:05:50Z</time><extensions><speed>0.094591</speed><course>30.174326</course><hAcc>2.497255</hAcc><vAcc>0.797935</vAcc></extensions></trkpt>
      <trkpt lon="35.022878" lat="32.726826"><ele>274.994572</ele><time>2025-04-17T08:05:51Z</time><extensions><speed>0.137272</speed><course>347.895735</course><hAcc>2.480454</hAcc><vAcc>0.798320</vAcc></extensions></trkpt>
      <trkpt lon="35.022878" lat="32.726827"><ele>274.950838</ele><time>2025-04-17T08:05:52Z</time><extensions><speed>0.192099</speed><course>333.615275</course><hAcc>2.454589</hAcc><vAcc>0.797972</vAcc></extensions></trkpt>
      <trkpt lon="35.022876" lat="32.726829"><ele>274.906044</ele><time>2025-04-17T08:05:53Z</time><extensions><speed>0.317582</speed><course>321.259522</course><hAcc>2.425126</hAcc><vAcc>0.796659</vAcc></extensions></trkpt>
      <trkpt lon="35.022873" lat="32.726832"><ele>274.861328</ele><time>2025-04-17T08:05:54Z</time><extensions><speed>0.539566</speed><course>314.790877</course><hAcc>2.405637</hAcc><vAcc>0.794318</vAcc></extensions></trkpt>
      <trkpt lon="35.022870" lat="32.726835"><ele>274.817819</ele><time>2025-04-17T08:05:55Z</time><extensions><speed>0.292584</speed><course>313.289718</course><hAcc>2.380170</hAcc><vAcc>0.791036</vAcc></extensions></trkpt>
      <trkpt lon="35.022869" lat="32.726836"><ele>274.776479</ele><time>2025-04-17T08:05:56Z</time><extensions><speed>0.088693</speed><course>319.838871</course><hAcc>2.380088</hAcc><vAcc>0.787044</vAcc></extensions></trkpt>
      <trkpt lon="35.022868" lat="32.726836"><ele>274.737992</ele><time>2025-04-17T08:05:57Z</time><extensions><speed>0.020119</speed><course>349.808226</course><hAcc>2.377291</hAcc><vAcc>0.782689</vAcc></extensions></trkpt>
      <trkpt lon="35.022869" lat="32.726836"><ele>274.702797</ele><time>2025-04-17T08:05:58Z</time><extensions><speed>0.012518</speed><course>78.619581</course><hAcc>2.380174</hAcc><vAcc>0.778321</vAcc></extensions></trkpt>
      <trkpt lon="35.022869" lat="32.726836"><ele>274.671135</ele><time>2025-04-17T08:05:59Z</time><extensions><speed>0.017070</speed><course>99.966071</course><hAcc>2.372197</hAcc><vAcc>0.774206</vAcc></extensions></trkpt>
      <trkpt lon="35.022869" lat="32.726836"><ele>274.643087</ele><time>2025-04-17T08:06:00Z</time><extensions><speed>0.022149</speed><course>104.395063</course><hAcc>2.347828</hAcc><vAcc>0.770508</vAcc></extensions></trkpt>
      <trkpt lon="35.022869" lat="32.726836"><ele>274.618608</ele><time>2025-04-17T08:06:01Z</time><extensions><speed>0.022165</speed><course>105.693563</course><hAcc>2.348859</hAcc><vAcc>0.767313</vAcc></extensions></trkpt>
      <trkpt lon="35.022869" lat="32.726836"><ele>274.597558</ele><time>2025-04-17T08:06:02Z</time><extensions><speed>0.019849</speed><course>106.246736</course><hAcc>2.374968</hAcc><vAcc>0.764649</vAcc></extensions></trkpt>
      <trkpt lon="35.022870" lat="32.726836"><ele>274.579730</ele><time>2025-04-17T08:06:03Z</time><extensions><speed>0.016617</speed><course>106.527771</course><hAcc>2.410799</hAcc><vAcc>0.762500</vAcc></extensions></trkpt>
      <trkpt lon="35.022870" lat="32.726836"><ele>274.564873</ele><time>2025-04-17T08:06:04Z</time><extensions><speed>0.013661</speed><course>106.684744</course><hAcc>2.442496</hAcc><vAcc>0.760821</vAcc></extensions></trkpt>
      <trkpt lon="35.022870" lat="32.726836"><ele>274.552708</ele><time>2025-04-17T08:06:05Z</time><extensions><speed>0.011236</speed><course>106.774966</course><hAcc>2.464386</hAcc><vAcc>0.759550</vAcc></extensions></trkpt>
      <trkpt lon="35.022870" lat="32.726836"><ele>274.542946</ele><time>2025-04-17T08:06:06Z</time><extensions><speed>0.009143</speed><course>106.827099</course><hAcc>2.477986</hAcc><vAcc>0.758616</vAcc></extensions></trkpt>
      <trkpt lon="35.022870" lat="32.726836"><ele>274.535295</ele><time>2025-04-17T08:06:07Z</time><extensions><speed>0.007163</speed><course>106.857946</course><hAcc>2.484450</hAcc><vAcc>0.757952</vAcc></extensions></trkpt>
      <trkpt lon="35.022870" lat="32.726836"><ele>274.529472</ele><time>2025-04-17T08:06:08Z</time><extensions><speed>0.005775</speed><course>106.876391</course><hAcc>2.475653</hAcc><vAcc>0.757495</vAcc></extensions></trkpt>
      <trkpt lon="35.022870" lat="32.726836"><ele>274.525209</ele><time>2025-04-17T08:06:09Z</time><extensions><speed>0.004697</speed><course>106.886932</course><hAcc>2.455541</hAcc><vAcc>0.757193</vAcc></extensions></trkpt>
      <trkpt lon="35.022870" lat="32.726836"><ele>274.522258</ele><time>2025-04-17T08:06:10Z</time><extensions><speed>0.003778</speed><course>106.892797</course><hAcc>2.432611</hAcc><vAcc>0.757002</vAcc></extensions></trkpt>
      <trkpt lon="35.022870" lat="32.726836"><ele>274.520390</ele><time>2025-04-17T08:06:11Z</time><extensions><speed>0.002843</speed><course>106.896092</course><hAcc>2.414775</hAcc><vAcc>0.756888</vAcc></extensions></trkpt>
      <trkpt lon="35.022870" lat="32.726836"><ele>274.519401</ele><time>2025-04-17T08:06:12Z</time><extensions><speed>0.002144</speed><course>106.897985</course><hAcc>2.395000</hAcc><vAcc>0.756824</vAcc></extensions></trkpt>
      <trkpt lon="35.022870" lat="32.726836"><ele>274.519109</ele><time>2025-04-17T08:06:13Z</time><extensions><speed>0.001719</speed><course>106.899001</course><hAcc>2.369447</hAcc><vAcc>0.756792</vAcc></extensions></trkpt>
      <trkpt lon="35.022870" lat="32.726836"><ele>274.519357</ele><time>2025-04-17T08:06:14Z</time><extensions><speed>0.001452</speed><course>106.899487</course><hAcc>2.347325</hAcc><vAcc>0.756778</vAcc></extensions></trkpt>
      <trkpt lon="35.022870" lat="32.726836"><ele>274.520008</ele><time>2025-04-17T08:06:15Z</time><extensions><speed>0.001056</speed><course>106.899718</course><hAcc>2.345459</hAcc><vAcc>0.756774</vAcc></extensions></trkpt>
      <trkpt lon="35.022870" lat="32.726836"><ele>274.520947</ele><time>2025-04-17T08:06:16Z</time><extensions><speed>0.000901</speed><course>106.899832</course><hAcc>2.341397</hAcc><vAcc>0.756774</vAcc></extensions></trkpt>
      <trkpt lon="35.022870" lat="32.726836"><ele>274.522077</ele><time>2025-04-17T08:06:17Z</time><extensions><speed>0.000700</speed><course>106.899882</course><hAcc>2.350534</hAcc><vAcc>0.756776</vAcc></extensions></trkpt>
      <trkpt lon="35.022870" lat="32.726836"><ele>274.523321</ele><time>2025-04-17T08:06:18Z</time><extensions><speed>0.000627</speed><course>106.899906</course><hAcc>2.348768</hAcc><vAcc>0.756776</vAcc></extensions></trkpt>
      <trkpt lon="35.022870" lat="32.726836"><ele>274.524615</ele><time>2025-04-17T08:06:19Z</time><extensions><speed>0.000728</speed><course>106.899915</course><hAcc>2.325193</hAcc><vAcc>0.756776</vAcc></extensions></trkpt>
      <trkpt lon="35.022870" lat="32.726836"><ele>274.525909</ele><time>2025-04-17T08:06:20Z</time><extensions><speed>0.000691</speed><course>106.899918</course><hAcc>2.326400</hAcc><vAcc>0.756774</vAcc></extensions></trkpt>
      <trkpt lon="35.022870" lat="32.726836"><ele>274.527166</ele><time>2025-04-17T08:06:21Z</time><extensions><speed>0.000605</speed><course>106.899919</course><hAcc>2.344863</hAcc><vAcc>0.756771</vAcc></extensions></trkpt>
      <trkpt lon="35.022870" lat="32.726836"><ele>274.528358</ele><time>2025-04-17T08:06:22Z</time><extensions><speed>0.000501</speed><course>106.899919</course><hAcc>2.365490</hAcc><vAcc>0.756768</vAcc></extensions></trkpt>
      <trkpt lon="35.022870" lat="32.726836"><ele>274.529465</ele><time>2025-04-17T08:06:23Z</time><extensions><speed>0.000401</speed><course>106.899919</course><hAcc>2.379300</hAcc><vAcc>0.756764</vAcc></extensions></trkpt>
      <trkpt lon="35.022870" lat="32.726836"><ele>274.530477</ele><time>2025-04-17T08:06:24Z</time><extensions><speed>0.000316</speed><course>106.899918</course><hAcc>2.383251</hAcc><vAcc>0.756760</vAcc></extensions></trkpt>
      <trkpt lon="35.022870" lat="32.726836"><ele>274.531386</ele><time>2025-04-17T08:06:25Z</time><extensions><speed>0.000249</speed><course>106.899916</course><hAcc>2.378804</hAcc><vAcc>0.756757</vAcc></extensions></trkpt>
      <trkpt lon="35.022870" lat="32.726836"><ele>274.532190</ele><time>2025-04-17T08:06:26Z</time><extensions><speed>0.000193</speed><course>106.899913</course><hAcc>2.368928</hAcc><vAcc>0.756754</vAcc></extensions></trkpt>
      <trkpt lon="35.022870" lat="32.726836"><ele>274.532891</ele><time>2025-04-17T08:06:27Z</time><extensions><speed>0.000151</speed><course>106.899909</course><hAcc>2.353533</hAcc><vAcc>0.756751</vAcc></extensions></trkpt>
      <trkpt lon="35.022870" lat="32.726836"><ele>274.533494</ele><time>2025-04-17T08:06:28Z</time><extensions><speed>0.000118</speed><course>106.899905</course><hAcc>2.339658</hAcc><vAcc>0.756749</vAcc></extensions></trkpt>
      <trkpt lon="35.022870" lat="32.726836"><ele>274.534004</ele><time>2025-04-17T08:06:29Z</time><extensions><speed>0.000087</speed><course>106.899902</course><hAcc>2.332162</hAcc><vAcc>0.756747</vAcc></extensions></trkpt>
      <trkpt lon="35.022870" lat="32.726836"><ele>274.534428</ele><time>2025-04-17T08:06:30Z</time><extensions><speed>0.000067</speed><course>106.899902</course><hAcc>2.323752</hAcc><vAcc>0.756746</vAcc></extensions></trkpt>
      <trkpt lon="35.022870" lat="32.726836"><ele>274.534775</ele><time>2025-04-17T08:06:31Z</time><extensions><speed>0.000051</speed><course>106.899905</course><hAcc>2.321521</hAcc><vAcc>0.756745</vAcc></extensions></trkpt>
      <trkpt lon="35.022870" lat="32.726836"><ele>274.535054</ele><time>2025-04-17T08:06:32Z</time><extensions><speed>0.000041</speed><course>106.899907</course><hAcc>2.322267</hAcc><vAcc>0.756744</vAcc></extensions></trkpt>
      <trkpt lon="35.022870" lat="32.726836"><ele>274.535271</ele><time>2025-04-17T08:06:33Z</time><extensions><speed>0.000033</speed><course>106.899910</course><hAcc>2.320508</hAcc><vAcc>0.756743</vAcc></extensions></trkpt>
      <trkpt lon="35.022870" lat="32.726836"><ele>274.535436</ele><time>2025-04-17T08:06:34Z</time><extensions><speed>0.000035</speed><course>106.899918</course><hAcc>2.293665</hAcc><vAcc>0.756743</vAcc></extensions></trkpt>
      <trkpt lon="35.022870" lat="32.726836"><ele>274.535557</ele><time>2025-04-17T08:06:35Z</time><extensions><speed>0.000033</speed><course>106.899937</course><hAcc>2.285383</hAcc><vAcc>0.756743</vAcc></extensions></trkpt>
      <trkpt lon="35.022870" lat="32.726836"><ele>274.535640</ele><time>2025-04-17T08:06:36Z</time><extensions><speed>0.000028</speed><course>106.899966</course><hAcc>2.290256</hAcc><vAcc>0.756742</vAcc></extensions></trkpt>
      <trkpt lon="35.022870" lat="32.726836"><ele>274.535692</ele><time>2025-04-17T08:06:37Z</time><extensions><speed>0.000024</speed><course>106.900015</course><hAcc>2.295741</hAcc><vAcc>0.756742</vAcc></extensions></trkpt>
      <trkpt lon="35.022870" lat="32.726836"><ele>274.535719</ele><time>2025-04-17T08:06:38Z</time><extensions><speed>0.000019</speed><course>106.900088</course><hAcc>2.298861</hAcc><vAcc>0.756742</vAcc></extensions></trkpt>
      <trkpt lon="35.022870" lat="32.726836"><ele>274.535726</ele><time>2025-04-17T08:06:39Z</time><extensions><speed>0.000015</speed><course>106.900178</course><hAcc>2.300836</hAcc><vAcc>0.756742</vAcc></extensions></trkpt>
      <trkpt lon="35.022870" lat="32.726836"><ele>274.535718</ele><time>2025-04-17T08:06:40Z</time><extensions><speed>0.000012</speed><course>106.900279</course><hAcc>2.300377</hAcc><vAcc>0.756742</vAcc></extensions></trkpt>
      <trkpt lon="35.022870" lat="32.726836"><ele>274.535698</ele><time>2025-04-17T08:06:41Z</time><extensions><speed>0.000009</speed><course>106.900352</course><hAcc>2.295069</hAcc><vAcc>0.756742</vAcc></extensions></trkpt>
      <trkpt lon="35.022870" lat="32.726836"><ele>274.535670</ele><time>2025-04-17T08:06:42Z</time><extensions><speed>0.000007</speed><course>106.900434</course><hAcc>2.284919</hAcc><vAcc>0.756742</vAcc></extensions></trkpt>
      <trkpt lon="35.022870" lat="32.726836"><ele>274.535637</ele><time>2025-04-17T08:06:43Z</time><extensions><speed>0.000006</speed><course>106.900565</course><hAcc>2.271634</hAcc><vAcc>0.756742</vAcc></extensions></trkpt>
      <trkpt lon="35.022870" lat="32.726836"><ele>274.535600</ele><time>2025-04-17T08:06:44Z</time><extensions><speed>0.000004</speed><course>106.900771</course><hAcc>2.256679</hAcc><vAcc>0.756742</vAcc></extensions></trkpt>
      <trkpt lon="35.022870" lat="32.726836"><ele>274.535563</ele><time>2025-04-17T08:06:45Z</time><extensions><speed>0.000003</speed><course>106.900996</course><hAcc>2.243080</hAcc><vAcc>0.756742</vAcc></extensions></trkpt>
      <trkpt lon="35.022870" lat="32.726836"><ele>274.535525</ele><time>2025-04-17T08:06:46Z</time><extensions><speed>0.000003</speed><course>106.901221</course><hAcc>2.235062</hAcc><vAcc>0.756743</vAcc></extensions></trkpt>
      <trkpt lon="35.022870" lat="32.726836"><ele>274.535489</ele><time>2025-04-17T08:06:47Z</time><extensions><speed>0.000002</speed><course>106.901371</course><hAcc>2.238132</hAcc><vAcc>0.756744</vAcc></extensions></trkpt>
      <trkpt lon="35.022870" lat="32.726836"><ele>274.535454</ele><time>2025-04-17T08:06:48Z</time><extensions><speed>0.000001</speed><course>106.901374</course><hAcc>2.245200</hAcc><vAcc>0.756746</vAcc></extensions></trkpt>
      <trkpt lon="35.022870" lat="32.726836"><ele>274.535422</ele><time>2025-04-17T08:06:49Z</time><extensions><speed>0.000001</speed><course>106.901167</course><hAcc>2.263454</hAcc><vAcc>0.756748</vAcc></extensions></trkpt>
      <trkpt lon="35.022870" lat="32.726836"><ele>274.535393</ele><time>2025-04-17T08:06:50Z</time><extensions><speed>0.000001</speed><course>106.900971</course><hAcc>2.281143</hAcc><vAcc>0.756749</vAcc></extensions></trkpt>
      <trkpt lon="35.022870" lat="32.726836"><ele>274.535366</ele><time>2025-04-17T08:06:51Z</time><extensions><speed>0.000001</speed><course>106.900968</course><hAcc>2.286596</hAcc><vAcc>0.761850</vAcc></extensions></trkpt>
      <trkpt lon="35.022870" lat="32.726836"><ele>274.535340</ele><time>2025-04-17T08:06:52Z</time><extensions><speed>0.000001</speed><course>106.901211</course><hAcc>2.290412</hAcc><vAcc>0.770620</vAcc></extensions></trkpt>
      <trkpt lon="35.022870" lat="32.726836"><ele>274.535317</ele><time>2025-04-17T08:06:53Z</time><extensions><speed>0.000001</speed><course>106.901587</course><hAcc>2.330140</hAcc><vAcc>0.785231</vAcc></extensions></trkpt>
      <trkpt lon="35.022870" lat="32.726836"><ele>274.535296</ele><time>2025-04-17T08:06:54Z</time><extensions><speed>0.000001</speed><course>106.902265</course><hAcc>2.395419</hAcc><vAcc>0.808556</vAcc></extensions></trkpt>
      <trkpt lon="35.022870" lat="32.726836"><ele>274.535277</ele><time>2025-04-17T08:06:55Z</time><extensions><speed>0.000000</speed><course>106.903368</course><hAcc>2.477597</hAcc><vAcc>0.844090</vAcc></extensions></trkpt>
      <trkpt lon="35.022870" lat="32.726836"><ele>274.535259</ele><time>2025-04-17T08:06:56Z</time><extensions><speed>0.000000</speed><course>106.904837</course><hAcc>2.581289</hAcc><vAcc>0.895717</vAcc></extensions></trkpt>
      <trkpt lon="35.022870" lat="32.726836"><ele>274.535242</ele><time>2025-04-17T08:06:57Z</time><extensions><speed>0.000000</speed><course>106.906356</course><hAcc>2.716084</hAcc><vAcc>0.967122</vAcc></extensions></trkpt>
      <trkpt lon="35.022870" lat="32.726836"><ele>274.535226</ele><time>2025-04-17T08:06:58Z</time><extensions><speed>0.000000</speed><course>106.907479</course><hAcc>2.890840</hAcc><vAcc>1.061507</vAcc></extensions></trkpt>
      <trkpt lon="35.022870" lat="32.726836"><ele>274.535210</ele><time>2025-04-17T08:06:59Z</time><extensions><speed>0.000000</speed><course>106.908205</course><hAcc>3.125047</hAcc><vAcc>1.181081</vAcc></extensions></trkpt>
      <trkpt lon="35.022870" lat="32.726836"><ele>274.535195</ele><time>2025-04-17T08:07:00Z</time><extensions><speed>0.000000</speed><course>106.908805</course><hAcc>3.470212</hAcc><vAcc>1.326931</vAcc></extensions></trkpt>
      <trkpt lon="35.022799" lat="32.726810"><ele>278.831330</ele><time>2025-04-17T08:07:21Z</time><extensions><speed>0.049344</speed><course>170.282177</course><hAcc>15.110346</hAcc><vAcc>3.321008</vAcc></extensions></trkpt>
      <trkpt lon="35.022801" lat="32.726809"><ele>278.065513</ele><time>2025-04-17T08:07:26Z</time><extensions><speed>0.056564</speed><course>80.309043</course><hAcc>13.019670</hAcc><vAcc>1.819337</vAcc></extensions></trkpt>
      <trkpt lon="35.022814" lat="32.726815"><ele>277.947342</ele><time>2025-04-17T08:07:27Z</time><extensions><speed>0.117755</speed><course>67.981838</course><hAcc>11.286085</hAcc><vAcc>1.574894</vAcc></extensions></trkpt>
      <trkpt lon="35.022820" lat="32.726817"><ele>277.777842</ele><time>2025-04-17T08:07:28Z</time><extensions><speed>0.260813</speed><course>63.473055</course><hAcc>10.437824</hAcc><vAcc>1.362887</vAcc></extensions></trkpt>
      <trkpt lon="35.022824" lat="32.726819"><ele>277.571742</ele><time>2025-04-17T08:07:29Z</time><extensions><speed>0.386945</speed><course>62.125683</course><hAcc>9.537309</hAcc><vAcc>1.183151</vAcc></extensions></trkpt>
      <trkpt lon="35.022831" lat="32.726822"><ele>277.257467</ele><time>2025-04-17T08:07:31Z</time><extensions><speed>0.554912</speed><course>61.662727</course><hAcc>8.146094</hAcc><vAcc>0.991718</vAcc></extensions></trkpt>
      <trkpt lon="35.022837" lat="32.726824"><ele>277.010292</ele><time>2025-04-17T08:07:32Z</time><extensions><speed>0.609442</speed><course>62.260377</course><hAcc>7.043216</hAcc><vAcc>0.885153</vAcc></extensions></trkpt>
      <trkpt lon="35.022843" lat="32.726827"><ele>276.760866</ele><time>2025-04-17T08:07:33Z</time><extensions><speed>0.626851</speed><course>63.263590</course><hAcc>5.998743</hAcc><vAcc>0.808318</vAcc></extensions></trkpt>
      <trkpt lon="35.022849" lat="32.726829"><ele>276.516207</ele><time>2025-04-17T08:07:34Z</time><extensions><speed>0.604338</speed><course>64.531678</course><hAcc>5.052193</hAcc><vAcc>0.757493</vAcc></extensions></trkpt>
      <trkpt lon="35.022855" lat="32.726831"><ele>276.280675</ele><time>2025-04-17T08:07:35Z</time><extensions><speed>0.537150</speed><course>65.940730</course><hAcc>4.248683</hAcc><vAcc>0.727356</vAcc></extensions></trkpt>
      <trkpt lon="35.022860" lat="32.726833"><ele>276.056883</ele><time>2025-04-17T08:07:36Z</time><extensions><speed>0.418010</speed><course>67.460068</course><hAcc>3.650545</hAcc><vAcc>0.712394</vAcc></extensions></trkpt>
      <trkpt lon="35.022863" lat="32.726834"><ele>275.847432</ele><time>2025-04-17T08:07:37Z</time><extensions><speed>0.237880</speed><course>69.374900</course><hAcc>3.275954</hAcc><vAcc>0.707023</vAcc></extensions></trkpt>
      <trkpt lon="35.022864" lat="32.726834"><ele>275.784682</ele><time>2025-04-17T08:07:37Z</time><extensions><speed>0.212583</speed><course>69.688019</course><hAcc>3.164057</hAcc><vAcc>0.703364</vAcc></extensions></trkpt>
      <trkpt lon="35.022865" lat="32.726835"><ele>275.659306</ele><time>2025-04-17T08:07:38Z</time><extensions><speed>0.158669</speed><course>70.712341</course><hAcc>3.027458</hAcc><vAcc>0.706657</vAcc></extensions></trkpt>
      <trkpt lon="35.022867" lat="32.726835"><ele>275.478746</ele><time>2025-04-17T08:07:39Z</time><extensions><speed>0.097695</speed><course>72.785372</course><hAcc>2.876578</hAcc><vAcc>0.718237</vAcc></extensions></trkpt>
      <trkpt lon="35.022867" lat="32.726835"><ele>275.315369</ele><time>2025-04-17T08:07:40Z</time><extensions><speed>0.064052</speed><course>74.621567</course><hAcc>2.754099</hAcc><vAcc>0.729929</vAcc></extensions></trkpt>
      <trkpt lon="35.022868" lat="32.726836"><ele>275.167094</ele><time>2025-04-17T08:07:41Z</time><extensions><speed>0.045555</speed><course>76.019853</course><hAcc>2.659665</hAcc><vAcc>0.741605</vAcc></extensions></trkpt>
      <trkpt lon="35.022869" lat="32.726836"><ele>275.035059</ele><time>2025-04-17T08:07:42Z</time><extensions><speed>0.034508</speed><course>76.933958</course><hAcc>2.588273</hAcc><vAcc>0.752431</vAcc></extensions></trkpt>
      <trkpt lon="35.022869" lat="32.726836"><ele>274.920613</ele><time>2025-04-17T08:07:43Z</time><extensions><speed>0.026180</speed><course>77.476451</course><hAcc>2.537822</hAcc><vAcc>0.761416</vAcc></extensions></trkpt>
      <trkpt lon="35.022869" lat="32.726836"><ele>274.820751</ele><time>2025-04-17T08:07:44Z</time><extensions><speed>0.020801</speed><course>77.778146</course><hAcc>2.501154</hAcc><vAcc>0.769754</vAcc></extensions></trkpt>
      <trkpt lon="35.022869" lat="32.726836"><ele>274.735778</ele><time>2025-04-17T08:07:45Z</time><extensions><speed>0.016251</speed><course>77.932954</course><hAcc>2.482297</hAcc><vAcc>0.777326</vAcc></extensions></trkpt>
      <trkpt lon="35.022869" lat="32.726836"><ele>274.664953</ele><time>2025-04-17T08:07:46Z</time><extensions><speed>0.011299</speed><course>78.013988</course><hAcc>2.483055</hAcc><vAcc>0.784269</vAcc></extensions></trkpt>
      <trkpt lon="35.022870" lat="32.726836"><ele>274.606415</ele><time>2025-04-17T08:07:47Z</time><extensions><speed>0.008992</speed><course>78.056355</course><hAcc>2.480397</hAcc><vAcc>0.791385</vAcc></extensions></trkpt>
      <trkpt lon="35.022870" lat="32.726836"><ele>274.559498</ele><time>2025-04-17T08:07:48Z</time><extensions><speed>0.007905</speed><course>78.074977</course><hAcc>2.472304</hAcc><vAcc>0.798471</vAcc></extensions></trkpt>
      <trkpt lon="35.022870" lat="32.726836"><ele>274.522578</ele><time>2025-04-17T08:07:49Z</time><extensions><speed>0.008568</speed><course>78.081925</course><hAcc>2.461835</hAcc><vAcc>0.805821</vAcc></extensions></trkpt>
      <trkpt lon="35.022870" lat="32.726836"><ele>274.494322</ele><time>2025-04-17T08:07:50Z</time><extensions><speed>0.006584</speed><course>78.084607</course><hAcc>2.483731</hAcc><vAcc>0.813428</vAcc></extensions></trkpt>
      <trkpt lon="35.022870" lat="32.726836"><ele>274.473518</ele><time>2025-04-17T08:07:51Z</time><extensions><speed>0.007191</speed><course>78.085855</course><hAcc>2.482538</hAcc><vAcc>0.821043</vAcc></extensions></trkpt>
      <trkpt lon="35.022870" lat="32.726836"><ele>274.458823</ele><time>2025-04-17T08:07:52Z</time><extensions><speed>0.006561</speed><course>78.086338</course><hAcc>2.502544</hAcc><vAcc>0.828699</vAcc></extensions></trkpt>
      <trkpt lon="35.022870" lat="32.726836"><ele>274.449284</ele><time>2025-04-17T08:07:53Z</time><extensions><speed>0.005694</speed><course>78.086574</course><hAcc>2.535413</hAcc><vAcc>0.835985</vAcc></extensions></trkpt>
      <trkpt lon="35.022870" lat="32.726836"><ele>274.443801</ele><time>2025-04-17T08:07:54Z</time><extensions><speed>0.004801</speed><course>78.086699</course><hAcc>2.566633</hAcc><vAcc>0.843216</vAcc></extensions></trkpt>
      <trkpt lon="35.022870" lat="32.726836"><ele>274.441778</ele><time>2025-04-17T08:07:55Z</time><extensions><speed>0.003978</speed><course>78.086768</course><hAcc>2.590850</hAcc><vAcc>0.849688</vAcc></extensions></trkpt>
      <trkpt lon="35.022870" lat="32.726836"><ele>274.442546</ele><time>2025-04-17T08:07:56Z</time><extensions><speed>0.003232</speed><course>78.086807</course><hAcc>2.606784</hAcc><vAcc>0.854934</vAcc></extensions></trkpt>
      <trkpt lon="35.022870" lat="32.726836"><ele>274.445402</ele><time>2025-04-17T08:07:57Z</time><extensions><speed>0.002591</speed><course>78.086829</course><hAcc>2.615661</hAcc><vAcc>0.859161</vAcc></extensions></trkpt>
      <trkpt lon="35.022870" lat="32.726836"><ele>274.449881</ele><time>2025-04-17T08:07:58Z</time><extensions><speed>0.002053</speed><course>78.086841</course><hAcc>2.619902</hAcc><vAcc>0.861669</vAcc></extensions></trkpt>
      <trkpt lon="35.022870" lat="32.726836"><ele>274.455440</ele><time>2025-04-17T08:07:59Z</time><extensions><speed>0.001600</speed><course>78.086848</course><hAcc>2.622543</hAcc><vAcc>0.863184</vAcc></extensions></trkpt>
      <trkpt lon="35.022870" lat="32.726836"><ele>274.461721</ele><time>2025-04-17T08:08:00Z</time><extensions><speed>0.001283</speed><course>78.086852</course><hAcc>2.623306</hAcc><vAcc>0.863499</vAcc></extensions></trkpt>
      <trkpt lon="35.022870" lat="32.726836"><ele>274.468408</ele><time>2025-04-17T08:08:01Z</time><extensions><speed>0.001007</speed><course>78.086854</course><hAcc>2.627836</hAcc><vAcc>0.862826</vAcc></extensions></trkpt>
      <trkpt lon="35.022870" lat="32.726836"><ele>274.475246</ele><time>2025-04-17T08:08:02Z</time><extensions><speed>0.000836</speed><course>78.086855</course><hAcc>2.629843</hAcc><vAcc>0.861087</vAcc></extensions></trkpt>
      <trkpt lon="35.022870" lat="32.726836"><ele>274.482039</ele><time>2025-04-17T08:08:03Z</time><extensions><speed>0.000740</speed><course>78.086856</course><hAcc>2.628214</hAcc><vAcc>0.858419</vAcc></extensions></trkpt>
      <trkpt lon="35.022870" lat="32.726836"><ele>274.488645</ele><time>2025-04-17T08:08:04Z</time><extensions><speed>0.000724</speed><course>78.086856</course><hAcc>2.629176</hAcc><vAcc>0.855089</vAcc></extensions></trkpt>
      <trkpt lon="35.022870" lat="32.726836"><ele>274.494924</ele><time>2025-04-17T08:08:05Z</time><extensions><speed>0.000541</speed><course>78.086856</course><hAcc>2.649658</hAcc><vAcc>0.850649</vAcc></extensions></trkpt>
      <trkpt lon="35.022870" lat="32.726836"><ele>274.500915</ele><time>2025-04-17T08:08:06Z</time><extensions><speed>0.000599</speed><course>78.086856</course><hAcc>2.637577</hAcc><vAcc>0.847109</vAcc></extensions></trkpt>
      <trkpt lon="35.022870" lat="32.726836"><ele>274.506451</ele><time>2025-04-17T08:08:07Z</time><extensions><speed>0.000562</speed><course>78.086856</course><hAcc>2.639400</hAcc><vAcc>0.843520</vAcc></extensions></trkpt>
      <trkpt lon="35.022870" lat="32.726836"><ele>274.511469</ele><time>2025-04-17T08:08:08Z</time><extensions><speed>0.000499</speed><course>78.086856</course><hAcc>2.654575</hAcc><vAcc>0.839811</vAcc></extensions></trkpt>
      <trkpt lon="35.022870" lat="32.726836"><ele>274.515983</ele><time>2025-04-17T08:08:09Z</time><extensions><speed>0.000426</speed><course>78.086855</course><hAcc>2.673355</hAcc><vAcc>0.836685</vAcc></extensions></trkpt>
      <trkpt lon="35.022870" lat="32.726836"><ele>274.519990</ele><time>2025-04-17T08:08:10Z</time><extensions><speed>0.000360</speed><course>78.086854</course><hAcc>2.688680</hAcc><vAcc>0.834466</vAcc></extensions></trkpt>
      <trkpt lon="35.022870" lat="32.726836"><ele>274.523474</ele><time>2025-04-17T08:08:11Z</time><extensions><speed>0.000300</speed><course>78.086852</course><hAcc>2.698746</hAcc><vAcc>0.833005</vAcc></extensions></trkpt>
      <trkpt lon="35.022870" lat="32.726836"><ele>274.526480</ele><time>2025-04-17T08:08:12Z</time><extensions><speed>0.000249</speed><course>78.086850</course><hAcc>2.705081</hAcc><vAcc>0.832784</vAcc></extensions></trkpt>
      <trkpt lon="35.022870" lat="32.726836"><ele>274.529002</ele><time>2025-04-17T08:08:13Z</time><extensions><speed>0.000205</speed><course>78.086849</course><hAcc>2.708674</hAcc><vAcc>0.833041</vAcc></extensions></trkpt>
      <trkpt lon="35.022870" lat="32.726836"><ele>274.531107</ele><time>2025-04-17T08:08:14Z</time><extensions><speed>0.000168</speed><course>78.086848</course><hAcc>2.711198</hAcc><vAcc>0.834135</vAcc></extensions></trkpt>
      <trkpt lon="35.022870" lat="32.726836"><ele>274.532847</ele><time>2025-04-17T08:08:15Z</time><extensions><speed>0.000138</speed><course>78.086845</course><hAcc>2.714414</hAcc><vAcc>0.836158</vAcc></extensions></trkpt>
      <trkpt lon="35.022870" lat="32.726836"><ele>274.534260</ele><time>2025-04-17T08:08:16Z</time><extensions><speed>0.000111</speed><course>78.086841</course><hAcc>2.720174</hAcc><vAcc>0.838859</vAcc></extensions></trkpt>
      <trkpt lon="35.022870" lat="32.726836"><ele>274.535371</ele><time>2025-04-17T08:08:17Z</time><extensions><speed>0.000088</speed><course>78.086837</course><hAcc>2.724062</hAcc><vAcc>0.841350</vAcc></extensions></trkpt>
      <trkpt lon="35.022870" lat="32.726836"><ele>274.536251</ele><time>2025-04-17T08:08:18Z</time><extensions><speed>0.000072</speed><course>78.086832</course><hAcc>2.721906</hAcc><vAcc>0.844641</vAcc></extensions></trkpt>
      <trkpt lon="35.022870" lat="32.726836"><ele>274.536914</ele><time>2025-04-17T08:08:19Z</time><extensions><speed>0.000060</speed><course>78.086829</course><hAcc>2.715280</hAcc><vAcc>0.847956</vAcc></extensions></trkpt>
      <trkpt lon="35.022870" lat="32.726836"><ele>274.537379</ele><time>2025-04-17T08:08:20Z</time><extensions><speed>0.000050</speed><course>78.086828</course><hAcc>2.705930</hAcc><vAcc>0.850536</vAcc></extensions></trkpt>
      <trkpt lon="35.022870" lat="32.726836"><ele>274.537680</ele><time>2025-04-17T08:08:21Z</time><extensions><speed>0.000041</speed><course>78.086828</course><hAcc>2.695961</hAcc><vAcc>0.852065</vAcc></extensions></trkpt>
      <trkpt lon="35.022870" lat="32.726836"><ele>274.537855</ele><time>2025-04-17T08:08:22Z</time><extensions><speed>0.000034</speed><course>78.086830</course><hAcc>2.683196</hAcc><vAcc>0.853332</vAcc></extensions></trkpt>
      <trkpt lon="35.022870" lat="32.726836"><ele>274.537920</ele><time>2025-04-17T08:08:23Z</time><extensions><speed>0.000028</speed><course>78.086836</course><hAcc>2.674756</hAcc><vAcc>0.853511</vAcc></extensions></trkpt>
      <trkpt lon="35.022870" lat="32.726836"><ele>274.537902</ele><time>2025-04-17T08:08:24Z</time><extensions><speed>0.000021</speed><course>78.086842</course><hAcc>2.678121</hAcc><vAcc>0.852854</vAcc></extensions></trkpt>
      <trkpt lon="35.022870" lat="32.726836"><ele>274.537821</ele><time>2025-04-17T08:08:25Z</time><extensions><speed>0.000017</speed><course>78.086852</course><hAcc>2.677492</hAcc><vAcc>0.851573</vAcc></extensions></trkpt>
      <trkpt lon="35.022870" lat="32.726836"><ele>274.537695</ele><time>2025-04-17T08:08:26Z</time><extensions><speed>0.000014</speed><course>78.086868</course><hAcc>2.674658</hAcc><vAcc>0.849825</vAcc></extensions></trkpt>
      <trkpt lon="35.022870" lat="32.726836"><ele>274.537536</ele><time>2025-04-17T08:08:27Z</time><extensions><speed>0.000013</speed><course>78.086899</course><hAcc>2.668070</hAcc><vAcc>0.847442</vAcc></extensions></trkpt>
      <trkpt lon="35.022870" lat="32.726836"><ele>274.537355</ele><time>2025-04-17T08:08:28Z</time><extensions><speed>0.000014</speed><course>78.086929</course><hAcc>2.653852</hAcc><vAcc>0.844539</vAcc></extensions></trkpt>
      <trkpt lon="35.022870" lat="32.726836"><ele>274.537161</ele><time>2025-04-17T08:08:29Z</time><extensions><speed>0.000013</speed><course>78.086958</course><hAcc>2.656339</hAcc><vAcc>0.840772</vAcc></extensions></trkpt>
      <trkpt lon="35.022870" lat="32.726836"><ele>274.536961</ele><time>2025-04-17T08:08:30Z</time><extensions><speed>0.000012</speed><course>78.086973</course><hAcc>2.667489</hAcc><vAcc>0.836455</vAcc></extensions></trkpt>
      <trkpt lon="35.022870" lat="32.726836"><ele>274.536761</ele><time>2025-04-17T08:08:31Z</time><extensions><speed>0.000010</speed><course>78.086989</course><hAcc>2.678505</hAcc><vAcc>0.831557</vAcc></extensions></trkpt>
      <trkpt lon="35.022870" lat="32.726836"><ele>274.536565</ele><time>2025-04-17T08:08:32Z</time><extensions><speed>0.000009</speed><course>78.087009</course><hAcc>2.685172</hAcc><vAcc>0.826943</vAcc></extensions></trkpt>
      <trkpt lon="35.022870" lat="32.726836"><ele>274.536379</ele><time>2025-04-17T08:08:33Z</time><extensions><speed>0.000007</speed><course>78.087012</course><hAcc>2.685927</hAcc><vAcc>0.822331</vAcc></extensions></trkpt>
      <trkpt lon="35.022870" lat="32.726836"><ele>274.536204</ele><time>2025-04-17T08:08:34Z</time><extensions><speed>0.000006</speed><course>78.087014</course><hAcc>2.683705</hAcc><vAcc>0.818343</vAcc></extensions></trkpt>
      <trkpt lon="35.022870" lat="32.726836"><ele>274.536044</ele><time>2025-04-17T08:08:35Z</time><extensions><speed>0.000005</speed><course>78.087003</course><hAcc>2.681237</hAcc><vAcc>0.815224</vAcc></extensions></trkpt>
      <trkpt lon="35.022870" lat="32.726836"><ele>274.535900</ele><time>2025-04-17T08:08:36Z</time><extensions><speed>0.000004</speed><course>78.086987</course><hAcc>2.678915</hAcc><vAcc>0.813136</vAcc></extensions></trkpt>
      <trkpt lon="35.022870" lat="32.726836"><ele>274.535771</ele><time>2025-04-17T08:08:37Z</time><extensions><speed>0.000003</speed><course>78.086975</course><hAcc>2.671440</hAcc><vAcc>0.812538</vAcc></extensions></trkpt>
      <trkpt lon="35.022870" lat="32.726836"><ele>274.535658</ele><time>2025-04-17T08:08:38Z</time><extensions><speed>0.000003</speed><course>78.086978</course><hAcc>2.661760</hAcc><vAcc>0.813657</vAcc></extensions></trkpt>
      <trkpt lon="35.022870" lat="32.726836"><ele>274.535560</ele><time>2025-04-17T08:08:39Z</time><extensions><speed>0.000002</speed><course>78.087058</course><hAcc>2.652510</hAcc><vAcc>0.816048</vAcc></extensions></trkpt>
      <trkpt lon="35.022870" lat="32.726836"><ele>274.535476</ele><time>2025-04-17T08:08:40Z</time><extensions><speed>0.000002</speed><course>78.087225</course><hAcc>2.639755</hAcc><vAcc>0.820049</vAcc></extensions></trkpt>
      <trkpt lon="35.022870" lat="32.726836"><ele>274.535405</ele><time>2025-04-17T08:08:41Z</time><extensions><speed>0.000001</speed><course>78.087427</course><hAcc>2.632284</hAcc><vAcc>0.825371</vAcc></extensions></trkpt>
      <trkpt lon="35.022870" lat="32.726836"><ele>274.535347</ele><time>2025-04-17T08:08:42Z</time><extensions><speed>0.000001</speed><course>78.087556</course><hAcc>2.631645</hAcc><vAcc>0.831095</vAcc></extensions></trkpt>
      <trkpt lon="35.022870" lat="32.726836"><ele>274.535300</ele><time>2025-04-17T08:08:43Z</time><extensions><speed>0.000001</speed><course>78.087561</course><hAcc>2.637543</hAcc><vAcc>0.837016</vAcc></extensions></trkpt>
      <trkpt lon="35.022870" lat="32.726836"><ele>274.535262</ele><time>2025-04-17T08:08:44Z</time><extensions><speed>0.000001</speed><course>78.087318</course><hAcc>2.645294</hAcc><vAcc>0.842807</vAcc></extensions></trkpt>
      <trkpt lon="35.022870" lat="32.726836"><ele>274.535233</ele><time>2025-04-17T08:08:45Z</time><extensions><speed>0.000000</speed><course>78.086816</course><hAcc>2.644807</hAcc><vAcc>0.847970</vAcc></extensions></trkpt>
      <trkpt lon="35.022870" lat="32.726836"><ele>274.535210</ele><time>2025-04-17T08:08:46Z</time><extensions><speed>0.000000</speed><course>78.086244</course><hAcc>2.632910</hAcc><vAcc>0.852442</vAcc></extensions></trkpt>
      <trkpt lon="35.022870" lat="32.726836"><ele>274.535194</ele><time>2025-04-17T08:08:47Z</time><extensions><speed>0.000001</speed><course>78.085671</course><hAcc>2.604310</hAcc><vAcc>0.856209</vAcc></extensions></trkpt>
      <trkpt lon="35.022870" lat="32.726836"><ele>274.535183</ele><time>2025-04-17T08:08:48Z</time><extensions><speed>0.000001</speed><course>78.085163</course><hAcc>2.600780</hAcc><vAcc>0.859239</vAcc></extensions></trkpt>
      <trkpt lon="35.022870" lat="32.726836"><ele>274.535176</ele><time>2025-04-17T08:08:49Z</time><extensions><speed>0.000000</speed><course>78.084531</course><hAcc>2.615036</hAcc><vAcc>0.861884</vAcc></extensions></trkpt>
      <trkpt lon="35.022870" lat="32.726836"><ele>274.535173</ele><time>2025-04-17T08:08:50Z</time><extensions><speed>0.000000</speed><course>78.083620</course><hAcc>2.633230</hAcc><vAcc>0.862981</vAcc></extensions></trkpt>
      <trkpt lon="35.022870" lat="32.726836"><ele>274.535173</ele><time>2025-04-17T08:08:51Z</time><extensions><speed>0.000000</speed><course>78.082327</course><hAcc>2.648362</hAcc><vAcc>0.863065</vAcc></extensions></trkpt>
      <trkpt lon="35.022870" lat="32.726836"><ele>274.535174</ele><time>2025-04-17T08:08:52Z</time><extensions><speed>0.000000</speed><course>78.080890</course><hAcc>2.656298</hAcc><vAcc>0.863114</vAcc></extensions></trkpt>
      <trkpt lon="35.022870" lat="32.726836"><ele>274.535178</ele><time>2025-04-17T08:08:53Z</time><extensions><speed>0.000000</speed><course>78.079718</course><hAcc>2.655909</hAcc><vAcc>0.863355</vAcc></extensions></trkpt>
      <trkpt lon="35.022870" lat="32.726836"><ele>274.535182</ele><time>2025-04-17T08:08:54Z</time><extensions><speed>0.000000</speed><course>78.079288</course><hAcc>2.654732</hAcc><vAcc>0.863154</vAcc></extensions></trkpt>
      <trkpt lon="35.022870" lat="32.726836"><ele>274.535187</ele><time>2025-04-17T08:08:55Z</time><extensions><speed>0.000000</speed><course>78.080308</course><hAcc>2.654601</hAcc><vAcc>0.863487</vAcc></extensions></trkpt>
      <trkpt lon="35.022870" lat="32.726836"><ele>274.535193</ele><time>2025-04-17T08:08:56Z</time><extensions><speed>0.000000</speed><course>78.083352</course><hAcc>2.650879</hAcc><vAcc>0.864063</vAcc></extensions></trkpt>
      <trkpt lon="35.022870" lat="32.726836"><ele>274.535199</ele><time>2025-04-17T08:08:57Z</time><extensions><speed>0.000000</speed><course>78.088964</course><hAcc>2.646029</hAcc><vAcc>0.865875</vAcc></extensions></trkpt>
      <trkpt lon="35.022870" lat="32.726836"><ele>274.535206</ele><time>2025-04-17T08:08:58Z</time><extensions><speed>0.000000</speed><course>78.098201</course><hAcc>2.643509</hAcc><vAcc>0.868756</vAcc></extensions></trkpt>
      <trkpt lon="35.022870" lat="32.726836"><ele>274.535212</ele><time>2025-04-17T08:08:59Z</time><extensions><speed>0.000000</speed><course>78.112839</course><hAcc>2.644523</hAcc><vAcc>0.873769</vAcc></extensions></trkpt>
      <trkpt lon="35.022870" lat="32.726836"><ele>274.535217</ele><time>2025-04-17T08:09:00Z</time><extensions><speed>0.000000</speed><course>78.132714</course><hAcc>2.659676</hAcc><vAcc>0.879925</vAcc></extensions></trkpt>
      <trkpt lon="35.022870" lat="32.726836"><ele>274.535223</ele><time>2025-04-17T08:09:01Z</time><extensions><speed>0.000000</speed><course>78.159116</course><hAcc>2.681037</hAcc><vAcc>0.886641</vAcc></extensions></trkpt>
      <trkpt lon="35.022870" lat="32.726836"><ele>274.535228</ele><time>2025-04-17T08:09:02Z</time><extensions><speed>0.000000</speed><course>78.194406</course><hAcc>2.694728</hAcc><vAcc>0.894458</vAcc></extensions></trkpt>
      <trkpt lon="35.022870" lat="32.726836"><ele>274.535232</ele><time>2025-04-17T08:09:03Z</time><extensions><speed>0.000000</speed><course>78.228494</course><hAcc>2.690594</hAcc><vAcc>0.903084</vAcc></extensions></trkpt>
      <trkpt lon="35.022870" lat="32.726836"><ele>274.535237</ele><time>2025-04-17T08:09:04Z</time><extensions><speed>0.000000</speed><course>78.262434</course><hAcc>2.706487</hAcc><vAcc>0.911275</vAcc></extensions></trkpt>
      <trkpt lon="35.022870" lat="32.726836"><ele>274.535240</ele><time>2025-04-17T08:09:05Z</time><extensions><speed>0.000000</speed><course>78.297871</course><hAcc>2.707912</hAcc><vAcc>0.918976</vAcc></extensions></trkpt>
      <trkpt lon="35.022870" lat="32.726836"><ele>274.535243</ele><time>2025-04-17T08:09:06Z</time><extensions><speed>0.000000</speed><course>78.332878</course><hAcc>2.714625</hAcc><vAcc>0.925218</vAcc></extensions></trkpt>
      <trkpt lon="35.022870" lat="32.726836"><ele>274.535246</ele><time>2025-04-17T08:09:07Z</time><extensions><speed>0.000000</speed><course>78.369536</course><hAcc>2.724965</hAcc><vAcc>0.930477</vAcc></extensions></trkpt>
      <trkpt lon="35.022870" lat="32.726836"><ele>274.535249</ele><time>2025-04-17T08:09:08Z</time><extensions><speed>0.000000</speed><course>78.413824</course><hAcc>2.732638</hAcc><vAcc>0.934205</vAcc></extensions></trkpt>
      <trkpt lon="35.022870" lat="32.726836"><ele>274.535251</ele><time>2025-04-17T08:09:09Z</time><extensions><speed>0.000000</speed><course>78.453485</course><hAcc>2.728881</hAcc><vAcc>0.936168</vAcc></extensions></trkpt>
      <trkpt lon="35.022870" lat="32.726836"><ele>274.535252</ele><time>2025-04-17T08:09:10Z</time><extensions><speed>0.000000</speed><course>78.490665</course><hAcc>2.717271</hAcc><vAcc>0.937300</vAcc></extensions></trkpt>
      <trkpt lon="35.022870" lat="32.726836"><ele>274.535254</ele><time>2025-04-17T08:09:11Z</time><extensions><speed>0.000000</speed><course>78.523011</course><hAcc>2.700518</hAcc><vAcc>0.936856</vAcc></extensions></trkpt>
      <trkpt lon="35.022870" lat="32.726836"><ele>274.535255</ele><time>2025-04-17T08:09:12Z</time><extensions><speed>0.000000</speed><course>78.551221</course><hAcc>2.679665</hAcc><vAcc>0.935101</vAcc></extensions></trkpt>
      <trkpt lon="35.022870" lat="32.726836"><ele>274.535256</ele><time>2025-04-17T08:09:13Z</time><extensions><speed>0.000000</speed><course>78.590908</course><hAcc>2.657611</hAcc><vAcc>0.932460</vAcc></extensions></trkpt>
      <trkpt lon="35.022870" lat="32.726836"><ele>274.535257</ele><time>2025-04-17T08:09:14Z</time><extensions><speed>0.000000</speed><course>78.656465</course><hAcc>2.638027</hAcc><vAcc>0.928371</vAcc></extensions></trkpt>
      <trkpt lon="35.022870" lat="32.726836"><ele>274.535257</ele><time>2025-04-17T08:09:15Z</time><extensions><speed>0.000000</speed><course>78.746117</course><hAcc>2.616263</hAcc><vAcc>0.924744</vAcc></extensions></trkpt>
      <trkpt lon="35.022870" lat="32.726836"><ele>274.535258</ele><time>2025-04-17T08:09:16Z</time><extensions><speed>0.000000</speed><course>78.851871</course><hAcc>2.595353</hAcc><vAcc>0.920488</vAcc></extensions></trkpt>
      <trkpt lon="35.022870" lat="32.726836"><ele>274.535258</ele><time>2025-04-17T08:09:17Z</time><extensions><speed>0.000000</speed><course>78.992041</course><hAcc>2.572172</hAcc><vAcc>0.915990</vAcc></extensions></trkpt>
      <trkpt lon="35.022870" lat="32.726836"><ele>274.535258</ele><time>2025-04-17T08:09:18Z</time><extensions><speed>0.000000</speed><course>79.155691</course><hAcc>2.559281</hAcc><vAcc>0.912121</vAcc></extensions></trkpt>
      <trkpt lon="35.022870" lat="32.726836"><ele>274.535258</ele><time>2025-04-17T08:09:19Z</time><extensions><speed>0.000000</speed><course>79.342454</course><hAcc>2.550075</hAcc><vAcc>0.908987</vAcc></extensions></trkpt>
      <trkpt lon="35.022870" lat="32.726836"><ele>274.535258</ele><time>2025-04-17T08:09:20Z</time><extensions><speed>0.000000</speed><course>79.544823</course><hAcc>2.548721</hAcc><vAcc>0.906524</vAcc></extensions></trkpt>
      <trkpt lon="35.022870" lat="32.726836"><ele>274.535258</ele><time>2025-04-17T08:09:21Z</time><extensions><speed>0.000000</speed><course>79.772330</course><hAcc>2.561424</hAcc><vAcc>0.904619</vAcc></extensions></trkpt>
      <trkpt lon="35.022870" lat="32.726836"><ele>274.535258</ele><time>2025-04-17T08:09:22Z</time><extensions><speed>0.000000</speed><course>80.021757</course><hAcc>2.556010</hAcc><vAcc>0.903479</vAcc></extensions></trkpt>
      <trkpt lon="35.022870" lat="32.726836"><ele>274.535258</ele><time>2025-04-17T08:09:23Z</time><extensions><speed>0.000000</speed><course>80.239178</course><hAcc>2.543689</hAcc><vAcc>0.903993</vAcc></extensions></trkpt>
      <trkpt lon="35.022870" lat="32.726836"><ele>274.535258</ele><time>2025-04-17T08:09:24Z</time><extensions><speed>0.000000</speed><course>80.342166</course><hAcc>2.553055</hAcc><vAcc>0.904271</vAcc></extensions></trkpt>
      <trkpt lon="35.022870" lat="32.726836"><ele>274.535258</ele><time>2025-04-17T08:09:25Z</time><extensions><speed>0.000000</speed><course>80.376993</course><hAcc>2.571835</hAcc><vAcc>0.905120</vAcc></extensions></trkpt>
      <trkpt lon="35.022870" lat="32.726836"><ele>274.535258</ele><time>2025-04-17T08:09:26Z</time><extensions><speed>0.000000</speed><course>80.244406</course><hAcc>2.589106</hAcc><vAcc>0.906746</vAcc></extensions></trkpt>
      <trkpt lon="35.022870" lat="32.726836"><ele>274.535258</ele><time>2025-04-17T08:09:27Z</time><extensions><speed>0.000000</speed><course>79.803330</course><hAcc>2.601149</hAcc><vAcc>0.909122</vAcc></extensions></trkpt>
      <trkpt lon="35.022870" lat="32.726836"><ele>274.535258</ele><time>2025-04-17T08:09:28Z</time><extensions><speed>0.000000</speed><course>79.003307</course><hAcc>2.608359</hAcc><vAcc>0.912147</vAcc></extensions></trkpt>
      <trkpt lon="35.022870" lat="32.726836"><ele>274.535257</ele><time>2025-04-17T08:09:29Z</time><extensions><speed>0.000000</speed><course>78.069550</course><hAcc>2.611591</hAcc><vAcc>0.915059</vAcc></extensions></trkpt>
      <trkpt lon="35.022870" lat="32.726836"><ele>274.535257</ele><time>2025-04-17T08:09:30Z</time><extensions><speed>0.000000</speed><course>77.029384</course><hAcc>2.608839</hAcc><vAcc>0.918208</vAcc></extensions></trkpt>
      <trkpt lon="35.022870" lat="32.726836"><ele>274.535257</ele><time>2025-04-17T08:09:31Z</time><extensions><speed>0.000000</speed><course>76.052612</course><hAcc>2.602356</hAcc><vAcc>0.920826</vAcc></extensions></trkpt>
      <trkpt lon="35.022870" lat="32.726836"><ele>274.535257</ele><time>2025-04-17T08:09:32Z</time><extensions><speed>0.000000</speed><course>75.422036</course><hAcc>2.592072</hAcc><vAcc>0.923563</vAcc></extensions></trkpt>
      <trkpt lon="35.022870" lat="32.726836"><ele>274.535257</ele><time>2025-04-17T08:09:33Z</time><extensions><speed>0.000000</speed><course>75.084178</course><hAcc>2.580882</hAcc><vAcc>0.925573</vAcc></extensions></trkpt>
      <trkpt lon="35.022870" lat="32.726836"><ele>274.535257</ele><time>2025-04-17T08:09:34Z</time><extensions><speed>0.000000</speed><course>75.114869</course><hAcc>2.575027</hAcc><vAcc>0.927431</vAcc></extensions></trkpt>
      <trkpt lon="35.022870" lat="32.726836"><ele>274.535257</ele><time>2025-04-17T08:09:35Z</time><extensions><speed>0.000000</speed><course>75.523105</course><hAcc>2.576182</hAcc><vAcc>0.929082</vAcc></extensions></trkpt>
      <trkpt lon="35.022870" lat="32.726836"><ele>274.535257</ele><time>2025-04-17T08:09:36Z</time><extensions><speed>0.000000</speed><course>75.892460</course><hAcc>2.572660</hAcc><vAcc>0.929609</vAcc></extensions></trkpt>
      <trkpt lon="35.022870" lat="32.726836"><ele>274.535257</ele><time>2025-04-17T08:09:37Z</time><extensions><speed>0.000000</speed><course>76.438064</course><hAcc>2.581222</hAcc><vAcc>0.929701</vAcc></extensions></trkpt>
      <trkpt lon="35.022870" lat="32.726836"><ele>274.535256</ele><time>2025-04-17T08:09:38Z</time><extensions><speed>0.000000</speed><course>77.450676</course><hAcc>2.592292</hAcc><vAcc>0.928736</vAcc></extensions></trkpt>
      <trkpt lon="35.022870" lat="32.726836"><ele>274.535256</ele><time>2025-04-17T08:09:39Z</time><extensions><speed>0.000000</speed><course>79.105480</course><hAcc>2.585904</hAcc><vAcc>0.927517</vAcc></extensions></trkpt>
      <trkpt lon="35.022870" lat="32.726836"><ele>274.535256</ele><time>2025-04-17T08:09:40Z</time><extensions><speed>0.000000</speed><course>81.013867</course><hAcc>2.558345</hAcc><vAcc>0.925705</vAcc></extensions></trkpt>
      <trkpt lon="35.022870" lat="32.726836"><ele>274.535256</ele><time>2025-04-17T08:09:41Z</time><extensions><speed>0.000000</speed><course>82.173448</course><hAcc>2.551144</hAcc><vAcc>0.923000</vAcc></extensions></trkpt>
      <trkpt lon="35.022870" lat="32.726836"><ele>274.535256</ele><time>2025-04-17T08:09:42Z</time><extensions><speed>0.000000</speed><course>80.303308</course><hAcc>2.561337</hAcc><vAcc>0.919202</vAcc></extensions></trkpt>
      <trkpt lon="35.022870" lat="32.726836"><ele>274.535256</ele><time>2025-04-17T08:09:43Z</time><extensions><speed>0.000000</speed><course>78.574603</course><hAcc>2.573909</hAcc><vAcc>0.914902</vAcc></extensions></trkpt>
      <trkpt lon="35.022871" lat="32.726836"><ele>274.535264</ele><time>2025-04-17T08:09:44Z</time><extensions><speed>0.002462</speed><course>59.018939</course><hAcc>2.601623</hAcc><vAcc>0.919975</vAcc></extensions></trkpt>
      <trkpt lon="35.022871" lat="32.726836"><ele>274.530791</ele><time>2025-04-17T08:09:45Z</time><extensions><speed>0.006494</speed><course>48.779522</course><hAcc>2.629712</hAcc><vAcc>0.929508</vAcc></extensions></trkpt>
      <trkpt lon="35.022871" lat="32.726836"><ele>274.520658</ele><time>2025-04-17T08:09:46Z</time><extensions><speed>0.009888</speed><course>46.555649</course><hAcc>2.670953</hAcc><vAcc>0.941067</vAcc></extensions></trkpt>
      <trkpt lon="35.022871" lat="32.726837"><ele>274.512928</ele><time>2025-04-17T08:09:47Z</time><extensions><speed>0.015128</speed><course>41.324423</course><hAcc>2.720574</hAcc><vAcc>0.958284</vAcc></extensions></trkpt>
      <trkpt lon="35.022871" lat="32.726837"><ele>274.503841</ele><time>2025-04-17T08:09:48Z</time><extensions><speed>0.019225</speed><course>39.071704</course><hAcc>2.781180</hAcc><vAcc>0.982237</vAcc></extensions></trkpt>
      <trkpt lon="35.022871" lat="32.726837"><ele>274.493135</ele><time>2025-04-17T08:09:49Z</time><extensions><speed>0.027785</speed><course>37.554001</course><hAcc>2.846907</hAcc><vAcc>1.014632</vAcc></extensions></trkpt>
      <trkpt lon="35.022872" lat="32.726837"><ele>274.480620</ele><time>2025-04-17T08:09:50Z</time><extensions><speed>0.037421</speed><course>37.563890</course><hAcc>2.947079</hAcc><vAcc>1.056944</vAcc></extensions></trkpt>
      <trkpt lon="35.022872" lat="32.726838"><ele>274.466203</ele><time>2025-04-17T08:09:51Z</time><extensions><speed>0.052482</speed><course>37.257278</course><hAcc>3.081734</hAcc><vAcc>1.110834</vAcc></extensions></trkpt>
      <trkpt lon="35.022872" lat="32.726838"><ele>274.449560</ele><time>2025-04-17T08:09:52Z</time><extensions><speed>0.087377</speed><course>35.772243</course><hAcc>3.229227</hAcc><vAcc>1.177727</vAcc></extensions></trkpt>
      <trkpt lon="35.022873" lat="32.726840"><ele>274.430069</ele><time>2025-04-17T08:09:53Z</time><extensions><speed>0.219444</speed><course>35.334774</course><hAcc>3.400208</hAcc><vAcc>1.258824</vAcc></extensions></trkpt>
      <trkpt lon="35.022897" lat="32.726868"><ele>274.249546</ele><time>2025-04-17T08:10:02Z</time><extensions><speed>0.574326</speed><course>35.062770</course><hAcc>6.737544</hAcc><vAcc>1.367096</vAcc></extensions></trkpt>
      <trkpt lon="35.022902" lat="32.726873"><ele>274.235553</ele><time>2025-04-17T08:10:03Z</time><extensions><speed>0.701777</speed><course>35.182908</course><hAcc>6.956556</hAcc><vAcc>1.303155</vAcc></extensions></trkpt>
      <trkpt lon="35.022907" lat="32.726880"><ele>274.228265</ele><time>2025-04-17T08:10:04Z</time><extensions><speed>0.767711</speed><course>35.457896</course><hAcc>6.986415</hAcc><vAcc>1.247495</vAcc></extensions></trkpt>
      <trkpt lon="35.022916" lat="32.726889"><ele>274.225235</ele><time>2025-04-17T08:10:06Z</time><extensions><speed>0.748455</speed><course>37.264245</course><hAcc>6.668813</hAcc><vAcc>1.167185</vAcc></extensions></trkpt>
      <trkpt lon="35.022921" lat="32.726895"><ele>274.232660</ele><time>2025-04-17T08:10:07Z</time><extensions><speed>0.664800</speed><course>39.358581</course><hAcc>6.285008</hAcc><vAcc>1.111201</vAcc></extensions></trkpt>
      <trkpt lon="35.022925" lat="32.726900"><ele>274.244652</ele><time>2025-04-17T08:10:08Z</time><extensions><speed>0.547707</speed><course>43.135679</course><hAcc>5.961141</hAcc><vAcc>1.060290</vAcc></extensions></trkpt>
      <trkpt lon="35.022929" lat="32.726903"><ele>274.259821</ele><time>2025-04-17T08:10:09Z</time><extensions><speed>0.406315</speed><course>49.729260</course><hAcc>5.701050</hAcc><vAcc>1.013386</vAcc></extensions></trkpt>
      <trkpt lon="35.022931" lat="32.726904"><ele>274.278445</ele><time>2025-04-17T08:10:10Z</time><extensions><speed>0.255045</speed><course>63.427565</course><hAcc>5.503956</hAcc><vAcc>0.969653</vAcc></extensions></trkpt>
      <trkpt lon="35.022934" lat="32.726904"><ele>274.298625</ele><time>2025-04-17T08:10:11Z</time><extensions><speed>0.139803</speed><course>102.753158</course><hAcc>5.356837</hAcc><vAcc>0.928385</vAcc></extensions></trkpt>
      <trkpt lon="35.022935" lat="32.726903"><ele>274.319405</ele><time>2025-04-17T08:10:12Z</time><extensions><speed>0.165776</speed><course>163.097206</course><hAcc>5.239800</hAcc><vAcc>0.889061</vAcc></extensions></trkpt>
      <trkpt lon="35.022935" lat="32.726901"><ele>274.340091</ele><time>2025-04-17T08:10:13Z</time><extensions><speed>0.263474</speed><course>185.360117</course><hAcc>5.132061</hAcc><vAcc>0.851475</vAcc></extensions></trkpt>
      <trkpt lon="35.022934" lat="32.726898"><ele>274.360423</ele><time>2025-04-17T08:10:14Z</time><extensions><speed>0.343715</speed><course>192.864661</course><hAcc>5.016577</hAcc><vAcc>0.815782</vAcc></extensions></trkpt>
      <trkpt lon="35.022933" lat="32.726895"><ele>274.379893</ele><time>2025-04-17T08:10:15Z</time><extensions><speed>0.388091</speed><course>195.803151</course><hAcc>4.883289</hAcc><vAcc>0.782486</vAcc></extensions></trkpt>
      <trkpt lon="35.022932" lat="32.726891"><ele>274.397976</ele><time>2025-04-17T08:10:16Z</time><extensions><speed>0.395960</speed><course>197.281526</course><hAcc>4.732533</hAcc><vAcc>0.752325</vAcc></extensions></trkpt>
      <trkpt lon="35.022931" lat="32.726888"><ele>274.414593</ele><time>2025-04-17T08:10:17Z</time><extensions><speed>0.372548</speed><course>199.026742</course><hAcc>4.578503</hAcc><vAcc>0.726010</vAcc></extensions></trkpt>
      <trkpt lon="35.022930" lat="32.726885"><ele>274.427202</ele><time>2025-04-17T08:10:18Z</time><extensions><speed>0.328355</speed><course>202.987994</course><hAcc>4.443292</hAcc><vAcc>0.703961</vAcc></extensions></trkpt>
      <trkpt lon="35.022928" lat="32.726882"><ele>274.435750</ele><time>2025-04-17T08:10:19Z</time><extensions><speed>0.279255</speed><course>210.947333</course><hAcc>4.341132</hAcc><vAcc>0.686206</vAcc></extensions></trkpt>
      <trkpt lon="35.022926" lat="32.726880"><ele>274.441363</ele><time>2025-04-17T08:10:20Z</time><extensions><speed>0.237124</speed><course>223.599884</course><hAcc>4.273290</hAcc><vAcc>0.672450</vAcc></extensions></trkpt>
      <trkpt lon="35.022924" lat="32.726879"><ele>274.443863</ele><time>2025-04-17T08:10:21Z</time><extensions><speed>0.205826</speed><course>239.452137</course><hAcc>4.233428</hAcc><vAcc>0.662186</vAcc></extensions></trkpt>
      <trkpt lon="35.022922" lat="32.726878"><ele>274.443528</ele><time>2025-04-17T08:10:22Z</time><extensions><speed>0.184591</speed><course>256.857304</course><hAcc>4.212817</hAcc><vAcc>0.654808</vAcc></extensions></trkpt>
      <trkpt lon="35.022920" lat="32.726878"><ele>274.438069</ele><time>2025-04-17T08:10:23Z</time><extensions><speed>0.140073</speed><course>276.983061</course><hAcc>4.155230</hAcc><vAcc>0.649510</vAcc></extensions></trkpt>
      <trkpt lon="35.022919" lat="32.726879"><ele>274.429760</ele><time>2025-04-17T08:10:24Z</time><extensions><speed>0.106673</speed><course>304.280686</course><hAcc>4.133084</hAcc><vAcc>0.645810</vAcc></extensions></trkpt>
      <trkpt lon="35.022918" lat="32.726880"><ele>274.419193</ele><time>2025-04-17T08:10:25Z</time><extensions><speed>0.095666</speed><course>343.117393</course><hAcc>4.096350</hAcc><vAcc>0.643383</vAcc></extensions></trkpt>
      <trkpt lon="35.022919" lat="32.726880"><ele>274.406714</ele><time>2025-04-17T08:10:26Z</time><extensions><speed>0.119963</speed><course>21.711416</course><hAcc>4.024743</hAcc><vAcc>0.641988</vAcc></extensions></trkpt>
      <trkpt lon="35.022920" lat="32.726881"><ele>274.392744</ele><time>2025-04-17T08:10:27Z</time><extensions><speed>0.174482</speed><course>47.353150</course><hAcc>3.895332</hAcc><vAcc>0.641532</vAcc></extensions></trkpt>
      <trkpt lon="35.022921" lat="32.726883"><ele>274.377735</ele><time>2025-04-17T08:10:28Z</time><extensions><speed>0.245236</speed><course>62.842839</course><hAcc>3.681989</hAcc><vAcc>0.642024</vAcc></extensions></trkpt>
      <trkpt lon="35.022924" lat="32.726883"><ele>274.362147</ele><time>2025-04-17T08:10:29Z</time><extensions><speed>0.313670</speed><course>72.069539</course><hAcc>3.361061</hAcc><vAcc>0.643536</vAcc></extensions></trkpt>
      <trkpt lon="35.022928" lat="32.726884"><ele>274.346324</ele><time>2025-04-17T08:10:30Z</time><extensions><speed>0.356397</speed><course>77.398802</course><hAcc>2.924373</hAcc><vAcc>0.646222</vAcc></extensions></trkpt>
      <trkpt lon="35.022929" lat="32.726887"><ele>274.329391</ele><time>2025-04-17T08:10:31Z</time><extensions><speed>0.309899</speed><course>71.975423</course><hAcc>2.407140</hAcc><vAcc>0.650258</vAcc></extensions></trkpt>
      <trkpt lon="35.022930" lat="32.726889"><ele>274.307922</ele><time>2025-04-17T08:10:32Z</time><extensions><speed>0.224426</speed><course>65.566950</course><hAcc>1.938947</hAcc><vAcc>0.655758</vAcc></extensions></trkpt>
      <trkpt lon="35.022930" lat="32.726890"><ele>274.289885</ele><time>2025-04-17T08:10:33Z</time><extensions><speed>0.078843</speed><course>55.892588</course><hAcc>1.712634</hAcc><vAcc>0.662791</vAcc></extensions></trkpt>
      <trkpt lon="35.022930" lat="32.726891"><ele>274.261053</ele><time>2025-04-17T08:10:34Z</time><extensions><speed>0.017860</speed><course>15.116476</course><hAcc>1.639950</hAcc><vAcc>0.671253</vAcc></extensions></trkpt>
      <trkpt lon="35.022930" lat="32.726891"><ele>274.229989</ele><time>2025-04-17T08:10:35Z</time><extensions><speed>0.018341</speed><course>331.615412</course><hAcc>1.595698</hAcc><vAcc>0.680692</vAcc></extensions></trkpt>
      <trkpt lon="35.022930" lat="32.726891"><ele>274.198287</ele><time>2025-04-17T08:10:36Z</time><extensions><speed>0.021387</speed><course>320.898813</course><hAcc>1.570831</hAcc><vAcc>0.690480</vAcc></extensions></trkpt>
      <trkpt lon="35.022930" lat="32.726891"><ele>274.166916</ele><time>2025-04-17T08:10:37Z</time><extensions><speed>0.027096</speed><course>316.240878</course><hAcc>1.557954</hAcc><vAcc>0.700108</vAcc></extensions></trkpt>
      <trkpt lon="35.022930" lat="32.726891"><ele>274.124804</ele><time>2025-04-17T08:10:38Z</time><extensions><speed>0.036858</speed><course>313.735250</course><hAcc>1.552980</hAcc><vAcc>0.709144</vAcc></extensions></trkpt>
      <trkpt lon="35.022930" lat="32.726892"><ele>274.078583</ele><time>2025-04-17T08:10:39Z</time><extensions><speed>0.046518</speed><course>312.175006</course><hAcc>1.557793</hAcc><vAcc>0.717342</vAcc></extensions></trkpt>
      <trkpt lon="35.022929" lat="32.726892"><ele>274.029265</ele><time>2025-04-17T08:10:40Z</time><extensions><speed>0.082690</speed><course>311.491052</course><hAcc>1.562335</hAcc><vAcc>0.724503</vAcc></extensions></trkpt>
      <trkpt lon="35.022927" lat="32.726893"><ele>273.977249</ele><time>2025-04-17T08:10:41Z</time><extensions><speed>0.435194</speed><course>311.923564</course><hAcc>1.515608</hAcc><vAcc>0.730618</vAcc></extensions></trkpt>
      <trkpt lon="35.022924" lat="32.726896"><ele>273.923039</ele><time>2025-04-17T08:10:42Z</time><extensions><speed>0.464809</speed><course>312.230634</course><hAcc>1.569967</hAcc><vAcc>0.735673</vAcc></extensions></trkpt>
      <trkpt lon="35.022921" lat="32.726898"><ele>273.886511</ele><time>2025-04-17T08:10:43Z</time><extensions><speed>0.298262</speed><course>312.965806</course><hAcc>1.683035</hAcc><vAcc>0.739704</vAcc></extensions></trkpt>
      <trkpt lon="35.022919" lat="32.726900"><ele>273.856287</ele><time>2025-04-17T08:10:44Z</time><extensions><speed>0.081810</speed><course>315.247604</course><hAcc>1.779408</hAcc><vAcc>0.743040</vAcc></extensions></trkpt>
      <trkpt lon="35.022919" lat="32.726899"><ele>273.828740</ele><time>2025-04-17T08:10:45Z</time><extensions><speed>0.096257</speed><course>135.277217</course><hAcc>1.838709</hAcc><vAcc>0.745738</vAcc></extensions></trkpt>
      <trkpt lon="35.022920" lat="32.726898"><ele>273.807767</ele><time>2025-04-17T08:10:46Z</time><extensions><speed>0.206379</speed><course>137.719995</course><hAcc>1.842146</hAcc><vAcc>0.747789</vAcc></extensions></trkpt>
      <trkpt lon="35.022922" lat="32.726897"><ele>273.799554</ele><time>2025-04-17T08:10:47Z</time><extensions><speed>0.292045</speed><course>137.616383</course><hAcc>1.805035</hAcc><vAcc>0.749224</vAcc></extensions></trkpt>
      <trkpt lon="35.022925" lat="32.726895"><ele>273.800641</ele><time>2025-04-17T08:10:48Z</time><extensions><speed>0.317193</speed><course>136.098451</course><hAcc>1.793608</hAcc><vAcc>0.750037</vAcc></extensions></trkpt>
      <trkpt lon="35.022927" lat="32.726893"><ele>273.803383</ele><time>2025-04-17T08:10:49Z</time><extensions><speed>0.282000</speed><course>136.064877</course><hAcc>1.828677</hAcc><vAcc>0.750361</vAcc></extensions></trkpt>
      <trkpt lon="35.022929" lat="32.726891"><ele>273.814400</ele><time>2025-04-17T08:10:50Z</time><extensions><speed>0.254398</speed><course>139.583821</course><hAcc>1.840903</hAcc><vAcc>0.750201</vAcc></extensions></trkpt>
      <trkpt lon="35.022930" lat="32.726889"><ele>273.833998</ele><time>2025-04-17T08:10:51Z</time><extensions><speed>0.314159</speed><course>145.380799</course><hAcc>1.818144</hAcc><vAcc>0.749549</vAcc></extensions></trkpt>
      <trkpt lon="35.022932" lat="32.726886"><ele>273.864487</ele><time>2025-04-17T08:10:52Z</time><extensions><speed>0.349354</speed><course>152.090802</course><hAcc>1.816487</hAcc><vAcc>0.748530</vAcc></extensions></trkpt>
      <trkpt lon="35.022934" lat="32.726883"><ele>273.903374</ele><time>2025-04-17T08:10:53Z</time><extensions><speed>0.368559</speed><course>161.427984</course><hAcc>1.824473</hAcc><vAcc>0.747277</vAcc></extensions></trkpt>
      <trkpt lon="35.022935" lat="32.726880"><ele>273.947469</ele><time>2025-04-17T08:10:54Z</time><extensions><speed>0.381886</speed><course>171.652247</course><hAcc>1.829355</hAcc><vAcc>0.745959</vAcc></extensions></trkpt>
      <trkpt lon="35.022935" lat="32.726877"><ele>273.992868</ele><time>2025-04-17T08:10:55Z</time><extensions><speed>0.371510</speed><course>179.007758</course><hAcc>1.847957</hAcc><vAcc>0.744754</vAcc></extensions></trkpt>
      <trkpt lon="35.022935" lat="32.726873"><ele>274.033317</ele><time>2025-04-17T08:10:56Z</time><extensions><speed>0.337215</speed><course>183.761088</course><hAcc>1.879039</hAcc><vAcc>0.743846</vAcc></extensions></trkpt>
      <trkpt lon="35.022934" lat="32.726871"><ele>274.074554</ele><time>2025-04-17T08:10:57Z</time><extensions><speed>0.282464</speed><course>196.685490</course><hAcc>1.899044</hAcc><vAcc>0.743335</vAcc></extensions></trkpt>
      <trkpt lon="35.022933" lat="32.726869"><ele>274.107822</ele><time>2025-04-17T08:10:58Z</time><extensions><speed>0.258993</speed><course>227.227600</course><hAcc>1.899424</hAcc><vAcc>0.743382</vAcc></extensions></trkpt>
      <trkpt lon="35.022930" lat="32.726868"><ele>274.137425</ele><time>2025-04-17T08:10:59Z</time><extensions><speed>0.318428</speed><course>260.605904</course><hAcc>1.892067</hAcc><vAcc>0.743989</vAcc></extensions></trkpt>
      <trkpt lon="35.022927" lat="32.726867"><ele>274.162393</ele><time>2025-04-17T08:11:00Z</time><extensions><speed>0.335797</speed><course>269.178104</course><hAcc>1.893404</hAcc><vAcc>0.745038</vAcc></extensions></trkpt>
      <trkpt lon="35.022923" lat="32.726868"><ele>274.184352</ele><time>2025-04-17T08:11:01Z</time><extensions><speed>0.317914</speed><course>278.264546</course><hAcc>1.903195</hAcc><vAcc>0.746411</vAcc></extensions></trkpt>
      <trkpt lon="35.022920" lat="32.726868"><ele>274.201816</ele><time>2025-04-17T08:11:02Z</time><extensions><speed>0.389039</speed><course>287.811023</course><hAcc>1.891571</hAcc><vAcc>0.747969</vAcc></extensions></trkpt>
      <trkpt lon="35.022916" lat="32.726869"><ele>274.209703</ele><time>2025-04-17T08:11:03Z</time><extensions><speed>0.384888</speed><course>285.691045</course><hAcc>1.883388</hAcc><vAcc>0.749548</vAcc></extensions></trkpt>
      <trkpt lon="35.022912" lat="32.726870"><ele>274.214843</ele><time>2025-04-17T08:11:04Z</time><extensions><speed>0.343035</speed><course>283.168273</course><hAcc>1.880626</hAcc><vAcc>0.751012</vAcc></extensions></trkpt>
      <trkpt lon="35.022909" lat="32.726871"><ele>274.217480</ele><time>2025-04-17T08:11:05Z</time><extensions><speed>0.260728</speed><course>279.888989</course><hAcc>1.878106</hAcc><vAcc>0.752191</vAcc></extensions></trkpt>
      <trkpt lon="35.022907" lat="32.726871"><ele>274.218691</ele><time>2025-04-17T08:11:06Z</time><extensions><speed>0.165366</speed><course>272.135328</course><hAcc>1.881639</hAcc><vAcc>0.753041</vAcc></extensions></trkpt>
      <trkpt lon="35.022905" lat="32.726871"><ele>274.218911</ele><time>2025-04-17T08:11:07Z</time><extensions><speed>0.132100</speed><course>240.928121</course><hAcc>1.876849</hAcc><vAcc>0.753555</vAcc></extensions></trkpt>
      <trkpt lon="35.022904" lat="32.726870"><ele>274.218752</ele><time>2025-04-17T08:11:08Z</time><extensions><speed>0.159336</speed><course>221.838908</course><hAcc>1.869449</hAcc><vAcc>0.753602</vAcc></extensions></trkpt>
      <trkpt lon="35.022903" lat="32.726868"><ele>274.213513</ele><time>2025-04-17T08:11:09Z</time><extensions><speed>0.184444</speed><course>212.209659</course><hAcc>1.859987</hAcc><vAcc>0.753243</vAcc></extensions></trkpt>
      <trkpt lon="35.022902" lat="32.726867"><ele>274.206898</ele><time>2025-04-17T08:11:10Z</time><extensions><speed>0.209906</speed><course>200.189847</course><hAcc>1.853837</hAcc><vAcc>0.752621</vAcc></extensions></trkpt>
      <trkpt lon="35.022901" lat="32.726865"><ele>274.201867</ele><time>2025-04-17T08:11:11Z</time><extensions><speed>0.232223</speed><course>184.154982</course><hAcc>1.852669</hAcc><vAcc>0.751889</vAcc></extensions></trkpt>
      <trkpt lon="35.022902" lat="32.726863"><ele>274.197348</ele><time>2025-04-17T08:11:12Z</time><extensions><speed>0.237074</speed><course>167.529357</course><hAcc>1.855581</hAcc><vAcc>0.751164</vAcc></extensions></trkpt>
      <trkpt lon="35.022902" lat="32.726861"><ele>274.193578</ele><time>2025-04-17T08:11:13Z</time><extensions><speed>0.216187</speed><course>156.434542</course><hAcc>1.854065</hAcc><vAcc>0.750540</vAcc></extensions></trkpt>
      <trkpt lon="35.022903" lat="32.726859"><ele>274.200622</ele><time>2025-04-17T08:11:14Z</time><extensions><speed>0.178618</speed><course>147.493874</course><hAcc>1.856993</hAcc><vAcc>0.750117</vAcc></extensions></trkpt>
      <trkpt lon="35.022904" lat="32.726858"><ele>274.207945</ele><time>2025-04-17T08:11:15Z</time><extensions><speed>0.125651</speed><course>134.920312</course><hAcc>1.855903</hAcc><vAcc>0.750026</vAcc></extensions></trkpt>
      <trkpt lon="35.022905" lat="32.726858"><ele>274.217264</ele><time>2025-04-17T08:11:16Z</time><extensions><speed>0.075166</speed><course>92.103043</course><hAcc>1.852498</hAcc><vAcc>0.750381</vAcc></extensions></trkpt>
      <trkpt lon="35.022906" lat="32.726858"><ele>274.232123</ele><time>2025-04-17T08:11:17Z</time><extensions><speed>0.111468</speed><course>46.875727</course><hAcc>1.858609</hAcc><vAcc>0.751193</vAcc></extensions></trkpt>
      <trkpt lon="35.022907" lat="32.726859"><ele>274.243522</ele><time>2025-04-17T08:11:18Z</time><extensions><speed>0.182652</speed><course>22.470076</course><hAcc>1.849200</hAcc><vAcc>0.752453</vAcc></extensions></trkpt>
      <trkpt lon="35.022908" lat="32.726861"><ele>274.255227</ele><time>2025-04-17T08:11:19Z</time><extensions><speed>0.230706</speed><course>16.891976</course><hAcc>1.841123</hAcc><vAcc>0.754216</vAcc></extensions></trkpt>
      <trkpt lon="35.022908" lat="32.726863"><ele>274.269887</ele><time>2025-04-17T08:11:20Z</time><extensions><speed>0.224531</speed><course>20.145514</course><hAcc>1.843930</hAcc><vAcc>0.756338</vAcc></extensions></trkpt>
      <trkpt lon="35.022909" lat="32.726865"><ele>274.283879</ele><time>2025-04-17T08:11:21Z</time><extensions><speed>0.194565</speed><course>21.608613</course><hAcc>1.842707</hAcc><vAcc>0.758681</vAcc></extensions></trkpt>
      <trkpt lon="35.022910" lat="32.726866"><ele>274.298410</ele><time>2025-04-17T08:11:22Z</time><extensions><speed>0.155398</speed><course>24.442774</course><hAcc>1.837781</hAcc><vAcc>0.761032</vAcc></extensions></trkpt>
      <trkpt lon="35.022911" lat="32.726868"><ele>274.306743</ele><time>2025-04-17T08:11:23Z</time><extensions><speed>0.131904</speed><course>27.585828</course><hAcc>1.829742</hAcc><vAcc>0.763168</vAcc></extensions></trkpt>
      <trkpt lon="35.022911" lat="32.726869"><ele>274.319172</ele><time>2025-04-17T08:11:24Z</time><extensions><speed>0.141361</speed><course>26.864656</course><hAcc>1.819135</hAcc><vAcc>0.765006</vAcc></extensions></trkpt>
      <trkpt lon="35.022912" lat="32.726870"><ele>274.333085</ele><time>2025-04-17T08:11:25Z</time><extensions><speed>0.164700</speed><course>27.133891</course><hAcc>1.809746</hAcc><vAcc>0.766525</vAcc></extensions></trkpt>
      <trkpt lon="35.022913" lat="32.726871"><ele>274.352112</ele><time>2025-04-17T08:11:26Z</time><extensions><speed>0.168731</speed><course>31.465514</course><hAcc>1.805041</hAcc><vAcc>0.767569</vAcc></extensions></trkpt>
      <trkpt lon="35.022914" lat="32.726872"><ele>274.372497</ele><time>2025-04-17T08:11:27Z</time><extensions><speed>0.176374</speed><course>43.137675</course><hAcc>1.789627</hAcc><vAcc>0.768140</vAcc></extensions></trkpt>
      <trkpt lon="35.022915" lat="32.726873"><ele>274.389834</ele><time>2025-04-17T08:11:28Z</time><extensions><speed>0.161448</speed><course>53.835482</course><hAcc>1.803894</hAcc><vAcc>0.768191</vAcc></extensions></trkpt>
      <trkpt lon="35.022917" lat="32.726874"><ele>274.400233</ele><time>2025-04-17T08:11:29Z</time><extensions><speed>0.119182</speed><course>65.745400</course><hAcc>1.844834</hAcc><vAcc>0.767774</vAcc></extensions></trkpt>
      <trkpt lon="35.022918" lat="32.726874"><ele>274.413076</ele><time>2025-04-17T08:11:30Z</time><extensions><speed>0.093324</speed><course>65.518922</course><hAcc>1.833837</hAcc><vAcc>0.766962</vAcc></extensions></trkpt>
      <trkpt lon="35.022919" lat="32.726874"><ele>274.425606</ele><time>2025-04-17T08:11:31Z</time><extensions><speed>0.083523</speed><course>92.615649</course><hAcc>1.787876</hAcc><vAcc>0.765953</vAcc></extensions></trkpt>
      <trkpt lon="35.022919" lat="32.726874"><ele>274.430414</ele><time>2025-04-17T08:11:32Z</time><extensions><speed>0.110533</speed><course>140.351185</course><hAcc>1.774237</hAcc><vAcc>0.764864</vAcc></extensions></trkpt>
      <trkpt lon="35.022920" lat="32.726873"><ele>274.429452</ele><time>2025-04-17T08:11:33Z</time><extensions><speed>0.144207</speed><course>165.248093</course><hAcc>1.792999</hAcc><vAcc>0.763770</vAcc></extensions></trkpt>
      <trkpt lon="35.022920" lat="32.726872"><ele>274.436712</ele><time>2025-04-17T08:11:34Z</time><extensions><speed>0.142637</speed><course>185.428842</course><hAcc>1.811560</hAcc><vAcc>0.762745</vAcc></extensions></trkpt>
      <trkpt lon="35.022920" lat="32.726871"><ele>274.439230</ele><time>2025-04-17T08:11:35Z</time><extensions><speed>0.122064</speed><course>206.468775</course><hAcc>1.828874</hAcc><vAcc>0.761627</vAcc></extensions></trkpt>
      <trkpt lon="35.022919" lat="32.726870"><ele>274.432632</ele><time>2025-04-17T08:11:36Z</time><extensions><speed>0.143839</speed><course>227.130853</course><hAcc>1.813271</hAcc><vAcc>0.760595</vAcc></extensions></trkpt>
      <trkpt lon="35.022918" lat="32.726869"><ele>274.430665</ele><time>2025-04-17T08:11:37Z</time><extensions><speed>0.136355</speed><course>235.511081</course><hAcc>1.826702</hAcc><vAcc>0.759559</vAcc></extensions></trkpt>
      <trkpt lon="35.022916" lat="32.726868"><ele>274.429815</ele><time>2025-04-17T08:11:38Z</time><extensions><speed>0.200839</speed><course>247.714954</course><hAcc>1.798516</hAcc><vAcc>0.758528</vAcc></extensions></trkpt>
      <trkpt lon="35.022914" lat="32.726867"><ele>274.419876</ele><time>2025-04-17T08:11:39Z</time><extensions><speed>0.183286</speed><course>241.612615</course><hAcc>1.800142</hAcc><vAcc>0.757303</vAcc></extensions></trkpt>
      <trkpt lon="35.022913" lat="32.726867"><ele>274.408332</ele><time>2025-04-17T08:11:40Z</time><extensions><speed>0.129013</speed><course>230.078654</course><hAcc>1.826792</hAcc><vAcc>0.755551</vAcc></extensions></trkpt>
      <trkpt lon="35.022912" lat="32.726866"><ele>274.400404</ele><time>2025-04-17T08:11:41Z</time><extensions><speed>0.079159</speed><course>214.558927</course><hAcc>1.845028</hAcc><vAcc>0.753254</vAcc></extensions></trkpt>
      <trkpt lon="35.022912" lat="32.726866"><ele>274.399577</ele><time>2025-04-17T08:11:42Z</time><extensions><speed>0.035872</speed><course>233.704299</course><hAcc>1.848591</hAcc><vAcc>0.749972</vAcc></extensions></trkpt>
      <trkpt lon="35.022912" lat="32.726866"><ele>274.401637</ele><time>2025-04-17T08:11:43Z</time><extensions><speed>0.048805</speed><course>307.435316</course><hAcc>1.846545</hAcc><vAcc>0.745333</vAcc></extensions></trkpt>
      <trkpt lon="35.022911" lat="32.726866"><ele>274.398108</ele><time>2025-04-17T08:11:44Z</time><extensions><speed>0.087391</speed><course>305.251349</course><hAcc>1.851043</hAcc><vAcc>0.739299</vAcc></extensions></trkpt>
      <trkpt lon="35.022910" lat="32.726866"><ele>274.404499</ele><time>2025-04-17T08:11:45Z</time><extensions><speed>0.175943</speed><course>291.486777</course><hAcc>1.854915</hAcc><vAcc>0.731695</vAcc></extensions></trkpt>
      <trkpt lon="35.022908" lat="32.726867"><ele>274.415621</ele><time>2025-04-17T08:11:46Z</time><extensions><speed>0.187133</speed><course>278.256401</course><hAcc>1.875287</hAcc><vAcc>0.722252</vAcc></extensions></trkpt>
      <trkpt lon="35.022908" lat="32.726867"><ele>274.429909</ele><time>2025-04-17T08:11:47Z</time><extensions><speed>0.130966</speed><course>81.535222</course><hAcc>1.877887</hAcc><vAcc>0.710769</vAcc></extensions></trkpt>
      <trkpt lon="35.022910" lat="32.726867"><ele>274.448720</ele><time>2025-04-17T08:11:48Z</time><extensions><speed>0.323587</speed><course>85.707388</course><hAcc>1.896628</hAcc><vAcc>0.697215</vAcc></extensions></trkpt>
      <trkpt lon="35.022914" lat="32.726868"><ele>274.471597</ele><time>2025-04-17T08:11:49Z</time><extensions><speed>0.433029</speed><course>84.078115</course><hAcc>1.917866</hAcc><vAcc>0.681879</vAcc></extensions></trkpt>
      <trkpt lon="35.022919" lat="32.726868"><ele>274.497826</ele><time>2025-04-17T08:11:50Z</time><extensions><speed>0.490764</speed><course>77.519132</course><hAcc>1.937034</hAcc><vAcc>0.665374</vAcc></extensions></trkpt>
      <trkpt lon="35.022924" lat="32.726870"><ele>274.525250</ele><time>2025-04-17T08:11:51Z</time><extensions><speed>0.512662</speed><course>67.019133</course><hAcc>1.965098</hAcc><vAcc>0.648638</vAcc></extensions></trkpt>
      <trkpt lon="35.022929" lat="32.726872"><ele>274.551555</ele><time>2025-04-17T08:11:52Z</time><extensions><speed>0.500441</speed><course>66.442668</course><hAcc>2.000670</hAcc><vAcc>0.632943</vAcc></extensions></trkpt>
      <trkpt lon="35.022934" lat="32.726873"><ele>274.573598</ele><time>2025-04-17T08:11:53Z</time><extensions><speed>0.469385</speed><course>61.540210</course><hAcc>2.039007</hAcc><vAcc>0.619781</vAcc></extensions></trkpt>
      <trkpt lon="35.022938" lat="32.726876"><ele>274.591195</ele><time>2025-04-17T08:11:54Z</time><extensions><speed>0.508083</speed><course>49.005094</course><hAcc>2.050009</hAcc><vAcc>0.610630</vAcc></extensions></trkpt>
      <trkpt lon="35.022942" lat="32.726879"><ele>274.605539</ele><time>2025-04-17T08:11:55Z</time><extensions><speed>0.540482</speed><course>37.294697</course><hAcc>2.048043</hAcc><vAcc>0.606627</vAcc></extensions></trkpt>
      <trkpt lon="35.022945" lat="32.726883"><ele>274.615979</ele><time>2025-04-17T08:11:56Z</time><extensions><speed>0.506841</speed><course>22.744934</course><hAcc>2.047910</hAcc><vAcc>0.608292</vAcc></extensions></trkpt>
      <trkpt lon="35.022946" lat="32.726888"><ele>274.621549</ele><time>2025-04-17T08:11:57Z</time><extensions><speed>0.448510</speed><course>7.728857</course><hAcc>2.047743</hAcc><vAcc>0.615407</vAcc></extensions></trkpt>
      <trkpt lon="35.022946" lat="32.726891"><ele>274.622323</ele><time>2025-04-17T08:11:58Z</time><extensions><speed>0.337478</speed><course>352.639954</course><hAcc>2.034787</hAcc><vAcc>0.627005</vAcc></extensions></trkpt>
      <trkpt lon="35.022945" lat="32.726893"><ele>274.615438</ele><time>2025-04-17T08:11:59Z</time><extensions><speed>0.264040</speed><course>325.488309</course><hAcc>1.993109</hAcc><vAcc>0.641859</vAcc></extensions></trkpt>
      <trkpt lon="35.022943" lat="32.726895"><ele>274.604177</ele><time>2025-04-17T08:12:00Z</time><extensions><speed>0.219126</speed><course>307.018175</course><hAcc>1.956397</hAcc><vAcc>0.658571</vAcc></extensions></trkpt>
      <trkpt lon="35.022941" lat="32.726896"><ele>274.587570</ele><time>2025-04-17T08:12:01Z</time><extensions><speed>0.183757</speed><course>286.170256</course><hAcc>1.939572</hAcc><vAcc>0.675958</vAcc></extensions></trkpt>
      <trkpt lon="35.022939" lat="32.726896"><ele>274.566046</ele><time>2025-04-17T08:12:02Z</time><extensions><speed>0.186027</speed><course>255.578152</course><hAcc>1.925115</hAcc><vAcc>0.692958</vAcc></extensions></trkpt>
      <trkpt lon="35.022938" lat="32.726895"><ele>274.544614</ele><time>2025-04-17T08:12:03Z</time><extensions><speed>0.185416</speed><course>232.554375</course><hAcc>1.903254</hAcc><vAcc>0.708815</vAcc></extensions></trkpt>
      <trkpt lon="35.022936" lat="32.726894"><ele>274.522614</ele><time>2025-04-17T08:12:04Z</time><extensions><speed>0.217140</speed><course>209.488099</course><hAcc>1.882897</hAcc><vAcc>0.723095</vAcc></extensions></trkpt>
      <trkpt lon="35.022935" lat="32.726892"><ele>274.500564</ele><time>2025-04-17T08:12:05Z</time><extensions><speed>0.294302</speed><course>195.769964</course><hAcc>1.861307</hAcc><vAcc>0.735604</vAcc></extensions></trkpt>
      <trkpt lon="35.022935" lat="32.726889"><ele>274.493514</ele><time>2025-04-17T08:12:06Z</time><extensions><speed>0.371442</speed><course>190.965423</course><hAcc>1.848451</hAcc><vAcc>0.746231</vAcc></extensions></trkpt>
      <trkpt lon="35.022934" lat="32.726885"><ele>274.485645</ele><time>2025-04-17T08:12:07Z</time><extensions><speed>0.387708</speed><course>189.180337</course><hAcc>1.853890</hAcc><vAcc>0.755012</vAcc></extensions></trkpt>
      <trkpt lon="35.022934" lat="32.726882"><ele>274.480067</ele><time>2025-04-17T08:12:08Z</time><extensions><speed>0.364105</speed><course>184.532803</course><hAcc>1.855812</hAcc><vAcc>0.762014</vAcc></extensions></trkpt>
      <trkpt lon="35.022934" lat="32.726879"><ele>274.483322</ele><time>2025-04-17T08:12:09Z</time><extensions><speed>0.312460</speed><course>171.587161</course><hAcc>1.852862</hAcc><vAcc>0.767301</vAcc></extensions></trkpt>
      <trkpt lon="35.022935" lat="32.726876"><ele>274.494302</ele><time>2025-04-17T08:12:10Z</time><extensions><speed>0.276497</speed><course>150.539743</course><hAcc>1.845224</hAcc><vAcc>0.770879</vAcc></extensions></trkpt>
      <trkpt lon="35.022937" lat="32.726874"><ele>274.511105</ele><time>2025-04-17T08:12:11Z</time><extensions><speed>0.306793</speed><course>124.948137</course><hAcc>1.818124</hAcc><vAcc>0.773094</vAcc></extensions></trkpt>
      <trkpt lon="35.022940" lat="32.726873"><ele>274.534608</ele><time>2025-04-17T08:12:12Z</time><extensions><speed>0.335570</speed><course>113.653325</course><hAcc>1.807106</hAcc><vAcc>0.774261</vAcc></extensions></trkpt>
      <trkpt lon="35.022943" lat="32.726872"><ele>274.556846</ele><time>2025-04-17T08:12:13Z</time><extensions><speed>0.318133</speed><course>117.019909</course><hAcc>1.819820</hAcc><vAcc>0.774494</vAcc></extensions></trkpt>
      <trkpt lon="35.022946" lat="32.726870"><ele>274.586784</ele><time>2025-04-17T08:12:14Z</time><extensions><speed>0.345536</speed><course>118.432363</course><hAcc>1.819550</hAcc><vAcc>0.773907</vAcc></extensions></trkpt>
      <trkpt lon="35.022949" lat="32.726869"><ele>274.621239</ele><time>2025-04-17T08:12:15Z</time><extensions><speed>0.382745</speed><course>118.249043</course><hAcc>1.809312</hAcc><vAcc>0.772696</vAcc></extensions></trkpt>
      <trkpt lon="35.022953" lat="32.726867"><ele>274.655237</ele><time>2025-04-17T08:12:16Z</time><extensions><speed>0.395978</speed><course>117.130551</course><hAcc>1.799057</hAcc><vAcc>0.771000</vAcc></extensions></trkpt>
      <trkpt lon="35.022956" lat="32.726866"><ele>274.700302</ele><time>2025-04-17T08:12:17Z</time><extensions><speed>0.308005</speed><course>119.797018</course><hAcc>1.817064</hAcc><vAcc>0.769027</vAcc></extensions></trkpt>
      <trkpt lon="35.022959" lat="32.726864"><ele>274.745283</ele><time>2025-04-17T08:12:18Z</time><extensions><speed>0.220224</speed><course>120.175228</course><hAcc>1.838486</hAcc><vAcc>0.767082</vAcc></extensions></trkpt>
      <trkpt lon="35.022961" lat="32.726864"><ele>274.787981</ele><time>2025-04-17T08:12:19Z</time><extensions><speed>0.154100</speed><course>111.482549</course><hAcc>1.840102</hAcc><vAcc>0.765265</vAcc></extensions></trkpt>
      <trkpt lon="35.022962" lat="32.726864"><ele>274.834403</ele><time>2025-04-17T08:12:20Z</time><extensions><speed>0.076056</speed><course>85.584902</course><hAcc>1.838670</hAcc><vAcc>0.763680</vAcc></extensions></trkpt>
      <trkpt lon="35.022962" lat="32.726864"><ele>274.878312</ele><time>2025-04-17T08:12:21Z</time><extensions><speed>0.074991</speed><course>358.093759</course><hAcc>1.844893</hAcc><vAcc>0.762523</vAcc></extensions></trkpt>
      <trkpt lon="35.022962" lat="32.726865"><ele>274.904360</ele><time>2025-04-17T08:12:22Z</time><extensions><speed>0.155432</speed><course>324.484934</course><hAcc>1.861151</hAcc><vAcc>0.761839</vAcc></extensions></trkpt>
      <trkpt lon="35.022960" lat="32.726866"><ele>274.924165</ele><time>2025-04-17T08:12:23Z</time><extensions><speed>0.244386</speed><course>314.637142</course><hAcc>1.883297</hAcc><vAcc>0.761642</vAcc></extensions></trkpt>
      <trkpt lon="35.022958" lat="32.726868"><ele>274.938804</ele><time>2025-04-17T08:12:24Z</time><extensions><speed>0.363628</speed><course>310.699690</course><hAcc>1.895478</hAcc><vAcc>0.761873</vAcc></extensions></trkpt>
      <trkpt lon="35.022954" lat="32.726870"><ele>274.941867</ele><time>2025-04-17T08:12:25Z</time><extensions><speed>0.447728</speed><course>305.399216</course><hAcc>1.911594</hAcc><vAcc>0.762555</vAcc></extensions></trkpt>
      <trkpt lon="35.022950" lat="32.726873"><ele>274.930115</ele><time>2025-04-17T08:12:26Z</time><extensions><speed>0.586602</speed><course>303.682012</course><hAcc>1.898305</hAcc><vAcc>0.763774</vAcc></extensions></trkpt>
      <trkpt lon="35.022944" lat="32.726876"><ele>274.910364</ele><time>2025-04-17T08:12:27Z</time><extensions><speed>0.701273</speed><course>299.799252</course><hAcc>1.883805</hAcc><vAcc>0.765535</vAcc></extensions></trkpt>
      <trkpt lon="35.022937" lat="32.726879"><ele>274.867725</ele><time>2025-04-17T08:12:28Z</time><extensions><speed>0.775818</speed><course>291.936587</course><hAcc>1.869963</hAcc><vAcc>0.767800</vAcc></extensions></trkpt>
      <trkpt lon="35.022929" lat="32.726881"><ele>274.830954</ele><time>2025-04-17T08:12:29Z</time><extensions><speed>0.772809</speed><course>291.514841</course><hAcc>1.860902</hAcc><vAcc>0.770519</vAcc></extensions></trkpt>
      <trkpt lon="35.022922" lat="32.726884"><ele>274.781562</ele><time>2025-04-17T08:12:30Z</time><extensions><speed>0.727007</speed><course>302.672964</course><hAcc>1.855288</hAcc><vAcc>0.773538</vAcc></extensions></trkpt>
      <trkpt lon="35.022917" lat="32.726888"><ele>274.725227</ele><time>2025-04-17T08:12:31Z</time><extensions><speed>0.582571</speed><course>315.187110</course><hAcc>1.855211</hAcc><vAcc>0.776765</vAcc></extensions></trkpt>
      <trkpt lon="35.022913" lat="32.726891"><ele>274.663394</ele><time>2025-04-17T08:12:32Z</time><extensions><speed>0.447072</speed><course>323.442043</course><hAcc>1.849086</hAcc><vAcc>0.780096</vAcc></extensions></trkpt>
      <trkpt lon="35.022911" lat="32.726894"><ele>274.596324</ele><time>2025-04-17T08:12:33Z</time><extensions><speed>0.315121</speed><course>321.980071</course><hAcc>1.830198</hAcc><vAcc>0.783356</vAcc></extensions></trkpt>
      <trkpt lon="35.022909" lat="32.726896"><ele>274.519122</ele><time>2025-04-17T08:12:34Z</time><extensions><speed>0.223792</speed><course>295.234849</course><hAcc>1.800498</hAcc><vAcc>0.786468</vAcc></extensions></trkpt>
      <trkpt lon="35.022907" lat="32.726897"><ele>274.438786</ele><time>2025-04-17T08:12:35Z</time><extensions><speed>0.192006</speed><course>307.210035</course><hAcc>1.802021</hAcc><vAcc>0.789328</vAcc></extensions></trkpt>
      <trkpt lon="35.022905" lat="32.726898"><ele>274.373956</ele><time>2025-04-17T08:12:36Z</time><extensions><speed>0.150856</speed><course>316.897065</course><hAcc>1.813432</hAcc><vAcc>0.791841</vAcc></extensions></trkpt>
      <trkpt lon="35.022905" lat="32.726898"><ele>274.317965</ele><time>2025-04-17T08:12:37Z</time><extensions><speed>0.084633</speed><course>341.605154</course><hAcc>1.798475</hAcc><vAcc>0.793862</vAcc></extensions></trkpt>
      <trkpt lon="35.022905" lat="32.726899"><ele>274.274055</ele><time>2025-04-17T08:12:38Z</time><extensions><speed>0.051569</speed><course>51.265567</course><hAcc>1.800949</hAcc><vAcc>0.795530</vAcc></extensions></trkpt>
      <trkpt lon="35.022906" lat="32.726899"><ele>274.238071</ele><time>2025-04-17T08:12:39Z</time><extensions><speed>0.175624</speed><course>119.004884</course><hAcc>1.804418</hAcc><vAcc>0.796861</vAcc></extensions></trkpt>
      <trkpt lon="35.022908" lat="32.726898"><ele>274.203508</ele><time>2025-04-17T08:12:40Z</time><extensions><speed>0.255048</speed><course>120.904567</course><hAcc>1.802595</hAcc><vAcc>0.797880</vAcc></extensions></trkpt>
      <trkpt lon="35.022910" lat="32.726897"><ele>274.180346</ele><time>2025-04-17T08:12:41Z</time><extensions><speed>0.275506</speed><course>120.362102</course><hAcc>1.804581</hAcc><vAcc>0.798634</vAcc></extensions></trkpt>
      <trkpt lon="35.022913" lat="32.726895"><ele>274.164632</ele><time>2025-04-17T08:12:42Z</time><extensions><speed>0.232508</speed><course>117.575950</course><hAcc>1.807847</hAcc><vAcc>0.799156</vAcc></extensions></trkpt>
      <trkpt lon="35.022914" lat="32.726895"><ele>274.154438</ele><time>2025-04-17T08:12:43Z</time><extensions><speed>0.138287</speed><course>103.983476</course><hAcc>1.806485</hAcc><vAcc>0.799530</vAcc></extensions></trkpt>
      <trkpt lon="35.022915" lat="32.726895"><ele>274.149711</ele><time>2025-04-17T08:12:44Z</time><extensions><speed>0.088936</speed><course>46.424082</course><hAcc>1.806077</hAcc><vAcc>0.799840</vAcc></extensions></trkpt>
      <trkpt lon="35.022916" lat="32.726896"><ele>274.151220</ele><time>2025-04-17T08:12:45Z</time><extensions><speed>0.130473</speed><course>40.764984</course><hAcc>1.823515</hAcc><vAcc>0.800093</vAcc></extensions></trkpt>
      <trkpt lon="35.022917" lat="32.726897"><ele>274.155508</ele><time>2025-04-17T08:12:46Z</time><extensions><speed>0.186505</speed><course>23.913524</course><hAcc>1.823850</hAcc><vAcc>0.800336</vAcc></extensions></trkpt>
      <trkpt lon="35.022918" lat="32.726899"><ele>274.163823</ele><time>2025-04-17T08:12:47Z</time><extensions><speed>0.220439</speed><course>19.878959</course><hAcc>1.834808</hAcc><vAcc>0.800633</vAcc></extensions></trkpt>
      <trkpt lon="35.022919" lat="32.726901"><ele>274.172769</ele><time>2025-04-17T08:12:48Z</time><extensions><speed>0.226119</speed><course>14.010831</course><hAcc>1.840206</hAcc><vAcc>0.801005</vAcc></extensions></trkpt>
      <trkpt lon="35.022919" lat="32.726902"><ele>274.183563</ele><time>2025-04-17T08:12:49Z</time><extensions><speed>0.158936</speed><course>8.165663</course><hAcc>1.843109</hAcc><vAcc>0.801480</vAcc></extensions></trkpt>
      <trkpt lon="35.022919" lat="32.726903"><ele>274.196493</ele><time>2025-04-17T08:12:50Z</time><extensions><speed>0.100334</speed><course>331.952100</course><hAcc>1.833142</hAcc><vAcc>0.801973</vAcc></extensions></trkpt>
      <trkpt lon="35.022918" lat="32.726904"><ele>274.208098</ele><time>2025-04-17T08:12:51Z</time><extensions><speed>0.074840</speed><course>263.326648</course><hAcc>1.842651</hAcc><vAcc>0.802476</vAcc></extensions></trkpt>
      <trkpt lon="35.022917" lat="32.726903"><ele>274.218895</ele><time>2025-04-17T08:12:52Z</time><extensions><speed>0.140312</speed><course>232.673600</course><hAcc>1.855565</hAcc><vAcc>0.802973</vAcc></extensions></trkpt>
      <trkpt lon="35.022916" lat="32.726902"><ele>274.222659</ele><time>2025-04-17T08:12:53Z</time><extensions><speed>0.231154</speed><course>228.274354</course><hAcc>1.841672</hAcc><vAcc>0.803407</vAcc></extensions></trkpt>
      <trkpt lon="35.022914" lat="32.726900"><ele>274.221695</ele><time>2025-04-17T08:12:54Z</time><extensions><speed>0.284666</speed><course>213.403625</course><hAcc>1.828091</hAcc><vAcc>0.803821</vAcc></extensions></trkpt>
      <trkpt lon="35.022913" lat="32.726898"><ele>274.231871</ele><time>2025-04-17T08:12:55Z</time><extensions><speed>0.322895</speed><course>195.285901</course><hAcc>1.817099</hAcc><vAcc>0.804165</vAcc></extensions></trkpt>
      <trkpt lon="35.022912" lat="32.726895"><ele>274.237448</ele><time>2025-04-17T08:12:56Z</time><extensions><speed>0.316320</speed><course>180.186670</course><hAcc>1.815003</hAcc><vAcc>0.804444</vAcc></extensions></trkpt>
      <trkpt lon="35.022912" lat="32.726892"><ele>274.242999</ele><time>2025-04-17T08:12:57Z</time><extensions><speed>0.283428</speed><course>174.953194</course><hAcc>1.805055</hAcc><vAcc>0.804677</vAcc></extensions></trkpt>
      <trkpt lon="35.022913" lat="32.726890"><ele>274.248205</ele><time>2025-04-17T08:12:58Z</time><extensions><speed>0.220328</speed><course>171.700809</course><hAcc>1.812407</hAcc><vAcc>0.804872</vAcc></extensions></trkpt>
      <trkpt lon="35.022913" lat="32.726889"><ele>274.253240</ele><time>2025-04-17T08:12:59Z</time><extensions><speed>0.135782</speed><course>169.066934</course><hAcc>1.832130</hAcc><vAcc>0.805031</vAcc></extensions></trkpt>
      <trkpt lon="35.022913" lat="32.726887"><ele>274.270359</ele><time>2025-04-17T08:13:00Z</time><extensions><speed>0.098285</speed><course>172.303354</course><hAcc>1.802746</hAcc><vAcc>0.805187</vAcc></extensions></trkpt>
      <trkpt lon="35.022913" lat="32.726887"><ele>274.277633</ele><time>2025-04-17T08:13:01Z</time><extensions><speed>0.067773</speed><course>174.145840</course><hAcc>1.783604</hAcc><vAcc>0.805333</vAcc></extensions></trkpt>
      <trkpt lon="35.022914" lat="32.726886"><ele>274.290852</ele><time>2025-04-17T08:13:02Z</time><extensions><speed>0.078820</speed><course>146.465220</course><hAcc>1.803789</hAcc><vAcc>0.805459</vAcc></extensions></trkpt>
      <trkpt lon="35.022914" lat="32.726886"><ele>274.307273</ele><time>2025-04-17T08:13:03Z</time><extensions><speed>0.086853</speed><course>146.357958</course><hAcc>1.824997</hAcc><vAcc>0.805556</vAcc></extensions></trkpt>
      <trkpt lon="35.022914" lat="32.726885"><ele>274.327355</ele><time>2025-04-17T08:13:04Z</time><extensions><speed>0.080392</speed><course>168.914120</course><hAcc>1.824625</hAcc><vAcc>0.805647</vAcc></extensions></trkpt>
      <trkpt lon="35.022914" lat="32.726884"><ele>274.351234</ele><time>2025-04-17T08:13:05Z</time><extensions><speed>0.087180</speed><course>204.512005</course><hAcc>1.803895</hAcc><vAcc>0.805695</vAcc></extensions></trkpt>
      <trkpt lon="35.022914" lat="32.726883"><ele>274.383053</ele><time>2025-04-17T08:13:06Z</time><extensions><speed>0.091979</speed><course>223.746457</course><hAcc>1.798575</hAcc><vAcc>0.805703</vAcc></extensions></trkpt>
      <trkpt lon="35.022913" lat="32.726883"><ele>274.417412</ele><time>2025-04-17T08:13:07Z</time><extensions><speed>0.067798</speed><course>203.437647</course><hAcc>1.814644</hAcc><vAcc>0.805645</vAcc></extensions></trkpt>
      <trkpt lon="35.022913" lat="32.726882"><ele>274.455927</ele><time>2025-04-17T08:13:08Z</time><extensions><speed>0.058751</speed><course>202.392394</course><hAcc>1.818405</hAcc><vAcc>0.805535</vAcc></extensions></trkpt>
      <trkpt lon="35.022913" lat="32.726882"><ele>274.503327</ele><time>2025-04-17T08:13:09Z</time><extensions><speed>0.067559</speed><course>217.541581</course><hAcc>1.811626</hAcc><vAcc>0.805371</vAcc></extensions></trkpt>
      <trkpt lon="35.022912" lat="32.726881"><ele>274.555839</ele><time>2025-04-17T08:13:10Z</time><extensions><speed>0.114558</speed><course>230.350303</course><hAcc>1.795869</hAcc><vAcc>0.805177</vAcc></extensions></trkpt>
      <trkpt lon="35.022911" lat="32.726880"><ele>274.605798</ele><time>2025-04-17T08:13:11Z</time><extensions><speed>0.201169</speed><course>236.850910</course><hAcc>1.769502</hAcc><vAcc>0.804887</vAcc></extensions></trkpt>
      <trkpt lon="35.022909" lat="32.726879"><ele>274.645643</ele><time>2025-04-17T08:13:12Z</time><extensions><speed>0.239002</speed><course>236.487161</course><hAcc>1.766611</hAcc><vAcc>0.804548</vAcc></extensions></trkpt>
      <trkpt lon="35.022906" lat="32.726878"><ele>274.688582</ele><time>2025-04-17T08:13:13Z</time><extensions><speed>0.270144</speed><course>243.180367</course><hAcc>1.766958</hAcc><vAcc>0.804193</vAcc></extensions></trkpt>
      <trkpt lon="35.022904" lat="32.726877"><ele>274.728992</ele><time>2025-04-17T08:13:14Z</time><extensions><speed>0.239071</speed><course>248.089412</course><hAcc>1.779292</hAcc><vAcc>0.803810</vAcc></extensions></trkpt>
      <trkpt lon="35.022901" lat="32.726877"><ele>274.762579</ele><time>2025-04-17T08:13:15Z</time><extensions><speed>0.249852</speed><course>257.011564</course><hAcc>1.775317</hAcc><vAcc>0.803473</vAcc></extensions></trkpt>
      <trkpt lon="35.022899" lat="32.726876"><ele>274.791748</ele><time>2025-04-17T08:13:16Z</time><extensions><speed>0.171035</speed><course>261.992310</course><hAcc>1.796520</hAcc><vAcc>0.803221</vAcc></extensions></trkpt>
      <trkpt lon="35.022897" lat="32.726876"><ele>274.808116</ele><time>2025-04-17T08:13:17Z</time><extensions><speed>0.154837</speed><course>272.873312</course><hAcc>1.786380</hAcc><vAcc>0.803059</vAcc></extensions></trkpt>
      <trkpt lon="35.022896" lat="32.726876"><ele>274.812512</ele><time>2025-04-17T08:13:18Z</time><extensions><speed>0.149530</speed><course>292.873307</course><hAcc>1.788656</hAcc><vAcc>0.802981</vAcc></extensions></trkpt>
      <trkpt lon="35.022894" lat="32.726877"><ele>274.808553</ele><time>2025-04-17T08:13:19Z</time><extensions><speed>0.145149</speed><course>309.125694</course><hAcc>1.805847</hAcc><vAcc>0.803056</vAcc></extensions></trkpt>
      <trkpt lon="35.022893" lat="32.726878"><ele>274.803851</ele><time>2025-04-17T08:13:20Z</time><extensions><speed>0.182255</speed><course>309.215976</course><hAcc>1.813061</hAcc><vAcc>0.803234</vAcc></extensions></trkpt>
      <trkpt lon="35.022891" lat="32.726879"><ele>274.783469</ele><time>2025-04-17T08:13:21Z</time><extensions><speed>0.197313</speed><course>301.986094</course><hAcc>1.826874</hAcc><vAcc>0.803423</vAcc></extensions></trkpt>
      <trkpt lon="35.022889" lat="32.726880"><ele>274.764615</ele><time>2025-04-17T08:13:22Z</time><extensions><speed>0.235194</speed><course>292.997015</course><hAcc>1.835069</hAcc><vAcc>0.803693</vAcc></extensions></trkpt>
      <trkpt lon="35.022887" lat="32.726881"><ele>274.754405</ele><time>2025-04-17T08:13:23Z</time><extensions><speed>0.184423</speed><course>283.411579</course><hAcc>1.848402</hAcc><vAcc>0.803998</vAcc></extensions></trkpt>
      <trkpt lon="35.022886" lat="32.726881"><ele>274.740745</ele><time>2025-04-17T08:13:24Z</time><extensions><speed>0.138976</speed><course>267.069442</course><hAcc>1.866141</hAcc><vAcc>0.804269</vAcc></extensions></trkpt>
      <trkpt lon="35.022884" lat="32.726880"><ele>274.719701</ele><time>2025-04-17T08:13:25Z</time><extensions><speed>0.182616</speed><course>256.393650</course><hAcc>1.864328</hAcc><vAcc>0.804513</vAcc></extensions></trkpt>
      <trkpt lon="35.022882" lat="32.726880"><ele>274.692561</ele><time>2025-04-17T08:13:26Z</time><extensions><speed>0.267615</speed><course>253.005384</course><hAcc>1.844398</hAcc><vAcc>0.804712</vAcc></extensions></trkpt>
      <trkpt lon="35.022879" lat="32.726879"><ele>274.667320</ele><time>2025-04-17T08:13:27Z</time><extensions><speed>0.273048</speed><course>243.490989</course><hAcc>1.841876</hAcc><vAcc>0.804847</vAcc></extensions></trkpt>
      <trkpt lon="35.022877" lat="32.726878"><ele>274.647694</ele><time>2025-04-17T08:13:28Z</time><extensions><speed>0.238488</speed><course>231.662183</course><hAcc>1.857645</hAcc><vAcc>0.804887</vAcc></extensions></trkpt>
      <trkpt lon="35.022875" lat="32.726876"><ele>274.636699</ele><time>2025-04-17T08:13:29Z</time><extensions><speed>0.200608</speed><course>219.777574</course><hAcc>1.872423</hAcc><vAcc>0.804805</vAcc></extensions></trkpt>
      <trkpt lon="35.022874" lat="32.726875"><ele>274.635379</ele><time>2025-04-17T08:13:30Z</time><extensions><speed>0.198593</speed><course>206.577754</course><hAcc>1.863635</hAcc><vAcc>0.804605</vAcc></extensions></trkpt>
      <trkpt lon="35.022873" lat="32.726873"><ele>274.641648</ele><time>2025-04-17T08:13:31Z</time><extensions><speed>0.199783</speed><course>178.340878</course><hAcc>1.852618</hAcc><vAcc>0.804286</vAcc></extensions></trkpt>
      <trkpt lon="35.022874" lat="32.726872"><ele>274.649864</ele><time>2025-04-17T08:13:32Z</time><extensions><speed>0.203935</speed><course>152.652111</course><hAcc>1.846557</hAcc><vAcc>0.803938</vAcc></extensions></trkpt>
      <trkpt lon="35.022875" lat="32.726870"><ele>274.655196</ele><time>2025-04-17T08:13:33Z</time><extensions><speed>0.225159</speed><course>126.273750</course><hAcc>1.839836</hAcc><vAcc>0.803618</vAcc></extensions></trkpt>
      <trkpt lon="35.022878" lat="32.726869"><ele>274.658465</ele><time>2025-04-17T08:13:34Z</time><extensions><speed>0.242647</speed><course>105.938214</course><hAcc>1.833761</hAcc><vAcc>0.803329</vAcc></extensions></trkpt>
      <trkpt lon="35.022880" lat="32.726869"><ele>274.666495</ele><time>2025-04-17T08:13:35Z</time><extensions><speed>0.232490</speed><course>92.157937</course><hAcc>1.828474</hAcc><vAcc>0.803060</vAcc></extensions></trkpt>
      <trkpt lon="35.022882" lat="32.726869"><ele>274.681834</ele><time>2025-04-17T08:13:36Z</time><extensions><speed>0.191792</speed><course>84.241216</course><hAcc>1.818493</hAcc><vAcc>0.802869</vAcc></extensions></trkpt>
      <trkpt lon="35.022884" lat="32.726869"><ele>274.702658</ele><time>2025-04-17T08:13:37Z</time><extensions><speed>0.139127</speed><course>78.733954</course><hAcc>1.811877</hAcc><vAcc>0.802693</vAcc></extensions></trkpt>
      <trkpt lon="35.022885" lat="32.726869"><ele>274.718170</ele><time>2025-04-17T08:13:38Z</time><extensions><speed>0.095464</speed><course>77.843807</course><hAcc>1.812175</hAcc><vAcc>0.802503</vAcc></extensions></trkpt>
      <trkpt lon="35.022886" lat="32.726870"><ele>274.727418</ele><time>2025-04-17T08:13:39Z</time><extensions><speed>0.048559</speed><course>77.407991</course><hAcc>1.797238</hAcc><vAcc>0.802261</vAcc></extensions></trkpt>
      <trkpt lon="35.022886" lat="32.726870"><ele>274.727263</ele><time>2025-04-17T08:13:40Z</time><extensions><speed>0.035151</speed><course>72.932845</course><hAcc>1.794196</hAcc><vAcc>0.801958</vAcc></extensions></trkpt>
      <trkpt lon="35.022887" lat="32.726870"><ele>274.719969</ele><time>2025-04-17T08:13:41Z</time><extensions><speed>0.052093</speed><course>27.495100</course><hAcc>1.801158</hAcc><vAcc>0.801621</vAcc></extensions></trkpt>
      <trkpt lon="35.022887" lat="32.726871"><ele>274.711687</ele><time>2025-04-17T08:13:42Z</time><extensions><speed>0.100814</speed><course>359.867327</course><hAcc>1.799293</hAcc><vAcc>0.801148</vAcc></extensions></trkpt>
      <trkpt lon="35.022887" lat="32.726872"><ele>274.702899</ele><time>2025-04-17T08:13:43Z</time><extensions><speed>0.140943</speed><course>355.631221</course><hAcc>1.789257</hAcc><vAcc>0.800629</vAcc></extensions></trkpt>
      <trkpt lon="35.022887" lat="32.726873"><ele>274.693887</ele><time>2025-04-17T08:13:44Z</time><extensions><speed>0.121417</speed><course>6.982589</course><hAcc>1.797330</hAcc><vAcc>0.800050</vAcc></extensions></trkpt>
      <trkpt lon="35.022887" lat="32.726874"><ele>274.682550</ele><time>2025-04-17T08:13:45Z</time><extensions><speed>0.086137</speed><course>25.496765</course><hAcc>1.806042</hAcc><vAcc>0.799446</vAcc></extensions></trkpt>
      <trkpt lon="35.022888" lat="32.726874"><ele>274.669003</ele><time>2025-04-17T08:13:46Z</time><extensions><speed>0.074344</speed><course>58.952631</course><hAcc>1.810925</hAcc><vAcc>0.798858</vAcc></extensions></trkpt>
      <trkpt lon="35.022889" lat="32.726874"><ele>274.653527</ele><time>2025-04-17T08:13:47Z</time><extensions><speed>0.098070</speed><course>81.124170</course><hAcc>1.803610</hAcc><vAcc>0.798313</vAcc></extensions></trkpt>
      <trkpt lon="35.022890" lat="32.726874"><ele>274.636626</ele><time>2025-04-17T08:13:48Z</time><extensions><speed>0.147397</speed><course>95.223495</course><hAcc>1.809130</hAcc><vAcc>0.797837</vAcc></extensions></trkpt>
      <trkpt lon="35.022891" lat="32.726874"><ele>274.619066</ele><time>2025-04-17T08:13:49Z</time><extensions><speed>0.146182</speed><course>101.768378</course><hAcc>1.816368</hAcc><vAcc>0.797524</vAcc></extensions></trkpt>
      <trkpt lon="35.022893" lat="32.726874"><ele>274.601795</ele><time>2025-04-17T08:13:50Z</time><extensions><speed>0.113134</speed><course>105.995825</course><hAcc>1.814435</hAcc><vAcc>0.797404</vAcc></extensions></trkpt>
      <trkpt lon="35.022894" lat="32.726874"><ele>274.573171</ele><time>2025-04-17T08:13:51Z</time><extensions><speed>0.072378</speed><course>112.848769</course><hAcc>1.800036</hAcc><vAcc>0.797507</vAcc></extensions></trkpt>
      <trkpt lon="35.022894" lat="32.726873"><ele>274.543954</ele><time>2025-04-17T08:13:52Z</time><extensions><speed>0.054233</speed><course>137.704948</course><hAcc>1.793541</hAcc><vAcc>0.797868</vAcc></extensions></trkpt>
      <trkpt lon="35.022894" lat="32.726873"><ele>274.514534</ele><time>2025-04-17T08:13:53Z</time><extensions><speed>0.067505</speed><course>172.086364</course><hAcc>1.776046</hAcc><vAcc>0.798490</vAcc></extensions></trkpt>
      <trkpt lon="35.022894" lat="32.726872"><ele>274.487153</ele><time>2025-04-17T08:13:54Z</time><extensions><speed>0.074009</speed><course>188.006036</course><hAcc>1.766616</hAcc><vAcc>0.799328</vAcc></extensions></trkpt>
      <trkpt lon="35.022894" lat="32.726872"><ele>274.461853</ele><time>2025-04-17T08:13:55Z</time><extensions><speed>0.059885</speed><course>211.949401</course><hAcc>1.763383</hAcc><vAcc>0.800328</vAcc></extensions></trkpt>
      <trkpt lon="35.022893" lat="32.726872"><ele>274.439573</ele><time>2025-04-17T08:13:56Z</time><extensions><speed>0.069798</speed><course>250.697817</course><hAcc>1.752819</hAcc><vAcc>0.801443</vAcc></extensions></trkpt>
      <trkpt lon="35.022892" lat="32.726871"><ele>274.419961</ele><time>2025-04-17T08:13:57Z</time><extensions><speed>0.116894</speed><course>272.123415</course><hAcc>1.731787</hAcc><vAcc>0.802599</vAcc></extensions></trkpt>
      <trkpt lon="35.022891" lat="32.726872"><ele>274.399857</ele><time>2025-04-17T08:13:58Z</time><extensions><speed>0.178105</speed><course>280.817026</course><hAcc>1.721973</hAcc><vAcc>0.803615</vAcc></extensions></trkpt>
      <trkpt lon="35.022889" lat="32.726872"><ele>274.381188</ele><time>2025-04-17T08:13:59Z</time><extensions><speed>0.245064</speed><course>284.938767</course><hAcc>1.729287</hAcc><vAcc>0.804563</vAcc></extensions></trkpt>
      <trkpt lon="35.022886" lat="32.726873"><ele>274.362397</ele><time>2025-04-17T08:14:00Z</time><extensions><speed>0.297501</speed><course>288.008448</course><hAcc>1.743761</hAcc><vAcc>0.805326</vAcc></extensions></trkpt>
      <trkpt lon="35.022882" lat="32.726874"><ele>274.342484</ele><time>2025-04-17T08:14:01Z</time><extensions><speed>0.395876</speed><course>291.403920</course><hAcc>1.728134</hAcc><vAcc>0.805919</vAcc></extensions></trkpt>
      <trkpt lon="35.022879" lat="32.726875"><ele>274.323933</ele><time>2025-04-17T08:14:02Z</time><extensions><speed>0.341586</speed><course>298.401083</course><hAcc>1.734038</hAcc><vAcc>0.806319</vAcc></extensions></trkpt>
      <trkpt lon="35.022876" lat="32.726877"><ele>274.307226</ele><time>2025-04-17T08:14:03Z</time><extensions><speed>0.274594</speed><course>311.358710</course><hAcc>1.750360</hAcc><vAcc>0.806486</vAcc></extensions></trkpt>
      <trkpt lon="35.022875" lat="32.726879"><ele>274.292445</ele><time>2025-04-17T08:14:04Z</time><extensions><speed>0.225044</speed><course>335.329969</course><hAcc>1.761302</hAcc><vAcc>0.806406</vAcc></extensions></trkpt>
      <trkpt lon="35.022874" lat="32.726881"><ele>274.279462</ele><time>2025-04-17T08:14:05Z</time><extensions><speed>0.223778</speed><course>5.658352</course><hAcc>1.766880</hAcc><vAcc>0.806120</vAcc></extensions></trkpt>
      <trkpt lon="35.022875" lat="32.726883"><ele>274.268010</ele><time>2025-04-17T08:14:06Z</time><extensions><speed>0.258459</speed><course>22.950054</course><hAcc>1.768308</hAcc><vAcc>0.805633</vAcc></extensions></trkpt>
      <trkpt lon="35.022876" lat="32.726885"><ele>274.257769</ele><time>2025-04-17T08:14:07Z</time><extensions><speed>0.289224</speed><course>35.527070</course><hAcc>1.768541</hAcc><vAcc>0.804953</vAcc></extensions></trkpt>
      <trkpt lon="35.022878" lat="32.726887"><ele>274.248459</ele><time>2025-04-17T08:14:08Z</time><extensions><speed>0.313066</speed><course>39.754794</course><hAcc>1.758333</hAcc><vAcc>0.804096</vAcc></extensions></trkpt>
      <trkpt lon="35.022880" lat="32.726889"><ele>274.239890</ele><time>2025-04-17T08:14:09Z</time><extensions><speed>0.307478</speed><course>37.312952</course><hAcc>1.743720</hAcc><vAcc>0.803089</vAcc></extensions></trkpt>
      <trkpt lon="35.022882" lat="32.726891"><ele>274.231963</ele><time>2025-04-17T08:14:10Z</time><extensions><speed>0.286485</speed><course>34.209452</course><hAcc>1.724084</hAcc><vAcc>0.801966</vAcc></extensions></trkpt>
      <trkpt lon="35.022884" lat="32.726893"><ele>274.224657</ele><time>2025-04-17T08:14:11Z</time><extensions><speed>0.221203</speed><course>31.086675</course><hAcc>1.715449</hAcc><vAcc>0.800776</vAcc></extensions></trkpt>
      <trkpt lon="35.022885" lat="32.726895"><ele>274.213866</ele><time>2025-04-17T08:14:12Z</time><extensions><speed>0.149460</speed><course>33.612306</course><hAcc>1.719088</hAcc><vAcc>0.799533</vAcc></extensions></trkpt>
      <trkpt lon="35.022885" lat="32.726896"><ele>274.196376</ele><time>2025-04-17T08:14:13Z</time><extensions><speed>0.092784</speed><course>32.721102</course><hAcc>1.723802</hAcc><vAcc>0.798369</vAcc></extensions></trkpt>
      <trkpt lon="35.022886" lat="32.726896"><ele>274.173807</ele><time>2025-04-17T08:14:14Z</time><extensions><speed>0.059645</speed><course>25.262128</course><hAcc>1.718402</hAcc><vAcc>0.797219</vAcc></extensions></trkpt>
      <trkpt lon="35.022886" lat="32.726897"><ele>274.148879</ele><time>2025-04-17T08:14:15Z</time><extensions><speed>0.044208</speed><course>2.442722</course><hAcc>1.706069</hAcc><vAcc>0.796199</vAcc></extensions></trkpt>
      <trkpt lon="35.022886" lat="32.726897"><ele>274.122286</ele><time>2025-04-17T08:14:16Z</time><extensions><speed>0.042776</speed><course>320.061921</course><hAcc>1.715466</hAcc><vAcc>0.795285</vAcc></extensions></trkpt>
      <trkpt lon="35.022885" lat="32.726897"><ele>274.092828</ele><time>2025-04-17T08:14:17Z</time><extensions><speed>0.068365</speed><course>289.907527</course><hAcc>1.734351</hAcc><vAcc>0.794491</vAcc></extensions></trkpt>
      <trkpt lon="35.022884" lat="32.726897"><ele>274.062041</ele><time>2025-04-17T08:14:18Z</time><extensions><speed>0.123051</speed><course>278.615221</course><hAcc>1.737119</hAcc><vAcc>0.793853</vAcc></extensions></trkpt>
      <trkpt lon="35.022883" lat="32.726898"><ele>274.032017</ele><time>2025-04-17T08:14:19Z</time><extensions><speed>0.184852</speed><course>273.866795</course><hAcc>1.747270</hAcc><vAcc>0.793383</vAcc></extensions></trkpt>
      <trkpt lon="35.022880" lat="32.726898"><ele>274.001478</ele><time>2025-04-17T08:14:20Z</time><extensions><speed>0.249380</speed><course>271.085713</course><hAcc>1.760352</hAcc><vAcc>0.793044</vAcc></extensions></trkpt>
      <trkpt lon="35.022877" lat="32.726898"><ele>273.978829</ele><time>2025-04-17T08:14:21Z</time><extensions><speed>0.298959</speed><course>268.808942</course><hAcc>1.769189</hAcc><vAcc>0.792816</vAcc></extensions></trkpt>
      <trkpt lon="35.022874" lat="32.726897"><ele>273.953749</ele><time>2025-04-17T08:14:22Z</time><extensions><speed>0.295319</speed><course>265.994380</course><hAcc>1.771339</hAcc><vAcc>0.792709</vAcc></extensions></trkpt>
      <trkpt lon="35.022872" lat="32.726897"><ele>273.929020</ele><time>2025-04-17T08:14:23Z</time><extensions><speed>0.205773</speed><course>258.557538</course><hAcc>1.773945</hAcc><vAcc>0.792662</vAcc></extensions></trkpt>
      <trkpt lon="35.022870" lat="32.726897"><ele>273.902849</ele><time>2025-04-17T08:14:24Z</time><extensions><speed>0.115336</speed><course>234.751029</course><hAcc>1.770850</hAcc><vAcc>0.792626</vAcc></extensions></trkpt>
      <trkpt lon="35.022870" lat="32.726896"><ele>273.882266</ele><time>2025-04-17T08:14:25Z</time><extensions><speed>0.084195</speed><course>171.264074</course><hAcc>1.775745</hAcc><vAcc>0.792580</vAcc></extensions></trkpt>
      <trkpt lon="35.022870" lat="32.726895"><ele>273.874841</ele><time>2025-04-17T08:14:26Z</time><extensions><speed>0.124331</speed><course>133.733848</course><hAcc>1.768100</hAcc><vAcc>0.792422</vAcc></extensions></trkpt>
      <trkpt lon="35.022872" lat="32.726895"><ele>273.875373</ele><time>2025-04-17T08:14:27Z</time><extensions><speed>0.189649</speed><course>114.318872</course><hAcc>1.765022</hAcc><vAcc>0.792196</vAcc></extensions></trkpt>
      <trkpt lon="35.022874" lat="32.726894"><ele>273.881460</ele><time>2025-04-17T08:14:28Z</time><extensions><speed>0.211954</speed><course>106.920837</course><hAcc>1.786417</hAcc><vAcc>0.791830</vAcc></extensions></trkpt>
      <trkpt lon="35.022876" lat="32.726894"><ele>273.891970</ele><time>2025-04-17T08:14:29Z</time><extensions><speed>0.166381</speed><course>99.953040</course><hAcc>1.815867</hAcc><vAcc>0.791143</vAcc></extensions></trkpt>
      <trkpt lon="35.022877" lat="32.726893"><ele>273.903661</ele><time>2025-04-17T08:14:30Z</time><extensions><speed>0.151487</speed><course>82.321901</course><hAcc>1.793619</hAcc><vAcc>0.790239</vAcc></extensions></trkpt>
      <trkpt lon="35.022879" lat="32.726894"><ele>273.919010</ele><time>2025-04-17T08:14:31Z</time><extensions><speed>0.162923</speed><course>59.608790</course><hAcc>1.793327</hAcc><vAcc>0.789200</vAcc></extensions></trkpt>
      <trkpt lon="35.022881" lat="32.726895"><ele>273.937315</ele><time>2025-04-17T08:14:32Z</time><extensions><speed>0.245473</speed><course>60.127413</course><hAcc>1.819887</hAcc><vAcc>0.787983</vAcc></extensions></trkpt>
      <trkpt lon="35.022883" lat="32.726896"><ele>273.954197</ele><time>2025-04-17T08:14:33Z</time><extensions><speed>0.282867</speed><course>61.881476</course><hAcc>1.834181</hAcc><vAcc>0.786558</vAcc></extensions></trkpt>
      <trkpt lon="35.022886" lat="32.726897"><ele>273.969194</ele><time>2025-04-17T08:14:34Z</time><extensions><speed>0.285016</speed><course>63.248064</course><hAcc>1.832377</hAcc><vAcc>0.785026</vAcc></extensions></trkpt>
      <trkpt lon="35.022889" lat="32.726898"><ele>273.989169</ele><time>2025-04-17T08:14:35Z</time><extensions><speed>0.235045</speed><course>62.744310</course><hAcc>1.847565</hAcc><vAcc>0.783335</vAcc></extensions></trkpt>
      <trkpt lon="35.022890" lat="32.726899"><ele>274.003203</ele><time>2025-04-17T08:14:36Z</time><extensions><speed>0.165449</speed><course>53.250801</course><hAcc>1.852076</hAcc><vAcc>0.781441</vAcc></extensions></trkpt>
      <trkpt lon="35.022891" lat="32.726900"><ele>274.014956</ele><time>2025-04-17T08:14:37Z</time><extensions><speed>0.114511</speed><course>22.424188</course><hAcc>1.838387</hAcc><vAcc>0.779467</vAcc></extensions></trkpt>
      <trkpt lon="35.022892" lat="32.726901"><ele>274.025809</ele><time>2025-04-17T08:14:38Z</time><extensions><speed>0.129663</speed><course>5.266648</course><hAcc>1.815844</hAcc><vAcc>0.777407</vAcc></extensions></trkpt>
      <trkpt lon="35.022892" lat="32.726902"><ele>274.034014</ele><time>2025-04-17T08:14:39Z</time><extensions><speed>0.156620</speed><course>15.495441</course><hAcc>1.810580</hAcc><vAcc>0.775225</vAcc></extensions></trkpt>
      <trkpt lon="35.022892" lat="32.726904"><ele>274.039970</ele><time>2025-04-17T08:14:40Z</time><extensions><speed>0.171230</speed><course>27.223989</course><hAcc>1.825353</hAcc><vAcc>0.773118</vAcc></extensions></trkpt>
      <trkpt lon="35.022893" lat="32.726905"><ele>274.043197</ele><time>2025-04-17T08:14:41Z</time><extensions><speed>0.155137</speed><course>37.150779</course><hAcc>1.852031</hAcc><vAcc>0.771192</vAcc></extensions></trkpt>
      <trkpt lon="35.022894" lat="32.726906"><ele>274.043958</ele><time>2025-04-17T08:14:42Z</time><extensions><speed>0.135187</speed><course>40.304304</course><hAcc>1.853993</hAcc><vAcc>0.769449</vAcc></extensions></trkpt>
      <trkpt lon="35.022895" lat="32.726907"><ele>274.042658</ele><time>2025-04-17T08:14:43Z</time><extensions><speed>0.085177</speed><course>27.834002</course><hAcc>1.831854</hAcc><vAcc>0.768025</vAcc></extensions></trkpt>
      <trkpt lon="35.022895" lat="32.726907"><ele>274.039797</ele><time>2025-04-17T08:14:44Z</time><extensions><speed>0.073548</speed><course>296.532401</course><hAcc>1.815903</hAcc><vAcc>0.766974</vAcc></extensions></trkpt>
      <trkpt lon="35.022894" lat="32.726908"><ele>274.035868</ele><time>2025-04-17T08:14:45Z</time><extensions><speed>0.145807</speed><course>273.969614</course><hAcc>1.811545</hAcc><vAcc>0.766333</vAcc></extensions></trkpt>
      <trkpt lon="35.022892" lat="32.726908"><ele>274.031315</ele><time>2025-04-17T08:14:46Z</time><extensions><speed>0.180251</speed><course>273.322593</course><hAcc>1.818967</hAcc><vAcc>0.766155</vAcc></extensions></trkpt>
      <trkpt lon="35.022890" lat="32.726908"><ele>274.024443</ele><time>2025-04-17T08:14:47Z</time><extensions><speed>0.163817</speed><course>279.507056</course><hAcc>1.831606</hAcc><vAcc>0.766477</vAcc></extensions></trkpt>
      <trkpt lon="35.022888" lat="32.726908"><ele>274.019891</ele><time>2025-04-17T08:14:48Z</time><extensions><speed>0.178631</speed><course>282.419447</course><hAcc>1.817272</hAcc><vAcc>0.767295</vAcc></extensions></trkpt>
      <trkpt lon="35.022886" lat="32.726909"><ele>274.015738</ele><time>2025-04-17T08:14:49Z</time><extensions><speed>0.186441</speed><course>282.236161</course><hAcc>1.788776</hAcc><vAcc>0.768615</vAcc></extensions></trkpt>
      <trkpt lon="35.022885" lat="32.726909"><ele>274.012073</ele><time>2025-04-17T08:14:50Z</time><extensions><speed>0.132340</speed><course>284.611197</course><hAcc>1.776251</hAcc><vAcc>0.770369</vAcc></extensions></trkpt>
      <trkpt lon="35.022883" lat="32.726909"><ele>274.006178</ele><time>2025-04-17T08:14:51Z</time><extensions><speed>0.096673</speed><course>283.715296</course><hAcc>1.769765</hAcc><vAcc>0.772483</vAcc></extensions></trkpt>
      <trkpt lon="35.022882" lat="32.726909"><ele>274.000188</ele><time>2025-04-17T08:14:52Z</time><extensions><speed>0.087840</speed><course>280.009357</course><hAcc>1.755638</hAcc><vAcc>0.774807</vAcc></extensions></trkpt>
      <trkpt lon="35.022881" lat="32.726909"><ele>273.987393</ele><time>2025-04-17T08:14:53Z</time><extensions><speed>0.087591</speed><course>275.044381</course><hAcc>1.755546</hAcc><vAcc>0.777230</vAcc></extensions></trkpt>
      <trkpt lon="35.022880" lat="32.726909"><ele>273.973246</ele><time>2025-04-17T08:14:54Z</time><extensions><speed>0.104205</speed><course>270.154895</course><hAcc>1.754577</hAcc><vAcc>0.779651</vAcc></extensions></trkpt>
      <trkpt lon="35.022879" lat="32.726909"><ele>273.957920</ele><time>2025-04-17T08:14:55Z</time><extensions><speed>0.162196</speed><course>266.649799</course><hAcc>1.725021</hAcc><vAcc>0.781981</vAcc></extensions></trkpt>
      <trkpt lon="35.022877" lat="32.726909"><ele>273.941409</ele><time>2025-04-17T08:14:56Z</time><extensions><speed>0.207930</speed><course>263.716831</course><hAcc>1.715053</hAcc><vAcc>0.784147</vAcc></extensions></trkpt>
      <trkpt lon="35.022875" lat="32.726909"><ele>273.923722</ele><time>2025-04-17T08:14:57Z</time><extensions><speed>0.229277</speed><course>259.554691</course><hAcc>1.732682</hAcc><vAcc>0.786097</vAcc></extensions></trkpt>
      <trkpt lon="35.022873" lat="32.726909"><ele>273.898141</ele><time>2025-04-17T08:14:58Z</time><extensions><speed>0.165187</speed><course>253.700067</course><hAcc>1.770166</hAcc><vAcc>0.787783</vAcc></extensions></trkpt>
      <trkpt lon="35.022871" lat="32.726908"><ele>273.871531</ele><time>2025-04-17T08:14:59Z</time><extensions><speed>0.156115</speed><course>248.619087</course><hAcc>1.770566</hAcc><vAcc>0.789144</vAcc></extensions></trkpt>
      <trkpt lon="35.022870" lat="32.726907"><ele>273.841472</ele><time>2025-04-17T08:15:00Z</time><extensions><speed>0.166300</speed><course>244.870244</course><hAcc>1.753497</hAcc><vAcc>0.790152</vAcc></extensions></trkpt>
      <trkpt lon="35.022868" lat="32.726907"><ele>273.814339</ele><time>2025-04-17T08:15:01Z</time><extensions><speed>0.141290</speed><course>242.186137</course><hAcc>1.754318</hAcc><vAcc>0.790790</vAcc></extensions></trkpt>
      <trkpt lon="35.022867" lat="32.726906"><ele>273.782904</ele><time>2025-04-17T08:15:02Z</time><extensions><speed>0.059722</speed><course>225.347085</course><hAcc>1.766312</hAcc><vAcc>0.791103</vAcc></extensions></trkpt>
      <trkpt lon="35.022867" lat="32.726906"><ele>273.750327</ele><time>2025-04-17T08:15:03Z</time><extensions><speed>0.026293</speed><course>127.600173</course><hAcc>1.774314</hAcc><vAcc>0.791153</vAcc></extensions></trkpt>
      <trkpt lon="35.022868" lat="32.726906"><ele>273.723023</ele><time>2025-04-17T08:15:04Z</time><extensions><speed>0.064505</speed><course>82.006642</course><hAcc>1.779964</hAcc><vAcc>0.790957</vAcc></extensions></trkpt>
      <trkpt lon="35.022868" lat="32.726906"><ele>273.691662</ele><time>2025-04-17T08:15:05Z</time><extensions><speed>0.095802</speed><course>70.954193</course><hAcc>1.786476</hAcc><vAcc>0.790436</vAcc></extensions></trkpt>
      <trkpt lon="35.022869" lat="32.726907"><ele>273.662512</ele><time>2025-04-17T08:15:06Z</time><extensions><speed>0.118613</speed><course>64.899465</course><hAcc>1.794865</hAcc><vAcc>0.789677</vAcc></extensions></trkpt>
      <trkpt lon="35.022870" lat="32.726907"><ele>273.630938</ele><time>2025-04-17T08:15:07Z</time><extensions><speed>0.118202</speed><course>59.266529</course><hAcc>1.810205</hAcc><vAcc>0.788758</vAcc></extensions></trkpt>
      <trkpt lon="35.022871" lat="32.726908"><ele>273.603882</ele><time>2025-04-17T08:15:08Z</time><extensions><speed>0.065938</speed><course>41.013086</course><hAcc>1.821704</hAcc><vAcc>0.787549</vAcc></extensions></trkpt>
      <trkpt lon="35.022871" lat="32.726908"><ele>273.572075</ele><time>2025-04-17T08:15:09Z</time><extensions><speed>0.085356</speed><course>290.684764</course><hAcc>1.816962</hAcc><vAcc>0.786198</vAcc></extensions></trkpt>
      <trkpt lon="35.022870" lat="32.726908"><ele>273.539245</ele><time>2025-04-17T08:15:10Z</time><extensions><speed>0.204332</speed><course>276.583162</course><hAcc>1.830882</hAcc><vAcc>0.784697</vAcc></extensions></trkpt>
      <trkpt lon="35.022867" lat="32.726908"><ele>273.511318</ele><time>2025-04-17T08:15:11Z</time><extensions><speed>0.272342</speed><course>276.071712</course><hAcc>1.857671</hAcc><vAcc>0.783067</vAcc></extensions></trkpt>
      <trkpt lon="35.022864" lat="32.726909"><ele>273.484546</ele><time>2025-04-17T08:15:12Z</time><extensions><speed>0.359234</speed><course>274.432765</course><hAcc>1.862667</hAcc><vAcc>0.781536</vAcc></extensions></trkpt>
      <trkpt lon="35.022860" lat="32.726909"><ele>273.457952</ele><time>2025-04-17T08:15:13Z</time><extensions><speed>0.338300</speed><course>273.641362</course><hAcc>1.863105</hAcc><vAcc>0.780159</vAcc></extensions></trkpt>
      <trkpt lon="35.022857" lat="32.726909"><ele>273.438084</ele><time>2025-04-17T08:15:14Z</time><extensions><speed>0.262849</speed><course>269.258025</course><hAcc>1.865028</hAcc><vAcc>0.779054</vAcc></extensions></trkpt>
      <trkpt lon="35.022855" lat="32.726909"><ele>273.417289</ele><time>2025-04-17T08:15:15Z</time><extensions><speed>0.148606</speed><course>257.526856</course><hAcc>1.870727</hAcc><vAcc>0.778252</vAcc></extensions></trkpt>
      <trkpt lon="35.022854" lat="32.726909"><ele>273.397337</ele><time>2025-04-17T08:15:16Z</time><extensions><speed>0.094596</speed><course>236.066696</course><hAcc>1.862704</hAcc><vAcc>0.777782</vAcc></extensions></trkpt>
      <trkpt lon="35.022853" lat="32.726908"><ele>273.377784</ele><time>2025-04-17T08:15:17Z</time><extensions><speed>0.069031</speed><course>219.229044</course><hAcc>1.847514</hAcc><vAcc>0.777701</vAcc></extensions></trkpt>
      <trkpt lon="35.022853" lat="32.726908"><ele>273.366462</ele><time>2025-04-17T08:15:18Z</time><extensions><speed>0.029729</speed><course>151.997213</course><hAcc>1.839307</hAcc><vAcc>0.777915</vAcc></extensions></trkpt>
      <trkpt lon="35.022853" lat="32.726908"><ele>273.342776</ele><time>2025-04-17T08:15:19Z</time><extensions><speed>0.055936</speed><course>77.001084</course><hAcc>1.831941</hAcc><vAcc>0.778425</vAcc></extensions></trkpt>
      <trkpt lon="35.022854" lat="32.726908"><ele>273.323271</ele><time>2025-04-17T08:15:20Z</time><extensions><speed>0.146108</speed><course>63.243577</course><hAcc>1.825952</hAcc><vAcc>0.779142</vAcc></extensions></trkpt>
      <trkpt lon="35.022856" lat="32.726909"><ele>273.306088</ele><time>2025-04-17T08:15:21Z</time><extensions><speed>0.233763</speed><course>58.160652</course><hAcc>1.822951</hAcc><vAcc>0.780049</vAcc></extensions></trkpt>
      <trkpt lon="35.022858" lat="32.726910"><ele>273.290017</ele><time>2025-04-17T08:15:22Z</time><extensions><speed>0.293749</speed><course>54.863922</course><hAcc>1.819561</hAcc><vAcc>0.781123</vAcc></extensions></trkpt>
      <trkpt lon="35.022861" lat="32.726912"><ele>273.274885</ele><time>2025-04-17T08:15:23Z</time><extensions><speed>0.355409</speed><course>56.964745</course><hAcc>1.817856</hAcc><vAcc>0.782334</vAcc></extensions></trkpt>
      <trkpt lon="35.022865" lat="32.726914"><ele>273.264999</ele><time>2025-04-17T08:15:24Z</time><extensions><speed>0.393562</speed><course>60.479428</course><hAcc>1.815867</hAcc><vAcc>0.783620</vAcc></extensions></trkpt>
      <trkpt lon="35.022868" lat="32.726915"><ele>273.253565</ele><time>2025-04-17T08:15:25Z</time><extensions><speed>0.399238</speed><course>62.946683</course><hAcc>1.809079</hAcc><vAcc>0.784984</vAcc></extensions></trkpt>
      <trkpt lon="35.022872" lat="32.726917"><ele>273.241322</ele><time>2025-04-17T08:15:26Z</time><extensions><speed>0.396955</speed><course>65.195785</course><hAcc>1.806508</hAcc><vAcc>0.786345</vAcc></extensions></trkpt>
      <trkpt lon="35.022876" lat="32.726918"><ele>273.229518</ele><time>2025-04-17T08:15:27Z</time><extensions><speed>0.361694</speed><course>66.083416</course><hAcc>1.811158</hAcc><vAcc>0.787708</vAcc></extensions></trkpt>
      <trkpt lon="35.022879" lat="32.726920"><ele>273.218186</ele><time>2025-04-17T08:15:28Z</time><extensions><speed>0.305751</speed><course>59.701206</course><hAcc>1.780806</hAcc><vAcc>0.788991</vAcc></extensions></trkpt>
      <trkpt lon="35.022881" lat="32.726921"><ele>273.207464</ele><time>2025-04-17T08:15:29Z</time><extensions><speed>0.192040</speed><course>33.134832</course><hAcc>1.749794</hAcc><vAcc>0.790151</vAcc></extensions></trkpt>
      <trkpt lon="35.022881" lat="32.726922"><ele>273.197576</ele><time>2025-04-17T08:15:30Z</time><extensions><speed>0.173848</speed><course>326.362752</course><hAcc>1.765821</hAcc><vAcc>0.791175</vAcc></extensions></trkpt>
      <trkpt lon="35.022881" lat="32.726923"><ele>273.188648</ele><time>2025-04-17T08:15:31Z</time><extensions><speed>0.068441</speed><course>0.373149</course><hAcc>1.800246</hAcc><vAcc>0.792059</vAcc></extensions></trkpt>
      <trkpt lon="35.022881" lat="32.726924"><ele>273.180670</ele><time>2025-04-17T08:15:32Z</time><extensions><speed>0.048971</speed><course>38.635500</course><hAcc>1.783032</hAcc><vAcc>0.792788</vAcc></extensions></trkpt>
      <trkpt lon="35.022881" lat="32.726924"><ele>273.177985</ele><time>2025-04-17T08:15:33Z</time><extensions><speed>0.028712</speed><course>64.693157</course><hAcc>1.771203</hAcc><vAcc>0.793390</vAcc></extensions></trkpt>
      <trkpt lon="35.022881" lat="32.726924"><ele>273.179708</ele><time>2025-04-17T08:15:34Z</time><extensions><speed>0.007419</speed><course>212.266248</course><hAcc>1.758942</hAcc><vAcc>0.793845</vAcc></extensions></trkpt>
      <trkpt lon="35.022881" lat="32.726924"><ele>273.175658</ele><time>2025-04-17T08:15:35Z</time><extensions><speed>0.027224</speed><course>212.404437</course><hAcc>1.757952</hAcc><vAcc>0.794151</vAcc></extensions></trkpt>
      <trkpt lon="35.022881" lat="32.726924"><ele>273.176130</ele><time>2025-04-17T08:15:36Z</time><extensions><speed>0.038505</speed><course>154.603300</course><hAcc>1.778793</hAcc><vAcc>0.794414</vAcc></extensions></trkpt>
      <trkpt lon="35.022881" lat="32.726923"><ele>273.177799</ele><time>2025-04-17T08:15:37Z</time><extensions><speed>0.045396</speed><course>139.362938</course><hAcc>1.789285</hAcc><vAcc>0.794593</vAcc></extensions></trkpt>
      <trkpt lon="35.022882" lat="32.726923"><ele>273.180630</ele><time>2025-04-17T08:15:38Z</time><extensions><speed>0.047024</speed><course>130.644325</course><hAcc>1.789276</hAcc><vAcc>0.794702</vAcc></extensions></trkpt>
      <trkpt lon="35.022882" lat="32.726923"><ele>273.184553</ele><time>2025-04-17T08:15:39Z</time><extensions><speed>0.048084</speed><course>124.075103</course><hAcc>1.787324</hAcc><vAcc>0.794758</vAcc></extensions></trkpt>
      <trkpt lon="35.022883" lat="32.726923"><ele>273.188317</ele><time>2025-04-17T08:15:40Z</time><extensions><speed>0.050667</speed><course>119.284389</course><hAcc>1.784356</hAcc><vAcc>0.794793</vAcc></extensions></trkpt>
      <trkpt lon="35.022883" lat="32.726922"><ele>273.190471</ele><time>2025-04-17T08:15:41Z</time><extensions><speed>0.053241</speed><course>122.038647</course><hAcc>1.779048</hAcc><vAcc>0.794736</vAcc></extensions></trkpt>
      <trkpt lon="35.022884" lat="32.726922"><ele>273.195532</ele><time>2025-04-17T08:15:42Z</time><extensions><speed>0.052313</speed><course>130.610507</course><hAcc>1.766002</hAcc><vAcc>0.794630</vAcc></extensions></trkpt>
      <trkpt lon="35.022884" lat="32.726922"><ele>273.194172</ele><time>2025-04-17T08:15:43Z</time><extensions><speed>0.040768</speed><course>163.257708</course><hAcc>1.740638</hAcc><vAcc>0.794533</vAcc></extensions></trkpt>
      <trkpt lon="35.022884" lat="32.726921"><ele>273.196291</ele><time>2025-04-17T08:15:44Z</time><extensions><speed>0.049106</speed><course>176.481214</course><hAcc>1.710873</hAcc><vAcc>0.794438</vAcc></extensions></trkpt>
      <trkpt lon="35.022884" lat="32.726921"><ele>273.199670</ele><time>2025-04-17T08:15:45Z</time><extensions><speed>0.058939</speed><course>220.584878</course><hAcc>1.702446</hAcc><vAcc>0.794369</vAcc></extensions></trkpt>
      <trkpt lon="35.022884" lat="32.726920"><ele>273.199699</ele><time>2025-04-17T08:15:46Z</time><extensions><speed>0.038833</speed><course>189.960178</course><hAcc>1.748340</hAcc><vAcc>0.794342</vAcc></extensions></trkpt>
      <trkpt lon="35.022884" lat="32.726920"><ele>273.209761</ele><time>2025-04-17T08:15:47Z</time><extensions><speed>0.045741</speed><course>177.321120</course><hAcc>1.748452</hAcc><vAcc>0.794314</vAcc></extensions></trkpt>
      <trkpt lon="35.022884" lat="32.726919"><ele>273.220019</ele><time>2025-04-17T08:15:48Z</time><extensions><speed>0.087210</speed><course>176.238238</course><hAcc>1.694205</hAcc><vAcc>0.794282</vAcc></extensions></trkpt>
      <trkpt lon="35.022884" lat="32.726918"><ele>273.226775</ele><time>2025-04-17T08:15:49Z</time><extensions><speed>0.113287</speed><course>176.365032</course><hAcc>1.677067</hAcc><vAcc>0.794291</vAcc></extensions></trkpt>
      <trkpt lon="35.022884" lat="32.726917"><ele>273.229062</ele><time>2025-04-17T08:15:50Z</time><extensions><speed>0.123476</speed><course>177.207760</course><hAcc>1.703375</hAcc><vAcc>0.794356</vAcc></extensions></trkpt>
      <trkpt lon="35.022884" lat="32.726916"><ele>273.227027</ele><time>2025-04-17T08:15:51Z</time><extensions><speed>0.109219</speed><course>169.156904</course><hAcc>1.743093</hAcc><vAcc>0.794482</vAcc></extensions></trkpt>
      <trkpt lon="35.022884" lat="32.726915"><ele>273.218618</ele><time>2025-04-17T08:15:52Z</time><extensions><speed>0.115704</speed><course>162.114658</course><hAcc>1.739008</hAcc><vAcc>0.794747</vAcc></extensions></trkpt>
      <trkpt lon="35.022885" lat="32.726914"><ele>273.212214</ele><time>2025-04-17T08:15:53Z</time><extensions><speed>0.112809</speed><course>154.217773</course><hAcc>1.752026</hAcc><vAcc>0.795140</vAcc></extensions></trkpt>
      <trkpt lon="35.022885" lat="32.726913"><ele>273.208567</ele><time>2025-04-17T08:15:54Z</time><extensions><speed>0.119591</speed><course>150.607941</course><hAcc>1.758715</hAcc><vAcc>0.795716</vAcc></extensions></trkpt>
      <trkpt lon="35.022886" lat="32.726912"><ele>273.203569</ele><time>2025-04-17T08:15:55Z</time><extensions><speed>0.099563</speed><course>155.301737</course><hAcc>1.765077</hAcc><vAcc>0.796476</vAcc></extensions></trkpt>
      <trkpt lon="35.022886" lat="32.726912"><ele>273.197216</ele><time>2025-04-17T08:15:56Z</time><extensions><speed>0.093376</speed><course>149.611143</course><hAcc>1.768351</hAcc><vAcc>0.797395</vAcc></extensions></trkpt>
      <trkpt lon="35.022887" lat="32.726911"><ele>273.187495</ele><time>2025-04-17T08:15:57Z</time><extensions><speed>0.105915</speed><course>133.945085</course><hAcc>1.765325</hAcc><vAcc>0.798436</vAcc></extensions></trkpt>
      <trkpt lon="35.022888" lat="32.726910"><ele>273.182020</ele><time>2025-04-17T08:15:58Z</time><extensions><speed>0.141543</speed><course>119.393609</course><hAcc>1.780861</hAcc><vAcc>0.799546</vAcc></extensions></trkpt>
      <trkpt lon="35.022890" lat="32.726909"><ele>273.165500</ele><time>2025-04-17T08:15:59Z</time><extensions><speed>0.172865</speed><course>123.321730</course><hAcc>1.798083</hAcc><vAcc>0.800722</vAcc></extensions></trkpt>
      <trkpt lon="35.022891" lat="32.726908"><ele>273.151153</ele><time>2025-04-17T08:16:00Z</time><extensions><speed>0.201953</speed><course>141.824281</course><hAcc>1.811328</hAcc><vAcc>0.801978</vAcc></extensions></trkpt>
      <trkpt lon="35.022892" lat="32.726906"><ele>273.141132</ele><time>2025-04-17T08:16:01Z</time><extensions><speed>0.275133</speed><course>163.526424</course><hAcc>1.798580</hAcc><vAcc>0.803224</vAcc></extensions></trkpt>
      <trkpt lon="35.022892" lat="32.726904"><ele>273.135264</ele><time>2025-04-17T08:16:02Z</time><extensions><speed>0.365218</speed><course>179.641214</course><hAcc>1.787244</hAcc><vAcc>0.804443</vAcc></extensions></trkpt>
      <trkpt lon="35.022892" lat="32.726900"><ele>273.131049</ele><time>2025-04-17T08:16:03Z</time><extensions><speed>0.401122</speed><course>190.549312</course><hAcc>1.795254</hAcc><vAcc>0.805595</vAcc></extensions></trkpt>
      <trkpt lon="35.022891" lat="32.726897"><ele>273.128655</ele><time>2025-04-17T08:16:04Z</time><extensions><speed>0.394381</speed><course>198.717547</course><hAcc>1.802815</hAcc><vAcc>0.806697</vAcc></extensions></trkpt>
      <trkpt lon="35.022890" lat="32.726894"><ele>273.128178</ele><time>2025-04-17T08:16:05Z</time><extensions><speed>0.324315</speed><course>197.081711</course><hAcc>1.812547</hAcc><vAcc>0.807714</vAcc></extensions></trkpt>
      <trkpt lon="35.022889" lat="32.726891"><ele>273.129646</ele><time>2025-04-17T08:16:06Z</time><extensions><speed>0.266242</speed><course>201.103359</course><hAcc>1.805542</hAcc><vAcc>0.808642</vAcc></extensions></trkpt>
      <trkpt lon="35.022888" lat="32.726889"><ele>273.133071</ele><time>2025-04-17T08:16:07Z</time><extensions><speed>0.200549</speed><course>192.945960</course><hAcc>1.797545</hAcc><vAcc>0.809489</vAcc></extensions></trkpt>
      <trkpt lon="35.022887" lat="32.726888"><ele>273.138421</ele><time>2025-04-17T08:16:08Z</time><extensions><speed>0.141690</speed><course>206.748567</course><hAcc>1.776221</hAcc><vAcc>0.810237</vAcc></extensions></trkpt>
      <trkpt lon="35.022887" lat="32.726887"><ele>273.156095</ele><time>2025-04-17T08:16:09Z</time><extensions><speed>0.057974</speed><course>251.316272</course><hAcc>1.777687</hAcc><vAcc>0.810888</vAcc></extensions></trkpt>
      <trkpt lon="35.022886" lat="32.726886"><ele>273.178236</ele><time>2025-04-17T08:16:10Z</time><extensions><speed>0.110256</speed><course>207.086585</course><hAcc>1.782265</hAcc><vAcc>0.811461</vAcc></extensions></trkpt>
      <trkpt lon="35.022886" lat="32.726885"><ele>273.209754</ele><time>2025-04-17T08:16:11Z</time><extensions><speed>0.131203</speed><course>198.913344</course><hAcc>1.760245</hAcc><vAcc>0.811946</vAcc></extensions></trkpt>
      <trkpt lon="35.022886" lat="32.726884"><ele>273.245025</ele><time>2025-04-17T08:16:12Z</time><extensions><speed>0.117544</speed><course>190.909237</course><hAcc>1.751225</hAcc><vAcc>0.812327</vAcc></extensions></trkpt>
      <trkpt lon="35.022885" lat="32.726883"><ele>273.283505</ele><time>2025-04-17T08:16:13Z</time><extensions><speed>0.108120</speed><course>179.400511</course><hAcc>1.744876</hAcc><vAcc>0.812615</vAcc></extensions></trkpt>
      <trkpt lon="35.022886" lat="32.726882"><ele>273.324731</ele><time>2025-04-17T08:16:14Z</time><extensions><speed>0.113077</speed><course>166.216844</course><hAcc>1.737960</hAcc><vAcc>0.812800</vAcc></extensions></trkpt>
      <trkpt lon="35.022886" lat="32.726881"><ele>273.368248</ele><time>2025-04-17T08:16:15Z</time><extensions><speed>0.135731</speed><course>155.802879</course><hAcc>1.734469</hAcc><vAcc>0.812881</vAcc></extensions></trkpt>
      <trkpt lon="35.022887" lat="32.726880"><ele>273.413596</ele><time>2025-04-17T08:16:16Z</time><extensions><speed>0.168642</speed><course>149.970806</course><hAcc>1.738977</hAcc><vAcc>0.812872</vAcc></extensions></trkpt>
      <trkpt lon="35.022888" lat="32.726878"><ele>273.467839</ele><time>2025-04-17T08:16:17Z</time><extensions><speed>0.223539</speed><course>147.468238</course><hAcc>1.736778</hAcc><vAcc>0.813404</vAcc></extensions></trkpt>
      <trkpt lon="35.022889" lat="32.726876"><ele>273.528033</ele><time>2025-04-17T08:16:18Z</time><extensions><speed>0.278410</speed><course>148.335560</course><hAcc>1.732036</hAcc><vAcc>0.814919</vAcc></extensions></trkpt>
      <trkpt lon="35.022891" lat="32.726874"><ele>273.590183</ele><time>2025-04-17T08:16:19Z</time><extensions><speed>0.308502</speed><course>153.466108</course><hAcc>1.725665</hAcc><vAcc>0.817079</vAcc></extensions></trkpt>
      <trkpt lon="35.022892" lat="32.726872"><ele>273.654059</ele><time>2025-04-17T08:16:20Z</time><extensions><speed>0.272132</speed><course>160.503642</course><hAcc>1.739314</hAcc><vAcc>0.820589</vAcc></extensions></trkpt>
      <trkpt lon="35.022893" lat="32.726870"><ele>273.721205</ele><time>2025-04-17T08:16:21Z</time><extensions><speed>0.176391</speed><course>162.140094</course><hAcc>1.770401</hAcc><vAcc>0.824962</vAcc></extensions></trkpt>
      <trkpt lon="35.022894" lat="32.726869"><ele>273.791765</ele><time>2025-04-17T08:16:22Z</time><extensions><speed>0.134797</speed><course>150.572451</course><hAcc>1.763747</hAcc><vAcc>0.829276</vAcc></extensions></trkpt>
      <trkpt lon="35.022895" lat="32.726868"><ele>273.852275</ele><time>2025-04-17T08:16:23Z</time><extensions><speed>0.102332</speed><course>117.835120</course><hAcc>1.776457</hAcc><vAcc>0.835036</vAcc></extensions></trkpt>
      <trkpt lon="35.022896" lat="32.726868"><ele>273.902286</ele><time>2025-04-17T08:16:24Z</time><extensions><speed>0.124788</speed><course>79.657798</course><hAcc>1.820453</hAcc><vAcc>0.841298</vAcc></extensions></trkpt>
      <trkpt lon="35.022897" lat="32.726868"><ele>273.951361</ele><time>2025-04-17T08:16:25Z</time><extensions><speed>0.177406</speed><course>61.191954</course><hAcc>1.900290</hAcc><vAcc>0.848259</vAcc></extensions></trkpt>
      <trkpt lon="35.022898" lat="32.726869"><ele>273.992140</ele><time>2025-04-17T08:16:26Z</time><extensions><speed>0.212988</speed><course>54.316755</course><hAcc>2.029301</hAcc><vAcc>0.857087</vAcc></extensions></trkpt>
      <trkpt lon="35.022900" lat="32.726870"><ele>274.032196</ele><time>2025-04-17T08:16:27Z</time><extensions><speed>0.184689</speed><course>47.988980</course><hAcc>2.196197</hAcc><vAcc>0.867547</vAcc></extensions></trkpt>
      <trkpt lon="35.022901" lat="32.726870"><ele>274.062976</ele><time>2025-04-17T08:16:28Z</time><extensions><speed>0.163381</speed><course>39.446083</course><hAcc>2.300268</hAcc><vAcc>0.874268</vAcc></extensions></trkpt>
      <trkpt lon="35.022901" lat="32.726871"><ele>274.093350</ele><time>2025-04-17T08:16:29Z</time><extensions><speed>0.103962</speed><course>21.064155</course><hAcc>2.399741</hAcc><vAcc>0.883677</vAcc></extensions></trkpt>
      <trkpt lon="35.022901" lat="32.726872"><ele>274.116896</ele><time>2025-04-17T08:16:30Z</time><extensions><speed>0.138010</speed><course>359.825331</course><hAcc>2.434505</hAcc><vAcc>0.891527</vAcc></extensions></trkpt>
      <trkpt lon="35.022901" lat="32.726873"><ele>274.127415</ele><time>2025-04-17T08:16:31Z</time><extensions><speed>0.216733</speed><course>355.683011</course><hAcc>2.461876</hAcc><vAcc>0.898317</vAcc></extensions></trkpt>
      <trkpt lon="35.022900" lat="32.726875"><ele>274.130508</ele><time>2025-04-17T08:16:32Z</time><extensions><speed>0.256957</speed><course>352.993090</course><hAcc>2.502763</hAcc><vAcc>0.903449</vAcc></extensions></trkpt>
      <trkpt lon="35.022900" lat="32.726877"><ele>274.123158</ele><time>2025-04-17T08:16:33Z</time><extensions><speed>0.242388</speed><course>351.377916</course><hAcc>2.551497</hAcc><vAcc>0.907832</vAcc></extensions></trkpt>
      <trkpt lon="35.022899" lat="32.726878"><ele>274.115424</ele><time>2025-04-17T08:16:34Z</time><extensions><speed>0.184222</speed><course>300.468335</course><hAcc>2.580097</hAcc><vAcc>0.911806</vAcc></extensions></trkpt>
      <trkpt lon="35.022896" lat="32.726878"><ele>274.111137</ele><time>2025-04-17T08:16:35Z</time><extensions><speed>0.281121</speed><course>239.662890</course><hAcc>2.587616</hAcc><vAcc>0.914050</vAcc></extensions></trkpt>
      <trkpt lon="35.022893" lat="32.726876"><ele>274.099210</ele><time>2025-04-17T08:16:36Z</time><extensions><speed>0.356691</speed><course>232.907096</course><hAcc>2.589370</hAcc><vAcc>0.914830</vAcc></extensions></trkpt>
      <trkpt lon="35.022890" lat="32.726874"><ele>274.087703</ele><time>2025-04-17T08:16:37Z</time><extensions><speed>0.369070</speed><course>234.475403</course><hAcc>2.585927</hAcc><vAcc>0.913706</vAcc></extensions></trkpt>
      <trkpt lon="35.022887" lat="32.726872"><ele>274.079154</ele><time>2025-04-17T08:16:38Z</time><extensions><speed>0.358048</speed><course>234.300545</course><hAcc>2.578353</hAcc><vAcc>0.912028</vAcc></extensions></trkpt>
      <trkpt lon="35.022884" lat="32.726870"><ele>274.068249</ele><time>2025-04-17T08:16:38Z</time><extensions><speed>0.328083</speed><course>230.321739</course><hAcc>2.570166</hAcc><vAcc>0.909094</vAcc></extensions></trkpt>
      <trkpt lon="35.022882" lat="32.726867"><ele>274.052613</ele><time>2025-04-17T08:16:39Z</time><extensions><speed>0.303633</speed><course>217.944258</course><hAcc>2.564133</hAcc><vAcc>0.904950</vAcc></extensions></trkpt>
      <trkpt lon="35.022880" lat="32.726865"><ele>274.039032</ele><time>2025-04-17T08:16:40Z</time><extensions><speed>0.291032</speed><course>211.154644</course><hAcc>2.557803</hAcc><vAcc>0.899716</vAcc></extensions></trkpt>
      <trkpt lon="35.022878" lat="32.726862"><ele>274.025305</ele><time>2025-04-17T08:16:41Z</time><extensions><speed>0.281060</speed><course>207.560483</course><hAcc>2.550144</hAcc><vAcc>0.893045</vAcc></extensions></trkpt>
      <trkpt lon="35.022877" lat="32.726860"><ele>274.003793</ele><time>2025-04-17T08:16:42Z</time><extensions><speed>0.243071</speed><course>204.313677</course><hAcc>2.542295</hAcc><vAcc>0.887009</vAcc></extensions></trkpt>
      <trkpt lon="35.022876" lat="32.726858"><ele>273.985988</ele><time>2025-04-17T08:16:43Z</time><extensions><speed>0.238043</speed><course>201.896222</course><hAcc>2.540257</hAcc><vAcc>0.881232</vAcc></extensions></trkpt>
      <trkpt lon="35.022875" lat="32.726856"><ele>273.971492</ele><time>2025-04-17T08:16:44Z</time><extensions><speed>0.239345</speed><course>198.352803</course><hAcc>2.531132</hAcc><vAcc>0.874900</vAcc></extensions></trkpt>
      <trkpt lon="35.022874" lat="32.726854"><ele>273.957914</ele><time>2025-04-17T08:16:45Z</time><extensions><speed>0.215816</speed><course>191.733268</course><hAcc>2.516737</hAcc><vAcc>0.868791</vAcc></extensions></trkpt>
      <trkpt lon="35.022874" lat="32.726852"><ele>273.945152</ele><time>2025-04-17T08:16:46Z</time><extensions><speed>0.230637</speed><course>189.741420</course><hAcc>2.510212</hAcc><vAcc>0.863345</vAcc></extensions></trkpt>
      <trkpt lon="35.022873" lat="32.726849"><ele>273.939435</ele><time>2025-04-17T08:16:47Z</time><extensions><speed>0.257760</speed><course>191.408872</course><hAcc>2.515299</hAcc><vAcc>0.858543</vAcc></extensions></trkpt>
      <trkpt lon="35.022873" lat="32.726847"><ele>273.939417</ele><time>2025-04-17T08:16:48Z</time><extensions><speed>0.269285</speed><course>193.299532</course><hAcc>2.522123</hAcc><vAcc>0.854225</vAcc></extensions></trkpt>
      <trkpt lon="35.022872" lat="32.726845"><ele>273.942371</ele><time>2025-04-17T08:16:49Z</time><extensions><speed>0.242549</speed><course>192.683993</course><hAcc>2.509395</hAcc><vAcc>0.850400</vAcc></extensions></trkpt>
      <trkpt lon="35.022872" lat="32.726842"><ele>273.947777</ele><time>2025-04-17T08:16:50Z</time><extensions><speed>0.202182</speed><course>188.850201</course><hAcc>2.472649</hAcc><vAcc>0.846991</vAcc></extensions></trkpt>
      <trkpt lon="35.022871" lat="32.726841"><ele>273.955407</ele><time>2025-04-17T08:16:51Z</time><extensions><speed>0.151036</speed><course>182.165341</course><hAcc>2.438679</hAcc><vAcc>0.844113</vAcc></extensions></trkpt>
      <trkpt lon="35.022871" lat="32.726839"><ele>273.965463</ele><time>2025-04-17T08:16:52Z</time><extensions><speed>0.113403</speed><course>177.198712</course><hAcc>2.422973</hAcc><vAcc>0.841415</vAcc></extensions></trkpt>
      <trkpt lon="35.022871" lat="32.726838"><ele>273.977992</ele><time>2025-04-17T08:16:53Z</time><extensions><speed>0.092852</speed><course>175.353835</course><hAcc>2.422624</hAcc><vAcc>0.838426</vAcc></extensions></trkpt>
      <trkpt lon="35.022871" lat="32.726838"><ele>274.000669</ele><time>2025-04-17T08:16:54Z</time><extensions><speed>0.090190</speed><course>182.282921</course><hAcc>2.441162</hAcc><vAcc>0.835197</vAcc></extensions></trkpt>
      <trkpt lon="35.022871" lat="32.726837"><ele>274.030385</ele><time>2025-04-17T08:16:55Z</time><extensions><speed>0.092161</speed><course>184.312482</course><hAcc>2.447337</hAcc><vAcc>0.831482</vAcc></extensions></trkpt>
      <trkpt lon="35.022871" lat="32.726835"><ele>274.064484</ele><time>2025-04-17T08:16:56Z</time><extensions><speed>0.098233</speed><course>184.236463</course><hAcc>2.436861</hAcc><vAcc>0.827217</vAcc></extensions></trkpt>
      <trkpt lon="35.022871" lat="32.726834"><ele>274.101178</ele><time>2025-04-17T08:16:57Z</time><extensions><speed>0.125983</speed><course>183.094889</course><hAcc>2.394462</hAcc><vAcc>0.822318</vAcc></extensions></trkpt>
      <trkpt lon="35.022871" lat="32.726833"><ele>274.140033</ele><time>2025-04-17T08:16:58Z</time><extensions><speed>0.121143</speed><course>180.518199</course><hAcc>2.369843</hAcc><vAcc>0.817400</vAcc></extensions></trkpt>
      <trkpt lon="35.022871" lat="32.726832"><ele>274.179823</ele><time>2025-04-17T08:16:59Z</time><extensions><speed>0.116125</speed><course>185.141778</course><hAcc>2.370830</hAcc><vAcc>0.812238</vAcc></extensions></trkpt>
      <trkpt lon="35.022871" lat="32.726831"><ele>274.219114</ele><time>2025-04-17T08:17:00Z</time><extensions><speed>0.107033</speed><course>188.138214</course><hAcc>2.374374</hAcc><vAcc>0.806728</vAcc></extensions></trkpt>
      <trkpt lon="35.022870" lat="32.726830"><ele>274.259090</ele><time>2025-04-17T08:17:01Z</time><extensions><speed>0.095776</speed><course>189.309290</course><hAcc>2.380255</hAcc><vAcc>0.801059</vAcc></extensions></trkpt>
      <trkpt lon="35.022870" lat="32.726830"><ele>274.298990</ele><time>2025-04-17T08:17:02Z</time><extensions><speed>0.081056</speed><course>190.795379</course><hAcc>2.396089</hAcc><vAcc>0.795973</vAcc></extensions></trkpt>
      <trkpt lon="35.022870" lat="32.726829"><ele>274.338268</ele><time>2025-04-17T08:17:03Z</time><extensions><speed>0.060475</speed><course>194.004361</course><hAcc>2.410243</hAcc><vAcc>0.791830</vAcc></extensions></trkpt>
      <trkpt lon="35.022870" lat="32.726829"><ele>274.376166</ele><time>2025-04-17T08:17:04Z</time><extensions><speed>0.047331</speed><course>203.452782</course><hAcc>2.387220</hAcc><vAcc>0.788755</vAcc></extensions></trkpt>
      <trkpt lon="35.022870" lat="32.726828"><ele>274.411962</ele><time>2025-04-17T08:17:05Z</time><extensions><speed>0.030995</speed><course>235.499222</course><hAcc>2.380502</hAcc><vAcc>0.786917</vAcc></extensions></trkpt>
      <trkpt lon="35.022870" lat="32.726828"><ele>274.444830</ele><time>2025-04-17T08:17:06Z</time><extensions><speed>0.030415</speed><course>330.746723</course><hAcc>2.394850</hAcc><vAcc>0.785946</vAcc></extensions></trkpt>
      <trkpt lon="35.022870" lat="32.726829"><ele>274.474584</ele><time>2025-04-17T08:17:07Z</time><extensions><speed>0.079702</speed><course>10.527159</course><hAcc>2.408921</hAcc><vAcc>0.786136</vAcc></extensions></trkpt>
      <trkpt lon="35.022870" lat="32.726829"><ele>274.500865</ele><time>2025-04-17T08:17:08Z</time><extensions><speed>0.076735</speed><course>20.149048</course><hAcc>2.430586</hAcc><vAcc>0.786980</vAcc></extensions></trkpt>
      <trkpt lon="35.022870" lat="32.726830"><ele>274.524549</ele><time>2025-04-17T08:17:09Z</time><extensions><speed>0.057026</speed><course>21.875596</course><hAcc>2.445198</hAcc><vAcc>0.788374</vAcc></extensions></trkpt>
      <trkpt lon="35.022869" lat="32.726831"><ele>274.542763</ele><time>2025-04-17T08:17:10Z</time><extensions><speed>0.039964</speed><course>14.285669</course><hAcc>2.453238</hAcc><vAcc>0.789557</vAcc></extensions></trkpt>
      <trkpt lon="35.022869" lat="32.726832"><ele>274.551978</ele><time>2025-04-17T08:17:11Z</time><extensions><speed>0.041748</speed><course>348.610611</course><hAcc>2.460830</hAcc><vAcc>0.790785</vAcc></extensions></trkpt>
      <trkpt lon="35.022869" lat="32.726832"><ele>274.553451</ele><time>2025-04-17T08:17:12Z</time><extensions><speed>0.059586</speed><course>330.183601</course><hAcc>2.470457</hAcc><vAcc>0.791931</vAcc></extensions></trkpt>
      <trkpt lon="35.022868" lat="32.726833"><ele>274.548641</ele><time>2025-04-17T08:17:13Z</time><extensions><speed>0.086301</speed><course>322.115327</course><hAcc>2.475799</hAcc><vAcc>0.793160</vAcc></extensions></trkpt>
      <trkpt lon="35.022868" lat="32.726833"><ele>274.540148</ele><time>2025-04-17T08:17:14Z</time><extensions><speed>0.120939</speed><course>316.724432</course><hAcc>2.473797</hAcc><vAcc>0.794766</vAcc></extensions></trkpt>
      <trkpt lon="35.022867" lat="32.726834"><ele>274.520269</ele><time>2025-04-17T08:17:15Z</time><extensions><speed>0.163454</speed><course>313.665293</course><hAcc>2.468301</hAcc><vAcc>0.796537</vAcc></extensions></trkpt>
      <trkpt lon="35.022865" lat="32.726835"><ele>274.489515</ele><time>2025-04-17T08:17:16Z</time><extensions><speed>0.202195</speed><course>312.382314</course><hAcc>2.468783</hAcc><vAcc>0.798360</vAcc></extensions></trkpt>
      <trkpt lon="35.022864" lat="32.726836"><ele>274.465521</ele><time>2025-04-17T08:17:17Z</time><extensions><speed>0.238239</speed><course>311.902980</course><hAcc>2.469070</hAcc><vAcc>0.799953</vAcc></extensions></trkpt>
      <trkpt lon="35.022862" lat="32.726837"><ele>274.447625</ele><time>2025-04-17T08:17:18Z</time><extensions><speed>0.257370</speed><course>312.414391</course><hAcc>2.468300</hAcc><vAcc>0.800929</vAcc></extensions></trkpt>
      <trkpt lon="35.022860" lat="32.726839"><ele>274.434047</ele><time>2025-04-17T08:17:19Z</time><extensions><speed>0.231627</speed><course>314.345127</course><hAcc>2.464964</hAcc><vAcc>0.801907</vAcc></extensions></trkpt>
      <trkpt lon="35.022858" lat="32.726839"><ele>274.414101</ele><time>2025-04-17T08:17:20Z</time><extensions><speed>0.128955</speed><course>303.539710</course><hAcc>2.468944</hAcc><vAcc>0.802890</vAcc></extensions></trkpt>
      <trkpt lon="35.022858" lat="32.726839"><ele>274.389995</ele><time>2025-04-17T08:17:21Z</time><extensions><speed>0.033443</speed><course>242.568243</course><hAcc>2.466715</hAcc><vAcc>0.804205</vAcc></extensions></trkpt>
      <trkpt lon="35.022858" lat="32.726839"><ele>274.365833</ele><time>2025-04-17T08:17:22Z</time><extensions><speed>0.122060</speed><course>168.710080</course><hAcc>2.479331</hAcc><vAcc>0.805930</vAcc></extensions></trkpt>
      <trkpt lon="35.022858" lat="32.726837"><ele>274.347830</ele><time>2025-04-17T08:17:23Z</time><extensions><speed>0.203494</speed><course>161.203071</course><hAcc>2.503380</hAcc><vAcc>0.807914</vAcc></extensions></trkpt>
      <trkpt lon="35.022859" lat="32.726835"><ele>274.332677</ele><time>2025-04-17T08:17:24Z</time><extensions><speed>0.251152</speed><course>153.770210</course><hAcc>2.526691</hAcc><vAcc>0.809757</vAcc></extensions></trkpt>
      <trkpt lon="35.022861" lat="32.726833"><ele>274.322702</ele><time>2025-04-17T08:17:26Z</time><extensions><speed>0.288817</speed><course>142.953351</course><hAcc>2.539816</hAcc><vAcc>0.810365</vAcc></extensions></trkpt>
      <trkpt lon="35.022863" lat="32.726831"><ele>274.314349</ele><time>2025-04-17T08:17:27Z</time><extensions><speed>0.336951</speed><course>135.729016</course><hAcc>2.546686</hAcc><vAcc>0.809854</vAcc></extensions></trkpt>
      <trkpt lon="35.022866" lat="32.726829"><ele>274.309312</ele><time>2025-04-17T08:17:28Z</time><extensions><speed>0.376474</speed><course>126.890302</course><hAcc>2.558002</hAcc><vAcc>0.808671</vAcc></extensions></trkpt>
      <trkpt lon="35.022870" lat="32.726827"><ele>274.310041</ele><time>2025-04-17T08:17:29Z</time><extensions><speed>0.395072</speed><course>119.551408</course><hAcc>2.583079</hAcc><vAcc>0.807678</vAcc></extensions></trkpt>
      <trkpt lon="35.022874" lat="32.726825"><ele>274.312970</ele><time>2025-04-17T08:17:30Z</time><extensions><speed>0.443424</speed><course>104.735989</course><hAcc>2.609354</hAcc><vAcc>0.806907</vAcc></extensions></trkpt>
      <trkpt lon="35.022878" lat="32.726825"><ele>274.319787</ele><time>2025-04-17T08:17:31Z</time><extensions><speed>0.395029</speed><course>97.708789</course><hAcc>2.626442</hAcc><vAcc>0.806897</vAcc></extensions></trkpt>
      <trkpt lon="35.022882" lat="32.726825"><ele>274.328450</ele><time>2025-04-17T08:17:32Z</time><extensions><speed>0.304985</speed><course>85.343959</course><hAcc>2.640171</hAcc><vAcc>0.808574</vAcc></extensions></trkpt>
      <trkpt lon="35.022884" lat="32.726825"><ele>274.339503</ele><time>2025-04-17T08:17:33Z</time><extensions><speed>0.209295</speed><course>89.889759</course><hAcc>2.643790</hAcc><vAcc>0.812277</vAcc></extensions></trkpt>
      <trkpt lon="35.022886" lat="32.726826"><ele>274.351505</ele><time>2025-04-17T08:17:34Z</time><extensions><speed>0.149915</speed><course>90.867311</course><hAcc>2.645729</hAcc><vAcc>0.817603</vAcc></extensions></trkpt>
      <trkpt lon="35.022887" lat="32.726826"><ele>274.364688</ele><time>2025-04-17T08:17:35Z</time><extensions><speed>0.116456</speed><course>77.977775</course><hAcc>2.647557</hAcc><vAcc>0.824769</vAcc></extensions></trkpt>
      <trkpt lon="35.022888" lat="32.726827"><ele>274.380610</ele><time>2025-04-17T08:17:36Z</time><extensions><speed>0.104194</speed><course>51.015070</course><hAcc>2.657474</hAcc><vAcc>0.833434</vAcc></extensions></trkpt>
      <trkpt lon="35.022888" lat="32.726828"><ele>274.397191</ele><time>2025-04-17T08:17:37Z</time><extensions><speed>0.123516</speed><course>21.623776</course><hAcc>2.678771</hAcc><vAcc>0.843456</vAcc></extensions></trkpt>
      <trkpt lon="35.022888" lat="32.726829"><ele>274.414172</ele><time>2025-04-17T08:17:38Z</time><extensions><speed>0.176987</speed><course>4.943387</course><hAcc>2.686374</hAcc><vAcc>0.854345</vAcc></extensions></trkpt>
      <trkpt lon="35.022888" lat="32.726831"><ele>274.428345</ele><time>2025-04-17T08:17:39Z</time><extensions><speed>0.246569</speed><course>356.952186</course><hAcc>2.675926</hAcc><vAcc>0.866918</vAcc></extensions></trkpt>
      <trkpt lon="35.022887" lat="32.726834"><ele>274.442242</ele><time>2025-04-17T08:17:40Z</time><extensions><speed>0.302718</speed><course>349.895014</course><hAcc>2.662977</hAcc><vAcc>0.879994</vAcc></extensions></trkpt>
      <trkpt lon="35.022886" lat="32.726837"><ele>274.449719</ele><time>2025-04-17T08:17:41Z</time><extensions><speed>0.326969</speed><course>339.806352</course><hAcc>2.656757</hAcc><vAcc>0.892919</vAcc></extensions></trkpt>
      <trkpt lon="35.022883" lat="32.726840"><ele>274.447436</ele><time>2025-04-17T08:17:42Z</time><extensions><speed>0.342361</speed><course>328.483948</course><hAcc>2.649578</hAcc><vAcc>0.903727</vAcc></extensions></trkpt>
      <trkpt lon="35.022881" lat="32.726842"><ele>274.444927</ele><time>2025-04-17T08:17:43Z</time><extensions><speed>0.366535</speed><course>321.174981</course><hAcc>2.631810</hAcc><vAcc>0.911115</vAcc></extensions></trkpt>
      <trkpt lon="35.022878" lat="32.726844"><ele>274.432952</ele><time>2025-04-17T08:17:44Z</time><extensions><speed>0.380849</speed><course>316.182487</course><hAcc>2.607451</hAcc><vAcc>0.917947</vAcc></extensions></trkpt>
      <trkpt lon="35.022875" lat="32.726846"><ele>274.412261</ele><time>2025-04-17T08:17:45Z</time><extensions><speed>0.366681</speed><course>309.855146</course><hAcc>2.591103</hAcc><vAcc>0.921144</vAcc></extensions></trkpt>
      <trkpt lon="35.022872" lat="32.726848"><ele>274.386079</ele><time>2025-04-17T08:17:46Z</time><extensions><speed>0.322938</speed><course>303.158756</course><hAcc>2.593846</hAcc><vAcc>0.923943</vAcc></extensions></trkpt>
      <trkpt lon="35.022870" lat="32.726849"><ele>274.359893</ele><time>2025-04-17T08:17:47Z</time><extensions><speed>0.252100</speed><course>292.880646</course><hAcc>2.612526</hAcc><vAcc>0.925577</vAcc></extensions></trkpt>
      <trkpt lon="35.022867" lat="32.726850"><ele>274.333816</ele><time>2025-04-17T08:17:48Z</time><extensions><speed>0.226058</speed><course>282.927504</course><hAcc>2.606948</hAcc><vAcc>0.926307</vAcc></extensions></trkpt>
      <trkpt lon="35.022865" lat="32.726850"><ele>274.313129</ele><time>2025-04-17T08:17:49Z</time><extensions><speed>0.223197</speed><course>276.719047</course><hAcc>2.578273</hAcc><vAcc>0.926014</vAcc></extensions></trkpt>
      <trkpt lon="35.022863" lat="32.726850"><ele>274.299261</ele><time>2025-04-17T08:17:50Z</time><extensions><speed>0.191941</speed><course>266.837354</course><hAcc>2.566884</hAcc><vAcc>0.924871</vAcc></extensions></trkpt>
      <trkpt lon="35.022861" lat="32.726850"><ele>274.287056</ele><time>2025-04-17T08:17:51Z</time><extensions><speed>0.161696</speed><course>249.383203</course><hAcc>2.570553</hAcc><vAcc>0.923571</vAcc></extensions></trkpt>
      <trkpt lon="35.022860" lat="32.726849"><ele>274.275580</ele><time>2025-04-17T08:17:52Z</time><extensions><speed>0.125581</speed><course>223.856202</course><hAcc>2.577779</hAcc><vAcc>0.922898</vAcc></extensions></trkpt>
      <trkpt lon="35.022859" lat="32.726848"><ele>274.265514</ele><time>2025-04-17T08:17:53Z</time><extensions><speed>0.100344</speed><course>182.958996</course><hAcc>2.584883</hAcc><vAcc>0.922425</vAcc></extensions></trkpt>
      <trkpt lon="35.022860" lat="32.726848"><ele>274.252599</ele><time>2025-04-17T08:17:54Z</time><extensions><speed>0.117155</speed><course>132.039277</course><hAcc>2.596425</hAcc><vAcc>0.922918</vAcc></extensions></trkpt>
      <trkpt lon="35.022862" lat="32.726847"><ele>274.246231</ele><time>2025-04-17T08:17:55Z</time><extensions><speed>0.172165</speed><course>104.792165</course><hAcc>2.606014</hAcc><vAcc>0.924572</vAcc></extensions></trkpt>
      <trkpt lon="35.022865" lat="32.726846"><ele>274.238505</ele><time>2025-04-17T08:17:56Z</time><extensions><speed>0.222611</speed><course>89.844760</course><hAcc>2.620251</hAcc><vAcc>0.927876</vAcc></extensions></trkpt>
      <trkpt lon="35.022867" lat="32.726846"><ele>274.230739</ele><time>2025-04-17T08:17:57Z</time><extensions><speed>0.226373</speed><course>84.979448</course><hAcc>2.637909</hAcc><vAcc>0.933665</vAcc></extensions></trkpt>
      <trkpt lon="35.022870" lat="32.726846"><ele>274.220054</ele><time>2025-04-17T08:17:58Z</time><extensions><speed>0.252440</speed><course>80.113127</course><hAcc>2.652597</hAcc><vAcc>0.940704</vAcc></extensions></trkpt>
      <trkpt lon="35.022872" lat="32.726846"><ele>274.210673</ele><time>2025-04-17T08:17:59Z</time><extensions><speed>0.246795</speed><course>82.782673</course><hAcc>2.671581</hAcc><vAcc>0.947150</vAcc></extensions></trkpt>
      <trkpt lon="35.022875" lat="32.726846"><ele>274.203151</ele><time>2025-04-17T08:18:00Z</time><extensions><speed>0.274214</speed><course>83.778580</course><hAcc>2.690328</hAcc><vAcc>0.955218</vAcc></extensions></trkpt>
      <trkpt lon="35.022877" lat="32.726846"><ele>274.197043</ele><time>2025-04-17T08:18:01Z</time><extensions><speed>0.237287</speed><course>98.803864</course><hAcc>2.706194</hAcc><vAcc>0.963781</vAcc></extensions></trkpt>
      <trkpt lon="35.022879" lat="32.726845"><ele>274.193509</ele><time>2025-04-17T08:18:02Z</time><extensions><speed>0.243333</speed><course>107.389083</course><hAcc>2.718331</hAcc><vAcc>0.970604</vAcc></extensions></trkpt>
      <trkpt lon="35.022881" lat="32.726844"><ele>274.187433</ele><time>2025-04-17T08:18:03Z</time><extensions><speed>0.215850</speed><course>125.058235</course><hAcc>2.739897</hAcc><vAcc>0.975853</vAcc></extensions></trkpt>
      <trkpt lon="35.022882" lat="32.726843"><ele>274.189589</ele><time>2025-04-17T08:18:04Z</time><extensions><speed>0.201680</speed><course>137.488229</course><hAcc>2.758629</hAcc><vAcc>0.980707</vAcc></extensions></trkpt>
      <trkpt lon="35.022883" lat="32.726841"><ele>274.188621</ele><time>2025-04-17T08:18:05Z</time><extensions><speed>0.179802</speed><course>147.903254</course><hAcc>2.772584</hAcc><vAcc>0.985138</vAcc></extensions></trkpt>
      <trkpt lon="35.022884" lat="32.726840"><ele>274.184770</ele><time>2025-04-17T08:18:06Z</time><extensions><speed>0.155459</speed><course>167.109093</course><hAcc>2.786921</hAcc><vAcc>0.989044</vAcc></extensions></trkpt>
      <trkpt lon="35.022884" lat="32.726838"><ele>274.179390</ele><time>2025-04-17T08:18:07Z</time><extensions><speed>0.132604</speed><course>183.946212</course><hAcc>2.804687</hAcc><vAcc>0.991271</vAcc></extensions></trkpt>
      <trkpt lon="35.022884" lat="32.726837"><ele>274.173668</ele><time>2025-04-17T08:18:08Z</time><extensions><speed>0.140491</speed><course>205.482572</course><hAcc>2.829511</hAcc><vAcc>0.991282</vAcc></extensions></trkpt>
      <trkpt lon="35.022883" lat="32.726836"><ele>274.167271</ele><time>2025-04-17T08:18:09Z</time><extensions><speed>0.153819</speed><course>217.239674</course><hAcc>2.850106</hAcc><vAcc>0.990114</vAcc></extensions></trkpt>
      <trkpt lon="35.022882" lat="32.726835"><ele>274.164352</ele><time>2025-04-17T08:18:10Z</time><extensions><speed>0.143036</speed><course>221.055865</course><hAcc>2.864385</hAcc><vAcc>0.987512</vAcc></extensions></trkpt>
      <trkpt lon="35.022881" lat="32.726833"><ele>274.176680</ele><time>2025-04-17T08:18:11Z</time><extensions><speed>0.118894</speed><course>218.694675</course><hAcc>2.871814</hAcc><vAcc>0.985235</vAcc></extensions></trkpt>
      <trkpt lon="35.022880" lat="32.726833"><ele>274.190639</ele><time>2025-04-17T08:18:12Z</time><extensions><speed>0.089326</speed><course>208.045070</course><hAcc>2.875315</hAcc><vAcc>0.983076</vAcc></extensions></trkpt>
      <trkpt lon="35.022879" lat="32.726832"><ele>274.207171</ele><time>2025-04-17T08:18:12Z</time><extensions><speed>0.068152</speed><course>186.165493</course><hAcc>2.880930</hAcc><vAcc>0.981242</vAcc></extensions></trkpt>
      <trkpt lon="35.022879" lat="32.726831"><ele>274.232193</ele><time>2025-04-17T08:18:13Z</time><extensions><speed>0.057682</speed><course>140.376635</course><hAcc>2.884396</hAcc><vAcc>0.978410</vAcc></extensions></trkpt>
      <trkpt lon="35.022879" lat="32.726831"><ele>274.263234</ele><time>2025-04-17T08:18:14Z</time><extensions><speed>0.059176</speed><course>122.788066</course><hAcc>2.887208</hAcc><vAcc>0.972950</vAcc></extensions></trkpt>
      <trkpt lon="35.022880" lat="32.726831"><ele>274.297718</ele><time>2025-04-17T08:18:15Z</time><extensions><speed>0.044762</speed><course>119.180731</course><hAcc>2.891168</hAcc><vAcc>0.966093</vAcc></extensions></trkpt>
      <trkpt lon="35.022880" lat="32.726831"><ele>274.337831</ele><time>2025-04-17T08:18:16Z</time><extensions><speed>0.025114</speed><course>167.078245</course><hAcc>2.894773</hAcc><vAcc>0.955993</vAcc></extensions></trkpt>
      <trkpt lon="35.022879" lat="32.726831"><ele>274.374499</ele><time>2025-04-17T08:18:17Z</time><extensions><speed>0.034414</speed><course>239.444974</course><hAcc>2.897687</hAcc><vAcc>0.949117</vAcc></extensions></trkpt>
      <trkpt lon="35.022879" lat="32.726831"><ele>274.406923</ele><time>2025-04-17T08:18:18Z</time><extensions><speed>0.068784</speed><course>269.314660</course><hAcc>2.903213</hAcc><vAcc>0.942559</vAcc></extensions></trkpt>
      <trkpt lon="35.022878" lat="32.726831"><ele>274.440344</ele><time>2025-04-17T08:18:19Z</time><extensions><speed>0.093421</speed><course>290.778966</course><hAcc>2.904782</hAcc><vAcc>0.935490</vAcc></extensions></trkpt>
      <trkpt lon="35.022877" lat="32.726832"><ele>274.462558</ele><time>2025-04-17T08:18:20Z</time><extensions><speed>0.111609</speed><course>310.820001</course><hAcc>2.909835</hAcc><vAcc>0.928469</vAcc></extensions></trkpt>
      <trkpt lon="35.022876" lat="32.726833"><ele>274.481480</ele><time>2025-04-17T08:18:21Z</time><extensions><speed>0.130458</speed><course>316.134184</course><hAcc>2.915312</hAcc><vAcc>0.922056</vAcc></extensions></trkpt>
      <trkpt lon="35.022876" lat="32.726834"><ele>274.497211</ele><time>2025-04-17T08:18:22Z</time><extensions><speed>0.143829</speed><course>328.721825</course><hAcc>2.912432</hAcc><vAcc>0.915989</vAcc></extensions></trkpt>
      <trkpt lon="35.022875" lat="32.726836"><ele>274.510384</ele><time>2025-04-17T08:18:23Z</time><extensions><speed>0.187206</speed><course>353.989462</course><hAcc>2.899136</hAcc><vAcc>0.908798</vAcc></extensions></trkpt>
      <trkpt lon="35.022876" lat="32.726837"><ele>274.519685</ele><time>2025-04-17T08:18:24Z</time><extensions><speed>0.217189</speed><course>6.259801</course><hAcc>2.890113</hAcc><vAcc>0.901765</vAcc></extensions></trkpt>
      <trkpt lon="35.022876" lat="32.726840"><ele>274.525928</ele><time>2025-04-17T08:18:25Z</time><extensions><speed>0.282934</speed><course>18.034187</course><hAcc>2.884428</hAcc><vAcc>0.895502</vAcc></extensions></trkpt>
      <trkpt lon="35.022877" lat="32.726843"><ele>274.533132</ele><time>2025-04-17T08:18:26Z</time><extensions><speed>0.325604</speed><course>22.545763</course><hAcc>2.897952</hAcc><vAcc>0.891341</vAcc></extensions></trkpt>
      <trkpt lon="35.022879" lat="32.726846"><ele>274.530570</ele><time>2025-04-17T08:18:27Z</time><extensions><speed>0.296023</speed><course>23.819750</course><hAcc>2.927014</hAcc><vAcc>0.888698</vAcc></extensions></trkpt>
      <trkpt lon="35.022880" lat="32.726848"><ele>274.516676</ele><time>2025-04-17T08:18:28Z</time><extensions><speed>0.381903</speed><course>28.507345</course><hAcc>2.924060</hAcc><vAcc>0.887864</vAcc></extensions></trkpt>
      <trkpt lon="35.022882" lat="32.726851"><ele>274.489355</ele><time>2025-04-17T08:18:29Z</time><extensions><speed>0.480699</speed><course>30.884477</course><hAcc>2.915487</hAcc><vAcc>0.887459</vAcc></extensions></trkpt>
      <trkpt lon="35.022885" lat="32.726854"><ele>274.454755</ele><time>2025-04-17T08:18:30Z</time><extensions><speed>0.408625</speed><course>32.869996</course><hAcc>2.910575</hAcc><vAcc>0.889095</vAcc></extensions></trkpt>
      <trkpt lon="35.022887" lat="32.726857"><ele>274.421478</ele><time>2025-04-17T08:18:31Z</time><extensions><speed>0.310199</speed><course>35.932375</course><hAcc>2.903156</hAcc><vAcc>0.892632</vAcc></extensions></trkpt>
      <trkpt lon="35.022888" lat="32.726858"><ele>274.383126</ele><time>2025-04-17T08:18:32Z</time><extensions><speed>0.211096</speed><course>39.020194</course><hAcc>2.889315</hAcc><vAcc>0.896999</vAcc></extensions></trkpt>
      <trkpt lon="35.022889" lat="32.726858"><ele>274.322670</ele><time>2025-04-17T08:18:33Z</time><extensions><speed>0.141947</speed><course>37.624673</course><hAcc>2.872166</hAcc><vAcc>0.902784</vAcc></extensions></trkpt>
      <trkpt lon="35.022890" lat="32.726858"><ele>274.237807</ele><time>2025-04-17T08:18:34Z</time><extensions><speed>0.094217</speed><course>33.308165</course><hAcc>2.855784</hAcc><vAcc>0.909725</vAcc></extensions></trkpt>
      <trkpt lon="35.022890" lat="32.726858"><ele>274.157059</ele><time>2025-04-17T08:18:35Z</time><extensions><speed>0.085229</speed><course>31.674276</course><hAcc>2.834789</hAcc><vAcc>0.917218</vAcc></extensions></trkpt>
      <trkpt lon="35.022890" lat="32.726858"><ele>274.084308</ele><time>2025-04-17T08:18:36Z</time><extensions><speed>0.046790</speed><course>54.710067</course><hAcc>2.808557</hAcc><vAcc>0.922516</vAcc></extensions></trkpt>
      <trkpt lon="35.022890" lat="32.726857"><ele>274.009108</ele><time>2025-04-17T08:18:37Z</time><extensions><speed>0.079606</speed><course>173.420883</course><hAcc>2.772169</hAcc><vAcc>0.924169</vAcc></extensions></trkpt>
      <trkpt lon="35.022890" lat="32.726855"><ele>273.933399</ele><time>2025-04-17T08:18:38Z</time><extensions><speed>0.129452</speed><course>181.279198</course><hAcc>2.723242</hAcc><vAcc>0.923152</vAcc></extensions></trkpt>
      <trkpt lon="35.022890" lat="32.726853"><ele>273.858042</ele><time>2025-04-17T08:18:39Z</time><extensions><speed>0.121077</speed><course>181.607749</course><hAcc>2.672227</hAcc><vAcc>0.921067</vAcc></extensions></trkpt>
      <trkpt lon="35.022890" lat="32.726852"><ele>273.783503</ele><time>2025-04-17T08:18:40Z</time><extensions><speed>0.025880</speed><course>59.672534</course><hAcc>2.629372</hAcc><vAcc>0.918113</vAcc></extensions></trkpt>
      <trkpt lon="35.022890" lat="32.726852"><ele>273.740742</ele><time>2025-04-17T08:18:41Z</time><extensions><speed>0.145915</speed><course>22.121504</course><hAcc>2.586920</hAcc><vAcc>0.913747</vAcc></extensions></trkpt>
      <trkpt lon="35.022891" lat="32.726854"><ele>273.702723</ele><time>2025-04-17T08:18:42Z</time><extensions><speed>0.590546</speed><course>16.966032</course><hAcc>2.553017</hAcc><vAcc>0.907531</vAcc></extensions></trkpt>
      <trkpt lon="35.022893" lat="32.726859"><ele>273.669014</ele><time>2025-04-17T08:18:43Z</time><extensions><speed>0.606092</speed><course>18.724154</course><hAcc>2.497757</hAcc><vAcc>0.899189</vAcc></extensions></trkpt>
      <trkpt lon="35.022894" lat="32.726861"><ele>273.641625</ele><time>2025-04-17T08:18:44Z</time><extensions><speed>0.171219</speed><course>24.331250</course><hAcc>2.419837</hAcc><vAcc>0.888648</vAcc></extensions></trkpt>
      <trkpt lon="35.022894" lat="32.726861"><ele>273.634726</ele><time>2025-04-17T08:18:45Z</time><extensions><speed>0.127993</speed><course>190.912658</course><hAcc>2.371986</hAcc><vAcc>0.876083</vAcc></extensions></trkpt>
      <trkpt lon="35.022893" lat="32.726859"><ele>273.641766</ele><time>2025-04-17T08:18:46Z</time><extensions><speed>0.163945</speed><course>194.138602</course><hAcc>2.379052</hAcc><vAcc>0.861953</vAcc></extensions></trkpt>
      <trkpt lon="35.022893" lat="32.726857"><ele>273.662152</ele><time>2025-04-17T08:18:47Z</time><extensions><speed>0.150023</speed><course>194.120673</course><hAcc>2.371797</hAcc><vAcc>0.846968</vAcc></extensions></trkpt>
      <trkpt lon="35.022893" lat="32.726855"><ele>273.694448</ele><time>2025-04-17T08:18:48Z</time><extensions><speed>0.134046</speed><course>193.705398</course><hAcc>2.356391</hAcc><vAcc>0.831966</vAcc></extensions></trkpt>
      <trkpt lon="35.022892" lat="32.726853"><ele>273.738079</ele><time>2025-04-17T08:18:49Z</time><extensions><speed>0.179387</speed><course>192.996078</course><hAcc>2.324113</hAcc><vAcc>0.817731</vAcc></extensions></trkpt>
      <trkpt lon="35.022892" lat="32.726851"><ele>273.792003</ele><time>2025-04-17T08:18:50Z</time><extensions><speed>0.250062</speed><course>192.099985</course><hAcc>2.285226</hAcc><vAcc>0.804852</vAcc></extensions></trkpt>
      <trkpt lon="35.022891" lat="32.726848"><ele>273.854545</ele><time>2025-04-17T08:18:51Z</time><extensions><speed>0.320413</speed><course>190.979065</course><hAcc>2.266417</hAcc><vAcc>0.793679</vAcc></extensions></trkpt>
      <trkpt lon="35.022891" lat="32.726845"><ele>273.923581</ele><time>2025-04-17T08:18:52Z</time><extensions><speed>0.207900</speed><course>188.762300</course><hAcc>2.314468</hAcc><vAcc>0.784341</vAcc></extensions></trkpt>
      <trkpt lon="35.022891" lat="32.726843"><ele>273.996935</ele><time>2025-04-17T08:18:53Z</time><extensions><speed>0.211093</speed><course>185.559750</course><hAcc>2.315986</hAcc><vAcc>0.776804</vAcc></extensions></trkpt>
      <trkpt lon="35.022891" lat="32.726841"><ele>274.072553</ele><time>2025-04-17T08:18:54Z</time><extensions><speed>0.209048</speed><course>181.860351</course><hAcc>2.301194</hAcc><vAcc>0.770915</vAcc></extensions></trkpt>
      <trkpt lon="35.022891" lat="32.726839"><ele>274.148435</ele><time>2025-04-17T08:18:55Z</time><extensions><speed>0.237105</speed><course>177.899852</course><hAcc>2.282481</hAcc><vAcc>0.766461</vAcc></extensions></trkpt>
      <trkpt lon="35.022891" lat="32.726837"><ele>274.223942</ele><time>2025-04-17T08:18:56Z</time><extensions><speed>0.142737</speed><course>173.534470</course><hAcc>2.339491</hAcc><vAcc>0.768122</vAcc></extensions></trkpt>
      <trkpt lon="35.022891" lat="32.726836"><ele>274.298295</ele><time>2025-04-17T08:18:57Z</time><extensions><speed>0.131630</speed><course>169.413874</course><hAcc>2.363252</hAcc><vAcc>0.774421</vAcc></extensions></trkpt>
      <trkpt lon="35.022891" lat="32.726835"><ele>274.370529</ele><time>2025-04-17T08:18:58Z</time><extensions><speed>0.101972</speed><course>167.969636</course><hAcc>2.402994</hAcc><vAcc>0.787345</vAcc></extensions></trkpt>
      <trkpt lon="35.022892" lat="32.726834"><ele>274.440099</ele><time>2025-04-17T08:18:59Z</time><extensions><speed>0.075830</speed><course>167.333271</course><hAcc>2.453099</hAcc><vAcc>0.809611</vAcc></extensions></trkpt>
      <trkpt lon="35.022892" lat="32.726834"><ele>274.506826</ele><time>2025-04-17T08:19:00Z</time><extensions><speed>0.061176</speed><course>167.064171</course><hAcc>2.507007</hAcc><vAcc>0.844578</vAcc></extensions></trkpt>
      <trkpt lon="35.022892" lat="32.726833"><ele>274.570821</ele><time>2025-04-17T08:19:01Z</time><extensions><speed>0.046732</speed><course>166.959984</course><hAcc>2.576153</hAcc><vAcc>0.895972</vAcc></extensions></trkpt>
      <trkpt lon="35.022892" lat="32.726833"><ele>274.632412</ele><time>2025-04-17T08:19:02Z</time><extensions><speed>0.035210</speed><course>166.919293</course><hAcc>2.660386</hAcc><vAcc>0.967440</vAcc></extensions></trkpt>
      <trkpt lon="35.022892" lat="32.726833"><ele>274.692075</ele><time>2025-04-17T08:19:03Z</time><extensions><speed>0.024489</speed><course>166.903780</course><hAcc>2.765249</hAcc><vAcc>1.062059</vAcc></extensions></trkpt>
      <trkpt lon="35.022892" lat="32.726832"><ele>274.750366</ele><time>2025-04-17T08:19:04Z</time><extensions><speed>0.014159</speed><course>166.897767</course><hAcc>2.890648</hAcc><vAcc>1.181965</vAcc></extensions></trkpt>
      <trkpt lon="35.022892" lat="32.726832"><ele>274.807865</ele><time>2025-04-17T08:19:05Z</time><extensions><speed>0.006789</speed><course>166.895746</course><hAcc>3.037096</hAcc><vAcc>1.328193</vAcc></extensions></trkpt>
    </trkseg>
  </trk>
</gpx>