<?xml version="1.0" encoding="UTF-8"?>
<gpx version="1.1" creator="Apple Health Export" xmlns="http://www.topografix.com/GPX/1/1" xmlns:xsi="http://www.w3.org/2001/XMLSchema-instance" xsi:schemaLocation="http://www.topografix.com/GPX/1/1 http://www.topografix.com/GPX/1/1/gpx.xsd">
  <metadata>
    <time>2026-06-04T15:24:56Z</time>
  </metadata>
  <trk>
    <name>Route 2026-04-23 9:16am</name>
    <trkseg>
      <trkpt lon="34.992745" lat="31.907613"><ele>218.636402</ele><time>2026-04-23T05:26:33Z</time><extensions><speed>1.188393</speed><course>40.587583</course><hAcc>2.702943</hAcc><vAcc>1.438853</vAcc></extensions></trkpt>
      <trkpt lon="34.992760" lat="31.907623"><ele>218.686447</ele><time>2026-04-23T05:26:34Z</time><extensions><speed>2.070122</speed><course>49.191504</course><hAcc>2.529347</hAcc><vAcc>1.252935</vAcc></extensions></trkpt>
      <trkpt lon="34.992775" lat="31.907634"><ele>218.666705</ele><time>2026-04-23T05:26:35Z</time><extensions><speed>1.689769</speed><course>46.847882</course><hAcc>2.377217</hAcc><vAcc>1.108322</vAcc></extensions></trkpt>
      <trkpt lon="34.992790" lat="31.907644"><ele>218.731375</ele><time>2026-04-23T05:26:36Z</time><extensions><speed>1.682457</speed><course>47.441785</course><hAcc>2.216293</hAcc><vAcc>0.999390</vAcc></extensions></trkpt>
      <trkpt lon="34.992805" lat="31.907655"><ele>218.769322</ele><time>2026-04-23T05:26:37Z</time><extensions><speed>1.946699</speed><course>47.727696</course><hAcc>2.035691</hAcc><vAcc>0.920168</vAcc></extensions></trkpt>
      <trkpt lon="34.992823" lat="31.907666"><ele>218.770854</ele><time>2026-04-23T05:26:38Z</time><extensions><speed>2.147101</speed><course>51.402453</course><hAcc>1.910816</hAcc><vAcc>0.864153</vAcc></extensions></trkpt>
      <trkpt lon="34.992845" lat="31.907679"><ele>218.803542</ele><time>2026-04-23T05:26:39Z</time><extensions><speed>2.663519</speed><course>58.325972</course><hAcc>1.837186</hAcc><vAcc>0.826586</vAcc></extensions></trkpt>
      <trkpt lon="34.992870" lat="31.907691"><ele>218.822523</ele><time>2026-04-23T05:26:40Z</time><extensions><speed>2.808623</speed><course>60.111707</course><hAcc>1.791335</hAcc><vAcc>0.802633</vAcc></extensions></trkpt>
      <trkpt lon="34.992895" lat="31.907702"><ele>218.870166</ele><time>2026-04-23T05:26:41Z</time><extensions><speed>2.805496</speed><course>64.419961</course><hAcc>1.772821</hAcc><vAcc>0.787933</vAcc></extensions></trkpt>
      <trkpt lon="34.992922" lat="31.907713"><ele>218.871390</ele><time>2026-04-23T05:26:42Z</time><extensions><speed>2.913420</speed><course>66.854644</course><hAcc>1.756484</hAcc><vAcc>0.779170</vAcc></extensions></trkpt>
      <trkpt lon="34.992949" lat="31.907725"><ele>218.842348</ele><time>2026-04-23T05:26:43Z</time><extensions><speed>2.756846</speed><course>61.056908</course><hAcc>1.802457</hAcc><vAcc>0.774103</vAcc></extensions></trkpt>
      <trkpt lon="34.992977" lat="31.907737"><ele>218.804391</ele><time>2026-04-23T05:26:44Z</time><extensions><speed>2.762599</speed><course>58.924751</course><hAcc>1.833778</hAcc><vAcc>0.771185</vAcc></extensions></trkpt>
      <trkpt lon="34.993003" lat="31.907750"><ele>218.804251</ele><time>2026-04-23T05:26:45Z</time><extensions><speed>2.764526</speed><course>60.803805</course><hAcc>1.824770</hAcc><vAcc>0.769372</vAcc></extensions></trkpt>
      <trkpt lon="34.993029" lat="31.907762"><ele>218.768564</ele><time>2026-04-23T05:26:46Z</time><extensions><speed>2.800317</speed><course>63.272738</course><hAcc>1.832264</hAcc><vAcc>0.768051</vAcc></extensions></trkpt>
      <trkpt lon="34.993057" lat="31.907774"><ele>218.758328</ele><time>2026-04-23T05:26:47Z</time><extensions><speed>2.919703</speed><course>64.471723</course><hAcc>1.818553</hAcc><vAcc>0.766930</vAcc></extensions></trkpt>
      <trkpt lon="34.993088" lat="31.907786"><ele>218.719030</ele><time>2026-04-23T05:26:48Z</time><extensions><speed>3.309552</speed><course>66.630189</course><hAcc>1.792372</hAcc><vAcc>0.765841</vAcc></extensions></trkpt>
      <trkpt lon="34.993118" lat="31.907799"><ele>218.672360</ele><time>2026-04-23T05:26:49Z</time><extensions><speed>3.273066</speed><course>61.578806</course><hAcc>1.759951</hAcc><vAcc>0.764741</vAcc></extensions></trkpt>
      <trkpt lon="34.993144" lat="31.907814"><ele>218.619945</ele><time>2026-04-23T05:26:50Z</time><extensions><speed>2.879464</speed><course>59.829568</course><hAcc>1.724892</hAcc><vAcc>0.762793</vAcc></extensions></trkpt>
      <trkpt lon="34.993168" lat="31.907827"><ele>218.550719</ele><time>2026-04-23T05:26:51Z</time><extensions><speed>2.566904</speed><course>60.163775</course><hAcc>1.706573</hAcc><vAcc>0.760709</vAcc></extensions></trkpt>
      <trkpt lon="34.993190" lat="31.907838"><ele>218.474878</ele><time>2026-04-23T05:26:52Z</time><extensions><speed>2.523114</speed><course>58.910074</course><hAcc>1.662015</hAcc><vAcc>0.758548</vAcc></extensions></trkpt>
      <trkpt lon="34.993213" lat="31.907852"><ele>218.417206</ele><time>2026-04-23T05:26:53Z</time><extensions><speed>2.769708</speed><course>55.129503</course><hAcc>1.619729</hAcc><vAcc>0.756356</vAcc></extensions></trkpt>
      <trkpt lon="34.993237" lat="31.907866"><ele>218.342147</ele><time>2026-04-23T05:26:54Z</time><extensions><speed>2.766159</speed><course>55.677199</course><hAcc>1.624274</hAcc><vAcc>0.754140</vAcc></extensions></trkpt>
      <trkpt lon="34.993260" lat="31.907881"><ele>218.256858</ele><time>2026-04-23T05:26:55Z</time><extensions><speed>2.749674</speed><course>50.288000</course><hAcc>1.605595</hAcc><vAcc>0.751897</vAcc></extensions></trkpt>
      <trkpt lon="34.993281" lat="31.907897"><ele>218.165707</ele><time>2026-04-23T05:26:56Z</time><extensions><speed>2.736136</speed><course>46.328682</course><hAcc>1.600126</hAcc><vAcc>0.749649</vAcc></extensions></trkpt>
      <trkpt lon="34.993302" lat="31.907914"><ele>218.076810</ele><time>2026-04-23T05:26:57Z</time><extensions><speed>2.690086</speed><course>46.988167</course><hAcc>1.603111</hAcc><vAcc>0.747417</vAcc></extensions></trkpt>
      <trkpt lon="34.993322" lat="31.907930"><ele>217.991485</ele><time>2026-04-23T05:26:58Z</time><extensions><speed>2.519500</speed><course>45.395660</course><hAcc>1.564394</hAcc><vAcc>0.745119</vAcc></extensions></trkpt>
      <trkpt lon="34.993340" lat="31.907946"><ele>217.907448</ele><time>2026-04-23T05:26:59Z</time><extensions><speed>2.336416</speed><course>47.245826</course><hAcc>1.462589</hAcc><vAcc>0.742485</vAcc></extensions></trkpt>
      <trkpt lon="34.993348" lat="31.907952"><ele>217.862051</ele><time>2026-04-23T05:27:00Z</time><extensions><speed>2.298210</speed><course>48.053995</course><hAcc>1.433294</hAcc><vAcc>0.740010</vAcc></extensions></trkpt>
      <trkpt lon="34.993366" lat="31.907965"><ele>217.745876</ele><time>2026-04-23T05:27:01Z</time><extensions><speed>2.121696</speed><course>50.628649</course><hAcc>1.414988</hAcc><vAcc>0.742557</vAcc></extensions></trkpt>
      <trkpt lon="34.993383" lat="31.907976"><ele>217.628782</ele><time>2026-04-23T05:27:02Z</time><extensions><speed>2.037112</speed><course>55.741897</course><hAcc>1.415238</hAcc><vAcc>0.744882</vAcc></extensions></trkpt>
      <trkpt lon="34.993402" lat="31.907986"><ele>217.502663</ele><time>2026-04-23T05:27:03Z</time><extensions><speed>2.115637</speed><course>62.797919</course><hAcc>1.425305</hAcc><vAcc>0.747005</vAcc></extensions></trkpt>
      <trkpt lon="34.993424" lat="31.907994"><ele>217.374500</ele><time>2026-04-23T05:27:04Z</time><extensions><speed>2.304367</speed><course>69.135435</course><hAcc>1.441545</hAcc><vAcc>0.749024</vAcc></extensions></trkpt>
      <trkpt lon="34.993446" lat="31.908001"><ele>217.234203</ele><time>2026-04-23T05:27:05Z</time><extensions><speed>2.274778</speed><course>69.475488</course><hAcc>1.465887</hAcc><vAcc>0.750809</vAcc></extensions></trkpt>
      <trkpt lon="34.993468" lat="31.908009"><ele>217.084846</ele><time>2026-04-23T05:27:06Z</time><extensions><speed>2.259768</speed><course>67.907187</course><hAcc>1.495947</hAcc><vAcc>0.752466</vAcc></extensions></trkpt>
      <trkpt lon="34.993491" lat="31.908017"><ele>216.936858</ele><time>2026-04-23T05:27:07Z</time><extensions><speed>2.315983</speed><course>65.677153</course><hAcc>1.528049</hAcc><vAcc>0.754025</vAcc></extensions></trkpt>
      <trkpt lon="34.993513" lat="31.908026"><ele>216.796876</ele><time>2026-04-23T05:27:08Z</time><extensions><speed>2.353887</speed><course>65.958491</course><hAcc>1.554334</hAcc><vAcc>0.755776</vAcc></extensions></trkpt>
      <trkpt lon="34.993536" lat="31.908034"><ele>216.664598</ele><time>2026-04-23T05:27:09Z</time><extensions><speed>2.377967</speed><course>68.497612</course><hAcc>1.571603</hAcc><vAcc>0.757425</vAcc></extensions></trkpt>
      <trkpt lon="34.993559" lat="31.908042"><ele>216.521055</ele><time>2026-04-23T05:27:10Z</time><extensions><speed>2.291158</speed><course>67.758289</course><hAcc>1.585450</hAcc><vAcc>0.759039</vAcc></extensions></trkpt>
      <trkpt lon="34.993581" lat="31.908051"><ele>216.374778</ele><time>2026-04-23T05:27:11Z</time><extensions><speed>2.266826</speed><course>62.557671</course><hAcc>1.597113</hAcc><vAcc>0.760358</vAcc></extensions></trkpt>
      <trkpt lon="34.993601" lat="31.908061"><ele>216.235462</ele><time>2026-04-23T05:27:12Z</time><extensions><speed>2.299260</speed><course>58.488398</course><hAcc>1.603883</hAcc><vAcc>0.761670</vAcc></extensions></trkpt>
      <trkpt lon="34.993622" lat="31.908072"><ele>216.088789</ele><time>2026-04-23T05:27:13Z</time><extensions><speed>2.360934</speed><course>58.769228</course><hAcc>1.607972</hAcc><vAcc>0.762759</vAcc></extensions></trkpt>
      <trkpt lon="34.993643" lat="31.908083"><ele>215.948294</ele><time>2026-04-23T05:27:14Z</time><extensions><speed>2.395533</speed><course>60.142036</course><hAcc>1.607964</hAcc><vAcc>0.763682</vAcc></extensions></trkpt>
      <trkpt lon="34.993666" lat="31.908094"><ele>215.803549</ele><time>2026-04-23T05:27:15Z</time><extensions><speed>2.468616</speed><course>59.651937</course><hAcc>1.604365</hAcc><vAcc>0.764509</vAcc></extensions></trkpt>
      <trkpt lon="34.993688" lat="31.908106"><ele>215.679096</ele><time>2026-04-23T05:27:16Z</time><extensions><speed>2.591466</speed><course>54.698513</course><hAcc>1.605756</hAcc><vAcc>0.765112</vAcc></extensions></trkpt>
      <trkpt lon="34.993709" lat="31.908122"><ele>215.528127</ele><time>2026-04-23T05:27:17Z</time><extensions><speed>2.664161</speed><course>44.195603</course><hAcc>1.608923</hAcc><vAcc>0.765524</vAcc></extensions></trkpt>
      <trkpt lon="34.993727" lat="31.908141"><ele>215.377032</ele><time>2026-04-23T05:27:18Z</time><extensions><speed>2.787928</speed><course>35.716831</course><hAcc>1.614906</hAcc><vAcc>0.765680</vAcc></extensions></trkpt>
      <trkpt lon="34.993743" lat="31.908162"><ele>215.223470</ele><time>2026-04-23T05:27:19Z</time><extensions><speed>2.707041</speed><course>28.346099</course><hAcc>1.622627</hAcc><vAcc>0.765594</vAcc></extensions></trkpt>
      <trkpt lon="34.993754" lat="31.908184"><ele>215.056125</ele><time>2026-04-23T05:27:20Z</time><extensions><speed>2.643886</speed><course>21.071564</course><hAcc>1.632758</hAcc><vAcc>0.765159</vAcc></extensions></trkpt>
      <trkpt lon="34.993762" lat="31.908207"><ele>214.884142</ele><time>2026-04-23T05:27:21Z</time><extensions><speed>2.604761</speed><course>10.930585</course><hAcc>1.648383</hAcc><vAcc>0.764466</vAcc></extensions></trkpt>
      <trkpt lon="34.993765" lat="31.908230"><ele>214.696875</ele><time>2026-04-23T05:27:22Z</time><extensions><speed>2.681933</speed><course>2.677091</course><hAcc>1.671499</hAcc><vAcc>0.763594</vAcc></extensions></trkpt>
      <trkpt lon="34.993765" lat="31.908255"><ele>214.492285</ele><time>2026-04-23T05:27:23Z</time><extensions><speed>2.776088</speed><course>356.906426</course><hAcc>1.702555</hAcc><vAcc>0.762654</vAcc></extensions></trkpt>
      <trkpt lon="34.993763" lat="31.908281"><ele>214.255321</ele><time>2026-04-23T05:27:24Z</time><extensions><speed>2.793932</speed><course>356.849075</course><hAcc>1.739753</hAcc><vAcc>0.761615</vAcc></extensions></trkpt>
      <trkpt lon="34.993762" lat="31.908306"><ele>214.013695</ele><time>2026-04-23T05:27:25Z</time><extensions><speed>2.848488</speed><course>358.176110</course><hAcc>1.779487</hAcc><vAcc>0.760635</vAcc></extensions></trkpt>
      <trkpt lon="34.993762" lat="31.908332"><ele>213.750387</ele><time>2026-04-23T05:27:26Z</time><extensions><speed>2.828119</speed><course>359.931868</course><hAcc>1.820124</hAcc><vAcc>0.759802</vAcc></extensions></trkpt>
      <trkpt lon="34.993762" lat="31.908358"><ele>213.480534</ele><time>2026-04-23T05:27:27Z</time><extensions><speed>2.812201</speed><course>1.481337</course><hAcc>1.852103</hAcc><vAcc>0.759102</vAcc></extensions></trkpt>
      <trkpt lon="34.993763" lat="31.908383"><ele>213.189778</ele><time>2026-04-23T05:27:28Z</time><extensions><speed>2.747388</speed><course>2.494501</course><hAcc>1.880317</hAcc><vAcc>0.758985</vAcc></extensions></trkpt>
      <trkpt lon="34.993765" lat="31.908408"><ele>212.892310</ele><time>2026-04-23T05:27:29Z</time><extensions><speed>2.743661</speed><course>2.557157</course><hAcc>1.907327</hAcc><vAcc>0.759287</vAcc></extensions></trkpt>
      <trkpt lon="34.993767" lat="31.908433"><ele>212.611884</ele><time>2026-04-23T05:27:30Z</time><extensions><speed>2.813107</speed><course>3.295851</course><hAcc>1.931434</hAcc><vAcc>0.760058</vAcc></extensions></trkpt>
      <trkpt lon="34.993770" lat="31.908459"><ele>212.315040</ele><time>2026-04-23T05:27:31Z</time><extensions><speed>2.833538</speed><course>6.450622</course><hAcc>1.949786</hAcc><vAcc>0.761284</vAcc></extensions></trkpt>
      <trkpt lon="34.993774" lat="31.908484"><ele>212.017615</ele><time>2026-04-23T05:27:32Z</time><extensions><speed>2.819000</speed><course>8.937942</course><hAcc>1.967531</hAcc><vAcc>0.762655</vAcc></extensions></trkpt>
      <trkpt lon="34.993780" lat="31.908508"><ele>211.741980</ele><time>2026-04-23T05:27:33Z</time><extensions><speed>2.776909</speed><course>11.362837</course><hAcc>1.984024</hAcc><vAcc>0.764286</vAcc></extensions></trkpt>
      <trkpt lon="34.993787" lat="31.908533"><ele>211.481445</ele><time>2026-04-23T05:27:34Z</time><extensions><speed>2.795731</speed><course>14.596209</course><hAcc>1.989450</hAcc><vAcc>0.767273</vAcc></extensions></trkpt>
      <trkpt lon="34.993795" lat="31.908556"><ele>211.234446</ele><time>2026-04-23T05:27:35Z</time><extensions><speed>2.745865</speed><course>20.048805</course><hAcc>1.984913</hAcc><vAcc>0.771091</vAcc></extensions></trkpt>
      <trkpt lon="34.993807" lat="31.908578"><ele>211.028205</ele><time>2026-04-23T05:27:36Z</time><extensions><speed>2.671246</speed><course>26.924016</course><hAcc>1.976998</hAcc><vAcc>0.775488</vAcc></extensions></trkpt>
      <trkpt lon="34.993821" lat="31.908598"><ele>210.841267</ele><time>2026-04-23T05:27:37Z</time><extensions><speed>2.591608</speed><course>34.668514</course><hAcc>1.966457</hAcc><vAcc>0.780246</vAcc></extensions></trkpt>
      <trkpt lon="34.993837" lat="31.908616"><ele>210.703732</ele><time>2026-04-23T05:27:38Z</time><extensions><speed>2.555269</speed><course>41.816977</course><hAcc>1.955631</hAcc><vAcc>0.785240</vAcc></extensions></trkpt>
      <trkpt lon="34.993857" lat="31.908632"><ele>210.546524</ele><time>2026-04-23T05:27:39Z</time><extensions><speed>2.517411</speed><course>49.594975</course><hAcc>1.937861</hAcc><vAcc>0.790927</vAcc></extensions></trkpt>
      <trkpt lon="34.993878" lat="31.908645"><ele>210.420268</ele><time>2026-04-23T05:27:40Z</time><extensions><speed>2.519475</speed><course>60.264682</course><hAcc>1.920724</hAcc><vAcc>0.797237</vAcc></extensions></trkpt>
      <trkpt lon="34.993902" lat="31.908654"><ele>210.330899</ele><time>2026-04-23T05:27:41Z</time><extensions><speed>2.526191</speed><course>68.389695</course><hAcc>1.903835</hAcc><vAcc>0.804069</vAcc></extensions></trkpt>
      <trkpt lon="34.993927" lat="31.908661"><ele>210.257776</ele><time>2026-04-23T05:27:42Z</time><extensions><speed>2.483696</speed><course>75.625368</course><hAcc>1.884788</hAcc><vAcc>0.810821</vAcc></extensions></trkpt>
      <trkpt lon="34.993952" lat="31.908665"><ele>210.191747</ele><time>2026-04-23T05:27:43Z</time><extensions><speed>2.369112</speed><course>85.000335</course><hAcc>1.872101</hAcc><vAcc>0.817116</vAcc></extensions></trkpt>
      <trkpt lon="34.993977" lat="31.908665"><ele>210.159235</ele><time>2026-04-23T05:27:44Z</time><extensions><speed>2.362436</speed><course>92.336779</course><hAcc>1.866080</hAcc><vAcc>0.821806</vAcc></extensions></trkpt>
      <trkpt lon="34.994003" lat="31.908662"><ele>210.131293</ele><time>2026-04-23T05:27:45Z</time><extensions><speed>2.456630</speed><course>100.981778</course><hAcc>1.863928</hAcc><vAcc>0.825130</vAcc></extensions></trkpt>
      <trkpt lon="34.994028" lat="31.908658"><ele>210.116602</ele><time>2026-04-23T05:27:46Z</time><extensions><speed>2.474594</speed><course>102.579534</course><hAcc>1.864040</hAcc><vAcc>0.828048</vAcc></extensions></trkpt>
      <trkpt lon="34.994054" lat="31.908652"><ele>210.117294</ele><time>2026-04-23T05:27:47Z</time><extensions><speed>2.511931</speed><course>106.913534</course><hAcc>1.855092</hAcc><vAcc>0.829755</vAcc></extensions></trkpt>
      <trkpt lon="34.994079" lat="31.908644"><ele>210.119515</ele><time>2026-04-23T05:27:48Z</time><extensions><speed>2.558802</speed><course>110.832923</course><hAcc>1.851604</hAcc><vAcc>0.830055</vAcc></extensions></trkpt>
      <trkpt lon="34.994104" lat="31.908637"><ele>210.122101</ele><time>2026-04-23T05:27:49Z</time><extensions><speed>2.443615</speed><course>107.135995</course><hAcc>1.849042</hAcc><vAcc>0.829030</vAcc></extensions></trkpt>
      <trkpt lon="34.994128" lat="31.908631"><ele>210.145705</ele><time>2026-04-23T05:27:50Z</time><extensions><speed>2.315562</speed><course>104.766835</course><hAcc>1.851071</hAcc><vAcc>0.826555</vAcc></extensions></trkpt>
      <trkpt lon="34.994152" lat="31.908626"><ele>210.199543</ele><time>2026-04-23T05:27:51Z</time><extensions><speed>2.261228</speed><course>102.744475</course><hAcc>1.857373</hAcc><vAcc>0.822624</vAcc></extensions></trkpt>
      <trkpt lon="34.994175" lat="31.908621"><ele>210.258253</ele><time>2026-04-23T05:27:52Z</time><extensions><speed>2.256157</speed><course>103.195322</course><hAcc>1.857074</hAcc><vAcc>0.817282</vAcc></extensions></trkpt>
      <trkpt lon="34.994198" lat="31.908616"><ele>210.320448</ele><time>2026-04-23T05:27:53Z</time><extensions><speed>2.256247</speed><course>106.487998</course><hAcc>1.868462</hAcc><vAcc>0.810927</vAcc></extensions></trkpt>
      <trkpt lon="34.994222" lat="31.908610"><ele>210.402441</ele><time>2026-04-23T05:27:54Z</time><extensions><speed>2.409545</speed><course>106.845243</course><hAcc>1.871027</hAcc><vAcc>0.803896</vAcc></extensions></trkpt>
      <trkpt lon="34.994247" lat="31.908603"><ele>210.495560</ele><time>2026-04-23T05:27:55Z</time><extensions><speed>2.588782</speed><course>109.232049</course><hAcc>1.876840</hAcc><vAcc>0.796900</vAcc></extensions></trkpt>
      <trkpt lon="34.994273" lat="31.908596"><ele>210.576524</ele><time>2026-04-23T05:27:56Z</time><extensions><speed>2.571840</speed><course>108.765854</course><hAcc>1.883674</hAcc><vAcc>0.790641</vAcc></extensions></trkpt>
      <trkpt lon="34.994299" lat="31.908589"><ele>210.671468</ele><time>2026-04-23T05:27:57Z</time><extensions><speed>2.491066</speed><course>104.820217</course><hAcc>1.887044</hAcc><vAcc>0.785193</vAcc></extensions></trkpt>
      <trkpt lon="34.994324" lat="31.908584"><ele>210.773312</ele><time>2026-04-23T05:27:58Z</time><extensions><speed>2.394368</speed><course>102.079588</course><hAcc>1.888866</hAcc><vAcc>0.781102</vAcc></extensions></trkpt>
      <trkpt lon="34.994350" lat="31.908580"><ele>210.878098</ele><time>2026-04-23T05:27:59Z</time><extensions><speed>2.499622</speed><course>99.822761</course><hAcc>1.887568</hAcc><vAcc>0.778540</vAcc></extensions></trkpt>
      <trkpt lon="34.994376" lat="31.908576"><ele>210.982684</ele><time>2026-04-23T05:28:00Z</time><extensions><speed>2.506381</speed><course>98.441810</course><hAcc>1.887675</hAcc><vAcc>0.778065</vAcc></extensions></trkpt>
      <trkpt lon="34.994402" lat="31.908573"><ele>211.076860</ele><time>2026-04-23T05:28:01Z</time><extensions><speed>2.449323</speed><course>96.603921</course><hAcc>1.887944</hAcc><vAcc>0.779124</vAcc></extensions></trkpt>
      <trkpt lon="34.994427" lat="31.908571"><ele>211.177351</ele><time>2026-04-23T05:28:02Z</time><extensions><speed>2.436074</speed><course>93.883720</course><hAcc>1.876757</hAcc><vAcc>0.781725</vAcc></extensions></trkpt>
      <trkpt lon="34.994453" lat="31.908570"><ele>211.282485</ele><time>2026-04-23T05:28:03Z</time><extensions><speed>2.425110</speed><course>91.143424</course><hAcc>1.865035</hAcc><vAcc>0.785139</vAcc></extensions></trkpt>
      <trkpt lon="34.994480" lat="31.908570"><ele>211.378631</ele><time>2026-04-23T05:28:04Z</time><extensions><speed>2.605661</speed><course>88.972368</course><hAcc>1.860277</hAcc><vAcc>0.789411</vAcc></extensions></trkpt>
      <trkpt lon="34.994508" lat="31.908570"><ele>211.459510</ele><time>2026-04-23T05:28:05Z</time><extensions><speed>2.667383</speed><course>91.785039</course><hAcc>1.852719</hAcc><vAcc>0.794657</vAcc></extensions></trkpt>
      <trkpt lon="34.994536" lat="31.908569"><ele>211.544125</ele><time>2026-04-23T05:28:06Z</time><extensions><speed>2.758602</speed><course>95.190561</course><hAcc>1.846595</hAcc><vAcc>0.799228</vAcc></extensions></trkpt>
      <trkpt lon="34.994565" lat="31.908566"><ele>211.616944</ele><time>2026-04-23T05:28:07Z</time><extensions><speed>2.753389</speed><course>98.511754</course><hAcc>1.829268</hAcc><vAcc>0.803159</vAcc></extensions></trkpt>
      <trkpt lon="34.994593" lat="31.908562"><ele>211.699494</ele><time>2026-04-23T05:28:08Z</time><extensions><speed>2.612038</speed><course>101.468425</course><hAcc>1.822242</hAcc><vAcc>0.806328</vAcc></extensions></trkpt>
      <trkpt lon="34.994620" lat="31.908557"><ele>211.774163</ele><time>2026-04-23T05:28:09Z</time><extensions><speed>2.576056</speed><course>101.287860</course><hAcc>1.816634</hAcc><vAcc>0.808524</vAcc></extensions></trkpt>
      <trkpt lon="34.994646" lat="31.908552"><ele>211.824020</ele><time>2026-04-23T05:28:10Z</time><extensions><speed>2.590140</speed><course>102.455077</course><hAcc>1.805750</hAcc><vAcc>0.809391</vAcc></extensions></trkpt>
      <trkpt lon="34.994673" lat="31.908547"><ele>211.879085</ele><time>2026-04-23T05:28:11Z</time><extensions><speed>2.482850</speed><course>103.200058</course><hAcc>1.795626</hAcc><vAcc>0.808808</vAcc></extensions></trkpt>
      <trkpt lon="34.994698" lat="31.908542"><ele>211.938791</ele><time>2026-04-23T05:28:12Z</time><extensions><speed>2.466453</speed><course>103.034875</course><hAcc>1.793709</hAcc><vAcc>0.807177</vAcc></extensions></trkpt>
      <trkpt lon="34.994723" lat="31.908537"><ele>211.979792</ele><time>2026-04-23T05:28:13Z</time><extensions><speed>2.461895</speed><course>100.432452</course><hAcc>1.799016</hAcc><vAcc>0.804705</vAcc></extensions></trkpt>
      <trkpt lon="34.994749" lat="31.908534"><ele>212.028996</ele><time>2026-04-23T05:28:14Z</time><extensions><speed>2.474473</speed><course>94.832111</course><hAcc>1.805124</hAcc><vAcc>0.801606</vAcc></extensions></trkpt>
      <trkpt lon="34.994776" lat="31.908532"><ele>212.077434</ele><time>2026-04-23T05:28:15Z</time><extensions><speed>2.645402</speed><course>93.025921</course><hAcc>1.796862</hAcc><vAcc>0.797711</vAcc></extensions></trkpt>
      <trkpt lon="34.994803" lat="31.908530"><ele>212.128358</ele><time>2026-04-23T05:28:16Z</time><extensions><speed>2.563302</speed><course>95.030250</course><hAcc>1.794428</hAcc><vAcc>0.793412</vAcc></extensions></trkpt>
      <trkpt lon="34.994829" lat="31.908528"><ele>212.189078</ele><time>2026-04-23T05:28:17Z</time><extensions><speed>2.467238</speed><course>97.955042</course><hAcc>1.800861</hAcc><vAcc>0.789296</vAcc></extensions></trkpt>
      <trkpt lon="34.994854" lat="31.908523"><ele>212.256732</ele><time>2026-04-23T05:28:18Z</time><extensions><speed>2.341941</speed><course>105.133139</course><hAcc>1.807020</hAcc><vAcc>0.785613</vAcc></extensions></trkpt>
      <trkpt lon="34.994878" lat="31.908517"><ele>212.325763</ele><time>2026-04-23T05:28:19Z</time><extensions><speed>2.342852</speed><course>110.383150</course><hAcc>1.817603</hAcc><vAcc>0.782498</vAcc></extensions></trkpt>
      <trkpt lon="34.994901" lat="31.908509"><ele>212.401246</ele><time>2026-04-23T05:28:20Z</time><extensions><speed>2.356472</speed><course>111.226934</course><hAcc>1.823198</hAcc><vAcc>0.779995</vAcc></extensions></trkpt>
      <trkpt lon="34.994924" lat="31.908501"><ele>212.488120</ele><time>2026-04-23T05:28:21Z</time><extensions><speed>2.360962</speed><course>113.397558</course><hAcc>1.825664</hAcc><vAcc>0.778018</vAcc></extensions></trkpt>
      <trkpt lon="34.994946" lat="31.908493"><ele>212.570527</ele><time>2026-04-23T05:28:22Z</time><extensions><speed>2.380859</speed><course>113.889061</course><hAcc>1.830190</hAcc><vAcc>0.776340</vAcc></extensions></trkpt>
      <trkpt lon="34.994970" lat="31.908484"><ele>212.673131</ele><time>2026-04-23T05:28:23Z</time><extensions><speed>2.393497</speed><course>112.510010</course><hAcc>1.837715</hAcc><vAcc>0.774771</vAcc></extensions></trkpt>
      <trkpt lon="34.994993" lat="31.908476"><ele>212.791501</ele><time>2026-04-23T05:28:24Z</time><extensions><speed>2.331740</speed><course>111.761388</course><hAcc>1.853081</hAcc><vAcc>0.773049</vAcc></extensions></trkpt>
      <trkpt lon="34.995016" lat="31.908469"><ele>212.908993</ele><time>2026-04-23T05:28:25Z</time><extensions><speed>2.312645</speed><course>108.654278</course><hAcc>1.874585</hAcc><vAcc>0.771149</vAcc></extensions></trkpt>
      <trkpt lon="34.995039" lat="31.908462"><ele>213.018715</ele><time>2026-04-23T05:28:26Z</time><extensions><speed>2.346213</speed><course>109.199426</course><hAcc>1.881401</hAcc><vAcc>0.769134</vAcc></extensions></trkpt>
      <trkpt lon="34.995062" lat="31.908455"><ele>213.128002</ele><time>2026-04-23T05:28:27Z</time><extensions><speed>2.355809</speed><course>112.319585</course><hAcc>1.888225</hAcc><vAcc>0.767118</vAcc></extensions></trkpt>
      <trkpt lon="34.995085" lat="31.908446"><ele>213.259444</ele><time>2026-04-23T05:28:28Z</time><extensions><speed>2.460718</speed><course>113.090894</course><hAcc>1.898408</hAcc><vAcc>0.765148</vAcc></extensions></trkpt>
      <trkpt lon="34.995110" lat="31.908438"><ele>213.375832</ele><time>2026-04-23T05:28:29Z</time><extensions><speed>2.492050</speed><course>112.578534</course><hAcc>1.904982</hAcc><vAcc>0.763686</vAcc></extensions></trkpt>
      <trkpt lon="34.995134" lat="31.908430"><ele>213.494881</ele><time>2026-04-23T05:28:30Z</time><extensions><speed>2.526599</speed><course>109.963057</course><hAcc>1.907928</hAcc><vAcc>0.762978</vAcc></extensions></trkpt>
      <trkpt lon="34.995160" lat="31.908422"><ele>213.614955</ele><time>2026-04-23T05:28:31Z</time><extensions><speed>2.565977</speed><course>108.350664</course><hAcc>1.917855</hAcc><vAcc>0.763174</vAcc></extensions></trkpt>
      <trkpt lon="34.995186" lat="31.908415"><ele>213.719376</ele><time>2026-04-23T05:28:32Z</time><extensions><speed>2.640042</speed><course>109.837496</course><hAcc>1.933416</hAcc><vAcc>0.763810</vAcc></extensions></trkpt>
      <trkpt lon="34.995212" lat="31.908406"><ele>213.850180</ele><time>2026-04-23T05:28:33Z</time><extensions><speed>2.581647</speed><course>111.658062</course><hAcc>1.937006</hAcc><vAcc>0.765305</vAcc></extensions></trkpt>
      <trkpt lon="34.995237" lat="31.908398"><ele>213.968318</ele><time>2026-04-23T05:28:34Z</time><extensions><speed>2.464329</speed><course>112.403067</course><hAcc>1.939980</hAcc><vAcc>0.767751</vAcc></extensions></trkpt>
      <trkpt lon="34.995262" lat="31.908390"><ele>214.076258</ele><time>2026-04-23T05:28:35Z</time><extensions><speed>2.471631</speed><course>110.973406</course><hAcc>1.945177</hAcc><vAcc>0.771292</vAcc></extensions></trkpt>
      <trkpt lon="34.995286" lat="31.908382"><ele>214.173668</ele><time>2026-04-23T05:28:36Z</time><extensions><speed>2.625115</speed><course>111.488517</course><hAcc>1.936614</hAcc><vAcc>0.775891</vAcc></extensions></trkpt>
      <trkpt lon="34.995312" lat="31.908373"><ele>214.286137</ele><time>2026-04-23T05:28:37Z</time><extensions><speed>2.678052</speed><course>111.478715</course><hAcc>1.932023</hAcc><vAcc>0.781630</vAcc></extensions></trkpt>
      <trkpt lon="34.995338" lat="31.908365"><ele>214.389306</ele><time>2026-04-23T05:28:38Z</time><extensions><speed>2.557740</speed><course>109.437541</course><hAcc>1.932338</hAcc><vAcc>0.787999</vAcc></extensions></trkpt>
      <trkpt lon="34.995363" lat="31.908357"><ele>214.492513</ele><time>2026-04-23T05:28:39Z</time><extensions><speed>2.485665</speed><course>111.698614</course><hAcc>1.944768</hAcc><vAcc>0.794194</vAcc></extensions></trkpt>
      <trkpt lon="34.995386" lat="31.908349"><ele>214.573947</ele><time>2026-04-23T05:28:40Z</time><extensions><speed>2.394678</speed><course>114.122994</course><hAcc>1.961284</hAcc><vAcc>0.801002</vAcc></extensions></trkpt>
      <trkpt lon="34.995410" lat="31.908341"><ele>214.637955</ele><time>2026-04-23T05:28:41Z</time><extensions><speed>2.394472</speed><course>109.135649</course><hAcc>1.962024</hAcc><vAcc>0.807608</vAcc></extensions></trkpt>
      <trkpt lon="34.995434" lat="31.908334"><ele>214.705336</ele><time>2026-04-23T05:28:42Z</time><extensions><speed>2.372863</speed><course>106.905846</course><hAcc>1.978376</hAcc><vAcc>0.814288</vAcc></extensions></trkpt>
      <trkpt lon="34.995459" lat="31.908327"><ele>214.765260</ele><time>2026-04-23T05:28:43Z</time><extensions><speed>2.535635</speed><course>110.018487</course><hAcc>2.003377</hAcc><vAcc>0.819533</vAcc></extensions></trkpt>
      <trkpt lon="34.995484" lat="31.908318"><ele>214.845185</ele><time>2026-04-23T05:28:44Z</time><extensions><speed>2.630081</speed><course>113.125498</course><hAcc>2.007809</hAcc><vAcc>0.824369</vAcc></extensions></trkpt>
      <trkpt lon="34.995509" lat="31.908309"><ele>214.934844</ele><time>2026-04-23T05:28:45Z</time><extensions><speed>2.564032</speed><course>113.397820</course><hAcc>2.012986</hAcc><vAcc>0.828800</vAcc></extensions></trkpt>
      <trkpt lon="34.995533" lat="31.908300"><ele>215.023039</ele><time>2026-04-23T05:28:46Z</time><extensions><speed>2.388105</speed><course>110.913624</course><hAcc>2.023594</hAcc><vAcc>0.832351</vAcc></extensions></trkpt>
      <trkpt lon="34.995556" lat="31.908292"><ele>215.099478</ele><time>2026-04-23T05:28:47Z</time><extensions><speed>2.371016</speed><course>110.596241</course><hAcc>2.036862</hAcc><vAcc>0.835596</vAcc></extensions></trkpt>
      <trkpt lon="34.995580" lat="31.908284"><ele>215.173854</ele><time>2026-04-23T05:28:48Z</time><extensions><speed>2.515355</speed><course>111.091766</course><hAcc>2.049139</hAcc><vAcc>0.838347</vAcc></extensions></trkpt>
      <trkpt lon="34.995605" lat="31.908277"><ele>215.251572</ele><time>2026-04-23T05:28:49Z</time><extensions><speed>2.600532</speed><course>108.852131</course><hAcc>2.058860</hAcc><vAcc>0.840941</vAcc></extensions></trkpt>
      <trkpt lon="34.995632" lat="31.908269"><ele>215.352917</ele><time>2026-04-23T05:28:50Z</time><extensions><speed>2.718890</speed><course>108.394264</course><hAcc>2.076864</hAcc><vAcc>0.843885</vAcc></extensions></trkpt>
      <trkpt lon="34.995658" lat="31.908261"><ele>215.469792</ele><time>2026-04-23T05:28:51Z</time><extensions><speed>2.499529</speed><course>110.693422</course><hAcc>2.076277</hAcc><vAcc>0.847768</vAcc></extensions></trkpt>
      <trkpt lon="34.995682" lat="31.908253"><ele>215.574213</ele><time>2026-04-23T05:28:52Z</time><extensions><speed>2.357962</speed><course>117.046376</course><hAcc>2.075125</hAcc><vAcc>0.851656</vAcc></extensions></trkpt>
      <trkpt lon="34.995704" lat="31.908242"><ele>215.664677</ele><time>2026-04-23T05:28:53Z</time><extensions><speed>2.305536</speed><course>120.774913</course><hAcc>2.077536</hAcc><vAcc>0.855151</vAcc></extensions></trkpt>
      <trkpt lon="34.995725" lat="31.908230"><ele>215.761712</ele><time>2026-04-23T05:28:54Z</time><extensions><speed>2.313426</speed><course>128.270375</course><hAcc>2.075493</hAcc><vAcc>0.857527</vAcc></extensions></trkpt>
      <trkpt lon="34.995744" lat="31.908217"><ele>215.871655</ele><time>2026-04-23T05:28:55Z</time><extensions><speed>2.283651</speed><course>131.218157</course><hAcc>2.075665</hAcc><vAcc>0.859382</vAcc></extensions></trkpt>
      <trkpt lon="34.995763" lat="31.908204"><ele>216.027174</ele><time>2026-04-23T05:28:56Z</time><extensions><speed>2.352531</speed><course>128.750875</course><hAcc>2.078212</hAcc><vAcc>0.861018</vAcc></extensions></trkpt>
      <trkpt lon="34.995783" lat="31.908191"><ele>216.125289</ele><time>2026-04-23T05:28:57Z</time><extensions><speed>2.344012</speed><course>124.702006</course><hAcc>2.081526</hAcc><vAcc>0.861677</vAcc></extensions></trkpt>
      <trkpt lon="34.995804" lat="31.908181"><ele>216.212366</ele><time>2026-04-23T05:28:58Z</time><extensions><speed>2.294008</speed><course>117.857286</course><hAcc>2.079548</hAcc><vAcc>0.861388</vAcc></extensions></trkpt>
      <trkpt lon="34.995826" lat="31.908172"><ele>216.323005</ele><time>2026-04-23T05:28:59Z</time><extensions><speed>2.463616</speed><course>111.968053</course><hAcc>2.077840</hAcc><vAcc>0.859907</vAcc></extensions></trkpt>
      <trkpt lon="34.995851" lat="31.908164"><ele>216.395783</ele><time>2026-04-23T05:29:00Z</time><extensions><speed>2.488011</speed><course>110.141000</course><hAcc>2.076213</hAcc><vAcc>0.857092</vAcc></extensions></trkpt>
      <trkpt lon="34.995875" lat="31.908155"><ele>216.476184</ele><time>2026-04-23T05:29:01Z</time><extensions><speed>2.505911</speed><course>112.898297</course><hAcc>2.064909</hAcc><vAcc>0.853253</vAcc></extensions></trkpt>
      <trkpt lon="34.995900" lat="31.908146"><ele>216.566529</ele><time>2026-04-23T05:29:02Z</time><extensions><speed>2.658804</speed><course>116.343802</course><hAcc>2.049259</hAcc><vAcc>0.848367</vAcc></extensions></trkpt>
      <trkpt lon="34.995926" lat="31.908134"><ele>216.669137</ele><time>2026-04-23T05:29:03Z</time><extensions><speed>2.884911</speed><course>119.600688</course><hAcc>2.044865</hAcc><vAcc>0.842646</vAcc></extensions></trkpt>
      <trkpt lon="34.995953" lat="31.908121"><ele>216.764630</ele><time>2026-04-23T05:29:04Z</time><extensions><speed>2.946813</speed><course>120.317933</course><hAcc>2.027511</hAcc><vAcc>0.836140</vAcc></extensions></trkpt>
      <trkpt lon="34.995979" lat="31.908109"><ele>216.846435</ele><time>2026-04-23T05:29:05Z</time><extensions><speed>2.779178</speed><course>116.509700</course><hAcc>2.008537</hAcc><vAcc>0.828920</vAcc></extensions></trkpt>
      <trkpt lon="34.996005" lat="31.908100"><ele>216.915146</ele><time>2026-04-23T05:29:06Z</time><extensions><speed>2.596507</speed><course>111.253444</course><hAcc>1.998648</hAcc><vAcc>0.822091</vAcc></extensions></trkpt>
      <trkpt lon="34.996030" lat="31.908092"><ele>216.990174</ele><time>2026-04-23T05:29:07Z</time><extensions><speed>2.514190</speed><course>110.984760</course><hAcc>1.993922</hAcc><vAcc>0.815836</vAcc></extensions></trkpt>
      <trkpt lon="34.996054" lat="31.908083"><ele>217.057253</ele><time>2026-04-23T05:29:08Z</time><extensions><speed>2.498088</speed><course>115.088864</course><hAcc>1.988150</hAcc><vAcc>0.810805</vAcc></extensions></trkpt>
      <trkpt lon="34.996079" lat="31.908072"><ele>217.117800</ele><time>2026-04-23T05:29:09Z</time><extensions><speed>2.816296</speed><course>120.710309</course><hAcc>1.965189</hAcc><vAcc>0.806891</vAcc></extensions></trkpt>
      <trkpt lon="34.996104" lat="31.908058"><ele>217.175973</ele><time>2026-04-23T05:29:10Z</time><extensions><speed>2.835450</speed><course>123.261896</course><hAcc>1.952597</hAcc><vAcc>0.803986</vAcc></extensions></trkpt>
      <trkpt lon="34.996129" lat="31.908045"><ele>217.236870</ele><time>2026-04-23T05:29:11Z</time><extensions><speed>2.635443</speed><course>120.977635</course><hAcc>1.951126</hAcc><vAcc>0.801600</vAcc></extensions></trkpt>
      <trkpt lon="34.996152" lat="31.908034"><ele>217.314734</ele><time>2026-04-23T05:29:12Z</time><extensions><speed>2.441310</speed><course>115.642609</course><hAcc>1.929766</hAcc><vAcc>0.799874</vAcc></extensions></trkpt>
      <trkpt lon="34.996175" lat="31.908025"><ele>217.393182</ele><time>2026-04-23T05:29:13Z</time><extensions><speed>2.266769</speed><course>109.434659</course><hAcc>1.908702</hAcc><vAcc>0.798459</vAcc></extensions></trkpt>
      <trkpt lon="34.996198" lat="31.908019"><ele>217.461979</ele><time>2026-04-23T05:29:14Z</time><extensions><speed>2.302300</speed><course>106.826179</course><hAcc>1.885796</hAcc><vAcc>0.797045</vAcc></extensions></trkpt>
      <trkpt lon="34.996221" lat="31.908013"><ele>217.520664</ele><time>2026-04-23T05:29:15Z</time><extensions><speed>2.302609</speed><course>105.988281</course><hAcc>1.873936</hAcc><vAcc>0.795416</vAcc></extensions></trkpt>
      <trkpt lon="34.996244" lat="31.908007"><ele>217.580851</ele><time>2026-04-23T05:29:16Z</time><extensions><speed>2.167568</speed><course>107.631907</course><hAcc>1.874393</hAcc><vAcc>0.793437</vAcc></extensions></trkpt>
      <trkpt lon="34.996265" lat="31.908001"><ele>217.647101</ele><time>2026-04-23T05:29:17Z</time><extensions><speed>2.139922</speed><course>108.656513</course><hAcc>1.863937</hAcc><vAcc>0.791015</vAcc></extensions></trkpt>
      <trkpt lon="34.996286" lat="31.907993"><ele>217.729070</ele><time>2026-04-23T05:29:18Z</time><extensions><speed>2.198543</speed><course>116.710200</course><hAcc>1.864159</hAcc><vAcc>0.788104</vAcc></extensions></trkpt>
      <trkpt lon="34.996307" lat="31.907983"><ele>217.822088</ele><time>2026-04-23T05:29:19Z</time><extensions><speed>2.446144</speed><course>122.500089</course><hAcc>1.838866</hAcc><vAcc>0.784737</vAcc></extensions></trkpt>
      <trkpt lon="34.996329" lat="31.907971"><ele>217.904256</ele><time>2026-04-23T05:29:20Z</time><extensions><speed>2.533067</speed><course>124.258320</course><hAcc>1.828672</hAcc><vAcc>0.781043</vAcc></extensions></trkpt>
      <trkpt lon="34.996352" lat="31.907958"><ele>217.998803</ele><time>2026-04-23T05:29:20Z</time><extensions><speed>2.575829</speed><course>124.250324</course><hAcc>1.826498</hAcc><vAcc>0.777455</vAcc></extensions></trkpt>
      <trkpt lon="34.996374" lat="31.907945"><ele>218.122267</ele><time>2026-04-23T05:29:21Z</time><extensions><speed>2.607982</speed><course>125.795921</course><hAcc>1.828248</hAcc><vAcc>0.774602</vAcc></extensions></trkpt>
      <trkpt lon="34.996395" lat="31.907931"><ele>218.266025</ele><time>2026-04-23T05:29:22Z</time><extensions><speed>2.618139</speed><course>125.787879</course><hAcc>1.827086</hAcc><vAcc>0.772656</vAcc></extensions></trkpt>
      <trkpt lon="34.996417" lat="31.907918"><ele>218.409251</ele><time>2026-04-23T05:29:23Z</time><extensions><speed>2.519795</speed><course>125.516352</course><hAcc>1.833570</hAcc><vAcc>0.771357</vAcc></extensions></trkpt>
      <trkpt lon="34.996438" lat="31.907905"><ele>218.549214</ele><time>2026-04-23T05:29:24Z</time><extensions><speed>2.463973</speed><course>127.133877</course><hAcc>1.830618</hAcc><vAcc>0.770665</vAcc></extensions></trkpt>
      <trkpt lon="34.996459" lat="31.907891"><ele>218.696685</ele><time>2026-04-23T05:29:25Z</time><extensions><speed>2.450783</speed><course>128.868533</course><hAcc>1.834891</hAcc><vAcc>0.771020</vAcc></extensions></trkpt>
      <trkpt lon="34.996479" lat="31.907877"><ele>218.814933</ele><time>2026-04-23T05:29:26Z</time><extensions><speed>2.577491</speed><course>132.357504</course><hAcc>1.846426</hAcc><vAcc>0.771985</vAcc></extensions></trkpt>
      <trkpt lon="34.996499" lat="31.907861"><ele>218.946021</ele><time>2026-04-23T05:29:27Z</time><extensions><speed>2.520941</speed><course>131.907854</course><hAcc>1.840363</hAcc><vAcc>0.773234</vAcc></extensions></trkpt>
      <trkpt lon="34.996518" lat="31.907847"><ele>219.093188</ele><time>2026-04-23T05:29:28Z</time><extensions><speed>2.312582</speed><course>128.107909</course><hAcc>1.832216</hAcc><vAcc>0.774900</vAcc></extensions></trkpt>
      <trkpt lon="34.996537" lat="31.907836"><ele>219.203897</ele><time>2026-04-23T05:29:29Z</time><extensions><speed>2.114940</speed><course>124.778549</course><hAcc>1.827695</hAcc><vAcc>0.776764</vAcc></extensions></trkpt>
      <trkpt lon="34.996554" lat="31.907825"><ele>219.341499</ele><time>2026-04-23T05:29:30Z</time><extensions><speed>1.971437</speed><course>128.859446</course><hAcc>1.821655</hAcc><vAcc>0.778544</vAcc></extensions></trkpt>
      <trkpt lon="34.996568" lat="31.907813"><ele>219.476979</ele><time>2026-04-23T05:29:31Z</time><extensions><speed>1.751624</speed><course>136.831797</course><hAcc>1.839282</hAcc><vAcc>0.779916</vAcc></extensions></trkpt>
      <trkpt lon="34.996580" lat="31.907802"><ele>219.600836</ele><time>2026-04-23T05:29:32Z</time><extensions><speed>1.550327</speed><course>134.549428</course><hAcc>1.851759</hAcc><vAcc>0.780584</vAcc></extensions></trkpt>
      <trkpt lon="34.996593" lat="31.907793"><ele>219.705085</ele><time>2026-04-23T05:29:33Z</time><extensions><speed>1.631419</speed><course>128.269768</course><hAcc>1.846498</hAcc><vAcc>0.780481</vAcc></extensions></trkpt>
      <trkpt lon="34.996608" lat="31.907783"><ele>219.803680</ele><time>2026-04-23T05:29:34Z</time><extensions><speed>1.969048</speed><course>125.622765</course><hAcc>1.844172</hAcc><vAcc>0.780295</vAcc></extensions></trkpt>
      <trkpt lon="34.996627" lat="31.907770"><ele>219.887958</ele><time>2026-04-23T05:29:35Z</time><extensions><speed>2.419386</speed><course>130.693610</course><hAcc>1.863505</hAcc><vAcc>0.779796</vAcc></extensions></trkpt>
      <trkpt lon="34.996647" lat="31.907755"><ele>219.969012</ele><time>2026-04-23T05:29:36Z</time><extensions><speed>2.593211</speed><course>132.750866</course><hAcc>1.891038</hAcc><vAcc>0.778933</vAcc></extensions></trkpt>
      <trkpt lon="34.996667" lat="31.907739"><ele>220.044519</ele><time>2026-04-23T05:29:37Z</time><extensions><speed>2.601173</speed><course>135.418402</course><hAcc>1.911705</hAcc><vAcc>0.778531</vAcc></extensions></trkpt>
      <trkpt lon="34.996686" lat="31.907722"><ele>220.112144</ele><time>2026-04-23T05:29:38Z</time><extensions><speed>2.527395</speed><course>138.183159</course><hAcc>1.931138</hAcc><vAcc>0.778171</vAcc></extensions></trkpt>
      <trkpt lon="34.996703" lat="31.907705"><ele>220.187415</ele><time>2026-04-23T05:29:39Z</time><extensions><speed>2.517694</speed><course>141.254388</course><hAcc>1.943598</hAcc><vAcc>0.778356</vAcc></extensions></trkpt>
      <trkpt lon="34.996721" lat="31.907686"><ele>220.246421</ele><time>2026-04-23T05:29:40Z</time><extensions><speed>2.646736</speed><course>140.853994</course><hAcc>1.953278</hAcc><vAcc>0.778905</vAcc></extensions></trkpt>
      <trkpt lon="34.996740" lat="31.907668"><ele>220.306015</ele><time>2026-04-23T05:29:41Z</time><extensions><speed>2.804221</speed><course>136.833654</course><hAcc>1.956610</hAcc><vAcc>0.780637</vAcc></extensions></trkpt>
      <trkpt lon="34.996762" lat="31.907650"><ele>220.358170</ele><time>2026-04-23T05:29:42Z</time><extensions><speed>2.824206</speed><course>131.005642</course><hAcc>1.953211</hAcc><vAcc>0.784063</vAcc></extensions></trkpt>
      <trkpt lon="34.996785" lat="31.907634"><ele>220.391449</ele><time>2026-04-23T05:29:43Z</time><extensions><speed>2.819686</speed><course>125.420608</course><hAcc>1.954828</hAcc><vAcc>0.788740</vAcc></extensions></trkpt>
      <trkpt lon="34.996810" lat="31.907620"><ele>220.424475</ele><time>2026-04-23T05:29:44Z</time><extensions><speed>2.739615</speed><course>123.835367</course><hAcc>1.951619</hAcc><vAcc>0.794289</vAcc></extensions></trkpt>
      <trkpt lon="34.996834" lat="31.907606"><ele>220.472719</ele><time>2026-04-23T05:29:45Z</time><extensions><speed>2.706603</speed><course>124.416524</course><hAcc>1.938661</hAcc><vAcc>0.800378</vAcc></extensions></trkpt>
      <trkpt lon="34.996857" lat="31.907592"><ele>220.510765</ele><time>2026-04-23T05:29:46Z</time><extensions><speed>2.679747</speed><course>124.548622</course><hAcc>1.927311</hAcc><vAcc>0.806172</vAcc></extensions></trkpt>
      <trkpt lon="34.996880" lat="31.907579"><ele>220.576307</ele><time>2026-04-23T05:29:47Z</time><extensions><speed>2.710070</speed><course>123.948861</course><hAcc>1.919428</hAcc><vAcc>0.811010</vAcc></extensions></trkpt>
      <trkpt lon="34.996904" lat="31.907566"><ele>220.633774</ele><time>2026-04-23T05:29:48Z</time><extensions><speed>2.669439</speed><course>121.748813</course><hAcc>1.912378</hAcc><vAcc>0.816251</vAcc></extensions></trkpt>
      <trkpt lon="34.996928" lat="31.907553"><ele>220.661157</ele><time>2026-04-23T05:29:49Z</time><extensions><speed>2.718156</speed><course>121.796266</course><hAcc>1.910521</hAcc><vAcc>0.821529</vAcc></extensions></trkpt>
      <trkpt lon="34.996952" lat="31.907540"><ele>220.699925</ele><time>2026-04-23T05:29:50Z</time><extensions><speed>2.731112</speed><course>123.522614</course><hAcc>1.908451</hAcc><vAcc>0.826293</vAcc></extensions></trkpt>
      <trkpt lon="34.996976" lat="31.907526"><ele>220.760748</ele><time>2026-04-23T05:29:51Z</time><extensions><speed>2.639581</speed><course>125.988742</course><hAcc>1.910329</hAcc><vAcc>0.830715</vAcc></extensions></trkpt>
      <trkpt lon="34.996998" lat="31.907512"><ele>220.810367</ele><time>2026-04-23T05:29:52Z</time><extensions><speed>2.596903</speed><course>129.165751</course><hAcc>1.921301</hAcc><vAcc>0.833746</vAcc></extensions></trkpt>
      <trkpt lon="34.997018" lat="31.907496"><ele>220.869859</ele><time>2026-04-23T05:29:53Z</time><extensions><speed>2.596133</speed><course>136.075892</course><hAcc>1.937470</hAcc><vAcc>0.835276</vAcc></extensions></trkpt>
      <trkpt lon="34.997036" lat="31.907478"><ele>220.958704</ele><time>2026-04-23T05:29:54Z</time><extensions><speed>2.838905</speed><course>144.886157</course><hAcc>1.949817</hAcc><vAcc>0.835535</vAcc></extensions></trkpt>
      <trkpt lon="34.997052" lat="31.907458"><ele>221.063307</ele><time>2026-04-23T05:29:55Z</time><extensions><speed>2.632222</speed><course>146.465092</course><hAcc>1.963557</hAcc><vAcc>0.834417</vAcc></extensions></trkpt>
      <trkpt lon="34.997068" lat="31.907439"><ele>221.165543</ele><time>2026-04-23T05:29:56Z</time><extensions><speed>2.403514</speed><course>141.551750</course><hAcc>1.976622</hAcc><vAcc>0.831685</vAcc></extensions></trkpt>
      <trkpt lon="34.997084" lat="31.907423"><ele>221.271602</ele><time>2026-04-23T05:29:57Z</time><extensions><speed>2.338442</speed><course>136.860940</course><hAcc>1.990790</hAcc><vAcc>0.827634</vAcc></extensions></trkpt>
      <trkpt lon="34.997100" lat="31.907408"><ele>221.392081</ele><time>2026-04-23T05:29:58Z</time><extensions><speed>2.372830</speed><course>137.755160</course><hAcc>2.002731</hAcc><vAcc>0.822742</vAcc></extensions></trkpt>
      <trkpt lon="34.997117" lat="31.907392"><ele>221.513764</ele><time>2026-04-23T05:29:59Z</time><extensions><speed>2.470216</speed><course>138.744971</course><hAcc>2.013415</hAcc><vAcc>0.817089</vAcc></extensions></trkpt>
      <trkpt lon="34.997134" lat="31.907375"><ele>221.648396</ele><time>2026-04-23T05:30:00Z</time><extensions><speed>2.428587</speed><course>137.433756</course><hAcc>2.019422</hAcc><vAcc>0.810866</vAcc></extensions></trkpt>
      <trkpt lon="34.997151" lat="31.907360"><ele>221.801266</ele><time>2026-04-23T05:30:01Z</time><extensions><speed>2.332638</speed><course>136.798872</course><hAcc>2.027009</hAcc><vAcc>0.804412</vAcc></extensions></trkpt>
      <trkpt lon="34.997168" lat="31.907345"><ele>221.938615</ele><time>2026-04-23T05:30:02Z</time><extensions><speed>2.314064</speed><course>131.807545</course><hAcc>2.033956</hAcc><vAcc>0.798083</vAcc></extensions></trkpt>
      <trkpt lon="34.997186" lat="31.907331"><ele>222.085520</ele><time>2026-04-23T05:30:03Z</time><extensions><speed>2.333459</speed><course>131.090849</course><hAcc>2.041763</hAcc><vAcc>0.792380</vAcc></extensions></trkpt>
      <trkpt lon="34.997205" lat="31.907318"><ele>222.230486</ele><time>2026-04-23T05:30:04Z</time><extensions><speed>2.331970</speed><course>130.948545</course><hAcc>2.047222</hAcc><vAcc>0.787236</vAcc></extensions></trkpt>
      <trkpt lon="34.997223" lat="31.907304"><ele>222.376518</ele><time>2026-04-23T05:30:05Z</time><extensions><speed>2.299301</speed><course>133.131004</course><hAcc>2.049227</hAcc><vAcc>0.782920</vAcc></extensions></trkpt>
      <trkpt lon="34.997240" lat="31.907290"><ele>222.510464</ele><time>2026-04-23T05:30:06Z</time><extensions><speed>2.346071</speed><course>137.087146</course><hAcc>2.048083</hAcc><vAcc>0.779624</vAcc></extensions></trkpt>
      <trkpt lon="34.997256" lat="31.907275"><ele>222.638230</ele><time>2026-04-23T05:30:07Z</time><extensions><speed>2.219151</speed><course>140.253826</course><hAcc>2.048468</hAcc><vAcc>0.777523</vAcc></extensions></trkpt>
      <trkpt lon="34.997271" lat="31.907259"><ele>222.765370</ele><time>2026-04-23T05:30:08Z</time><extensions><speed>2.250693</speed><course>145.701304</course><hAcc>2.045247</hAcc><vAcc>0.777042</vAcc></extensions></trkpt>
      <trkpt lon="34.997285" lat="31.907243"><ele>222.882710</ele><time>2026-04-23T05:30:09Z</time><extensions><speed>2.322814</speed><course>143.391478</course><hAcc>2.043191</hAcc><vAcc>0.777611</vAcc></extensions></trkpt>
      <trkpt lon="34.997302" lat="31.907227"><ele>223.004809</ele><time>2026-04-23T05:30:10Z</time><extensions><speed>2.319540</speed><course>136.445263</course><hAcc>2.040107</hAcc><vAcc>0.779658</vAcc></extensions></trkpt>
      <trkpt lon="34.997320" lat="31.907213"><ele>223.110991</ele><time>2026-04-23T05:30:11Z</time><extensions><speed>2.376977</speed><course>131.585384</course><hAcc>2.037060</hAcc><vAcc>0.783095</vAcc></extensions></trkpt>
      <trkpt lon="34.997341" lat="31.907200"><ele>223.208502</ele><time>2026-04-23T05:30:12Z</time><extensions><speed>2.453357</speed><course>127.574547</course><hAcc>2.027361</hAcc><vAcc>0.787237</vAcc></extensions></trkpt>
      <trkpt lon="34.997361" lat="31.907187"><ele>223.287153</ele><time>2026-04-23T05:30:13Z</time><extensions><speed>2.360787</speed><course>131.469223</course><hAcc>2.017547</hAcc><vAcc>0.791511</vAcc></extensions></trkpt>
      <trkpt lon="34.997380" lat="31.907173"><ele>223.341527</ele><time>2026-04-23T05:30:14Z</time><extensions><speed>2.368864</speed><course>137.371571</course><hAcc>2.005109</hAcc><vAcc>0.795951</vAcc></extensions></trkpt>
      <trkpt lon="34.997396" lat="31.907157"><ele>223.396882</ele><time>2026-04-23T05:30:15Z</time><extensions><speed>2.243375</speed><course>142.908178</course><hAcc>1.993601</hAcc><vAcc>0.801142</vAcc></extensions></trkpt>
      <trkpt lon="34.997410" lat="31.907141"><ele>223.463835</ele><time>2026-04-23T05:30:16Z</time><extensions><speed>2.085113</speed><course>147.787559</course><hAcc>1.983119</hAcc><vAcc>0.806672</vAcc></extensions></trkpt>
      <trkpt lon="34.997422" lat="31.907125"><ele>223.491387</ele><time>2026-04-23T05:30:17Z</time><extensions><speed>2.117803</speed><course>149.468062</course><hAcc>1.975464</hAcc><vAcc>0.812066</vAcc></extensions></trkpt>
      <trkpt lon="34.997435" lat="31.907108"><ele>223.514207</ele><time>2026-04-23T05:30:18Z</time><extensions><speed>2.202038</speed><course>146.594511</course><hAcc>1.969252</hAcc><vAcc>0.816698</vAcc></extensions></trkpt>
      <trkpt lon="34.997451" lat="31.907092"><ele>223.571638</ele><time>2026-04-23T05:30:19Z</time><extensions><speed>2.363300</speed><course>134.843292</course><hAcc>1.931020</hAcc><vAcc>0.820496</vAcc></extensions></trkpt>
      <trkpt lon="34.997471" lat="31.907077"><ele>223.618137</ele><time>2026-04-23T05:30:20Z</time><extensions><speed>2.510567</speed><course>125.078656</course><hAcc>1.904708</hAcc><vAcc>0.823738</vAcc></extensions></trkpt>
      <trkpt lon="34.997494" lat="31.907064"><ele>223.693841</ele><time>2026-04-23T05:30:21Z</time><extensions><speed>2.561080</speed><course>121.337517</course><hAcc>1.905745</hAcc><vAcc>0.826711</vAcc></extensions></trkpt>
      <trkpt lon="34.997507" lat="31.907057"><ele>223.726093</ele><time>2026-04-23T05:30:22Z</time><extensions><speed>2.565191</speed><course>122.796747</course><hAcc>1.901363</hAcc><vAcc>0.824767</vAcc></extensions></trkpt>
      <trkpt lon="34.997517" lat="31.907052"><ele>223.769357</ele><time>2026-04-23T05:30:22Z</time><extensions><speed>2.584564</speed><course>122.926529</course><hAcc>1.897051</hAcc><vAcc>0.823424</vAcc></extensions></trkpt>
      <trkpt lon="34.997540" lat="31.907038"><ele>223.822023</ele><time>2026-04-23T05:30:23Z</time><extensions><speed>2.733315</speed><course>127.066574</course><hAcc>1.886686</hAcc><vAcc>0.833024</vAcc></extensions></trkpt>
      <trkpt lon="34.997562" lat="31.907023"><ele>223.891171</ele><time>2026-04-23T05:30:24Z</time><extensions><speed>2.678474</speed><course>131.214992</course><hAcc>1.899159</hAcc><vAcc>0.842022</vAcc></extensions></trkpt>
      <trkpt lon="34.997582" lat="31.907006"><ele>223.970517</ele><time>2026-04-23T05:30:25Z</time><extensions><speed>2.630011</speed><course>135.997891</course><hAcc>1.926104</hAcc><vAcc>0.850152</vAcc></extensions></trkpt>
      <trkpt lon="34.997601" lat="31.906988"><ele>224.075676</ele><time>2026-04-23T05:30:26Z</time><extensions><speed>2.689280</speed><course>140.601885</course><hAcc>1.933323</hAcc><vAcc>0.857868</vAcc></extensions></trkpt>
      <trkpt lon="34.997618" lat="31.906969"><ele>224.183650</ele><time>2026-04-23T05:30:27Z</time><extensions><speed>2.721656</speed><course>143.970174</course><hAcc>1.937452</hAcc><vAcc>0.864793</vAcc></extensions></trkpt>
      <trkpt lon="34.997634" lat="31.906949"><ele>224.283276</ele><time>2026-04-23T05:30:28Z</time><extensions><speed>2.574760</speed><course>147.968714</course><hAcc>1.942697</hAcc><vAcc>0.871731</vAcc></extensions></trkpt>
      <trkpt lon="34.997647" lat="31.906928"><ele>224.395457</ele><time>2026-04-23T05:30:29Z</time><extensions><speed>2.657130</speed><course>154.151332</course><hAcc>1.941296</hAcc><vAcc>0.877513</vAcc></extensions></trkpt>
      <trkpt lon="34.997658" lat="31.906907"><ele>224.495769</ele><time>2026-04-23T05:30:30Z</time><extensions><speed>2.620687</speed><course>160.789485</course><hAcc>1.938942</hAcc><vAcc>0.882079</vAcc></extensions></trkpt>
      <trkpt lon="34.997666" lat="31.906885"><ele>224.602284</ele><time>2026-04-23T05:30:31Z</time><extensions><speed>2.560626</speed><course>162.166629</course><hAcc>1.929070</hAcc><vAcc>0.884963</vAcc></extensions></trkpt>
      <trkpt lon="34.997675" lat="31.906863"><ele>224.716343</ele><time>2026-04-23T05:30:32Z</time><extensions><speed>2.475201</speed><course>157.814992</course><hAcc>1.920712</hAcc><vAcc>0.887800</vAcc></extensions></trkpt>
      <trkpt lon="34.997686" lat="31.906843"><ele>224.825783</ele><time>2026-04-23T05:30:33Z</time><extensions><speed>2.500754</speed><course>152.178544</course><hAcc>1.907550</hAcc><vAcc>0.889071</vAcc></extensions></trkpt>
      <trkpt lon="34.997699" lat="31.906824"><ele>224.926344</ele><time>2026-04-23T05:30:34Z</time><extensions><speed>2.431055</speed><course>148.143195</course><hAcc>1.895535</hAcc><vAcc>0.889716</vAcc></extensions></trkpt>
      <trkpt lon="34.997713" lat="31.906805"><ele>225.011478</ele><time>2026-04-23T05:30:35Z</time><extensions><speed>2.541596</speed><course>147.413447</course><hAcc>1.884808</hAcc><vAcc>0.889684</vAcc></extensions></trkpt>
      <trkpt lon="34.997727" lat="31.906786"><ele>225.040249</ele><time>2026-04-23T05:30:36Z</time><extensions><speed>2.476581</speed><course>149.644529</course><hAcc>1.873105</hAcc><vAcc>0.887340</vAcc></extensions></trkpt>
      <trkpt lon="34.997740" lat="31.906767"><ele>225.107308</ele><time>2026-04-23T05:30:37Z</time><extensions><speed>2.473423</speed><course>150.723582</course><hAcc>1.854083</hAcc><vAcc>0.883100</vAcc></extensions></trkpt>
      <trkpt lon="34.997753" lat="31.906748"><ele>225.143805</ele><time>2026-04-23T05:30:38Z</time><extensions><speed>2.417711</speed><course>144.882000</course><hAcc>1.840362</hAcc><vAcc>0.878030</vAcc></extensions></trkpt>
      <trkpt lon="34.997768" lat="31.906731"><ele>225.172608</ele><time>2026-04-23T05:30:39Z</time><extensions><speed>2.310227</speed><course>140.999513</course><hAcc>1.832505</hAcc><vAcc>0.871989</vAcc></extensions></trkpt>
      <trkpt lon="34.997783" lat="31.906716"><ele>225.205446</ele><time>2026-04-23T05:30:40Z</time><extensions><speed>2.182830</speed><course>141.747905</course><hAcc>1.817626</hAcc><vAcc>0.865524</vAcc></extensions></trkpt>
      <trkpt lon="34.997796" lat="31.906700"><ele>225.217791</ele><time>2026-04-23T05:30:42Z</time><extensions><speed>2.042676</speed><course>144.872506</course><hAcc>1.804806</hAcc><vAcc>0.858257</vAcc></extensions></trkpt>
      <trkpt lon="34.997809" lat="31.906685"><ele>225.214784</ele><time>2026-04-23T05:30:43Z</time><extensions><speed>2.252976</speed><course>145.795758</course><hAcc>1.799917</hAcc><vAcc>0.850593</vAcc></extensions></trkpt>
      <trkpt lon="34.997823" lat="31.906668"><ele>225.234712</ele><time>2026-04-23T05:30:44Z</time><extensions><speed>2.238752</speed><course>140.303619</course><hAcc>1.794773</hAcc><vAcc>0.842439</vAcc></extensions></trkpt>
      <trkpt lon="34.997838" lat="31.906654"><ele>225.247521</ele><time>2026-04-23T05:30:45Z</time><extensions><speed>2.177491</speed><course>132.540292</course><hAcc>1.791976</hAcc><vAcc>0.834352</vAcc></extensions></trkpt>
      <trkpt lon="34.997855" lat="31.906641"><ele>225.248681</ele><time>2026-04-23T05:30:46Z</time><extensions><speed>2.286251</speed><course>131.749262</course><hAcc>1.788735</hAcc><vAcc>0.826551</vAcc></extensions></trkpt>
      <trkpt lon="34.997874" lat="31.906628"><ele>225.265909</ele><time>2026-04-23T05:30:47Z</time><extensions><speed>2.228054</speed><course>127.870604</course><hAcc>1.787964</hAcc><vAcc>0.818814</vAcc></extensions></trkpt>
      <trkpt lon="34.997892" lat="31.906615"><ele>225.284916</ele><time>2026-04-23T05:30:48Z</time><extensions><speed>2.241549</speed><course>128.573861</course><hAcc>1.784848</hAcc><vAcc>0.811660</vAcc></extensions></trkpt>
      <trkpt lon="34.997910" lat="31.906602"><ele>225.295924</ele><time>2026-04-23T05:30:49Z</time><extensions><speed>2.232046</speed><course>128.416144</course><hAcc>1.784248</hAcc><vAcc>0.805762</vAcc></extensions></trkpt>
      <trkpt lon="34.997928" lat="31.906589"><ele>225.306551</ele><time>2026-04-23T05:30:50Z</time><extensions><speed>2.250432</speed><course>134.448377</course><hAcc>1.787530</hAcc><vAcc>0.801130</vAcc></extensions></trkpt>
      <trkpt lon="34.997943" lat="31.906573"><ele>225.324414</ele><time>2026-04-23T05:30:51Z</time><extensions><speed>2.226865</speed><course>144.829110</course><hAcc>1.787920</hAcc><vAcc>0.797014</vAcc></extensions></trkpt>
      <trkpt lon="34.997956" lat="31.906556"><ele>225.354981</ele><time>2026-04-23T05:30:52Z</time><extensions><speed>2.291879</speed><course>149.226990</course><hAcc>1.777995</hAcc><vAcc>0.794560</vAcc></extensions></trkpt>
      <trkpt lon="34.997968" lat="31.906538"><ele>225.385655</ele><time>2026-04-23T05:30:53Z</time><extensions><speed>2.270373</speed><course>150.053302</course><hAcc>1.769312</hAcc><vAcc>0.793509</vAcc></extensions></trkpt>
      <trkpt lon="34.997979" lat="31.906521"><ele>225.407902</ele><time>2026-04-23T05:30:54Z</time><extensions><speed>2.150460</speed><course>152.228228</course><hAcc>1.776807</hAcc><vAcc>0.793411</vAcc></extensions></trkpt>
      <trkpt lon="34.997989" lat="31.906503"><ele>225.439721</ele><time>2026-04-23T05:30:55Z</time><extensions><speed>2.135387</speed><course>155.355975</course><hAcc>1.794490</hAcc><vAcc>0.794527</vAcc></extensions></trkpt>
      <trkpt lon="34.997998" lat="31.906485"><ele>225.482986</ele><time>2026-04-23T05:30:56Z</time><extensions><speed>2.296017</speed><course>161.078576</course><hAcc>1.768649</hAcc><vAcc>0.795974</vAcc></extensions></trkpt>
      <trkpt lon="34.998005" lat="31.906465"><ele>225.526031</ele><time>2026-04-23T05:30:57Z</time><extensions><speed>2.399136</speed><course>165.092383</course><hAcc>1.753022</hAcc><vAcc>0.798174</vAcc></extensions></trkpt>
      <trkpt lon="34.998011" lat="31.906443"><ele>225.576392</ele><time>2026-04-23T05:30:58Z</time><extensions><speed>2.587439</speed><course>168.926309</course><hAcc>1.753610</hAcc><vAcc>0.800987</vAcc></extensions></trkpt>
      <trkpt lon="34.998015" lat="31.906419"><ele>225.619987</ele><time>2026-04-23T05:30:59Z</time><extensions><speed>2.643570</speed><course>174.490183</course><hAcc>1.759376</hAcc><vAcc>0.803350</vAcc></extensions></trkpt>
      <trkpt lon="34.998016" lat="31.906395"><ele>225.665899</ele><time>2026-04-23T05:31:00Z</time><extensions><speed>2.750718</speed><course>179.301237</course><hAcc>1.755585</hAcc><vAcc>0.806204</vAcc></extensions></trkpt>
      <trkpt lon="34.998017" lat="31.906370"><ele>225.722939</ele><time>2026-04-23T05:31:01Z</time><extensions><speed>2.748752</speed><course>178.361324</course><hAcc>1.745871</hAcc><vAcc>0.808403</vAcc></extensions></trkpt>
      <trkpt lon="34.998021" lat="31.906346"><ele>225.810053</ele><time>2026-04-23T05:31:02Z</time><extensions><speed>2.678815</speed><course>166.082969</course><hAcc>1.740366</hAcc><vAcc>0.810016</vAcc></extensions></trkpt>
      <trkpt lon="34.998029" lat="31.906323"><ele>225.890583</ele><time>2026-04-23T05:31:03Z</time><extensions><speed>2.634223</speed><course>160.295184</course><hAcc>1.734196</hAcc><vAcc>0.810330</vAcc></extensions></trkpt>
      <trkpt lon="34.998038" lat="31.906302"><ele>225.978619</ele><time>2026-04-23T05:31:04Z</time><extensions><speed>2.512391</speed><course>158.366480</course><hAcc>1.725439</hAcc><vAcc>0.810196</vAcc></extensions></trkpt>
      <trkpt lon="34.998049" lat="31.906281"><ele>226.060232</ele><time>2026-04-23T05:31:05Z</time><extensions><speed>2.495804</speed><course>154.600301</course><hAcc>1.717575</hAcc><vAcc>0.809663</vAcc></extensions></trkpt>
      <trkpt lon="34.998061" lat="31.906262"><ele>226.161321</ele><time>2026-04-23T05:31:06Z</time><extensions><speed>2.434250</speed><course>150.701282</course><hAcc>1.719949</hAcc><vAcc>0.808441</vAcc></extensions></trkpt>
      <trkpt lon="34.998075" lat="31.906243"><ele>226.261415</ele><time>2026-04-23T05:31:07Z</time><extensions><speed>2.527852</speed><course>147.683878</course><hAcc>1.730303</hAcc><vAcc>0.806852</vAcc></extensions></trkpt>
      <trkpt lon="34.998091" lat="31.906223"><ele>226.346202</ele><time>2026-04-23T05:31:08Z</time><extensions><speed>2.730834</speed><course>143.658311</course><hAcc>1.722510</hAcc><vAcc>0.804785</vAcc></extensions></trkpt>
      <trkpt lon="34.998108" lat="31.906204"><ele>226.468983</ele><time>2026-04-23T05:31:09Z</time><extensions><speed>2.686112</speed><course>142.706939</course><hAcc>1.721786</hAcc><vAcc>0.802514</vAcc></extensions></trkpt>
      <trkpt lon="34.998125" lat="31.906185"><ele>226.589050</ele><time>2026-04-23T05:31:10Z</time><extensions><speed>2.677271</speed><course>145.778619</course><hAcc>1.732494</hAcc><vAcc>0.800507</vAcc></extensions></trkpt>
      <trkpt lon="34.998140" lat="31.906164"><ele>226.693055</ele><time>2026-04-23T05:31:11Z</time><extensions><speed>2.640566</speed><course>149.181059</course><hAcc>1.746289</hAcc><vAcc>0.798264</vAcc></extensions></trkpt>
      <trkpt lon="34.998153" lat="31.906145"><ele>226.786857</ele><time>2026-04-23T05:31:12Z</time><extensions><speed>2.443689</speed><course>151.075641</course><hAcc>1.764136</hAcc><vAcc>0.795737</vAcc></extensions></trkpt>
      <trkpt lon="34.998165" lat="31.906126"><ele>226.892052</ele><time>2026-04-23T05:31:13Z</time><extensions><speed>2.294719</speed><course>152.724450</course><hAcc>1.779356</hAcc><vAcc>0.793129</vAcc></extensions></trkpt>
      <trkpt lon="34.998176" lat="31.906108"><ele>227.003555</ele><time>2026-04-23T05:31:14Z</time><extensions><speed>2.263975</speed><course>150.824679</course><hAcc>1.788729</hAcc><vAcc>0.790459</vAcc></extensions></trkpt>
      <trkpt lon="34.998188" lat="31.906090"><ele>227.112573</ele><time>2026-04-23T05:31:15Z</time><extensions><speed>2.248951</speed><course>153.172621</course><hAcc>1.794356</hAcc><vAcc>0.787706</vAcc></extensions></trkpt>
      <trkpt lon="34.998198" lat="31.906072"><ele>227.220402</ele><time>2026-04-23T05:31:16Z</time><extensions><speed>2.186993</speed><course>152.478524</course><hAcc>1.795235</hAcc><vAcc>0.784850</vAcc></extensions></trkpt>
      <trkpt lon="34.998209" lat="31.906054"><ele>227.320807</ele><time>2026-04-23T05:31:17Z</time><extensions><speed>2.284679</speed><course>150.426489</course><hAcc>1.789502</hAcc><vAcc>0.781914</vAcc></extensions></trkpt>
      <trkpt lon="34.998222" lat="31.906036"><ele>227.441968</ele><time>2026-04-23T05:31:18Z</time><extensions><speed>2.424330</speed><course>151.669345</course><hAcc>1.784771</hAcc><vAcc>0.778955</vAcc></extensions></trkpt>
      <trkpt lon="34.998233" lat="31.906016"><ele>227.553302</ele><time>2026-04-23T05:31:19Z</time><extensions><speed>2.433775</speed><course>153.124572</course><hAcc>1.779534</hAcc><vAcc>0.776038</vAcc></extensions></trkpt>
      <trkpt lon="34.998245" lat="31.905997"><ele>227.654816</ele><time>2026-04-23T05:31:20Z</time><extensions><speed>2.527527</speed><course>152.001417</course><hAcc>1.769174</hAcc><vAcc>0.773208</vAcc></extensions></trkpt>
      <trkpt lon="34.998258" lat="31.905977"><ele>227.757375</ele><time>2026-04-23T05:31:21Z</time><extensions><speed>2.470222</speed><course>152.877117</course><hAcc>1.758461</hAcc><vAcc>0.770523</vAcc></extensions></trkpt>
      <trkpt lon="34.998269" lat="31.905958"><ele>227.858907</ele><time>2026-04-23T05:31:22Z</time><extensions><speed>2.333016</speed><course>156.998633</course><hAcc>1.748613</hAcc><vAcc>0.768272</vAcc></extensions></trkpt>
      <trkpt lon="34.998278" lat="31.905938"><ele>227.959853</ele><time>2026-04-23T05:31:23Z</time><extensions><speed>2.423352</speed><course>161.816442</course><hAcc>1.740215</hAcc><vAcc>0.766554</vAcc></extensions></trkpt>
      <trkpt lon="34.998285" lat="31.905917"><ele>228.062253</ele><time>2026-04-23T05:31:23Z</time><extensions><speed>2.465745</speed><course>163.827754</course><hAcc>1.731774</hAcc><vAcc>0.765451</vAcc></extensions></trkpt>
      <trkpt lon="34.998293" lat="31.905895"><ele>228.162988</ele><time>2026-04-23T05:31:24Z</time><extensions><speed>2.489127</speed><course>161.664935</course><hAcc>1.717546</hAcc><vAcc>0.765036</vAcc></extensions></trkpt>
      <trkpt lon="34.998302" lat="31.905874"><ele>228.264252</ele><time>2026-04-23T05:31:25Z</time><extensions><speed>2.479233</speed><course>159.410980</course><hAcc>1.707100</hAcc><vAcc>0.765867</vAcc></extensions></trkpt>
      <trkpt lon="34.998312" lat="31.905854"><ele>228.360312</ele><time>2026-04-23T05:31:26Z</time><extensions><speed>2.542603</speed><course>154.781901</course><hAcc>1.694689</hAcc><vAcc>0.768035</vAcc></extensions></trkpt>
      <trkpt lon="34.998324" lat="31.905834"><ele>228.473720</ele><time>2026-04-23T05:31:27Z</time><extensions><speed>2.438612</speed><course>151.538947</course><hAcc>1.687917</hAcc><vAcc>0.771652</vAcc></extensions></trkpt>
      <trkpt lon="34.998336" lat="31.905815"><ele>228.567987</ele><time>2026-04-23T05:31:28Z</time><extensions><speed>2.290893</speed><course>151.239888</course><hAcc>1.682521</hAcc><vAcc>0.777018</vAcc></extensions></trkpt>
      <trkpt lon="34.998349" lat="31.905798"><ele>228.672360</ele><time>2026-04-23T05:31:29Z</time><extensions><speed>2.235091</speed><course>146.665164</course><hAcc>1.674821</hAcc><vAcc>0.783295</vAcc></extensions></trkpt>
      <trkpt lon="34.998363" lat="31.905781"><ele>228.733664</ele><time>2026-04-23T05:31:30Z</time><extensions><speed>2.399378</speed><course>143.320965</course><hAcc>1.669050</hAcc><vAcc>0.790476</vAcc></extensions></trkpt>
      <trkpt lon="34.998378" lat="31.905763"><ele>228.821082</ele><time>2026-04-23T05:31:31Z</time><extensions><speed>2.485428</speed><course>145.011643</course><hAcc>1.664934</hAcc><vAcc>0.798319</vAcc></extensions></trkpt>
      <trkpt lon="34.998393" lat="31.905744"><ele>228.895051</ele><time>2026-04-23T05:31:32Z</time><extensions><speed>2.584859</speed><course>146.385119</course><hAcc>1.662757</hAcc><vAcc>0.806347</vAcc></extensions></trkpt>
      <trkpt lon="34.998409" lat="31.905725"><ele>228.980874</ele><time>2026-04-23T05:31:33Z</time><extensions><speed>2.591684</speed><course>146.040245</course><hAcc>1.661398</hAcc><vAcc>0.815511</vAcc></extensions></trkpt>
      <trkpt lon="34.998423" lat="31.905705"><ele>229.058183</ele><time>2026-04-23T05:31:34Z</time><extensions><speed>2.602580</speed><course>149.185491</course><hAcc>1.656024</hAcc><vAcc>0.823856</vAcc></extensions></trkpt>
      <trkpt lon="34.998436" lat="31.905685"><ele>229.116288</ele><time>2026-04-23T05:31:35Z</time><extensions><speed>2.401609</speed><course>155.456439</course><hAcc>1.650492</hAcc><vAcc>0.830807</vAcc></extensions></trkpt>
      <trkpt lon="34.998444" lat="31.905666"><ele>229.186823</ele><time>2026-04-23T05:31:36Z</time><extensions><speed>2.125192</speed><course>164.422995</course><hAcc>1.648926</hAcc><vAcc>0.837507</vAcc></extensions></trkpt>
      <trkpt lon="34.998448" lat="31.905649"><ele>229.227123</ele><time>2026-04-23T05:31:37Z</time><extensions><speed>1.823232</speed><course>177.043345</course><hAcc>1.646021</hAcc><vAcc>0.842807</vAcc></extensions></trkpt>
      <trkpt lon="34.998449" lat="31.905632"><ele>229.289117</ele><time>2026-04-23T05:31:38Z</time><extensions><speed>1.945732</speed><course>175.808466</course><hAcc>1.624529</hAcc><vAcc>0.847138</vAcc></extensions></trkpt>
      <trkpt lon="34.998451" lat="31.905615"><ele>229.357372</ele><time>2026-04-23T05:31:39Z</time><extensions><speed>1.978013</speed><course>172.268883</course><hAcc>1.609334</hAcc><vAcc>0.850136</vAcc></extensions></trkpt>
      <trkpt lon="34.998456" lat="31.905597"><ele>229.447321</ele><time>2026-04-23T05:31:40Z</time><extensions><speed>2.139516</speed><course>164.161275</course><hAcc>1.602434</hAcc><vAcc>0.851514</vAcc></extensions></trkpt>
      <trkpt lon="34.998464" lat="31.905578"><ele>229.530058</ele><time>2026-04-23T05:31:41Z</time><extensions><speed>2.320446</speed><course>156.790914</course><hAcc>1.599012</hAcc><vAcc>0.852120</vAcc></extensions></trkpt>
      <trkpt lon="34.998474" lat="31.905559"><ele>229.614826</ele><time>2026-04-23T05:31:42Z</time><extensions><speed>2.334611</speed><course>154.208957</course><hAcc>1.587737</hAcc><vAcc>0.851753</vAcc></extensions></trkpt>
      <trkpt lon="34.998484" lat="31.905540"><ele>229.700420</ele><time>2026-04-23T05:31:43Z</time><extensions><speed>2.315271</speed><course>158.891790</course><hAcc>1.593427</hAcc><vAcc>0.850754</vAcc></extensions></trkpt>
      <trkpt lon="34.998492" lat="31.905519"><ele>229.810376</ele><time>2026-04-23T05:31:44Z</time><extensions><speed>2.420324</speed><course>162.187071</course><hAcc>1.602378</hAcc><vAcc>0.849148</vAcc></extensions></trkpt>
      <trkpt lon="34.998501" lat="31.905499"><ele>229.916633</ele><time>2026-04-23T05:31:45Z</time><extensions><speed>2.423554</speed><course>159.357636</course><hAcc>1.595403</hAcc><vAcc>0.846381</vAcc></extensions></trkpt>
      <trkpt lon="34.998510" lat="31.905478"><ele>230.034357</ele><time>2026-04-23T05:31:46Z</time><extensions><speed>2.455149</speed><course>158.008251</course><hAcc>1.600210</hAcc><vAcc>0.843503</vAcc></extensions></trkpt>
      <trkpt lon="34.998520" lat="31.905459"><ele>230.145452</ele><time>2026-04-23T05:31:47Z</time><extensions><speed>2.285555</speed><course>156.446050</course><hAcc>1.606843</hAcc><vAcc>0.840647</vAcc></extensions></trkpt>
      <trkpt lon="34.998530" lat="31.905440"><ele>230.280608</ele><time>2026-04-23T05:31:48Z</time><extensions><speed>2.237176</speed><course>152.779581</course><hAcc>1.617686</hAcc><vAcc>0.837178</vAcc></extensions></trkpt>
      <trkpt lon="34.998542" lat="31.905423"><ele>230.408746</ele><time>2026-04-23T05:31:49Z</time><extensions><speed>2.258765</speed><course>147.887509</course><hAcc>1.627372</hAcc><vAcc>0.833164</vAcc></extensions></trkpt>
      <trkpt lon="34.998555" lat="31.905406"><ele>230.552427</ele><time>2026-04-23T05:31:50Z</time><extensions><speed>2.318596</speed><course>146.296868</course><hAcc>1.633720</hAcc><vAcc>0.828701</vAcc></extensions></trkpt>
      <trkpt lon="34.998568" lat="31.905387"><ele>230.696652</ele><time>2026-04-23T05:31:51Z</time><extensions><speed>2.483966</speed><course>149.265996</course><hAcc>1.635767</hAcc><vAcc>0.824067</vAcc></extensions></trkpt>
      <trkpt lon="34.998581" lat="31.905368"><ele>230.850729</ele><time>2026-04-23T05:31:52Z</time><extensions><speed>2.506287</speed><course>150.846382</course><hAcc>1.639890</hAcc><vAcc>0.819086</vAcc></extensions></trkpt>
      <trkpt lon="34.998594" lat="31.905348"><ele>231.019507</ele><time>2026-04-23T05:31:53Z</time><extensions><speed>2.469115</speed><course>151.001413</course><hAcc>1.641898</hAcc><vAcc>0.813439</vAcc></extensions></trkpt>
      <trkpt lon="34.998607" lat="31.905329"><ele>231.168802</ele><time>2026-04-23T05:31:54Z</time><extensions><speed>2.389272</speed><course>149.968000</course><hAcc>1.639428</hAcc><vAcc>0.807507</vAcc></extensions></trkpt>
      <trkpt lon="34.998620" lat="31.905311"><ele>231.300577</ele><time>2026-04-23T05:31:55Z</time><extensions><speed>2.382882</speed><course>147.822960</course><hAcc>1.628346</hAcc><vAcc>0.801482</vAcc></extensions></trkpt>
      <trkpt lon="34.998634" lat="31.905293"><ele>231.446284</ele><time>2026-04-23T05:31:56Z</time><extensions><speed>2.327867</speed><course>144.835566</course><hAcc>1.616937</hAcc><vAcc>0.795894</vAcc></extensions></trkpt>
      <trkpt lon="34.998648" lat="31.905276"><ele>231.590366</ele><time>2026-04-23T05:31:57Z</time><extensions><speed>2.311781</speed><course>143.858660</course><hAcc>1.607697</hAcc><vAcc>0.791055</vAcc></extensions></trkpt>
      <trkpt lon="34.998662" lat="31.905259"><ele>231.738955</ele><time>2026-04-23T05:31:58Z</time><extensions><speed>2.293450</speed><course>145.049019</course><hAcc>1.596640</hAcc><vAcc>0.787122</vAcc></extensions></trkpt>
      <trkpt lon="34.998675" lat="31.905242"><ele>231.882045</ele><time>2026-04-23T05:31:59Z</time><extensions><speed>2.300643</speed><course>150.328641</course><hAcc>1.585308</hAcc><vAcc>0.783944</vAcc></extensions></trkpt>
      <trkpt lon="34.998686" lat="31.905224"><ele>232.044029</ele><time>2026-04-23T05:32:00Z</time><extensions><speed>2.340709</speed><course>154.338721</course><hAcc>1.578865</hAcc><vAcc>0.781112</vAcc></extensions></trkpt>
      <trkpt lon="34.998696" lat="31.905205"><ele>232.184298</ele><time>2026-04-23T05:32:01Z</time><extensions><speed>2.278870</speed><course>155.341770</course><hAcc>1.565894</hAcc><vAcc>0.778997</vAcc></extensions></trkpt>
      <trkpt lon="34.998707" lat="31.905186"><ele>232.313346</ele><time>2026-04-23T05:32:02Z</time><extensions><speed>2.282204</speed><course>150.998931</course><hAcc>1.549619</hAcc><vAcc>0.777500</vAcc></extensions></trkpt>
      <trkpt lon="34.998720" lat="31.905169"><ele>232.423329</ele><time>2026-04-23T05:32:03Z</time><extensions><speed>2.335467</speed><course>144.399558</course><hAcc>1.551109</hAcc><vAcc>0.776512</vAcc></extensions></trkpt>
      <trkpt lon="34.998735" lat="31.905151"><ele>232.536348</ele><time>2026-04-23T05:32:04Z</time><extensions><speed>2.514948</speed><course>144.547390</course><hAcc>1.527478</hAcc><vAcc>0.775917</vAcc></extensions></trkpt>
      <trkpt lon="34.998749" lat="31.905132"><ele>232.638972</ele><time>2026-04-23T05:32:05Z</time><extensions><speed>2.505799</speed><course>149.406324</course><hAcc>1.518201</hAcc><vAcc>0.775561</vAcc></extensions></trkpt>
      <trkpt lon="34.998761" lat="31.905113"><ele>232.747161</ele><time>2026-04-23T05:32:06Z</time><extensions><speed>2.298240</speed><course>153.464502</course><hAcc>1.531838</hAcc><vAcc>0.775231</vAcc></extensions></trkpt>
      <trkpt lon="34.998771" lat="31.905095"><ele>232.848243</ele><time>2026-04-23T05:32:07Z</time><extensions><speed>2.214681</speed><course>155.348355</course><hAcc>1.525778</hAcc><vAcc>0.774687</vAcc></extensions></trkpt>
      <trkpt lon="34.998780" lat="31.905077"><ele>232.945504</ele><time>2026-04-23T05:32:08Z</time><extensions><speed>2.219943</speed><course>159.628343</course><hAcc>1.523704</hAcc><vAcc>0.773739</vAcc></extensions></trkpt>
      <trkpt lon="34.998788" lat="31.905057"><ele>233.029196</ele><time>2026-04-23T05:32:09Z</time><extensions><speed>2.317585</speed><course>162.615676</course><hAcc>1.525947</hAcc><vAcc>0.772326</vAcc></extensions></trkpt>
      <trkpt lon="34.998795" lat="31.905038"><ele>233.109408</ele><time>2026-04-23T05:32:10Z</time><extensions><speed>2.284926</speed><course>162.782401</course><hAcc>1.530753</hAcc><vAcc>0.770537</vAcc></extensions></trkpt>
      <trkpt lon="34.998803" lat="31.905018"><ele>233.179389</ele><time>2026-04-23T05:32:11Z</time><extensions><speed>2.300072</speed><course>161.057078</course><hAcc>1.530219</hAcc><vAcc>0.768551</vAcc></extensions></trkpt>
      <trkpt lon="34.998811" lat="31.904998"><ele>233.249210</ele><time>2026-04-23T05:32:12Z</time><extensions><speed>2.273580</speed><course>161.109444</course><hAcc>1.524676</hAcc><vAcc>0.766544</vAcc></extensions></trkpt>
      <trkpt lon="34.998819" lat="31.904979"><ele>233.315982</ele><time>2026-04-23T05:32:13Z</time><extensions><speed>2.252045</speed><course>161.110250</course><hAcc>1.534582</hAcc><vAcc>0.764646</vAcc></extensions></trkpt>
      <trkpt lon="34.998828" lat="31.904960"><ele>233.389513</ele><time>2026-04-23T05:32:14Z</time><extensions><speed>2.298238</speed><course>154.653324</course><hAcc>1.548720</hAcc><vAcc>0.762941</vAcc></extensions></trkpt>
      <trkpt lon="34.998840" lat="31.904942"><ele>233.474796</ele><time>2026-04-23T05:32:15Z</time><extensions><speed>2.446673</speed><course>147.057876</course><hAcc>1.537165</hAcc><vAcc>0.761474</vAcc></extensions></trkpt>
      <trkpt lon="34.998855" lat="31.904923"><ele>233.543684</ele><time>2026-04-23T05:32:16Z</time><extensions><speed>2.500660</speed><course>142.717099</course><hAcc>1.530780</hAcc><vAcc>0.760257</vAcc></extensions></trkpt>
      <trkpt lon="34.998870" lat="31.904906"><ele>233.603685</ele><time>2026-04-23T05:32:17Z</time><extensions><speed>2.267232</speed><course>142.482070</course><hAcc>1.536397</hAcc><vAcc>0.759282</vAcc></extensions></trkpt>
      <trkpt lon="34.998884" lat="31.904890"><ele>233.671490</ele><time>2026-04-23T05:32:18Z</time><extensions><speed>2.131341</speed><course>145.354595</course><hAcc>1.554819</hAcc><vAcc>0.758524</vAcc></extensions></trkpt>
      <trkpt lon="34.998896" lat="31.904874"><ele>233.740634</ele><time>2026-04-23T05:32:19Z</time><extensions><speed>2.141366</speed><course>149.100169</course><hAcc>1.550954</hAcc><vAcc>0.757955</vAcc></extensions></trkpt>
      <trkpt lon="34.998907" lat="31.904857"><ele>233.809507</ele><time>2026-04-23T05:32:20Z</time><extensions><speed>2.217528</speed><course>151.625244</course><hAcc>1.561747</hAcc><vAcc>0.757539</vAcc></extensions></trkpt>
      <trkpt lon="34.998918" lat="31.904839"><ele>233.858412</ele><time>2026-04-23T05:32:21Z</time><extensions><speed>2.306929</speed><course>153.191778</course><hAcc>1.565065</hAcc><vAcc>0.757247</vAcc></extensions></trkpt>
      <trkpt lon="34.998929" lat="31.904820"><ele>233.924506</ele><time>2026-04-23T05:32:22Z</time><extensions><speed>2.382597</speed><course>153.970508</course><hAcc>1.576591</hAcc><vAcc>0.757048</vAcc></extensions></trkpt>
      <trkpt lon="34.998941" lat="31.904800"><ele>234.011487</ele><time>2026-04-23T05:32:23Z</time><extensions><speed>2.479458</speed><course>152.926835</course><hAcc>1.567742</hAcc><vAcc>0.756918</vAcc></extensions></trkpt>
      <trkpt lon="34.998952" lat="31.904780"><ele>234.119240</ele><time>2026-04-23T05:32:24Z</time><extensions><speed>2.511336</speed><course>153.279351</course><hAcc>1.568633</hAcc><vAcc>0.756837</vAcc></extensions></trkpt>
      <trkpt lon="34.998964" lat="31.904760"><ele>234.211570</ele><time>2026-04-23T05:32:25Z</time><extensions><speed>2.490579</speed><course>153.713695</course><hAcc>1.577295</hAcc><vAcc>0.756790</vAcc></extensions></trkpt>
      <trkpt lon="34.998976" lat="31.904741"><ele>234.319344</ele><time>2026-04-23T05:32:26Z</time><extensions><speed>2.425221</speed><course>151.501683</course><hAcc>1.574240</hAcc><vAcc>0.756765</vAcc></extensions></trkpt>
      <trkpt lon="34.998988" lat="31.904722"><ele>234.427125</ele><time>2026-04-23T05:32:27Z</time><extensions><speed>2.391685</speed><course>149.903972</course><hAcc>1.579071</hAcc><vAcc>0.756753</vAcc></extensions></trkpt>
      <trkpt lon="34.999002" lat="31.904704"><ele>234.538126</ele><time>2026-04-23T05:32:28Z</time><extensions><speed>2.477343</speed><course>145.838345</course><hAcc>1.588650</hAcc><vAcc>0.756749</vAcc></extensions></trkpt>
      <trkpt lon="34.999016" lat="31.904685"><ele>234.643462</ele><time>2026-04-23T05:32:29Z</time><extensions><speed>2.607144</speed><course>148.193836</course><hAcc>1.585933</hAcc><vAcc>0.756749</vAcc></extensions></trkpt>
      <trkpt lon="34.999029" lat="31.904665"><ele>234.771175</ele><time>2026-04-23T05:32:30Z</time><extensions><speed>2.529120</speed><course>152.367907</course><hAcc>1.584770</hAcc><vAcc>0.756791</vAcc></extensions></trkpt>
      <trkpt lon="34.999041" lat="31.904645"><ele>234.896324</ele><time>2026-04-23T05:32:31Z</time><extensions><speed>2.391333</speed><course>155.089205</course><hAcc>1.593049</hAcc><vAcc>0.756951</vAcc></extensions></trkpt>
      <trkpt lon="34.999051" lat="31.904626"><ele>235.044750</ele><time>2026-04-23T05:32:32Z</time><extensions><speed>2.303411</speed><course>154.301596</course><hAcc>1.592168</hAcc><vAcc>0.757038</vAcc></extensions></trkpt>
      <trkpt lon="34.999062" lat="31.904608"><ele>235.182363</ele><time>2026-04-23T05:32:33Z</time><extensions><speed>2.224839</speed><course>153.015871</course><hAcc>1.605653</hAcc><vAcc>0.757141</vAcc></extensions></trkpt>
      <trkpt lon="34.999073" lat="31.904591"><ele>235.327301</ele><time>2026-04-23T05:32:34Z</time><extensions><speed>2.169460</speed><course>146.312490</course><hAcc>1.599942</hAcc><vAcc>0.757259</vAcc></extensions></trkpt>
      <trkpt lon="34.999085" lat="31.904575"><ele>235.474392</ele><time>2026-04-23T05:32:35Z</time><extensions><speed>2.095814</speed><course>148.481177</course><hAcc>1.597364</hAcc><vAcc>0.757390</vAcc></extensions></trkpt>
      <trkpt lon="34.999096" lat="31.904559"><ele>235.599689</ele><time>2026-04-23T05:32:36Z</time><extensions><speed>2.059470</speed><course>151.505025</course><hAcc>1.604407</hAcc><vAcc>0.757530</vAcc></extensions></trkpt>
      <trkpt lon="34.999105" lat="31.904543"><ele>235.715141</ele><time>2026-04-23T05:32:37Z</time><extensions><speed>1.900751</speed><course>155.200465</course><hAcc>1.608229</hAcc><vAcc>0.757675</vAcc></extensions></trkpt>
      <trkpt lon="34.999113" lat="31.904527"><ele>235.837499</ele><time>2026-04-23T05:32:38Z</time><extensions><speed>1.952173</speed><course>160.384028</course><hAcc>1.615573</hAcc><vAcc>0.757811</vAcc></extensions></trkpt>
      <trkpt lon="34.999121" lat="31.904510"><ele>235.965841</ele><time>2026-04-23T05:32:39Z</time><extensions><speed>2.152870</speed><course>158.619928</course><hAcc>1.622530</hAcc><vAcc>0.757924</vAcc></extensions></trkpt>
      <trkpt lon="34.999130" lat="31.904492"><ele>236.090737</ele><time>2026-04-23T05:32:40Z</time><extensions><speed>2.136029</speed><course>153.959345</course><hAcc>1.629483</hAcc><vAcc>0.757995</vAcc></extensions></trkpt>
      <trkpt lon="34.999140" lat="31.904475"><ele>236.211544</ele><time>2026-04-23T05:32:41Z</time><extensions><speed>2.075487</speed><course>151.281638</course><hAcc>1.628641</hAcc><vAcc>0.758006</vAcc></extensions></trkpt>
      <trkpt lon="34.999150" lat="31.904459"><ele>236.327411</ele><time>2026-04-23T05:32:42Z</time><extensions><speed>2.127932</speed><course>150.889653</course><hAcc>1.636062</hAcc><vAcc>0.758124</vAcc></extensions></trkpt>
      <trkpt lon="34.999161" lat="31.904441"><ele>236.440389</ele><time>2026-04-23T05:32:43Z</time><extensions><speed>2.233280</speed><course>154.648657</course><hAcc>1.646705</hAcc><vAcc>0.758432</vAcc></extensions></trkpt>
      <trkpt lon="34.999170" lat="31.904423"><ele>236.559337</ele><time>2026-04-23T05:32:44Z</time><extensions><speed>2.298052</speed><course>157.721612</course><hAcc>1.650648</hAcc><vAcc>0.758695</vAcc></extensions></trkpt>
      <trkpt lon="34.999179" lat="31.904404"><ele>236.664162</ele><time>2026-04-23T05:32:45Z</time><extensions><speed>2.336032</speed><course>158.207749</course><hAcc>1.654362</hAcc><vAcc>0.759061</vAcc></extensions></trkpt>
      <trkpt lon="34.999188" lat="31.904384"><ele>236.774363</ele><time>2026-04-23T05:32:46Z</time><extensions><speed>2.371880</speed><course>159.400381</course><hAcc>1.660802</hAcc><vAcc>0.759405</vAcc></extensions></trkpt>
      <trkpt lon="34.999197" lat="31.904364"><ele>236.873662</ele><time>2026-04-23T05:32:48Z</time><extensions><speed>2.380993</speed><course>159.579069</course><hAcc>1.663155</hAcc><vAcc>0.759813</vAcc></extensions></trkpt>
      <trkpt lon="34.999205" lat="31.904344"><ele>236.988148</ele><time>2026-04-23T05:32:49Z</time><extensions><speed>2.360523</speed><course>160.334872</course><hAcc>1.663398</hAcc><vAcc>0.760260</vAcc></extensions></trkpt>
      <trkpt lon="34.999213" lat="31.904325"><ele>237.089987</ele><time>2026-04-23T05:32:50Z</time><extensions><speed>2.307111</speed><course>161.061862</course><hAcc>1.665539</hAcc><vAcc>0.760752</vAcc></extensions></trkpt>
      <trkpt lon="34.999220" lat="31.904305"><ele>237.219073</ele><time>2026-04-23T05:32:51Z</time><extensions><speed>2.303655</speed><course>165.595885</course><hAcc>1.660428</hAcc><vAcc>0.761250</vAcc></extensions></trkpt>
      <trkpt lon="34.999226" lat="31.904285"><ele>237.345166</ele><time>2026-04-23T05:32:52Z</time><extensions><speed>2.242125</speed><course>165.933545</course><hAcc>1.651705</hAcc><vAcc>0.761694</vAcc></extensions></trkpt>
      <trkpt lon="34.999232" lat="31.904266"><ele>237.482925</ele><time>2026-04-23T05:32:53Z</time><extensions><speed>2.173263</speed><course>162.931978</course><hAcc>1.645598</hAcc><vAcc>0.762009</vAcc></extensions></trkpt>
      <trkpt lon="34.999240" lat="31.904248"><ele>237.617969</ele><time>2026-04-23T05:32:54Z</time><extensions><speed>2.208876</speed><course>159.829342</course><hAcc>1.638922</hAcc><vAcc>0.762125</vAcc></extensions></trkpt>
      <trkpt lon="34.999248" lat="31.904229"><ele>237.750138</ele><time>2026-04-23T05:32:55Z</time><extensions><speed>2.165577</speed><course>158.280166</course><hAcc>1.647513</hAcc><vAcc>0.762460</vAcc></extensions></trkpt>
      <trkpt lon="34.999256" lat="31.904212"><ele>237.893792</ele><time>2026-04-23T05:32:56Z</time><extensions><speed>1.987946</speed><course>160.891295</course><hAcc>1.666716</hAcc><vAcc>0.762959</vAcc></extensions></trkpt>
      <trkpt lon="34.999262" lat="31.904195"><ele>238.045622</ele><time>2026-04-23T05:32:57Z</time><extensions><speed>1.963703</speed><course>161.549842</course><hAcc>1.647790</hAcc><vAcc>0.763859</vAcc></extensions></trkpt>
      <trkpt lon="34.999269" lat="31.904179"><ele>238.216521</ele><time>2026-04-23T05:32:58Z</time><extensions><speed>2.002764</speed><course>161.902602</course><hAcc>1.635353</hAcc><vAcc>0.764835</vAcc></extensions></trkpt>
      <trkpt lon="34.999275" lat="31.904162"><ele>238.386075</ele><time>2026-04-23T05:32:59Z</time><extensions><speed>1.996341</speed><course>161.402695</course><hAcc>1.636496</hAcc><vAcc>0.766096</vAcc></extensions></trkpt>
      <trkpt lon="34.999283" lat="31.904145"><ele>238.543991</ele><time>2026-04-23T05:33:00Z</time><extensions><speed>2.055905</speed><course>157.814125</course><hAcc>1.635056</hAcc><vAcc>0.767586</vAcc></extensions></trkpt>
      <trkpt lon="34.999292" lat="31.904127"><ele>238.723019</ele><time>2026-04-23T05:33:01Z</time><extensions><speed>2.217083</speed><course>154.124774</course><hAcc>1.633490</hAcc><vAcc>0.769525</vAcc></extensions></trkpt>
      <trkpt lon="34.999303" lat="31.904109"><ele>238.884069</ele><time>2026-04-23T05:33:02Z</time><extensions><speed>2.277391</speed><course>150.277553</course><hAcc>1.627166</hAcc><vAcc>0.771849</vAcc></extensions></trkpt>
      <trkpt lon="34.999314" lat="31.904092"><ele>239.036184</ele><time>2026-04-23T05:33:03Z</time><extensions><speed>2.167474</speed><course>151.352503</course><hAcc>1.617595</hAcc><vAcc>0.774328</vAcc></extensions></trkpt>
      <trkpt lon="34.999325" lat="31.904075"><ele>239.195936</ele><time>2026-04-23T05:33:04Z</time><extensions><speed>2.120683</speed><course>153.344569</course><hAcc>1.604731</hAcc><vAcc>0.777506</vAcc></extensions></trkpt>
      <trkpt lon="34.999336" lat="31.904058"><ele>239.336204</ele><time>2026-04-23T05:33:05Z</time><extensions><speed>2.141624</speed><course>149.286137</course><hAcc>1.589840</hAcc><vAcc>0.780889</vAcc></extensions></trkpt>
      <trkpt lon="34.999347" lat="31.904042"><ele>239.483889</ele><time>2026-04-23T05:33:06Z</time><extensions><speed>1.977859</speed><course>147.670626</course><hAcc>1.579442</hAcc><vAcc>0.783718</vAcc></extensions></trkpt>
      <trkpt lon="34.999358" lat="31.904028"><ele>239.619604</ele><time>2026-04-23T05:33:07Z</time><extensions><speed>1.870016</speed><course>147.402665</course><hAcc>1.570119</hAcc><vAcc>0.785989</vAcc></extensions></trkpt>
      <trkpt lon="34.999368" lat="31.904013"><ele>239.748357</ele><time>2026-04-23T05:33:08Z</time><extensions><speed>1.880775</speed><course>152.796856</course><hAcc>1.563956</hAcc><vAcc>0.787888</vAcc></extensions></trkpt>
      <trkpt lon="34.999377" lat="31.903997"><ele>239.873422</ele><time>2026-04-23T05:33:09Z</time><extensions><speed>1.905356</speed><course>157.863141</course><hAcc>1.558550</hAcc><vAcc>0.789787</vAcc></extensions></trkpt>
      <trkpt lon="34.999384" lat="31.903980"><ele>239.986530</ele><time>2026-04-23T05:33:10Z</time><extensions><speed>2.131216</speed><course>159.779485</course><hAcc>1.550131</hAcc><vAcc>0.791392</vAcc></extensions></trkpt>
      <trkpt lon="34.999393" lat="31.903962"><ele>240.070696</ele><time>2026-04-23T05:33:11Z</time><extensions><speed>2.331865</speed><course>157.307323</course><hAcc>1.545962</hAcc><vAcc>0.792176</vAcc></extensions></trkpt>
      <trkpt lon="34.999403" lat="31.903942"><ele>240.171975</ele><time>2026-04-23T05:33:12Z</time><extensions><speed>2.433422</speed><course>153.039386</course><hAcc>1.544055</hAcc><vAcc>0.792485</vAcc></extensions></trkpt>
      <trkpt lon="34.999416" lat="31.903923"><ele>240.250637</ele><time>2026-04-23T05:33:13Z</time><extensions><speed>2.442322</speed><course>148.834709</course><hAcc>1.545902</hAcc><vAcc>0.792481</vAcc></extensions></trkpt>
      <trkpt lon="34.999429" lat="31.903905"><ele>240.297764</ele><time>2026-04-23T05:33:14Z</time><extensions><speed>2.384619</speed><course>146.787942</course><hAcc>1.543110</hAcc><vAcc>0.792112</vAcc></extensions></trkpt>
      <trkpt lon="34.999443" lat="31.903887"><ele>240.353080</ele><time>2026-04-23T05:33:15Z</time><extensions><speed>2.331028</speed><course>146.367251</course><hAcc>1.537798</hAcc><vAcc>0.791298</vAcc></extensions></trkpt>
      <trkpt lon="34.999457" lat="31.903869"><ele>240.396672</ele><time>2026-04-23T05:33:16Z</time><extensions><speed>2.358978</speed><course>146.869657</course><hAcc>1.531622</hAcc><vAcc>0.789997</vAcc></extensions></trkpt>
      <trkpt lon="34.999470" lat="31.903851"><ele>240.444444</ele><time>2026-04-23T05:33:17Z</time><extensions><speed>2.475340</speed><course>147.790659</course><hAcc>1.526692</hAcc><vAcc>0.788258</vAcc></extensions></trkpt>
      <trkpt lon="34.999485" lat="31.903832"><ele>240.470178</ele><time>2026-04-23T05:33:18Z</time><extensions><speed>2.686942</speed><course>146.819852</course><hAcc>1.523879</hAcc><vAcc>0.786115</vAcc></extensions></trkpt>
      <trkpt lon="34.999501" lat="31.903812"><ele>240.496131</ele><time>2026-04-23T05:33:19Z</time><extensions><speed>2.532838</speed><course>143.476529</course><hAcc>1.522181</hAcc><vAcc>0.783506</vAcc></extensions></trkpt>
      <trkpt lon="34.999516" lat="31.903795"><ele>240.520475</ele><time>2026-04-23T05:33:20Z</time><extensions><speed>2.291287</speed><course>143.033364</course><hAcc>1.524667</hAcc><vAcc>0.780710</vAcc></extensions></trkpt>
      <trkpt lon="34.999529" lat="31.903779"><ele>240.545113</ele><time>2026-04-23T05:33:21Z</time><extensions><speed>2.159669</speed><course>146.899473</course><hAcc>1.529802</hAcc><vAcc>0.777987</vAcc></extensions></trkpt>
      <trkpt lon="34.999540" lat="31.903763"><ele>240.577023</ele><time>2026-04-23T05:33:22Z</time><extensions><speed>2.060625</speed><course>151.715555</course><hAcc>1.536480</hAcc><vAcc>0.775433</vAcc></extensions></trkpt>
      <trkpt lon="34.999550" lat="31.903746"><ele>240.604346</ele><time>2026-04-23T05:33:23Z</time><extensions><speed>2.071199</speed><course>155.801765</course><hAcc>1.550342</hAcc><vAcc>0.773603</vAcc></extensions></trkpt>
      <trkpt lon="34.999559" lat="31.903729"><ele>240.644516</ele><time>2026-04-23T05:33:24Z</time><extensions><speed>2.063880</speed><course>158.317939</course><hAcc>1.565602</hAcc><vAcc>0.772200</vAcc></extensions></trkpt>
      <trkpt lon="34.999567" lat="31.903711"><ele>240.686362</ele><time>2026-04-23T05:33:25Z</time><extensions><speed>2.209420</speed><course>158.214275</course><hAcc>1.576986</hAcc><vAcc>0.771410</vAcc></extensions></trkpt>
      <trkpt lon="34.999576" lat="31.903693"><ele>240.737368</ele><time>2026-04-23T05:33:26Z</time><extensions><speed>2.292732</speed><course>155.023329</course><hAcc>1.588658</hAcc><vAcc>0.771288</vAcc></extensions></trkpt>
      <trkpt lon="34.999587" lat="31.903674"><ele>240.797840</ele><time>2026-04-23T05:33:27Z</time><extensions><speed>2.295075</speed><course>150.426375</course><hAcc>1.602943</hAcc><vAcc>0.771953</vAcc></extensions></trkpt>
      <trkpt lon="34.999598" lat="31.903657"><ele>240.853073</ele><time>2026-04-23T05:33:28Z</time><extensions><speed>2.089002</speed><course>155.293388</course><hAcc>1.611111</hAcc><vAcc>0.772797</vAcc></extensions></trkpt>
      <trkpt lon="34.999606" lat="31.903640"><ele>240.918647</ele><time>2026-04-23T05:33:29Z</time><extensions><speed>1.986174</speed><course>159.142275</course><hAcc>1.615414</hAcc><vAcc>0.774370</vAcc></extensions></trkpt>
      <trkpt lon="34.999614" lat="31.903623"><ele>240.986343</ele><time>2026-04-23T05:33:30Z</time><extensions><speed>1.898479</speed><course>156.472709</course><hAcc>1.618789</hAcc><vAcc>0.775757</vAcc></extensions></trkpt>
      <trkpt lon="34.999622" lat="31.903608"><ele>241.057991</ele><time>2026-04-23T05:33:31Z</time><extensions><speed>1.782109</speed><course>155.392028</course><hAcc>1.626654</hAcc><vAcc>0.777056</vAcc></extensions></trkpt>
      <trkpt lon="34.999630" lat="31.903594"><ele>241.140683</ele><time>2026-04-23T05:33:32Z</time><extensions><speed>1.787031</speed><course>155.049097</course><hAcc>1.628419</hAcc><vAcc>0.778038</vAcc></extensions></trkpt>
      <trkpt lon="34.999638" lat="31.903578"><ele>241.215736</ele><time>2026-04-23T05:33:32Z</time><extensions><speed>1.929632</speed><course>153.763925</course><hAcc>1.626054</hAcc><vAcc>0.778523</vAcc></extensions></trkpt>
      <trkpt lon="34.999647" lat="31.903562"><ele>241.286017</ele><time>2026-04-23T05:33:33Z</time><extensions><speed>2.053482</speed><course>154.743570</course><hAcc>1.624773</hAcc><vAcc>0.778413</vAcc></extensions></trkpt>
      <trkpt lon="34.999656" lat="31.903545"><ele>241.356279</ele><time>2026-04-23T05:33:34Z</time><extensions><speed>2.126034</speed><course>156.471437</course><hAcc>1.623469</hAcc><vAcc>0.777927</vAcc></extensions></trkpt>
      <trkpt lon="34.999665" lat="31.903528"><ele>241.441340</ele><time>2026-04-23T05:33:35Z</time><extensions><speed>2.104437</speed><course>155.559534</course><hAcc>1.625902</hAcc><vAcc>0.777046</vAcc></extensions></trkpt>
      <trkpt lon="34.999674" lat="31.903510"><ele>241.505720</ele><time>2026-04-23T05:33:36Z</time><extensions><speed>2.188540</speed><course>156.384579</course><hAcc>1.630258</hAcc><vAcc>0.775882</vAcc></extensions></trkpt>
      <trkpt lon="34.999684" lat="31.903492"><ele>241.589252</ele><time>2026-04-23T05:33:37Z</time><extensions><speed>2.250924</speed><course>156.997313</course><hAcc>1.629932</hAcc><vAcc>0.774590</vAcc></extensions></trkpt>
      <trkpt lon="34.999694" lat="31.903473"><ele>241.662290</ele><time>2026-04-23T05:33:38Z</time><extensions><speed>2.344051</speed><course>152.745285</course><hAcc>1.628303</hAcc><vAcc>0.773710</vAcc></extensions></trkpt>
      <trkpt lon="34.999706" lat="31.903454"><ele>241.728994</ele><time>2026-04-23T05:33:39Z</time><extensions><speed>2.426838</speed><course>150.091752</course><hAcc>1.621603</hAcc><vAcc>0.773343</vAcc></extensions></trkpt>
      <trkpt lon="34.999718" lat="31.903435"><ele>241.811959</ele><time>2026-04-23T05:33:40Z</time><extensions><speed>2.378307</speed><course>153.903024</course><hAcc>1.619948</hAcc><vAcc>0.773540</vAcc></extensions></trkpt>
      <trkpt lon="34.999729" lat="31.903416"><ele>241.900607</ele><time>2026-04-23T05:33:41Z</time><extensions><speed>2.365043</speed><course>154.376699</course><hAcc>1.620543</hAcc><vAcc>0.774418</vAcc></extensions></trkpt>
      <trkpt lon="34.999739" lat="31.903396"><ele>242.000474</ele><time>2026-04-23T05:33:42Z</time><extensions><speed>2.311393</speed><course>155.859968</course><hAcc>1.619736</hAcc><vAcc>0.776208</vAcc></extensions></trkpt>
      <trkpt lon="34.999749" lat="31.903378"><ele>242.091755</ele><time>2026-04-23T05:33:43Z</time><extensions><speed>2.299954</speed><course>156.237704</course><hAcc>1.614736</hAcc><vAcc>0.778784</vAcc></extensions></trkpt>
      <trkpt lon="34.999759" lat="31.903358"><ele>242.194411</ele><time>2026-04-23T05:33:44Z</time><extensions><speed>2.331301</speed><course>156.245269</course><hAcc>1.613064</hAcc><vAcc>0.782051</vAcc></extensions></trkpt>
      <trkpt lon="34.999768" lat="31.903339"><ele>242.296711</ele><time>2026-04-23T05:33:45Z</time><extensions><speed>2.296563</speed><course>157.952235</course><hAcc>1.611113</hAcc><vAcc>0.786139</vAcc></extensions></trkpt>
      <trkpt lon="34.999778" lat="31.903320"><ele>242.396715</ele><time>2026-04-23T05:33:46Z</time><extensions><speed>2.265140</speed><course>156.306949</course><hAcc>1.608314</hAcc><vAcc>0.790199</vAcc></extensions></trkpt>
      <trkpt lon="34.999787" lat="31.903302"><ele>242.490208</ele><time>2026-04-23T05:33:47Z</time><extensions><speed>2.219045</speed><course>155.408892</course><hAcc>1.610989</hAcc><vAcc>0.793641</vAcc></extensions></trkpt>
      <trkpt lon="34.999797" lat="31.903284"><ele>242.583985</ele><time>2026-04-23T05:33:48Z</time><extensions><speed>2.286190</speed><course>154.552669</course><hAcc>1.612488</hAcc><vAcc>0.796598</vAcc></extensions></trkpt>
      <trkpt lon="34.999808" lat="31.903265"><ele>242.661901</ele><time>2026-04-23T05:33:49Z</time><extensions><speed>2.296159</speed><course>153.570336</course><hAcc>1.609512</hAcc><vAcc>0.798940</vAcc></extensions></trkpt>
      <trkpt lon="34.999819" lat="31.903247"><ele>242.749505</ele><time>2026-04-23T05:33:50Z</time><extensions><speed>2.351204</speed><course>151.142481</course><hAcc>1.607344</hAcc><vAcc>0.800563</vAcc></extensions></trkpt>
      <trkpt lon="34.999831" lat="31.903228"><ele>242.825377</ele><time>2026-04-23T05:33:51Z</time><extensions><speed>2.442710</speed><course>152.419275</course><hAcc>1.601483</hAcc><vAcc>0.801553</vAcc></extensions></trkpt>
      <trkpt lon="34.999842" lat="31.903209"><ele>242.893473</ele><time>2026-04-23T05:33:52Z</time><extensions><speed>2.340190</speed><course>156.557752</course><hAcc>1.598712</hAcc><vAcc>0.801501</vAcc></extensions></trkpt>
      <trkpt lon="34.999850" lat="31.903190"><ele>242.953526</ele><time>2026-04-23T05:33:53Z</time><extensions><speed>2.203043</speed><course>161.960532</course><hAcc>1.597358</hAcc><vAcc>0.800777</vAcc></extensions></trkpt>
      <trkpt lon="34.999856" lat="31.903171"><ele>243.017510</ele><time>2026-04-23T05:33:54Z</time><extensions><speed>2.241124</speed><course>168.610623</course><hAcc>1.595625</hAcc><vAcc>0.799260</vAcc></extensions></trkpt>
      <trkpt lon="34.999861" lat="31.903152"><ele>243.079768</ele><time>2026-04-23T05:33:55Z</time><extensions><speed>2.210009</speed><course>167.886033</course><hAcc>1.595330</hAcc><vAcc>0.796797</vAcc></extensions></trkpt>
      <trkpt lon="34.999866" lat="31.903133"><ele>243.133833</ele><time>2026-04-23T05:33:56Z</time><extensions><speed>2.071243</speed><course>166.698343</course><hAcc>1.594064</hAcc><vAcc>0.793861</vAcc></extensions></trkpt>
      <trkpt lon="34.999871" lat="31.903116"><ele>243.188697</ele><time>2026-04-23T05:33:57Z</time><extensions><speed>1.903320</speed><course>166.855956</course><hAcc>1.590333</hAcc><vAcc>0.791001</vAcc></extensions></trkpt>
      <trkpt lon="34.999875" lat="31.903100"><ele>243.253346</ele><time>2026-04-23T05:33:58Z</time><extensions><speed>1.848763</speed><course>169.627562</course><hAcc>1.582639</hAcc><vAcc>0.788381</vAcc></extensions></trkpt>
      <trkpt lon="34.999877" lat="31.903084"><ele>243.323654</ele><time>2026-04-23T05:33:59Z</time><extensions><speed>1.763908</speed><course>178.704228</course><hAcc>1.575303</hAcc><vAcc>0.786030</vAcc></extensions></trkpt>
      <trkpt lon="34.999876" lat="31.903068"><ele>243.389154</ele><time>2026-04-23T05:34:00Z</time><extensions><speed>1.728500</speed><course>191.685860</course><hAcc>1.571375</hAcc><vAcc>0.784673</vAcc></extensions></trkpt>
      <trkpt lon="34.999871" lat="31.903053"><ele>243.461994</ele><time>2026-04-23T05:34:01Z</time><extensions><speed>1.822148</speed><course>197.895240</course><hAcc>1.567557</hAcc><vAcc>0.784077</vAcc></extensions></trkpt>
      <trkpt lon="34.999865" lat="31.903037"><ele>243.562295</ele><time>2026-04-23T05:34:02Z</time><extensions><speed>1.848891</speed><course>199.245680</course><hAcc>1.561985</hAcc><vAcc>0.784051</vAcc></extensions></trkpt>
      <trkpt lon="34.999859" lat="31.903021"><ele>243.666416</ele><time>2026-04-23T05:34:03Z</time><extensions><speed>1.903285</speed><course>195.990494</course><hAcc>1.557578</hAcc><vAcc>0.784278</vAcc></extensions></trkpt>
      <trkpt lon="34.999855" lat="31.903004"><ele>243.747543</ele><time>2026-04-23T05:34:04Z</time><extensions><speed>2.014168</speed><course>189.525411</course><hAcc>1.549360</hAcc><vAcc>0.784440</vAcc></extensions></trkpt>
      <trkpt lon="34.999852" lat="31.902986"><ele>243.852834</ele><time>2026-04-23T05:34:05Z</time><extensions><speed>1.967352</speed><course>186.321696</course><hAcc>1.541698</hAcc><vAcc>0.784622</vAcc></extensions></trkpt>
      <trkpt lon="34.999851" lat="31.902969"><ele>243.943842</ele><time>2026-04-23T05:34:06Z</time><extensions><speed>1.871343</speed><course>179.404139</course><hAcc>1.539171</hAcc><vAcc>0.784950</vAcc></extensions></trkpt>
      <trkpt lon="34.999854" lat="31.902953"><ele>244.028673</ele><time>2026-04-23T05:34:07Z</time><extensions><speed>1.820012</speed><course>163.086395</course><hAcc>1.535118</hAcc><vAcc>0.785376</vAcc></extensions></trkpt>
      <trkpt lon="34.999862" lat="31.902936"><ele>244.119656</ele><time>2026-04-23T05:34:08Z</time><extensions><speed>2.124666</speed><course>151.074698</course><hAcc>1.530294</hAcc><vAcc>0.785640</vAcc></extensions></trkpt>
      <trkpt lon="34.999875" lat="31.902920"><ele>244.201174</ele><time>2026-04-23T05:34:09Z</time><extensions><speed>2.225401</speed><course>144.897655</course><hAcc>1.525523</hAcc><vAcc>0.785489</vAcc></extensions></trkpt>
      <trkpt lon="34.999889" lat="31.902903"><ele>244.257786</ele><time>2026-04-23T05:34:10Z</time><extensions><speed>2.430334</speed><course>144.117744</course><hAcc>1.521866</hAcc><vAcc>0.784855</vAcc></extensions></trkpt>
      <trkpt lon="34.999905" lat="31.902885"><ele>244.284819</ele><time>2026-04-23T05:34:11Z</time><extensions><speed>2.520815</speed><course>142.023751</course><hAcc>1.518449</hAcc><vAcc>0.783718</vAcc></extensions></trkpt>
      <trkpt lon="34.999922" lat="31.902868"><ele>244.306156</ele><time>2026-04-23T05:34:12Z</time><extensions><speed>2.494332</speed><course>135.968260</course><hAcc>1.525690</hAcc><vAcc>0.782068</vAcc></extensions></trkpt>
      <trkpt lon="34.999942" lat="31.902853"><ele>244.328096</ele><time>2026-04-23T05:34:13Z</time><extensions><speed>2.547797</speed><course>127.582386</course><hAcc>1.533624</hAcc><vAcc>0.779989</vAcc></extensions></trkpt>
      <trkpt lon="34.999964" lat="31.902839"><ele>244.337807</ele><time>2026-04-23T05:34:14Z</time><extensions><speed>2.577358</speed><course>122.931127</course><hAcc>1.541303</hAcc><vAcc>0.777639</vAcc></extensions></trkpt>
      <trkpt lon="34.999986" lat="31.902827"><ele>244.353016</ele><time>2026-04-23T05:34:15Z</time><extensions><speed>2.434909</speed><course>121.335597</course><hAcc>1.556991</hAcc><vAcc>0.775189</vAcc></extensions></trkpt>
      <trkpt lon="35.000008" lat="31.902815"><ele>244.365319</ele><time>2026-04-23T05:34:16Z</time><extensions><speed>2.479126</speed><course>122.341571</course><hAcc>1.577585</hAcc><vAcc>0.773007</vAcc></extensions></trkpt>
      <trkpt lon="35.000030" lat="31.902803"><ele>244.353224</ele><time>2026-04-23T05:34:17Z</time><extensions><speed>2.478981</speed><course>124.976083</course><hAcc>1.592268</hAcc><vAcc>0.770895</vAcc></extensions></trkpt>
      <trkpt lon="35.000051" lat="31.902789"><ele>244.327319</ele><time>2026-04-23T05:34:18Z</time><extensions><speed>2.481847</speed><course>130.440927</course><hAcc>1.605681</hAcc><vAcc>0.769024</vAcc></extensions></trkpt>
      <trkpt lon="35.000070" lat="31.902774"><ele>244.334505</ele><time>2026-04-23T05:34:19Z</time><extensions><speed>2.466373</speed><course>137.272935</course><hAcc>1.613167</hAcc><vAcc>0.767428</vAcc></extensions></trkpt>
      <trkpt lon="35.000086" lat="31.902757"><ele>244.332211</ele><time>2026-04-23T05:34:20Z</time><extensions><speed>2.332655</speed><course>142.787503</course><hAcc>1.619130</hAcc><vAcc>0.766368</vAcc></extensions></trkpt>
      <trkpt lon="35.000100" lat="31.902740"><ele>244.336631</ele><time>2026-04-23T05:34:21Z</time><extensions><speed>2.286295</speed><course>150.497295</course><hAcc>1.627473</hAcc><vAcc>0.765885</vAcc></extensions></trkpt>
      <trkpt lon="35.000110" lat="31.902721"><ele>244.339203</ele><time>2026-04-23T05:34:22Z</time><extensions><speed>2.475805</speed><course>159.830870</course><hAcc>1.632827</hAcc><vAcc>0.765899</vAcc></extensions></trkpt>
      <trkpt lon="35.000118" lat="31.902700"><ele>244.355115</ele><time>2026-04-23T05:34:23Z</time><extensions><speed>2.495116</speed><course>163.174913</course><hAcc>1.634293</hAcc><vAcc>0.766310</vAcc></extensions></trkpt>
      <trkpt lon="35.000125" lat="31.902679"><ele>244.389944</ele><time>2026-04-23T05:34:24Z</time><extensions><speed>2.365380</speed><course>164.944377</course><hAcc>1.625488</hAcc><vAcc>0.767346</vAcc></extensions></trkpt>
      <trkpt lon="35.000132" lat="31.902659"><ele>244.444151</ele><time>2026-04-23T05:34:25Z</time><extensions><speed>2.329359</speed><course>163.302978</course><hAcc>1.620581</hAcc><vAcc>0.769332</vAcc></extensions></trkpt>
      <trkpt lon="35.000140" lat="31.902640"><ele>244.507845</ele><time>2026-04-23T05:34:26Z</time><extensions><speed>2.161284</speed><course>156.426920</course><hAcc>1.612060</hAcc><vAcc>0.772560</vAcc></extensions></trkpt>
      <trkpt lon="35.000150" lat="31.902622"><ele>244.576504</ele><time>2026-04-23T05:34:27Z</time><extensions><speed>2.185603</speed><course>150.907362</course><hAcc>1.599514</hAcc><vAcc>0.776934</vAcc></extensions></trkpt>
      <trkpt lon="35.000162" lat="31.902605"><ele>244.657559</ele><time>2026-04-23T05:34:28Z</time><extensions><speed>2.090106</speed><course>148.032729</course><hAcc>1.595839</hAcc><vAcc>0.782170</vAcc></extensions></trkpt>
      <trkpt lon="35.000175" lat="31.902589"><ele>244.710337</ele><time>2026-04-23T05:34:29Z</time><extensions><speed>2.210317</speed><course>144.906880</course><hAcc>1.591325</hAcc><vAcc>0.787186</vAcc></extensions></trkpt>
      <trkpt lon="35.000189" lat="31.902572"><ele>244.745932</ele><time>2026-04-23T05:34:30Z</time><extensions><speed>2.415211</speed><course>143.790644</course><hAcc>1.588469</hAcc><vAcc>0.792697</vAcc></extensions></trkpt>
      <trkpt lon="35.000205" lat="31.902554"><ele>244.787432</ele><time>2026-04-23T05:34:31Z</time><extensions><speed>2.485213</speed><course>141.938934</course><hAcc>1.593901</hAcc><vAcc>0.798401</vAcc></extensions></trkpt>
      <trkpt lon="35.000222" lat="31.902537"><ele>244.792819</ele><time>2026-04-23T05:34:32Z</time><extensions><speed>2.519048</speed><course>139.140821</course><hAcc>1.597583</hAcc><vAcc>0.802911</vAcc></extensions></trkpt>
      <trkpt lon="35.000237" lat="31.902519"><ele>244.813020</ele><time>2026-04-23T05:34:33Z</time><extensions><speed>2.340963</speed><course>148.427970</course><hAcc>1.599614</hAcc><vAcc>0.807369</vAcc></extensions></trkpt>
      <trkpt lon="35.000247" lat="31.902502"><ele>244.827548</ele><time>2026-04-23T05:34:34Z</time><extensions><speed>2.004882</speed><course>159.676033</course><hAcc>1.607696</hAcc><vAcc>0.811709</vAcc></extensions></trkpt>
      <trkpt lon="35.000252" lat="31.902484"><ele>244.802570</ele><time>2026-04-23T05:34:35Z</time><extensions><speed>2.041999</speed><course>172.909318</course><hAcc>1.615164</hAcc><vAcc>0.814946</vAcc></extensions></trkpt>
      <trkpt lon="35.000255" lat="31.902465"><ele>244.795949</ele><time>2026-04-23T05:34:36Z</time><extensions><speed>2.194680</speed><course>172.776831</course><hAcc>1.610690</hAcc><vAcc>0.816798</vAcc></extensions></trkpt>
      <trkpt lon="35.000259" lat="31.902445"><ele>244.787496</ele><time>2026-04-23T05:34:37Z</time><extensions><speed>2.365072</speed><course>168.249998</course><hAcc>1.604966</hAcc><vAcc>0.817212</vAcc></extensions></trkpt>
      <trkpt lon="35.000265" lat="31.902423"><ele>244.774039</ele><time>2026-04-23T05:34:38Z</time><extensions><speed>2.454396</speed><course>165.458135</course><hAcc>1.601197</hAcc><vAcc>0.816039</vAcc></extensions></trkpt>
      <trkpt lon="35.000272" lat="31.902402"><ele>244.747319</ele><time>2026-04-23T05:34:39Z</time><extensions><speed>2.509084</speed><course>165.010204</course><hAcc>1.592488</hAcc><vAcc>0.813336</vAcc></extensions></trkpt>
      <trkpt lon="35.000278" lat="31.902379"><ele>244.704398</ele><time>2026-04-23T05:34:40Z</time><extensions><speed>2.639673</speed><course>169.525708</course><hAcc>1.588666</hAcc><vAcc>0.809330</vAcc></extensions></trkpt>
      <trkpt lon="35.000284" lat="31.902356"><ele>244.674540</ele><time>2026-04-23T05:34:41Z</time><extensions><speed>2.525720</speed><course>167.262914</course><hAcc>1.587082</hAcc><vAcc>0.804567</vAcc></extensions></trkpt>
      <trkpt lon="35.000290" lat="31.902335"><ele>244.627992</ele><time>2026-04-23T05:34:42Z</time><extensions><speed>2.301444</speed><course>162.988843</course><hAcc>1.588368</hAcc><vAcc>0.799486</vAcc></extensions></trkpt>
      <trkpt lon="35.000299" lat="31.902314"><ele>244.600902</ele><time>2026-04-23T05:34:43Z</time><extensions><speed>2.585176</speed><course>158.131852</course><hAcc>1.584023</hAcc><vAcc>0.794245</vAcc></extensions></trkpt>
      <trkpt lon="35.000310" lat="31.902293"><ele>244.577926</ele><time>2026-04-23T05:34:44Z</time><extensions><speed>2.608328</speed><course>155.771521</course><hAcc>1.588311</hAcc><vAcc>0.789314</vAcc></extensions></trkpt>
      <trkpt lon="35.000323" lat="31.902272"><ele>244.546006</ele><time>2026-04-23T05:34:45Z</time><extensions><speed>2.602772</speed><course>150.097426</course><hAcc>1.589171</hAcc><vAcc>0.784786</vAcc></extensions></trkpt>
      <trkpt lon="35.000337" lat="31.902252"><ele>244.515449</ele><time>2026-04-23T05:34:46Z</time><extensions><speed>2.636000</speed><course>147.642177</course><hAcc>1.593578</hAcc><vAcc>0.780896</vAcc></extensions></trkpt>
      <trkpt lon="35.000352" lat="31.902232"><ele>244.492501</ele><time>2026-04-23T05:34:47Z</time><extensions><speed>2.639108</speed><course>146.463553</course><hAcc>1.601238</hAcc><vAcc>0.777612</vAcc></extensions></trkpt>
      <trkpt lon="35.000368" lat="31.902212"><ele>244.486609</ele><time>2026-04-23T05:34:48Z</time><extensions><speed>2.646766</speed><course>147.135238</course><hAcc>1.609198</hAcc><vAcc>0.775085</vAcc></extensions></trkpt>
      <trkpt lon="35.000383" lat="31.902191"><ele>244.468475</ele><time>2026-04-23T05:34:49Z</time><extensions><speed>2.648182</speed><course>148.918954</course><hAcc>1.617419</hAcc><vAcc>0.773255</vAcc></extensions></trkpt>
      <trkpt lon="35.000397" lat="31.902172"><ele>244.455147</ele><time>2026-04-23T05:34:50Z</time><extensions><speed>2.519520</speed><course>146.861452</course><hAcc>1.626798</hAcc><vAcc>0.771990</vAcc></extensions></trkpt>
      <trkpt lon="35.000413" lat="31.902152"><ele>244.436994</ele><time>2026-04-23T05:34:51Z</time><extensions><speed>2.686060</speed><course>144.351368</course><hAcc>1.635394</hAcc><vAcc>0.771610</vAcc></extensions></trkpt>
      <trkpt lon="35.000430" lat="31.902132"><ele>244.405880</ele><time>2026-04-23T05:34:52Z</time><extensions><speed>2.727394</speed><course>144.214961</course><hAcc>1.641557</hAcc><vAcc>0.771878</vAcc></extensions></trkpt>
      <trkpt lon="35.000446" lat="31.902112"><ele>244.366159</ele><time>2026-04-23T05:34:54Z</time><extensions><speed>2.703841</speed><course>144.706824</course><hAcc>1.644730</hAcc><vAcc>0.772544</vAcc></extensions></trkpt>
      <trkpt lon="35.000463" lat="31.902092"><ele>244.329922</ele><time>2026-04-23T05:34:55Z</time><extensions><speed>2.706119</speed><course>145.071713</course><hAcc>1.652842</hAcc><vAcc>0.773441</vAcc></extensions></trkpt>
      <trkpt lon="35.000479" lat="31.902073"><ele>244.309823</ele><time>2026-04-23T05:34:56Z</time><extensions><speed>2.589080</speed><course>147.087144</course><hAcc>1.658464</hAcc><vAcc>0.774454</vAcc></extensions></trkpt>
      <trkpt lon="35.000494" lat="31.902053"><ele>244.298490</ele><time>2026-04-23T05:34:57Z</time><extensions><speed>2.591116</speed><course>148.289539</course><hAcc>1.661130</hAcc><vAcc>0.775146</vAcc></extensions></trkpt>
      <trkpt lon="35.000508" lat="31.902032"><ele>244.253768</ele><time>2026-04-23T05:34:58Z</time><extensions><speed>2.733997</speed><course>148.929220</course><hAcc>1.658956</hAcc><vAcc>0.776543</vAcc></extensions></trkpt>
      <trkpt lon="35.000523" lat="31.902010"><ele>244.216905</ele><time>2026-04-23T05:34:59Z</time><extensions><speed>2.900597</speed><course>150.982864</course><hAcc>1.654482</hAcc><vAcc>0.778105</vAcc></extensions></trkpt>
      <trkpt lon="35.000538" lat="31.901988"><ele>244.175482</ele><time>2026-04-23T05:35:00Z</time><extensions><speed>2.861147</speed><course>150.820168</course><hAcc>1.652784</hAcc><vAcc>0.780050</vAcc></extensions></trkpt>
      <trkpt lon="35.000553" lat="31.901966"><ele>244.137856</ele><time>2026-04-23T05:35:01Z</time><extensions><speed>2.778182</speed><course>148.738345</course><hAcc>1.647191</hAcc><vAcc>0.781694</vAcc></extensions></trkpt>
      <trkpt lon="35.000569" lat="31.901945"><ele>244.099992</ele><time>2026-04-23T05:35:02Z</time><extensions><speed>2.682522</speed><course>146.193944</course><hAcc>1.638844</hAcc><vAcc>0.783202</vAcc></extensions></trkpt>
      <trkpt lon="35.000585" lat="31.901925"><ele>244.049437</ele><time>2026-04-23T05:35:03Z</time><extensions><speed>2.671337</speed><course>144.418101</course><hAcc>1.631315</hAcc><vAcc>0.784310</vAcc></extensions></trkpt>
      <trkpt lon="35.000602" lat="31.901906"><ele>243.971550</ele><time>2026-04-23T05:35:04Z</time><extensions><speed>2.618301</speed><course>140.409197</course><hAcc>1.627271</hAcc><vAcc>0.784788</vAcc></extensions></trkpt>
      <trkpt lon="35.000620" lat="31.901888"><ele>243.886430</ele><time>2026-04-23T05:35:05Z</time><extensions><speed>2.570121</speed><course>137.677635</course><hAcc>1.624478</hAcc><vAcc>0.784516</vAcc></extensions></trkpt>
      <trkpt lon="35.000638" lat="31.901872"><ele>243.804147</ele><time>2026-04-23T05:35:06Z</time><extensions><speed>2.563075</speed><course>136.255355</course><hAcc>1.621754</hAcc><vAcc>0.783498</vAcc></extensions></trkpt>
      <trkpt lon="35.000657" lat="31.901855"><ele>243.719856</ele><time>2026-04-23T05:35:07Z</time><extensions><speed>2.572108</speed><course>135.767735</course><hAcc>1.624668</hAcc><vAcc>0.781835</vAcc></extensions></trkpt>
      <trkpt lon="35.000676" lat="31.901839"><ele>243.630168</ele><time>2026-04-23T05:35:08Z</time><extensions><speed>2.558737</speed><course>134.297394</course><hAcc>1.628857</hAcc><vAcc>0.779667</vAcc></extensions></trkpt>
      <trkpt lon="35.000696" lat="31.901822"><ele>243.545670</ele><time>2026-04-23T05:35:09Z</time><extensions><speed>2.669827</speed><course>135.188089</course><hAcc>1.627429</hAcc><vAcc>0.777127</vAcc></extensions></trkpt>
      <trkpt lon="35.000716" lat="31.901805"><ele>243.441273</ele><time>2026-04-23T05:35:10Z</time><extensions><speed>2.691388</speed><course>134.072863</course><hAcc>1.629207</hAcc><vAcc>0.774355</vAcc></extensions></trkpt>
      <trkpt lon="35.000736" lat="31.901789"><ele>243.344684</ele><time>2026-04-23T05:35:11Z</time><extensions><speed>2.623311</speed><course>135.627889</course><hAcc>1.630428</hAcc><vAcc>0.771518</vAcc></extensions></trkpt>
      <trkpt lon="35.000754" lat="31.901772"><ele>243.245824</ele><time>2026-04-23T05:35:12Z</time><extensions><speed>2.421808</speed><course>139.671089</course><hAcc>1.636157</hAcc><vAcc>0.768787</vAcc></extensions></trkpt>
      <trkpt lon="35.000770" lat="31.901755"><ele>243.151666</ele><time>2026-04-23T05:35:13Z</time><extensions><speed>2.445125</speed><course>140.561804</course><hAcc>1.646284</hAcc><vAcc>0.766358</vAcc></extensions></trkpt>
      <trkpt lon="35.000787" lat="31.901738"><ele>243.059005</ele><time>2026-04-23T05:35:14Z</time><extensions><speed>2.453534</speed><course>139.761159</course><hAcc>1.650274</hAcc><vAcc>0.764212</vAcc></extensions></trkpt>
      <trkpt lon="35.000804" lat="31.901721"><ele>242.962011</ele><time>2026-04-23T05:35:15Z</time><extensions><speed>2.541346</speed><course>140.813624</course><hAcc>1.651854</hAcc><vAcc>0.762630</vAcc></extensions></trkpt>
      <trkpt lon="35.000822" lat="31.901704"><ele>242.858974</ele><time>2026-04-23T05:35:16Z</time><extensions><speed>2.504707</speed><course>137.854105</course><hAcc>1.657790</hAcc><vAcc>0.761286</vAcc></extensions></trkpt>
      <trkpt lon="35.000840" lat="31.901687"><ele>242.752158</ele><time>2026-04-23T05:35:17Z</time><extensions><speed>2.460768</speed><course>137.544989</course><hAcc>1.660169</hAcc><vAcc>0.760284</vAcc></extensions></trkpt>
      <trkpt lon="35.000858" lat="31.901671"><ele>242.641470</ele><time>2026-04-23T05:35:18Z</time><extensions><speed>2.531127</speed><course>135.526194</course><hAcc>1.660828</hAcc><vAcc>0.759582</vAcc></extensions></trkpt>
      <trkpt lon="35.000878" lat="31.901654"><ele>242.542050</ele><time>2026-04-23T05:35:19Z</time><extensions><speed>2.648761</speed><course>132.612051</course><hAcc>1.662144</hAcc><vAcc>0.759130</vAcc></extensions></trkpt>
      <trkpt lon="35.000899" lat="31.901639"><ele>242.422436</ele><time>2026-04-23T05:35:20Z</time><extensions><speed>2.589153</speed><course>129.192497</course><hAcc>1.665031</hAcc><vAcc>0.758877</vAcc></extensions></trkpt>
      <trkpt lon="35.000920" lat="31.901625"><ele>242.307989</ele><time>2026-04-23T05:35:21Z</time><extensions><speed>2.378540</speed><course>127.581817</course><hAcc>1.671442</hAcc><vAcc>0.758766</vAcc></extensions></trkpt>
      <trkpt lon="35.000939" lat="31.901612"><ele>242.185488</ele><time>2026-04-23T05:35:22Z</time><extensions><speed>2.249982</speed><course>129.708981</course><hAcc>1.681177</hAcc><vAcc>0.758746</vAcc></extensions></trkpt>
      <trkpt lon="35.000957" lat="31.901599"><ele>242.069455</ele><time>2026-04-23T05:35:23Z</time><extensions><speed>2.295743</speed><course>129.488653</course><hAcc>1.686778</hAcc><vAcc>0.758758</vAcc></extensions></trkpt>
      <trkpt lon="35.000978" lat="31.901585"><ele>241.950221</ele><time>2026-04-23T05:35:24Z</time><extensions><speed>2.574105</speed><course>127.521063</course><hAcc>1.688039</hAcc><vAcc>0.758754</vAcc></extensions></trkpt>
      <trkpt lon="35.001000" lat="31.901571"><ele>241.838963</ele><time>2026-04-23T05:35:25Z</time><extensions><speed>2.774624</speed><course>125.733918</course><hAcc>1.694624</hAcc><vAcc>0.758697</vAcc></extensions></trkpt>
      <trkpt lon="35.001024" lat="31.901556"><ele>241.699751</ele><time>2026-04-23T05:35:26Z</time><extensions><speed>2.807272</speed><course>125.247470</course><hAcc>1.707292</hAcc><vAcc>0.758568</vAcc></extensions></trkpt>
      <trkpt lon="35.001049" lat="31.901542"><ele>241.554489</ele><time>2026-04-23T05:35:27Z</time><extensions><speed>2.765329</speed><course>124.198709</course><hAcc>1.720970</hAcc><vAcc>0.758687</vAcc></extensions></trkpt>
      <trkpt lon="35.001072" lat="31.901528"><ele>241.420946</ele><time>2026-04-23T05:35:28Z</time><extensions><speed>2.663098</speed><course>124.645780</course><hAcc>1.736277</hAcc><vAcc>0.759160</vAcc></extensions></trkpt>
      <trkpt lon="35.001096" lat="31.901514"><ele>241.297552</ele><time>2026-04-23T05:35:29Z</time><extensions><speed>2.678057</speed><course>125.833629</course><hAcc>1.737653</hAcc><vAcc>0.760050</vAcc></extensions></trkpt>
      <trkpt lon="35.001119" lat="31.901499"><ele>241.168019</ele><time>2026-04-23T05:35:30Z</time><extensions><speed>2.708337</speed><course>127.068658</course><hAcc>1.735287</hAcc><vAcc>0.761544</vAcc></extensions></trkpt>
      <trkpt lon="35.001142" lat="31.901484"><ele>241.036276</ele><time>2026-04-23T05:35:31Z</time><extensions><speed>2.694881</speed><course>128.133086</course><hAcc>1.728965</hAcc><vAcc>0.763598</vAcc></extensions></trkpt>
      <trkpt lon="35.001164" lat="31.901470"><ele>240.902833</ele><time>2026-04-23T05:35:32Z</time><extensions><speed>2.609675</speed><course>129.309377</course><hAcc>1.725972</hAcc><vAcc>0.766263</vAcc></extensions></trkpt>
      <trkpt lon="35.001186" lat="31.901455"><ele>240.770793</ele><time>2026-04-23T05:35:33Z</time><extensions><speed>2.523256</speed><course>126.904340</course><hAcc>1.720137</hAcc><vAcc>0.769889</vAcc></extensions></trkpt>
      <trkpt lon="35.001208" lat="31.901442"><ele>240.631267</ele><time>2026-04-23T05:35:34Z</time><extensions><speed>2.507941</speed><course>124.405965</course><hAcc>1.718502</hAcc><vAcc>0.774437</vAcc></extensions></trkpt>
      <trkpt lon="35.001230" lat="31.901430"><ele>240.517477</ele><time>2026-04-23T05:35:34Z</time><extensions><speed>2.420455</speed><course>122.638865</course><hAcc>1.706378</hAcc><vAcc>0.779673</vAcc></extensions></trkpt>
      <trkpt lon="35.001252" lat="31.901418"><ele>240.396081</ele><time>2026-04-23T05:35:35Z</time><extensions><speed>2.537414</speed><course>121.184235</course><hAcc>1.700296</hAcc><vAcc>0.785682</vAcc></extensions></trkpt>
      <trkpt lon="35.001277" lat="31.901406"><ele>240.296340</ele><time>2026-04-23T05:35:36Z</time><extensions><speed>2.698491</speed><course>118.420039</course><hAcc>1.692700</hAcc><vAcc>0.792322</vAcc></extensions></trkpt>
      <trkpt lon="35.001303" lat="31.901394"><ele>240.185222</ele><time>2026-04-23T05:35:37Z</time><extensions><speed>2.898347</speed><course>117.346349</course><hAcc>1.685312</hAcc><vAcc>0.799286</vAcc></extensions></trkpt>
      <trkpt lon="35.001331" lat="31.901382"><ele>240.082010</ele><time>2026-04-23T05:35:38Z</time><extensions><speed>3.013402</speed><course>116.002773</course><hAcc>1.678982</hAcc><vAcc>0.806347</vAcc></extensions></trkpt>
      <trkpt lon="35.001360" lat="31.901370"><ele>239.962290</ele><time>2026-04-23T05:35:39Z</time><extensions><speed>2.980705</speed><course>116.397782</course><hAcc>1.671130</hAcc><vAcc>0.813164</vAcc></extensions></trkpt>
      <trkpt lon="35.001388" lat="31.901358"><ele>239.849201</ele><time>2026-04-23T05:35:40Z</time><extensions><speed>2.854955</speed><course>115.609875</course><hAcc>1.661873</hAcc><vAcc>0.819593</vAcc></extensions></trkpt>
      <trkpt lon="35.001415" lat="31.901347"><ele>239.736326</ele><time>2026-04-23T05:35:41Z</time><extensions><speed>2.764471</speed><course>115.035991</course><hAcc>1.654687</hAcc><vAcc>0.825591</vAcc></extensions></trkpt>
      <trkpt lon="35.001441" lat="31.901336"><ele>239.625499</ele><time>2026-04-23T05:35:42Z</time><extensions><speed>2.780328</speed><course>116.371866</course><hAcc>1.653229</hAcc><vAcc>0.831220</vAcc></extensions></trkpt>
      <trkpt lon="35.001468" lat="31.901325"><ele>239.512920</ele><time>2026-04-23T05:35:43Z</time><extensions><speed>2.788113</speed><course>115.725111</course><hAcc>1.652233</hAcc><vAcc>0.836598</vAcc></extensions></trkpt>
      <trkpt lon="35.001494" lat="31.901314"><ele>239.396309</ele><time>2026-04-23T05:35:44Z</time><extensions><speed>2.774276</speed><course>117.590526</course><hAcc>1.643217</hAcc><vAcc>0.841364</vAcc></extensions></trkpt>
      <trkpt lon="35.001520" lat="31.901302"><ele>239.282737</ele><time>2026-04-23T05:35:45Z</time><extensions><speed>2.846276</speed><course>119.621018</course><hAcc>1.635251</hAcc><vAcc>0.845694</vAcc></extensions></trkpt>
      <trkpt lon="35.001547" lat="31.901290"><ele>239.176371</ele><time>2026-04-23T05:35:46Z</time><extensions><speed>2.855146</speed><course>118.580100</course><hAcc>1.633093</hAcc><vAcc>0.849473</vAcc></extensions></trkpt>
      <trkpt lon="35.001573" lat="31.901278"><ele>239.069341</ele><time>2026-04-23T05:35:47Z</time><extensions><speed>2.782868</speed><course>117.273985</course><hAcc>1.629430</hAcc><vAcc>0.852862</vAcc></extensions></trkpt>
      <trkpt lon="35.001599" lat="31.901266"><ele>238.976977</ele><time>2026-04-23T05:35:48Z</time><extensions><speed>2.740111</speed><course>118.528893</course><hAcc>1.624510</hAcc><vAcc>0.855294</vAcc></extensions></trkpt>
      <trkpt lon="35.001624" lat="31.901254"><ele>238.906164</ele><time>2026-04-23T05:35:49Z</time><extensions><speed>2.677622</speed><course>118.981764</course><hAcc>1.621604</hAcc><vAcc>0.857499</vAcc></extensions></trkpt>
      <trkpt lon="35.001649" lat="31.901242"><ele>238.813168</ele><time>2026-04-23T05:35:50Z</time><extensions><speed>2.768701</speed><course>119.358339</course><hAcc>1.616544</hAcc><vAcc>0.859415</vAcc></extensions></trkpt>
      <trkpt lon="35.001675" lat="31.901231"><ele>238.723726</ele><time>2026-04-23T05:35:51Z</time><extensions><speed>2.761129</speed><course>116.062096</course><hAcc>1.611255</hAcc><vAcc>0.860637</vAcc></extensions></trkpt>
      <trkpt lon="35.001702" lat="31.901221"><ele>238.638911</ele><time>2026-04-23T05:35:52Z</time><extensions><speed>2.790100</speed><course>109.232951</course><hAcc>1.604128</hAcc><vAcc>0.861734</vAcc></extensions></trkpt>
      <trkpt lon="35.001730" lat="31.901213"><ele>238.566822</ele><time>2026-04-23T05:35:53Z</time><extensions><speed>2.855843</speed><course>106.627380</course><hAcc>1.595219</hAcc><vAcc>0.862626</vAcc></extensions></trkpt>
      <trkpt lon="35.001759" lat="31.901206"><ele>238.482622</ele><time>2026-04-23T05:35:54Z</time><extensions><speed>2.877632</speed><course>107.359265</course><hAcc>1.587664</hAcc><vAcc>0.862651</vAcc></extensions></trkpt>
      <trkpt lon="35.001788" lat="31.901197"><ele>238.379933</ele><time>2026-04-23T05:35:55Z</time><extensions><speed>2.833878</speed><course>110.846432</course><hAcc>1.580939</hAcc><vAcc>0.862057</vAcc></extensions></trkpt>
      <trkpt lon="35.001814" lat="31.901187"><ele>238.299008</ele><time>2026-04-23T05:35:56Z</time><extensions><speed>2.677900</speed><course>116.132161</course><hAcc>1.578007</hAcc><vAcc>0.860778</vAcc></extensions></trkpt>
      <trkpt lon="35.001839" lat="31.901176"><ele>238.199478</ele><time>2026-04-23T05:35:57Z</time><extensions><speed>2.535365</speed><course>121.247977</course><hAcc>1.574839</hAcc><vAcc>0.858833</vAcc></extensions></trkpt>
      <trkpt lon="35.001862" lat="31.901164"><ele>238.121313</ele><time>2026-04-23T05:35:58Z</time><extensions><speed>2.568879</speed><course>120.595900</course><hAcc>1.569799</hAcc><vAcc>0.856047</vAcc></extensions></trkpt>
      <trkpt lon="35.001886" lat="31.901153"><ele>238.040031</ele><time>2026-04-23T05:35:59Z</time><extensions><speed>2.653750</speed><course>114.618349</course><hAcc>1.569563</hAcc><vAcc>0.852580</vAcc></extensions></trkpt>
      <trkpt lon="35.001912" lat="31.901144"><ele>237.969226</ele><time>2026-04-23T05:36:00Z</time><extensions><speed>2.676059</speed><course>110.974697</course><hAcc>1.564991</hAcc><vAcc>0.848984</vAcc></extensions></trkpt>
      <trkpt lon="35.001938" lat="31.901136"><ele>237.896385</ele><time>2026-04-23T05:36:01Z</time><extensions><speed>2.685464</speed><course>110.518688</course><hAcc>1.557226</hAcc><vAcc>0.845436</vAcc></extensions></trkpt>
      <trkpt lon="35.001965" lat="31.901127"><ele>237.804651</ele><time>2026-04-23T05:36:02Z</time><extensions><speed>2.628669</speed><course>110.791706</course><hAcc>1.551979</hAcc><vAcc>0.841455</vAcc></extensions></trkpt>
      <trkpt lon="35.001990" lat="31.901118"><ele>237.722980</ele><time>2026-04-23T05:36:03Z</time><extensions><speed>2.537322</speed><course>113.820835</course><hAcc>1.548860</hAcc><vAcc>0.837057</vAcc></extensions></trkpt>
      <trkpt lon="35.002013" lat="31.901108"><ele>237.646925</ele><time>2026-04-23T05:36:04Z</time><extensions><speed>2.444488</speed><course>119.125025</course><hAcc>1.541161</hAcc><vAcc>0.832433</vAcc></extensions></trkpt>
      <trkpt lon="35.002035" lat="31.901097"><ele>237.578273</ele><time>2026-04-23T05:36:05Z</time><extensions><speed>2.422918</speed><course>121.521040</course><hAcc>1.532549</hAcc><vAcc>0.827727</vAcc></extensions></trkpt>
      <trkpt lon="35.002058" lat="31.901086"><ele>237.497588</ele><time>2026-04-23T05:36:06Z</time><extensions><speed>2.504597</speed><course>119.972314</course><hAcc>1.523967</hAcc><vAcc>0.823228</vAcc></extensions></trkpt>
      <trkpt lon="35.002081" lat="31.901075"><ele>237.412359</ele><time>2026-04-23T05:36:07Z</time><extensions><speed>2.550137</speed><course>119.264718</course><hAcc>1.519923</hAcc><vAcc>0.818909</vAcc></extensions></trkpt>
      <trkpt lon="35.002105" lat="31.901064"><ele>237.337986</ele><time>2026-04-23T05:36:08Z</time><extensions><speed>2.524151</speed><course>118.419858</course><hAcc>1.513792</hAcc><vAcc>0.814753</vAcc></extensions></trkpt>
      <trkpt lon="35.002128" lat="31.901053"><ele>237.269370</ele><time>2026-04-23T05:36:09Z</time><extensions><speed>2.503842</speed><course>116.304591</course><hAcc>1.508059</hAcc><vAcc>0.811762</vAcc></extensions></trkpt>
      <trkpt lon="35.002153" lat="31.901043"><ele>237.191313</ele><time>2026-04-23T05:36:10Z</time><extensions><speed>2.620966</speed><course>115.548056</course><hAcc>1.505551</hAcc><vAcc>0.809231</vAcc></extensions></trkpt>
      <trkpt lon="35.002177" lat="31.901033"><ele>237.122151</ele><time>2026-04-23T05:36:11Z</time><extensions><speed>2.598853</speed><course>116.709179</course><hAcc>1.496854</hAcc><vAcc>0.807498</vAcc></extensions></trkpt>
      <trkpt lon="35.002202" lat="31.901022"><ele>237.041853</ele><time>2026-04-23T05:36:12Z</time><extensions><speed>2.620430</speed><course>117.508157</course><hAcc>1.486828</hAcc><vAcc>0.805970</vAcc></extensions></trkpt>
      <trkpt lon="35.002226" lat="31.901012"><ele>236.977743</ele><time>2026-04-23T05:36:13Z</time><extensions><speed>2.466415</speed><course>115.932409</course><hAcc>1.479366</hAcc><vAcc>0.804876</vAcc></extensions></trkpt>
      <trkpt lon="35.002249" lat="31.901002"><ele>236.910768</ele><time>2026-04-23T05:36:14Z</time><extensions><speed>2.382665</speed><course>116.536919</course><hAcc>1.476326</hAcc><vAcc>0.804154</vAcc></extensions></trkpt>
      <trkpt lon="35.002272" lat="31.900992"><ele>236.833844</ele><time>2026-04-23T05:36:15Z</time><extensions><speed>2.490600</speed><course>115.504173</course><hAcc>1.469609</hAcc><vAcc>0.803330</vAcc></extensions></trkpt>
      <trkpt lon="35.002297" lat="31.900983"><ele>236.763397</ele><time>2026-04-23T05:36:16Z</time><extensions><speed>2.618585</speed><course>113.893102</course><hAcc>1.469875</hAcc><vAcc>0.802454</vAcc></extensions></trkpt>
      <trkpt lon="35.002322" lat="31.900973"><ele>236.697197</ele><time>2026-04-23T05:36:17Z</time><extensions><speed>2.616184</speed><course>112.254546</course><hAcc>1.472314</hAcc><vAcc>0.801599</vAcc></extensions></trkpt>
      <trkpt lon="35.002349" lat="31.900964"><ele>236.612293</ele><time>2026-04-23T05:36:18Z</time><extensions><speed>2.715897</speed><course>112.694119</course><hAcc>1.471142</hAcc><vAcc>0.801210</vAcc></extensions></trkpt>
      <trkpt lon="35.002375" lat="31.900954"><ele>236.513512</ele><time>2026-04-23T05:36:19Z</time><extensions><speed>2.770619</speed><course>115.462993</course><hAcc>1.467710</hAcc><vAcc>0.800864</vAcc></extensions></trkpt>
      <trkpt lon="35.002402" lat="31.900943"><ele>236.432723</ele><time>2026-04-23T05:36:20Z</time><extensions><speed>2.775464</speed><course>116.852900</course><hAcc>1.463668</hAcc><vAcc>0.800172</vAcc></extensions></trkpt>
      <trkpt lon="35.002428" lat="31.900932"><ele>236.328471</ele><time>2026-04-23T05:36:21Z</time><extensions><speed>2.736314</speed><course>116.370759</course><hAcc>1.459710</hAcc><vAcc>0.798961</vAcc></extensions></trkpt>
      <trkpt lon="35.002454" lat="31.900921"><ele>236.242010</ele><time>2026-04-23T05:36:22Z</time><extensions><speed>2.669959</speed><course>114.567088</course><hAcc>1.456549</hAcc><vAcc>0.797471</vAcc></extensions></trkpt>
      <trkpt lon="35.002479" lat="31.900912"><ele>236.165064</ele><time>2026-04-23T05:36:23Z</time><extensions><speed>2.677190</speed><course>113.429247</course><hAcc>1.452687</hAcc><vAcc>0.795707</vAcc></extensions></trkpt>
      <trkpt lon="35.002506" lat="31.900902"><ele>236.089969</ele><time>2026-04-23T05:36:24Z</time><extensions><speed>2.845292</speed><course>113.839061</course><hAcc>1.444446</hAcc><vAcc>0.793816</vAcc></extensions></trkpt>
      <trkpt lon="35.002533" lat="31.900891"><ele>236.010460</ele><time>2026-04-23T05:36:25Z</time><extensions><speed>2.880627</speed><course>116.744485</course><hAcc>1.440981</hAcc><vAcc>0.791967</vAcc></extensions></trkpt>
      <trkpt lon="35.002560" lat="31.900879"><ele>235.938743</ele><time>2026-04-23T05:36:26Z</time><extensions><speed>2.883621</speed><course>118.487130</course><hAcc>1.437913</hAcc><vAcc>0.790353</vAcc></extensions></trkpt>
      <trkpt lon="35.002587" lat="31.900866"><ele>235.856785</ele><time>2026-04-23T05:36:27Z</time><extensions><speed>2.907541</speed><course>119.226711</course><hAcc>1.436819</hAcc><vAcc>0.788882</vAcc></extensions></trkpt>
      <trkpt lon="35.002615" lat="31.900854"><ele>235.775182</ele><time>2026-04-23T05:36:28Z</time><extensions><speed>2.926451</speed><course>115.434873</course><hAcc>1.442726</hAcc><vAcc>0.787644</vAcc></extensions></trkpt>
      <trkpt lon="35.002642" lat="31.900843"><ele>235.693093</ele><time>2026-04-23T05:36:29Z</time><extensions><speed>2.894506</speed><course>115.293422</course><hAcc>1.447565</hAcc><vAcc>0.786549</vAcc></extensions></trkpt>
      <trkpt lon="35.002670" lat="31.900832"><ele>235.614672</ele><time>2026-04-23T05:36:30Z</time><extensions><speed>2.836945</speed><course>113.532894</course><hAcc>1.447235</hAcc><vAcc>0.785355</vAcc></extensions></trkpt>
      <trkpt lon="35.002697" lat="31.900822"><ele>235.550912</ele><time>2026-04-23T05:36:31Z</time><extensions><speed>2.806823</speed><course>113.980753</course><hAcc>1.451445</hAcc><vAcc>0.783890</vAcc></extensions></trkpt>
      <trkpt lon="35.002725" lat="31.900811"><ele>235.498932</ele><time>2026-04-23T05:36:32Z</time><extensions><speed>2.915370</speed><course>115.468060</course><hAcc>1.451898</hAcc><vAcc>0.782381</vAcc></extensions></trkpt>
      <trkpt lon="35.002752" lat="31.900799"><ele>235.463923</ele><time>2026-04-23T05:36:33Z</time><extensions><speed>2.896177</speed><course>117.547783</course><hAcc>1.454094</hAcc><vAcc>0.780842</vAcc></extensions></trkpt>
      <trkpt lon="35.002779" lat="31.900787"><ele>235.437761</ele><time>2026-04-23T05:36:34Z</time><extensions><speed>2.819038</speed><course>116.863698</course><hAcc>1.450040</hAcc><vAcc>0.779188</vAcc></extensions></trkpt>
      <trkpt lon="35.002806" lat="31.900776"><ele>235.409278</ele><time>2026-04-23T05:36:35Z</time><extensions><speed>2.847102</speed><course>116.760083</course><hAcc>1.444749</hAcc><vAcc>0.777964</vAcc></extensions></trkpt>
      <trkpt lon="35.002833" lat="31.900764"><ele>235.380595</ele><time>2026-04-23T05:36:36Z</time><extensions><speed>2.824124</speed><course>117.189560</course><hAcc>1.442643</hAcc><vAcc>0.777018</vAcc></extensions></trkpt>
      <trkpt lon="35.002860" lat="31.900753"><ele>235.332403</ele><time>2026-04-23T05:36:37Z</time><extensions><speed>2.859902</speed><course>114.350771</course><hAcc>1.438988</hAcc><vAcc>0.776460</vAcc></extensions></trkpt>
      <trkpt lon="35.002887" lat="31.900743"><ele>235.285793</ele><time>2026-04-23T05:36:38Z</time><extensions><speed>2.769774</speed><course>112.511313</course><hAcc>1.433690</hAcc><vAcc>0.776022</vAcc></extensions></trkpt>
      <trkpt lon="35.002914" lat="31.900733"><ele>235.264161</ele><time>2026-04-23T05:36:39Z</time><extensions><speed>2.737101</speed><course>114.387318</course><hAcc>1.431560</hAcc><vAcc>0.776012</vAcc></extensions></trkpt>
      <trkpt lon="35.002940" lat="31.900722"><ele>235.210417</ele><time>2026-04-23T05:36:40Z</time><extensions><speed>2.701666</speed><course>117.086380</course><hAcc>1.429892</hAcc><vAcc>0.776295</vAcc></extensions></trkpt>
      <trkpt lon="35.002965" lat="31.900712"><ele>235.161955</ele><time>2026-04-23T05:36:41Z</time><extensions><speed>2.599402</speed><course>116.952639</course><hAcc>1.430683</hAcc><vAcc>0.776588</vAcc></extensions></trkpt>
      <trkpt lon="35.002989" lat="31.900702"><ele>235.107914</ele><time>2026-04-23T05:36:42Z</time><extensions><speed>2.469090</speed><course>111.527970</course><hAcc>1.433625</hAcc><vAcc>0.777080</vAcc></extensions></trkpt>
      <trkpt lon="35.003015" lat="31.900695"><ele>235.042588</ele><time>2026-04-23T05:36:43Z</time><extensions><speed>2.592056</speed><course>105.514172</course><hAcc>1.433039</hAcc><vAcc>0.777735</vAcc></extensions></trkpt>
      <trkpt lon="35.003042" lat="31.900689"><ele>234.975372</ele><time>2026-04-23T05:36:44Z</time><extensions><speed>2.729843</speed><course>101.678255</course><hAcc>1.430393</hAcc><vAcc>0.778449</vAcc></extensions></trkpt>
      <trkpt lon="35.003071" lat="31.900684"><ele>234.879073</ele><time>2026-04-23T05:36:45Z</time><extensions><speed>2.814451</speed><course>101.341887</course><hAcc>1.428852</hAcc><vAcc>0.778874</vAcc></extensions></trkpt>
      <trkpt lon="35.003100" lat="31.900679"><ele>234.790101</ele><time>2026-04-23T05:36:46Z</time><extensions><speed>2.834472</speed><course>103.985407</course><hAcc>1.427558</hAcc><vAcc>0.778850</vAcc></extensions></trkpt>
      <trkpt lon="35.003129" lat="31.900672"><ele>234.679681</ele><time>2026-04-23T05:36:47Z</time><extensions><speed>2.866609</speed><course>107.984143</course><hAcc>1.424401</hAcc><vAcc>0.778309</vAcc></extensions></trkpt>
      <trkpt lon="35.003157" lat="31.900663"><ele>234.567971</ele><time>2026-04-23T05:36:48Z</time><extensions><speed>2.755507</speed><course>111.400107</course><hAcc>1.417155</hAcc><vAcc>0.777268</vAcc></extensions></trkpt>
      <trkpt lon="35.003184" lat="31.900654"><ele>234.445741</ele><time>2026-04-23T05:36:49Z</time><extensions><speed>2.738198</speed><course>110.878293</course><hAcc>1.410982</hAcc><vAcc>0.775740</vAcc></extensions></trkpt>
      <trkpt lon="35.003211" lat="31.900645"><ele>234.314559</ele><time>2026-04-23T05:36:50Z</time><extensions><speed>2.737714</speed><course>112.963564</course><hAcc>1.407290</hAcc><vAcc>0.773877</vAcc></extensions></trkpt>
      <trkpt lon="35.003237" lat="31.900635"><ele>234.178812</ele><time>2026-04-23T05:36:51Z</time><extensions><speed>2.802474</speed><course>115.952877</course><hAcc>1.401684</hAcc><vAcc>0.771837</vAcc></extensions></trkpt>
      <trkpt lon="35.003264" lat="31.900624"><ele>234.034248</ele><time>2026-04-23T05:36:52Z</time><extensions><speed>2.753122</speed><course>114.957361</course><hAcc>1.400304</hAcc><vAcc>0.769774</vAcc></extensions></trkpt>
      <trkpt lon="35.003289" lat="31.900613"><ele>233.871696</ele><time>2026-04-23T05:36:53Z</time><extensions><speed>2.694249</speed><course>118.877737</course><hAcc>1.397760</hAcc><vAcc>0.767799</vAcc></extensions></trkpt>
      <trkpt lon="35.003314" lat="31.900602"><ele>233.697728</ele><time>2026-04-23T05:36:54Z</time><extensions><speed>2.517227</speed><course>118.457358</course><hAcc>1.398311</hAcc><vAcc>0.765971</vAcc></extensions></trkpt>
      <trkpt lon="35.003337" lat="31.900591"><ele>233.523016</ele><time>2026-04-23T05:36:55Z</time><extensions><speed>2.408847</speed><course>117.241915</course><hAcc>1.401260</hAcc><vAcc>0.764318</vAcc></extensions></trkpt>
      <trkpt lon="35.003360" lat="31.900581"><ele>233.326961</ele><time>2026-04-23T05:36:56Z</time><extensions><speed>2.526828</speed><course>117.368756</course><hAcc>1.402579</hAcc><vAcc>0.762858</vAcc></extensions></trkpt>
      <trkpt lon="35.003384" lat="31.900571"><ele>233.138740</ele><time>2026-04-23T05:36:57Z</time><extensions><speed>2.578713</speed><course>116.253295</course><hAcc>1.402639</hAcc><vAcc>0.761603</vAcc></extensions></trkpt>
      <trkpt lon="35.003408" lat="31.900560"><ele>232.917622</ele><time>2026-04-23T05:36:58Z</time><extensions><speed>2.561614</speed><course>116.433803</course><hAcc>1.401724</hAcc><vAcc>0.760551</vAcc></extensions></trkpt>
      <trkpt lon="35.003433" lat="31.900551"><ele>232.687021</ele><time>2026-04-23T05:37:00Z</time><extensions><speed>2.511170</speed><course>113.618547</course><hAcc>1.400263</hAcc><vAcc>0.759670</vAcc></extensions></trkpt>
      <trkpt lon="35.003458" lat="31.900542"><ele>232.448985</ele><time>2026-04-23T05:37:01Z</time><extensions><speed>2.578546</speed><course>109.032942</course><hAcc>1.402113</hAcc><vAcc>0.758934</vAcc></extensions></trkpt>
      <trkpt lon="35.003484" lat="31.900535"><ele>232.193762</ele><time>2026-04-23T05:37:02Z</time><extensions><speed>2.686987</speed><course>108.104767</course><hAcc>1.404328</hAcc><vAcc>0.758353</vAcc></extensions></trkpt>
      <trkpt lon="35.003511" lat="31.900527"><ele>231.922198</ele><time>2026-04-23T05:37:03Z</time><extensions><speed>2.684510</speed><course>107.537370</course><hAcc>1.405800</hAcc><vAcc>0.757905</vAcc></extensions></trkpt>
      <trkpt lon="35.003538" lat="31.900520"><ele>231.624480</ele><time>2026-04-23T05:37:04Z</time><extensions><speed>2.696801</speed><course>109.278230</course><hAcc>1.409981</hAcc><vAcc>0.757707</vAcc></extensions></trkpt>
      <trkpt lon="35.003565" lat="31.900511"><ele>231.321378</ele><time>2026-04-23T05:37:05Z</time><extensions><speed>2.764152</speed><course>111.087768</course><hAcc>1.413782</hAcc><vAcc>0.757538</vAcc></extensions></trkpt>
      <trkpt lon="35.003592" lat="31.900502"><ele>231.026650</ele><time>2026-04-23T05:37:06Z</time><extensions><speed>2.691778</speed><course>114.281665</course><hAcc>1.420022</hAcc><vAcc>0.757792</vAcc></extensions></trkpt>
      <trkpt lon="35.003618" lat="31.900492"><ele>230.716495</ele><time>2026-04-23T05:37:07Z</time><extensions><speed>2.675310</speed><course>115.481348</course><hAcc>1.423750</hAcc><vAcc>0.758561</vAcc></extensions></trkpt>
      <trkpt lon="35.003644" lat="31.900481"><ele>230.399870</ele><time>2026-04-23T05:37:08Z</time><extensions><speed>2.830983</speed><course>114.005282</course><hAcc>1.422107</hAcc><vAcc>0.759451</vAcc></extensions></trkpt>
      <trkpt lon="35.003672" lat="31.900471"><ele>230.081201</ele><time>2026-04-23T05:37:09Z</time><extensions><speed>2.853824</speed><course>113.649574</course><hAcc>1.422538</hAcc><vAcc>0.760600</vAcc></extensions></trkpt>
      <trkpt lon="35.003700" lat="31.900460"><ele>229.791981</ele><time>2026-04-23T05:37:10Z</time><extensions><speed>2.922773</speed><course>116.145000</course><hAcc>1.419825</hAcc><vAcc>0.762061</vAcc></extensions></trkpt>
      <trkpt lon="35.003728" lat="31.900448"><ele>229.487437</ele><time>2026-04-23T05:37:11Z</time><extensions><speed>2.984795</speed><course>117.753990</course><hAcc>1.418298</hAcc><vAcc>0.763529</vAcc></extensions></trkpt>
      <trkpt lon="35.003755" lat="31.900436"><ele>229.181625</ele><time>2026-04-23T05:37:12Z</time><extensions><speed>2.948732</speed><course>116.475424</course><hAcc>1.419107</hAcc><vAcc>0.765080</vAcc></extensions></trkpt>
      <trkpt lon="35.003783" lat="31.900425"><ele>228.876950</ele><time>2026-04-23T05:37:13Z</time><extensions><speed>2.841658</speed><course>112.803756</course><hAcc>1.421190</hAcc><vAcc>0.766668</vAcc></extensions></trkpt>
      <trkpt lon="35.003811" lat="31.900415"><ele>228.593386</ele><time>2026-04-23T05:37:14Z</time><extensions><speed>2.747893</speed><course>111.725050</course><hAcc>1.425600</hAcc><vAcc>0.768247</vAcc></extensions></trkpt>
      <trkpt lon="35.003838" lat="31.900407"><ele>228.301824</ele><time>2026-04-23T05:37:15Z</time><extensions><speed>2.781469</speed><course>107.501441</course><hAcc>1.426597</hAcc><vAcc>0.769639</vAcc></extensions></trkpt>
      <trkpt lon="35.003867" lat="31.900400"><ele>228.012613</ele><time>2026-04-23T05:37:16Z</time><extensions><speed>2.902154</speed><course>105.516381</course><hAcc>1.429001</hAcc><vAcc>0.770714</vAcc></extensions></trkpt>
      <trkpt lon="35.003895" lat="31.900392"><ele>227.732123</ele><time>2026-04-23T05:37:17Z</time><extensions><speed>2.700701</speed><course>108.737751</course><hAcc>1.431680</hAcc><vAcc>0.771317</vAcc></extensions></trkpt>
      <trkpt lon="35.003922" lat="31.900384"><ele>227.462774</ele><time>2026-04-23T05:37:18Z</time><extensions><speed>2.637848</speed><course>112.940912</course><hAcc>1.430677</hAcc><vAcc>0.771349</vAcc></extensions></trkpt>
      <trkpt lon="35.003948" lat="31.900374"><ele>227.210124</ele><time>2026-04-23T05:37:19Z</time><extensions><speed>2.745305</speed><course>115.046376</course><hAcc>1.427176</hAcc><vAcc>0.770809</vAcc></extensions></trkpt>
      <trkpt lon="35.003975" lat="31.900362"><ele>226.965533</ele><time>2026-04-23T05:37:20Z</time><extensions><speed>2.991410</speed><course>117.125025</course><hAcc>1.425061</hAcc><vAcc>0.769774</vAcc></extensions></trkpt>
      <trkpt lon="35.004004" lat="31.900351"><ele>226.741377</ele><time>2026-04-23T05:37:21Z</time><extensions><speed>3.106555</speed><course>111.496228</course><hAcc>1.419705</hAcc><vAcc>0.768373</vAcc></extensions></trkpt>
      <trkpt lon="35.004034" lat="31.900342"><ele>226.509915</ele><time>2026-04-23T05:37:22Z</time><extensions><speed>2.874194</speed><course>108.078076</course><hAcc>1.417740</hAcc><vAcc>0.766769</vAcc></extensions></trkpt>
      <trkpt lon="35.004062" lat="31.900334"><ele>226.288361</ele><time>2026-04-23T05:37:23Z</time><extensions><speed>2.714156</speed><course>107.818493</course><hAcc>1.417913</hAcc><vAcc>0.765115</vAcc></extensions></trkpt>
      <trkpt lon="35.004089" lat="31.900326"><ele>226.095433</ele><time>2026-04-23T05:37:24Z</time><extensions><speed>2.709043</speed><course>110.587034</course><hAcc>1.415938</hAcc><vAcc>0.763528</vAcc></extensions></trkpt>
      <trkpt lon="35.004116" lat="31.900317"><ele>225.912875</ele><time>2026-04-23T05:37:25Z</time><extensions><speed>2.856702</speed><course>113.701672</course><hAcc>1.414830</hAcc><vAcc>0.762086</vAcc></extensions></trkpt>
      <trkpt lon="35.004144" lat="31.900307"><ele>225.727480</ele><time>2026-04-23T05:37:26Z</time><extensions><speed>2.840337</speed><course>111.744270</course><hAcc>1.410522</hAcc><vAcc>0.760835</vAcc></extensions></trkpt>
      <trkpt lon="35.004172" lat="31.900297"><ele>225.566641</ele><time>2026-04-23T05:37:27Z</time><extensions><speed>2.726713</speed><course>113.471734</course><hAcc>1.407190</hAcc><vAcc>0.760034</vAcc></extensions></trkpt>
      <trkpt lon="35.004198" lat="31.900287"><ele>225.414921</ele><time>2026-04-23T05:37:28Z</time><extensions><speed>2.677117</speed><course>114.004773</course><hAcc>1.401341</hAcc><vAcc>0.759358</vAcc></extensions></trkpt>
      <trkpt lon="35.004223" lat="31.900277"><ele>225.253522</ele><time>2026-04-23T05:37:29Z</time><extensions><speed>2.629141</speed><course>118.046023</course><hAcc>1.395369</hAcc><vAcc>0.759070</vAcc></extensions></trkpt>
      <trkpt lon="35.004247" lat="31.900265"><ele>225.101433</ele><time>2026-04-23T05:37:30Z</time><extensions><speed>2.548270</speed><course>120.982985</course><hAcc>1.395813</hAcc><vAcc>0.759073</vAcc></extensions></trkpt>
      <trkpt lon="35.004271" lat="31.900253"><ele>224.958364</ele><time>2026-04-23T05:37:31Z</time><extensions><speed>2.592706</speed><course>119.927036</course><hAcc>1.401871</hAcc><vAcc>0.759381</vAcc></extensions></trkpt>
      <trkpt lon="35.004295" lat="31.900242"><ele>224.813648</ele><time>2026-04-23T05:37:32Z</time><extensions><speed>2.706846</speed><course>118.264264</course><hAcc>1.408281</hAcc><vAcc>0.759913</vAcc></extensions></trkpt>
      <trkpt lon="35.004321" lat="31.900230"><ele>224.701407</ele><time>2026-04-23T05:37:33Z</time><extensions><speed>2.754296</speed><course>118.598038</course><hAcc>1.409930</hAcc><vAcc>0.760561</vAcc></extensions></trkpt>
      <trkpt lon="35.004346" lat="31.900218"><ele>224.579061</ele><time>2026-04-23T05:37:34Z</time><extensions><speed>2.671941</speed><course>118.862959</course><hAcc>1.415909</hAcc><vAcc>0.761505</vAcc></extensions></trkpt>
      <trkpt lon="35.004371" lat="31.900207"><ele>224.482925</ele><time>2026-04-23T05:37:35Z</time><extensions><speed>2.782233</speed><course>115.780426</course><hAcc>1.423362</hAcc><vAcc>0.762647</vAcc></extensions></trkpt>
      <trkpt lon="35.004399" lat="31.900197"><ele>224.380178</ele><time>2026-04-23T05:37:36Z</time><extensions><speed>2.879926</speed><course>111.895624</course><hAcc>1.432002</hAcc><vAcc>0.763844</vAcc></extensions></trkpt>
      <trkpt lon="35.004427" lat="31.900187"><ele>224.319085</ele><time>2026-04-23T05:37:37Z</time><extensions><speed>2.879396</speed><course>112.715468</course><hAcc>1.434935</hAcc><vAcc>0.764889</vAcc></extensions></trkpt>
      <trkpt lon="35.004455" lat="31.900176"><ele>224.264883</ele><time>2026-04-23T05:37:38Z</time><extensions><speed>2.927137</speed><course>114.318002</course><hAcc>1.439901</hAcc><vAcc>0.765820</vAcc></extensions></trkpt>
      <trkpt lon="35.004483" lat="31.900165"><ele>224.215716</ele><time>2026-04-23T05:37:39Z</time><extensions><speed>2.904377</speed><course>116.028918</course><hAcc>1.445209</hAcc><vAcc>0.766565</vAcc></extensions></trkpt>
      <trkpt lon="35.004511" lat="31.900154"><ele>224.163877</ele><time>2026-04-23T05:37:40Z</time><extensions><speed>2.997231</speed><course>114.209317</course><hAcc>1.446539</hAcc><vAcc>0.767105</vAcc></extensions></trkpt>
      <trkpt lon="35.004540" lat="31.900143"><ele>224.146195</ele><time>2026-04-23T05:37:40Z</time><extensions><speed>3.067044</speed><course>113.067907</course><hAcc>1.440922</hAcc><vAcc>0.767708</vAcc></extensions></trkpt>
      <trkpt lon="35.004570" lat="31.900132"><ele>224.141276</ele><time>2026-04-23T05:37:41Z</time><extensions><speed>3.058350</speed><course>115.176159</course><hAcc>1.433491</hAcc><vAcc>0.768351</vAcc></extensions></trkpt>
      <trkpt lon="35.004597" lat="31.900119"><ele>224.134347</ele><time>2026-04-23T05:37:42Z</time><extensions><speed>2.822717</speed><course>124.055145</course><hAcc>1.425067</hAcc><vAcc>0.768896</vAcc></extensions></trkpt>
      <trkpt lon="35.004619" lat="31.900103"><ele>224.138025</ele><time>2026-04-23T05:37:43Z</time><extensions><speed>2.699176</speed><course>137.231031</course><hAcc>1.421988</hAcc><vAcc>0.769271</vAcc></extensions></trkpt>
      <trkpt lon="35.004637" lat="31.900083"><ele>224.145996</ele><time>2026-04-23T05:37:44Z</time><extensions><speed>2.798032</speed><course>146.183133</course><hAcc>1.415969</hAcc><vAcc>0.769674</vAcc></extensions></trkpt>
      <trkpt lon="35.004652" lat="31.900062"><ele>224.163649</ele><time>2026-04-23T05:37:45Z</time><extensions><speed>2.843237</speed><course>150.150017</course><hAcc>1.413103</hAcc><vAcc>0.770248</vAcc></extensions></trkpt>
      <trkpt lon="35.004668" lat="31.900039"><ele>224.177835</ele><time>2026-04-23T05:37:46Z</time><extensions><speed>2.979257</speed><course>150.996780</course><hAcc>1.410506</hAcc><vAcc>0.771201</vAcc></extensions></trkpt>
      <trkpt lon="35.004682" lat="31.900016"><ele>224.183353</ele><time>2026-04-23T05:37:47Z</time><extensions><speed>2.792190</speed><course>154.066516</course><hAcc>1.408979</hAcc><vAcc>0.772734</vAcc></extensions></trkpt>
      <trkpt lon="35.004692" lat="31.899994"><ele>224.194817</ele><time>2026-04-23T05:37:48Z</time><extensions><speed>2.453243</speed><course>161.580594</course><hAcc>1.412230</hAcc><vAcc>0.774627</vAcc></extensions></trkpt>
      <trkpt lon="35.004697" lat="31.899972"><ele>224.197091</ele><time>2026-04-23T05:37:49Z</time><extensions><speed>2.432168</speed><course>179.000390</course><hAcc>1.419118</hAcc><vAcc>0.776809</vAcc></extensions></trkpt>
      <trkpt lon="35.004694" lat="31.899950"><ele>224.182905</ele><time>2026-04-23T05:37:50Z</time><extensions><speed>2.561613</speed><course>191.420874</course><hAcc>1.423098</hAcc><vAcc>0.779259</vAcc></extensions></trkpt>
      <trkpt lon="35.004687" lat="31.899927"><ele>224.169449</ele><time>2026-04-23T05:37:51Z</time><extensions><speed>2.704763</speed><course>199.565411</course><hAcc>1.430033</hAcc><vAcc>0.782175</vAcc></extensions></trkpt>
      <trkpt lon="35.004677" lat="31.899905"><ele>224.163945</ele><time>2026-04-23T05:37:52Z</time><extensions><speed>2.637367</speed><course>200.368318</course><hAcc>1.436742</hAcc><vAcc>0.785673</vAcc></extensions></trkpt>
      <trkpt lon="35.004667" lat="31.899882"><ele>224.160048</ele><time>2026-04-23T05:37:53Z</time><extensions><speed>2.676388</speed><course>199.611082</course><hAcc>1.435407</hAcc><vAcc>0.789707</vAcc></extensions></trkpt>
      <trkpt lon="35.004659" lat="31.899858"><ele>224.136544</ele><time>2026-04-23T05:37:54Z</time><extensions><speed>2.828907</speed><course>195.663310</course><hAcc>1.437003</hAcc><vAcc>0.793974</vAcc></extensions></trkpt>
      <trkpt lon="35.004652" lat="31.899833"><ele>224.115385</ele><time>2026-04-23T05:37:55Z</time><extensions><speed>2.908068</speed><course>189.385878</course><hAcc>1.443888</hAcc><vAcc>0.798753</vAcc></extensions></trkpt>
      <trkpt lon="35.004649" lat="31.899807"><ele>224.079847</ele><time>2026-04-23T05:37:56Z</time><extensions><speed>2.951987</speed><course>183.349887</course><hAcc>1.449386</hAcc><vAcc>0.803704</vAcc></extensions></trkpt>
      <trkpt lon="35.004648" lat="31.899781"><ele>224.050591</ele><time>2026-04-23T05:37:57Z</time><extensions><speed>2.743437</speed><course>181.037482</course><hAcc>1.458270</hAcc><vAcc>0.808816</vAcc></extensions></trkpt>
      <trkpt lon="35.004647" lat="31.899757"><ele>223.982187</ele><time>2026-04-23T05:37:58Z</time><extensions><speed>2.664002</speed><course>181.718333</course><hAcc>1.464605</hAcc><vAcc>0.814345</vAcc></extensions></trkpt>
      <trkpt lon="35.004646" lat="31.899732"><ele>223.917914</ele><time>2026-04-23T05:37:59Z</time><extensions><speed>2.793460</speed><course>181.209502</course><hAcc>1.466884</hAcc><vAcc>0.820219</vAcc></extensions></trkpt>
      <trkpt lon="35.004646" lat="31.899707"><ele>223.820498</ele><time>2026-04-23T05:38:00Z</time><extensions><speed>2.881696</speed><course>180.684762</course><hAcc>1.472163</hAcc><vAcc>0.826125</vAcc></extensions></trkpt>
      <trkpt lon="35.004645" lat="31.899681"><ele>223.724922</ele><time>2026-04-23T05:38:01Z</time><extensions><speed>2.948906</speed><course>181.291316</course><hAcc>1.480401</hAcc><vAcc>0.832087</vAcc></extensions></trkpt>
      <trkpt lon="35.004645" lat="31.899654"><ele>223.616211</ele><time>2026-04-23T05:38:02Z</time><extensions><speed>2.834093</speed><course>180.103892</course><hAcc>1.486672</hAcc><vAcc>0.838846</vAcc></extensions></trkpt>
      <trkpt lon="35.004645" lat="31.899629"><ele>223.507680</ele><time>2026-04-23T05:38:03Z</time><extensions><speed>2.906346</speed><course>179.709614</course><hAcc>1.491669</hAcc><vAcc>0.845135</vAcc></extensions></trkpt>
      <trkpt lon="35.004646" lat="31.899602"><ele>223.393526</ele><time>2026-04-23T05:38:04Z</time><extensions><speed>2.935052</speed><course>174.969158</course><hAcc>1.494142</hAcc><vAcc>0.850748</vAcc></extensions></trkpt>
      <trkpt lon="35.004650" lat="31.899577"><ele>223.260754</ele><time>2026-04-23T05:38:05Z</time><extensions><speed>2.785465</speed><course>169.967269</course><hAcc>1.498820</hAcc><vAcc>0.855595</vAcc></extensions></trkpt>
      <trkpt lon="35.004656" lat="31.899552"><ele>223.115849</ele><time>2026-04-23T05:38:06Z</time><extensions><speed>2.846326</speed><course>168.989316</course><hAcc>1.499434</hAcc><vAcc>0.860165</vAcc></extensions></trkpt>
      <trkpt lon="35.004662" lat="31.899526"><ele>222.963957</ele><time>2026-04-23T05:38:07Z</time><extensions><speed>2.887949</speed><course>169.556963</course><hAcc>1.502175</hAcc><vAcc>0.864356</vAcc></extensions></trkpt>
      <trkpt lon="35.004667" lat="31.899500"><ele>222.817151</ele><time>2026-04-23T05:38:08Z</time><extensions><speed>3.022835</speed><course>169.530388</course><hAcc>1.510305</hAcc><vAcc>0.868399</vAcc></extensions></trkpt>
      <trkpt lon="35.004674" lat="31.899473"><ele>222.660418</ele><time>2026-04-23T05:38:09Z</time><extensions><speed>3.165046</speed><course>167.282727</course><hAcc>1.513093</hAcc><vAcc>0.872508</vAcc></extensions></trkpt>
      <trkpt lon="35.004683" lat="31.899446"><ele>222.515195</ele><time>2026-04-23T05:38:10Z</time><extensions><speed>3.061504</speed><course>161.873748</course><hAcc>1.517796</hAcc><vAcc>0.876515</vAcc></extensions></trkpt>
      <trkpt lon="35.004694" lat="31.899420"><ele>222.367990</ele><time>2026-04-23T05:38:11Z</time><extensions><speed>3.053904</speed><course>155.740675</course><hAcc>1.521687</hAcc><vAcc>0.879978</vAcc></extensions></trkpt>
      <trkpt lon="35.004708" lat="31.899396"><ele>222.226824</ele><time>2026-04-23T05:38:12Z</time><extensions><speed>2.909439</speed><course>151.003521</course><hAcc>1.527974</hAcc><vAcc>0.882867</vAcc></extensions></trkpt>
      <trkpt lon="35.004723" lat="31.899373"><ele>222.104520</ele><time>2026-04-23T05:38:13Z</time><extensions><speed>2.856221</speed><course>153.418722</course><hAcc>1.525934</hAcc><vAcc>0.885343</vAcc></extensions></trkpt>
      <trkpt lon="35.004736" lat="31.899349"><ele>221.988726</ele><time>2026-04-23T05:38:14Z</time><extensions><speed>2.957789</speed><course>156.412380</course><hAcc>1.525566</hAcc><vAcc>0.887366</vAcc></extensions></trkpt>
      <trkpt lon="35.004748" lat="31.899324"><ele>221.872192</ele><time>2026-04-23T05:38:15Z</time><extensions><speed>3.222520</speed><course>158.026436</course><hAcc>1.525746</hAcc><vAcc>0.888797</vAcc></extensions></trkpt>
      <trkpt lon="35.004763" lat="31.899296"><ele>221.786487</ele><time>2026-04-23T05:38:16Z</time><extensions><speed>3.382162</speed><course>153.832060</course><hAcc>1.525705</hAcc><vAcc>0.890293</vAcc></extensions></trkpt>
      <trkpt lon="35.004779" lat="31.899270"><ele>221.704578</ele><time>2026-04-23T05:38:17Z</time><extensions><speed>3.178338</speed><course>150.969388</course><hAcc>1.532182</hAcc><vAcc>0.891600</vAcc></extensions></trkpt>
      <trkpt lon="35.004796" lat="31.899247"><ele>221.628870</ele><time>2026-04-23T05:38:18Z</time><extensions><speed>2.917033</speed><course>146.164458</course><hAcc>1.540696</hAcc><vAcc>0.893172</vAcc></extensions></trkpt>
      <trkpt lon="35.004813" lat="31.899226"><ele>221.579452</ele><time>2026-04-23T05:38:19Z</time><extensions><speed>2.805785</speed><course>144.926542</course><hAcc>1.551896</hAcc><vAcc>0.894808</vAcc></extensions></trkpt>
      <trkpt lon="35.004830" lat="31.899204"><ele>221.528885</ele><time>2026-04-23T05:38:20Z</time><extensions><speed>2.851126</speed><course>146.698593</course><hAcc>1.560283</hAcc><vAcc>0.895842</vAcc></extensions></trkpt>
      <trkpt lon="35.004847" lat="31.899183"><ele>221.470459</ele><time>2026-04-23T05:38:21Z</time><extensions><speed>2.971291</speed><course>144.843838</course><hAcc>1.564995</hAcc><vAcc>0.896724</vAcc></extensions></trkpt>
      <trkpt lon="35.004865" lat="31.899161"><ele>221.429336</ele><time>2026-04-23T05:38:22Z</time><extensions><speed>2.936378</speed><course>142.226026</course><hAcc>1.570975</hAcc><vAcc>0.897492</vAcc></extensions></trkpt>
      <trkpt lon="35.004885" lat="31.899140"><ele>221.390144</ele><time>2026-04-23T05:38:23Z</time><extensions><speed>3.000593</speed><course>142.002137</course><hAcc>1.576126</hAcc><vAcc>0.898413</vAcc></extensions></trkpt>
      <trkpt lon="35.004905" lat="31.899119"><ele>221.374473</ele><time>2026-04-23T05:38:24Z</time><extensions><speed>3.111447</speed><course>141.295425</course><hAcc>1.583781</hAcc><vAcc>0.899184</vAcc></extensions></trkpt>
      <trkpt lon="35.004926" lat="31.899097"><ele>221.328997</ele><time>2026-04-23T05:38:25Z</time><extensions><speed>3.173714</speed><course>138.767816</course><hAcc>1.587293</hAcc><vAcc>0.899788</vAcc></extensions></trkpt>
      <trkpt lon="35.004949" lat="31.899076"><ele>221.289251</ele><time>2026-04-23T05:38:26Z</time><extensions><speed>3.152767</speed><course>133.808722</course><hAcc>1.589732</hAcc><vAcc>0.900655</vAcc></extensions></trkpt>
      <trkpt lon="35.004974" lat="31.899057"><ele>221.251082</ele><time>2026-04-23T05:38:27Z</time><extensions><speed>3.079923</speed><course>131.922936</course><hAcc>1.594022</hAcc><vAcc>0.901411</vAcc></extensions></trkpt>
      <trkpt lon="35.004998" lat="31.899039"><ele>221.213369</ele><time>2026-04-23T05:38:28Z</time><extensions><speed>3.060739</speed><course>132.417762</course><hAcc>1.597896</hAcc><vAcc>0.901031</vAcc></extensions></trkpt>
      <trkpt lon="35.005021" lat="31.899020"><ele>221.146001</ele><time>2026-04-23T05:38:29Z</time><extensions><speed>3.101451</speed><course>134.478378</course><hAcc>1.597075</hAcc><vAcc>0.899897</vAcc></extensions></trkpt>
      <trkpt lon="35.005045" lat="31.898999"><ele>221.119034</ele><time>2026-04-23T05:38:30Z</time><extensions><speed>3.229244</speed><course>135.875125</course><hAcc>1.597019</hAcc><vAcc>0.899472</vAcc></extensions></trkpt>
      <trkpt lon="35.005070" lat="31.898979"><ele>221.086626</ele><time>2026-04-23T05:38:31Z</time><extensions><speed>3.280021</speed><course>131.086458</course><hAcc>1.595793</hAcc><vAcc>0.899004</vAcc></extensions></trkpt>
      <trkpt lon="35.005096" lat="31.898961"><ele>221.068131</ele><time>2026-04-23T05:38:32Z</time><extensions><speed>3.070334</speed><course>127.455186</course><hAcc>1.599348</hAcc><vAcc>0.897380</vAcc></extensions></trkpt>
      <trkpt lon="35.005122" lat="31.898945"><ele>221.061268</ele><time>2026-04-23T05:38:33Z</time><extensions><speed>3.043013</speed><course>123.288650</course><hAcc>1.603198</hAcc><vAcc>0.895058</vAcc></extensions></trkpt>
      <trkpt lon="35.005150" lat="31.898930"><ele>221.026467</ele><time>2026-04-23T05:38:34Z</time><extensions><speed>3.063772</speed><course>120.705383</course><hAcc>1.604697</hAcc><vAcc>0.892237</vAcc></extensions></trkpt>
      <trkpt lon="35.005178" lat="31.898916"><ele>221.029748</ele><time>2026-04-23T05:38:35Z</time><extensions><speed>3.092862</speed><course>120.803418</course><hAcc>1.606711</hAcc><vAcc>0.889335</vAcc></extensions></trkpt>
      <trkpt lon="35.005207" lat="31.898903"><ele>221.042739</ele><time>2026-04-23T05:38:36Z</time><extensions><speed>3.137541</speed><course>115.547786</course><hAcc>1.605864</hAcc><vAcc>0.886530</vAcc></extensions></trkpt>
      <trkpt lon="35.005237" lat="31.898892"><ele>221.091136</ele><time>2026-04-23T05:38:37Z</time><extensions><speed>3.055424</speed><course>112.465620</course><hAcc>1.600311</hAcc><vAcc>0.883420</vAcc></extensions></trkpt>
      <trkpt lon="35.005266" lat="31.898882"><ele>221.121734</ele><time>2026-04-23T05:38:38Z</time><extensions><speed>2.883238</speed><course>108.391526</course><hAcc>1.595029</hAcc><vAcc>0.880391</vAcc></extensions></trkpt>
      <trkpt lon="35.005295" lat="31.898874"><ele>221.162666</ele><time>2026-04-23T05:38:39Z</time><extensions><speed>2.841323</speed><course>111.936365</course><hAcc>1.593904</hAcc><vAcc>0.877528</vAcc></extensions></trkpt>
      <trkpt lon="35.005322" lat="31.898862"><ele>221.201639</ele><time>2026-04-23T05:38:40Z</time><extensions><speed>2.969483</speed><course>118.021934</course><hAcc>1.589066</hAcc><vAcc>0.874940</vAcc></extensions></trkpt>
      <trkpt lon="35.005351" lat="31.898850"><ele>221.225864</ele><time>2026-04-23T05:38:41Z</time><extensions><speed>3.179385</speed><course>116.135715</course><hAcc>1.578797</hAcc><vAcc>0.872884</vAcc></extensions></trkpt>
      <trkpt lon="35.005382" lat="31.898838"><ele>221.269647</ele><time>2026-04-23T05:38:42Z</time><extensions><speed>3.200226</speed><course>114.990907</course><hAcc>1.568850</hAcc><vAcc>0.870985</vAcc></extensions></trkpt>
      <trkpt lon="35.005413" lat="31.898826"><ele>221.310486</ele><time>2026-04-23T05:38:43Z</time><extensions><speed>3.177867</speed><course>110.692830</course><hAcc>1.561659</hAcc><vAcc>0.870124</vAcc></extensions></trkpt>
      <trkpt lon="35.005445" lat="31.898817"><ele>221.341426</ele><time>2026-04-23T05:38:44Z</time><extensions><speed>3.202203</speed><course>106.568115</course><hAcc>1.558902</hAcc><vAcc>0.870010</vAcc></extensions></trkpt>
      <trkpt lon="35.005477" lat="31.898810"><ele>221.375982</ele><time>2026-04-23T05:38:45Z</time><extensions><speed>3.077809</speed><course>103.138710</course><hAcc>1.558054</hAcc><vAcc>0.870667</vAcc></extensions></trkpt>
      <trkpt lon="35.005509" lat="31.898804"><ele>221.396258</ele><time>2026-04-23T05:38:46Z</time><extensions><speed>3.103426</speed><course>102.075097</course><hAcc>1.557242</hAcc><vAcc>0.871955</vAcc></extensions></trkpt>
      <trkpt lon="35.005541" lat="31.898798"><ele>221.429120</ele><time>2026-04-23T05:38:47Z</time><extensions><speed>3.126532</speed><course>102.547711</course><hAcc>1.554414</hAcc><vAcc>0.874177</vAcc></extensions></trkpt>
      <trkpt lon="35.005574" lat="31.898792"><ele>221.417755</ele><time>2026-04-23T05:38:48Z</time><extensions><speed>3.211327</speed><course>102.685589</course><hAcc>1.547706</hAcc><vAcc>0.876576</vAcc></extensions></trkpt>
      <trkpt lon="35.005607" lat="31.898786"><ele>221.395253</ele><time>2026-04-23T05:38:49Z</time><extensions><speed>3.196348</speed><course>101.376941</course><hAcc>1.542320</hAcc><vAcc>0.879421</vAcc></extensions></trkpt>
      <trkpt lon="35.005640" lat="31.898781"><ele>221.363923</ele><time>2026-04-23T05:38:50Z</time><extensions><speed>3.155389</speed><course>97.866591</course><hAcc>1.541534</hAcc><vAcc>0.882055</vAcc></extensions></trkpt>
      <trkpt lon="35.005673" lat="31.898779"><ele>221.341347</ele><time>2026-04-23T05:38:51Z</time><extensions><speed>3.035536</speed><course>92.717616</course><hAcc>1.539773</hAcc><vAcc>0.884727</vAcc></extensions></trkpt>
      <trkpt lon="35.005704" lat="31.898778"><ele>221.310976</ele><time>2026-04-23T05:38:52Z</time><extensions><speed>2.914192</speed><course>91.362948</course><hAcc>1.535269</hAcc><vAcc>0.887803</vAcc></extensions></trkpt>
      <trkpt lon="35.005736" lat="31.898777"><ele>221.297816</ele><time>2026-04-23T05:38:53Z</time><extensions><speed>3.038604</speed><course>92.538601</course><hAcc>1.534660</hAcc><vAcc>0.891783</vAcc></extensions></trkpt>
      <trkpt lon="35.005768" lat="31.898776"><ele>221.266760</ele><time>2026-04-23T05:38:54Z</time><extensions><speed>2.994874</speed><course>92.448306</course><hAcc>1.533661</hAcc><vAcc>0.895392</vAcc></extensions></trkpt>
      <trkpt lon="35.005800" lat="31.898775"><ele>221.246760</ele><time>2026-04-23T05:38:55Z</time><extensions><speed>3.018902</speed><course>90.875096</course><hAcc>1.531992</hAcc><vAcc>0.898305</vAcc></extensions></trkpt>
      <trkpt lon="35.005831" lat="31.898775"><ele>221.241574</ele><time>2026-04-23T05:38:56Z</time><extensions><speed>2.938107</speed><course>87.789430</course><hAcc>1.532512</hAcc><vAcc>0.900441</vAcc></extensions></trkpt>
      <trkpt lon="35.005862" lat="31.898777"><ele>221.216445</ele><time>2026-04-23T05:38:57Z</time><extensions><speed>2.932438</speed><course>85.651852</course><hAcc>1.532153</hAcc><vAcc>0.901390</vAcc></extensions></trkpt>
      <trkpt lon="35.005894" lat="31.898779"><ele>221.219163</ele><time>2026-04-23T05:38:58Z</time><extensions><speed>3.038675</speed><course>84.995104</course><hAcc>1.537228</hAcc><vAcc>0.900627</vAcc></extensions></trkpt>
      <trkpt lon="35.005925" lat="31.898782"><ele>221.224341</ele><time>2026-04-23T05:38:59Z</time><extensions><speed>2.816364</speed><course>80.808718</course><hAcc>1.544277</hAcc><vAcc>0.899141</vAcc></extensions></trkpt>
      <trkpt lon="35.005953" lat="31.898789"><ele>221.246516</ele><time>2026-04-23T05:39:00Z</time><extensions><speed>2.804976</speed><course>70.337529</course><hAcc>1.530633</hAcc><vAcc>0.896752</vAcc></extensions></trkpt>
      <trkpt lon="35.005982" lat="31.898800"><ele>221.294948</ele><time>2026-04-23T05:39:01Z</time><extensions><speed>3.173328</speed><course>61.250329</course><hAcc>1.525020</hAcc><vAcc>0.893526</vAcc></extensions></trkpt>
      <trkpt lon="35.006011" lat="31.898814"><ele>221.335311</ele><time>2026-04-23T05:39:02Z</time><extensions><speed>3.288069</speed><course>58.044905</course><hAcc>1.525445</hAcc><vAcc>0.889574</vAcc></extensions></trkpt>
      <trkpt lon="35.006040" lat="31.898829"><ele>221.386975</ele><time>2026-04-23T05:39:03Z</time><extensions><speed>3.188047</speed><course>60.430086</course><hAcc>1.524368</hAcc><vAcc>0.885400</vAcc></extensions></trkpt>
      <trkpt lon="35.006069" lat="31.898842"><ele>221.441773</ele><time>2026-04-23T05:39:04Z</time><extensions><speed>2.987717</speed><course>65.676555</course><hAcc>1.521234</hAcc><vAcc>0.880655</vAcc></extensions></trkpt>
      <trkpt lon="35.006097" lat="31.898851"><ele>221.503865</ele><time>2026-04-23T05:39:06Z</time><extensions><speed>2.627485</speed><course>72.102714</course><hAcc>1.514033</hAcc><vAcc>0.874256</vAcc></extensions></trkpt>
      <trkpt lon="35.006123" lat="31.898858"><ele>221.567986</ele><time>2026-04-23T05:39:07Z</time><extensions><speed>2.607845</speed><course>74.128789</course><hAcc>1.503208</hAcc><vAcc>0.866628</vAcc></extensions></trkpt>
      <trkpt lon="35.006150" lat="31.898865"><ele>221.649905</ele><time>2026-04-23T05:39:08Z</time><extensions><speed>2.548028</speed><course>72.546291</course><hAcc>1.489212</hAcc><vAcc>0.859018</vAcc></extensions></trkpt>
      <trkpt lon="35.006176" lat="31.898872"><ele>221.756699</ele><time>2026-04-23T05:39:09Z</time><extensions><speed>2.569244</speed><course>70.235807</course><hAcc>1.470768</hAcc><vAcc>0.851560</vAcc></extensions></trkpt>
      <trkpt lon="35.006201" lat="31.898880"><ele>221.850809</ele><time>2026-04-23T05:39:10Z</time><extensions><speed>2.413507</speed><course>71.166389</course><hAcc>1.450246</hAcc><vAcc>0.843885</vAcc></extensions></trkpt>
      <trkpt lon="35.006224" lat="31.898886"><ele>221.965729</ele><time>2026-04-23T05:39:11Z</time><extensions><speed>2.089334</speed><course>73.639309</course><hAcc>1.427185</hAcc><vAcc>0.836839</vAcc></extensions></trkpt>
      <trkpt lon="35.006243" lat="31.898890"><ele>222.102056</ele><time>2026-04-23T05:39:12Z</time><extensions><speed>1.651588</speed><course>83.595680</course><hAcc>1.410487</hAcc><vAcc>0.830094</vAcc></extensions></trkpt>
      <trkpt lon="35.006258" lat="31.898888"><ele>222.259748</ele><time>2026-04-23T05:39:13Z</time><extensions><speed>1.231453</speed><course>115.753161</course><hAcc>1.420611</hAcc><vAcc>0.824121</vAcc></extensions></trkpt>
      <trkpt lon="35.006266" lat="31.898884"><ele>222.422730</ele><time>2026-04-23T05:39:14Z</time><extensions><speed>0.704406</speed><course>135.423702</course><hAcc>1.435304</hAcc><vAcc>0.818503</vAcc></extensions></trkpt>
      <trkpt lon="35.006274" lat="31.898882"><ele>222.586981</ele><time>2026-04-23T05:39:15Z</time><extensions><speed>0.902905</speed><course>81.326382</course><hAcc>1.405712</hAcc><vAcc>0.813436</vAcc></extensions></trkpt>
      <trkpt lon="35.006286" lat="31.898887"><ele>222.762440</ele><time>2026-04-23T05:39:16Z</time><extensions><speed>1.686951</speed><course>56.441967</course><hAcc>1.415575</hAcc><vAcc>0.808706</vAcc></extensions></trkpt>
      <trkpt lon="35.006305" lat="31.898899"><ele>222.947371</ele><time>2026-04-23T05:39:17Z</time><extensions><speed>2.794129</speed><course>50.405509</course><hAcc>1.403293</hAcc><vAcc>0.804731</vAcc></extensions></trkpt>
      <trkpt lon="35.006330" lat="31.898917"><ele>223.132794</ele><time>2026-04-23T05:39:18Z</time><extensions><speed>3.356062</speed><course>48.898865</course><hAcc>1.413081</hAcc><vAcc>0.801234</vAcc></extensions></trkpt>
      <trkpt lon="35.006357" lat="31.898936"><ele>223.321113</ele><time>2026-04-23T05:39:19Z</time><extensions><speed>3.273151</speed><course>51.631632</course><hAcc>1.422964</hAcc><vAcc>0.798305</vAcc></extensions></trkpt>
      <trkpt lon="35.006384" lat="31.898953"><ele>223.513678</ele><time>2026-04-23T05:39:20Z</time><extensions><speed>3.087215</speed><course>55.691297</course><hAcc>1.421755</hAcc><vAcc>0.795798</vAcc></extensions></trkpt>
      <trkpt lon="35.006410" lat="31.898969"><ele>223.709419</ele><time>2026-04-23T05:39:21Z</time><extensions><speed>2.924911</speed><course>54.636869</course><hAcc>1.419183</hAcc><vAcc>0.793613</vAcc></extensions></trkpt>
      <trkpt lon="35.006434" lat="31.898984"><ele>223.888701</ele><time>2026-04-23T05:39:22Z</time><extensions><speed>2.695460</speed><course>52.649224</course><hAcc>1.418096</hAcc><vAcc>0.791592</vAcc></extensions></trkpt>
      <trkpt lon="35.006457" lat="31.898999"><ele>224.069461</ele><time>2026-04-23T05:39:23Z</time><extensions><speed>2.861533</speed><course>50.467446</course><hAcc>1.417139</hAcc><vAcc>0.789611</vAcc></extensions></trkpt>
      <trkpt lon="35.006480" lat="31.899016"><ele>224.237606</ele><time>2026-04-23T05:39:24Z</time><extensions><speed>2.903459</speed><course>49.983964</course><hAcc>1.414833</hAcc><vAcc>0.787417</vAcc></extensions></trkpt>
      <trkpt lon="35.006503" lat="31.899033"><ele>224.411013</ele><time>2026-04-23T05:39:25Z</time><extensions><speed>2.874669</speed><course>48.209352</course><hAcc>1.413777</hAcc><vAcc>0.784964</vAcc></extensions></trkpt>
      <trkpt lon="35.006526" lat="31.899051"><ele>224.592075</ele><time>2026-04-23T05:39:26Z</time><extensions><speed>2.978247</speed><course>46.548122</course><hAcc>1.414872</hAcc><vAcc>0.782243</vAcc></extensions></trkpt>
      <trkpt lon="35.006549" lat="31.899070"><ele>224.768800</ele><time>2026-04-23T05:39:27Z</time><extensions><speed>3.046311</speed><course>46.966052</course><hAcc>1.413778</hAcc><vAcc>0.779304</vAcc></extensions></trkpt>
      <trkpt lon="35.006573" lat="31.899088"><ele>224.929474</ele><time>2026-04-23T05:39:28Z</time><extensions><speed>3.035202</speed><course>46.405778</course><hAcc>1.413576</hAcc><vAcc>0.776247</vAcc></extensions></trkpt>
      <trkpt lon="35.006595" lat="31.899107"><ele>225.069900</ele><time>2026-04-23T05:39:29Z</time><extensions><speed>2.872535</speed><course>46.213344</course><hAcc>1.415594</hAcc><vAcc>0.773246</vAcc></extensions></trkpt>
      <trkpt lon="35.006616" lat="31.899125"><ele>225.205927</ele><time>2026-04-23T05:39:30Z</time><extensions><speed>2.835018</speed><course>43.690967</course><hAcc>1.412123</hAcc><vAcc>0.770370</vAcc></extensions></trkpt>
      <trkpt lon="35.006636" lat="31.899144"><ele>225.311502</ele><time>2026-04-23T05:39:31Z</time><extensions><speed>2.785870</speed><course>37.937384</course><hAcc>1.409825</hAcc><vAcc>0.767891</vAcc></extensions></trkpt>
      <trkpt lon="35.006653" lat="31.899164"><ele>225.398662</ele><time>2026-04-23T05:39:32Z</time><extensions><speed>2.755406</speed><course>34.144328</course><hAcc>1.411489</hAcc><vAcc>0.765665</vAcc></extensions></trkpt>
      <trkpt lon="35.006670" lat="31.899184"><ele>225.473100</ele><time>2026-04-23T05:39:33Z</time><extensions><speed>2.767319</speed><course>36.620230</course><hAcc>1.411749</hAcc><vAcc>0.763801</vAcc></extensions></trkpt>
      <trkpt lon="35.006688" lat="31.899204"><ele>225.528924</ele><time>2026-04-23T05:39:34Z</time><extensions><speed>2.801245</speed><course>38.771320</course><hAcc>1.408247</hAcc><vAcc>0.762381</vAcc></extensions></trkpt>
      <trkpt lon="35.006707" lat="31.899224"><ele>225.567201</ele><time>2026-04-23T05:39:35Z</time><extensions><speed>2.846499</speed><course>41.857287</course><hAcc>1.404128</hAcc><vAcc>0.761485</vAcc></extensions></trkpt>
      <trkpt lon="35.006727" lat="31.899242"><ele>225.606391</ele><time>2026-04-23T05:39:36Z</time><extensions><speed>2.736482</speed><course>41.612087</course><hAcc>1.402770</hAcc><vAcc>0.761488</vAcc></extensions></trkpt>
      <trkpt lon="35.006746" lat="31.899260"><ele>225.634426</ele><time>2026-04-23T05:39:37Z</time><extensions><speed>2.543989</speed><course>44.513922</course><hAcc>1.402180</hAcc><vAcc>0.762341</vAcc></extensions></trkpt>
      <trkpt lon="35.006765" lat="31.899275"><ele>225.644874</ele><time>2026-04-23T05:39:38Z</time><extensions><speed>2.531543</speed><course>50.381755</course><hAcc>1.402205</hAcc><vAcc>0.763695</vAcc></extensions></trkpt>
      <trkpt lon="35.006787" lat="31.899287"><ele>225.640371</ele><time>2026-04-23T05:39:39Z</time><extensions><speed>2.427711</speed><course>65.712007</course><hAcc>1.407631</hAcc><vAcc>0.765208</vAcc></extensions></trkpt>
      <trkpt lon="35.006812" lat="31.899293"><ele>225.598218</ele><time>2026-04-23T05:39:40Z</time><extensions><speed>2.546044</speed><course>81.575212</course><hAcc>1.409876</hAcc><vAcc>0.766944</vAcc></extensions></trkpt>
      <trkpt lon="35.006840" lat="31.899295"><ele>225.542822</ele><time>2026-04-23T05:39:41Z</time><extensions><speed>2.750580</speed><course>91.486358</course><hAcc>1.410816</hAcc><vAcc>0.769248</vAcc></extensions></trkpt>
      <trkpt lon="35.006869" lat="31.899292"><ele>225.509464</ele><time>2026-04-23T05:39:42Z</time><extensions><speed>2.812746</speed><course>99.605496</course><hAcc>1.413596</hAcc><vAcc>0.771914</vAcc></extensions></trkpt>
      <trkpt lon="35.006897" lat="31.899285"><ele>225.474558</ele><time>2026-04-23T05:39:43Z</time><extensions><speed>2.658895</speed><course>113.583147</course><hAcc>1.421358</hAcc><vAcc>0.774283</vAcc></extensions></trkpt>
      <trkpt lon="35.006922" lat="31.899275"><ele>225.435579</ele><time>2026-04-23T05:39:44Z</time><extensions><speed>2.613205</speed><course>120.099032</course><hAcc>1.425849</hAcc><vAcc>0.775797</vAcc></extensions></trkpt>
      <trkpt lon="35.006945" lat="31.899262"><ele>225.395034</ele><time>2026-04-23T05:39:45Z</time><extensions><speed>2.618259</speed><course>122.665579</course><hAcc>1.431568</hAcc><vAcc>0.776809</vAcc></extensions></trkpt>
      <trkpt lon="35.006968" lat="31.899250"><ele>225.371039</ele><time>2026-04-23T05:39:46Z</time><extensions><speed>2.444041</speed><course>123.833862</course><hAcc>1.436614</hAcc><vAcc>0.777618</vAcc></extensions></trkpt>
      <trkpt lon="35.006990" lat="31.899237"><ele>225.347556</ele><time>2026-04-23T05:39:47Z</time><extensions><speed>2.576833</speed><course>124.546599</course><hAcc>1.434373</hAcc><vAcc>0.778384</vAcc></extensions></trkpt>
      <trkpt lon="35.007014" lat="31.899224"><ele>225.331123</ele><time>2026-04-23T05:39:47Z</time><extensions><speed>2.888114</speed><course>122.229572</course><hAcc>1.427872</hAcc><vAcc>0.778962</vAcc></extensions></trkpt>
      <trkpt lon="35.007040" lat="31.899210"><ele>225.324052</ele><time>2026-04-23T05:39:48Z</time><extensions><speed>2.895597</speed><course>118.500876</course><hAcc>1.414930</hAcc><vAcc>0.779468</vAcc></extensions></trkpt>
      <trkpt lon="35.007067" lat="31.899198"><ele>225.315212</ele><time>2026-04-23T05:39:49Z</time><extensions><speed>2.805379</speed><course>118.540297</course><hAcc>1.395738</hAcc><vAcc>0.779715</vAcc></extensions></trkpt>
      <trkpt lon="35.007092" lat="31.899186"><ele>225.352365</ele><time>2026-04-23T05:39:50Z</time><extensions><speed>2.673674</speed><course>118.544951</course><hAcc>1.374948</hAcc><vAcc>0.779030</vAcc></extensions></trkpt>
      <trkpt lon="35.007118" lat="31.899175"><ele>225.399657</ele><time>2026-04-23T05:39:51Z</time><extensions><speed>2.759541</speed><course>116.765221</course><hAcc>1.375608</hAcc><vAcc>0.777953</vAcc></extensions></trkpt>
      <trkpt lon="35.007135" lat="31.899168"><ele>225.419834</ele><time>2026-04-23T05:39:52Z</time><extensions><speed>2.849254</speed><course>116.259664</course><hAcc>1.378950</hAcc><vAcc>0.775400</vAcc></extensions></trkpt>
      <trkpt lon="35.007145" lat="31.899164"><ele>225.457485</ele><time>2026-04-23T05:39:52Z</time><extensions><speed>2.905511</speed><course>115.131925</course><hAcc>1.381273</hAcc><vAcc>0.772002</vAcc></extensions></trkpt>
      <trkpt lon="35.007173" lat="31.899153"><ele>225.514369</ele><time>2026-04-23T05:39:53Z</time><extensions><speed>2.958820</speed><course>113.898725</course><hAcc>1.383944</hAcc><vAcc>0.777937</vAcc></extensions></trkpt>
      <trkpt lon="35.007201" lat="31.899142"><ele>225.578976</ele><time>2026-04-23T05:39:54Z</time><extensions><speed>3.005609</speed><course>115.624731</course><hAcc>1.414732</hAcc><vAcc>0.782907</vAcc></extensions></trkpt>
      <trkpt lon="35.007230" lat="31.899130"><ele>225.638624</ele><time>2026-04-23T05:39:55Z</time><extensions><speed>3.005717</speed><course>116.047857</course><hAcc>1.450960</hAcc><vAcc>0.787186</vAcc></extensions></trkpt>
      <trkpt lon="35.007258" lat="31.899118"><ele>225.710854</ele><time>2026-04-23T05:39:56Z</time><extensions><speed>2.933191</speed><course>117.130002</course><hAcc>1.479316</hAcc><vAcc>0.790560</vAcc></extensions></trkpt>
      <trkpt lon="35.007285" lat="31.899106"><ele>225.797586</ele><time>2026-04-23T05:39:57Z</time><extensions><speed>2.797756</speed><course>117.986591</course><hAcc>1.499544</hAcc><vAcc>0.792935</vAcc></extensions></trkpt>
      <trkpt lon="35.007311" lat="31.899094"><ele>225.889172</ele><time>2026-04-23T05:39:58Z</time><extensions><speed>2.776899</speed><course>117.748495</course><hAcc>1.511379</hAcc><vAcc>0.794539</vAcc></extensions></trkpt>
      <trkpt lon="35.007337" lat="31.899083"><ele>225.991454</ele><time>2026-04-23T05:39:59Z</time><extensions><speed>2.675307</speed><course>114.828107</course><hAcc>1.517445</hAcc><vAcc>0.795560</vAcc></extensions></trkpt>
      <trkpt lon="35.007362" lat="31.899074"><ele>226.077506</ele><time>2026-04-23T05:40:00Z</time><extensions><speed>2.593147</speed><course>109.637666</course><hAcc>1.524225</hAcc><vAcc>0.795793</vAcc></extensions></trkpt>
      <trkpt lon="35.007388" lat="31.899067"><ele>226.156016</ele><time>2026-04-23T05:40:01Z</time><extensions><speed>2.512457</speed><course>106.035232</course><hAcc>1.532586</hAcc><vAcc>0.795807</vAcc></extensions></trkpt>
      <trkpt lon="35.007414" lat="31.899060"><ele>226.245101</ele><time>2026-04-23T05:40:02Z</time><extensions><speed>2.665031</speed><course>106.377888</course><hAcc>1.542441</hAcc><vAcc>0.795834</vAcc></extensions></trkpt>
      <trkpt lon="35.007442" lat="31.899053"><ele>226.329408</ele><time>2026-04-23T05:40:03Z</time><extensions><speed>2.736130</speed><course>107.791626</course><hAcc>1.552638</hAcc><vAcc>0.796030</vAcc></extensions></trkpt>
      <trkpt lon="35.007470" lat="31.899046"><ele>226.435510</ele><time>2026-04-23T05:40:04Z</time><extensions><speed>2.954718</speed><course>106.670416</course><hAcc>1.557339</hAcc><vAcc>0.796642</vAcc></extensions></trkpt>
      <trkpt lon="35.007500" lat="31.899038"><ele>226.523287</ele><time>2026-04-23T05:40:05Z</time><extensions><speed>2.904120</speed><course>106.651645</course><hAcc>1.559693</hAcc><vAcc>0.797887</vAcc></extensions></trkpt>
      <trkpt lon="35.007529" lat="31.899031"><ele>226.609610</ele><time>2026-04-23T05:40:06Z</time><extensions><speed>2.820808</speed><course>107.508269</course><hAcc>1.559197</hAcc><vAcc>0.799770</vAcc></extensions></trkpt>
      <trkpt lon="35.007557" lat="31.899023"><ele>226.686936</ele><time>2026-04-23T05:40:07Z</time><extensions><speed>2.724981</speed><course>109.653338</course><hAcc>1.553242</hAcc><vAcc>0.802375</vAcc></extensions></trkpt>
      <trkpt lon="35.007584" lat="31.899014"><ele>226.769618</ele><time>2026-04-23T05:40:08Z</time><extensions><speed>2.673283</speed><course>110.917338</course><hAcc>1.544651</hAcc><vAcc>0.804957</vAcc></extensions></trkpt>
      <trkpt lon="35.007610" lat="31.899005"><ele>226.865687</ele><time>2026-04-23T05:40:09Z</time><extensions><speed>2.698856</speed><course>114.600340</course><hAcc>1.537297</hAcc><vAcc>0.807384</vAcc></extensions></trkpt>
      <trkpt lon="35.007635" lat="31.898994"><ele>226.951405</ele><time>2026-04-23T05:40:10Z</time><extensions><speed>2.655080</speed><course>117.583574</course><hAcc>1.528745</hAcc><vAcc>0.808918</vAcc></extensions></trkpt>
      <trkpt lon="35.007660" lat="31.898982"><ele>227.015591</ele><time>2026-04-23T05:40:11Z</time><extensions><speed>2.752426</speed><course>120.089852</course><hAcc>1.522996</hAcc><vAcc>0.810427</vAcc></extensions></trkpt>
      <trkpt lon="35.007686" lat="31.898970"><ele>227.110973</ele><time>2026-04-23T05:40:12Z</time><extensions><speed>2.850716</speed><course>120.285713</course><hAcc>1.519092</hAcc><vAcc>0.811476</vAcc></extensions></trkpt>
      <trkpt lon="35.007711" lat="31.898957"><ele>227.221664</ele><time>2026-04-23T05:40:13Z</time><extensions><speed>2.776581</speed><course>120.625539</course><hAcc>1.519363</hAcc><vAcc>0.812435</vAcc></extensions></trkpt>
      <trkpt lon="35.007737" lat="31.898945"><ele>227.307098</ele><time>2026-04-23T05:40:14Z</time><extensions><speed>2.772229</speed><course>117.467359</course><hAcc>1.526264</hAcc><vAcc>0.813034</vAcc></extensions></trkpt>
      <trkpt lon="35.007763" lat="31.898934"><ele>227.405281</ele><time>2026-04-23T05:40:15Z</time><extensions><speed>2.799280</speed><course>114.628592</course><hAcc>1.528101</hAcc><vAcc>0.813717</vAcc></extensions></trkpt>
      <trkpt lon="35.007790" lat="31.898923"><ele>227.488037</ele><time>2026-04-23T05:40:16Z</time><extensions><speed>2.665654</speed><course>114.525971</course><hAcc>1.533488</hAcc><vAcc>0.814144</vAcc></extensions></trkpt>
      <trkpt lon="35.007815" lat="31.898913"><ele>227.568973</ele><time>2026-04-23T05:40:17Z</time><extensions><speed>2.722783</speed><course>114.658887</course><hAcc>1.541640</hAcc><vAcc>0.814326</vAcc></extensions></trkpt>
      <trkpt lon="35.007841" lat="31.898902"><ele>227.646323</ele><time>2026-04-23T05:40:18Z</time><extensions><speed>2.707415</speed><course>117.795608</course><hAcc>1.546478</hAcc><vAcc>0.814207</vAcc></extensions></trkpt>
      <trkpt lon="35.007867" lat="31.898890"><ele>227.729513</ele><time>2026-04-23T05:40:19Z</time><extensions><speed>2.807595</speed><course>121.228213</course><hAcc>1.545464</hAcc><vAcc>0.813938</vAcc></extensions></trkpt>
      <trkpt lon="35.007892" lat="31.898876"><ele>227.802390</ele><time>2026-04-23T05:40:20Z</time><extensions><speed>2.805009</speed><course>124.140785</course><hAcc>1.539192</hAcc><vAcc>0.813674</vAcc></extensions></trkpt>
      <trkpt lon="35.007916" lat="31.898862"><ele>227.874792</ele><time>2026-04-23T05:40:21Z</time><extensions><speed>2.750708</speed><course>125.716323</course><hAcc>1.535155</hAcc><vAcc>0.813315</vAcc></extensions></trkpt>
      <trkpt lon="35.007939" lat="31.898847"><ele>227.914542</ele><time>2026-04-23T05:40:22Z</time><extensions><speed>2.767090</speed><course>128.426810</course><hAcc>1.532648</hAcc><vAcc>0.812169</vAcc></extensions></trkpt>
      <trkpt lon="35.007962" lat="31.898831"><ele>227.966485</ele><time>2026-04-23T05:40:23Z</time><extensions><speed>2.760100</speed><course>129.311723</course><hAcc>1.525843</hAcc><vAcc>0.811162</vAcc></extensions></trkpt>
      <trkpt lon="35.007985" lat="31.898816"><ele>228.005956</ele><time>2026-04-23T05:40:24Z</time><extensions><speed>2.819170</speed><course>126.655843</course><hAcc>1.517403</hAcc><vAcc>0.810353</vAcc></extensions></trkpt>
      <trkpt lon="35.008009" lat="31.898801"><ele>228.030014</ele><time>2026-04-23T05:40:25Z</time><extensions><speed>2.751090</speed><course>124.748067</course><hAcc>1.506087</hAcc><vAcc>0.809991</vAcc></extensions></trkpt>
      <trkpt lon="35.008033" lat="31.898788"><ele>228.061428</ele><time>2026-04-23T05:40:26Z</time><extensions><speed>2.690522</speed><course>122.405744</course><hAcc>1.500791</hAcc><vAcc>0.809415</vAcc></extensions></trkpt>
      <trkpt lon="35.008058" lat="31.898775"><ele>228.083918</ele><time>2026-04-23T05:40:27Z</time><extensions><speed>2.731381</speed><course>117.834588</course><hAcc>1.503314</hAcc><vAcc>0.809039</vAcc></extensions></trkpt>
      <trkpt lon="35.008085" lat="31.898765"><ele>228.091351</ele><time>2026-04-23T05:40:28Z</time><extensions><speed>2.823906</speed><course>113.279192</course><hAcc>1.482334</hAcc><vAcc>0.808790</vAcc></extensions></trkpt>
      <trkpt lon="35.008113" lat="31.898754"><ele>228.105096</ele><time>2026-04-23T05:40:29Z</time><extensions><speed>2.958474</speed><course>112.875334</course><hAcc>1.472898</hAcc><vAcc>0.808378</vAcc></extensions></trkpt>
      <trkpt lon="35.008142" lat="31.898744"><ele>228.116616</ele><time>2026-04-23T05:40:30Z</time><extensions><speed>3.031800</speed><course>113.375381</course><hAcc>1.475748</hAcc><vAcc>0.808017</vAcc></extensions></trkpt>
      <trkpt lon="35.008171" lat="31.898733"><ele>228.136471</ele><time>2026-04-23T05:40:31Z</time><extensions><speed>3.000632</speed><course>112.531951</course><hAcc>1.482714</hAcc><vAcc>0.808021</vAcc></extensions></trkpt>
      <trkpt lon="35.008201" lat="31.898724"><ele>228.122968</ele><time>2026-04-23T05:40:32Z</time><extensions><speed>3.006419</speed><course>109.090397</course><hAcc>1.477385</hAcc><vAcc>0.808565</vAcc></extensions></trkpt>
      <trkpt lon="35.008231" lat="31.898715"><ele>228.121096</ele><time>2026-04-23T05:40:33Z</time><extensions><speed>2.961012</speed><course>109.498007</course><hAcc>1.482388</hAcc><vAcc>0.809430</vAcc></extensions></trkpt>
      <trkpt lon="35.008260" lat="31.898707"><ele>228.125023</ele><time>2026-04-23T05:40:34Z</time><extensions><speed>2.974676</speed><course>105.621042</course><hAcc>1.486205</hAcc><vAcc>0.811380</vAcc></extensions></trkpt>
      <trkpt lon="35.008291" lat="31.898699"><ele>228.151417</ele><time>2026-04-23T05:40:35Z</time><extensions><speed>2.940335</speed><course>105.599928</course><hAcc>1.489391</hAcc><vAcc>0.813434</vAcc></extensions></trkpt>
      <trkpt lon="35.008320" lat="31.898692"><ele>228.158874</ele><time>2026-04-23T05:40:36Z</time><extensions><speed>2.904940</speed><course>106.554909</course><hAcc>1.492578</hAcc><vAcc>0.815060</vAcc></extensions></trkpt>
      <trkpt lon="35.008349" lat="31.898684"><ele>228.196958</ele><time>2026-04-23T05:40:37Z</time><extensions><speed>2.871431</speed><course>108.686764</course><hAcc>1.489322</hAcc><vAcc>0.816802</vAcc></extensions></trkpt>
      <trkpt lon="35.008377" lat="31.898675"><ele>228.242578</ele><time>2026-04-23T05:40:38Z</time><extensions><speed>2.830948</speed><course>114.175456</course><hAcc>1.488869</hAcc><vAcc>0.818082</vAcc></extensions></trkpt>
      <trkpt lon="35.008403" lat="31.898663"><ele>228.265276</ele><time>2026-04-23T05:40:39Z</time><extensions><speed>2.733591</speed><course>119.810484</course><hAcc>1.486574</hAcc><vAcc>0.818125</vAcc></extensions></trkpt>
      <trkpt lon="35.008428" lat="31.898650"><ele>228.323896</ele><time>2026-04-23T05:40:40Z</time><extensions><speed>2.754762</speed><course>124.370762</course><hAcc>1.483580</hAcc><vAcc>0.817599</vAcc></extensions></trkpt>
      <trkpt lon="35.008452" lat="31.898636"><ele>228.377139</ele><time>2026-04-23T05:40:41Z</time><extensions><speed>2.874617</speed><course>125.691664</course><hAcc>1.481899</hAcc><vAcc>0.816803</vAcc></extensions></trkpt>
      <trkpt lon="35.008476" lat="31.898620"><ele>228.445209</ele><time>2026-04-23T05:40:42Z</time><extensions><speed>2.850724</speed><course>128.789640</course><hAcc>1.481659</hAcc><vAcc>0.814830</vAcc></extensions></trkpt>
      <trkpt lon="35.008499" lat="31.898604"><ele>228.509511</ele><time>2026-04-23T05:40:43Z</time><extensions><speed>2.765136</speed><course>132.593637</course><hAcc>1.482141</hAcc><vAcc>0.812210</vAcc></extensions></trkpt>
      <trkpt lon="35.008521" lat="31.898588"><ele>228.580341</ele><time>2026-04-23T05:40:44Z</time><extensions><speed>2.712459</speed><course>128.388383</course><hAcc>1.485614</hAcc><vAcc>0.808968</vAcc></extensions></trkpt>
      <trkpt lon="35.008543" lat="31.898573"><ele>228.660646</ele><time>2026-04-23T05:40:45Z</time><extensions><speed>2.664047</speed><course>128.220698</course><hAcc>1.484709</hAcc><vAcc>0.805517</vAcc></extensions></trkpt>
      <trkpt lon="35.008565" lat="31.898557"><ele>228.732028</ele><time>2026-04-23T05:40:46Z</time><extensions><speed>2.720738</speed><course>130.933009</course><hAcc>1.483584</hAcc><vAcc>0.801836</vAcc></extensions></trkpt>
      <trkpt lon="35.008585" lat="31.898541"><ele>228.805126</ele><time>2026-04-23T05:40:47Z</time><extensions><speed>2.683697</speed><course>137.328632</course><hAcc>1.487087</hAcc><vAcc>0.797884</vAcc></extensions></trkpt>
      <trkpt lon="35.008604" lat="31.898523"><ele>228.856405</ele><time>2026-04-23T05:40:48Z</time><extensions><speed>2.656781</speed><course>140.032313</course><hAcc>1.482774</hAcc><vAcc>0.793878</vAcc></extensions></trkpt>
      <trkpt lon="35.008622" lat="31.898504"><ele>228.915457</ele><time>2026-04-23T05:40:49Z</time><extensions><speed>2.697349</speed><course>140.695252</course><hAcc>1.482346</hAcc><vAcc>0.790115</vAcc></extensions></trkpt>
      <trkpt lon="35.008639" lat="31.898485"><ele>228.985526</ele><time>2026-04-23T05:40:50Z</time><extensions><speed>2.710735</speed><course>142.392735</course><hAcc>1.487345</hAcc><vAcc>0.787419</vAcc></extensions></trkpt>
      <trkpt lon="35.008657" lat="31.898466"><ele>229.036937</ele><time>2026-04-23T05:40:51Z</time><extensions><speed>2.714031</speed><course>139.852920</course><hAcc>1.490410</hAcc><vAcc>0.784943</vAcc></extensions></trkpt>
      <trkpt lon="35.008675" lat="31.898447"><ele>229.097134</ele><time>2026-04-23T05:40:52Z</time><extensions><speed>2.655119</speed><course>140.011337</course><hAcc>1.491340</hAcc><vAcc>0.783110</vAcc></extensions></trkpt>
      <trkpt lon="35.008693" lat="31.898430"><ele>229.171019</ele><time>2026-04-23T05:40:53Z</time><extensions><speed>2.481985</speed><course>141.107094</course><hAcc>1.492026</hAcc><vAcc>0.782248</vAcc></extensions></trkpt>
      <trkpt lon="35.008709" lat="31.898413"><ele>229.240845</ele><time>2026-04-23T05:40:54Z</time><extensions><speed>2.391827</speed><course>137.856133</course><hAcc>1.491969</hAcc><vAcc>0.782428</vAcc></extensions></trkpt>
      <trkpt lon="35.008728" lat="31.898398"><ele>229.304912</ele><time>2026-04-23T05:40:55Z</time><extensions><speed>2.499599</speed><course>129.521111</course><hAcc>1.493686</hAcc><vAcc>0.783418</vAcc></extensions></trkpt>
      <trkpt lon="35.008750" lat="31.898385"><ele>229.405894</ele><time>2026-04-23T05:40:56Z</time><extensions><speed>2.497234</speed><course>120.149720</course><hAcc>1.494813</hAcc><vAcc>0.784690</vAcc></extensions></trkpt>
      <trkpt lon="35.008772" lat="31.898374"><ele>229.500612</ele><time>2026-04-23T05:40:57Z</time><extensions><speed>2.462744</speed><course>119.261388</course><hAcc>1.490256</hAcc><vAcc>0.786053</vAcc></extensions></trkpt>
      <trkpt lon="35.008794" lat="31.898362"><ele>229.579524</ele><time>2026-04-23T05:40:58Z</time><extensions><speed>2.392453</speed><course>126.701871</course><hAcc>1.490583</hAcc><vAcc>0.788329</vAcc></extensions></trkpt>
      <trkpt lon="35.008812" lat="31.898348"><ele>229.641035</ele><time>2026-04-23T05:40:59Z</time><extensions><speed>2.352043</speed><course>139.640520</course><hAcc>1.487241</hAcc><vAcc>0.791465</vAcc></extensions></trkpt>
      <trkpt lon="35.008827" lat="31.898330"><ele>229.725056</ele><time>2026-04-23T05:41:00Z</time><extensions><speed>2.473244</speed><course>148.928427</course><hAcc>1.480108</hAcc><vAcc>0.794896</vAcc></extensions></trkpt>
      <trkpt lon="35.008840" lat="31.898310"><ele>229.802476</ele><time>2026-04-23T05:41:01Z</time><extensions><speed>2.614046</speed><course>151.791823</course><hAcc>1.475398</hAcc><vAcc>0.798564</vAcc></extensions></trkpt>
      <trkpt lon="35.008854" lat="31.898290"><ele>229.891808</ele><time>2026-04-23T05:41:02Z</time><extensions><speed>2.585809</speed><course>147.274218</course><hAcc>1.476295</hAcc><vAcc>0.802835</vAcc></extensions></trkpt>
      <trkpt lon="35.008871" lat="31.898272"><ele>229.965265</ele><time>2026-04-23T05:41:03Z</time><extensions><speed>2.603073</speed><course>139.242981</course><hAcc>1.481773</hAcc><vAcc>0.806818</vAcc></extensions></trkpt>
      <trkpt lon="35.008889" lat="31.898254"><ele>230.031203</ele><time>2026-04-23T05:41:04Z</time><extensions><speed>2.685734</speed><course>135.630536</course><hAcc>1.481105</hAcc><vAcc>0.810722</vAcc></extensions></trkpt>
      <trkpt lon="35.008910" lat="31.898237"><ele>230.109189</ele><time>2026-04-23T05:41:05Z</time><extensions><speed>2.834807</speed><course>132.125824</course><hAcc>1.480304</hAcc><vAcc>0.814072</vAcc></extensions></trkpt>
      <trkpt lon="35.008933" lat="31.898221"><ele>230.186010</ele><time>2026-04-23T05:41:06Z</time><extensions><speed>2.775134</speed><course>125.178265</course><hAcc>1.483660</hAcc><vAcc>0.817432</vAcc></extensions></trkpt>
      <trkpt lon="35.008958" lat="31.898210"><ele>230.252113</ele><time>2026-04-23T05:41:07Z</time><extensions><speed>2.580027</speed><course>106.790929</course><hAcc>1.488002</hAcc><vAcc>0.820499</vAcc></extensions></trkpt>
      <trkpt lon="35.008986" lat="31.898208"><ele>230.317297</ele><time>2026-04-23T05:41:08Z</time><extensions><speed>2.747627</speed><course>86.121700</course><hAcc>1.491342</hAcc><vAcc>0.823395</vAcc></extensions></trkpt>
      <trkpt lon="35.009015" lat="31.898212"><ele>230.356601</ele><time>2026-04-23T05:41:09Z</time><extensions><speed>2.972311</speed><course>75.211001</course><hAcc>1.494860</hAcc><vAcc>0.826283</vAcc></extensions></trkpt>
      <trkpt lon="35.009045" lat="31.898220"><ele>230.406029</ele><time>2026-04-23T05:41:10Z</time><extensions><speed>2.959249</speed><course>69.687517</course><hAcc>1.500644</hAcc><vAcc>0.828403</vAcc></extensions></trkpt>
      <trkpt lon="35.009073" lat="31.898228"><ele>230.455315</ele><time>2026-04-23T05:41:12Z</time><extensions><speed>2.685126</speed><course>71.953823</course><hAcc>1.504168</hAcc><vAcc>0.830115</vAcc></extensions></trkpt>
      <trkpt lon="35.009099" lat="31.898233"><ele>230.476983</ele><time>2026-04-23T05:41:13Z</time><extensions><speed>2.459576</speed><course>83.572323</course><hAcc>1.502850</hAcc><vAcc>0.832294</vAcc></extensions></trkpt>
      <trkpt lon="35.009124" lat="31.898231"><ele>230.500177</ele><time>2026-04-23T05:41:14Z</time><extensions><speed>2.381526</speed><course>107.380185</course><hAcc>1.506888</hAcc><vAcc>0.835015</vAcc></extensions></trkpt>
      <trkpt lon="35.009146" lat="31.898220"><ele>230.528978</ele><time>2026-04-23T05:41:15Z</time><extensions><speed>2.565337</speed><course>133.245823</course><hAcc>1.515507</hAcc><vAcc>0.838378</vAcc></extensions></trkpt>
      <trkpt lon="35.009164" lat="31.898203"><ele>230.533426</ele><time>2026-04-23T05:41:16Z</time><extensions><speed>2.598834</speed><course>145.256470</course><hAcc>1.531707</hAcc><vAcc>0.842154</vAcc></extensions></trkpt>
      <trkpt lon="35.009179" lat="31.898184"><ele>230.535316</ele><time>2026-04-23T05:41:17Z</time><extensions><speed>2.557693</speed><course>143.869530</course><hAcc>1.553856</hAcc><vAcc>0.846261</vAcc></extensions></trkpt>
      <trkpt lon="35.009196" lat="31.898165"><ele>230.536061</ele><time>2026-04-23T05:41:18Z</time><extensions><speed>2.688328</speed><course>140.801774</course><hAcc>1.582992</hAcc><vAcc>0.851337</vAcc></extensions></trkpt>
      <trkpt lon="35.009215" lat="31.898146"><ele>230.547552</ele><time>2026-04-23T05:41:19Z</time><extensions><speed>2.789406</speed><course>139.231280</course><hAcc>1.614500</hAcc><vAcc>0.856973</vAcc></extensions></trkpt>
      <trkpt lon="35.009233" lat="31.898127"><ele>230.547157</ele><time>2026-04-23T05:41:20Z</time><extensions><speed>2.745396</speed><course>141.094428</course><hAcc>1.646206</hAcc><vAcc>0.863710</vAcc></extensions></trkpt>
      <trkpt lon="35.009251" lat="31.898108"><ele>230.512570</ele><time>2026-04-23T05:41:21Z</time><extensions><speed>2.732939</speed><course>143.201054</course><hAcc>1.672759</hAcc><vAcc>0.870188</vAcc></extensions></trkpt>
      <trkpt lon="35.009268" lat="31.898088"><ele>230.490804</ele><time>2026-04-23T05:41:22Z</time><extensions><speed>2.756723</speed><course>142.907762</course><hAcc>1.707650</hAcc><vAcc>0.877931</vAcc></extensions></trkpt>
      <trkpt lon="35.009286" lat="31.898068"><ele>230.488798</ele><time>2026-04-23T05:41:23Z</time><extensions><speed>2.784224</speed><course>143.586323</course><hAcc>1.743259</hAcc><vAcc>0.887307</vAcc></extensions></trkpt>
      <trkpt lon="35.009302" lat="31.898047"><ele>230.467054</ele><time>2026-04-23T05:41:24Z</time><extensions><speed>2.731759</speed><course>147.256620</course><hAcc>1.769345</hAcc><vAcc>0.897080</vAcc></extensions></trkpt>
      <trkpt lon="35.009317" lat="31.898026"><ele>230.464493</ele><time>2026-04-23T05:41:25Z</time><extensions><speed>2.753157</speed><course>149.781744</course><hAcc>1.794855</hAcc><vAcc>0.906701</vAcc></extensions></trkpt>
      <trkpt lon="35.009332" lat="31.898005"><ele>230.460987</ele><time>2026-04-23T05:41:26Z</time><extensions><speed>2.687301</speed><course>149.429091</course><hAcc>1.813588</hAcc><vAcc>0.916872</vAcc></extensions></trkpt>
      <trkpt lon="35.009346" lat="31.897984"><ele>230.463147</ele><time>2026-04-23T05:41:27Z</time><extensions><speed>2.690083</speed><course>149.738872</course><hAcc>1.833640</hAcc><vAcc>0.926704</vAcc></extensions></trkpt>
      <trkpt lon="35.009361" lat="31.897963"><ele>230.478938</ele><time>2026-04-23T05:41:28Z</time><extensions><speed>2.725024</speed><course>146.226824</course><hAcc>1.849831</hAcc><vAcc>0.937329</vAcc></extensions></trkpt>
      <trkpt lon="35.009378" lat="31.897943"><ele>230.513569</ele><time>2026-04-23T05:41:29Z</time><extensions><speed>2.706059</speed><course>143.181117</course><hAcc>1.861578</hAcc><vAcc>0.947252</vAcc></extensions></trkpt>
      <trkpt lon="35.009395" lat="31.897924"><ele>230.525531</ele><time>2026-04-23T05:41:30Z</time><extensions><speed>2.664657</speed><course>141.019261</course><hAcc>1.866955</hAcc><vAcc>0.957305</vAcc></extensions></trkpt>
      <trkpt lon="35.009412" lat="31.897905"><ele>230.534802</ele><time>2026-04-23T05:41:31Z</time><extensions><speed>2.679799</speed><course>141.400866</course><hAcc>1.872533</hAcc><vAcc>0.966005</vAcc></extensions></trkpt>
      <trkpt lon="35.009430" lat="31.897886"><ele>230.553591</ele><time>2026-04-23T05:41:32Z</time><extensions><speed>2.705880</speed><course>143.726566</course><hAcc>1.880157</hAcc><vAcc>0.974932</vAcc></extensions></trkpt>
      <trkpt lon="35.009446" lat="31.897866"><ele>230.593213</ele><time>2026-04-23T05:41:33Z</time><extensions><speed>2.734191</speed><course>144.857127</course><hAcc>1.891063</hAcc><vAcc>0.982667</vAcc></extensions></trkpt>
      <trkpt lon="35.009463" lat="31.897846"><ele>230.656999</ele><time>2026-04-23T05:41:34Z</time><extensions><speed>2.701723</speed><course>145.534524</course><hAcc>1.892244</hAcc><vAcc>0.989324</vAcc></extensions></trkpt>
      <trkpt lon="35.009479" lat="31.897826"><ele>230.706192</ele><time>2026-04-23T05:41:35Z</time><extensions><speed>2.718998</speed><course>145.413835</course><hAcc>1.898063</hAcc><vAcc>0.995313</vAcc></extensions></trkpt>
      <trkpt lon="35.009495" lat="31.897806"><ele>230.776823</ele><time>2026-04-23T05:41:36Z</time><extensions><speed>2.868224</speed><course>145.513626</course><hAcc>1.892310</hAcc><vAcc>0.999064</vAcc></extensions></trkpt>
      <trkpt lon="35.009512" lat="31.897784"><ele>230.843208</ele><time>2026-04-23T05:41:37Z</time><extensions><speed>2.803948</speed><course>146.776635</course><hAcc>1.888742</hAcc><vAcc>0.999720</vAcc></extensions></trkpt>
      <trkpt lon="35.009528" lat="31.897764"><ele>230.929717</ele><time>2026-04-23T05:41:38Z</time><extensions><speed>2.759113</speed><course>146.129638</course><hAcc>1.891864</hAcc><vAcc>0.999688</vAcc></extensions></trkpt>
      <trkpt lon="35.009544" lat="31.897744"><ele>231.005528</ele><time>2026-04-23T05:41:39Z</time><extensions><speed>2.614418</speed><course>145.683665</course><hAcc>1.894204</hAcc><vAcc>0.998727</vAcc></extensions></trkpt>
      <trkpt lon="35.009559" lat="31.897724"><ele>231.103891</ele><time>2026-04-23T05:41:40Z</time><extensions><speed>2.721913</speed><course>147.928313</course><hAcc>1.885397</hAcc><vAcc>0.995649</vAcc></extensions></trkpt>
      <trkpt lon="35.009575" lat="31.897703"><ele>231.198784</ele><time>2026-04-23T05:41:41Z</time><extensions><speed>2.806724</speed><course>147.769073</course><hAcc>1.882287</hAcc><vAcc>0.989612</vAcc></extensions></trkpt>
      <trkpt lon="35.009591" lat="31.897682"><ele>231.274744</ele><time>2026-04-23T05:41:42Z</time><extensions><speed>2.788844</speed><course>145.337087</course><hAcc>1.878956</hAcc><vAcc>0.983178</vAcc></extensions></trkpt>
      <trkpt lon="35.009608" lat="31.897661"><ele>231.372366</ele><time>2026-04-23T05:41:43Z</time><extensions><speed>2.797761</speed><course>144.360739</course><hAcc>1.875619</hAcc><vAcc>0.977399</vAcc></extensions></trkpt>
      <trkpt lon="35.009624" lat="31.897641"><ele>231.472147</ele><time>2026-04-23T05:41:44Z</time><extensions><speed>2.671236</speed><course>144.647729</course><hAcc>1.876742</hAcc><vAcc>0.970438</vAcc></extensions></trkpt>
      <trkpt lon="35.009640" lat="31.897621"><ele>231.544537</ele><time>2026-04-23T05:41:45Z</time><extensions><speed>2.638045</speed><course>145.765051</course><hAcc>1.875404</hAcc><vAcc>0.964696</vAcc></extensions></trkpt>
      <trkpt lon="35.009656" lat="31.897602"><ele>231.635596</ele><time>2026-04-23T05:41:46Z</time><extensions><speed>2.616368</speed><course>145.087676</course><hAcc>1.872390</hAcc><vAcc>0.959023</vAcc></extensions></trkpt>
      <trkpt lon="35.009672" lat="31.897583"><ele>231.691717</ele><time>2026-04-23T05:41:47Z</time><extensions><speed>2.677601</speed><course>144.253974</course><hAcc>1.871258</hAcc><vAcc>0.953477</vAcc></extensions></trkpt>
      <trkpt lon="35.009689" lat="31.897563"><ele>231.767549</ele><time>2026-04-23T05:41:48Z</time><extensions><speed>2.820766</speed><course>143.814435</course><hAcc>1.872420</hAcc><vAcc>0.947636</vAcc></extensions></trkpt>
      <trkpt lon="35.009706" lat="31.897542"><ele>231.833043</ele><time>2026-04-23T05:41:49Z</time><extensions><speed>2.796679</speed><course>143.646598</course><hAcc>1.869614</hAcc><vAcc>0.944005</vAcc></extensions></trkpt>
      <trkpt lon="35.009723" lat="31.897522"><ele>231.890238</ele><time>2026-04-23T05:41:50Z</time><extensions><speed>2.709217</speed><course>146.035212</course><hAcc>1.865573</hAcc><vAcc>0.941244</vAcc></extensions></trkpt>
      <trkpt lon="35.009738" lat="31.897501"><ele>231.948726</ele><time>2026-04-23T05:41:51Z</time><extensions><speed>2.781303</speed><course>148.274639</course><hAcc>1.863193</hAcc><vAcc>0.939606</vAcc></extensions></trkpt>
      <trkpt lon="35.009754" lat="31.897480"><ele>231.996135</ele><time>2026-04-23T05:41:51Z</time><extensions><speed>2.843636</speed><course>148.796893</course><hAcc>1.868240</hAcc><vAcc>0.939446</vAcc></extensions></trkpt>
      <trkpt lon="35.009770" lat="31.897458"><ele>232.053193</ele><time>2026-04-23T05:41:52Z</time><extensions><speed>2.889135</speed><course>145.751597</course><hAcc>1.871707</hAcc><vAcc>0.940357</vAcc></extensions></trkpt>
      <trkpt lon="35.009788" lat="31.897438"><ele>232.090811</ele><time>2026-04-23T05:41:53Z</time><extensions><speed>2.800446</speed><course>143.600100</course><hAcc>1.872754</hAcc><vAcc>0.942937</vAcc></extensions></trkpt>
      <trkpt lon="35.009806" lat="31.897417"><ele>232.114256</ele><time>2026-04-23T05:41:54Z</time><extensions><speed>2.932925</speed><course>140.561461</course><hAcc>1.881491</hAcc><vAcc>0.945676</vAcc></extensions></trkpt>
      <trkpt lon="35.009826" lat="31.897397"><ele>232.161794</ele><time>2026-04-23T05:41:55Z</time><extensions><speed>2.956931</speed><course>142.380853</course><hAcc>1.890721</hAcc><vAcc>0.948878</vAcc></extensions></trkpt>
      <trkpt lon="35.009843" lat="31.897376"><ele>232.221131</ele><time>2026-04-23T05:41:56Z</time><extensions><speed>2.743831</speed><course>146.320915</course><hAcc>1.903899</hAcc><vAcc>0.952182</vAcc></extensions></trkpt>
      <trkpt lon="35.009858" lat="31.897356"><ele>232.251319</ele><time>2026-04-23T05:41:57Z</time><extensions><speed>2.565774</speed><course>148.950374</course><hAcc>1.916304</hAcc><vAcc>0.955047</vAcc></extensions></trkpt>
      <trkpt lon="35.009872" lat="31.897336"><ele>232.275780</ele><time>2026-04-23T05:41:58Z</time><extensions><speed>2.588310</speed><course>148.993574</course><hAcc>1.930184</hAcc><vAcc>0.957120</vAcc></extensions></trkpt>
      <trkpt lon="35.009886" lat="31.897316"><ele>232.348250</ele><time>2026-04-23T05:41:59Z</time><extensions><speed>2.708432</speed><course>150.874836</course><hAcc>1.938415</hAcc><vAcc>0.958735</vAcc></extensions></trkpt>
      <trkpt lon="35.009901" lat="31.897294"><ele>232.405372</ele><time>2026-04-23T05:42:00Z</time><extensions><speed>2.791902</speed><course>149.664700</course><hAcc>1.942612</hAcc><vAcc>0.960050</vAcc></extensions></trkpt>
      <trkpt lon="35.009917" lat="31.897273"><ele>232.464620</ele><time>2026-04-23T05:42:01Z</time><extensions><speed>2.751098</speed><course>144.489147</course><hAcc>1.947309</hAcc><vAcc>0.961513</vAcc></extensions></trkpt>
      <trkpt lon="35.009934" lat="31.897254"><ele>232.501836</ele><time>2026-04-23T05:42:02Z</time><extensions><speed>2.707330</speed><course>142.093320</course><hAcc>1.955175</hAcc><vAcc>0.963275</vAcc></extensions></trkpt>
      <trkpt lon="35.009952" lat="31.897235"><ele>232.543774</ele><time>2026-04-23T05:42:03Z</time><extensions><speed>2.625965</speed><course>143.475887</course><hAcc>1.963453</hAcc><vAcc>0.965484</vAcc></extensions></trkpt>
      <trkpt lon="35.009968" lat="31.897215"><ele>232.604971</ele><time>2026-04-23T05:42:04Z</time><extensions><speed>2.665996</speed><course>144.613060</course><hAcc>1.970467</hAcc><vAcc>0.969240</vAcc></extensions></trkpt>
      <trkpt lon="35.009985" lat="31.897195"><ele>232.669370</ele><time>2026-04-23T05:42:05Z</time><extensions><speed>2.762475</speed><course>144.916273</course><hAcc>1.977714</hAcc><vAcc>0.972510</vAcc></extensions></trkpt>
      <trkpt lon="35.010002" lat="31.897175"><ele>232.703573</ele><time>2026-04-23T05:42:06Z</time><extensions><speed>2.706884</speed><course>143.734828</course><hAcc>1.988717</hAcc><vAcc>0.975863</vAcc></extensions></trkpt>
      <trkpt lon="35.010019" lat="31.897156"><ele>232.746942</ele><time>2026-04-23T05:42:07Z</time><extensions><speed>2.688441</speed><course>143.558233</course><hAcc>1.998463</hAcc><vAcc>0.979514</vAcc></extensions></trkpt>
      <trkpt lon="35.010036" lat="31.897136"><ele>232.794077</ele><time>2026-04-23T05:42:08Z</time><extensions><speed>2.770576</speed><course>142.497909</course><hAcc>2.008703</hAcc><vAcc>0.985218</vAcc></extensions></trkpt>
      <trkpt lon="35.010054" lat="31.897117"><ele>232.850183</ele><time>2026-04-23T05:42:09Z</time><extensions><speed>2.735807</speed><course>142.263348</course><hAcc>2.017531</hAcc><vAcc>0.992040</vAcc></extensions></trkpt>
      <trkpt lon="35.010072" lat="31.897098"><ele>232.890281</ele><time>2026-04-23T05:42:10Z</time><extensions><speed>2.735571</speed><course>140.324762</course><hAcc>2.030416</hAcc><vAcc>1.001911</vAcc></extensions></trkpt>
      <trkpt lon="35.010091" lat="31.897080"><ele>232.942775</ele><time>2026-04-23T05:42:11Z</time><extensions><speed>2.721131</speed><course>135.458841</course><hAcc>2.044217</hAcc><vAcc>1.014457</vAcc></extensions></trkpt>
      <trkpt lon="35.010111" lat="31.897063"><ele>232.970565</ele><time>2026-04-23T05:42:12Z</time><extensions><speed>2.718245</speed><course>133.546367</course><hAcc>2.056958</hAcc><vAcc>1.029067</vAcc></extensions></trkpt>
      <trkpt lon="35.010131" lat="31.897046"><ele>233.029129</ele><time>2026-04-23T05:42:13Z</time><extensions><speed>2.758439</speed><course>133.630604</course><hAcc>2.072572</hAcc><vAcc>1.042981</vAcc></extensions></trkpt>
      <trkpt lon="35.010152" lat="31.897028"><ele>233.078931</ele><time>2026-04-23T05:42:14Z</time><extensions><speed>2.848290</speed><course>134.373574</course><hAcc>2.088593</hAcc><vAcc>1.057301</vAcc></extensions></trkpt>
      <trkpt lon="35.010173" lat="31.897009"><ele>233.145661</ele><time>2026-04-23T05:42:15Z</time><extensions><speed>2.948593</speed><course>138.008605</course><hAcc>2.098185</hAcc><vAcc>1.070174</vAcc></extensions></trkpt>
      <trkpt lon="35.010194" lat="31.896990"><ele>233.233547</ele><time>2026-04-23T05:42:16Z</time><extensions><speed>2.897123</speed><course>135.499103</course><hAcc>2.106332</hAcc><vAcc>1.081694</vAcc></extensions></trkpt>
      <trkpt lon="35.010214" lat="31.896972"><ele>233.303647</ele><time>2026-04-23T05:42:17Z</time><extensions><speed>2.722692</speed><course>136.868528</course><hAcc>2.107309</hAcc><vAcc>1.092278</vAcc></extensions></trkpt>
      <trkpt lon="35.010232" lat="31.896954"><ele>233.422720</ele><time>2026-04-23T05:42:18Z</time><extensions><speed>2.611439</speed><course>141.004521</course><hAcc>2.110177</hAcc><vAcc>1.101837</vAcc></extensions></trkpt>
      <trkpt lon="35.010249" lat="31.896935"><ele>233.535203</ele><time>2026-04-23T05:42:19Z</time><extensions><speed>2.579091</speed><course>142.720414</course><hAcc>2.113189</hAcc><vAcc>1.107778</vAcc></extensions></trkpt>
      <trkpt lon="35.010265" lat="31.896916"><ele>233.619905</ele><time>2026-04-23T05:42:20Z</time><extensions><speed>2.632313</speed><course>145.989666</course><hAcc>2.110871</hAcc><vAcc>1.110987</vAcc></extensions></trkpt>
      <trkpt lon="35.010280" lat="31.896897"><ele>233.729994</ele><time>2026-04-23T05:42:21Z</time><extensions><speed>2.644339</speed><course>146.453184</course><hAcc>2.111661</hAcc><vAcc>1.116080</vAcc></extensions></trkpt>
      <trkpt lon="35.010295" lat="31.896877"><ele>233.872344</ele><time>2026-04-23T05:42:22Z</time><extensions><speed>2.572501</speed><course>146.664417</course><hAcc>2.113278</hAcc><vAcc>1.119866</vAcc></extensions></trkpt>
      <trkpt lon="35.010310" lat="31.896857"><ele>233.975708</ele><time>2026-04-23T05:42:23Z</time><extensions><speed>2.562435</speed><course>146.929126</course><hAcc>2.110391</hAcc><vAcc>1.121868</vAcc></extensions></trkpt>
      <trkpt lon="35.010325" lat="31.896838"><ele>234.088178</ele><time>2026-04-23T05:42:24Z</time><extensions><speed>2.581483</speed><course>144.521125</course><hAcc>2.109280</hAcc><vAcc>1.118507</vAcc></extensions></trkpt>
      <trkpt lon="35.010341" lat="31.896819"><ele>234.214827</ele><time>2026-04-23T05:42:25Z</time><extensions><speed>2.642749</speed><course>146.188890</course><hAcc>2.110328</hAcc><vAcc>1.118579</vAcc></extensions></trkpt>
      <trkpt lon="35.010357" lat="31.896799"><ele>234.357830</ele><time>2026-04-23T05:42:26Z</time><extensions><speed>2.672935</speed><course>145.951808</course><hAcc>2.116442</hAcc><vAcc>1.118560</vAcc></extensions></trkpt>
      <trkpt lon="35.010372" lat="31.896779"><ele>234.541288</ele><time>2026-04-23T05:42:27Z</time><extensions><speed>2.612620</speed><course>148.385467</course><hAcc>2.120924</hAcc><vAcc>1.118417</vAcc></extensions></trkpt>
      <trkpt lon="35.010386" lat="31.896759"><ele>234.697365</ele><time>2026-04-23T05:42:28Z</time><extensions><speed>2.688119</speed><course>150.896451</course><hAcc>2.127339</hAcc><vAcc>1.117347</vAcc></extensions></trkpt>
      <trkpt lon="35.010400" lat="31.896738"><ele>234.886707</ele><time>2026-04-23T05:42:29Z</time><extensions><speed>2.703531</speed><course>152.366304</course><hAcc>2.131730</hAcc><vAcc>1.116022</vAcc></extensions></trkpt>
      <trkpt lon="35.010413" lat="31.896717"><ele>235.097334</ele><time>2026-04-23T05:42:30Z</time><extensions><speed>2.683081</speed><course>152.151912</course><hAcc>2.140253</hAcc><vAcc>1.114773</vAcc></extensions></trkpt>
      <trkpt lon="35.010426" lat="31.896695"><ele>235.339352</ele><time>2026-04-23T05:42:31Z</time><extensions><speed>2.807336</speed><course>151.268131</course><hAcc>2.150993</hAcc><vAcc>1.112659</vAcc></extensions></trkpt>
      <trkpt lon="35.010439" lat="31.896672"><ele>235.595551</ele><time>2026-04-23T05:42:32Z</time><extensions><speed>2.963650</speed><course>156.239843</course><hAcc>2.160780</hAcc><vAcc>1.110187</vAcc></extensions></trkpt>
      <trkpt lon="35.010451" lat="31.896648"><ele>235.837953</ele><time>2026-04-23T05:42:33Z</time><extensions><speed>2.945863</speed><course>158.114245</course><hAcc>2.160144</hAcc><vAcc>1.106419</vAcc></extensions></trkpt>
      <trkpt lon="35.010463" lat="31.896623"><ele>236.096410</ele><time>2026-04-23T05:42:34Z</time><extensions><speed>2.976760</speed><course>155.111471</course><hAcc>2.160792</hAcc><vAcc>1.104121</vAcc></extensions></trkpt>
      <trkpt lon="35.010478" lat="31.896601"><ele>236.360209</ele><time>2026-04-23T05:42:35Z</time><extensions><speed>2.702266</speed><course>147.237990</course><hAcc>2.159629</hAcc><vAcc>1.102028</vAcc></extensions></trkpt>
      <trkpt lon="35.010493" lat="31.896581"><ele>236.635334</ele><time>2026-04-23T05:42:36Z</time><extensions><speed>2.614527</speed><course>144.623545</course><hAcc>2.155334</hAcc><vAcc>1.101772</vAcc></extensions></trkpt>
      <trkpt lon="35.010509" lat="31.896562"><ele>236.922250</ele><time>2026-04-23T05:42:37Z</time><extensions><speed>2.599059</speed><course>143.494547</course><hAcc>2.145615</hAcc><vAcc>1.102997</vAcc></extensions></trkpt>
      <trkpt lon="35.010525" lat="31.896543"><ele>237.165799</ele><time>2026-04-23T05:42:38Z</time><extensions><speed>2.626714</speed><course>144.567059</course><hAcc>2.132045</hAcc><vAcc>1.103727</vAcc></extensions></trkpt>
      <trkpt lon="35.010541" lat="31.896524"><ele>237.410259</ele><time>2026-04-23T05:42:39Z</time><extensions><speed>2.613179</speed><course>144.948482</course><hAcc>2.120138</hAcc><vAcc>1.103786</vAcc></extensions></trkpt>
      <trkpt lon="35.010557" lat="31.896505"><ele>237.643794</ele><time>2026-04-23T05:42:40Z</time><extensions><speed>2.582082</speed><course>144.138589</course><hAcc>2.109269</hAcc><vAcc>1.103493</vAcc></extensions></trkpt>
      <trkpt lon="35.010573" lat="31.896487"><ele>237.894529</ele><time>2026-04-23T05:42:41Z</time><extensions><speed>2.570796</speed><course>143.347783</course><hAcc>2.099097</hAcc><vAcc>1.102323</vAcc></extensions></trkpt>
      <trkpt lon="35.010590" lat="31.896469"><ele>238.112055</ele><time>2026-04-23T05:42:42Z</time><extensions><speed>2.549006</speed><course>143.291261</course><hAcc>2.086422</hAcc><vAcc>1.099327</vAcc></extensions></trkpt>
      <trkpt lon="35.010606" lat="31.896450"><ele>238.322376</ele><time>2026-04-23T05:42:43Z</time><extensions><speed>2.667705</speed><course>142.887382</course><hAcc>2.070183</hAcc><vAcc>1.096588</vAcc></extensions></trkpt>
      <trkpt lon="35.010624" lat="31.896431"><ele>238.531008</ele><time>2026-04-23T05:42:44Z</time><extensions><speed>2.899766</speed><course>144.714445</course><hAcc>2.058067</hAcc><vAcc>1.092495</vAcc></extensions></trkpt>
      <trkpt lon="35.010642" lat="31.896410"><ele>238.700752</ele><time>2026-04-23T05:42:45Z</time><extensions><speed>2.944685</speed><course>144.649164</course><hAcc>2.047957</hAcc><vAcc>1.085739</vAcc></extensions></trkpt>
      <trkpt lon="35.010659" lat="31.896388"><ele>238.879681</ele><time>2026-04-23T05:42:46Z</time><extensions><speed>2.888875</speed><course>146.981881</course><hAcc>2.036369</hAcc><vAcc>1.078497</vAcc></extensions></trkpt>
      <trkpt lon="35.010675" lat="31.896367"><ele>239.013349</ele><time>2026-04-23T05:42:47Z</time><extensions><speed>2.763293</speed><course>150.583478</course><hAcc>2.024991</hAcc><vAcc>1.070563</vAcc></extensions></trkpt>
      <trkpt lon="35.010688" lat="31.896345"><ele>239.095998</ele><time>2026-04-23T05:42:48Z</time><extensions><speed>2.668749</speed><course>155.632764</course><hAcc>2.015372</hAcc><vAcc>1.059434</vAcc></extensions></trkpt>
      <trkpt lon="35.010700" lat="31.896323"><ele>239.172882</ele><time>2026-04-23T05:42:49Z</time><extensions><speed>2.873362</speed><course>157.430974</course><hAcc>2.003645</hAcc><vAcc>1.047464</vAcc></extensions></trkpt>
      <trkpt lon="35.010712" lat="31.896299"><ele>239.222904</ele><time>2026-04-23T05:42:50Z</time><extensions><speed>2.845583</speed><course>153.324381</course><hAcc>1.991441</hAcc><vAcc>1.034932</vAcc></extensions></trkpt>
      <trkpt lon="35.010727" lat="31.896278"><ele>239.245092</ele><time>2026-04-23T05:42:51Z</time><extensions><speed>2.735371</speed><course>146.613951</course><hAcc>1.979086</hAcc><vAcc>1.021216</vAcc></extensions></trkpt>
      <trkpt lon="35.010744" lat="31.896259"><ele>239.247438</ele><time>2026-04-23T05:42:52Z</time><extensions><speed>2.640871</speed><course>140.851422</course><hAcc>1.966382</hAcc><vAcc>1.006268</vAcc></extensions></trkpt>
      <trkpt lon="35.010762" lat="31.896241"><ele>239.263623</ele><time>2026-04-23T05:42:53Z</time><extensions><speed>2.573246</speed><course>140.120664</course><hAcc>1.953012</hAcc><vAcc>0.990330</vAcc></extensions></trkpt>
      <trkpt lon="35.010779" lat="31.896223"><ele>239.267740</ele><time>2026-04-23T05:42:54Z</time><extensions><speed>2.552255</speed><course>139.114916</course><hAcc>1.938406</hAcc><vAcc>0.974117</vAcc></extensions></trkpt>
      <trkpt lon="35.010797" lat="31.896206"><ele>239.275229</ele><time>2026-04-23T05:42:55Z</time><extensions><speed>2.554571</speed><course>138.145421</course><hAcc>1.917061</hAcc><vAcc>0.957823</vAcc></extensions></trkpt>
      <trkpt lon="35.010814" lat="31.896189"><ele>239.256138</ele><time>2026-04-23T05:42:56Z</time><extensions><speed>2.484511</speed><course>140.895542</course><hAcc>1.905157</hAcc><vAcc>0.941510</vAcc></extensions></trkpt>
      <trkpt lon="35.010831" lat="31.896171"><ele>239.208314</ele><time>2026-04-23T05:42:57Z</time><extensions><speed>2.545829</speed><course>142.056752</course><hAcc>1.900785</hAcc><vAcc>0.925208</vAcc></extensions></trkpt>
      <trkpt lon="35.010847" lat="31.896153"><ele>239.166911</ele><time>2026-04-23T05:42:58Z</time><extensions><speed>2.646029</speed><course>143.769549</course><hAcc>1.879208</hAcc><vAcc>0.909549</vAcc></extensions></trkpt>
      <trkpt lon="35.010864" lat="31.896133"><ele>239.129702</ele><time>2026-04-23T05:42:59Z</time><extensions><speed>2.701041</speed><course>143.227822</course><hAcc>1.860701</hAcc><vAcc>0.894347</vAcc></extensions></trkpt>
      <trkpt lon="35.010881" lat="31.896114"><ele>239.083028</ele><time>2026-04-23T05:43:00Z</time><extensions><speed>2.724924</speed><course>141.902988</course><hAcc>1.851354</hAcc><vAcc>0.879946</vAcc></extensions></trkpt>
      <trkpt lon="35.010900" lat="31.896095"><ele>239.038049</ele><time>2026-04-23T05:43:01Z</time><extensions><speed>2.721526</speed><course>138.525411</course><hAcc>1.836112</hAcc><vAcc>0.866444</vAcc></extensions></trkpt>
      <trkpt lon="35.010919" lat="31.896077"><ele>238.969487</ele><time>2026-04-23T05:43:02Z</time><extensions><speed>2.830282</speed><course>137.494338</course><hAcc>1.824300</hAcc><vAcc>0.854384</vAcc></extensions></trkpt>
      <trkpt lon="35.010940" lat="31.896059"><ele>238.901274</ele><time>2026-04-23T05:43:03Z</time><extensions><speed>2.768418</speed><course>136.665310</course><hAcc>1.812468</hAcc><vAcc>0.843831</vAcc></extensions></trkpt>
      <trkpt lon="35.010960" lat="31.896040"><ele>238.819156</ele><time>2026-04-23T05:43:04Z</time><extensions><speed>2.746658</speed><course>139.158581</course><hAcc>1.800845</hAcc><vAcc>0.834895</vAcc></extensions></trkpt>
      <trkpt lon="35.010979" lat="31.896021"><ele>238.730431</ele><time>2026-04-23T05:43:05Z</time><extensions><speed>2.801534</speed><course>142.612900</course><hAcc>1.790271</hAcc><vAcc>0.827409</vAcc></extensions></trkpt>
      <trkpt lon="35.010997" lat="31.896001"><ele>238.614456</ele><time>2026-04-23T05:43:06Z</time><extensions><speed>2.772543</speed><course>142.644174</course><hAcc>1.775241</hAcc><vAcc>0.821916</vAcc></extensions></trkpt>
      <trkpt lon="35.011016" lat="31.895982"><ele>238.487468</ele><time>2026-04-23T05:43:07Z</time><extensions><speed>2.773836</speed><course>141.409342</course><hAcc>1.762749</hAcc><vAcc>0.817890</vAcc></extensions></trkpt>
      <trkpt lon="35.011035" lat="31.895963"><ele>238.368746</ele><time>2026-04-23T05:43:08Z</time><extensions><speed>2.688253</speed><course>139.587151</course><hAcc>1.748353</hAcc><vAcc>0.815302</vAcc></extensions></trkpt>
      <trkpt lon="35.011054" lat="31.895945"><ele>238.250263</ele><time>2026-04-23T05:43:09Z</time><extensions><speed>2.713829</speed><course>136.542724</course><hAcc>1.735203</hAcc><vAcc>0.814751</vAcc></extensions></trkpt>
      <trkpt lon="35.011075" lat="31.895927"><ele>238.118833</ele><time>2026-04-23T05:43:10Z</time><extensions><speed>2.765847</speed><course>133.469421</course><hAcc>1.732525</hAcc><vAcc>0.815908</vAcc></extensions></trkpt>
      <trkpt lon="35.011097" lat="31.895911"><ele>237.985959</ele><time>2026-04-23T05:43:11Z</time><extensions><speed>2.688259</speed><course>128.038554</course><hAcc>1.725633</hAcc><vAcc>0.818030</vAcc></extensions></trkpt>
      <trkpt lon="35.011121" lat="31.895898"><ele>237.863866</ele><time>2026-04-23T05:43:12Z</time><extensions><speed>2.760297</speed><course>121.902076</course><hAcc>1.722844</hAcc><vAcc>0.821114</vAcc></extensions></trkpt>
      <trkpt lon="35.011147" lat="31.895885"><ele>237.734159</ele><time>2026-04-23T05:43:13Z</time><extensions><speed>2.932355</speed><course>115.696054</course><hAcc>1.722693</hAcc><vAcc>0.824095</vAcc></extensions></trkpt>
      <trkpt lon="35.011176" lat="31.895874"><ele>237.598372</ele><time>2026-04-23T05:43:14Z</time><extensions><speed>3.159030</speed><course>115.995560</course><hAcc>1.725504</hAcc><vAcc>0.826611</vAcc></extensions></trkpt>
      <trkpt lon="35.011206" lat="31.895860"><ele>237.448662</ele><time>2026-04-23T05:43:15Z</time><extensions><speed>3.192701</speed><course>120.910331</course><hAcc>1.727742</hAcc><vAcc>0.828253</vAcc></extensions></trkpt>
      <trkpt lon="35.011233" lat="31.895844"><ele>237.311447</ele><time>2026-04-23T05:43:16Z</time><extensions><speed>3.127202</speed><course>130.902582</course><hAcc>1.731718</hAcc><vAcc>0.830450</vAcc></extensions></trkpt>
      <trkpt lon="35.011257" lat="31.895825"><ele>237.183850</ele><time>2026-04-23T05:43:18Z</time><extensions><speed>2.903942</speed><course>134.185603</course><hAcc>1.731175</hAcc><vAcc>0.832263</vAcc></extensions></trkpt>
      <trkpt lon="35.011278" lat="31.895807"><ele>237.054387</ele><time>2026-04-23T05:43:19Z</time><extensions><speed>2.718955</speed><course>136.700246</course><hAcc>1.732971</hAcc><vAcc>0.833566</vAcc></extensions></trkpt>
      <trkpt lon="35.011297" lat="31.895789"><ele>236.919428</ele><time>2026-04-23T05:43:20Z</time><extensions><speed>2.628641</speed><course>138.850385</course><hAcc>1.728834</hAcc><vAcc>0.834272</vAcc></extensions></trkpt>
      <trkpt lon="35.011316" lat="31.895771"><ele>236.790534</ele><time>2026-04-23T05:43:21Z</time><extensions><speed>2.678587</speed><course>141.063707</course><hAcc>1.723411</hAcc><vAcc>0.835280</vAcc></extensions></trkpt>
      <trkpt lon="35.011334" lat="31.895752"><ele>236.668680</ele><time>2026-04-23T05:43:22Z</time><extensions><speed>2.699086</speed><course>139.281929</course><hAcc>1.718929</hAcc><vAcc>0.836872</vAcc></extensions></trkpt>
      <trkpt lon="35.011354" lat="31.895735"><ele>236.543944</ele><time>2026-04-23T05:43:23Z</time><extensions><speed>2.665007</speed><course>131.637388</course><hAcc>1.719223</hAcc><vAcc>0.839648</vAcc></extensions></trkpt>
      <trkpt lon="35.011377" lat="31.895721"><ele>236.420144</ele><time>2026-04-23T05:43:24Z</time><extensions><speed>2.689722</speed><course>119.154257</course><hAcc>1.716359</hAcc><vAcc>0.843737</vAcc></extensions></trkpt>
      <trkpt lon="35.011404" lat="31.895710"><ele>236.300509</ele><time>2026-04-23T05:43:25Z</time><extensions><speed>2.934301</speed><course>113.949934</course><hAcc>1.713698</hAcc><vAcc>0.849716</vAcc></extensions></trkpt>
      <trkpt lon="35.011433" lat="31.895699"><ele>236.205163</ele><time>2026-04-23T05:43:26Z</time><extensions><speed>3.047785</speed><course>113.637046</course><hAcc>1.712102</hAcc><vAcc>0.858271</vAcc></extensions></trkpt>
      <trkpt lon="35.011462" lat="31.895687"><ele>236.116339</ele><time>2026-04-23T05:43:27Z</time><extensions><speed>2.917601</speed><course>118.559221</course><hAcc>1.713604</hAcc><vAcc>0.868658</vAcc></extensions></trkpt>
      <trkpt lon="35.011488" lat="31.895674"><ele>236.021145</ele><time>2026-04-23T05:43:28Z</time><extensions><speed>2.786929</speed><course>123.392251</course><hAcc>1.713445</hAcc><vAcc>0.881273</vAcc></extensions></trkpt>
      <trkpt lon="35.011513" lat="31.895659"><ele>235.927139</ele><time>2026-04-23T05:43:29Z</time><extensions><speed>2.743698</speed><course>125.110408</course><hAcc>1.709870</hAcc><vAcc>0.894449</vAcc></extensions></trkpt>
      <trkpt lon="35.011537" lat="31.895645"><ele>235.817018</ele><time>2026-04-23T05:43:30Z</time><extensions><speed>2.690303</speed><course>125.463518</course><hAcc>1.695768</hAcc><vAcc>0.908554</vAcc></extensions></trkpt>
      <trkpt lon="35.011561" lat="31.895630"><ele>235.758010</ele><time>2026-04-23T05:43:31Z</time><extensions><speed>2.772543</speed><course>125.579902</course><hAcc>1.679727</hAcc><vAcc>0.918452</vAcc></extensions></trkpt>
      <trkpt lon="35.011585" lat="31.895616"><ele>235.678662</ele><time>2026-04-23T05:43:32Z</time><extensions><speed>2.800055</speed><course>125.198537</course><hAcc>1.658070</hAcc><vAcc>0.926728</vAcc></extensions></trkpt>
      <trkpt lon="35.011610" lat="31.895601"><ele>235.622852</ele><time>2026-04-23T05:43:33Z</time><extensions><speed>2.751566</speed><course>125.415779</course><hAcc>1.628922</hAcc><vAcc>0.936777</vAcc></extensions></trkpt>
      <trkpt lon="35.011634" lat="31.895586"><ele>235.594009</ele><time>2026-04-23T05:43:34Z</time><extensions><speed>2.732279</speed><course>127.779977</course><hAcc>1.598293</hAcc><vAcc>0.945394</vAcc></extensions></trkpt>
      <trkpt lon="35.011655" lat="31.895571"><ele>235.551274</ele><time>2026-04-23T05:43:35Z</time><extensions><speed>2.359449</speed><course>132.072824</course><hAcc>1.587775</hAcc><vAcc>0.951756</vAcc></extensions></trkpt>
      <trkpt lon="35.011671" lat="31.895558"><ele>235.539657</ele><time>2026-04-23T05:43:36Z</time><extensions><speed>1.591115</speed><course>131.425902</course><hAcc>1.601649</hAcc><vAcc>0.954317</vAcc></extensions></trkpt>
      <trkpt lon="35.011686" lat="31.895547"><ele>235.549707</ele><time>2026-04-23T05:43:37Z</time><extensions><speed>1.939725</speed><course>129.506210</course><hAcc>1.561670</hAcc><vAcc>0.955171</vAcc></extensions></trkpt>
      <trkpt lon="35.011703" lat="31.895537"><ele>235.547305</ele><time>2026-04-23T05:43:38Z</time><extensions><speed>1.664126</speed><course>123.646165</course><hAcc>1.563423</hAcc><vAcc>0.955938</vAcc></extensions></trkpt>
      <trkpt lon="35.011722" lat="31.895527"><ele>235.548874</ele><time>2026-04-23T05:43:39Z</time><extensions><speed>2.328791</speed><course>122.685603</course><hAcc>1.522027</hAcc><vAcc>0.955998</vAcc></extensions></trkpt>
      <trkpt lon="35.011743" lat="31.895515"><ele>235.535037</ele><time>2026-04-23T05:43:40Z</time><extensions><speed>2.078225</speed><course>123.658401</course><hAcc>1.520288</hAcc><vAcc>0.954191</vAcc></extensions></trkpt>
      <trkpt lon="35.011763" lat="31.895504"><ele>235.567200</ele><time>2026-04-23T05:43:41Z</time><extensions><speed>2.280852</speed><course>122.505370</course><hAcc>1.503326</hAcc><vAcc>0.950127</vAcc></extensions></trkpt>
      <trkpt lon="35.011782" lat="31.895494"><ele>235.639954</ele><time>2026-04-23T05:43:42Z</time><extensions><speed>1.696477</speed><course>121.122629</course><hAcc>1.531100</hAcc><vAcc>0.945043</vAcc></extensions></trkpt>
      <trkpt lon="35.011802" lat="31.895484"><ele>235.690139</ele><time>2026-04-23T05:43:43Z</time><extensions><speed>2.340411</speed><course>122.164960</course><hAcc>1.514438</hAcc><vAcc>0.939866</vAcc></extensions></trkpt>
      <trkpt lon="35.011822" lat="31.895474"><ele>235.749156</ele><time>2026-04-23T05:43:44Z</time><extensions><speed>1.919457</speed><course>122.569102</course><hAcc>1.534285</hAcc><vAcc>0.934610</vAcc></extensions></trkpt>
      <trkpt lon="35.011839" lat="31.895464"><ele>235.856291</ele><time>2026-04-23T05:43:45Z</time><extensions><speed>1.939975</speed><course>124.583731</course><hAcc>1.541886</hAcc><vAcc>0.927962</vAcc></extensions></trkpt>
      <trkpt lon="35.011860" lat="31.895452"><ele>235.954771</ele><time>2026-04-23T05:43:46Z</time><extensions><speed>2.507625</speed><course>123.295913</course><hAcc>1.511585</hAcc><vAcc>0.921638</vAcc></extensions></trkpt>
      <trkpt lon="35.011885" lat="31.895439"><ele>236.063795</ele><time>2026-04-23T05:43:47Z</time><extensions><speed>2.948887</speed><course>121.318178</course><hAcc>1.518003</hAcc><vAcc>0.914973</vAcc></extensions></trkpt>
      <trkpt lon="35.011910" lat="31.895426"><ele>236.186647</ele><time>2026-04-23T05:43:48Z</time><extensions><speed>2.469053</speed><course>121.380703</course><hAcc>1.574240</hAcc><vAcc>0.908511</vAcc></extensions></trkpt>
      <trkpt lon="35.011932" lat="31.895415"><ele>236.311474</ele><time>2026-04-23T05:43:49Z</time><extensions><speed>2.377993</speed><course>117.751219</course><hAcc>1.600381</hAcc><vAcc>0.902197</vAcc></extensions></trkpt>
      <trkpt lon="35.011958" lat="31.895404"><ele>236.465265</ele><time>2026-04-23T05:43:50Z</time><extensions><speed>3.005889</speed><course>116.579542</course><hAcc>1.585687</hAcc><vAcc>0.895574</vAcc></extensions></trkpt>
      <trkpt lon="35.011987" lat="31.895392"><ele>236.629894</ele><time>2026-04-23T05:43:51Z</time><extensions><speed>3.153410</speed><course>115.242828</course><hAcc>1.609514</hAcc><vAcc>0.888262</vAcc></extensions></trkpt>
      <trkpt lon="35.012019" lat="31.895380"><ele>236.796438</ele><time>2026-04-23T05:43:52Z</time><extensions><speed>3.229506</speed><course>111.353296</course><hAcc>1.629744</hAcc><vAcc>0.880606</vAcc></extensions></trkpt>
      <trkpt lon="35.012051" lat="31.895370"><ele>236.967497</ele><time>2026-04-23T05:43:53Z</time><extensions><speed>3.263662</speed><course>109.527706</course><hAcc>1.647166</hAcc><vAcc>0.873423</vAcc></extensions></trkpt>
      <trkpt lon="35.012084" lat="31.895360"><ele>237.132529</ele><time>2026-04-23T05:43:54Z</time><extensions><speed>3.281605</speed><course>109.255465</course><hAcc>1.666690</hAcc><vAcc>0.865501</vAcc></extensions></trkpt>
      <trkpt lon="35.012116" lat="31.895350"><ele>237.298600</ele><time>2026-04-23T05:43:55Z</time><extensions><speed>3.160722</speed><course>109.526138</course><hAcc>1.686478</hAcc><vAcc>0.857569</vAcc></extensions></trkpt>
      <trkpt lon="35.012147" lat="31.895340"><ele>237.452879</ele><time>2026-04-23T05:43:56Z</time><extensions><speed>3.097983</speed><course>111.633894</course><hAcc>1.702424</hAcc><vAcc>0.849899</vAcc></extensions></trkpt>
      <trkpt lon="35.012177" lat="31.895330"><ele>237.625934</ele><time>2026-04-23T05:43:56Z</time><extensions><speed>3.032963</speed><course>111.666455</course><hAcc>1.721267</hAcc><vAcc>0.842431</vAcc></extensions></trkpt>
      <trkpt lon="35.012207" lat="31.895320"><ele>237.784288</ele><time>2026-04-23T05:43:57Z</time><extensions><speed>2.946441</speed><course>113.529108</course><hAcc>1.742186</hAcc><vAcc>0.836131</vAcc></extensions></trkpt>
      <trkpt lon="35.012236" lat="31.895309"><ele>237.910687</ele><time>2026-04-23T05:43:58Z</time><extensions><speed>2.984918</speed><course>115.426351</course><hAcc>1.753287</hAcc><vAcc>0.830746</vAcc></extensions></trkpt>
      <trkpt lon="35.012264" lat="31.895297"><ele>238.060222</ele><time>2026-04-23T05:43:59Z</time><extensions><speed>3.029190</speed><course>118.647596</course><hAcc>1.768019</hAcc><vAcc>0.826225</vAcc></extensions></trkpt>
      <trkpt lon="35.012293" lat="31.895284"><ele>238.196739</ele><time>2026-04-23T05:44:00Z</time><extensions><speed>3.024920</speed><course>118.104031</course><hAcc>1.774692</hAcc><vAcc>0.823031</vAcc></extensions></trkpt>
      <trkpt lon="35.012321" lat="31.895272"><ele>238.301916</ele><time>2026-04-23T05:44:01Z</time><extensions><speed>2.986127</speed><course>115.494982</course><hAcc>1.781532</hAcc><vAcc>0.821195</vAcc></extensions></trkpt>
      <trkpt lon="35.012350" lat="31.895261"><ele>238.398556</ele><time>2026-04-23T05:44:02Z</time><extensions><speed>2.969872</speed><course>112.897319</course><hAcc>1.783765</hAcc><vAcc>0.821302</vAcc></extensions></trkpt>
      <trkpt lon="35.012380" lat="31.895251"><ele>238.486960</ele><time>2026-04-23T05:44:03Z</time><extensions><speed>3.007428</speed><course>108.404289</course><hAcc>1.783104</hAcc><vAcc>0.823058</vAcc></extensions></trkpt>
      <trkpt lon="35.012411" lat="31.895244"><ele>238.573360</ele><time>2026-04-23T05:44:04Z</time><extensions><speed>3.053446</speed><course>103.553490</course><hAcc>1.777108</hAcc><vAcc>0.826776</vAcc></extensions></trkpt>
      <trkpt lon="35.012443" lat="31.895239"><ele>238.650292</ele><time>2026-04-23T05:44:05Z</time><extensions><speed>3.015976</speed><course>99.013893</course><hAcc>1.767352</hAcc><vAcc>0.832136</vAcc></extensions></trkpt>
      <trkpt lon="35.012475" lat="31.895236"><ele>238.698246</ele><time>2026-04-23T05:44:06Z</time><extensions><speed>2.989223</speed><course>93.691144</course><hAcc>1.755470</hAcc><vAcc>0.839159</vAcc></extensions></trkpt>
      <trkpt lon="35.012507" lat="31.895235"><ele>238.779078</ele><time>2026-04-23T05:44:07Z</time><extensions><speed>3.040299</speed><course>91.274178</course><hAcc>1.744977</hAcc><vAcc>0.846510</vAcc></extensions></trkpt>
      <trkpt lon="35.012539" lat="31.895235"><ele>238.824306</ele><time>2026-04-23T05:44:08Z</time><extensions><speed>3.009689</speed><course>90.423663</course><hAcc>1.736797</hAcc><vAcc>0.854519</vAcc></extensions></trkpt>
      <trkpt lon="35.012571" lat="31.895234"><ele>238.858654</ele><time>2026-04-23T05:44:09Z</time><extensions><speed>2.871111</speed><course>91.415765</course><hAcc>1.736575</hAcc><vAcc>0.863002</vAcc></extensions></trkpt>
      <trkpt lon="35.012601" lat="31.895233"><ele>238.881944</ele><time>2026-04-23T05:44:10Z</time><extensions><speed>2.807223</speed><course>92.463544</course><hAcc>1.733949</hAcc><vAcc>0.871353</vAcc></extensions></trkpt>
      <trkpt lon="35.012631" lat="31.895232"><ele>238.918789</ele><time>2026-04-23T05:44:11Z</time><extensions><speed>2.853072</speed><course>90.849368</course><hAcc>1.722328</hAcc><vAcc>0.878951</vAcc></extensions></trkpt>
      <trkpt lon="35.012661" lat="31.895232"><ele>238.946529</ele><time>2026-04-23T05:44:12Z</time><extensions><speed>2.778635</speed><course>88.869128</course><hAcc>1.720340</hAcc><vAcc>0.886767</vAcc></extensions></trkpt>
      <trkpt lon="35.012691" lat="31.895234"><ele>238.985279</ele><time>2026-04-23T05:44:13Z</time><extensions><speed>2.812589</speed><course>84.642826</course><hAcc>1.709370</hAcc><vAcc>0.894360</vAcc></extensions></trkpt>
      <trkpt lon="35.012720" lat="31.895238"><ele>239.031052</ele><time>2026-04-23T05:44:14Z</time><extensions><speed>2.844891</speed><course>77.149454</course><hAcc>1.703061</hAcc><vAcc>0.901017</vAcc></extensions></trkpt>
      <trkpt lon="35.012749" lat="31.895244"><ele>239.060107</ele><time>2026-04-23T05:44:15Z</time><extensions><speed>2.795392</speed><course>72.674249</course><hAcc>1.700405</hAcc><vAcc>0.906328</vAcc></extensions></trkpt>
      <trkpt lon="35.012777" lat="31.895252"><ele>239.095140</ele><time>2026-04-23T05:44:16Z</time><extensions><speed>2.787384</speed><course>70.053744</course><hAcc>1.706275</hAcc><vAcc>0.911358</vAcc></extensions></trkpt>
      <trkpt lon="35.012806" lat="31.895260"><ele>239.139918</ele><time>2026-04-23T05:44:17Z</time><extensions><speed>2.825330</speed><course>75.317800</course><hAcc>1.711146</hAcc><vAcc>0.915150</vAcc></extensions></trkpt>
      <trkpt lon="35.012835" lat="31.895265"><ele>239.179958</ele><time>2026-04-23T05:44:18Z</time><extensions><speed>2.810270</speed><course>80.051600</course><hAcc>1.710074</hAcc><vAcc>0.918174</vAcc></extensions></trkpt>
      <trkpt lon="35.012865" lat="31.895268"><ele>239.207792</ele><time>2026-04-23T05:44:19Z</time><extensions><speed>2.932194</speed><course>87.575769</course><hAcc>1.715748</hAcc><vAcc>0.920888</vAcc></extensions></trkpt>
      <trkpt lon="35.012896" lat="31.895268"><ele>239.250985</ele><time>2026-04-23T05:44:20Z</time><extensions><speed>2.844256</speed><course>90.689742</course><hAcc>1.723295</hAcc><vAcc>0.921894</vAcc></extensions></trkpt>
      <trkpt lon="35.012925" lat="31.895267"><ele>239.268328</ele><time>2026-04-23T05:44:21Z</time><extensions><speed>2.676206</speed><course>93.274645</course><hAcc>1.736299</hAcc><vAcc>0.922511</vAcc></extensions></trkpt>
      <trkpt lon="35.012952" lat="31.895266"><ele>239.327218</ele><time>2026-04-23T05:44:22Z</time><extensions><speed>2.528557</speed><course>94.913127</course><hAcc>1.746331</hAcc><vAcc>0.922234</vAcc></extensions></trkpt>
      <trkpt lon="35.012978" lat="31.895263"><ele>239.368350</ele><time>2026-04-23T05:44:23Z</time><extensions><speed>2.443110</speed><course>100.067209</course><hAcc>1.754383</hAcc><vAcc>0.920969</vAcc></extensions></trkpt>
      <trkpt lon="35.013003" lat="31.895258"><ele>239.406404</ele><time>2026-04-23T05:44:24Z</time><extensions><speed>2.393011</speed><course>105.013175</course><hAcc>1.760923</hAcc><vAcc>0.918737</vAcc></extensions></trkpt>
      <trkpt lon="35.013028" lat="31.895253"><ele>239.454749</ele><time>2026-04-23T05:44:25Z</time><extensions><speed>2.463959</speed><course>103.273440</course><hAcc>1.770294</hAcc><vAcc>0.916053</vAcc></extensions></trkpt>
      <trkpt lon="35.013053" lat="31.895248"><ele>239.497862</ele><time>2026-04-23T05:44:26Z</time><extensions><speed>2.523442</speed><course>98.005813</course><hAcc>1.782041</hAcc><vAcc>0.912247</vAcc></extensions></trkpt>
      <trkpt lon="35.013080" lat="31.895246"><ele>239.574870</ele><time>2026-04-23T05:44:27Z</time><extensions><speed>2.536171</speed><course>95.629024</course><hAcc>1.782672</hAcc><vAcc>0.907506</vAcc></extensions></trkpt>
      <trkpt lon="35.013106" lat="31.895243"><ele>239.668481</ele><time>2026-04-23T05:44:28Z</time><extensions><speed>2.369127</speed><course>97.470557</course><hAcc>1.782844</hAcc><vAcc>0.902369</vAcc></extensions></trkpt>
      <trkpt lon="35.013131" lat="31.895241"><ele>239.747372</ele><time>2026-04-23T05:44:29Z</time><extensions><speed>2.362828</speed><course>94.599452</course><hAcc>1.790419</hAcc><vAcc>0.898163</vAcc></extensions></trkpt>
      <trkpt lon="35.013157" lat="31.895240"><ele>239.826992</ele><time>2026-04-23T05:44:30Z</time><extensions><speed>2.503897</speed><course>91.108297</course><hAcc>1.798743</hAcc><vAcc>0.894732</vAcc></extensions></trkpt>
      <trkpt lon="35.013184" lat="31.895241"><ele>239.915869</ele><time>2026-04-23T05:44:31Z</time><extensions><speed>2.568954</speed><course>88.108737</course><hAcc>1.807434</hAcc><vAcc>0.891856</vAcc></extensions></trkpt>
      <trkpt lon="35.013211" lat="31.895242"><ele>240.006921</ele><time>2026-04-23T05:44:32Z</time><extensions><speed>2.433843</speed><course>87.632308</course><hAcc>1.814650</hAcc><vAcc>0.890208</vAcc></extensions></trkpt>
      <trkpt lon="35.013237" lat="31.895243"><ele>240.092687</ele><time>2026-04-23T05:44:33Z</time><extensions><speed>2.455260</speed><course>87.490184</course><hAcc>1.824179</hAcc><vAcc>0.889303</vAcc></extensions></trkpt>
      <trkpt lon="35.013265" lat="31.895245"><ele>240.183174</ele><time>2026-04-23T05:44:34Z</time><extensions><speed>2.664130</speed><course>87.041469</course><hAcc>1.833452</hAcc><vAcc>0.889745</vAcc></extensions></trkpt>
      <trkpt lon="35.013294" lat="31.895246"><ele>240.274113</ele><time>2026-04-23T05:44:35Z</time><extensions><speed>2.843240</speed><course>86.097122</course><hAcc>1.843482</hAcc><vAcc>0.890957</vAcc></extensions></trkpt>
      <trkpt lon="35.013325" lat="31.895249"><ele>240.360287</ele><time>2026-04-23T05:44:36Z</time><extensions><speed>2.848816</speed><course>84.873043</course><hAcc>1.850625</hAcc><vAcc>0.892221</vAcc></extensions></trkpt>
      <trkpt lon="35.013355" lat="31.895252"><ele>240.449047</ele><time>2026-04-23T05:44:37Z</time><extensions><speed>2.894198</speed><course>82.246320</course><hAcc>1.857307</hAcc><vAcc>0.895511</vAcc></extensions></trkpt>
      <trkpt lon="35.013385" lat="31.895257"><ele>240.523459</ele><time>2026-04-23T05:44:38Z</time><extensions><speed>2.756398</speed><course>76.225351</course><hAcc>1.869459</hAcc><vAcc>0.899381</vAcc></extensions></trkpt>
      <trkpt lon="35.013413" lat="31.895264"><ele>240.576439</ele><time>2026-04-23T05:44:39Z</time><extensions><speed>2.787429</speed><course>71.746872</course><hAcc>1.883356</hAcc><vAcc>0.903941</vAcc></extensions></trkpt>
      <trkpt lon="35.013442" lat="31.895272"><ele>240.660423</ele><time>2026-04-23T05:44:40Z</time><extensions><speed>2.936642</speed><course>70.877806</course><hAcc>1.894993</hAcc><vAcc>0.908265</vAcc></extensions></trkpt>
      <trkpt lon="35.013472" lat="31.895282"><ele>240.751578</ele><time>2026-04-23T05:44:41Z</time><extensions><speed>2.997519</speed><course>69.608662</course><hAcc>1.891401</hAcc><vAcc>0.911696</vAcc></extensions></trkpt>
      <trkpt lon="35.013501" lat="31.895291"><ele>240.803437</ele><time>2026-04-23T05:44:42Z</time><extensions><speed>2.862889</speed><course>70.723004</course><hAcc>1.891400</hAcc><vAcc>0.914214</vAcc></extensions></trkpt>
      <trkpt lon="35.013530" lat="31.895299"><ele>240.872713</ele><time>2026-04-23T05:44:43Z</time><extensions><speed>2.831062</speed><course>71.774510</course><hAcc>1.893815</hAcc><vAcc>0.916035</vAcc></extensions></trkpt>
      <trkpt lon="35.013560" lat="31.895307"><ele>240.945189</ele><time>2026-04-23T05:44:44Z</time><extensions><speed>2.885001</speed><course>72.865212</course><hAcc>1.882202</hAcc><vAcc>0.917417</vAcc></extensions></trkpt>
      <trkpt lon="35.013589" lat="31.895315"><ele>241.009464</ele><time>2026-04-23T05:44:45Z</time><extensions><speed>2.842325</speed><course>73.987369</course><hAcc>1.876481</hAcc><vAcc>0.919790</vAcc></extensions></trkpt>
      <trkpt lon="35.013618" lat="31.895322"><ele>241.069303</ele><time>2026-04-23T05:44:46Z</time><extensions><speed>2.732053</speed><course>73.573475</course><hAcc>1.877596</hAcc><vAcc>0.921948</vAcc></extensions></trkpt>
      <trkpt lon="35.013646" lat="31.895329"><ele>241.146536</ele><time>2026-04-23T05:44:47Z</time><extensions><speed>2.694620</speed><course>74.639161</course><hAcc>1.868965</hAcc><vAcc>0.923889</vAcc></extensions></trkpt>
      <trkpt lon="35.013674" lat="31.895336"><ele>241.234341</ele><time>2026-04-23T05:44:48Z</time><extensions><speed>2.779126</speed><course>73.985870</course><hAcc>1.864300</hAcc><vAcc>0.924882</vAcc></extensions></trkpt>
      <trkpt lon="35.013702" lat="31.895343"><ele>241.295599</ele><time>2026-04-23T05:44:49Z</time><extensions><speed>2.826805</speed><course>73.394500</course><hAcc>1.869558</hAcc><vAcc>0.925967</vAcc></extensions></trkpt>
      <trkpt lon="35.013731" lat="31.895350"><ele>241.362850</ele><time>2026-04-23T05:44:50Z</time><extensions><speed>2.846914</speed><course>75.126070</course><hAcc>1.872080</hAcc><vAcc>0.927673</vAcc></extensions></trkpt>
      <trkpt lon="35.013760" lat="31.895356"><ele>241.438675</ele><time>2026-04-23T05:44:51Z</time><extensions><speed>2.820920</speed><course>77.964945</course><hAcc>1.872966</hAcc><vAcc>0.928010</vAcc></extensions></trkpt>
      <trkpt lon="35.013789" lat="31.895361"><ele>241.482069</ele><time>2026-04-23T05:44:52Z</time><extensions><speed>2.791509</speed><course>79.438975</course><hAcc>1.862871</hAcc><vAcc>0.927792</vAcc></extensions></trkpt>
      <trkpt lon="35.013817" lat="31.895366"><ele>241.569229</ele><time>2026-04-23T05:44:53Z</time><extensions><speed>2.734259</speed><course>77.556375</course><hAcc>1.857455</hAcc><vAcc>0.927831</vAcc></extensions></trkpt>
      <trkpt lon="35.013845" lat="31.895371"><ele>241.644510</ele><time>2026-04-23T05:44:54Z</time><extensions><speed>2.577391</speed><course>77.219359</course><hAcc>1.857534</hAcc><vAcc>0.928089</vAcc></extensions></trkpt>
      <trkpt lon="35.013871" lat="31.895376"><ele>241.716316</ele><time>2026-04-23T05:44:55Z</time><extensions><speed>2.468033</speed><course>77.087994</course><hAcc>1.850907</hAcc><vAcc>0.929177</vAcc></extensions></trkpt>
      <trkpt lon="35.013897" lat="31.895381"><ele>241.787523</ele><time>2026-04-23T05:44:56Z</time><extensions><speed>2.426513</speed><course>79.656392</course><hAcc>1.846845</hAcc><vAcc>0.930197</vAcc></extensions></trkpt>
      <trkpt lon="35.013923" lat="31.895384"><ele>241.864217</ele><time>2026-04-23T05:44:57Z</time><extensions><speed>2.425701</speed><course>83.533159</course><hAcc>1.838224</hAcc><vAcc>0.930370</vAcc></extensions></trkpt>
      <trkpt lon="35.013949" lat="31.895386"><ele>241.902224</ele><time>2026-04-23T05:44:58Z</time><extensions><speed>2.458780</speed><course>89.289213</course><hAcc>1.840825</hAcc><vAcc>0.930308</vAcc></extensions></trkpt>
      <trkpt lon="35.013975" lat="31.895385"><ele>241.949184</ele><time>2026-04-23T05:44:59Z</time><extensions><speed>2.513987</speed><course>95.168200</course><hAcc>1.825516</hAcc><vAcc>0.929786</vAcc></extensions></trkpt>
      <trkpt lon="35.014002" lat="31.895382"><ele>241.988078</ele><time>2026-04-23T05:45:00Z</time><extensions><speed>2.605288</speed><course>101.878574</course><hAcc>1.821325</hAcc><vAcc>0.929169</vAcc></extensions></trkpt>
      <trkpt lon="35.014030" lat="31.895377"><ele>242.010703</ele><time>2026-04-23T05:45:01Z</time><extensions><speed>2.775266</speed><course>100.629496</course><hAcc>1.820670</hAcc><vAcc>0.928565</vAcc></extensions></trkpt>
      <trkpt lon="35.014060" lat="31.895374"><ele>242.010782</ele><time>2026-04-23T05:45:02Z</time><extensions><speed>2.741294</speed><course>92.446476</course><hAcc>1.819241</hAcc><vAcc>0.927853</vAcc></extensions></trkpt>
      <trkpt lon="35.014088" lat="31.895375"><ele>242.007479</ele><time>2026-04-23T05:45:03Z</time><extensions><speed>2.670570</speed><course>83.380175</course><hAcc>1.819139</hAcc><vAcc>0.927753</vAcc></extensions></trkpt>
      <trkpt lon="35.014116" lat="31.895380"><ele>242.023123</ele><time>2026-04-23T05:45:04Z</time><extensions><speed>2.657652</speed><course>75.194914</course><hAcc>1.811737</hAcc><vAcc>0.929162</vAcc></extensions></trkpt>
      <trkpt lon="35.014144" lat="31.895387"><ele>242.019425</ele><time>2026-04-23T05:45:05Z</time><extensions><speed>2.728877</speed><course>71.999056</course><hAcc>1.804585</hAcc><vAcc>0.931454</vAcc></extensions></trkpt>
      <trkpt lon="35.014173" lat="31.895395"><ele>242.015851</ele><time>2026-04-23T05:45:06Z</time><extensions><speed>2.973193</speed><course>71.761750</course><hAcc>1.796897</hAcc><vAcc>0.933790</vAcc></extensions></trkpt>
      <trkpt lon="35.014204" lat="31.895402"><ele>242.031156</ele><time>2026-04-23T05:45:07Z</time><extensions><speed>3.108691</speed><course>77.952372</course><hAcc>1.788870</hAcc><vAcc>0.935046</vAcc></extensions></trkpt>
      <trkpt lon="35.014236" lat="31.895407"><ele>242.034764</ele><time>2026-04-23T05:45:08Z</time><extensions><speed>3.066780</speed><course>81.730273</course><hAcc>1.788756</hAcc><vAcc>0.936393</vAcc></extensions></trkpt>
      <trkpt lon="35.014268" lat="31.895411"><ele>242.027357</ele><time>2026-04-23T05:45:09Z</time><extensions><speed>2.937655</speed><course>83.292255</course><hAcc>1.790868</hAcc><vAcc>0.938746</vAcc></extensions></trkpt>
      <trkpt lon="35.014298" lat="31.895415"><ele>242.032653</ele><time>2026-04-23T05:45:10Z</time><extensions><speed>2.943189</speed><course>80.045730</course><hAcc>1.778285</hAcc><vAcc>0.941519</vAcc></extensions></trkpt>
      <trkpt lon="35.014329" lat="31.895420"><ele>242.045130</ele><time>2026-04-23T05:45:11Z</time><extensions><speed>2.983894</speed><course>76.616711</course><hAcc>1.776046</hAcc><vAcc>0.945586</vAcc></extensions></trkpt>
      <trkpt lon="35.014360" lat="31.895426"><ele>242.075983</ele><time>2026-04-23T05:45:12Z</time><extensions><speed>3.103655</speed><course>77.158556</course><hAcc>1.786955</hAcc><vAcc>0.950531</vAcc></extensions></trkpt>
      <trkpt lon="35.014392" lat="31.895432"><ele>242.107525</ele><time>2026-04-23T05:45:13Z</time><extensions><speed>3.033341</speed><course>78.327078</course><hAcc>1.794457</hAcc><vAcc>0.956046</vAcc></extensions></trkpt>
      <trkpt lon="35.014423" lat="31.895438"><ele>242.159730</ele><time>2026-04-23T05:45:14Z</time><extensions><speed>2.913849</speed><course>78.240492</course><hAcc>1.797858</hAcc><vAcc>0.962243</vAcc></extensions></trkpt>
      <trkpt lon="35.014452" lat="31.895443"><ele>242.222101</ele><time>2026-04-23T05:45:15Z</time><extensions><speed>2.714523</speed><course>79.002180</course><hAcc>1.803312</hAcc><vAcc>0.968962</vAcc></extensions></trkpt>
      <trkpt lon="35.014480" lat="31.895448"><ele>242.297917</ele><time>2026-04-23T05:45:16Z</time><extensions><speed>2.678821</speed><course>76.101374</course><hAcc>1.805195</hAcc><vAcc>0.975370</vAcc></extensions></trkpt>
      <trkpt lon="35.014508" lat="31.895454"><ele>242.355304</ele><time>2026-04-23T05:45:17Z</time><extensions><speed>2.756052</speed><course>73.642243</course><hAcc>1.801676</hAcc><vAcc>0.980798</vAcc></extensions></trkpt>
      <trkpt lon="35.014536" lat="31.895461"><ele>242.436207</ele><time>2026-04-23T05:45:18Z</time><extensions><speed>2.798447</speed><course>74.431298</course><hAcc>1.807019</hAcc><vAcc>0.986289</vAcc></extensions></trkpt>
      <trkpt lon="35.014565" lat="31.895468"><ele>242.532777</ele><time>2026-04-23T05:45:19Z</time><extensions><speed>2.802709</speed><course>74.598484</course><hAcc>1.818196</hAcc><vAcc>0.992004</vAcc></extensions></trkpt>
      <trkpt lon="35.014593" lat="31.895474"><ele>242.625560</ele><time>2026-04-23T05:45:20Z</time><extensions><speed>2.688463</speed><course>76.409402</course><hAcc>1.818890</hAcc><vAcc>0.997757</vAcc></extensions></trkpt>
      <trkpt lon="35.014620" lat="31.895479"><ele>242.693917</ele><time>2026-04-23T05:45:21Z</time><extensions><speed>2.602200</speed><course>78.502584</course><hAcc>1.816733</hAcc><vAcc>1.002438</vAcc></extensions></trkpt>
      <trkpt lon="35.014647" lat="31.895484"><ele>242.791491</ele><time>2026-04-23T05:45:22Z</time><extensions><speed>2.561459</speed><course>80.979499</course><hAcc>1.823841</hAcc><vAcc>1.006195</vAcc></extensions></trkpt>
      <trkpt lon="35.014674" lat="31.895487"><ele>242.917672</ele><time>2026-04-23T05:45:24Z</time><extensions><speed>2.598288</speed><course>83.486883</course><hAcc>1.824508</hAcc><vAcc>1.009869</vAcc></extensions></trkpt>
      <trkpt lon="35.014702" lat="31.895490"><ele>243.009472</ele><time>2026-04-23T05:45:25Z</time><extensions><speed>2.639379</speed><course>80.897007</course><hAcc>1.822640</hAcc><vAcc>1.012421</vAcc></extensions></trkpt>
      <trkpt lon="35.014730" lat="31.895495"><ele>243.095155</ele><time>2026-04-23T05:45:26Z</time><extensions><speed>2.692705</speed><course>78.305881</course><hAcc>1.821098</hAcc><vAcc>1.012347</vAcc></extensions></trkpt>
      <trkpt lon="35.014758" lat="31.895500"><ele>243.155479</ele><time>2026-04-23T05:45:27Z</time><extensions><speed>2.692160</speed><course>76.835190</course><hAcc>1.818635</hAcc><vAcc>1.012408</vAcc></extensions></trkpt>
      <trkpt lon="35.014786" lat="31.895506"><ele>243.239524</ele><time>2026-04-23T05:45:28Z</time><extensions><speed>2.781348</speed><course>77.347141</course><hAcc>1.812882</hAcc><vAcc>1.011174</vAcc></extensions></trkpt>
      <trkpt lon="35.014815" lat="31.895511"><ele>243.333830</ele><time>2026-04-23T05:45:29Z</time><extensions><speed>2.910799</speed><course>79.127179</course><hAcc>1.810193</hAcc><vAcc>1.009488</vAcc></extensions></trkpt>
      <trkpt lon="35.014844" lat="31.895516"><ele>243.387964</ele><time>2026-04-23T05:45:30Z</time><extensions><speed>2.713554</speed><course>78.258980</course><hAcc>1.803723</hAcc><vAcc>1.006364</vAcc></extensions></trkpt>
      <trkpt lon="35.014872" lat="31.895521"><ele>243.448081</ele><time>2026-04-23T05:45:31Z</time><extensions><speed>2.615172</speed><course>76.770719</course><hAcc>1.803697</hAcc><vAcc>1.003915</vAcc></extensions></trkpt>
      <trkpt lon="35.014898" lat="31.895527"><ele>243.502355</ele><time>2026-04-23T05:45:32Z</time><extensions><speed>2.576365</speed><course>76.189300</course><hAcc>1.801540</hAcc><vAcc>1.001245</vAcc></extensions></trkpt>
      <trkpt lon="35.014926" lat="31.895532"><ele>243.547648</ele><time>2026-04-23T05:45:33Z</time><extensions><speed>2.698882</speed><course>75.972609</course><hAcc>1.797618</hAcc><vAcc>0.998800</vAcc></extensions></trkpt>
      <trkpt lon="35.014954" lat="31.895539"><ele>243.597158</ele><time>2026-04-23T05:45:34Z</time><extensions><speed>2.728926</speed><course>75.045536</course><hAcc>1.804037</hAcc><vAcc>0.996179</vAcc></extensions></trkpt>
      <trkpt lon="35.014982" lat="31.895546"><ele>243.649661</ele><time>2026-04-23T05:45:35Z</time><extensions><speed>2.803321</speed><course>74.308316</course><hAcc>1.807360</hAcc><vAcc>0.994409</vAcc></extensions></trkpt>
      <trkpt lon="35.015010" lat="31.895553"><ele>243.703449</ele><time>2026-04-23T05:45:36Z</time><extensions><speed>2.800842</speed><course>71.031942</course><hAcc>1.788581</hAcc><vAcc>0.992611</vAcc></extensions></trkpt>
      <trkpt lon="35.015038" lat="31.895562"><ele>243.718782</ele><time>2026-04-23T05:45:37Z</time><extensions><speed>2.741858</speed><course>69.436331</course><hAcc>1.785699</hAcc><vAcc>0.991887</vAcc></extensions></trkpt>
      <trkpt lon="35.015064" lat="31.895570"><ele>243.720034</ele><time>2026-04-23T05:45:38Z</time><extensions><speed>2.690130</speed><course>70.564755</course><hAcc>1.790177</hAcc><vAcc>0.992966</vAcc></extensions></trkpt>
      <trkpt lon="35.015090" lat="31.895578"><ele>243.728634</ele><time>2026-04-23T05:45:39Z</time><extensions><speed>2.519271</speed><course>71.377515</course><hAcc>1.786276</hAcc><vAcc>0.994096</vAcc></extensions></trkpt>
      <trkpt lon="35.015115" lat="31.895585"><ele>243.727031</ele><time>2026-04-23T05:45:40Z</time><extensions><speed>2.494753</speed><course>70.839632</course><hAcc>1.787053</hAcc><vAcc>0.995614</vAcc></extensions></trkpt>
      <trkpt lon="35.015140" lat="31.895593"><ele>243.722307</ele><time>2026-04-23T05:45:41Z</time><extensions><speed>2.549901</speed><course>70.400924</course><hAcc>1.797395</hAcc><vAcc>0.996448</vAcc></extensions></trkpt>
      <trkpt lon="35.015166" lat="31.895600"><ele>243.714654</ele><time>2026-04-23T05:45:42Z</time><extensions><speed>2.578993</speed><course>70.519553</course><hAcc>1.801382</hAcc><vAcc>0.998851</vAcc></extensions></trkpt>
      <trkpt lon="35.015192" lat="31.895608"><ele>243.703894</ele><time>2026-04-23T05:45:43Z</time><extensions><speed>2.744056</speed><course>70.826745</course><hAcc>1.799681</hAcc><vAcc>1.001283</vAcc></extensions></trkpt>
      <trkpt lon="35.015221" lat="31.895617"><ele>243.691606</ele><time>2026-04-23T05:45:44Z</time><extensions><speed>3.032904</speed><course>71.124036</course><hAcc>1.798203</hAcc><vAcc>1.002767</vAcc></extensions></trkpt>
      <trkpt lon="35.015251" lat="31.895625"><ele>243.650711</ele><time>2026-04-23T05:45:45Z</time><extensions><speed>2.924166</speed><course>72.889804</course><hAcc>1.802668</hAcc><vAcc>1.003982</vAcc></extensions></trkpt>
      <trkpt lon="35.015280" lat="31.895633"><ele>243.619165</ele><time>2026-04-23T05:45:46Z</time><extensions><speed>2.763872</speed><course>74.790173</course><hAcc>1.811346</hAcc><vAcc>1.004256</vAcc></extensions></trkpt>
      <trkpt lon="35.015307" lat="31.895639"><ele>243.557800</ele><time>2026-04-23T05:45:47Z</time><extensions><speed>2.513764</speed><course>75.768848</course><hAcc>1.801531</hAcc><vAcc>1.001502</vAcc></extensions></trkpt>
      <trkpt lon="35.015333" lat="31.895644"><ele>243.523028</ele><time>2026-04-23T05:45:48Z</time><extensions><speed>2.471267</speed><course>77.420497</course><hAcc>1.798365</hAcc><vAcc>0.996997</vAcc></extensions></trkpt>
      <trkpt lon="35.015359" lat="31.895650"><ele>243.453658</ele><time>2026-04-23T05:45:49Z</time><extensions><speed>2.576282</speed><course>75.725489</course><hAcc>1.796788</hAcc><vAcc>0.991696</vAcc></extensions></trkpt>
      <trkpt lon="35.015385" lat="31.895656"><ele>243.411593</ele><time>2026-04-23T05:45:50Z</time><extensions><speed>2.552397</speed><course>74.300582</course><hAcc>1.804545</hAcc><vAcc>0.987042</vAcc></extensions></trkpt>
      <trkpt lon="35.015410" lat="31.895662"><ele>243.376709</ele><time>2026-04-23T05:45:51Z</time><extensions><speed>2.494554</speed><course>73.362668</course><hAcc>1.816254</hAcc><vAcc>0.982252</vAcc></extensions></trkpt>
      <trkpt lon="35.015435" lat="31.895669"><ele>243.373222</ele><time>2026-04-23T05:45:52Z</time><extensions><speed>2.613969</speed><course>70.251803</course><hAcc>1.806999</hAcc><vAcc>0.977812</vAcc></extensions></trkpt>
      <trkpt lon="35.015461" lat="31.895678"><ele>243.361930</ele><time>2026-04-23T05:45:53Z</time><extensions><speed>2.677575</speed><course>67.482492</course><hAcc>1.802810</hAcc><vAcc>0.973384</vAcc></extensions></trkpt>
      <trkpt lon="35.015486" lat="31.895688"><ele>243.337338</ele><time>2026-04-23T05:45:54Z</time><extensions><speed>2.732838</speed><course>62.582726</course><hAcc>1.802713</hAcc><vAcc>0.969189</vAcc></extensions></trkpt>
      <trkpt lon="35.015510" lat="31.895701"><ele>243.344506</ele><time>2026-04-23T05:45:55Z</time><extensions><speed>2.748676</speed><course>56.265226</course><hAcc>1.805615</hAcc><vAcc>0.965582</vAcc></extensions></trkpt>
      <trkpt lon="35.015532" lat="31.895716"><ele>243.340545</ele><time>2026-04-23T05:45:56Z</time><extensions><speed>2.824835</speed><course>47.606090</course><hAcc>1.805903</hAcc><vAcc>0.962570</vAcc></extensions></trkpt>
      <trkpt lon="35.015553" lat="31.895734"><ele>243.353276</ele><time>2026-04-23T05:45:57Z</time><extensions><speed>2.859721</speed><course>43.549449</course><hAcc>1.800432</hAcc><vAcc>0.960050</vAcc></extensions></trkpt>
      <trkpt lon="35.015573" lat="31.895752"><ele>243.359453</ele><time>2026-04-23T05:45:58Z</time><extensions><speed>2.712573</speed><course>44.852763</course><hAcc>1.792733</hAcc><vAcc>0.958505</vAcc></extensions></trkpt>
      <trkpt lon="35.015592" lat="31.895767"><ele>243.378459</ele><time>2026-04-23T05:45:59Z</time><extensions><speed>2.314308</speed><course>52.315642</course><hAcc>1.786542</hAcc><vAcc>0.956440</vAcc></extensions></trkpt>
      <trkpt lon="35.015611" lat="31.895778"><ele>243.417560</ele><time>2026-04-23T05:46:00Z</time><extensions><speed>2.018151</speed><course>61.664668</course><hAcc>1.780111</hAcc><vAcc>0.953843</vAcc></extensions></trkpt>
      <trkpt lon="35.015629" lat="31.895785"><ele>243.473144</ele><time>2026-04-23T05:46:00Z</time><extensions><speed>1.958430</speed><course>71.573354</course><hAcc>1.770970</hAcc><vAcc>0.952509</vAcc></extensions></trkpt>
      <trkpt lon="35.015649" lat="31.895789"><ele>243.512120</ele><time>2026-04-23T05:46:01Z</time><extensions><speed>1.964616</speed><course>82.420228</course><hAcc>1.764908</hAcc><vAcc>0.952421</vAcc></extensions></trkpt>
      <trkpt lon="35.015669" lat="31.895790"><ele>243.589269</ele><time>2026-04-23T05:46:02Z</time><extensions><speed>2.012818</speed><course>94.545469</course><hAcc>1.757242</hAcc><vAcc>0.952805</vAcc></extensions></trkpt>
      <trkpt lon="35.015690" lat="31.895785"><ele>243.705297</ele><time>2026-04-23T05:46:03Z</time><extensions><speed>2.073072</speed><course>113.742159</course><hAcc>1.753282</hAcc><vAcc>0.953734</vAcc></extensions></trkpt>
      <trkpt lon="35.015709" lat="31.895775"><ele>243.798924</ele><time>2026-04-23T05:46:04Z</time><extensions><speed>2.283776</speed><course>127.443647</course><hAcc>1.763191</hAcc><vAcc>0.954003</vAcc></extensions></trkpt>
      <trkpt lon="35.015727" lat="31.895762"><ele>243.891780</ele><time>2026-04-23T05:46:05Z</time><extensions><speed>2.257169</speed><course>131.435536</course><hAcc>1.751791</hAcc><vAcc>0.953183</vAcc></extensions></trkpt>
      <trkpt lon="35.015746" lat="31.895749"><ele>243.965080</ele><time>2026-04-23T05:46:06Z</time><extensions><speed>2.373723</speed><course>126.870002</course><hAcc>1.739683</hAcc><vAcc>0.950300</vAcc></extensions></trkpt>
      <trkpt lon="35.015768" lat="31.895737"><ele>244.055165</ele><time>2026-04-23T05:46:07Z</time><extensions><speed>2.432286</speed><course>119.286847</course><hAcc>1.736336</hAcc><vAcc>0.946792</vAcc></extensions></trkpt>
      <trkpt lon="35.015791" lat="31.895727"><ele>244.148689</ele><time>2026-04-23T05:46:08Z</time><extensions><speed>2.554262</speed><course>115.313720</course><hAcc>1.733328</hAcc><vAcc>0.942560</vAcc></extensions></trkpt>
      <trkpt lon="35.015816" lat="31.895719"><ele>244.228251</ele><time>2026-04-23T05:46:09Z</time><extensions><speed>2.413599</speed><course>109.729046</course><hAcc>1.728224</hAcc><vAcc>0.938483</vAcc></extensions></trkpt>
      <trkpt lon="35.015840" lat="31.895714"><ele>244.290864</ele><time>2026-04-23T05:46:10Z</time><extensions><speed>2.231165</speed><course>97.386266</course><hAcc>1.725260</hAcc><vAcc>0.934749</vAcc></extensions></trkpt>
      <trkpt lon="35.015863" lat="31.895713"><ele>244.349545</ele><time>2026-04-23T05:46:11Z</time><extensions><speed>2.212642</speed><course>87.925775</course><hAcc>1.727863</hAcc><vAcc>0.932189</vAcc></extensions></trkpt>
      <trkpt lon="35.015887" lat="31.895714"><ele>244.443930</ele><time>2026-04-23T05:46:12Z</time><extensions><speed>2.284527</speed><course>86.037433</course><hAcc>1.737990</hAcc><vAcc>0.929662</vAcc></extensions></trkpt>
      <trkpt lon="35.015911" lat="31.895715"><ele>244.519675</ele><time>2026-04-23T05:46:13Z</time><extensions><speed>2.091183</speed><course>90.416863</course><hAcc>1.755354</hAcc><vAcc>0.926760</vAcc></extensions></trkpt>
      <trkpt lon="35.015934" lat="31.895715"><ele>244.569192</ele><time>2026-04-23T05:46:14Z</time><extensions><speed>2.324033</speed><course>89.365748</course><hAcc>1.758254</hAcc><vAcc>0.923748</vAcc></extensions></trkpt>
      <trkpt lon="35.015959" lat="31.895715"><ele>244.643763</ele><time>2026-04-23T05:46:15Z</time><extensions><speed>2.401856</speed><course>92.198236</course><hAcc>1.769501</hAcc><vAcc>0.920517</vAcc></extensions></trkpt>
      <trkpt lon="35.015985" lat="31.895715"><ele>244.688398</ele><time>2026-04-23T05:46:16Z</time><extensions><speed>2.509761</speed><course>88.659581</course><hAcc>1.781280</hAcc><vAcc>0.917028</vAcc></extensions></trkpt>
      <trkpt lon="35.016013" lat="31.895716"><ele>244.697322</ele><time>2026-04-23T05:46:17Z</time><extensions><speed>2.692042</speed><course>86.108947</course><hAcc>1.789686</hAcc><vAcc>0.913433</vAcc></extensions></trkpt>
      <trkpt lon="35.016043" lat="31.895718"><ele>244.709846</ele><time>2026-04-23T05:46:18Z</time><extensions><speed>2.915800</speed><course>84.142704</course><hAcc>1.799100</hAcc><vAcc>0.909730</vAcc></extensions></trkpt>
      <trkpt lon="35.016074" lat="31.895721"><ele>244.713802</ele><time>2026-04-23T05:46:19Z</time><extensions><speed>2.956090</speed><course>84.839318</course><hAcc>1.810317</hAcc><vAcc>0.906590</vAcc></extensions></trkpt>
      <trkpt lon="35.016105" lat="31.895724"><ele>244.741596</ele><time>2026-04-23T05:46:20Z</time><extensions><speed>2.839992</speed><course>83.051395</course><hAcc>1.817927</hAcc><vAcc>0.905242</vAcc></extensions></trkpt>
      <trkpt lon="35.016134" lat="31.895727"><ele>244.769692</ele><time>2026-04-23T05:46:21Z</time><extensions><speed>2.739678</speed><course>81.749433</course><hAcc>1.828877</hAcc><vAcc>0.904172</vAcc></extensions></trkpt>
      <trkpt lon="35.016163" lat="31.895730"><ele>244.794616</ele><time>2026-04-23T05:46:22Z</time><extensions><speed>2.708802</speed><course>82.986886</course><hAcc>1.839054</hAcc><vAcc>0.903889</vAcc></extensions></trkpt>
      <trkpt lon="35.016192" lat="31.895733"><ele>244.817248</ele><time>2026-04-23T05:46:23Z</time><extensions><speed>2.774326</speed><course>83.786256</course><hAcc>1.839415</hAcc><vAcc>0.904272</vAcc></extensions></trkpt>
      <trkpt lon="35.016221" lat="31.895736"><ele>244.851861</ele><time>2026-04-23T05:46:24Z</time><extensions><speed>2.734189</speed><course>84.449187</course><hAcc>1.835548</hAcc><vAcc>0.905052</vAcc></extensions></trkpt>
      <trkpt lon="35.016250" lat="31.895738"><ele>244.867128</ele><time>2026-04-23T05:46:25Z</time><extensions><speed>2.776902</speed><course>86.120762</course><hAcc>1.833963</hAcc><vAcc>0.906116</vAcc></extensions></trkpt>
      <trkpt lon="35.016280" lat="31.895740"><ele>244.888805</ele><time>2026-04-23T05:46:26Z</time><extensions><speed>2.852332</speed><course>87.020722</course><hAcc>1.830922</hAcc><vAcc>0.906492</vAcc></extensions></trkpt>
      <trkpt lon="35.016311" lat="31.895742"><ele>244.918504</ele><time>2026-04-23T05:46:27Z</time><extensions><speed>2.921177</speed><course>84.549124</course><hAcc>1.826909</hAcc><vAcc>0.907256</vAcc></extensions></trkpt>
      <trkpt lon="35.016342" lat="31.895744"><ele>244.948180</ele><time>2026-04-23T05:46:28Z</time><extensions><speed>2.961202</speed><course>86.450063</course><hAcc>1.818479</hAcc><vAcc>0.908351</vAcc></extensions></trkpt>
      <trkpt lon="35.016373" lat="31.895745"><ele>244.980698</ele><time>2026-04-23T05:46:29Z</time><extensions><speed>2.921186</speed><course>86.697519</course><hAcc>1.807434</hAcc><vAcc>0.910623</vAcc></extensions></trkpt>
      <trkpt lon="35.016403" lat="31.895747"><ele>245.018142</ele><time>2026-04-23T05:46:30Z</time><extensions><speed>2.801470</speed><course>86.139274</course><hAcc>1.796540</hAcc><vAcc>0.913737</vAcc></extensions></trkpt>
      <trkpt lon="35.016433" lat="31.895748"><ele>245.047672</ele><time>2026-04-23T05:46:31Z</time><extensions><speed>2.811869</speed><course>86.693730</course><hAcc>1.786544</hAcc><vAcc>0.917015</vAcc></extensions></trkpt>
      <trkpt lon="35.016462" lat="31.895750"><ele>245.097798</ele><time>2026-04-23T05:46:32Z</time><extensions><speed>2.774312</speed><course>84.887365</course><hAcc>1.782511</hAcc><vAcc>0.919256</vAcc></extensions></trkpt>
      <trkpt lon="35.016492" lat="31.895753"><ele>245.120818</ele><time>2026-04-23T05:46:33Z</time><extensions><speed>2.808776</speed><course>83.769764</course><hAcc>1.768666</hAcc><vAcc>0.921371</vAcc></extensions></trkpt>
      <trkpt lon="35.016521" lat="31.895755"><ele>245.170659</ele><time>2026-04-23T05:46:34Z</time><extensions><speed>2.839179</speed><course>86.067697</course><hAcc>1.758511</hAcc><vAcc>0.923728</vAcc></extensions></trkpt>
      <trkpt lon="35.016552" lat="31.895756"><ele>245.236944</ele><time>2026-04-23T05:46:35Z</time><extensions><speed>2.840240</speed><course>88.050622</course><hAcc>1.755109</hAcc><vAcc>0.926438</vAcc></extensions></trkpt>
      <trkpt lon="35.016582" lat="31.895757"><ele>245.267705</ele><time>2026-04-23T05:46:36Z</time><extensions><speed>2.813841</speed><course>88.979821</course><hAcc>1.745632</hAcc><vAcc>0.928858</vAcc></extensions></trkpt>
      <trkpt lon="35.016612" lat="31.895758"><ele>245.325033</ele><time>2026-04-23T05:46:37Z</time><extensions><speed>2.864148</speed><course>90.172634</course><hAcc>1.737773</hAcc><vAcc>0.931511</vAcc></extensions></trkpt>
      <trkpt lon="35.016642" lat="31.895757"><ele>245.367885</ele><time>2026-04-23T05:46:38Z</time><extensions><speed>2.836151</speed><course>91.816281</course><hAcc>1.731731</hAcc><vAcc>0.934847</vAcc></extensions></trkpt>
      <trkpt lon="35.016672" lat="31.895757"><ele>245.414591</ele><time>2026-04-23T05:46:39Z</time><extensions><speed>2.760173</speed><course>92.790453</course><hAcc>1.727079</hAcc><vAcc>0.938646</vAcc></extensions></trkpt>
      <trkpt lon="35.016701" lat="31.895756"><ele>245.412071</ele><time>2026-04-23T05:46:40Z</time><extensions><speed>2.685892</speed><course>90.837883</course><hAcc>1.726906</hAcc><vAcc>0.942671</vAcc></extensions></trkpt>
      <trkpt lon="35.016730" lat="31.895756"><ele>245.421877</ele><time>2026-04-23T05:46:41Z</time><extensions><speed>2.624112</speed><course>90.738260</course><hAcc>1.722664</hAcc><vAcc>0.946244</vAcc></extensions></trkpt>
      <trkpt lon="35.016757" lat="31.895755"><ele>245.433469</ele><time>2026-04-23T05:46:42Z</time><extensions><speed>2.601576</speed><course>91.726846</course><hAcc>1.722084</hAcc><vAcc>0.950458</vAcc></extensions></trkpt>
      <trkpt lon="35.016784" lat="31.895755"><ele>245.448008</ele><time>2026-04-23T05:46:43Z</time><extensions><speed>2.489512</speed><course>92.067672</course><hAcc>1.728466</hAcc><vAcc>0.954258</vAcc></extensions></trkpt>
      <trkpt lon="35.016811" lat="31.895755"><ele>245.486193</ele><time>2026-04-23T05:46:44Z</time><extensions><speed>2.659692</speed><course>87.799247</course><hAcc>1.723154</hAcc><vAcc>0.958754</vAcc></extensions></trkpt>
      <trkpt lon="35.016840" lat="31.895758"><ele>245.510882</ele><time>2026-04-23T05:46:45Z</time><extensions><speed>2.776270</speed><course>78.765737</course><hAcc>1.720228</hAcc><vAcc>0.963066</vAcc></extensions></trkpt>
      <trkpt lon="35.016869" lat="31.895764"><ele>245.534339</ele><time>2026-04-23T05:46:46Z</time><extensions><speed>2.944120</speed><course>73.467418</course><hAcc>1.723558</hAcc><vAcc>0.966006</vAcc></extensions></trkpt>
      <trkpt lon="35.016899" lat="31.895772"><ele>245.545289</ele><time>2026-04-23T05:46:47Z</time><extensions><speed>3.066366</speed><course>72.553708</course><hAcc>1.728538</hAcc><vAcc>0.967797</vAcc></extensions></trkpt>
      <trkpt lon="35.016930" lat="31.895780"><ele>245.562829</ele><time>2026-04-23T05:46:48Z</time><extensions><speed>3.051408</speed><course>72.146005</course><hAcc>1.729266</hAcc><vAcc>0.968643</vAcc></extensions></trkpt>
      <trkpt lon="35.016961" lat="31.895788"><ele>245.552630</ele><time>2026-04-23T05:46:49Z</time><extensions><speed>3.006283</speed><course>76.348519</course><hAcc>1.730719</hAcc><vAcc>0.968704</vAcc></extensions></trkpt>
      <trkpt lon="35.016991" lat="31.895793"><ele>245.542785</ele><time>2026-04-23T05:46:50Z</time><extensions><speed>2.821145</speed><course>81.181707</course><hAcc>1.729246</hAcc><vAcc>0.969085</vAcc></extensions></trkpt>
      <trkpt lon="35.017020" lat="31.895796"><ele>245.522788</ele><time>2026-04-23T05:46:51Z</time><extensions><speed>2.685243</speed><course>85.773332</course><hAcc>1.723904</hAcc><vAcc>0.968839</vAcc></extensions></trkpt>
      <trkpt lon="35.017047" lat="31.895796"><ele>245.490015</ele><time>2026-04-23T05:46:52Z</time><extensions><speed>2.511132</speed><course>91.152681</course><hAcc>1.723782</hAcc><vAcc>0.968626</vAcc></extensions></trkpt>
      <trkpt lon="35.017073" lat="31.895795"><ele>245.441193</ele><time>2026-04-23T05:46:53Z</time><extensions><speed>2.337817</speed><course>96.492323</course><hAcc>1.725085</hAcc><vAcc>0.967597</vAcc></extensions></trkpt>
      <trkpt lon="35.017098" lat="31.895793"><ele>245.370355</ele><time>2026-04-23T05:46:54Z</time><extensions><speed>2.381747</speed><course>95.637268</course><hAcc>1.720181</hAcc><vAcc>0.967062</vAcc></extensions></trkpt>
      <trkpt lon="35.017123" lat="31.895791"><ele>245.315394</ele><time>2026-04-23T05:46:55Z</time><extensions><speed>2.387492</speed><course>91.259365</course><hAcc>1.712106</hAcc><vAcc>0.966756</vAcc></extensions></trkpt>
      <trkpt lon="35.017149" lat="31.895793"><ele>245.248675</ele><time>2026-04-23T05:46:56Z</time><extensions><speed>2.457333</speed><course>83.010521</course><hAcc>1.706569</hAcc><vAcc>0.966899</vAcc></extensions></trkpt>
      <trkpt lon="35.017175" lat="31.895796"><ele>245.200903</ele><time>2026-04-23T05:46:57Z</time><extensions><speed>2.619722</speed><course>78.082191</course><hAcc>1.700659</hAcc><vAcc>0.968460</vAcc></extensions></trkpt>
      <trkpt lon="35.017203" lat="31.895801"><ele>245.134195</ele><time>2026-04-23T05:46:58Z</time><extensions><speed>2.705750</speed><course>77.505880</course><hAcc>1.692279</hAcc><vAcc>0.970598</vAcc></extensions></trkpt>
      <trkpt lon="35.017231" lat="31.895806"><ele>245.069843</ele><time>2026-04-23T05:46:59Z</time><extensions><speed>2.760530</speed><course>80.122025</course><hAcc>1.689508</hAcc><vAcc>0.973305</vAcc></extensions></trkpt>
      <trkpt lon="35.017260" lat="31.895809"><ele>245.013115</ele><time>2026-04-23T05:47:00Z</time><extensions><speed>2.724097</speed><course>88.128862</course><hAcc>1.689626</hAcc><vAcc>0.975877</vAcc></extensions></trkpt>
      <trkpt lon="35.017289" lat="31.895808"><ele>244.970869</ele><time>2026-04-23T05:47:01Z</time><extensions><speed>2.682738</speed><course>93.100483</course><hAcc>1.686506</hAcc><vAcc>0.978463</vAcc></extensions></trkpt>
      <trkpt lon="35.017318" lat="31.895806"><ele>244.920838</ele><time>2026-04-23T05:47:02Z</time><extensions><speed>2.818832</speed><course>95.273109</course><hAcc>1.686807</hAcc><vAcc>0.980057</vAcc></extensions></trkpt>
      <trkpt lon="35.017348" lat="31.895804"><ele>244.857141</ele><time>2026-04-23T05:47:03Z</time><extensions><speed>2.870018</speed><course>96.288468</course><hAcc>1.694596</hAcc><vAcc>0.982455</vAcc></extensions></trkpt>
      <trkpt lon="35.017378" lat="31.895801"><ele>244.824737</ele><time>2026-04-23T05:47:04Z</time><extensions><speed>2.827175</speed><course>97.045316</course><hAcc>1.705077</hAcc><vAcc>0.985678</vAcc></extensions></trkpt>
      <trkpt lon="35.017408" lat="31.895798"><ele>244.766583</ele><time>2026-04-23T05:47:05Z</time><extensions><speed>2.840167</speed><course>97.708934</course><hAcc>1.718564</hAcc><vAcc>0.988747</vAcc></extensions></trkpt>
      <trkpt lon="35.017437" lat="31.895794"><ele>244.708774</ele><time>2026-04-23T05:47:06Z</time><extensions><speed>2.698136</speed><course>98.615924</course><hAcc>1.737024</hAcc><vAcc>0.991691</vAcc></extensions></trkpt>
      <trkpt lon="35.017464" lat="31.895791"><ele>244.677157</ele><time>2026-04-23T05:47:07Z</time><extensions><speed>2.538675</speed><course>97.112919</course><hAcc>1.761034</hAcc><vAcc>0.994112</vAcc></extensions></trkpt>
      <trkpt lon="35.017491" lat="31.895788"><ele>244.648242</ele><time>2026-04-23T05:47:08Z</time><extensions><speed>2.612527</speed><course>97.516659</course><hAcc>1.764732</hAcc><vAcc>0.994521</vAcc></extensions></trkpt>
      <trkpt lon="35.017519" lat="31.895785"><ele>244.576439</ele><time>2026-04-23T05:47:09Z</time><extensions><speed>2.679013</speed><course>97.488345</course><hAcc>1.773120</hAcc><vAcc>0.992901</vAcc></extensions></trkpt>
      <trkpt lon="35.017548" lat="31.895782"><ele>244.531177</ele><time>2026-04-23T05:47:10Z</time><extensions><speed>2.693741</speed><course>97.556832</course><hAcc>1.787943</hAcc><vAcc>0.990249</vAcc></extensions></trkpt>
      <trkpt lon="35.017577" lat="31.895778"><ele>244.523405</ele><time>2026-04-23T05:47:11Z</time><extensions><speed>2.798104</speed><course>97.207945</course><hAcc>1.803023</hAcc><vAcc>0.987716</vAcc></extensions></trkpt>
      <trkpt lon="35.017607" lat="31.895776"><ele>244.487721</ele><time>2026-04-23T05:47:12Z</time><extensions><speed>2.883987</speed><course>95.266444</course><hAcc>1.814907</hAcc><vAcc>0.984718</vAcc></extensions></trkpt>
      <trkpt lon="35.017638" lat="31.895773"><ele>244.481366</ele><time>2026-04-23T05:47:13Z</time><extensions><speed>2.917292</speed><course>93.675217</course><hAcc>1.829646</hAcc><vAcc>0.981026</vAcc></extensions></trkpt>
      <trkpt lon="35.017668" lat="31.895772"><ele>244.438240</ele><time>2026-04-23T05:47:14Z</time><extensions><speed>2.870390</speed><course>93.578168</course><hAcc>1.844441</hAcc><vAcc>0.977916</vAcc></extensions></trkpt>
      <trkpt lon="35.017699" lat="31.895770"><ele>244.397241</ele><time>2026-04-23T05:47:15Z</time><extensions><speed>2.861563</speed><course>93.806016</course><hAcc>1.855339</hAcc><vAcc>0.975159</vAcc></extensions></trkpt>
      <trkpt lon="35.017729" lat="31.895768"><ele>244.359890</ele><time>2026-04-23T05:47:16Z</time><extensions><speed>2.850060</speed><course>96.296617</course><hAcc>1.860391</hAcc><vAcc>0.971917</vAcc></extensions></trkpt>
      <trkpt lon="35.017759" lat="31.895766"><ele>244.332152</ele><time>2026-04-23T05:47:17Z</time><extensions><speed>2.742203</speed><course>94.671324</course><hAcc>1.860351</hAcc><vAcc>0.968517</vAcc></extensions></trkpt>
      <trkpt lon="35.017787" lat="31.895765"><ele>244.278081</ele><time>2026-04-23T05:47:18Z</time><extensions><speed>2.628084</speed><course>90.492003</course><hAcc>1.862984</hAcc><vAcc>0.964490</vAcc></extensions></trkpt>
      <trkpt lon="35.017816" lat="31.895765"><ele>244.211374</ele><time>2026-04-23T05:47:19Z</time><extensions><speed>2.710889</speed><course>90.582918</course><hAcc>1.864535</hAcc><vAcc>0.961493</vAcc></extensions></trkpt>
      <trkpt lon="35.017846" lat="31.895764"><ele>244.131167</ele><time>2026-04-23T05:47:20Z</time><extensions><speed>2.867917</speed><course>91.874332</course><hAcc>1.863261</hAcc><vAcc>0.960990</vAcc></extensions></trkpt>
      <trkpt lon="35.017877" lat="31.895764"><ele>244.088364</ele><time>2026-04-23T05:47:21Z</time><extensions><speed>3.030899</speed><course>90.362216</course><hAcc>1.861044</hAcc><vAcc>0.962071</vAcc></extensions></trkpt>
      <trkpt lon="35.017909" lat="31.895764"><ele>244.017160</ele><time>2026-04-23T05:47:22Z</time><extensions><speed>3.085720</speed><course>89.940036</course><hAcc>1.858015</hAcc><vAcc>0.964387</vAcc></extensions></trkpt>
      <trkpt lon="35.017942" lat="31.895764"><ele>243.939066</ele><time>2026-04-23T05:47:23Z</time><extensions><speed>2.995123</speed><course>90.355982</course><hAcc>1.859948</hAcc><vAcc>0.968990</vAcc></extensions></trkpt>
      <trkpt lon="35.017973" lat="31.895764"><ele>243.854343</ele><time>2026-04-23T05:47:24Z</time><extensions><speed>2.883576</speed><course>91.187140</course><hAcc>1.865775</hAcc><vAcc>0.974990</vAcc></extensions></trkpt>
      <trkpt lon="35.018003" lat="31.895763"><ele>243.778908</ele><time>2026-04-23T05:47:25Z</time><extensions><speed>2.817677</speed><course>93.012277</course><hAcc>1.869744</hAcc><vAcc>0.982878</vAcc></extensions></trkpt>
      <trkpt lon="35.018033" lat="31.895762"><ele>243.720607</ele><time>2026-04-23T05:47:26Z</time><extensions><speed>2.854576</speed><course>93.076546</course><hAcc>1.859872</hAcc><vAcc>0.991196</vAcc></extensions></trkpt>
      <trkpt lon="35.018063" lat="31.895760"><ele>243.617374</ele><time>2026-04-23T05:47:27Z</time><extensions><speed>2.828325</speed><course>92.857734</course><hAcc>1.854018</hAcc><vAcc>0.999774</vAcc></extensions></trkpt>
      <trkpt lon="35.018092" lat="31.895760"><ele>243.552554</ele><time>2026-04-23T05:47:28Z</time><extensions><speed>2.745883</speed><course>90.331161</course><hAcc>1.847202</hAcc><vAcc>1.007749</vAcc></extensions></trkpt>
      <trkpt lon="35.018121" lat="31.895761"><ele>243.540775</ele><time>2026-04-23T05:47:30Z</time><extensions><speed>2.840708</speed><course>83.459939</course><hAcc>1.845616</hAcc><vAcc>1.013746</vAcc></extensions></trkpt>
      <trkpt lon="35.018151" lat="31.895765"><ele>243.538545</ele><time>2026-04-23T05:47:31Z</time><extensions><speed>2.855857</speed><course>80.932975</course><hAcc>1.841650</hAcc><vAcc>1.021242</vAcc></extensions></trkpt>
      <trkpt lon="35.018181" lat="31.895769"><ele>243.508581</ele><time>2026-04-23T05:47:32Z</time><extensions><speed>2.902296</speed><course>79.725298</course><hAcc>1.827758</hAcc><vAcc>1.029349</vAcc></extensions></trkpt>
      <trkpt lon="35.018211" lat="31.895773"><ele>243.485865</ele><time>2026-04-23T05:47:33Z</time><extensions><speed>2.914524</speed><course>84.196741</course><hAcc>1.819231</hAcc><vAcc>1.034504</vAcc></extensions></trkpt>
      <trkpt lon="35.018243" lat="31.895774"><ele>243.488095</ele><time>2026-04-23T05:47:34Z</time><extensions><speed>3.097731</speed><course>94.383100</course><hAcc>1.811042</hAcc><vAcc>1.039126</vAcc></extensions></trkpt>
      <trkpt lon="35.018273" lat="31.895769"><ele>243.451042</ele><time>2026-04-23T05:47:35Z</time><extensions><speed>2.822447</speed><course>104.811074</course><hAcc>1.793995</hAcc><vAcc>1.042284</vAcc></extensions></trkpt>
      <trkpt lon="35.018300" lat="31.895761"><ele>243.480268</ele><time>2026-04-23T05:47:36Z</time><extensions><speed>2.518743</speed><course>118.270577</course><hAcc>1.784790</hAcc><vAcc>1.042193</vAcc></extensions></trkpt>
      <trkpt lon="35.018322" lat="31.895750"><ele>243.464964</ele><time>2026-04-23T05:47:37Z</time><extensions><speed>2.429250</speed><course>123.396948</course><hAcc>1.779193</hAcc><vAcc>1.040558</vAcc></extensions></trkpt>
      <trkpt lon="35.018344" lat="31.895738"><ele>243.473222</ele><time>2026-04-23T05:47:38Z</time><extensions><speed>2.455357</speed><course>120.750885</course><hAcc>1.769568</hAcc><vAcc>1.037509</vAcc></extensions></trkpt>
      <trkpt lon="35.018366" lat="31.895728"><ele>243.492333</ele><time>2026-04-23T05:47:39Z</time><extensions><speed>2.302838</speed><course>114.441788</course><hAcc>1.756533</hAcc><vAcc>1.033534</vAcc></extensions></trkpt>
      <trkpt lon="35.018390" lat="31.895721"><ele>243.520135</ele><time>2026-04-23T05:47:40Z</time><extensions><speed>2.433516</speed><course>103.570332</course><hAcc>1.750501</hAcc><vAcc>1.028094</vAcc></extensions></trkpt>
      <trkpt lon="35.018416" lat="31.895717"><ele>243.524913</ele><time>2026-04-23T05:47:41Z</time><extensions><speed>2.592865</speed><course>96.587091</course><hAcc>1.752986</hAcc><vAcc>1.021948</vAcc></extensions></trkpt>
      <trkpt lon="35.018444" lat="31.895715"><ele>243.561826</ele><time>2026-04-23T05:47:42Z</time><extensions><speed>2.669405</speed><course>93.423807</course><hAcc>1.756318</hAcc><vAcc>1.012627</vAcc></extensions></trkpt>
      <trkpt lon="35.018472" lat="31.895715"><ele>243.587156</ele><time>2026-04-23T05:47:43Z</time><extensions><speed>2.644448</speed><course>90.135171</course><hAcc>1.742989</hAcc><vAcc>0.999084</vAcc></extensions></trkpt>
      <trkpt lon="35.018500" lat="31.895715"><ele>243.577132</ele><time>2026-04-23T05:47:44Z</time><extensions><speed>2.703188</speed><course>89.345448</course><hAcc>1.739600</hAcc><vAcc>0.984857</vAcc></extensions></trkpt>
      <trkpt lon="35.018529" lat="31.895715"><ele>243.592439</ele><time>2026-04-23T05:47:45Z</time><extensions><speed>2.742053</speed><course>88.393323</course><hAcc>1.745344</hAcc><vAcc>0.970635</vAcc></extensions></trkpt>
      <trkpt lon="35.018557" lat="31.895715"><ele>243.587120</ele><time>2026-04-23T05:47:46Z</time><extensions><speed>2.669675</speed><course>91.088129</course><hAcc>1.743038</hAcc><vAcc>0.955331</vAcc></extensions></trkpt>
      <trkpt lon="35.018585" lat="31.895714"><ele>243.583399</ele><time>2026-04-23T05:47:47Z</time><extensions><speed>2.640654</speed><course>96.376708</course><hAcc>1.737476</hAcc><vAcc>0.939794</vAcc></extensions></trkpt>
      <trkpt lon="35.018613" lat="31.895711"><ele>243.616196</ele><time>2026-04-23T05:47:48Z</time><extensions><speed>2.607684</speed><course>96.251469</course><hAcc>1.739192</hAcc><vAcc>0.923941</vAcc></extensions></trkpt>
      <trkpt lon="35.018640" lat="31.895708"><ele>243.629399</ele><time>2026-04-23T05:47:49Z</time><extensions><speed>2.588704</speed><course>96.034495</course><hAcc>1.747988</hAcc><vAcc>0.907867</vAcc></extensions></trkpt>
      <trkpt lon="35.018668" lat="31.895706"><ele>243.638179</ele><time>2026-04-23T05:47:50Z</time><extensions><speed>2.694099</speed><course>94.804359</course><hAcc>1.760741</hAcc><vAcc>0.891389</vAcc></extensions></trkpt>
      <trkpt lon="35.018697" lat="31.895704"><ele>243.647087</ele><time>2026-04-23T05:47:51Z</time><extensions><speed>2.684786</speed><course>95.487909</course><hAcc>1.780113</hAcc><vAcc>0.875261</vAcc></extensions></trkpt>
      <trkpt lon="35.018726" lat="31.895701"><ele>243.668993</ele><time>2026-04-23T05:47:52Z</time><extensions><speed>2.780385</speed><course>95.555151</course><hAcc>1.792600</hAcc><vAcc>0.860105</vAcc></extensions></trkpt>
      <trkpt lon="35.018756" lat="31.895699"><ele>243.678369</ele><time>2026-04-23T05:47:53Z</time><extensions><speed>2.959875</speed><course>95.773362</course><hAcc>1.810993</hAcc><vAcc>0.846383</vAcc></extensions></trkpt>
      <trkpt lon="35.018788" lat="31.895697"><ele>243.723501</ele><time>2026-04-23T05:47:54Z</time><extensions><speed>3.018967</speed><course>93.679951</course><hAcc>1.837823</hAcc><vAcc>0.834520</vAcc></extensions></trkpt>
      <trkpt lon="35.018820" lat="31.895695"><ele>243.766469</ele><time>2026-04-23T05:47:55Z</time><extensions><speed>3.000195</speed><course>92.228442</course><hAcc>1.861498</hAcc><vAcc>0.825084</vAcc></extensions></trkpt>
      <trkpt lon="35.018851" lat="31.895695"><ele>243.815769</ele><time>2026-04-23T05:47:56Z</time><extensions><speed>2.926261</speed><course>90.541735</course><hAcc>1.883395</hAcc><vAcc>0.818372</vAcc></extensions></trkpt>
      <trkpt lon="35.018882" lat="31.895695"><ele>243.888532</ele><time>2026-04-23T05:47:57Z</time><extensions><speed>2.846545</speed><course>89.476124</course><hAcc>1.904151</hAcc><vAcc>0.813885</vAcc></extensions></trkpt>
      <trkpt lon="35.018911" lat="31.895695"><ele>243.942824</ele><time>2026-04-23T05:47:58Z</time><extensions><speed>2.712000</speed><course>90.061502</course><hAcc>1.919955</hAcc><vAcc>0.810905</vAcc></extensions></trkpt>
      <trkpt lon="35.018941" lat="31.895695"><ele>244.006433</ele><time>2026-04-23T05:47:59Z</time><extensions><speed>2.804010</speed><course>91.051264</course><hAcc>1.922483</hAcc><vAcc>0.809733</vAcc></extensions></trkpt>
      <trkpt lon="35.018972" lat="31.895694"><ele>244.082928</ele><time>2026-04-23T05:48:00Z</time><extensions><speed>2.979974</speed><course>90.989259</course><hAcc>1.927307</hAcc><vAcc>0.809387</vAcc></extensions></trkpt>
      <trkpt lon="35.019003" lat="31.895694"><ele>244.197499</ele><time>2026-04-23T05:48:01Z</time><extensions><speed>2.920279</speed><course>91.250923</course><hAcc>1.937556</hAcc><vAcc>0.809472</vAcc></extensions></trkpt>
      <trkpt lon="35.019034" lat="31.895693"><ele>244.277637</ele><time>2026-04-23T05:48:02Z</time><extensions><speed>2.962696</speed><course>92.672456</course><hAcc>1.945240</hAcc><vAcc>0.810698</vAcc></extensions></trkpt>
      <trkpt lon="35.019066" lat="31.895692"><ele>244.373523</ele><time>2026-04-23T05:48:03Z</time><extensions><speed>2.968699</speed><course>91.980355</course><hAcc>1.942631</hAcc><vAcc>0.812543</vAcc></extensions></trkpt>
      <trkpt lon="35.019098" lat="31.895692"><ele>244.462682</ele><time>2026-04-23T05:48:04Z</time><extensions><speed>3.025962</speed><course>89.031570</course><hAcc>1.946698</hAcc><vAcc>0.814728</vAcc></extensions></trkpt>
      <trkpt lon="35.019131" lat="31.895693"><ele>244.555048</ele><time>2026-04-23T05:48:05Z</time><extensions><speed>3.066575</speed><course>88.827850</course><hAcc>1.961880</hAcc><vAcc>0.817315</vAcc></extensions></trkpt>
      <trkpt lon="35.019163" lat="31.895694"><ele>244.666571</ele><time>2026-04-23T05:48:06Z</time><extensions><speed>2.976391</speed><course>89.571875</course><hAcc>1.969401</hAcc><vAcc>0.819972</vAcc></extensions></trkpt>
      <trkpt lon="35.019194" lat="31.895694"><ele>244.776985</ele><time>2026-04-23T05:48:07Z</time><extensions><speed>2.956602</speed><course>91.726922</course><hAcc>1.982943</hAcc><vAcc>0.822985</vAcc></extensions></trkpt>
      <trkpt lon="35.019226" lat="31.895692"><ele>244.892475</ele><time>2026-04-23T05:48:08Z</time><extensions><speed>2.930944</speed><course>94.865568</course><hAcc>1.997311</hAcc><vAcc>0.826725</vAcc></extensions></trkpt>
      <trkpt lon="35.019257" lat="31.895691"><ele>244.976991</ele><time>2026-04-23T05:48:08Z</time><extensions><speed>3.026224</speed><course>91.925357</course><hAcc>2.002429</hAcc><vAcc>0.832009</vAcc></extensions></trkpt>
      <trkpt lon="35.019290" lat="31.895691"><ele>245.061730</ele><time>2026-04-23T05:48:09Z</time><extensions><speed>3.086356</speed><course>87.579264</course><hAcc>2.006125</hAcc><vAcc>0.838456</vAcc></extensions></trkpt>
      <trkpt lon="35.019322" lat="31.895694"><ele>245.128562</ele><time>2026-04-23T05:48:10Z</time><extensions><speed>3.030718</speed><course>82.073430</course><hAcc>2.013663</hAcc><vAcc>0.845099</vAcc></extensions></trkpt>
      <trkpt lon="35.019354" lat="31.895698"><ele>245.190550</ele><time>2026-04-23T05:48:11Z</time><extensions><speed>2.998619</speed><course>78.324500</course><hAcc>2.030153</hAcc><vAcc>0.852802</vAcc></extensions></trkpt>
      <trkpt lon="35.019385" lat="31.895704"><ele>245.239521</ele><time>2026-04-23T05:48:12Z</time><extensions><speed>2.972090</speed><course>78.075501</course><hAcc>2.046523</hAcc><vAcc>0.863733</vAcc></extensions></trkpt>
      <trkpt lon="35.019416" lat="31.895708"><ele>245.279229</ele><time>2026-04-23T05:48:13Z</time><extensions><speed>2.912752</speed><course>80.612194</course><hAcc>2.052917</hAcc><vAcc>0.876270</vAcc></extensions></trkpt>
      <trkpt lon="35.019446" lat="31.895712"><ele>245.296633</ele><time>2026-04-23T05:48:14Z</time><extensions><speed>2.869438</speed><course>82.782380</course><hAcc>2.061387</hAcc><vAcc>0.889792</vAcc></extensions></trkpt>
      <trkpt lon="35.019476" lat="31.895715"><ele>245.344771</ele><time>2026-04-23T05:48:15Z</time><extensions><speed>2.699611</speed><course>85.980617</course><hAcc>2.078977</hAcc><vAcc>0.902719</vAcc></extensions></trkpt>
      <trkpt lon="35.019503" lat="31.895716"><ele>245.359668</ele><time>2026-04-23T05:48:16Z</time><extensions><speed>2.530811</speed><course>90.189363</course><hAcc>2.090004</hAcc><vAcc>0.915122</vAcc></extensions></trkpt>
      <trkpt lon="35.019531" lat="31.895715"><ele>245.401861</ele><time>2026-04-23T05:48:17Z</time><extensions><speed>2.664014</speed><course>92.872102</course><hAcc>2.104529</hAcc><vAcc>0.925323</vAcc></extensions></trkpt>
      <trkpt lon="35.019559" lat="31.895714"><ele>245.384470</ele><time>2026-04-23T05:48:18Z</time><extensions><speed>2.674609</speed><course>91.324959</course><hAcc>2.123442</hAcc><vAcc>0.932776</vAcc></extensions></trkpt>
      <trkpt lon="35.019588" lat="31.895714"><ele>245.354409</ele><time>2026-04-23T05:48:19Z</time><extensions><speed>2.633976</speed><course>88.284329</course><hAcc>2.140343</hAcc><vAcc>0.943002</vAcc></extensions></trkpt>
      <trkpt lon="35.019616" lat="31.895714"><ele>245.348134</ele><time>2026-04-23T05:48:20Z</time><extensions><speed>2.731452</speed><course>90.563712</course><hAcc>2.158463</hAcc><vAcc>0.952509</vAcc></extensions></trkpt>
      <trkpt lon="35.019645" lat="31.895712"><ele>245.370996</ele><time>2026-04-23T05:48:21Z</time><extensions><speed>2.728096</speed><course>98.413753</course><hAcc>2.182686</hAcc><vAcc>0.961300</vAcc></extensions></trkpt>
      <trkpt lon="35.019673" lat="31.895707"><ele>245.397540</ele><time>2026-04-23T05:48:22Z</time><extensions><speed>2.673970</speed><course>101.264889</course><hAcc>2.199573</hAcc><vAcc>0.968986</vAcc></extensions></trkpt>
      <trkpt lon="35.019701" lat="31.895702"><ele>245.424741</ele><time>2026-04-23T05:48:23Z</time><extensions><speed>2.740726</speed><course>99.803236</course><hAcc>2.210215</hAcc><vAcc>0.974959</vAcc></extensions></trkpt>
      <trkpt lon="35.019730" lat="31.895698"><ele>245.496641</ele><time>2026-04-23T05:48:24Z</time><extensions><speed>2.790668</speed><course>97.584196</course><hAcc>2.208917</hAcc><vAcc>0.979735</vAcc></extensions></trkpt>
      <trkpt lon="35.019759" lat="31.895696"><ele>245.561805</ele><time>2026-04-23T05:48:25Z</time><extensions><speed>2.751827</speed><course>92.852507</course><hAcc>2.205063</hAcc><vAcc>0.983259</vAcc></extensions></trkpt>
      <trkpt lon="35.019786" lat="31.895694"><ele>245.659685</ele><time>2026-04-23T05:48:26Z</time><extensions><speed>2.561533</speed><course>91.849433</course><hAcc>2.207027</hAcc><vAcc>0.985901</vAcc></extensions></trkpt>
      <trkpt lon="35.019813" lat="31.895693"><ele>245.741532</ele><time>2026-04-23T05:48:27Z</time><extensions><speed>2.500050</speed><course>95.479366</course><hAcc>2.217076</hAcc><vAcc>0.987326</vAcc></extensions></trkpt>
      <trkpt lon="35.019839" lat="31.895689"><ele>245.833727</ele><time>2026-04-23T05:48:28Z</time><extensions><speed>2.510935</speed><course>100.852309</course><hAcc>2.208252</hAcc><vAcc>0.986062</vAcc></extensions></trkpt>
      <trkpt lon="35.019865" lat="31.895684"><ele>245.978092</ele><time>2026-04-23T05:48:29Z</time><extensions><speed>2.562142</speed><course>106.305382</course><hAcc>2.199867</hAcc><vAcc>0.981333</vAcc></extensions></trkpt>
      <trkpt lon="35.019891" lat="31.895677"><ele>246.143420</ele><time>2026-04-23T05:48:30Z</time><extensions><speed>2.577790</speed><course>110.282208</course><hAcc>2.198000</hAcc><vAcc>0.973831</vAcc></extensions></trkpt>
      <trkpt lon="35.019916" lat="31.895669"><ele>246.265889</ele><time>2026-04-23T05:48:31Z</time><extensions><speed>2.589993</speed><course>106.770814</course><hAcc>2.176271</hAcc><vAcc>0.967397</vAcc></extensions></trkpt>
      <trkpt lon="35.019943" lat="31.895663"><ele>246.392194</ele><time>2026-04-23T05:48:32Z</time><extensions><speed>2.693828</speed><course>104.754376</course><hAcc>2.162404</hAcc><vAcc>0.960749</vAcc></extensions></trkpt>
      <trkpt lon="35.019970" lat="31.895657"><ele>246.530287</ele><time>2026-04-23T05:48:33Z</time><extensions><speed>2.598723</speed><course>104.926181</course><hAcc>2.151287</hAcc><vAcc>0.953326</vAcc></extensions></trkpt>
      <trkpt lon="35.019995" lat="31.895651"><ele>246.672612</ele><time>2026-04-23T05:48:34Z</time><extensions><speed>2.490178</speed><course>108.611072</course><hAcc>2.148912</hAcc><vAcc>0.944688</vAcc></extensions></trkpt>
      <trkpt lon="35.020020" lat="31.895643"><ele>246.816392</ele><time>2026-04-23T05:48:35Z</time><extensions><speed>2.445485</speed><course>112.076915</course><hAcc>2.147116</hAcc><vAcc>0.935140</vAcc></extensions></trkpt>
      <trkpt lon="35.020044" lat="31.895634"><ele>246.978600</ele><time>2026-04-23T05:48:36Z</time><extensions><speed>2.479793</speed><course>113.637177</course><hAcc>2.129741</hAcc><vAcc>0.925178</vAcc></extensions></trkpt>
      <trkpt lon="35.020068" lat="31.895625"><ele>247.112390</ele><time>2026-04-23T05:48:37Z</time><extensions><speed>2.506167</speed><course>114.397785</course><hAcc>2.113742</hAcc><vAcc>0.914761</vAcc></extensions></trkpt>
      <trkpt lon="35.020093" lat="31.895616"><ele>247.228182</ele><time>2026-04-23T05:48:38Z</time><extensions><speed>2.590769</speed><course>112.480127</course><hAcc>2.098377</hAcc><vAcc>0.905639</vAcc></extensions></trkpt>
      <trkpt lon="35.020119" lat="31.895607"><ele>247.373977</ele><time>2026-04-23T05:48:39Z</time><extensions><speed>2.771532</speed><course>109.830336</course><hAcc>2.086122</hAcc><vAcc>0.897037</vAcc></extensions></trkpt>
      <trkpt lon="35.020147" lat="31.895599"><ele>247.499628</ele><time>2026-04-23T05:48:40Z</time><extensions><speed>2.797185</speed><course>106.530608</course><hAcc>2.073228</hAcc><vAcc>0.889654</vAcc></extensions></trkpt>
      <trkpt lon="35.020175" lat="31.895592"><ele>247.598249</ele><time>2026-04-23T05:48:41Z</time><extensions><speed>2.718167</speed><course>103.980531</course><hAcc>2.056567</hAcc><vAcc>0.883700</vAcc></extensions></trkpt>
      <trkpt lon="35.020202" lat="31.895585"><ele>247.700493</ele><time>2026-04-23T05:48:42Z</time><extensions><speed>2.609888</speed><course>108.841264</course><hAcc>2.039690</hAcc><vAcc>0.879170</vAcc></extensions></trkpt>
      <trkpt lon="35.020227" lat="31.895578"><ele>247.781094</ele><time>2026-04-23T05:48:43Z</time><extensions><speed>2.288677</speed><course>108.802021</course><hAcc>2.027206</hAcc><vAcc>0.874293</vAcc></extensions></trkpt>
      <trkpt lon="35.020250" lat="31.895571"><ele>247.837317</ele><time>2026-04-23T05:48:44Z</time><extensions><speed>2.363652</speed><course>110.917643</course><hAcc>2.020411</hAcc><vAcc>0.872237</vAcc></extensions></trkpt>
      <trkpt lon="35.020274" lat="31.895562"><ele>247.891050</ele><time>2026-04-23T05:48:45Z</time><extensions><speed>2.736051</speed><course>114.395788</course><hAcc>2.013718</hAcc><vAcc>0.870897</vAcc></extensions></trkpt>
      <trkpt lon="35.020301" lat="31.895552"><ele>247.938870</ele><time>2026-04-23T05:48:46Z</time><extensions><speed>2.770764</speed><course>116.205411</course><hAcc>1.992765</hAcc><vAcc>0.869929</vAcc></extensions></trkpt>
      <trkpt lon="35.020327" lat="31.895541"><ele>247.987506</ele><time>2026-04-23T05:48:47Z</time><extensions><speed>2.832200</speed><course>116.829142</course><hAcc>1.985724</hAcc><vAcc>0.869387</vAcc></extensions></trkpt>
      <trkpt lon="35.020355" lat="31.895530"><ele>248.012634</ele><time>2026-04-23T05:48:48Z</time><extensions><speed>2.876092</speed><course>114.065661</course><hAcc>1.996837</hAcc><vAcc>0.869324</vAcc></extensions></trkpt>
      <trkpt lon="35.020382" lat="31.895519"><ele>248.042206</ele><time>2026-04-23T05:48:49Z</time><extensions><speed>2.839148</speed><course>113.440446</course><hAcc>1.999444</hAcc><vAcc>0.869611</vAcc></extensions></trkpt>
      <trkpt lon="35.020410" lat="31.895509"><ele>248.008697</ele><time>2026-04-23T05:48:50Z</time><extensions><speed>2.880345</speed><course>112.552038</course><hAcc>2.001080</hAcc><vAcc>0.868500</vAcc></extensions></trkpt>
      <trkpt lon="35.020439" lat="31.895499"><ele>248.005246</ele><time>2026-04-23T05:48:51Z</time><extensions><speed>3.006140</speed><course>111.133621</course><hAcc>2.004144</hAcc><vAcc>0.867353</vAcc></extensions></trkpt>
      <trkpt lon="35.020468" lat="31.895489"><ele>247.996434</ele><time>2026-04-23T05:48:52Z</time><extensions><speed>2.880274</speed><course>113.103756</course><hAcc>2.013657</hAcc><vAcc>0.866442</vAcc></extensions></trkpt>
      <trkpt lon="35.020495" lat="31.895479"><ele>247.977630</ele><time>2026-04-23T05:48:53Z</time><extensions><speed>2.692890</speed><course>114.090711</course><hAcc>2.021840</hAcc><vAcc>0.865769</vAcc></extensions></trkpt>
      <trkpt lon="35.020520" lat="31.895470"><ele>247.985731</ele><time>2026-04-23T05:48:54Z</time><extensions><speed>2.442213</speed><course>111.564112</course><hAcc>2.024311</hAcc><vAcc>0.865979</vAcc></extensions></trkpt>
      <trkpt lon="35.020543" lat="31.895462"><ele>247.963451</ele><time>2026-04-23T05:48:55Z</time><extensions><speed>2.424807</speed><course>110.939865</course><hAcc>2.016454</hAcc><vAcc>0.866586</vAcc></extensions></trkpt>
      <trkpt lon="35.020567" lat="31.895453"><ele>247.964773</ele><time>2026-04-23T05:48:56Z</time><extensions><speed>2.506573</speed><course>113.068208</course><hAcc>2.005481</hAcc><vAcc>0.867525</vAcc></extensions></trkpt>
      <trkpt lon="35.020592" lat="31.895444"><ele>247.975725</ele><time>2026-04-23T05:48:57Z</time><extensions><speed>2.598541</speed><course>115.821942</course><hAcc>1.993115</hAcc><vAcc>0.868233</vAcc></extensions></trkpt>
      <trkpt lon="35.020617" lat="31.895433"><ele>247.996988</ele><time>2026-04-23T05:48:58Z</time><extensions><speed>2.718141</speed><course>117.609379</course><hAcc>1.983169</hAcc><vAcc>0.868804</vAcc></extensions></trkpt>
      <trkpt lon="35.020642" lat="31.895421"><ele>248.019923</ele><time>2026-04-23T05:48:59Z</time><extensions><speed>2.729170</speed><course>121.491244</course><hAcc>1.976954</hAcc><vAcc>0.869126</vAcc></extensions></trkpt>
      <trkpt lon="35.020666" lat="31.895407"><ele>248.087436</ele><time>2026-04-23T05:49:00Z</time><extensions><speed>2.735980</speed><course>124.973315</course><hAcc>1.961871</hAcc><vAcc>0.869184</vAcc></extensions></trkpt>
      <trkpt lon="35.020689" lat="31.895393"><ele>248.155967</ele><time>2026-04-23T05:49:01Z</time><extensions><speed>2.694528</speed><course>125.450464</course><hAcc>1.944496</hAcc><vAcc>0.869189</vAcc></extensions></trkpt>
      <trkpt lon="35.020713" lat="31.895379"><ele>248.237064</ele><time>2026-04-23T05:49:02Z</time><extensions><speed>2.683623</speed><course>124.814306</course><hAcc>1.934786</hAcc><vAcc>0.869963</vAcc></extensions></trkpt>
      <trkpt lon="35.020737" lat="31.895366"><ele>248.341925</ele><time>2026-04-23T05:49:03Z</time><extensions><speed>2.817089</speed><course>121.712239</course><hAcc>1.931243</hAcc><vAcc>0.869548</vAcc></extensions></trkpt>
      <trkpt lon="35.020762" lat="31.895352"><ele>248.446105</ele><time>2026-04-23T05:49:04Z</time><extensions><speed>2.779567</speed><course>121.742270</course><hAcc>1.930976</hAcc><vAcc>0.869018</vAcc></extensions></trkpt>
      <trkpt lon="35.020787" lat="31.895339"><ele>248.544402</ele><time>2026-04-23T05:49:05Z</time><extensions><speed>2.704341</speed><course>125.746510</course><hAcc>1.922221</hAcc><vAcc>0.867425</vAcc></extensions></trkpt>
      <trkpt lon="35.020809" lat="31.895324"><ele>248.683813</ele><time>2026-04-23T05:49:06Z</time><extensions><speed>2.681735</speed><course>129.786991</course><hAcc>1.914883</hAcc><vAcc>0.864663</vAcc></extensions></trkpt>
      <trkpt lon="35.020831" lat="31.895307"><ele>248.818471</ele><time>2026-04-23T05:49:07Z</time><extensions><speed>2.872614</speed><course>133.659155</course><hAcc>1.911092</hAcc><vAcc>0.862093</vAcc></extensions></trkpt>
      <trkpt lon="35.020854" lat="31.895290"><ele>248.945696</ele><time>2026-04-23T05:49:08Z</time><extensions><speed>2.956711</speed><course>130.912040</course><hAcc>1.915169</hAcc><vAcc>0.859500</vAcc></extensions></trkpt>
      <trkpt lon="35.020878" lat="31.895272"><ele>249.045460</ele><time>2026-04-23T05:49:09Z</time><extensions><speed>2.990468</speed><course>130.711307</course><hAcc>1.917350</hAcc><vAcc>0.857075</vAcc></extensions></trkpt>
      <trkpt lon="35.020901" lat="31.895255"><ele>249.179400</ele><time>2026-04-23T05:49:10Z</time><extensions><speed>2.964030</speed><course>131.983210</course><hAcc>1.919875</hAcc><vAcc>0.854775</vAcc></extensions></trkpt>
      <trkpt lon="35.020925" lat="31.895237"><ele>249.309934</ele><time>2026-04-23T05:49:11Z</time><extensions><speed>2.956382</speed><course>129.256362</course><hAcc>1.920143</hAcc><vAcc>0.852561</vAcc></extensions></trkpt>
      <trkpt lon="35.020950" lat="31.895220"><ele>249.420643</ele><time>2026-04-23T05:49:12Z</time><extensions><speed>3.034969</speed><course>128.764901</course><hAcc>1.920789</hAcc><vAcc>0.851049</vAcc></extensions></trkpt>
      <trkpt lon="35.020974" lat="31.895204"><ele>249.528476</ele><time>2026-04-23T05:49:13Z</time><extensions><speed>2.846373</speed><course>130.750080</course><hAcc>1.916881</hAcc><vAcc>0.850219</vAcc></extensions></trkpt>
      <trkpt lon="35.020997" lat="31.895186"><ele>249.611811</ele><time>2026-04-23T05:49:14Z</time><extensions><speed>3.014935</speed><course>132.784843</course><hAcc>1.915489</hAcc><vAcc>0.849659</vAcc></extensions></trkpt>
      <trkpt lon="35.021021" lat="31.895168"><ele>249.694519</ele><time>2026-04-23T05:49:15Z</time><extensions><speed>3.026481</speed><course>131.694868</course><hAcc>1.916573</hAcc><vAcc>0.849521</vAcc></extensions></trkpt>
      <trkpt lon="35.021044" lat="31.895151"><ele>249.758705</ele><time>2026-04-23T05:49:16Z</time><extensions><speed>2.817423</speed><course>130.545545</course><hAcc>1.914843</hAcc><vAcc>0.850242</vAcc></extensions></trkpt>
      <trkpt lon="35.021067" lat="31.895135"><ele>249.813175</ele><time>2026-04-23T05:49:17Z</time><extensions><speed>2.749007</speed><course>130.428248</course><hAcc>1.919636</hAcc><vAcc>0.850878</vAcc></extensions></trkpt>
      <trkpt lon="35.021089" lat="31.895119"><ele>249.822381</ele><time>2026-04-23T05:49:18Z</time><extensions><speed>2.762853</speed><course>129.464597</course><hAcc>1.925476</hAcc><vAcc>0.851747</vAcc></extensions></trkpt>
      <trkpt lon="35.021111" lat="31.895102"><ele>249.858343</ele><time>2026-04-23T05:49:19Z</time><extensions><speed>2.768254</speed><course>132.247528</course><hAcc>1.931081</hAcc><vAcc>0.852294</vAcc></extensions></trkpt>
      <trkpt lon="35.021132" lat="31.895085"><ele>249.886860</ele><time>2026-04-23T05:49:20Z</time><extensions><speed>2.800393</speed><course>136.157990</course><hAcc>1.934167</hAcc><vAcc>0.853915</vAcc></extensions></trkpt>
      <trkpt lon="35.021153" lat="31.895067"><ele>249.893128</ele><time>2026-04-23T05:49:21Z</time><extensions><speed>2.747976</speed><course>134.138546</course><hAcc>1.939443</hAcc><vAcc>0.856024</vAcc></extensions></trkpt>
      <trkpt lon="35.021174" lat="31.895050"><ele>249.897685</ele><time>2026-04-23T05:49:22Z</time><extensions><speed>2.728075</speed><course>131.415511</course><hAcc>1.951321</hAcc><vAcc>0.858208</vAcc></extensions></trkpt>
      <trkpt lon="35.021196" lat="31.895034"><ele>249.894473</ele><time>2026-04-23T05:49:23Z</time><extensions><speed>2.794643</speed><course>132.600273</course><hAcc>1.959193</hAcc><vAcc>0.859956</vAcc></extensions></trkpt>
      <trkpt lon="35.021218" lat="31.895017"><ele>249.886879</ele><time>2026-04-23T05:49:24Z</time><extensions><speed>2.756310</speed><course>130.096855</course><hAcc>1.962108</hAcc><vAcc>0.862146</vAcc></extensions></trkpt>
      <trkpt lon="35.021241" lat="31.895001"><ele>249.891442</ele><time>2026-04-23T05:49:25Z</time><extensions><speed>2.909640</speed><course>129.177833</course><hAcc>1.969691</hAcc><vAcc>0.864504</vAcc></extensions></trkpt>
      <trkpt lon="35.021265" lat="31.894984"><ele>249.890488</ele><time>2026-04-23T05:49:26Z</time><extensions><speed>2.909597</speed><course>131.076874</course><hAcc>1.978033</hAcc><vAcc>0.867501</vAcc></extensions></trkpt>
      <trkpt lon="35.021288" lat="31.894968"><ele>249.878366</ele><time>2026-04-23T05:49:27Z</time><extensions><speed>2.810156</speed><course>130.105238</course><hAcc>1.983471</hAcc><vAcc>0.870964</vAcc></extensions></trkpt>
      <trkpt lon="35.021310" lat="31.894950"><ele>249.859292</ele><time>2026-04-23T05:49:28Z</time><extensions><speed>2.871880</speed><course>134.877434</course><hAcc>1.991777</hAcc><vAcc>0.874867</vAcc></extensions></trkpt>
      <trkpt lon="35.021331" lat="31.894932"><ele>249.850864</ele><time>2026-04-23T05:49:29Z</time><extensions><speed>2.832976</speed><course>137.609122</course><hAcc>2.001686</hAcc><vAcc>0.879599</vAcc></extensions></trkpt>
      <trkpt lon="35.021350" lat="31.894911"><ele>249.892943</ele><time>2026-04-23T05:49:30Z</time><extensions><speed>2.935229</speed><course>146.730157</course><hAcc>2.012856</hAcc><vAcc>0.884703</vAcc></extensions></trkpt>
      <trkpt lon="35.021367" lat="31.894889"><ele>249.886517</ele><time>2026-04-23T05:49:31Z</time><extensions><speed>2.930850</speed><course>147.992568</course><hAcc>2.024825</hAcc><vAcc>0.891145</vAcc></extensions></trkpt>
      <trkpt lon="35.021385" lat="31.894868"><ele>249.896793</ele><time>2026-04-23T05:49:32Z</time><extensions><speed>2.844575</speed><course>140.260792</course><hAcc>2.035935</hAcc><vAcc>0.897597</vAcc></extensions></trkpt>
      <trkpt lon="35.021405" lat="31.894849"><ele>249.886898</ele><time>2026-04-23T05:49:33Z</time><extensions><speed>2.781389</speed><course>134.576329</course><hAcc>2.044822</hAcc><vAcc>0.905435</vAcc></extensions></trkpt>
      <trkpt lon="35.021427" lat="31.894833"><ele>249.887703</ele><time>2026-04-23T05:49:34Z</time><extensions><speed>2.813996</speed><course>128.682107</course><hAcc>2.053737</hAcc><vAcc>0.914205</vAcc></extensions></trkpt>
      <trkpt lon="35.021450" lat="31.894817"><ele>249.896019</ele><time>2026-04-23T05:49:36Z</time><extensions><speed>2.819508</speed><course>128.858591</course><hAcc>2.062866</hAcc><vAcc>0.923136</vAcc></extensions></trkpt>
      <trkpt lon="35.021474" lat="31.894800"><ele>249.906601</ele><time>2026-04-23T05:49:37Z</time><extensions><speed>2.994323</speed><course>131.625426</course><hAcc>2.069605</hAcc><vAcc>0.932275</vAcc></extensions></trkpt>
      <trkpt lon="35.021498" lat="31.894782"><ele>249.920468</ele><time>2026-04-23T05:49:38Z</time><extensions><speed>3.042709</speed><course>132.042233</course><hAcc>2.073701</hAcc><vAcc>0.941017</vAcc></extensions></trkpt>
      <trkpt lon="35.021522" lat="31.894764"><ele>249.933706</ele><time>2026-04-23T05:49:39Z</time><extensions><speed>3.001274</speed><course>132.946347</course><hAcc>2.078616</hAcc><vAcc>0.949068</vAcc></extensions></trkpt>
      <trkpt lon="35.021545" lat="31.894746"><ele>249.945952</ele><time>2026-04-23T05:49:40Z</time><extensions><speed>3.001685</speed><course>133.359338</course><hAcc>2.086402</hAcc><vAcc>0.956472</vAcc></extensions></trkpt>
      <trkpt lon="35.021569" lat="31.894727"><ele>249.946410</ele><time>2026-04-23T05:49:41Z</time><extensions><speed>3.141021</speed><course>130.942080</course><hAcc>2.098896</hAcc><vAcc>0.963786</vAcc></extensions></trkpt>
      <trkpt lon="35.021595" lat="31.894710"><ele>249.950325</ele><time>2026-04-23T05:49:42Z</time><extensions><speed>3.014429</speed><course>127.856225</course><hAcc>2.108851</hAcc><vAcc>0.970218</vAcc></extensions></trkpt>
      <trkpt lon="35.021619" lat="31.894694"><ele>249.929936</ele><time>2026-04-23T05:49:43Z</time><extensions><speed>2.783178</speed><course>128.193860</course><hAcc>2.122690</hAcc><vAcc>0.976571</vAcc></extensions></trkpt>
      <trkpt lon="35.021642" lat="31.894679"><ele>249.935485</ele><time>2026-04-23T05:49:44Z</time><extensions><speed>2.810792</speed><course>127.615374</course><hAcc>2.137335</hAcc><vAcc>0.981283</vAcc></extensions></trkpt>
      <trkpt lon="35.021666" lat="31.894663"><ele>249.915036</ele><time>2026-04-23T05:49:45Z</time><extensions><speed>2.863639</speed><course>126.950732</course><hAcc>2.137112</hAcc><vAcc>0.984932</vAcc></extensions></trkpt>
      <trkpt lon="35.021690" lat="31.894648"><ele>249.883590</ele><time>2026-04-23T05:49:46Z</time><extensions><speed>2.813191</speed><course>124.747947</course><hAcc>2.140874</hAcc><vAcc>0.987581</vAcc></extensions></trkpt>
      <trkpt lon="35.021714" lat="31.894635"><ele>249.864601</ele><time>2026-04-23T05:49:47Z</time><extensions><speed>2.692064</speed><course>122.409996</course><hAcc>2.150531</hAcc><vAcc>0.989464</vAcc></extensions></trkpt>
      <trkpt lon="35.021738" lat="31.894622"><ele>249.866800</ele><time>2026-04-23T05:49:48Z</time><extensions><speed>2.670615</speed><course>120.156513</course><hAcc>2.158700</hAcc><vAcc>0.990413</vAcc></extensions></trkpt>
      <trkpt lon="35.021762" lat="31.894610"><ele>249.877977</ele><time>2026-04-23T05:49:49Z</time><extensions><speed>2.680951</speed><course>119.288684</course><hAcc>2.171633</hAcc><vAcc>0.991284</vAcc></extensions></trkpt>
      <trkpt lon="35.021786" lat="31.894598"><ele>249.865150</ele><time>2026-04-23T05:49:50Z</time><extensions><speed>2.708626</speed><course>122.932876</course><hAcc>2.165222</hAcc><vAcc>0.991841</vAcc></extensions></trkpt>
      <trkpt lon="35.021810" lat="31.894584"><ele>249.850492</ele><time>2026-04-23T05:49:51Z</time><extensions><speed>2.826595</speed><course>122.811944</course><hAcc>2.158589</hAcc><vAcc>0.992774</vAcc></extensions></trkpt>
      <trkpt lon="35.021835" lat="31.894571"><ele>249.835906</ele><time>2026-04-23T05:49:52Z</time><extensions><speed>2.834455</speed><course>123.071194</course><hAcc>2.157171</hAcc><vAcc>0.993545</vAcc></extensions></trkpt>
      <trkpt lon="35.021859" lat="31.894557"><ele>249.816292</ele><time>2026-04-23T05:49:53Z</time><extensions><speed>2.710960</speed><course>125.106720</course><hAcc>2.155182</hAcc><vAcc>0.994548</vAcc></extensions></trkpt>
      <trkpt lon="35.021882" lat="31.894543"><ele>249.802662</ele><time>2026-04-23T05:49:54Z</time><extensions><speed>2.657774</speed><course>125.379664</course><hAcc>2.155098</hAcc><vAcc>0.995590</vAcc></extensions></trkpt>
      <trkpt lon="35.021904" lat="31.894529"><ele>249.766859</ele><time>2026-04-23T05:49:55Z</time><extensions><speed>2.561683</speed><course>127.144435</course><hAcc>2.157187</hAcc><vAcc>0.997432</vAcc></extensions></trkpt>
      <trkpt lon="35.021925" lat="31.894515"><ele>249.726687</ele><time>2026-04-23T05:49:56Z</time><extensions><speed>2.559903</speed><course>129.107603</course><hAcc>2.164559</hAcc><vAcc>1.001334</vAcc></extensions></trkpt>
      <trkpt lon="35.021945" lat="31.894500"><ele>249.708028</ele><time>2026-04-23T05:49:57Z</time><extensions><speed>2.533257</speed><course>130.418724</course><hAcc>2.169562</hAcc><vAcc>1.006053</vAcc></extensions></trkpt>
      <trkpt lon="35.021965" lat="31.894486"><ele>249.696093</ele><time>2026-04-23T05:49:58Z</time><extensions><speed>2.573385</speed><course>131.518319</course><hAcc>2.167122</hAcc><vAcc>1.010394</vAcc></extensions></trkpt>
      <trkpt lon="35.021986" lat="31.894470"><ele>249.680505</ele><time>2026-04-23T05:49:59Z</time><extensions><speed>2.652337</speed><course>130.883655</course><hAcc>2.167021</hAcc><vAcc>1.014889</vAcc></extensions></trkpt>
      <trkpt lon="35.022007" lat="31.894455"><ele>249.665393</ele><time>2026-04-23T05:50:00Z</time><extensions><speed>2.635181</speed><course>131.075878</course><hAcc>2.165658</hAcc><vAcc>1.019464</vAcc></extensions></trkpt>
      <trkpt lon="35.022027" lat="31.894440"><ele>249.648347</ele><time>2026-04-23T05:50:01Z</time><extensions><speed>2.521034</speed><course>132.109884</course><hAcc>2.163688</hAcc><vAcc>1.024224</vAcc></extensions></trkpt>
      <trkpt lon="35.022047" lat="31.894425"><ele>249.642526</ele><time>2026-04-23T05:50:02Z</time><extensions><speed>2.470669</speed><course>130.676949</course><hAcc>2.159558</hAcc><vAcc>1.027218</vAcc></extensions></trkpt>
      <trkpt lon="35.022066" lat="31.894411"><ele>249.593600</ele><time>2026-04-23T05:50:03Z</time><extensions><speed>2.472643</speed><course>133.763122</course><hAcc>2.155754</hAcc><vAcc>1.029650</vAcc></extensions></trkpt>
      <trkpt lon="35.022085" lat="31.894395"><ele>249.583918</ele><time>2026-04-23T05:50:04Z</time><extensions><speed>2.496367</speed><course>136.502968</course><hAcc>2.146060</hAcc><vAcc>1.032986</vAcc></extensions></trkpt>
      <trkpt lon="35.022103" lat="31.894379"><ele>249.563739</ele><time>2026-04-23T05:50:05Z</time><extensions><speed>2.501739</speed><course>136.051157</course><hAcc>2.139979</hAcc><vAcc>1.036315</vAcc></extensions></trkpt>
      <trkpt lon="35.022122" lat="31.894363"><ele>249.559645</ele><time>2026-04-23T05:50:06Z</time><extensions><speed>2.500732</speed><course>132.785075</course><hAcc>2.132894</hAcc><vAcc>1.039689</vAcc></extensions></trkpt>
      <trkpt lon="35.022143" lat="31.894349"><ele>249.540900</ele><time>2026-04-23T05:50:07Z</time><extensions><speed>2.605976</speed><course>128.485837</course><hAcc>2.123408</hAcc><vAcc>1.043206</vAcc></extensions></trkpt>
      <trkpt lon="35.022165" lat="31.894335"><ele>249.556271</ele><time>2026-04-23T05:50:08Z</time><extensions><speed>2.589323</speed><course>126.131120</course><hAcc>2.111901</hAcc><vAcc>1.047103</vAcc></extensions></trkpt>
      <trkpt lon="35.022188" lat="31.894322"><ele>249.584462</ele><time>2026-04-23T05:50:09Z</time><extensions><speed>2.547597</speed><course>122.821603</course><hAcc>2.097291</hAcc><vAcc>1.047933</vAcc></extensions></trkpt>
      <trkpt lon="35.022211" lat="31.894312"><ele>249.604172</ele><time>2026-04-23T05:50:10Z</time><extensions><speed>2.471109</speed><course>117.843053</course><hAcc>2.079929</hAcc><vAcc>1.046839</vAcc></extensions></trkpt>
      <trkpt lon="35.022235" lat="31.894302"><ele>249.606601</ele><time>2026-04-23T05:50:11Z</time><extensions><speed>2.515956</speed><course>118.135956</course><hAcc>2.063410</hAcc><vAcc>1.045778</vAcc></extensions></trkpt>
      <trkpt lon="35.022259" lat="31.894292"><ele>249.616444</ele><time>2026-04-23T05:50:12Z</time><extensions><speed>2.474468</speed><course>115.516549</course><hAcc>2.045573</hAcc><vAcc>1.044545</vAcc></extensions></trkpt>
      <trkpt lon="35.022283" lat="31.894283"><ele>249.666916</ele><time>2026-04-23T05:50:13Z</time><extensions><speed>2.455601</speed><course>112.265305</course><hAcc>2.027874</hAcc><vAcc>1.040933</vAcc></extensions></trkpt>
      <trkpt lon="35.022308" lat="31.894274"><ele>249.711954</ele><time>2026-04-23T05:50:14Z</time><extensions><speed>2.674057</speed><course>113.478805</course><hAcc>2.006060</hAcc><vAcc>1.036202</vAcc></extensions></trkpt>
      <trkpt lon="35.022334" lat="31.894263"><ele>249.806198</ele><time>2026-04-23T05:50:15Z</time><extensions><speed>2.752557</speed><course>117.399415</course><hAcc>1.991585</hAcc><vAcc>1.028941</vAcc></extensions></trkpt>
      <trkpt lon="35.022359" lat="31.894252"><ele>249.868481</ele><time>2026-04-23T05:50:15Z</time><extensions><speed>2.717102</speed><course>117.733234</course><hAcc>1.981901</hAcc><vAcc>1.022663</vAcc></extensions></trkpt>
      <trkpt lon="35.022386" lat="31.894241"><ele>249.946976</ele><time>2026-04-23T05:50:16Z</time><extensions><speed>2.803329</speed><course>109.358013</course><hAcc>1.954485</hAcc><vAcc>1.014842</vAcc></extensions></trkpt>
      <trkpt lon="35.022415" lat="31.894234"><ele>250.049893</ele><time>2026-04-23T05:50:17Z</time><extensions><speed>2.900371</speed><course>103.720941</course><hAcc>1.932509</hAcc><vAcc>1.004199</vAcc></extensions></trkpt>
      <trkpt lon="35.022445" lat="31.894228"><ele>250.173086</ele><time>2026-04-23T05:50:18Z</time><extensions><speed>2.944630</speed><course>100.219796</course><hAcc>1.914562</hAcc><vAcc>0.992547</vAcc></extensions></trkpt>
      <trkpt lon="35.022475" lat="31.894225"><ele>250.300707</ele><time>2026-04-23T05:50:19Z</time><extensions><speed>2.882929</speed><course>96.951484</course><hAcc>1.896776</hAcc><vAcc>0.979580</vAcc></extensions></trkpt>
      <trkpt lon="35.022506" lat="31.894221"><ele>250.437450</ele><time>2026-04-23T05:50:20Z</time><extensions><speed>2.970880</speed><course>98.029391</course><hAcc>1.881448</hAcc><vAcc>0.965314</vAcc></extensions></trkpt>
      <trkpt lon="35.022536" lat="31.894216"><ele>250.573860</ele><time>2026-04-23T05:50:21Z</time><extensions><speed>2.908736</speed><course>103.999069</course><hAcc>1.861359</hAcc><vAcc>0.951043</vAcc></extensions></trkpt>
      <trkpt lon="35.022564" lat="31.894208"><ele>250.738709</ele><time>2026-04-23T05:50:22Z</time><extensions><speed>2.745758</speed><course>112.800610</course><hAcc>1.843484</hAcc><vAcc>0.936237</vAcc></extensions></trkpt>
      <trkpt lon="35.022589" lat="31.894197"><ele>250.907151</ele><time>2026-04-23T05:50:23Z</time><extensions><speed>2.575672</speed><course>124.272941</course><hAcc>1.826335</hAcc><vAcc>0.921586</vAcc></extensions></trkpt>
      <trkpt lon="35.022609" lat="31.894184"><ele>251.073702</ele><time>2026-04-23T05:50:24Z</time><extensions><speed>2.397362</speed><course>130.790703</course><hAcc>1.814835</hAcc><vAcc>0.907326</vAcc></extensions></trkpt>
      <trkpt lon="35.022628" lat="31.894169"><ele>251.258445</ele><time>2026-04-23T05:50:25Z</time><extensions><speed>2.572565</speed><course>134.841176</course><hAcc>1.803151</hAcc><vAcc>0.893890</vAcc></extensions></trkpt>
      <trkpt lon="35.022647" lat="31.894151"><ele>251.455178</ele><time>2026-04-23T05:50:26Z</time><extensions><speed>2.734589</speed><course>139.831836</course><hAcc>1.793131</hAcc><vAcc>0.881669</vAcc></extensions></trkpt>
      <trkpt lon="35.022666" lat="31.894132"><ele>251.647656</ele><time>2026-04-23T05:50:27Z</time><extensions><speed>2.729629</speed><course>140.503203</course><hAcc>1.788103</hAcc><vAcc>0.871234</vAcc></extensions></trkpt>
      <trkpt lon="35.022684" lat="31.894114"><ele>251.794941</ele><time>2026-04-23T05:50:28Z</time><extensions><speed>2.601765</speed><course>141.326966</course><hAcc>1.788879</hAcc><vAcc>0.862810</vAcc></extensions></trkpt>
      <trkpt lon="35.022701" lat="31.894096"><ele>251.950330</ele><time>2026-04-23T05:50:29Z</time><extensions><speed>2.414332</speed><course>139.719225</course><hAcc>1.790417</hAcc><vAcc>0.856573</vAcc></extensions></trkpt>
      <trkpt lon="35.022718" lat="31.894080"><ele>252.109354</ele><time>2026-04-23T05:50:30Z</time><extensions><speed>2.365544</speed><course>138.236285</course><hAcc>1.786387</hAcc><vAcc>0.851929</vAcc></extensions></trkpt>
      <trkpt lon="35.022735" lat="31.894064"><ele>252.239044</ele><time>2026-04-23T05:50:31Z</time><extensions><speed>2.409398</speed><course>136.801551</course><hAcc>1.785182</hAcc><vAcc>0.849411</vAcc></extensions></trkpt>
      <trkpt lon="35.022753" lat="31.894048"><ele>252.362268</ele><time>2026-04-23T05:50:32Z</time><extensions><speed>2.460511</speed><course>136.290082</course><hAcc>1.782847</hAcc><vAcc>0.848482</vAcc></extensions></trkpt>
      <trkpt lon="35.022771" lat="31.894032"><ele>252.458129</ele><time>2026-04-23T05:50:33Z</time><extensions><speed>2.439529</speed><course>135.143893</course><hAcc>1.775333</hAcc><vAcc>0.849014</vAcc></extensions></trkpt>
      <trkpt lon="35.022790" lat="31.894017"><ele>252.552288</ele><time>2026-04-23T05:50:34Z</time><extensions><speed>2.376786</speed><course>131.351989</course><hAcc>1.769000</hAcc><vAcc>0.850596</vAcc></extensions></trkpt>
      <trkpt lon="35.022809" lat="31.894005"><ele>252.613526</ele><time>2026-04-23T05:50:35Z</time><extensions><speed>2.279712</speed><course>122.266155</course><hAcc>1.769553</hAcc><vAcc>0.852531</vAcc></extensions></trkpt>
      <trkpt lon="35.022831" lat="31.893996"><ele>252.666995</ele><time>2026-04-23T05:50:36Z</time><extensions><speed>2.264495</speed><course>112.314125</course><hAcc>1.774953</hAcc><vAcc>0.854436</vAcc></extensions></trkpt>
      <trkpt lon="35.022854" lat="31.893987"><ele>252.720773</ele><time>2026-04-23T05:50:37Z</time><extensions><speed>2.560229</speed><course>114.745317</course><hAcc>1.763255</hAcc><vAcc>0.855768</vAcc></extensions></trkpt>
      <trkpt lon="35.022880" lat="31.893975"><ele>252.775797</ele><time>2026-04-23T05:50:38Z</time><extensions><speed>2.985722</speed><course>118.932475</course><hAcc>1.756645</hAcc><vAcc>0.856262</vAcc></extensions></trkpt>
      <trkpt lon="35.022908" lat="31.893960"><ele>252.826821</ele><time>2026-04-23T05:50:39Z</time><extensions><speed>3.254391</speed><course>125.719047</course><hAcc>1.745111</hAcc><vAcc>0.855978</vAcc></extensions></trkpt>
      <trkpt lon="35.022936" lat="31.893943"><ele>252.885362</ele><time>2026-04-23T05:50:40Z</time><extensions><speed>3.200865</speed><course>126.592475</course><hAcc>1.736086</hAcc><vAcc>0.854493</vAcc></extensions></trkpt>
      <trkpt lon="35.022962" lat="31.893926"><ele>252.955237</ele><time>2026-04-23T05:50:41Z</time><extensions><speed>2.947509</speed><course>126.167729</course><hAcc>1.737786</hAcc><vAcc>0.851961</vAcc></extensions></trkpt>
      <trkpt lon="35.022986" lat="31.893912"><ele>253.008259</ele><time>2026-04-23T05:50:42Z</time><extensions><speed>2.628681</speed><course>126.459874</course><hAcc>1.738684</hAcc><vAcc>0.848801</vAcc></extensions></trkpt>
      <trkpt lon="35.023008" lat="31.893898"><ele>253.070157</ele><time>2026-04-23T05:50:43Z</time><extensions><speed>2.307638</speed><course>126.436335</course><hAcc>1.751866</hAcc><vAcc>0.845064</vAcc></extensions></trkpt>
      <trkpt lon="35.023029" lat="31.893887"><ele>253.126829</ele><time>2026-04-23T05:50:44Z</time><extensions><speed>2.320674</speed><course>120.233479</course><hAcc>1.743487</hAcc><vAcc>0.840000</vAcc></extensions></trkpt>
      <trkpt lon="35.023050" lat="31.893876"><ele>253.173770</ele><time>2026-04-23T05:50:45Z</time><extensions><speed>2.315100</speed><course>118.371943</course><hAcc>1.747089</hAcc><vAcc>0.834305</vAcc></extensions></trkpt>
      <trkpt lon="35.023074" lat="31.893865"><ele>253.233987</ele><time>2026-04-23T05:50:46Z</time><extensions><speed>2.679673</speed><course>120.183204</course><hAcc>1.741633</hAcc><vAcc>0.829466</vAcc></extensions></trkpt>
      <trkpt lon="35.023099" lat="31.893852"><ele>253.319051</ele><time>2026-04-23T05:50:47Z</time><extensions><speed>2.885964</speed><course>122.968807</course><hAcc>1.742778</hAcc><vAcc>0.825419</vAcc></extensions></trkpt>
      <trkpt lon="35.023126" lat="31.893838"><ele>253.387339</ele><time>2026-04-23T05:50:48Z</time><extensions><speed>3.036489</speed><course>120.998137</course><hAcc>1.745317</hAcc><vAcc>0.822312</vAcc></extensions></trkpt>
      <trkpt lon="35.023154" lat="31.893825"><ele>253.462086</ele><time>2026-04-23T05:50:49Z</time><extensions><speed>2.998062</speed><course>116.432641</course><hAcc>1.747577</hAcc><vAcc>0.819361</vAcc></extensions></trkpt>
      <trkpt lon="35.023182" lat="31.893814"><ele>253.533831</ele><time>2026-04-23T05:50:50Z</time><extensions><speed>2.860141</speed><course>112.513566</course><hAcc>1.744889</hAcc><vAcc>0.817477</vAcc></extensions></trkpt>
      <trkpt lon="35.023211" lat="31.893804"><ele>253.634188</ele><time>2026-04-23T05:50:51Z</time><extensions><speed>2.859905</speed><course>109.284799</course><hAcc>1.742269</hAcc><vAcc>0.816748</vAcc></extensions></trkpt>
      <trkpt lon="35.023240" lat="31.893796"><ele>253.728941</ele><time>2026-04-23T05:50:52Z</time><extensions><speed>2.948494</speed><course>108.491917</course><hAcc>1.733807</hAcc><vAcc>0.816789</vAcc></extensions></trkpt>
      <trkpt lon="35.023271" lat="31.893787"><ele>253.821662</ele><time>2026-04-23T05:50:53Z</time><extensions><speed>3.177135</speed><course>111.161029</course><hAcc>1.724268</hAcc><vAcc>0.818612</vAcc></extensions></trkpt>
      <trkpt lon="35.023302" lat="31.893777"><ele>253.901680</ele><time>2026-04-23T05:50:54Z</time><extensions><speed>3.111277</speed><course>109.535322</course><hAcc>1.710125</hAcc><vAcc>0.821152</vAcc></extensions></trkpt>
      <trkpt lon="35.023333" lat="31.893768"><ele>254.007595</ele><time>2026-04-23T05:50:55Z</time><extensions><speed>2.910075</speed><course>108.063309</course><hAcc>1.704826</hAcc><vAcc>0.823164</vAcc></extensions></trkpt>
      <trkpt lon="35.023361" lat="31.893760"><ele>254.118350</ele><time>2026-04-23T05:50:56Z</time><extensions><speed>2.683907</speed><course>106.732744</course><hAcc>1.707531</hAcc><vAcc>0.825794</vAcc></extensions></trkpt>
      <trkpt lon="35.023388" lat="31.893753"><ele>254.190734</ele><time>2026-04-23T05:50:57Z</time><extensions><speed>2.669871</speed><course>106.140298</course><hAcc>1.706876</hAcc><vAcc>0.828089</vAcc></extensions></trkpt>
      <trkpt lon="35.023416" lat="31.893746"><ele>254.246159</ele><time>2026-04-23T05:50:58Z</time><extensions><speed>2.721523</speed><course>107.075146</course><hAcc>1.692845</hAcc><vAcc>0.829282</vAcc></extensions></trkpt>
      <trkpt lon="35.023443" lat="31.893739"><ele>254.308070</ele><time>2026-04-23T05:50:59Z</time><extensions><speed>2.630864</speed><course>108.286779</course><hAcc>1.683788</hAcc><vAcc>0.830257</vAcc></extensions></trkpt>
      <trkpt lon="35.023469" lat="31.893732"><ele>254.359759</ele><time>2026-04-23T05:51:00Z</time><extensions><speed>2.528159</speed><course>107.515119</course><hAcc>1.685324</hAcc><vAcc>0.829770</vAcc></extensions></trkpt>
      <trkpt lon="35.023495" lat="31.893725"><ele>254.408964</ele><time>2026-04-23T05:51:01Z</time><extensions><speed>2.598823</speed><course>105.003353</course><hAcc>1.682965</hAcc><vAcc>0.828251</vAcc></extensions></trkpt>
      <trkpt lon="35.023523" lat="31.893720"><ele>254.440756</ele><time>2026-04-23T05:51:02Z</time><extensions><speed>2.762836</speed><course>100.868869</course><hAcc>1.682996</hAcc><vAcc>0.825685</vAcc></extensions></trkpt>
      <trkpt lon="35.023553" lat="31.893715"><ele>254.466903</ele><time>2026-04-23T05:51:03Z</time><extensions><speed>2.931540</speed><course>100.499966</course><hAcc>1.683605</hAcc><vAcc>0.821948</vAcc></extensions></trkpt>
      <trkpt lon="35.023584" lat="31.893709"><ele>254.469818</ele><time>2026-04-23T05:51:04Z</time><extensions><speed>3.074351</speed><course>103.482545</course><hAcc>1.674367</hAcc><vAcc>0.817980</vAcc></extensions></trkpt>
      <trkpt lon="35.023616" lat="31.893702"><ele>254.447126</ele><time>2026-04-23T05:51:05Z</time><extensions><speed>3.118754</speed><course>105.653033</course><hAcc>1.669367</hAcc><vAcc>0.813527</vAcc></extensions></trkpt>
      <trkpt lon="35.023647" lat="31.893694"><ele>254.394865</ele><time>2026-04-23T05:51:06Z</time><extensions><speed>3.062978</speed><course>107.425915</course><hAcc>1.673745</hAcc><vAcc>0.809201</vAcc></extensions></trkpt>
      <trkpt lon="35.023678" lat="31.893687"><ele>254.323427</ele><time>2026-04-23T05:51:07Z</time><extensions><speed>2.913492</speed><course>102.803827</course><hAcc>1.673702</hAcc><vAcc>0.805179</vAcc></extensions></trkpt>
      <trkpt lon="35.023708" lat="31.893682"><ele>254.250702</ele><time>2026-04-23T05:51:08Z</time><extensions><speed>2.853998</speed><course>99.264840</course><hAcc>1.675615</hAcc><vAcc>0.801353</vAcc></extensions></trkpt>
      <trkpt lon="35.023738" lat="31.893678"><ele>254.178517</ele><time>2026-04-23T05:51:09Z</time><extensions><speed>2.862298</speed><course>99.763772</course><hAcc>1.681463</hAcc><vAcc>0.797959</vAcc></extensions></trkpt>
      <trkpt lon="35.023767" lat="31.893674"><ele>254.112929</ele><time>2026-04-23T05:51:10Z</time><extensions><speed>2.867206</speed><course>100.538004</course><hAcc>1.682867</hAcc><vAcc>0.795324</vAcc></extensions></trkpt>
      <trkpt lon="35.023797" lat="31.893668"><ele>254.040747</ele><time>2026-04-23T05:51:11Z</time><extensions><speed>2.795531</speed><course>102.379400</course><hAcc>1.686128</hAcc><vAcc>0.793187</vAcc></extensions></trkpt>
      <trkpt lon="35.023826" lat="31.893662"><ele>253.962039</ele><time>2026-04-23T05:51:12Z</time><extensions><speed>2.897218</speed><course>106.182632</course><hAcc>1.688568</hAcc><vAcc>0.792156</vAcc></extensions></trkpt>
      <trkpt lon="35.023855" lat="31.893655"><ele>253.901718</ele><time>2026-04-23T05:51:13Z</time><extensions><speed>2.882956</speed><course>107.152658</course><hAcc>1.696026</hAcc><vAcc>0.791988</vAcc></extensions></trkpt>
      <trkpt lon="35.023883" lat="31.893647"><ele>253.851617</ele><time>2026-04-23T05:51:14Z</time><extensions><speed>2.645031</speed><course>109.518830</course><hAcc>1.713576</hAcc><vAcc>0.792982</vAcc></extensions></trkpt>
      <trkpt lon="35.023908" lat="31.893639"><ele>253.793194</ele><time>2026-04-23T05:51:15Z</time><extensions><speed>2.436139</speed><course>109.763494</course><hAcc>1.726007</hAcc><vAcc>0.794641</vAcc></extensions></trkpt>
      <trkpt lon="35.023932" lat="31.893632"><ele>253.750681</ele><time>2026-04-23T05:51:16Z</time><extensions><speed>2.320089</speed><course>107.070557</course><hAcc>1.735653</hAcc><vAcc>0.797174</vAcc></extensions></trkpt>
      <trkpt lon="35.023957" lat="31.893626"><ele>253.714588</ele><time>2026-04-23T05:51:17Z</time><extensions><speed>2.522561</speed><course>104.372924</course><hAcc>1.743589</hAcc><vAcc>0.800822</vAcc></extensions></trkpt>
      <trkpt lon="35.023984" lat="31.893621"><ele>253.693594</ele><time>2026-04-23T05:51:18Z</time><extensions><speed>2.819118</speed><course>99.824026</course><hAcc>1.751982</hAcc><vAcc>0.805270</vAcc></extensions></trkpt>
      <trkpt lon="35.024015" lat="31.893618"><ele>253.667950</ele><time>2026-04-23T05:51:19Z</time><extensions><speed>2.948532</speed><course>96.204147</course><hAcc>1.762194</hAcc><vAcc>0.810308</vAcc></extensions></trkpt>
      <trkpt lon="35.024045" lat="31.893614"><ele>253.654446</ele><time>2026-04-23T05:51:20Z</time><extensions><speed>2.843240</speed><course>98.691044</course><hAcc>1.776262</hAcc><vAcc>0.816058</vAcc></extensions></trkpt>
      <trkpt lon="35.024073" lat="31.893610"><ele>253.684969</ele><time>2026-04-23T05:51:21Z</time><extensions><speed>2.587246</speed><course>102.904541</course><hAcc>1.786745</hAcc><vAcc>0.822416</vAcc></extensions></trkpt>
      <trkpt lon="35.024099" lat="31.893604"><ele>253.694196</ele><time>2026-04-23T05:51:22Z</time><extensions><speed>2.434011</speed><course>106.594225</course><hAcc>1.793037</hAcc><vAcc>0.828366</vAcc></extensions></trkpt>
      <trkpt lon="35.024125" lat="31.893597"><ele>253.715108</ele><time>2026-04-23T05:51:23Z</time><extensions><speed>2.640225</speed><course>109.926836</course><hAcc>1.793958</hAcc><vAcc>0.834933</vAcc></extensions></trkpt>
      <trkpt lon="35.024151" lat="31.893588"><ele>253.729914</ele><time>2026-04-23T05:51:24Z</time><extensions><speed>2.689439</speed><course>111.987513</course><hAcc>1.797862</hAcc><vAcc>0.841098</vAcc></extensions></trkpt>
      <trkpt lon="35.024177" lat="31.893579"><ele>253.746750</ele><time>2026-04-23T05:51:25Z</time><extensions><speed>2.666602</speed><course>113.027928</course><hAcc>1.803036</hAcc><vAcc>0.847696</vAcc></extensions></trkpt>
      <trkpt lon="35.024203" lat="31.893570"><ele>253.742174</ele><time>2026-04-23T05:51:26Z</time><extensions><speed>2.641074</speed><course>113.696446</course><hAcc>1.808159</hAcc><vAcc>0.854169</vAcc></extensions></trkpt>
      <trkpt lon="35.024228" lat="31.893560"><ele>253.762518</ele><time>2026-04-23T05:51:27Z</time><extensions><speed>2.616344</speed><course>114.155522</course><hAcc>1.814363</hAcc><vAcc>0.860810</vAcc></extensions></trkpt>
      <trkpt lon="35.024253" lat="31.893550"><ele>253.763738</ele><time>2026-04-23T05:51:28Z</time><extensions><speed>2.616063</speed><course>117.165435</course><hAcc>1.821667</hAcc><vAcc>0.867775</vAcc></extensions></trkpt>
      <trkpt lon="35.024278" lat="31.893539"><ele>253.743297</ele><time>2026-04-23T05:51:29Z</time><extensions><speed>2.696855</speed><course>118.905578</course><hAcc>1.823738</hAcc><vAcc>0.874732</vAcc></extensions></trkpt>
      <trkpt lon="35.024304" lat="31.893527"><ele>253.745694</ele><time>2026-04-23T05:51:30Z</time><extensions><speed>2.835519</speed><course>117.212488</course><hAcc>1.825390</hAcc><vAcc>0.881549</vAcc></extensions></trkpt>
      <trkpt lon="35.024332" lat="31.893516"><ele>253.745168</ele><time>2026-04-23T05:51:31Z</time><extensions><speed>3.035555</speed><course>114.370835</course><hAcc>1.828977</hAcc><vAcc>0.889162</vAcc></extensions></trkpt>
      <trkpt lon="35.024361" lat="31.893506"><ele>253.727339</ele><time>2026-04-23T05:51:32Z</time><extensions><speed>2.908349</speed><course>111.458223</course><hAcc>1.821854</hAcc><vAcc>0.897430</vAcc></extensions></trkpt>
      <trkpt lon="35.024389" lat="31.893497"><ele>253.719608</ele><time>2026-04-23T05:51:33Z</time><extensions><speed>2.828980</speed><course>110.864375</course><hAcc>1.820471</hAcc><vAcc>0.906821</vAcc></extensions></trkpt>
      <trkpt lon="35.024415" lat="31.893488"><ele>253.695200</ele><time>2026-04-23T05:51:34Z</time><extensions><speed>2.776212</speed><course>110.831878</course><hAcc>1.821061</hAcc><vAcc>0.915362</vAcc></extensions></trkpt>
      <trkpt lon="35.024442" lat="31.893480"><ele>253.682570</ele><time>2026-04-23T05:51:35Z</time><extensions><speed>2.793719</speed><course>112.372882</course><hAcc>1.825596</hAcc><vAcc>0.924041</vAcc></extensions></trkpt>
      <trkpt lon="35.024468" lat="31.893470"><ele>253.675480</ele><time>2026-04-23T05:51:36Z</time><extensions><speed>2.855042</speed><course>116.823182</course><hAcc>1.830842</hAcc><vAcc>0.932244</vAcc></extensions></trkpt>
      <trkpt lon="35.024493" lat="31.893460"><ele>253.676528</ele><time>2026-04-23T05:51:37Z</time><extensions><speed>2.619088</speed><course>115.356155</course><hAcc>1.826116</hAcc><vAcc>0.939776</vAcc></extensions></trkpt>
      <trkpt lon="35.024517" lat="31.893452"><ele>253.688173</ele><time>2026-04-23T05:51:38Z</time><extensions><speed>2.333385</speed><course>109.196550</course><hAcc>1.818815</hAcc><vAcc>0.946662</vAcc></extensions></trkpt>
      <trkpt lon="35.024540" lat="31.893447"><ele>253.687018</ele><time>2026-04-23T05:51:39Z</time><extensions><speed>2.249837</speed><course>102.765728</course><hAcc>1.809403</hAcc><vAcc>0.954402</vAcc></extensions></trkpt>
      <trkpt lon="35.024562" lat="31.893444"><ele>253.685786</ele><time>2026-04-23T05:51:40Z</time><extensions><speed>2.115377</speed><course>97.342305</course><hAcc>1.795625</hAcc><vAcc>0.961468</vAcc></extensions></trkpt>
      <trkpt lon="35.024582" lat="31.893442"><ele>253.680234</ele><time>2026-04-23T05:51:42Z</time><extensions><speed>1.712512</speed><course>98.114391</course><hAcc>1.786198</hAcc><vAcc>0.968195</vAcc></extensions></trkpt>
      <trkpt lon="35.024597" lat="31.893438"><ele>253.670686</ele><time>2026-04-23T05:51:43Z</time><extensions><speed>1.244355</speed><course>119.574327</course><hAcc>1.795274</hAcc><vAcc>0.974498</vAcc></extensions></trkpt>
      <trkpt lon="35.024601" lat="31.893433"><ele>253.630555</ele><time>2026-04-23T05:51:44Z</time><extensions><speed>0.732517</speed><course>201.737630</course><hAcc>1.796533</hAcc><vAcc>0.979278</vAcc></extensions></trkpt>
      <trkpt lon="35.024592" lat="31.893432"><ele>253.600661</ele><time>2026-04-23T05:51:45Z</time><extensions><speed>1.427578</speed><course>283.084972</course><hAcc>1.785716</hAcc><vAcc>0.982525</vAcc></extensions></trkpt>
      <trkpt lon="35.024573" lat="31.893438"><ele>253.526932</ele><time>2026-04-23T05:51:46Z</time><extensions><speed>2.345274</speed><course>297.220529</course><hAcc>1.761297</hAcc><vAcc>0.985324</vAcc></extensions></trkpt>
      <trkpt lon="35.024549" lat="31.893450"><ele>253.439128</ele><time>2026-04-23T05:51:47Z</time><extensions><speed>2.816208</speed><course>300.254060</course><hAcc>1.762753</hAcc><vAcc>0.986534</vAcc></extensions></trkpt>
      <trkpt lon="35.024522" lat="31.893463"><ele>253.370036</ele><time>2026-04-23T05:51:48Z</time><extensions><speed>2.879035</speed><course>299.929850</course><hAcc>1.768905</hAcc><vAcc>0.987085</vAcc></extensions></trkpt>
      <trkpt lon="35.024496" lat="31.893476"><ele>253.332974</ele><time>2026-04-23T05:51:49Z</time><extensions><speed>2.863741</speed><course>300.298053</course><hAcc>1.770914</hAcc><vAcc>0.984120</vAcc></extensions></trkpt>
      <trkpt lon="35.024471" lat="31.893489"><ele>253.330538</ele><time>2026-04-23T05:51:50Z</time><extensions><speed>2.679104</speed><course>303.628321</course><hAcc>1.773878</hAcc><vAcc>0.979671</vAcc></extensions></trkpt>
      <trkpt lon="35.024448" lat="31.893503"><ele>253.323746</ele><time>2026-04-23T05:51:51Z</time><extensions><speed>2.572993</speed><course>307.552708</course><hAcc>1.769657</hAcc><vAcc>0.975234</vAcc></extensions></trkpt>
      <trkpt lon="35.024426" lat="31.893518"><ele>253.282122</ele><time>2026-04-23T05:51:52Z</time><extensions><speed>2.693131</speed><course>307.861456</course><hAcc>1.765721</hAcc><vAcc>0.969452</vAcc></extensions></trkpt>
      <trkpt lon="35.024403" lat="31.893534"><ele>253.223776</ele><time>2026-04-23T05:51:53Z</time><extensions><speed>2.853753</speed><course>308.905562</course><hAcc>1.757908</hAcc><vAcc>0.962681</vAcc></extensions></trkpt>
      <trkpt lon="35.024378" lat="31.893550"><ele>253.174890</ele><time>2026-04-23T05:51:54Z</time><extensions><speed>3.000872</speed><course>306.790334</course><hAcc>1.745593</hAcc><vAcc>0.954601</vAcc></extensions></trkpt>
      <trkpt lon="35.024352" lat="31.893566"><ele>253.133551</ele><time>2026-04-23T05:51:55Z</time><extensions><speed>3.037276</speed><course>303.285681</course><hAcc>1.736511</hAcc><vAcc>0.945391</vAcc></extensions></trkpt>
      <trkpt lon="35.024326" lat="31.893581"><ele>253.099622</ele><time>2026-04-23T05:51:56Z</time><extensions><speed>2.942866</speed><course>305.899580</course><hAcc>1.731131</hAcc><vAcc>0.935448</vAcc></extensions></trkpt>
      <trkpt lon="35.024301" lat="31.893596"><ele>253.058988</ele><time>2026-04-23T05:51:57Z</time><extensions><speed>2.909870</speed><course>306.691772</course><hAcc>1.722371</hAcc><vAcc>0.924601</vAcc></extensions></trkpt>
      <trkpt lon="35.024277" lat="31.893612"><ele>253.006720</ele><time>2026-04-23T05:51:58Z</time><extensions><speed>2.917850</speed><course>306.988361</course><hAcc>1.715265</hAcc><vAcc>0.913172</vAcc></extensions></trkpt>
      <trkpt lon="35.024253" lat="31.893628"><ele>252.973900</ele><time>2026-04-23T05:51:59Z</time><extensions><speed>2.797547</speed><course>308.576370</course><hAcc>1.699207</hAcc><vAcc>0.901592</vAcc></extensions></trkpt>
      <trkpt lon="35.024231" lat="31.893643"><ele>252.943579</ele><time>2026-04-23T05:52:00Z</time><extensions><speed>2.720592</speed><course>309.466843</course><hAcc>1.692088</hAcc><vAcc>0.890254</vAcc></extensions></trkpt>
      <trkpt lon="35.024210" lat="31.893658"><ele>252.914883</ele><time>2026-04-23T05:52:01Z</time><extensions><speed>2.492925</speed><course>309.765204</course><hAcc>1.685004</hAcc><vAcc>0.879283</vAcc></extensions></trkpt>
      <trkpt lon="35.024190" lat="31.893672"><ele>252.887270</ele><time>2026-04-23T05:52:02Z</time><extensions><speed>2.519110</speed><course>308.826533</course><hAcc>1.669419</hAcc><vAcc>0.869166</vAcc></extensions></trkpt>
      <trkpt lon="35.024169" lat="31.893686"><ele>252.860947</ele><time>2026-04-23T05:52:03Z</time><extensions><speed>2.504154</speed><course>305.426748</course><hAcc>1.655788</hAcc><vAcc>0.860048</vAcc></extensions></trkpt>
      <trkpt lon="35.024147" lat="31.893698"><ele>252.836444</ele><time>2026-04-23T05:52:04Z</time><extensions><speed>2.490105</speed><course>298.765099</course><hAcc>1.638503</hAcc><vAcc>0.851596</vAcc></extensions></trkpt>
      <trkpt lon="35.024124" lat="31.893707"><ele>252.813760</ele><time>2026-04-23T05:52:05Z</time><extensions><speed>2.303356</speed><course>294.269167</course><hAcc>1.624164</hAcc><vAcc>0.844174</vAcc></extensions></trkpt>
      <trkpt lon="35.024103" lat="31.893715"><ele>252.823689</ele><time>2026-04-23T05:52:06Z</time><extensions><speed>2.076789</speed><course>293.632791</course><hAcc>1.615005</hAcc><vAcc>0.837578</vAcc></extensions></trkpt>
      <trkpt lon="35.024086" lat="31.893722"><ele>252.847232</ele><time>2026-04-23T05:52:07Z</time><extensions><speed>1.414073</speed><course>295.550410</course><hAcc>1.605759</hAcc><vAcc>0.831876</vAcc></extensions></trkpt>
      <trkpt lon="35.024077" lat="31.893726"><ele>252.872054</ele><time>2026-04-23T05:52:08Z</time><extensions><speed>0.716326</speed><course>303.206824</course><hAcc>1.620171</hAcc><vAcc>0.826782</vAcc></extensions></trkpt>
      <trkpt lon="35.024073" lat="31.893728"><ele>252.906127</ele><time>2026-04-23T05:52:09Z</time><extensions><speed>0.034523</speed><course>354.013726</course><hAcc>1.632304</hAcc><vAcc>0.822122</vAcc></extensions></trkpt>
      <trkpt lon="35.024074" lat="31.893728"><ele>252.956993</ele><time>2026-04-23T05:52:10Z</time><extensions><speed>0.171245</speed><course>115.061572</course><hAcc>1.648293</hAcc><vAcc>0.817595</vAcc></extensions></trkpt>
      <trkpt lon="35.024076" lat="31.893727"><ele>253.034004</ele><time>2026-04-23T05:52:11Z</time><extensions><speed>0.252408</speed><course>119.743126</course><hAcc>1.644180</hAcc><vAcc>0.813399</vAcc></extensions></trkpt>
      <trkpt lon="35.024078" lat="31.893725"><ele>253.092699</ele><time>2026-04-23T05:52:12Z</time><extensions><speed>0.238698</speed><course>124.410409</course><hAcc>1.660888</hAcc><vAcc>0.809417</vAcc></extensions></trkpt>
      <trkpt lon="35.024080" lat="31.893724"><ele>253.139092</ele><time>2026-04-23T05:52:13Z</time><extensions><speed>0.196386</speed><course>133.395409</course><hAcc>1.686394</hAcc><vAcc>0.805525</vAcc></extensions></trkpt>
      <trkpt lon="35.024081" lat="31.893723"><ele>253.174715</ele><time>2026-04-23T05:52:14Z</time><extensions><speed>0.161295</speed><course>153.050970</course><hAcc>1.705859</hAcc><vAcc>0.801611</vAcc></extensions></trkpt>
      <trkpt lon="35.024081" lat="31.893721"><ele>253.232664</ele><time>2026-04-23T05:52:15Z</time><extensions><speed>0.172626</speed><course>186.120963</course><hAcc>1.713099</hAcc><vAcc>0.797597</vAcc></extensions></trkpt>
      <trkpt lon="35.024080" lat="31.893720"><ele>253.251108</ele><time>2026-04-23T05:52:16Z</time><extensions><speed>0.283896</speed><course>215.793024</course><hAcc>1.705739</hAcc><vAcc>0.793438</vAcc></extensions></trkpt>
      <trkpt lon="35.024077" lat="31.893717"><ele>253.273880</ele><time>2026-04-23T05:52:17Z</time><extensions><speed>0.452005</speed><course>229.525864</course><hAcc>1.705070</hAcc><vAcc>0.789130</vAcc></extensions></trkpt>
      <trkpt lon="35.024072" lat="31.893714"><ele>253.269620</ele><time>2026-04-23T05:52:18Z</time><extensions><speed>0.680124</speed><course>240.030013</course><hAcc>1.698151</hAcc><vAcc>0.784754</vAcc></extensions></trkpt>
      <trkpt lon="35.024064" lat="31.893711"><ele>253.251140</ele><time>2026-04-23T05:52:19Z</time><extensions><speed>1.019310</speed><course>246.239342</course><hAcc>1.689799</hAcc><vAcc>0.780391</vAcc></extensions></trkpt>
      <trkpt lon="35.024051" lat="31.893707"><ele>253.220642</ele><time>2026-04-23T05:52:20Z</time><extensions><speed>1.589320</speed><course>248.095013</course><hAcc>1.691998</hAcc><vAcc>0.776217</vAcc></extensions></trkpt>
      <trkpt lon="35.024033" lat="31.893702"><ele>253.170088</ele><time>2026-04-23T05:52:21Z</time><extensions><speed>2.023460</speed><course>259.075662</course><hAcc>1.682524</hAcc><vAcc>0.772392</vAcc></extensions></trkpt>
      <trkpt lon="35.024011" lat="31.893700"><ele>253.112939</ele><time>2026-04-23T05:52:22Z</time><extensions><speed>2.239277</speed><course>269.284280</course><hAcc>1.670958</hAcc><vAcc>0.769025</vAcc></extensions></trkpt>
      <trkpt lon="35.023986" lat="31.893701"><ele>253.053264</ele><time>2026-04-23T05:52:23Z</time><extensions><speed>2.412033</speed><course>274.348016</course><hAcc>1.660974</hAcc><vAcc>0.766165</vAcc></extensions></trkpt>
      <trkpt lon="35.023961" lat="31.893702"><ele>252.984415</ele><time>2026-04-23T05:52:23Z</time><extensions><speed>2.406339</speed><course>273.500518</course><hAcc>1.650760</hAcc><vAcc>0.763815</vAcc></extensions></trkpt>
      <trkpt lon="35.023936" lat="31.893704"><ele>252.920945</ele><time>2026-04-23T05:52:24Z</time><extensions><speed>2.329224</speed><course>273.261694</course><hAcc>1.641436</hAcc><vAcc>0.761942</vAcc></extensions></trkpt>
      <trkpt lon="35.023910" lat="31.893705"><ele>252.833673</ele><time>2026-04-23T05:52:25Z</time><extensions><speed>2.443793</speed><course>275.402054</course><hAcc>1.633383</hAcc><vAcc>0.760490</vAcc></extensions></trkpt>
      <trkpt lon="35.023884" lat="31.893708"><ele>252.756568</ele><time>2026-04-23T05:52:26Z</time><extensions><speed>2.490318</speed><course>276.365568</course><hAcc>1.625697</hAcc><vAcc>0.759394</vAcc></extensions></trkpt>
      <trkpt lon="35.023857" lat="31.893710"><ele>252.670359</ele><time>2026-04-23T05:52:27Z</time><extensions><speed>2.583648</speed><course>275.890028</course><hAcc>1.618021</hAcc><vAcc>0.758586</vAcc></extensions></trkpt>
      <trkpt lon="35.023830" lat="31.893712"><ele>252.605307</ele><time>2026-04-23T05:52:28Z</time><extensions><speed>2.588623</speed><course>275.058842</course><hAcc>1.608175</hAcc><vAcc>0.758003</vAcc></extensions></trkpt>
      <trkpt lon="35.023803" lat="31.893715"><ele>252.550722</ele><time>2026-04-23T05:52:29Z</time><extensions><speed>2.592107</speed><course>276.960881</course><hAcc>1.600118</hAcc><vAcc>0.757591</vAcc></extensions></trkpt>
      <trkpt lon="35.023777" lat="31.893718"><ele>252.512220</ele><time>2026-04-23T05:52:30Z</time><extensions><speed>2.476004</speed><course>277.022036</course><hAcc>1.594027</hAcc><vAcc>0.757307</vAcc></extensions></trkpt>
      <trkpt lon="35.023751" lat="31.893721"><ele>252.474185</ele><time>2026-04-23T05:52:31Z</time><extensions><speed>2.407796</speed><course>278.477731</course><hAcc>1.592414</hAcc><vAcc>0.757116</vAcc></extensions></trkpt>
      <trkpt lon="35.023726" lat="31.893725"><ele>252.435467</ele><time>2026-04-23T05:52:32Z</time><extensions><speed>2.428073</speed><course>281.166376</course><hAcc>1.594570</hAcc><vAcc>0.756991</vAcc></extensions></trkpt>
      <trkpt lon="35.023700" lat="31.893729"><ele>252.417346</ele><time>2026-04-23T05:52:33Z</time><extensions><speed>2.487563</speed><course>281.264704</course><hAcc>1.593707</hAcc><vAcc>0.756911</vAcc></extensions></trkpt>
      <trkpt lon="35.023673" lat="31.893734"><ele>252.419133</ele><time>2026-04-23T05:52:34Z</time><extensions><speed>2.778010</speed><course>284.652891</course><hAcc>1.591960</hAcc><vAcc>0.756861</vAcc></extensions></trkpt>
      <trkpt lon="35.023643" lat="31.893742"><ele>252.442478</ele><time>2026-04-23T05:52:35Z</time><extensions><speed>3.220312</speed><course>288.502740</course><hAcc>1.589625</hAcc><vAcc>0.756830</vAcc></extensions></trkpt>
      <trkpt lon="35.023611" lat="31.893752"><ele>252.448662</ele><time>2026-04-23T05:52:36Z</time><extensions><speed>3.140711</speed><course>290.719468</course><hAcc>1.585295</hAcc><vAcc>0.756811</vAcc></extensions></trkpt>
      <trkpt lon="35.023582" lat="31.893762"><ele>252.471801</ele><time>2026-04-23T05:52:37Z</time><extensions><speed>2.786888</speed><course>293.553617</course><hAcc>1.580494</hAcc><vAcc>0.756798</vAcc></extensions></trkpt>
      <trkpt lon="35.023556" lat="31.893772"><ele>252.506726</ele><time>2026-04-23T05:52:38Z</time><extensions><speed>2.576429</speed><course>295.780783</course><hAcc>1.572964</hAcc><vAcc>0.756789</vAcc></extensions></trkpt>
      <trkpt lon="35.023532" lat="31.893782"><ele>252.525759</ele><time>2026-04-23T05:52:39Z</time><extensions><speed>2.514216</speed><course>295.082617</course><hAcc>1.567431</hAcc><vAcc>0.756782</vAcc></extensions></trkpt>
      <trkpt lon="35.023507" lat="31.893791"><ele>252.537493</ele><time>2026-04-23T05:52:40Z</time><extensions><speed>2.689480</speed><course>292.531138</course><hAcc>1.560933</hAcc><vAcc>0.756776</vAcc></extensions></trkpt>
      <trkpt lon="35.023479" lat="31.893799"><ele>252.560928</ele><time>2026-04-23T05:52:41Z</time><extensions><speed>2.838252</speed><course>286.876609</course><hAcc>1.553097</hAcc><vAcc>0.756771</vAcc></extensions></trkpt>
      <trkpt lon="35.023451" lat="31.893806"><ele>252.597885</ele><time>2026-04-23T05:52:42Z</time><extensions><speed>2.848874</speed><course>284.883552</course><hAcc>1.544622</hAcc><vAcc>0.756766</vAcc></extensions></trkpt>
      <trkpt lon="35.023422" lat="31.893813"><ele>252.661971</ele><time>2026-04-23T05:52:43Z</time><extensions><speed>2.748751</speed><course>285.961201</course><hAcc>1.539452</hAcc><vAcc>0.756761</vAcc></extensions></trkpt>
      <trkpt lon="35.023395" lat="31.893819"><ele>252.703135</ele><time>2026-04-23T05:52:44Z</time><extensions><speed>2.559853</speed><course>284.641180</course><hAcc>1.536332</hAcc><vAcc>0.756757</vAcc></extensions></trkpt>
      <trkpt lon="35.023369" lat="31.893825"><ele>252.730425</ele><time>2026-04-23T05:52:45Z</time><extensions><speed>2.468640</speed><course>286.272992</course><hAcc>1.534024</hAcc><vAcc>0.756753</vAcc></extensions></trkpt>
      <trkpt lon="35.023344" lat="31.893832"><ele>252.771340</ele><time>2026-04-23T05:52:46Z</time><extensions><speed>2.510025</speed><course>289.421000</course><hAcc>1.536114</hAcc><vAcc>0.756749</vAcc></extensions></trkpt>
      <trkpt lon="35.023319" lat="31.893841"><ele>252.790786</ele><time>2026-04-23T05:52:47Z</time><extensions><speed>2.661593</speed><course>292.386301</course><hAcc>1.538676</hAcc><vAcc>0.756746</vAcc></extensions></trkpt>
      <trkpt lon="35.023293" lat="31.893851"><ele>252.819875</ele><time>2026-04-23T05:52:48Z</time><extensions><speed>2.677770</speed><course>297.668877</course><hAcc>1.538844</hAcc><vAcc>0.756744</vAcc></extensions></trkpt>
      <trkpt lon="35.023269" lat="31.893863"><ele>252.844941</ele><time>2026-04-23T05:52:49Z</time><extensions><speed>2.588326</speed><course>301.536048</course><hAcc>1.543874</hAcc><vAcc>0.756742</vAcc></extensions></trkpt>
      <trkpt lon="35.023246" lat="31.893875"><ele>252.878769</ele><time>2026-04-23T05:52:50Z</time><extensions><speed>2.488752</speed><course>301.829194</course><hAcc>1.552351</hAcc><vAcc>0.756741</vAcc></extensions></trkpt>
      <trkpt lon="35.023225" lat="31.893886"><ele>252.870886</ele><time>2026-04-23T05:52:51Z</time><extensions><speed>2.325632</speed><course>303.586178</course><hAcc>1.557191</hAcc><vAcc>0.756739</vAcc></extensions></trkpt>
      <trkpt lon="35.023204" lat="31.893897"><ele>252.843831</ele><time>2026-04-23T05:52:52Z</time><extensions><speed>2.227531</speed><course>301.040946</course><hAcc>1.563772</hAcc><vAcc>0.756738</vAcc></extensions></trkpt>
      <trkpt lon="35.023183" lat="31.893909"><ele>252.793826</ele><time>2026-04-23T05:52:53Z</time><extensions><speed>2.355545</speed><course>302.804813</course><hAcc>1.572201</hAcc><vAcc>0.756738</vAcc></extensions></trkpt>
      <trkpt lon="35.023162" lat="31.893921"><ele>252.726714</ele><time>2026-04-23T05:52:54Z</time><extensions><speed>2.498508</speed><course>303.573152</course><hAcc>1.570382</hAcc><vAcc>0.756737</vAcc></extensions></trkpt>
      <trkpt lon="35.023139" lat="31.893934"><ele>252.660616</ele><time>2026-04-23T05:52:55Z</time><extensions><speed>2.605679</speed><course>306.145774</course><hAcc>1.576846</hAcc><vAcc>0.756737</vAcc></extensions></trkpt>
      <trkpt lon="35.023117" lat="31.893948"><ele>252.603192</ele><time>2026-04-23T05:52:56Z</time><extensions><speed>2.712239</speed><course>305.049059</course><hAcc>1.585425</hAcc><vAcc>0.756737</vAcc></extensions></trkpt>
      <trkpt lon="35.023092" lat="31.893962"><ele>252.508750</ele><time>2026-04-23T05:52:57Z</time><extensions><speed>2.833340</speed><course>302.422547</course><hAcc>1.589687</hAcc><vAcc>0.756738</vAcc></extensions></trkpt>
      <trkpt lon="35.023066" lat="31.893975"><ele>252.390781</ele><time>2026-04-23T05:52:58Z</time><extensions><speed>2.863612</speed><course>301.477135</course><hAcc>1.593378</hAcc><vAcc>0.756739</vAcc></extensions></trkpt>
      <trkpt lon="35.023041" lat="31.893989"><ele>252.261194</ele><time>2026-04-23T05:52:59Z</time><extensions><speed>2.796055</speed><course>302.557174</course><hAcc>1.596968</hAcc><vAcc>0.756740</vAcc></extensions></trkpt>
      <trkpt lon="35.023016" lat="31.894003"><ele>252.149848</ele><time>2026-04-23T05:53:00Z</time><extensions><speed>2.850309</speed><course>303.743451</course><hAcc>1.599715</hAcc><vAcc>0.756741</vAcc></extensions></trkpt>
      <trkpt lon="35.022990" lat="31.894018"><ele>252.028995</ele><time>2026-04-23T05:53:01Z</time><extensions><speed>3.083275</speed><course>304.627603</course><hAcc>1.600422</hAcc><vAcc>0.756742</vAcc></extensions></trkpt>
      <trkpt lon="35.022963" lat="31.894034"><ele>251.888431</ele><time>2026-04-23T05:53:02Z</time><extensions><speed>3.184381</speed><course>305.760257</course><hAcc>1.590943</hAcc><vAcc>0.756744</vAcc></extensions></trkpt>
      <trkpt lon="35.022935" lat="31.894051"><ele>251.766921</ele><time>2026-04-23T05:53:03Z</time><extensions><speed>3.228931</speed><course>306.212034</course><hAcc>1.582141</hAcc><vAcc>0.756745</vAcc></extensions></trkpt>
      <trkpt lon="35.022908" lat="31.894068"><ele>251.639280</ele><time>2026-04-23T05:53:04Z</time><extensions><speed>3.048730</speed><course>304.358885</course><hAcc>1.576812</hAcc><vAcc>0.756747</vAcc></extensions></trkpt>
      <trkpt lon="35.022882" lat="31.894082"><ele>251.506542</ele><time>2026-04-23T05:53:05Z</time><extensions><speed>2.770680</speed><course>303.907616</course><hAcc>1.573651</hAcc><vAcc>0.756748</vAcc></extensions></trkpt>
      <trkpt lon="35.022859" lat="31.894096"><ele>251.405487</ele><time>2026-04-23T05:53:06Z</time><extensions><speed>2.625598</speed><course>303.628951</course><hAcc>1.570893</hAcc><vAcc>0.756822</vAcc></extensions></trkpt>
      <trkpt lon="35.022835" lat="31.894109"><ele>251.298135</ele><time>2026-04-23T05:53:07Z</time><extensions><speed>2.744733</speed><course>301.615302</course><hAcc>1.565733</hAcc><vAcc>0.757171</vAcc></extensions></trkpt>
      <trkpt lon="35.022810" lat="31.894122"><ele>251.186189</ele><time>2026-04-23T05:53:08Z</time><extensions><speed>2.814895</speed><course>299.223812</course><hAcc>1.564807</hAcc><vAcc>0.757421</vAcc></extensions></trkpt>
      <trkpt lon="35.022784" lat="31.894134"><ele>251.062944</ele><time>2026-04-23T05:53:09Z</time><extensions><speed>2.778859</speed><course>301.529300</course><hAcc>1.562754</hAcc><vAcc>0.757806</vAcc></extensions></trkpt>
      <trkpt lon="35.022760" lat="31.894148"><ele>250.969273</ele><time>2026-04-23T05:53:10Z</time><extensions><speed>2.753719</speed><course>305.678625</course><hAcc>1.564630</hAcc><vAcc>0.758495</vAcc></extensions></trkpt>
      <trkpt lon="35.022737" lat="31.894163"><ele>250.920506</ele><time>2026-04-23T05:53:11Z</time><extensions><speed>2.694882</speed><course>309.357638</course><hAcc>1.572050</hAcc><vAcc>0.759167</vAcc></extensions></trkpt>
      <trkpt lon="35.022715" lat="31.894179"><ele>250.883800</ele><time>2026-04-23T05:53:12Z</time><extensions><speed>2.731939</speed><course>310.384636</course><hAcc>1.577883</hAcc><vAcc>0.759937</vAcc></extensions></trkpt>
      <trkpt lon="35.022693" lat="31.894195"><ele>250.845837</ele><time>2026-04-23T05:53:13Z</time><extensions><speed>2.757570</speed><course>310.895574</course><hAcc>1.583040</hAcc><vAcc>0.760702</vAcc></extensions></trkpt>
      <trkpt lon="35.022670" lat="31.894211"><ele>250.811214</ele><time>2026-04-23T05:53:14Z</time><extensions><speed>2.719901</speed><course>310.496350</course><hAcc>1.586960</hAcc><vAcc>0.761503</vAcc></extensions></trkpt>
      <trkpt lon="35.022648" lat="31.894227"><ele>250.781639</ele><time>2026-04-23T05:53:15Z</time><extensions><speed>2.830643</speed><course>311.444656</course><hAcc>1.586532</hAcc><vAcc>0.762293</vAcc></extensions></trkpt>
      <trkpt lon="35.022625" lat="31.894244"><ele>250.751709</ele><time>2026-04-23T05:53:16Z</time><extensions><speed>2.893220</speed><course>309.136180</course><hAcc>1.584158</hAcc><vAcc>0.763005</vAcc></extensions></trkpt>
      <trkpt lon="35.022602" lat="31.894260"><ele>250.733952</ele><time>2026-04-23T05:53:17Z</time><extensions><speed>2.681462</speed><course>305.354913</course><hAcc>1.577780</hAcc><vAcc>0.763557</vAcc></extensions></trkpt>
      <trkpt lon="35.022578" lat="31.894273"><ele>250.707619</ele><time>2026-04-23T05:53:18Z</time><extensions><speed>2.562973</speed><course>301.414945</course><hAcc>1.572285</hAcc><vAcc>0.763881</vAcc></extensions></trkpt>
      <trkpt lon="35.022555" lat="31.894284"><ele>250.696892</ele><time>2026-04-23T05:53:19Z</time><extensions><speed>2.603244</speed><course>296.308347</course><hAcc>1.570837</hAcc><vAcc>0.763942</vAcc></extensions></trkpt>
      <trkpt lon="35.022528" lat="31.894294"><ele>250.683515</ele><time>2026-04-23T05:53:20Z</time><extensions><speed>2.852235</speed><course>291.090543</course><hAcc>1.571473</hAcc><vAcc>0.763729</vAcc></extensions></trkpt>
      <trkpt lon="35.022498" lat="31.894301"><ele>250.668611</ele><time>2026-04-23T05:53:21Z</time><extensions><speed>3.216825</speed><course>282.262178</course><hAcc>1.575879</hAcc><vAcc>0.763256</vAcc></extensions></trkpt>
      <trkpt lon="35.022465" lat="31.894307"><ele>250.625698</ele><time>2026-04-23T05:53:22Z</time><extensions><speed>3.043505</speed><course>281.782331</course><hAcc>1.577094</hAcc><vAcc>0.762581</vAcc></extensions></trkpt>
      <trkpt lon="35.022435" lat="31.894314"><ele>250.577325</ele><time>2026-04-23T05:53:23Z</time><extensions><speed>2.938481</speed><course>287.582868</course><hAcc>1.574296</hAcc><vAcc>0.761787</vAcc></extensions></trkpt>
      <trkpt lon="35.022406" lat="31.894322"><ele>250.516169</ele><time>2026-04-23T05:53:24Z</time><extensions><speed>2.794124</speed><course>290.426730</course><hAcc>1.573110</hAcc><vAcc>0.760957</vAcc></extensions></trkpt>
      <trkpt lon="35.022379" lat="31.894332"><ele>250.441789</ele><time>2026-04-23T05:53:25Z</time><extensions><speed>2.740852</speed><course>293.475895</course><hAcc>1.570933</hAcc><vAcc>0.760156</vAcc></extensions></trkpt>
      <trkpt lon="35.022353" lat="31.894343"><ele>250.360081</ele><time>2026-04-23T05:53:26Z</time><extensions><speed>2.758017</speed><course>299.033635</course><hAcc>1.564801</hAcc><vAcc>0.759427</vAcc></extensions></trkpt>
      <trkpt lon="35.022328" lat="31.894355"><ele>250.279030</ele><time>2026-04-23T05:53:27Z</time><extensions><speed>2.786089</speed><course>302.116510</course><hAcc>1.559937</hAcc><vAcc>0.758794</vAcc></extensions></trkpt>
      <trkpt lon="35.022304" lat="31.894369"><ele>250.186626</ele><time>2026-04-23T05:53:28Z</time><extensions><speed>2.775547</speed><course>305.402886</course><hAcc>1.554341</hAcc><vAcc>0.758340</vAcc></extensions></trkpt>
      <trkpt lon="35.022280" lat="31.894384"><ele>250.097968</ele><time>2026-04-23T05:53:29Z</time><extensions><speed>2.691904</speed><course>306.502893</course><hAcc>1.549993</hAcc><vAcc>0.757949</vAcc></extensions></trkpt>
      <trkpt lon="35.022258" lat="31.894397"><ele>249.999466</ele><time>2026-04-23T05:53:30Z</time><extensions><speed>2.489632</speed><course>305.415451</course><hAcc>1.546862</hAcc><vAcc>0.757660</vAcc></extensions></trkpt>
      <trkpt lon="35.022238" lat="31.894409"><ele>249.912539</ele><time>2026-04-23T05:53:31Z</time><extensions><speed>2.184760</speed><course>303.223120</course><hAcc>1.548086</hAcc><vAcc>0.757459</vAcc></extensions></trkpt>
      <trkpt lon="35.022218" lat="31.894420"><ele>249.848213</ele><time>2026-04-23T05:53:32Z</time><extensions><speed>2.257160</speed><course>299.367915</course><hAcc>1.556330</hAcc><vAcc>0.757331</vAcc></extensions></trkpt>
      <trkpt lon="35.022197" lat="31.894429"><ele>249.777367</ele><time>2026-04-23T05:53:33Z</time><extensions><speed>2.340587</speed><course>297.728748</course><hAcc>1.564998</hAcc><vAcc>0.757365</vAcc></extensions></trkpt>
      <trkpt lon="35.022175" lat="31.894440"><ele>249.720123</ele><time>2026-04-23T05:53:34Z</time><extensions><speed>2.430655</speed><course>302.277025</course><hAcc>1.579154</hAcc><vAcc>0.757385</vAcc></extensions></trkpt>
      <trkpt lon="35.022153" lat="31.894453"><ele>249.644665</ele><time>2026-04-23T05:53:35Z</time><extensions><speed>2.597462</speed><course>306.241754</course><hAcc>1.597431</hAcc><vAcc>0.757443</vAcc></extensions></trkpt>
      <trkpt lon="35.022130" lat="31.894467"><ele>249.591523</ele><time>2026-04-23T05:53:36Z</time><extensions><speed>2.738854</speed><course>306.053457</course><hAcc>1.614433</hAcc><vAcc>0.757524</vAcc></extensions></trkpt>
      <trkpt lon="35.022106" lat="31.894482"><ele>249.538417</ele><time>2026-04-23T05:53:37Z</time><extensions><speed>2.828184</speed><course>305.760649</course><hAcc>1.625160</hAcc><vAcc>0.757795</vAcc></extensions></trkpt>
      <trkpt lon="35.022081" lat="31.894496"><ele>249.472014</ele><time>2026-04-23T05:53:38Z</time><extensions><speed>2.944781</speed><course>301.091110</course><hAcc>1.634314</hAcc><vAcc>0.757959</vAcc></extensions></trkpt>
      <trkpt lon="35.022054" lat="31.894509"><ele>249.424233</ele><time>2026-04-23T05:53:39Z</time><extensions><speed>2.881078</speed><course>300.540497</course><hAcc>1.645526</hAcc><vAcc>0.758203</vAcc></extensions></trkpt>
      <trkpt lon="35.022029" lat="31.894523"><ele>249.381222</ele><time>2026-04-23T05:53:40Z</time><extensions><speed>2.694191</speed><course>306.223207</course><hAcc>1.655867</hAcc><vAcc>0.758838</vAcc></extensions></trkpt>
      <trkpt lon="35.022007" lat="31.894539"><ele>249.359739</ele><time>2026-04-23T05:53:41Z</time><extensions><speed>2.739827</speed><course>313.704872</course><hAcc>1.669067</hAcc><vAcc>0.759756</vAcc></extensions></trkpt>
      <trkpt lon="35.021987" lat="31.894556"><ele>249.323503</ele><time>2026-04-23T05:53:42Z</time><extensions><speed>2.590157</speed><course>315.679305</course><hAcc>1.685842</hAcc><vAcc>0.761530</vAcc></extensions></trkpt>
      <trkpt lon="35.021968" lat="31.894572"><ele>249.277456</ele><time>2026-04-23T05:53:43Z</time><extensions><speed>2.489823</speed><course>313.559226</course><hAcc>1.708604</hAcc><vAcc>0.763933</vAcc></extensions></trkpt>
      <trkpt lon="35.021949" lat="31.894588"><ele>249.231201</ele><time>2026-04-23T05:53:44Z</time><extensions><speed>2.493887</speed><course>313.240326</course><hAcc>1.736741</hAcc><vAcc>0.767408</vAcc></extensions></trkpt>
      <trkpt lon="35.021927" lat="31.894603"><ele>249.201805</ele><time>2026-04-23T05:53:45Z</time><extensions><speed>2.756959</speed><course>307.002847</course><hAcc>1.761816</hAcc><vAcc>0.771503</vAcc></extensions></trkpt>
      <trkpt lon="35.021902" lat="31.894618"><ele>249.160635</ele><time>2026-04-23T05:53:46Z</time><extensions><speed>3.004748</speed><course>302.081457</course><hAcc>1.783738</hAcc><vAcc>0.776005</vAcc></extensions></trkpt>
      <trkpt lon="35.021874" lat="31.894631"><ele>249.120608</ele><time>2026-04-23T05:53:48Z</time><extensions><speed>3.012681</speed><course>297.512687</course><hAcc>1.805114</hAcc><vAcc>0.781830</vAcc></extensions></trkpt>
      <trkpt lon="35.021845" lat="31.894643"><ele>249.058823</ele><time>2026-04-23T05:53:49Z</time><extensions><speed>3.044027</speed><course>292.510644</course><hAcc>1.816055</hAcc><vAcc>0.788971</vAcc></extensions></trkpt>
      <trkpt lon="35.021816" lat="31.894654"><ele>249.020826</ele><time>2026-04-23T05:53:50Z</time><extensions><speed>2.986447</speed><course>294.147054</course><hAcc>1.826123</hAcc><vAcc>0.796906</vAcc></extensions></trkpt>
      <trkpt lon="35.021788" lat="31.894666"><ele>248.965682</ele><time>2026-04-23T05:53:51Z</time><extensions><speed>2.973435</speed><course>298.125345</course><hAcc>1.829401</hAcc><vAcc>0.805478</vAcc></extensions></trkpt>
      <trkpt lon="35.021761" lat="31.894679"><ele>248.931337</ele><time>2026-04-23T05:53:52Z</time><extensions><speed>2.904871</speed><course>302.633345</course><hAcc>1.832161</hAcc><vAcc>0.814548</vAcc></extensions></trkpt>
      <trkpt lon="35.021736" lat="31.894694"><ele>248.873155</ele><time>2026-04-23T05:53:53Z</time><extensions><speed>2.711112</speed><course>306.503689</course><hAcc>1.835721</hAcc><vAcc>0.824199</vAcc></extensions></trkpt>
      <trkpt lon="35.021714" lat="31.894708"><ele>248.822869</ele><time>2026-04-23T05:53:54Z</time><extensions><speed>2.647328</speed><course>307.536597</course><hAcc>1.836684</hAcc><vAcc>0.833724</vAcc></extensions></trkpt>
      <trkpt lon="35.021691" lat="31.894723"><ele>248.778378</ele><time>2026-04-23T05:53:55Z</time><extensions><speed>2.721595</speed><course>305.772687</course><hAcc>1.830185</hAcc><vAcc>0.843395</vAcc></extensions></trkpt>
      <trkpt lon="35.021667" lat="31.894738"><ele>248.726918</ele><time>2026-04-23T05:53:56Z</time><extensions><speed>2.800738</speed><course>307.773431</course><hAcc>1.823609</hAcc><vAcc>0.851664</vAcc></extensions></trkpt>
      <trkpt lon="35.021645" lat="31.894754"><ele>248.673089</ele><time>2026-04-23T05:53:57Z</time><extensions><speed>2.733352</speed><course>309.755905</course><hAcc>1.816811</hAcc><vAcc>0.858783</vAcc></extensions></trkpt>
      <trkpt lon="35.021623" lat="31.894770"><ele>248.629824</ele><time>2026-04-23T05:53:58Z</time><extensions><speed>2.753750</speed><course>312.107710</course><hAcc>1.811157</hAcc><vAcc>0.865817</vAcc></extensions></trkpt>
      <trkpt lon="35.021601" lat="31.894787"><ele>248.595133</ele><time>2026-04-23T05:53:59Z</time><extensions><speed>2.737952</speed><course>314.864914</course><hAcc>1.809110</hAcc><vAcc>0.872049</vAcc></extensions></trkpt>
      <trkpt lon="35.021580" lat="31.894805"><ele>248.579890</ele><time>2026-04-23T05:54:00Z</time><extensions><speed>2.718659</speed><course>313.632429</course><hAcc>1.799695</hAcc><vAcc>0.876482</vAcc></extensions></trkpt>
      <trkpt lon="35.021559" lat="31.894822"><ele>248.586723</ele><time>2026-04-23T05:54:01Z</time><extensions><speed>2.798295</speed><course>315.002489</course><hAcc>1.793694</hAcc><vAcc>0.880697</vAcc></extensions></trkpt>
      <trkpt lon="35.021539" lat="31.894840"><ele>248.582583</ele><time>2026-04-23T05:54:02Z</time><extensions><speed>2.621662</speed><course>315.901985</course><hAcc>1.791578</hAcc><vAcc>0.883849</vAcc></extensions></trkpt>
      <trkpt lon="35.021520" lat="31.894856"><ele>248.569370</ele><time>2026-04-23T05:54:03Z</time><extensions><speed>2.388326</speed><course>315.510699</course><hAcc>1.789677</hAcc><vAcc>0.885423</vAcc></extensions></trkpt>
      <trkpt lon="35.021502" lat="31.894872"><ele>248.582167</ele><time>2026-04-23T05:54:04Z</time><extensions><speed>2.503510</speed><course>317.252253</course><hAcc>1.780223</hAcc><vAcc>0.883374</vAcc></extensions></trkpt>
      <trkpt lon="35.021484" lat="31.894890"><ele>248.604572</ele><time>2026-04-23T05:54:05Z</time><extensions><speed>2.668183</speed><course>319.217309</course><hAcc>1.772411</hAcc><vAcc>0.880411</vAcc></extensions></trkpt>
      <trkpt lon="35.021465" lat="31.894908"><ele>248.603290</ele><time>2026-04-23T05:54:06Z</time><extensions><speed>2.594011</speed><course>319.536477</course><hAcc>1.768481</hAcc><vAcc>0.876747</vAcc></extensions></trkpt>
      <trkpt lon="35.021446" lat="31.894925"><ele>248.643092</ele><time>2026-04-23T05:54:07Z</time><extensions><speed>2.650484</speed><course>314.541347</course><hAcc>1.760966</hAcc><vAcc>0.871290</vAcc></extensions></trkpt>
      <trkpt lon="35.021425" lat="31.894942"><ele>248.690279</ele><time>2026-04-23T05:54:08Z</time><extensions><speed>2.794798</speed><course>312.677918</course><hAcc>1.753662</hAcc><vAcc>0.865582</vAcc></extensions></trkpt>
      <trkpt lon="35.021403" lat="31.894960"><ele>248.733188</ele><time>2026-04-23T05:54:09Z</time><extensions><speed>2.988187</speed><course>313.072195</course><hAcc>1.746471</hAcc><vAcc>0.858624</vAcc></extensions></trkpt>
      <trkpt lon="35.021380" lat="31.894980"><ele>248.810013</ele><time>2026-04-23T05:54:10Z</time><extensions><speed>3.103643</speed><course>314.826876</course><hAcc>1.738558</hAcc><vAcc>0.850554</vAcc></extensions></trkpt>
      <trkpt lon="35.021357" lat="31.894999"><ele>248.934034</ele><time>2026-04-23T05:54:11Z</time><extensions><speed>2.952005</speed><course>315.972901</course><hAcc>1.736059</hAcc><vAcc>0.841811</vAcc></extensions></trkpt>
      <trkpt lon="35.021337" lat="31.895018"><ele>249.051238</ele><time>2026-04-23T05:54:12Z</time><extensions><speed>2.767016</speed><course>316.825579</course><hAcc>1.735210</hAcc><vAcc>0.832596</vAcc></extensions></trkpt>
      <trkpt lon="35.021317" lat="31.895036"><ele>249.169233</ele><time>2026-04-23T05:54:13Z</time><extensions><speed>2.778465</speed><course>319.235720</course><hAcc>1.733167</hAcc><vAcc>0.823183</vAcc></extensions></trkpt>
      <trkpt lon="35.021297" lat="31.895056"><ele>249.283749</ele><time>2026-04-23T05:54:14Z</time><extensions><speed>3.042155</speed><course>319.948648</course><hAcc>1.731120</hAcc><vAcc>0.813933</vAcc></extensions></trkpt>
      <trkpt lon="35.021275" lat="31.895078"><ele>249.406569</ele><time>2026-04-23T05:54:15Z</time><extensions><speed>3.297375</speed><course>319.052527</course><hAcc>1.735052</hAcc><vAcc>0.805486</vAcc></extensions></trkpt>
      <trkpt lon="35.021252" lat="31.895100"><ele>249.523856</ele><time>2026-04-23T05:54:16Z</time><extensions><speed>3.266820</speed><course>316.818521</course><hAcc>1.737153</hAcc><vAcc>0.797975</vAcc></extensions></trkpt>
      <trkpt lon="35.021229" lat="31.895122"><ele>249.645309</ele><time>2026-04-23T05:54:17Z</time><extensions><speed>3.175768</speed><course>319.800800</course><hAcc>1.737516</hAcc><vAcc>0.791927</vAcc></extensions></trkpt>
      <trkpt lon="35.021210" lat="31.895145"><ele>249.746997</ele><time>2026-04-23T05:54:18Z</time><extensions><speed>3.141532</speed><course>329.570092</course><hAcc>1.740544</hAcc><vAcc>0.786881</vAcc></extensions></trkpt>
      <trkpt lon="35.021194" lat="31.895169"><ele>249.841288</ele><time>2026-04-23T05:54:19Z</time><extensions><speed>2.959559</speed><course>332.063052</course><hAcc>1.740631</hAcc><vAcc>0.783290</vAcc></extensions></trkpt>
      <trkpt lon="35.021179" lat="31.895192"><ele>249.935689</ele><time>2026-04-23T05:54:20Z</time><extensions><speed>2.836206</speed><course>330.166598</course><hAcc>1.742101</hAcc><vAcc>0.780359</vAcc></extensions></trkpt>
      <trkpt lon="35.021165" lat="31.895213"><ele>249.996174</ele><time>2026-04-23T05:54:21Z</time><extensions><speed>2.535173</speed><course>332.473792</course><hAcc>1.750289</hAcc><vAcc>0.778368</vAcc></extensions></trkpt>
      <trkpt lon="35.021152" lat="31.895233"><ele>250.046543</ele><time>2026-04-23T05:54:22Z</time><extensions><speed>2.490024</speed><course>328.803153</course><hAcc>1.744126</hAcc><vAcc>0.777154</vAcc></extensions></trkpt>
      <trkpt lon="35.021137" lat="31.895251"><ele>250.080987</ele><time>2026-04-23T05:54:23Z</time><extensions><speed>2.544666</speed><course>319.024066</course><hAcc>1.743577</hAcc><vAcc>0.776664</vAcc></extensions></trkpt>
      <trkpt lon="35.021117" lat="31.895268"><ele>250.087536</ele><time>2026-04-23T05:54:24Z</time><extensions><speed>2.771348</speed><course>312.954833</course><hAcc>1.741750</hAcc><vAcc>0.776688</vAcc></extensions></trkpt>
      <trkpt lon="35.021094" lat="31.895286"><ele>250.080479</ele><time>2026-04-23T05:54:25Z</time><extensions><speed>2.918756</speed><course>310.902674</course><hAcc>1.740258</hAcc><vAcc>0.776959</vAcc></extensions></trkpt>
      <trkpt lon="35.021070" lat="31.895303"><ele>250.074068</ele><time>2026-04-23T05:54:26Z</time><extensions><speed>2.957834</speed><course>309.253818</course><hAcc>1.738550</hAcc><vAcc>0.777178</vAcc></extensions></trkpt>
      <trkpt lon="35.021046" lat="31.895320"><ele>250.027877</ele><time>2026-04-23T05:54:27Z</time><extensions><speed>2.947010</speed><course>309.275679</course><hAcc>1.737028</hAcc><vAcc>0.777067</vAcc></extensions></trkpt>
      <trkpt lon="35.021022" lat="31.895336"><ele>249.963005</ele><time>2026-04-23T05:54:28Z</time><extensions><speed>2.855640</speed><course>309.636409</course><hAcc>1.736318</hAcc><vAcc>0.776435</vAcc></extensions></trkpt>
      <trkpt lon="35.020999" lat="31.895353"><ele>249.906058</ele><time>2026-04-23T05:54:29Z</time><extensions><speed>2.726333</speed><course>312.105789</course><hAcc>1.739799</hAcc><vAcc>0.775216</vAcc></extensions></trkpt>
      <trkpt lon="35.020978" lat="31.895370"><ele>249.837898</ele><time>2026-04-23T05:54:30Z</time><extensions><speed>2.820300</speed><course>312.863569</course><hAcc>1.734524</hAcc><vAcc>0.773476</vAcc></extensions></trkpt>
      <trkpt lon="35.020955" lat="31.895387"><ele>249.779606</ele><time>2026-04-23T05:54:30Z</time><extensions><speed>2.836068</speed><course>311.564237</course><hAcc>1.727391</hAcc><vAcc>0.771385</vAcc></extensions></trkpt>
      <trkpt lon="35.020933" lat="31.895404"><ele>249.697811</ele><time>2026-04-23T05:54:31Z</time><extensions><speed>2.834924</speed><course>311.020131</course><hAcc>1.724616</hAcc><vAcc>0.769143</vAcc></extensions></trkpt>
      <trkpt lon="35.020909" lat="31.895421"><ele>249.626997</ele><time>2026-04-23T05:54:32Z</time><extensions><speed>3.008061</speed><course>307.825678</course><hAcc>1.718646</hAcc><vAcc>0.766929</vAcc></extensions></trkpt>
      <trkpt lon="35.020882" lat="31.895437"><ele>249.554927</ele><time>2026-04-23T05:54:33Z</time><extensions><speed>3.113282</speed><course>302.944631</course><hAcc>1.716372</hAcc><vAcc>0.764873</vAcc></extensions></trkpt>
      <trkpt lon="35.020854" lat="31.895452"><ele>249.481968</ele><time>2026-04-23T05:54:34Z</time><extensions><speed>3.127841</speed><course>298.815262</course><hAcc>1.720142</hAcc><vAcc>0.763054</vAcc></extensions></trkpt>
      <trkpt lon="35.020825" lat="31.895464"><ele>249.393355</ele><time>2026-04-23T05:54:35Z</time><extensions><speed>3.081172</speed><course>294.892436</course><hAcc>1.725029</hAcc><vAcc>0.761509</vAcc></extensions></trkpt>
      <trkpt lon="35.020795" lat="31.895475"><ele>249.311565</ele><time>2026-04-23T05:54:36Z</time><extensions><speed>3.114680</speed><course>290.821635</course><hAcc>1.729583</hAcc><vAcc>0.760244</vAcc></extensions></trkpt>
      <trkpt lon="35.020764" lat="31.895484"><ele>249.224371</ele><time>2026-04-23T05:54:37Z</time><extensions><speed>3.015002</speed><course>288.000543</course><hAcc>1.731231</hAcc><vAcc>0.759242</vAcc></extensions></trkpt>
      <trkpt lon="35.020734" lat="31.895493"><ele>249.114025</ele><time>2026-04-23T05:54:38Z</time><extensions><speed>2.896272</speed><course>288.242858</course><hAcc>1.737657</hAcc><vAcc>0.758474</vAcc></extensions></trkpt>
      <trkpt lon="35.020706" lat="31.895502"><ele>249.013424</ele><time>2026-04-23T05:54:39Z</time><extensions><speed>2.720377</speed><course>292.109074</course><hAcc>1.753135</hAcc><vAcc>0.757903</vAcc></extensions></trkpt>
      <trkpt lon="35.020680" lat="31.895513"><ele>248.896384</ele><time>2026-04-23T05:54:40Z</time><extensions><speed>2.760702</speed><course>298.812118</course><hAcc>1.751095</hAcc><vAcc>0.757493</vAcc></extensions></trkpt>
      <trkpt lon="35.020654" lat="31.895526"><ele>248.766027</ele><time>2026-04-23T05:54:41Z</time><extensions><speed>2.856345</speed><course>302.672205</course><hAcc>1.752799</hAcc><vAcc>0.757207</vAcc></extensions></trkpt>
      <trkpt lon="35.020628" lat="31.895540"><ele>248.636631</ele><time>2026-04-23T05:54:42Z</time><extensions><speed>2.959072</speed><course>300.425672</course><hAcc>1.760997</hAcc><vAcc>0.757017</vAcc></extensions></trkpt>
      <trkpt lon="35.020600" lat="31.895553"><ele>248.513713</ele><time>2026-04-23T05:54:43Z</time><extensions><speed>3.052296</speed><course>298.823968</course><hAcc>1.766265</hAcc><vAcc>0.756895</vAcc></extensions></trkpt>
      <trkpt lon="35.020571" lat="31.895565"><ele>248.402043</ele><time>2026-04-23T05:54:44Z</time><extensions><speed>2.998780</speed><course>294.599584</course><hAcc>1.766302</hAcc><vAcc>0.756821</vAcc></extensions></trkpt>
      <trkpt lon="35.020543" lat="31.895576"><ele>248.281387</ele><time>2026-04-23T05:54:45Z</time><extensions><speed>2.854548</speed><course>293.569584</course><hAcc>1.765929</hAcc><vAcc>0.756780</vAcc></extensions></trkpt>
      <trkpt lon="35.020516" lat="31.895587"><ele>248.193433</ele><time>2026-04-23T05:54:46Z</time><extensions><speed>2.714849</speed><course>295.623106</course><hAcc>1.770911</hAcc><vAcc>0.756759</vAcc></extensions></trkpt>
      <trkpt lon="35.020490" lat="31.895598"><ele>248.113617</ele><time>2026-04-23T05:54:47Z</time><extensions><speed>2.795997</speed><course>298.481704</course><hAcc>1.768528</hAcc><vAcc>0.756750</vAcc></extensions></trkpt>
      <trkpt lon="35.020462" lat="31.895611"><ele>248.029294</ele><time>2026-04-23T05:54:48Z</time><extensions><speed>3.065442</speed><course>297.888242</course><hAcc>1.767118</hAcc><vAcc>0.756748</vAcc></extensions></trkpt>
      <trkpt lon="35.020430" lat="31.895624"><ele>247.950604</ele><time>2026-04-23T05:54:49Z</time><extensions><speed>3.556289</speed><course>295.412641</course><hAcc>1.767386</hAcc><vAcc>0.756749</vAcc></extensions></trkpt>
      <trkpt lon="35.020398" lat="31.895637"><ele>247.886245</ele><time>2026-04-23T05:54:50Z</time><extensions><speed>3.220094</speed><course>295.562480</course><hAcc>1.767743</hAcc><vAcc>0.756751</vAcc></extensions></trkpt>
      <trkpt lon="35.020368" lat="31.895650"><ele>247.822295</ele><time>2026-04-23T05:54:51Z</time><extensions><speed>3.091685</speed><course>297.142042</course><hAcc>1.760157</hAcc><vAcc>0.756752</vAcc></extensions></trkpt>
      <trkpt lon="35.020339" lat="31.895662"><ele>247.755133</ele><time>2026-04-23T05:54:52Z</time><extensions><speed>2.971480</speed><course>295.893257</course><hAcc>1.749939</hAcc><vAcc>0.756753</vAcc></extensions></trkpt>
      <trkpt lon="35.020311" lat="31.895674"><ele>247.704669</ele><time>2026-04-23T05:54:53Z</time><extensions><speed>2.869994</speed><course>295.803927</course><hAcc>1.739748</hAcc><vAcc>0.756753</vAcc></extensions></trkpt>
      <trkpt lon="35.020284" lat="31.895685"><ele>247.688005</ele><time>2026-04-23T05:54:54Z</time><extensions><speed>2.943194</speed><course>297.437649</course><hAcc>1.733108</hAcc><vAcc>0.756752</vAcc></extensions></trkpt>
      <trkpt lon="35.020256" lat="31.895698"><ele>247.658401</ele><time>2026-04-23T05:54:55Z</time><extensions><speed>2.953997</speed><course>296.637446</course><hAcc>1.724674</hAcc><vAcc>0.756750</vAcc></extensions></trkpt>
      <trkpt lon="35.020227" lat="31.895710"><ele>247.610950</ele><time>2026-04-23T05:54:56Z</time><extensions><speed>3.043453</speed><course>297.442921</course><hAcc>1.717732</hAcc><vAcc>0.756749</vAcc></extensions></trkpt>
      <trkpt lon="35.020198" lat="31.895723"><ele>247.574683</ele><time>2026-04-23T05:54:57Z</time><extensions><speed>3.183681</speed><course>296.811715</course><hAcc>1.714774</hAcc><vAcc>0.756747</vAcc></extensions></trkpt>
      <trkpt lon="35.020168" lat="31.895735"><ele>247.538832</ele><time>2026-04-23T05:54:58Z</time><extensions><speed>3.113920</speed><course>293.024141</course><hAcc>1.714592</hAcc><vAcc>0.756745</vAcc></extensions></trkpt>
      <trkpt lon="35.020137" lat="31.895745"><ele>247.480564</ele><time>2026-04-23T05:54:59Z</time><extensions><speed>3.168729</speed><course>289.337682</course><hAcc>1.717222</hAcc><vAcc>0.756743</vAcc></extensions></trkpt>
      <trkpt lon="35.020105" lat="31.895753"><ele>247.442061</ele><time>2026-04-23T05:55:00Z</time><extensions><speed>3.163640</speed><course>285.364635</course><hAcc>1.722178</hAcc><vAcc>0.756741</vAcc></extensions></trkpt>
      <trkpt lon="35.020073" lat="31.895760"><ele>247.395313</ele><time>2026-04-23T05:55:01Z</time><extensions><speed>3.076855</speed><course>285.110694</course><hAcc>1.730802</hAcc><vAcc>0.756740</vAcc></extensions></trkpt>
      <trkpt lon="35.020042" lat="31.895769"><ele>247.350582</ele><time>2026-04-23T05:55:02Z</time><extensions><speed>3.004687</speed><course>289.981276</course><hAcc>1.739387</hAcc><vAcc>0.756739</vAcc></extensions></trkpt>
      <trkpt lon="35.020014" lat="31.895779"><ele>247.297598</ele><time>2026-04-23T05:55:03Z</time><extensions><speed>2.833602</speed><course>296.299617</course><hAcc>1.744886</hAcc><vAcc>0.756738</vAcc></extensions></trkpt>
      <trkpt lon="35.019986" lat="31.895791"><ele>247.234128</ele><time>2026-04-23T05:55:04Z</time><extensions><speed>3.078442</speed><course>300.085595</course><hAcc>1.742248</hAcc><vAcc>0.756738</vAcc></extensions></trkpt>
      <trkpt lon="35.019957" lat="31.895805"><ele>247.145652</ele><time>2026-04-23T05:55:05Z</time><extensions><speed>3.212342</speed><course>298.605561</course><hAcc>1.735882</hAcc><vAcc>0.756737</vAcc></extensions></trkpt>
      <trkpt lon="35.019927" lat="31.895817"><ele>247.058332</ele><time>2026-04-23T05:55:06Z</time><extensions><speed>2.987484</speed><course>291.973160</course><hAcc>1.728140</hAcc><vAcc>0.756737</vAcc></extensions></trkpt>
      <trkpt lon="35.019898" lat="31.895825"><ele>246.934153</ele><time>2026-04-23T05:55:07Z</time><extensions><speed>2.817895</speed><course>285.571374</course><hAcc>1.718808</hAcc><vAcc>0.756737</vAcc></extensions></trkpt>
      <trkpt lon="35.019868" lat="31.895831"><ele>246.815211</ele><time>2026-04-23T05:55:08Z</time><extensions><speed>2.854640</speed><course>279.171472</course><hAcc>1.713634</hAcc><vAcc>0.756736</vAcc></extensions></trkpt>
      <trkpt lon="35.019838" lat="31.895834"><ele>246.683110</ele><time>2026-04-23T05:55:09Z</time><extensions><speed>2.911104</speed><course>273.971270</course><hAcc>1.711992</hAcc><vAcc>0.756736</vAcc></extensions></trkpt>
      <trkpt lon="35.019807" lat="31.895834"><ele>246.563723</ele><time>2026-04-23T05:55:10Z</time><extensions><speed>2.832121</speed><course>266.945116</course><hAcc>1.708487</hAcc><vAcc>0.756736</vAcc></extensions></trkpt>
      <trkpt lon="35.019777" lat="31.895831"><ele>246.418704</ele><time>2026-04-23T05:55:11Z</time><extensions><speed>2.838964</speed><course>262.650500</course><hAcc>1.707127</hAcc><vAcc>0.756736</vAcc></extensions></trkpt>
      <trkpt lon="35.019746" lat="31.895828"><ele>246.290496</ele><time>2026-04-23T05:55:12Z</time><extensions><speed>2.960387</speed><course>263.658606</course><hAcc>1.709496</hAcc><vAcc>0.756736</vAcc></extensions></trkpt>
      <trkpt lon="35.019715" lat="31.895825"><ele>246.097261</ele><time>2026-04-23T05:55:13Z</time><extensions><speed>3.025674</speed><course>263.086041</course><hAcc>1.708067</hAcc><vAcc>0.756736</vAcc></extensions></trkpt>
      <trkpt lon="35.019683" lat="31.895822"><ele>245.943864</ele><time>2026-04-23T05:55:14Z</time><extensions><speed>3.011067</speed><course>265.330323</course><hAcc>1.708447</hAcc><vAcc>0.756736</vAcc></extensions></trkpt>
      <trkpt lon="35.019651" lat="31.895821"><ele>245.785264</ele><time>2026-04-23T05:55:15Z</time><extensions><speed>3.046719</speed><course>269.902627</course><hAcc>1.708394</hAcc><vAcc>0.756736</vAcc></extensions></trkpt>
      <trkpt lon="35.019619" lat="31.895821"><ele>245.620667</ele><time>2026-04-23T05:55:16Z</time><extensions><speed>3.039154</speed><course>272.004446</course><hAcc>1.704322</hAcc><vAcc>0.756736</vAcc></extensions></trkpt>
      <trkpt lon="35.019587" lat="31.895822"><ele>245.481358</ele><time>2026-04-23T05:55:17Z</time><extensions><speed>2.984821</speed><course>270.402017</course><hAcc>1.696414</hAcc><vAcc>0.756736</vAcc></extensions></trkpt>
      <trkpt lon="35.019557" lat="31.895821"><ele>245.366617</ele><time>2026-04-23T05:55:18Z</time><extensions><speed>2.821483</speed><course>268.161265</course><hAcc>1.688436</hAcc><vAcc>0.756736</vAcc></extensions></trkpt>
      <trkpt lon="35.019527" lat="31.895819"><ele>245.232914</ele><time>2026-04-23T05:55:19Z</time><extensions><speed>2.874873</speed><course>260.478967</course><hAcc>1.685237</hAcc><vAcc>0.756736</vAcc></extensions></trkpt>
      <trkpt lon="35.019497" lat="31.895812"><ele>245.141653</ele><time>2026-04-23T05:55:20Z</time><extensions><speed>3.030014</speed><course>250.050839</course><hAcc>1.684750</hAcc><vAcc>0.756736</vAcc></extensions></trkpt>
      <trkpt lon="35.019466" lat="31.895801"><ele>245.056594</ele><time>2026-04-23T05:55:21Z</time><extensions><speed>3.156185</speed><course>245.390151</course><hAcc>1.682693</hAcc><vAcc>0.756736</vAcc></extensions></trkpt>
      <trkpt lon="35.019436" lat="31.895790"><ele>244.972504</ele><time>2026-04-23T05:55:22Z</time><extensions><speed>3.080783</speed><course>246.638939</course><hAcc>1.679787</hAcc><vAcc>0.756736</vAcc></extensions></trkpt>
      <trkpt lon="35.019407" lat="31.895781"><ele>244.899709</ele><time>2026-04-23T05:55:23Z</time><extensions><speed>2.842405</speed><course>253.153316</course><hAcc>1.684061</hAcc><vAcc>0.756736</vAcc></extensions></trkpt>
      <trkpt lon="35.019379" lat="31.895775"><ele>244.851863</ele><time>2026-04-23T05:55:24Z</time><extensions><speed>2.733434</speed><course>261.611172</course><hAcc>1.680275</hAcc><vAcc>0.756736</vAcc></extensions></trkpt>
      <trkpt lon="35.019350" lat="31.895773"><ele>244.802319</ele><time>2026-04-23T05:55:25Z</time><extensions><speed>2.712328</speed><course>266.847997</course><hAcc>1.670760</hAcc><vAcc>0.756736</vAcc></extensions></trkpt>
      <trkpt lon="35.019322" lat="31.895771"><ele>244.768287</ele><time>2026-04-23T05:55:26Z</time><extensions><speed>2.562648</speed><course>267.256706</course><hAcc>1.665313</hAcc><vAcc>0.756736</vAcc></extensions></trkpt>
      <trkpt lon="35.019295" lat="31.895771"><ele>244.746756</ele><time>2026-04-23T05:55:27Z</time><extensions><speed>2.578313</speed><course>268.131222</course><hAcc>1.660012</hAcc><vAcc>0.756736</vAcc></extensions></trkpt>
      <trkpt lon="35.019268" lat="31.895769"><ele>244.735408</ele><time>2026-04-23T05:55:28Z</time><extensions><speed>2.679165</speed><course>265.438132</course><hAcc>1.658477</hAcc><vAcc>0.756736</vAcc></extensions></trkpt>
      <trkpt lon="35.019239" lat="31.895767"><ele>244.704201</ele><time>2026-04-23T05:55:29Z</time><extensions><speed>2.845005</speed><course>263.983670</course><hAcc>1.658313</hAcc><vAcc>0.756736</vAcc></extensions></trkpt>
      <trkpt lon="35.019208" lat="31.895764"><ele>244.651559</ele><time>2026-04-23T05:55:30Z</time><extensions><speed>2.960611</speed><course>262.613976</course><hAcc>1.664593</hAcc><vAcc>0.756736</vAcc></extensions></trkpt>
      <trkpt lon="35.019177" lat="31.895760"><ele>244.594454</ele><time>2026-04-23T05:55:31Z</time><extensions><speed>2.998642</speed><course>260.127534</course><hAcc>1.678949</hAcc><vAcc>0.756736</vAcc></extensions></trkpt>
      <trkpt lon="35.019147" lat="31.895756"><ele>244.547632</ele><time>2026-04-23T05:55:32Z</time><extensions><speed>2.926695</speed><course>264.568725</course><hAcc>1.694966</hAcc><vAcc>0.756736</vAcc></extensions></trkpt>
      <trkpt lon="35.019116" lat="31.895756"><ele>244.484606</ele><time>2026-04-23T05:55:33Z</time><extensions><speed>2.955356</speed><course>271.867289</course><hAcc>1.706968</hAcc><vAcc>0.756811</vAcc></extensions></trkpt>
      <trkpt lon="35.019086" lat="31.895757"><ele>244.422166</ele><time>2026-04-23T05:55:34Z</time><extensions><speed>2.718591</speed><course>273.555106</course><hAcc>1.720448</hAcc><vAcc>0.757025</vAcc></extensions></trkpt>
      <trkpt lon="35.019057" lat="31.895759"><ele>244.334828</ele><time>2026-04-23T05:55:35Z</time><extensions><speed>2.716646</speed><course>277.104489</course><hAcc>1.734125</hAcc><vAcc>0.757264</vAcc></extensions></trkpt>
      <trkpt lon="35.019029" lat="31.895762"><ele>244.240501</ele><time>2026-04-23T05:55:36Z</time><extensions><speed>2.579061</speed><course>276.329784</course><hAcc>1.736522</hAcc><vAcc>0.757612</vAcc></extensions></trkpt>
      <trkpt lon="35.019003" lat="31.895764"><ele>244.179060</ele><time>2026-04-23T05:55:37Z</time><extensions><speed>2.469601</speed><course>272.642366</course><hAcc>1.731836</hAcc><vAcc>0.757909</vAcc></extensions></trkpt>
      <trkpt lon="35.018976" lat="31.895764"><ele>244.063597</ele><time>2026-04-23T05:55:38Z</time><extensions><speed>2.578679</speed><course>271.010858</course><hAcc>1.726627</hAcc><vAcc>0.758459</vAcc></extensions></trkpt>
      <trkpt lon="35.018948" lat="31.895765"><ele>243.907935</ele><time>2026-04-23T05:55:39Z</time><extensions><speed>2.855492</speed><course>271.357947</course><hAcc>1.723312</hAcc><vAcc>0.759178</vAcc></extensions></trkpt>
      <trkpt lon="35.018916" lat="31.895766"><ele>243.765843</ele><time>2026-04-23T05:55:40Z</time><extensions><speed>3.015961</speed><course>274.146965</course><hAcc>1.724396</hAcc><vAcc>0.759909</vAcc></extensions></trkpt>
      <trkpt lon="35.018886" lat="31.895768"><ele>243.618194</ele><time>2026-04-23T05:55:41Z</time><extensions><speed>2.716307</speed><course>274.161527</course><hAcc>1.716788</hAcc><vAcc>0.760661</vAcc></extensions></trkpt>
      <trkpt lon="35.018858" lat="31.895770"><ele>243.465936</ele><time>2026-04-23T05:55:42Z</time><extensions><speed>2.595090</speed><course>277.872852</course><hAcc>1.709103</hAcc><vAcc>0.761392</vAcc></extensions></trkpt>
      <trkpt lon="35.018830" lat="31.895774"><ele>243.298009</ele><time>2026-04-23T05:55:43Z</time><extensions><speed>2.869942</speed><course>279.761633</course><hAcc>1.704609</hAcc><vAcc>0.762091</vAcc></extensions></trkpt>
      <trkpt lon="35.018800" lat="31.895779"><ele>243.115214</ele><time>2026-04-23T05:55:44Z</time><extensions><speed>2.824983</speed><course>281.611801</course><hAcc>1.701140</hAcc><vAcc>0.762696</vAcc></extensions></trkpt>
      <trkpt lon="35.018771" lat="31.895783"><ele>242.925672</ele><time>2026-04-23T05:55:45Z</time><extensions><speed>2.732918</speed><course>279.617594</course><hAcc>1.693520</hAcc><vAcc>0.763152</vAcc></extensions></trkpt>
      <trkpt lon="35.018743" lat="31.895787"><ele>242.732355</ele><time>2026-04-23T05:55:46Z</time><extensions><speed>2.551865</speed><course>277.400218</course><hAcc>1.687634</hAcc><vAcc>0.763424</vAcc></extensions></trkpt>
      <trkpt lon="35.018717" lat="31.895790"><ele>242.548254</ele><time>2026-04-23T05:55:47Z</time><extensions><speed>2.471752</speed><course>278.127256</course><hAcc>1.686305</hAcc><vAcc>0.763496</vAcc></extensions></trkpt>
      <trkpt lon="35.018690" lat="31.895793"><ele>242.348369</ele><time>2026-04-23T05:55:48Z</time><extensions><speed>2.673482</speed><course>278.247375</course><hAcc>1.686559</hAcc><vAcc>0.763360</vAcc></extensions></trkpt>
      <trkpt lon="35.018662" lat="31.895796"><ele>242.166128</ele><time>2026-04-23T05:55:49Z</time><extensions><speed>2.707346</speed><course>275.746654</course><hAcc>1.681822</hAcc><vAcc>0.763156</vAcc></extensions></trkpt>
      <trkpt lon="35.018633" lat="31.895798"><ele>242.003515</ele><time>2026-04-23T05:55:50Z</time><extensions><speed>2.723097</speed><course>274.535302</course><hAcc>1.671829</hAcc><vAcc>0.762725</vAcc></extensions></trkpt>
      <trkpt lon="35.018606" lat="31.895799"><ele>241.844989</ele><time>2026-04-23T05:55:51Z</time><extensions><speed>2.499172</speed><course>272.108340</course><hAcc>1.664844</hAcc><vAcc>0.762546</vAcc></extensions></trkpt>
      <trkpt lon="35.018579" lat="31.895800"><ele>241.689506</ele><time>2026-04-23T05:55:52Z</time><extensions><speed>2.616471</speed><course>272.549561</course><hAcc>1.664124</hAcc><vAcc>0.762371</vAcc></extensions></trkpt>
      <trkpt lon="35.018550" lat="31.895802"><ele>241.543976</ele><time>2026-04-23T05:55:54Z</time><extensions><speed>2.811758</speed><course>273.944640</course><hAcc>1.662054</hAcc><vAcc>0.762683</vAcc></extensions></trkpt>
      <trkpt lon="35.018520" lat="31.895803"><ele>241.424212</ele><time>2026-04-23T05:55:55Z</time><extensions><speed>2.848886</speed><course>272.419200</course><hAcc>1.656232</hAcc><vAcc>0.763086</vAcc></extensions></trkpt>
      <trkpt lon="35.018490" lat="31.895804"><ele>241.329949</ele><time>2026-04-23T05:55:56Z</time><extensions><speed>2.930041</speed><course>272.064284</course><hAcc>1.647347</hAcc><vAcc>0.763471</vAcc></extensions></trkpt>
      <trkpt lon="35.018459" lat="31.895804"><ele>241.263726</ele><time>2026-04-23T05:55:57Z</time><extensions><speed>2.900329</speed><course>267.858677</course><hAcc>1.636491</hAcc><vAcc>0.764064</vAcc></extensions></trkpt>
      <trkpt lon="35.018428" lat="31.895803"><ele>241.243123</ele><time>2026-04-23T05:55:58Z</time><extensions><speed>2.922217</speed><course>264.606088</course><hAcc>1.630450</hAcc><vAcc>0.764829</vAcc></extensions></trkpt>
      <trkpt lon="35.018398" lat="31.895800"><ele>241.235342</ele><time>2026-04-23T05:55:59Z</time><extensions><speed>2.854899</speed><course>262.486545</course><hAcc>1.624577</hAcc><vAcc>0.765701</vAcc></extensions></trkpt>
      <trkpt lon="35.018369" lat="31.895796"><ele>241.212585</ele><time>2026-04-23T05:56:00Z</time><extensions><speed>2.657602</speed><course>261.490373</course><hAcc>1.617632</hAcc><vAcc>0.766579</vAcc></extensions></trkpt>
      <trkpt lon="35.018342" lat="31.895794"><ele>241.182989</ele><time>2026-04-23T05:56:01Z</time><extensions><speed>2.530270</speed><course>269.795016</course><hAcc>1.605918</hAcc><vAcc>0.767338</vAcc></extensions></trkpt>
      <trkpt lon="35.018315" lat="31.895797"><ele>241.197727</ele><time>2026-04-23T05:56:02Z</time><extensions><speed>2.619563</speed><course>286.778874</course><hAcc>1.596466</hAcc><vAcc>0.767844</vAcc></extensions></trkpt>
      <trkpt lon="35.018289" lat="31.895807"><ele>241.220981</ele><time>2026-04-23T05:56:03Z</time><extensions><speed>2.775532</speed><course>301.728769</course><hAcc>1.587607</hAcc><vAcc>0.767976</vAcc></extensions></trkpt>
      <trkpt lon="35.018265" lat="31.895823"><ele>241.240275</ele><time>2026-04-23T05:56:04Z</time><extensions><speed>3.084776</speed><course>311.935318</course><hAcc>1.578006</hAcc><vAcc>0.767665</vAcc></extensions></trkpt>
      <trkpt lon="35.018240" lat="31.895843"><ele>241.263110</ele><time>2026-04-23T05:56:05Z</time><extensions><speed>3.334228</speed><course>314.424091</course><hAcc>1.565969</hAcc><vAcc>0.766920</vAcc></extensions></trkpt>
      <trkpt lon="35.018214" lat="31.895864"><ele>241.304085</ele><time>2026-04-23T05:56:06Z</time><extensions><speed>3.401602</speed><course>312.106749</course><hAcc>1.553247</hAcc><vAcc>0.765841</vAcc></extensions></trkpt>
      <trkpt lon="35.018185" lat="31.895880"><ele>241.355152</ele><time>2026-04-23T05:56:07Z</time><extensions><speed>3.262082</speed><course>294.038506</course><hAcc>1.544159</hAcc><vAcc>0.764576</vAcc></extensions></trkpt>
      <trkpt lon="35.018154" lat="31.895888"><ele>241.403762</ele><time>2026-04-23T05:56:08Z</time><extensions><speed>3.065430</speed><course>276.301357</course><hAcc>1.534420</hAcc><vAcc>0.763264</vAcc></extensions></trkpt>
      <trkpt lon="35.018123" lat="31.895888"><ele>241.483290</ele><time>2026-04-23T05:56:09Z</time><extensions><speed>2.867781</speed><course>263.805947</course><hAcc>1.523428</hAcc><vAcc>0.762006</vAcc></extensions></trkpt>
      <trkpt lon="35.018094" lat="31.895883"><ele>241.568777</ele><time>2026-04-23T05:56:10Z</time><extensions><speed>2.652202</speed><course>253.963541</course><hAcc>1.519618</hAcc><vAcc>0.760867</vAcc></extensions></trkpt>
      <trkpt lon="35.018068" lat="31.895877"><ele>241.656800</ele><time>2026-04-23T05:56:11Z</time><extensions><speed>2.438142</speed><course>253.037212</course><hAcc>1.521330</hAcc><vAcc>0.759883</vAcc></extensions></trkpt>
      <trkpt lon="35.018042" lat="31.895872"><ele>241.752531</ele><time>2026-04-23T05:56:12Z</time><extensions><speed>2.590806</speed><course>264.375106</course><hAcc>1.514426</hAcc><vAcc>0.759066</vAcc></extensions></trkpt>
      <trkpt lon="35.018014" lat="31.895872"><ele>241.852129</ele><time>2026-04-23T05:56:13Z</time><extensions><speed>2.770448</speed><course>273.291972</course><hAcc>1.512222</hAcc><vAcc>0.758411</vAcc></extensions></trkpt>
      <trkpt lon="35.017986" lat="31.895874"><ele>241.951964</ele><time>2026-04-23T05:56:14Z</time><extensions><speed>2.608017</speed><course>274.849138</course><hAcc>1.521116</hAcc><vAcc>0.757903</vAcc></extensions></trkpt>
      <trkpt lon="35.017959" lat="31.895876"><ele>242.048480</ele><time>2026-04-23T05:56:15Z</time><extensions><speed>2.638758</speed><course>273.981365</course><hAcc>1.533294</hAcc><vAcc>0.757523</vAcc></extensions></trkpt>
      <trkpt lon="35.017931" lat="31.895877"><ele>242.167323</ele><time>2026-04-23T05:56:16Z</time><extensions><speed>2.609192</speed><course>275.314372</course><hAcc>1.541801</hAcc><vAcc>0.757247</vAcc></extensions></trkpt>
      <trkpt lon="35.017905" lat="31.895880"><ele>242.307622</ele><time>2026-04-23T05:56:17Z</time><extensions><speed>2.320281</speed><course>276.293547</course><hAcc>1.549683</hAcc><vAcc>0.757053</vAcc></extensions></trkpt>
      <trkpt lon="35.017880" lat="31.895882"><ele>242.460366</ele><time>2026-04-23T05:56:18Z</time><extensions><speed>2.359395</speed><course>279.745528</course><hAcc>1.562476</hAcc><vAcc>0.756923</vAcc></extensions></trkpt>
      <trkpt lon="35.017855" lat="31.895887"><ele>242.611658</ele><time>2026-04-23T05:56:19Z</time><extensions><speed>2.466889</speed><course>284.766594</course><hAcc>1.580101</hAcc><vAcc>0.756840</vAcc></extensions></trkpt>
      <trkpt lon="35.017829" lat="31.895893"><ele>242.773181</ele><time>2026-04-23T05:56:20Z</time><extensions><speed>2.622669</speed><course>285.930039</course><hAcc>1.592261</hAcc><vAcc>0.756789</vAcc></extensions></trkpt>
      <trkpt lon="35.017802" lat="31.895900"><ele>242.922498</ele><time>2026-04-23T05:56:21Z</time><extensions><speed>2.704033</speed><course>286.374896</course><hAcc>1.600923</hAcc><vAcc>0.756761</vAcc></extensions></trkpt>
      <trkpt lon="35.017774" lat="31.895906"><ele>243.079509</ele><time>2026-04-23T05:56:22Z</time><extensions><speed>2.774292</speed><course>285.684068</course><hAcc>1.612433</hAcc><vAcc>0.756746</vAcc></extensions></trkpt>
      <trkpt lon="35.017746" lat="31.895913"><ele>243.231421</ele><time>2026-04-23T05:56:23Z</time><extensions><speed>2.627881</speed><course>285.379044</course><hAcc>1.620969</hAcc><vAcc>0.756741</vAcc></extensions></trkpt>
      <trkpt lon="35.017719" lat="31.895918"><ele>243.374597</ele><time>2026-04-23T05:56:24Z</time><extensions><speed>2.603557</speed><course>280.658723</course><hAcc>1.626285</hAcc><vAcc>0.756740</vAcc></extensions></trkpt>
      <trkpt lon="35.017692" lat="31.895922"><ele>243.514572</ele><time>2026-04-23T05:56:25Z</time><extensions><speed>2.578643</speed><course>277.116713</course><hAcc>1.631218</hAcc><vAcc>0.756741</vAcc></extensions></trkpt>
      <trkpt lon="35.017664" lat="31.895924"><ele>243.659403</ele><time>2026-04-23T05:56:26Z</time><extensions><speed>2.749903</speed><course>272.343467</course><hAcc>1.636024</hAcc><vAcc>0.756743</vAcc></extensions></trkpt>
      <trkpt lon="35.017634" lat="31.895924"><ele>243.764956</ele><time>2026-04-23T05:56:27Z</time><extensions><speed>2.951022</speed><course>269.958169</course><hAcc>1.641059</hAcc><vAcc>0.756744</vAcc></extensions></trkpt>
      <trkpt lon="35.017602" lat="31.895923"><ele>243.878523</ele><time>2026-04-23T05:56:28Z</time><extensions><speed>3.068239</speed><course>265.635159</course><hAcc>1.644622</hAcc><vAcc>0.756745</vAcc></extensions></trkpt>
      <trkpt lon="35.017570" lat="31.895920"><ele>243.975857</ele><time>2026-04-23T05:56:29Z</time><extensions><speed>2.940952</speed><course>263.511052</course><hAcc>1.646210</hAcc><vAcc>0.757171</vAcc></extensions></trkpt>
      <trkpt lon="35.017539" lat="31.895917"><ele>244.052974</ele><time>2026-04-23T05:56:30Z</time><extensions><speed>2.968592</speed><course>264.159420</course><hAcc>1.646819</hAcc><vAcc>0.757979</vAcc></extensions></trkpt>
      <trkpt lon="35.017507" lat="31.895914"><ele>244.097984</ele><time>2026-04-23T05:56:31Z</time><extensions><speed>2.970382</speed><course>265.503639</course><hAcc>1.652017</hAcc><vAcc>0.758936</vAcc></extensions></trkpt>
      <trkpt lon="35.017476" lat="31.895913"><ele>244.140586</ele><time>2026-04-23T05:56:32Z</time><extensions><speed>2.927873</speed><course>267.772758</course><hAcc>1.656731</hAcc><vAcc>0.760468</vAcc></extensions></trkpt>
      <trkpt lon="35.017445" lat="31.895912"><ele>244.171598</ele><time>2026-04-23T05:56:33Z</time><extensions><speed>2.888610</speed><course>271.578653</course><hAcc>1.657256</hAcc><vAcc>0.762092</vAcc></extensions></trkpt>
      <trkpt lon="35.017415" lat="31.895913"><ele>244.172704</ele><time>2026-04-23T05:56:34Z</time><extensions><speed>2.869947</speed><course>271.942007</course><hAcc>1.657891</hAcc><vAcc>0.764320</vAcc></extensions></trkpt>
      <trkpt lon="35.017384" lat="31.895913"><ele>244.156301</ele><time>2026-04-23T05:56:35Z</time><extensions><speed>2.881980</speed><course>268.039735</course><hAcc>1.657141</hAcc><vAcc>0.767019</vAcc></extensions></trkpt>
      <trkpt lon="35.017354" lat="31.895911"><ele>244.129455</ele><time>2026-04-23T05:56:36Z</time><extensions><speed>2.981210</speed><course>263.133374</course><hAcc>1.653918</hAcc><vAcc>0.770565</vAcc></extensions></trkpt>
      <trkpt lon="35.017322" lat="31.895906"><ele>244.080026</ele><time>2026-04-23T05:56:37Z</time><extensions><speed>3.024179</speed><course>258.622365</course><hAcc>1.648743</hAcc><vAcc>0.774021</vAcc></extensions></trkpt>
      <trkpt lon="35.017291" lat="31.895900"><ele>244.020605</ele><time>2026-04-23T05:56:38Z</time><extensions><speed>3.039203</speed><course>255.170968</course><hAcc>1.638009</hAcc><vAcc>0.777506</vAcc></extensions></trkpt>
      <trkpt lon="35.017260" lat="31.895893"><ele>243.958640</ele><time>2026-04-23T05:56:38Z</time><extensions><speed>3.010664</speed><course>254.553151</course><hAcc>1.625326</hAcc><vAcc>0.780829</vAcc></extensions></trkpt>
      <trkpt lon="35.017230" lat="31.895886"><ele>243.894791</ele><time>2026-04-23T05:56:39Z</time><extensions><speed>2.894483</speed><course>252.779582</course><hAcc>1.611827</hAcc><vAcc>0.783613</vAcc></extensions></trkpt>
      <trkpt lon="35.017202" lat="31.895877"><ele>243.825053</ele><time>2026-04-23T05:56:40Z</time><extensions><speed>2.777142</speed><course>246.023453</course><hAcc>1.598643</hAcc><vAcc>0.785856</vAcc></extensions></trkpt>
      <trkpt lon="35.017176" lat="31.895866"><ele>243.774159</ele><time>2026-04-23T05:56:41Z</time><extensions><speed>2.674603</speed><course>242.358385</course><hAcc>1.588366</hAcc><vAcc>0.787406</vAcc></extensions></trkpt>
      <trkpt lon="35.017152" lat="31.895856"><ele>243.713868</ele><time>2026-04-23T05:56:42Z</time><extensions><speed>2.462674</speed><course>246.697119</course><hAcc>1.580322</hAcc><vAcc>0.788163</vAcc></extensions></trkpt>
      <trkpt lon="35.017128" lat="31.895849"><ele>243.651676</ele><time>2026-04-23T05:56:43Z</time><extensions><speed>2.280820</speed><course>257.033768</course><hAcc>1.573042</hAcc><vAcc>0.788076</vAcc></extensions></trkpt>
      <trkpt lon="35.017103" lat="31.895848"><ele>243.596708</ele><time>2026-04-23T05:56:44Z</time><extensions><speed>2.392553</speed><course>276.303664</course><hAcc>1.569215</hAcc><vAcc>0.787127</vAcc></extensions></trkpt>
      <trkpt lon="35.017078" lat="31.895853"><ele>243.563841</ele><time>2026-04-23T05:56:45Z</time><extensions><speed>2.611750</speed><course>289.658995</course><hAcc>1.561558</hAcc><vAcc>0.785340</vAcc></extensions></trkpt>
      <trkpt lon="35.017051" lat="31.895861"><ele>243.553359</ele><time>2026-04-23T05:56:46Z</time><extensions><speed>2.716967</speed><course>289.620507</course><hAcc>1.553656</hAcc><vAcc>0.782824</vAcc></extensions></trkpt>
      <trkpt lon="35.017023" lat="31.895868"><ele>243.541293</ele><time>2026-04-23T05:56:47Z</time><extensions><speed>2.793357</speed><course>282.389095</course><hAcc>1.542833</hAcc><vAcc>0.779782</vAcc></extensions></trkpt>
      <trkpt lon="35.016993" lat="31.895871"><ele>243.541183</ele><time>2026-04-23T05:56:48Z</time><extensions><speed>2.926049</speed><course>269.299149</course><hAcc>1.529081</hAcc><vAcc>0.776466</vAcc></extensions></trkpt>
      <trkpt lon="35.016962" lat="31.895869"><ele>243.514545</ele><time>2026-04-23T05:56:49Z</time><extensions><speed>2.962311</speed><course>262.663830</course><hAcc>1.521525</hAcc><vAcc>0.773120</vAcc></extensions></trkpt>
      <trkpt lon="35.016931" lat="31.895865"><ele>243.484525</ele><time>2026-04-23T05:56:50Z</time><extensions><speed>2.939825</speed><course>259.792133</course><hAcc>1.518299</hAcc><vAcc>0.769951</vAcc></extensions></trkpt>
      <trkpt lon="35.016900" lat="31.895861"><ele>243.473443</ele><time>2026-04-23T05:56:51Z</time><extensions><speed>2.997308</speed><course>263.917667</course><hAcc>1.514051</hAcc><vAcc>0.767102</vAcc></extensions></trkpt>
      <trkpt lon="35.016868" lat="31.895858"><ele>243.471856</ele><time>2026-04-23T05:56:52Z</time><extensions><speed>3.016728</speed><course>265.476906</course><hAcc>1.501826</hAcc><vAcc>0.764649</vAcc></extensions></trkpt>
      <trkpt lon="35.016837" lat="31.895856"><ele>243.489919</ele><time>2026-04-23T05:56:53Z</time><extensions><speed>2.914001</speed><course>263.031207</course><hAcc>1.490880</hAcc><vAcc>0.762613</vAcc></extensions></trkpt>
      <trkpt lon="35.016807" lat="31.895852"><ele>243.518646</ele><time>2026-04-23T05:56:54Z</time><extensions><speed>2.894840</speed><course>263.343733</course><hAcc>1.482949</hAcc><vAcc>0.760981</vAcc></extensions></trkpt>
      <trkpt lon="35.016776" lat="31.895850"><ele>243.543307</ele><time>2026-04-23T05:56:55Z</time><extensions><speed>2.807343</speed><course>266.446742</course><hAcc>1.479452</hAcc><vAcc>0.759715</vAcc></extensions></trkpt>
      <trkpt lon="35.016746" lat="31.895849"><ele>243.574631</ele><time>2026-04-23T05:56:56Z</time><extensions><speed>2.967658</speed><course>268.168205</course><hAcc>1.475404</hAcc><vAcc>0.758763</vAcc></extensions></trkpt>
      <trkpt lon="35.016714" lat="31.895848"><ele>243.585161</ele><time>2026-04-23T05:56:57Z</time><extensions><speed>3.159851</speed><course>269.184937</course><hAcc>1.466413</hAcc><vAcc>0.758069</vAcc></extensions></trkpt>
      <trkpt lon="35.016681" lat="31.895848"><ele>243.602364</ele><time>2026-04-23T05:56:58Z</time><extensions><speed>3.003769</speed><course>267.898152</course><hAcc>1.460502</hAcc><vAcc>0.757581</vAcc></extensions></trkpt>
      <trkpt lon="35.016650" lat="31.895846"><ele>243.617248</ele><time>2026-04-23T05:56:59Z</time><extensions><speed>2.806990</speed><course>265.335802</course><hAcc>1.461044</hAcc><vAcc>0.757249</vAcc></extensions></trkpt>
      <trkpt lon="35.016621" lat="31.895844"><ele>243.638078</ele><time>2026-04-23T05:57:00Z</time><extensions><speed>2.747246</speed><course>264.773744</course><hAcc>1.462758</hAcc><vAcc>0.757034</vAcc></extensions></trkpt>
      <trkpt lon="35.016591" lat="31.895842"><ele>243.660640</ele><time>2026-04-23T05:57:01Z</time><extensions><speed>2.933812</speed><course>265.455184</course><hAcc>1.462311</hAcc><vAcc>0.756900</vAcc></extensions></trkpt>
      <trkpt lon="35.016560" lat="31.895840"><ele>243.692135</ele><time>2026-04-23T05:57:02Z</time><extensions><speed>2.974682</speed><course>268.039770</course><hAcc>1.462874</hAcc><vAcc>0.756823</vAcc></extensions></trkpt>
      <trkpt lon="35.016529" lat="31.895839"><ele>243.707940</ele><time>2026-04-23T05:57:03Z</time><extensions><speed>2.885643</speed><course>268.717277</course><hAcc>1.465676</hAcc><vAcc>0.756781</vAcc></extensions></trkpt>
      <trkpt lon="35.016498" lat="31.895839"><ele>243.714551</ele><time>2026-04-23T05:57:04Z</time><extensions><speed>2.923766</speed><course>268.155020</course><hAcc>1.471886</hAcc><vAcc>0.756763</vAcc></extensions></trkpt>
      <trkpt lon="35.016467" lat="31.895838"><ele>243.724873</ele><time>2026-04-23T05:57:05Z</time><extensions><speed>2.862038</speed><course>268.340284</course><hAcc>1.477915</hAcc><vAcc>0.756756</vAcc></extensions></trkpt>
      <trkpt lon="35.016437" lat="31.895837"><ele>243.727345</ele><time>2026-04-23T05:57:06Z</time><extensions><speed>2.763480</speed><course>266.973797</course><hAcc>1.479856</hAcc><vAcc>0.756756</vAcc></extensions></trkpt>
      <trkpt lon="35.016409" lat="31.895835"><ele>243.728592</ele><time>2026-04-23T05:57:07Z</time><extensions><speed>2.693476</speed><course>262.845104</course><hAcc>1.485361</hAcc><vAcc>0.756758</vAcc></extensions></trkpt>
      <trkpt lon="35.016379" lat="31.895831"><ele>243.721923</ele><time>2026-04-23T05:57:08Z</time><extensions><speed>3.020574</speed><course>258.663395</course><hAcc>1.486784</hAcc><vAcc>0.756760</vAcc></extensions></trkpt>
      <trkpt lon="35.016347" lat="31.895825"><ele>243.707859</ele><time>2026-04-23T05:57:09Z</time><extensions><speed>3.155531</speed><course>257.611469</course><hAcc>1.492187</hAcc><vAcc>0.756761</vAcc></extensions></trkpt>
      <trkpt lon="35.016314" lat="31.895819"><ele>243.655078</ele><time>2026-04-23T05:57:10Z</time><extensions><speed>3.161013</speed><course>259.913741</course><hAcc>1.500961</hAcc><vAcc>0.756762</vAcc></extensions></trkpt>
      <trkpt lon="35.016281" lat="31.895814"><ele>243.600079</ele><time>2026-04-23T05:57:11Z</time><extensions><speed>3.157501</speed><course>260.190567</course><hAcc>1.500558</hAcc><vAcc>0.756760</vAcc></extensions></trkpt>
      <trkpt lon="35.016248" lat="31.895810"><ele>243.543914</ele><time>2026-04-23T05:57:12Z</time><extensions><speed>3.079029</speed><course>263.557073</course><hAcc>1.499948</hAcc><vAcc>0.756758</vAcc></extensions></trkpt>
      <trkpt lon="35.016216" lat="31.895808"><ele>243.468269</ele><time>2026-04-23T05:57:13Z</time><extensions><speed>2.983798</speed><course>267.238026</course><hAcc>1.500336</hAcc><vAcc>0.756756</vAcc></extensions></trkpt>
      <trkpt lon="35.016184" lat="31.895807"><ele>243.397745</ele><time>2026-04-23T05:57:14Z</time><extensions><speed>3.014118</speed><course>269.557201</course><hAcc>1.502687</hAcc><vAcc>0.756753</vAcc></extensions></trkpt>
      <trkpt lon="35.016153" lat="31.895808"><ele>243.331827</ele><time>2026-04-23T05:57:15Z</time><extensions><speed>2.859629</speed><course>271.421797</course><hAcc>1.505359</hAcc><vAcc>0.756750</vAcc></extensions></trkpt>
      <trkpt lon="35.016123" lat="31.895808"><ele>243.289114</ele><time>2026-04-23T05:57:16Z</time><extensions><speed>2.808472</speed><course>271.101689</course><hAcc>1.504710</hAcc><vAcc>0.756747</vAcc></extensions></trkpt>
      <trkpt lon="35.016093" lat="31.895808"><ele>243.230714</ele><time>2026-04-23T05:57:17Z</time><extensions><speed>2.914763</speed><course>270.180062</course><hAcc>1.504616</hAcc><vAcc>0.756745</vAcc></extensions></trkpt>
      <trkpt lon="35.016061" lat="31.895808"><ele>243.176375</ele><time>2026-04-23T05:57:18Z</time><extensions><speed>3.071555</speed><course>266.837098</course><hAcc>1.505816</hAcc><vAcc>0.756743</vAcc></extensions></trkpt>
      <trkpt lon="35.016029" lat="31.895805"><ele>243.129265</ele><time>2026-04-23T05:57:19Z</time><extensions><speed>3.041599</speed><course>261.310293</course><hAcc>1.506457</hAcc><vAcc>0.756741</vAcc></extensions></trkpt>
      <trkpt lon="35.015998" lat="31.895799"><ele>243.071537</ele><time>2026-04-23T05:57:20Z</time><extensions><speed>3.015875</speed><course>254.395098</course><hAcc>1.509732</hAcc><vAcc>0.756819</vAcc></extensions></trkpt>
      <trkpt lon="35.015967" lat="31.895792"><ele>243.005622</ele><time>2026-04-23T05:57:21Z</time><extensions><speed>3.089690</speed><course>256.024621</course><hAcc>1.508869</hAcc><vAcc>0.757533</vAcc></extensions></trkpt>
      <trkpt lon="35.015935" lat="31.895786"><ele>242.982450</ele><time>2026-04-23T05:57:22Z</time><extensions><speed>3.099973</speed><course>258.426058</course><hAcc>1.510215</hAcc><vAcc>0.758652</vAcc></extensions></trkpt>
      <trkpt lon="35.015903" lat="31.895781"><ele>242.958573</ele><time>2026-04-23T05:57:23Z</time><extensions><speed>3.062536</speed><course>258.510051</course><hAcc>1.515617</hAcc><vAcc>0.760008</vAcc></extensions></trkpt>
      <trkpt lon="35.015871" lat="31.895776"><ele>242.939767</ele><time>2026-04-23T05:57:24Z</time><extensions><speed>2.967172</speed><course>262.231207</course><hAcc>1.519406</hAcc><vAcc>0.761282</vAcc></extensions></trkpt>
      <trkpt lon="35.015840" lat="31.895773"><ele>242.920538</ele><time>2026-04-23T05:57:25Z</time><extensions><speed>2.956224</speed><course>266.487604</course><hAcc>1.526022</hAcc><vAcc>0.762611</vAcc></extensions></trkpt>
      <trkpt lon="35.015809" lat="31.895774"><ele>242.919685</ele><time>2026-04-23T05:57:26Z</time><extensions><speed>2.912782</speed><course>275.126203</course><hAcc>1.530832</hAcc><vAcc>0.764091</vAcc></extensions></trkpt>
      <trkpt lon="35.015779" lat="31.895778"><ele>242.920648</ele><time>2026-04-23T05:57:27Z</time><extensions><speed>2.987052</speed><course>283.001958</course><hAcc>1.532179</hAcc><vAcc>0.765679</vAcc></extensions></trkpt>
      <trkpt lon="35.015748" lat="31.895786"><ele>242.935090</ele><time>2026-04-23T05:57:28Z</time><extensions><speed>3.017157</speed><course>291.362936</course><hAcc>1.538841</hAcc><vAcc>0.767296</vAcc></extensions></trkpt>
      <trkpt lon="35.015720" lat="31.895797"><ele>242.973526</ele><time>2026-04-23T05:57:29Z</time><extensions><speed>2.946008</speed><course>299.656963</course><hAcc>1.543907</hAcc><vAcc>0.768822</vAcc></extensions></trkpt>
      <trkpt lon="35.015694" lat="31.895810"><ele>243.012464</ele><time>2026-04-23T05:57:30Z</time><extensions><speed>2.671749</speed><course>300.275874</course><hAcc>1.544926</hAcc><vAcc>0.770094</vAcc></extensions></trkpt>
      <trkpt lon="35.015670" lat="31.895821"><ele>243.056226</ele><time>2026-04-23T05:57:31Z</time><extensions><speed>2.551480</speed><course>299.153508</course><hAcc>1.544403</hAcc><vAcc>0.770911</vAcc></extensions></trkpt>
      <trkpt lon="35.015647" lat="31.895832"><ele>243.065618</ele><time>2026-04-23T05:57:32Z</time><extensions><speed>2.523564</speed><course>296.819072</course><hAcc>1.540038</hAcc><vAcc>0.771096</vAcc></extensions></trkpt>
      <trkpt lon="35.015622" lat="31.895840"><ele>243.066835</ele><time>2026-04-23T05:57:33Z</time><extensions><speed>2.551764</speed><course>284.054328</course><hAcc>1.529821</hAcc><vAcc>0.770593</vAcc></extensions></trkpt>
      <trkpt lon="35.015594" lat="31.895842"><ele>243.066234</ele><time>2026-04-23T05:57:34Z</time><extensions><speed>2.763118</speed><course>266.054153</course><hAcc>1.517221</hAcc><vAcc>0.769499</vAcc></extensions></trkpt>
      <trkpt lon="35.015565" lat="31.895836"><ele>243.056983</ele><time>2026-04-23T05:57:35Z</time><extensions><speed>2.935642</speed><course>248.867808</course><hAcc>1.509616</hAcc><vAcc>0.768009</vAcc></extensions></trkpt>
      <trkpt lon="35.015536" lat="31.895825"><ele>243.045105</ele><time>2026-04-23T05:57:36Z</time><extensions><speed>3.116683</speed><course>241.022145</course><hAcc>1.499785</hAcc><vAcc>0.766332</vAcc></extensions></trkpt>
      <trkpt lon="35.015508" lat="31.895811"><ele>243.025752</ele><time>2026-04-23T05:57:37Z</time><extensions><speed>2.971027</speed><course>238.809594</course><hAcc>1.486795</hAcc><vAcc>0.764636</vAcc></extensions></trkpt>
      <trkpt lon="35.015482" lat="31.895797"><ele>243.015581</ele><time>2026-04-23T05:57:38Z</time><extensions><speed>2.722738</speed><course>237.700697</course><hAcc>1.473933</hAcc><vAcc>0.763042</vAcc></extensions></trkpt>
      <trkpt lon="35.015459" lat="31.895785"><ele>243.003890</ele><time>2026-04-23T05:57:39Z</time><extensions><speed>2.462393</speed><course>237.417448</course><hAcc>1.469830</hAcc><vAcc>0.761623</vAcc></extensions></trkpt>
      <trkpt lon="35.015437" lat="31.895773"><ele>242.971550</ele><time>2026-04-23T05:57:40Z</time><extensions><speed>2.508212</speed><course>239.788892</course><hAcc>1.462021</hAcc><vAcc>0.760414</vAcc></extensions></trkpt>
      <trkpt lon="35.015413" lat="31.895762"><ele>242.940215</ele><time>2026-04-23T05:57:41Z</time><extensions><speed>2.632269</speed><course>240.591674</course><hAcc>1.452491</hAcc><vAcc>0.759424</vAcc></extensions></trkpt>
      <trkpt lon="35.015388" lat="31.895751"><ele>242.888180</ele><time>2026-04-23T05:57:42Z</time><extensions><speed>2.618441</speed><course>244.632950</course><hAcc>1.446090</hAcc><vAcc>0.758641</vAcc></extensions></trkpt>
      <trkpt lon="35.015362" lat="31.895742"><ele>242.812750</ele><time>2026-04-23T05:57:43Z</time><extensions><speed>2.784353</speed><course>251.203124</course><hAcc>1.442324</hAcc><vAcc>0.758042</vAcc></extensions></trkpt>
      <trkpt lon="35.015334" lat="31.895733"><ele>242.739963</ele><time>2026-04-23T05:57:44Z</time><extensions><speed>2.784982</speed><course>251.566333</course><hAcc>1.437062</hAcc><vAcc>0.757600</vAcc></extensions></trkpt>
      <trkpt lon="35.015306" lat="31.895725"><ele>242.654373</ele><time>2026-04-23T05:57:45Z</time><extensions><speed>2.822161</speed><course>251.114302</course><hAcc>1.431364</hAcc><vAcc>0.757284</vAcc></extensions></trkpt>
      <trkpt lon="35.015277" lat="31.895717"><ele>242.576171</ele><time>2026-04-23T05:57:46Z</time><extensions><speed>2.860504</speed><course>249.763794</course><hAcc>1.426727</hAcc><vAcc>0.757067</vAcc></extensions></trkpt>
      <trkpt lon="35.015249" lat="31.895708"><ele>242.507857</ele><time>2026-04-23T05:57:47Z</time><extensions><speed>2.787765</speed><course>249.120233</course><hAcc>1.423651</hAcc><vAcc>0.756924</vAcc></extensions></trkpt>
      <trkpt lon="35.015223" lat="31.895699"><ele>242.430185</ele><time>2026-04-23T05:57:48Z</time><extensions><speed>2.616329</speed><course>249.491722</course><hAcc>1.420157</hAcc><vAcc>0.756834</vAcc></extensions></trkpt>
      <trkpt lon="35.015196" lat="31.895691"><ele>242.371044</ele><time>2026-04-23T05:57:49Z</time><extensions><speed>2.641028</speed><course>252.735798</course><hAcc>1.419486</hAcc><vAcc>0.756785</vAcc></extensions></trkpt>
      <trkpt lon="35.015168" lat="31.895685"><ele>242.299590</ele><time>2026-04-23T05:57:50Z</time><extensions><speed>2.996762</speed><course>255.794040</course><hAcc>1.414710</hAcc><vAcc>0.756761</vAcc></extensions></trkpt>
      <trkpt lon="35.015136" lat="31.895678"><ele>242.229938</ele><time>2026-04-23T05:57:51Z</time><extensions><speed>3.177237</speed><course>257.303143</course><hAcc>1.409541</hAcc><vAcc>0.756753</vAcc></extensions></trkpt>
      <trkpt lon="35.015102" lat="31.895672"><ele>242.186382</ele><time>2026-04-23T05:57:52Z</time><extensions><speed>3.323690</speed><course>257.219061</course><hAcc>1.402884</hAcc><vAcc>0.756754</vAcc></extensions></trkpt>
      <trkpt lon="35.015068" lat="31.895665"><ele>242.136948</ele><time>2026-04-23T05:57:53Z</time><extensions><speed>3.280533</speed><course>255.906852</course><hAcc>1.400035</hAcc><vAcc>0.756761</vAcc></extensions></trkpt>
      <trkpt lon="35.015034" lat="31.895658"><ele>242.085468</ele><time>2026-04-23T05:57:54Z</time><extensions><speed>3.345208</speed><course>256.670881</course><hAcc>1.393600</hAcc><vAcc>0.756771</vAcc></extensions></trkpt>
      <trkpt lon="35.015002" lat="31.895650"><ele>242.018605</ele><time>2026-04-23T05:57:55Z</time><extensions><speed>3.027896</speed><course>253.477984</course><hAcc>1.387814</hAcc><vAcc>0.756782</vAcc></extensions></trkpt>
      <trkpt lon="35.014972" lat="31.895641"><ele>241.971662</ele><time>2026-04-23T05:57:56Z</time><extensions><speed>2.893612</speed><course>246.669472</course><hAcc>1.380356</hAcc><vAcc>0.756794</vAcc></extensions></trkpt>
      <trkpt lon="35.014944" lat="31.895629"><ele>241.911570</ele><time>2026-04-23T05:57:57Z</time><extensions><speed>3.031400</speed><course>240.751566</course><hAcc>1.386176</hAcc><vAcc>0.756809</vAcc></extensions></trkpt>
      <trkpt lon="35.014916" lat="31.895616"><ele>241.884398</ele><time>2026-04-23T05:57:58Z</time><extensions><speed>3.048434</speed><course>240.745449</course><hAcc>1.379735</hAcc><vAcc>0.756827</vAcc></extensions></trkpt>
      <trkpt lon="35.014887" lat="31.895604"><ele>241.873487</ele><time>2026-04-23T05:58:00Z</time><extensions><speed>2.986614</speed><course>246.115912</course><hAcc>1.379355</hAcc><vAcc>0.756835</vAcc></extensions></trkpt>
      <trkpt lon="35.014859" lat="31.895594"><ele>241.832302</ele><time>2026-04-23T05:58:01Z</time><extensions><speed>2.853843</speed><course>249.967672</course><hAcc>1.384323</hAcc><vAcc>0.756815</vAcc></extensions></trkpt>
      <trkpt lon="35.014830" lat="31.895585"><ele>241.792025</ele><time>2026-04-23T05:58:02Z</time><extensions><speed>2.884744</speed><course>251.571741</course><hAcc>1.385608</hAcc><vAcc>0.756800</vAcc></extensions></trkpt>
      <trkpt lon="35.014800" lat="31.895579"><ele>241.742083</ele><time>2026-04-23T05:58:03Z</time><extensions><speed>2.973202</speed><course>259.831885</course><hAcc>1.385705</hAcc><vAcc>0.756789</vAcc></extensions></trkpt>
      <trkpt lon="35.014768" lat="31.895575"><ele>241.698419</ele><time>2026-04-23T05:58:04Z</time><extensions><speed>3.188644</speed><course>263.678769</course><hAcc>1.390131</hAcc><vAcc>0.756779</vAcc></extensions></trkpt>
      <trkpt lon="35.014734" lat="31.895571"><ele>241.644411</ele><time>2026-04-23T05:58:05Z</time><extensions><speed>3.171643</speed><course>261.333324</course><hAcc>1.396441</hAcc><vAcc>0.756772</vAcc></extensions></trkpt>
      <trkpt lon="35.014701" lat="31.895567"><ele>241.587392</ele><time>2026-04-23T05:58:06Z</time><extensions><speed>3.121484</speed><course>261.432546</course><hAcc>1.396648</hAcc><vAcc>0.756766</vAcc></extensions></trkpt>
      <trkpt lon="35.014668" lat="31.895562"><ele>241.547711</ele><time>2026-04-23T05:58:07Z</time><extensions><speed>3.257028</speed><course>259.685203</course><hAcc>1.393589</hAcc><vAcc>0.756760</vAcc></extensions></trkpt>
      <trkpt lon="35.014634" lat="31.895556"><ele>241.496781</ele><time>2026-04-23T05:58:08Z</time><extensions><speed>3.261822</speed><course>256.904257</course><hAcc>1.391811</hAcc><vAcc>0.756756</vAcc></extensions></trkpt>
      <trkpt lon="35.014601" lat="31.895550"><ele>241.439302</ele><time>2026-04-23T05:58:09Z</time><extensions><speed>3.124235</speed><course>256.440752</course><hAcc>1.391984</hAcc><vAcc>0.756752</vAcc></extensions></trkpt>
      <trkpt lon="35.014570" lat="31.895544"><ele>241.415093</ele><time>2026-04-23T05:58:10Z</time><extensions><speed>3.002029</speed><course>258.493720</course><hAcc>1.396101</hAcc><vAcc>0.756749</vAcc></extensions></trkpt>
      <trkpt lon="35.014539" lat="31.895539"><ele>241.397269</ele><time>2026-04-23T05:58:11Z</time><extensions><speed>2.986668</speed><course>262.311353</course><hAcc>1.394128</hAcc><vAcc>0.756747</vAcc></extensions></trkpt>
      <trkpt lon="35.014507" lat="31.895536"><ele>241.372423</ele><time>2026-04-23T05:58:12Z</time><extensions><speed>2.980090</speed><course>264.836217</course><hAcc>1.391946</hAcc><vAcc>0.756745</vAcc></extensions></trkpt>
      <trkpt lon="35.014476" lat="31.895533"><ele>241.327053</ele><time>2026-04-23T05:58:13Z</time><extensions><speed>3.037126</speed><course>261.588033</course><hAcc>1.391435</hAcc><vAcc>0.756742</vAcc></extensions></trkpt>
      <trkpt lon="35.014446" lat="31.895528"><ele>241.290667</ele><time>2026-04-23T05:58:14Z</time><extensions><speed>2.755187</speed><course>254.771683</course><hAcc>1.381892</hAcc><vAcc>0.756741</vAcc></extensions></trkpt>
      <trkpt lon="35.014417" lat="31.895521"><ele>241.245238</ele><time>2026-04-23T05:58:15Z</time><extensions><speed>2.814551</speed><course>253.970918</course><hAcc>1.374594</hAcc><vAcc>0.756739</vAcc></extensions></trkpt>
      <trkpt lon="35.014388" lat="31.895515"><ele>241.187536</ele><time>2026-04-23T05:58:16Z</time><extensions><speed>2.954970</speed><course>258.558522</course><hAcc>1.373706</hAcc><vAcc>0.756738</vAcc></extensions></trkpt>
      <trkpt lon="35.014357" lat="31.895510"><ele>241.167613</ele><time>2026-04-23T05:58:17Z</time><extensions><speed>2.961174</speed><course>262.840329</course><hAcc>1.367707</hAcc><vAcc>0.756737</vAcc></extensions></trkpt>
      <trkpt lon="35.014325" lat="31.895507"><ele>241.122636</ele><time>2026-04-23T05:58:18Z</time><extensions><speed>2.998110</speed><course>263.885152</course><hAcc>1.363331</hAcc><vAcc>0.756737</vAcc></extensions></trkpt>
      <trkpt lon="35.014294" lat="31.895504"><ele>241.075671</ele><time>2026-04-23T05:58:19Z</time><extensions><speed>2.983678</speed><course>263.365429</course><hAcc>1.362164</hAcc><vAcc>0.756736</vAcc></extensions></trkpt>
      <trkpt lon="35.014264" lat="31.895501"><ele>241.016454</ele><time>2026-04-23T05:58:20Z</time><extensions><speed>2.757717</speed><course>259.869701</course><hAcc>1.367042</hAcc><vAcc>0.756736</vAcc></extensions></trkpt>
      <trkpt lon="35.014234" lat="31.895496"><ele>240.988244</ele><time>2026-04-23T05:58:21Z</time><extensions><speed>2.958188</speed><course>259.443083</course><hAcc>1.367431</hAcc><vAcc>0.756736</vAcc></extensions></trkpt>
      <trkpt lon="35.014202" lat="31.895491"><ele>240.967676</ele><time>2026-04-23T05:58:22Z</time><extensions><speed>3.168996</speed><course>261.138101</course><hAcc>1.371998</hAcc><vAcc>0.756735</vAcc></extensions></trkpt>
      <trkpt lon="35.014169" lat="31.895487"><ele>240.938038</ele><time>2026-04-23T05:58:23Z</time><extensions><speed>3.205622</speed><course>262.198038</course><hAcc>1.377821</hAcc><vAcc>0.756735</vAcc></extensions></trkpt>
      <trkpt lon="35.014135" lat="31.895483"><ele>240.904063</ele><time>2026-04-23T05:58:24Z</time><extensions><speed>3.164061</speed><course>262.144491</course><hAcc>1.380582</hAcc><vAcc>0.756735</vAcc></extensions></trkpt>
      <trkpt lon="35.014102" lat="31.895479"><ele>240.854846</ele><time>2026-04-23T05:58:25Z</time><extensions><speed>3.111701</speed><course>260.436846</course><hAcc>1.379772</hAcc><vAcc>0.756735</vAcc></extensions></trkpt>
      <trkpt lon="35.014070" lat="31.895475"><ele>240.829597</ele><time>2026-04-23T05:58:26Z</time><extensions><speed>3.055014</speed><course>263.807561</course><hAcc>1.379716</hAcc><vAcc>0.756735</vAcc></extensions></trkpt>
      <trkpt lon="35.014037" lat="31.895473"><ele>240.786638</ele><time>2026-04-23T05:58:27Z</time><extensions><speed>3.136412</speed><course>269.893023</course><hAcc>1.373538</hAcc><vAcc>0.756735</vAcc></extensions></trkpt>
      <trkpt lon="35.014004" lat="31.895475"><ele>240.756681</ele><time>2026-04-23T05:58:28Z</time><extensions><speed>3.135586</speed><course>278.519046</course><hAcc>1.372864</hAcc><vAcc>0.756735</vAcc></extensions></trkpt>
      <trkpt lon="35.013972" lat="31.895482"><ele>240.729531</ele><time>2026-04-23T05:58:29Z</time><extensions><speed>3.089253</speed><course>286.347530</course><hAcc>1.378018</hAcc><vAcc>0.756735</vAcc></extensions></trkpt>
      <trkpt lon="35.013941" lat="31.895489"><ele>240.695148</ele><time>2026-04-23T05:58:30Z</time><extensions><speed>3.055757</speed><course>284.771396</course><hAcc>1.376172</hAcc><vAcc>0.756735</vAcc></extensions></trkpt>
      <trkpt lon="35.013910" lat="31.895495"><ele>240.677829</ele><time>2026-04-23T05:58:31Z</time><extensions><speed>2.922548</speed><course>279.016797</course><hAcc>1.379343</hAcc><vAcc>0.756735</vAcc></extensions></trkpt>
      <trkpt lon="35.013880" lat="31.895496"><ele>240.658755</ele><time>2026-04-23T05:58:32Z</time><extensions><speed>2.752018</speed><course>268.827917</course><hAcc>1.383740</hAcc><vAcc>0.756735</vAcc></extensions></trkpt>
      <trkpt lon="35.013851" lat="31.895493"><ele>240.624408</ele><time>2026-04-23T05:58:33Z</time><extensions><speed>2.857356</speed><course>255.418269</course><hAcc>1.391887</hAcc><vAcc>0.756735</vAcc></extensions></trkpt>
      <trkpt lon="35.013821" lat="31.895484"><ele>240.567931</ele><time>2026-04-23T05:58:34Z</time><extensions><speed>3.157428</speed><course>248.373973</course><hAcc>1.391073</hAcc><vAcc>0.756735</vAcc></extensions></trkpt>
      <trkpt lon="35.013789" lat="31.895475"><ele>240.516134</ele><time>2026-04-23T05:58:35Z</time><extensions><speed>3.309586</speed><course>253.765948</course><hAcc>1.395782</hAcc><vAcc>0.756736</vAcc></extensions></trkpt>
      <trkpt lon="35.013754" lat="31.895468"><ele>240.456614</ele><time>2026-04-23T05:58:36Z</time><extensions><speed>3.339449</speed><course>258.235669</course><hAcc>1.399886</hAcc><vAcc>0.756736</vAcc></extensions></trkpt>
      <trkpt lon="35.013720" lat="31.895463"><ele>240.410960</ele><time>2026-04-23T05:58:37Z</time><extensions><speed>3.278774</speed><course>262.895198</course><hAcc>1.408800</hAcc><vAcc>0.756736</vAcc></extensions></trkpt>
      <trkpt lon="35.013686" lat="31.895460"><ele>240.368872</ele><time>2026-04-23T05:58:38Z</time><extensions><speed>3.152941</speed><course>266.497753</course><hAcc>1.416546</hAcc><vAcc>0.756736</vAcc></extensions></trkpt>
      <trkpt lon="35.013654" lat="31.895458"><ele>240.322935</ele><time>2026-04-23T05:58:39Z</time><extensions><speed>2.980263</speed><course>264.250107</course><hAcc>1.426191</hAcc><vAcc>0.756736</vAcc></extensions></trkpt>
      <trkpt lon="35.013623" lat="31.895455"><ele>240.251189</ele><time>2026-04-23T05:58:40Z</time><extensions><speed>2.926897</speed><course>265.098644</course><hAcc>1.431116</hAcc><vAcc>0.756736</vAcc></extensions></trkpt>
      <trkpt lon="35.013592" lat="31.895453"><ele>240.174328</ele><time>2026-04-23T05:58:40Z</time><extensions><speed>2.921308</speed><course>266.506500</course><hAcc>1.432550</hAcc><vAcc>0.756736</vAcc></extensions></trkpt>
      <trkpt lon="35.013560" lat="31.895452"><ele>240.096255</ele><time>2026-04-23T05:58:41Z</time><extensions><speed>3.021469</speed><course>268.128366</course><hAcc>1.437959</hAcc><vAcc>0.756736</vAcc></extensions></trkpt>
      <trkpt lon="35.013529" lat="31.895450"><ele>239.995578</ele><time>2026-04-23T05:58:42Z</time><extensions><speed>3.011092</speed><course>264.823803</course><hAcc>1.440388</hAcc><vAcc>0.756736</vAcc></extensions></trkpt>
      <trkpt lon="35.013496" lat="31.895447"><ele>239.869914</ele><time>2026-04-23T05:58:43Z</time><extensions><speed>3.172571</speed><course>261.135249</course><hAcc>1.443915</hAcc><vAcc>0.756736</vAcc></extensions></trkpt>
      <trkpt lon="35.013463" lat="31.895442"><ele>239.761682</ele><time>2026-04-23T05:58:44Z</time><extensions><speed>3.249124</speed><course>258.690749</course><hAcc>1.447795</hAcc><vAcc>0.756736</vAcc></extensions></trkpt>
      <trkpt lon="35.013430" lat="31.895435"><ele>239.672429</ele><time>2026-04-23T05:58:45Z</time><extensions><speed>3.262067</speed><course>254.666397</course><hAcc>1.457311</hAcc><vAcc>0.756736</vAcc></extensions></trkpt>
      <trkpt lon="35.013397" lat="31.895426"><ele>239.581181</ele><time>2026-04-23T05:58:46Z</time><extensions><speed>3.330415</speed><course>250.683745</course><hAcc>1.470403</hAcc><vAcc>0.756736</vAcc></extensions></trkpt>
      <trkpt lon="35.013366" lat="31.895415"><ele>239.491380</ele><time>2026-04-23T05:58:47Z</time><extensions><speed>3.045383</speed><course>241.350464</course><hAcc>1.484763</hAcc><vAcc>0.756736</vAcc></extensions></trkpt>
      <trkpt lon="35.013339" lat="31.895401"><ele>239.386156</ele><time>2026-04-23T05:58:48Z</time><extensions><speed>2.984241</speed><course>238.712296</course><hAcc>1.496924</hAcc><vAcc>0.756736</vAcc></extensions></trkpt>
      <trkpt lon="35.013310" lat="31.895388"><ele>239.278640</ele><time>2026-04-23T05:58:49Z</time><extensions><speed>3.074728</speed><course>245.374970</course><hAcc>1.515531</hAcc><vAcc>0.756736</vAcc></extensions></trkpt>
      <trkpt lon="35.013280" lat="31.895379"><ele>239.165449</ele><time>2026-04-23T05:58:50Z</time><extensions><speed>3.069580</speed><course>253.547346</course><hAcc>1.530169</hAcc><vAcc>0.756736</vAcc></extensions></trkpt>
      <trkpt lon="35.013247" lat="31.895373"><ele>239.059924</ele><time>2026-04-23T05:58:51Z</time><extensions><speed>3.440214</speed><course>262.675549</course><hAcc>1.546864</hAcc><vAcc>0.756736</vAcc></extensions></trkpt>
      <trkpt lon="35.013213" lat="31.895369"><ele>238.959065</ele><time>2026-04-23T05:58:52Z</time><extensions><speed>3.022336</speed><course>265.827464</course><hAcc>1.576569</hAcc><vAcc>0.756736</vAcc></extensions></trkpt>
      <trkpt lon="35.013182" lat="31.895368"><ele>238.844256</ele><time>2026-04-23T05:58:53Z</time><extensions><speed>2.763816</speed><course>266.704306</course><hAcc>1.604485</hAcc><vAcc>0.756736</vAcc></extensions></trkpt>
      <trkpt lon="35.013154" lat="31.895366"><ele>238.736849</ele><time>2026-04-23T05:58:54Z</time><extensions><speed>2.614766</speed><course>262.639026</course><hAcc>1.615283</hAcc><vAcc>0.756736</vAcc></extensions></trkpt>
      <trkpt lon="35.013127" lat="31.895363"><ele>238.631301</ele><time>2026-04-23T05:58:55Z</time><extensions><speed>2.599016</speed><course>266.638226</course><hAcc>1.634204</hAcc><vAcc>0.756736</vAcc></extensions></trkpt>
      <trkpt lon="35.013100" lat="31.895362"><ele>238.527599</ele><time>2026-04-23T05:58:56Z</time><extensions><speed>2.621530</speed><course>268.830057</course><hAcc>1.652381</hAcc><vAcc>0.756736</vAcc></extensions></trkpt>
      <trkpt lon="35.013071" lat="31.895362"><ele>238.391816</ele><time>2026-04-23T05:58:57Z</time><extensions><speed>2.683134</speed><course>270.661960</course><hAcc>1.665504</hAcc><vAcc>0.756736</vAcc></extensions></trkpt>
      <trkpt lon="35.013043" lat="31.895362"><ele>238.265660</ele><time>2026-04-23T05:58:58Z</time><extensions><speed>2.721442</speed><course>270.836496</course><hAcc>1.676738</hAcc><vAcc>0.756736</vAcc></extensions></trkpt>
      <trkpt lon="35.013015" lat="31.895362"><ele>238.128648</ele><time>2026-04-23T05:58:59Z</time><extensions><speed>2.748111</speed><course>268.832457</course><hAcc>1.679494</hAcc><vAcc>0.756736</vAcc></extensions></trkpt>
      <trkpt lon="35.012986" lat="31.895360"><ele>237.999323</ele><time>2026-04-23T05:59:00Z</time><extensions><speed>2.712494</speed><course>262.050498</course><hAcc>1.677395</hAcc><vAcc>0.756736</vAcc></extensions></trkpt>
      <trkpt lon="35.012956" lat="31.895357"><ele>237.868791</ele><time>2026-04-23T05:59:01Z</time><extensions><speed>2.903193</speed><course>264.153767</course><hAcc>1.671540</hAcc><vAcc>0.756736</vAcc></extensions></trkpt>
      <trkpt lon="35.012925" lat="31.895356"><ele>237.750872</ele><time>2026-04-23T05:59:02Z</time><extensions><speed>2.955980</speed><course>271.931011</course><hAcc>1.664813</hAcc><vAcc>0.756736</vAcc></extensions></trkpt>
      <trkpt lon="35.012895" lat="31.895359"><ele>237.639841</ele><time>2026-04-23T05:59:03Z</time><extensions><speed>2.952561</speed><course>283.224476</course><hAcc>1.661579</hAcc><vAcc>0.756736</vAcc></extensions></trkpt>
      <trkpt lon="35.012865" lat="31.895365"><ele>237.529682</ele><time>2026-04-23T05:59:04Z</time><extensions><speed>2.812123</speed><course>284.655685</course><hAcc>1.656065</hAcc><vAcc>0.756736</vAcc></extensions></trkpt>
      <trkpt lon="35.012835" lat="31.895371"><ele>237.423057</ele><time>2026-04-23T05:59:05Z</time><extensions><speed>3.003462</speed><course>279.881505</course><hAcc>1.655970</hAcc><vAcc>0.756736</vAcc></extensions></trkpt>
      <trkpt lon="35.012802" lat="31.895373"><ele>237.346886</ele><time>2026-04-23T05:59:06Z</time><extensions><speed>3.287972</speed><course>270.979412</course><hAcc>1.654852</hAcc><vAcc>0.756736</vAcc></extensions></trkpt>
      <trkpt lon="35.012767" lat="31.895372"><ele>237.246281</ele><time>2026-04-23T05:59:07Z</time><extensions><speed>3.380325</speed><course>262.841887</course><hAcc>1.649036</hAcc><vAcc>0.756736</vAcc></extensions></trkpt>
      <trkpt lon="35.012736" lat="31.895365"><ele>237.168975</ele><time>2026-04-23T05:59:08Z</time><extensions><speed>2.829314</speed><course>247.149811</course><hAcc>1.642633</hAcc><vAcc>0.756736</vAcc></extensions></trkpt>
      <trkpt lon="35.012712" lat="31.895355"><ele>237.109879</ele><time>2026-04-23T05:59:09Z</time><extensions><speed>2.387203</speed><course>242.954881</course><hAcc>1.640699</hAcc><vAcc>0.756736</vAcc></extensions></trkpt>
      <trkpt lon="35.012689" lat="31.895345"><ele>237.055358</ele><time>2026-04-23T05:59:10Z</time><extensions><speed>2.413851</speed><course>245.930009</course><hAcc>1.636956</hAcc><vAcc>0.756736</vAcc></extensions></trkpt>
      <trkpt lon="35.012665" lat="31.895338"><ele>237.031086</ele><time>2026-04-23T05:59:11Z</time><extensions><speed>2.506699</speed><course>253.463344</course><hAcc>1.629552</hAcc><vAcc>0.757081</vAcc></extensions></trkpt>
      <trkpt lon="35.012638" lat="31.895333"><ele>237.004879</ele><time>2026-04-23T05:59:12Z</time><extensions><speed>2.717050</speed><course>263.278766</course><hAcc>1.620185</hAcc><vAcc>0.757612</vAcc></extensions></trkpt>
      <trkpt lon="35.012609" lat="31.895332"><ele>236.988799</ele><time>2026-04-23T05:59:13Z</time><extensions><speed>2.711512</speed><course>270.767380</course><hAcc>1.614436</hAcc><vAcc>0.758362</vAcc></extensions></trkpt>
      <trkpt lon="35.012582" lat="31.895332"><ele>236.952316</ele><time>2026-04-23T05:59:14Z</time><extensions><speed>2.455205</speed><course>273.225956</course><hAcc>1.611489</hAcc><vAcc>0.759287</vAcc></extensions></trkpt>
      <trkpt lon="35.012556" lat="31.895334"><ele>236.934045</ele><time>2026-04-23T05:59:15Z</time><extensions><speed>2.513273</speed><course>275.358332</course><hAcc>1.604767</hAcc><vAcc>0.760108</vAcc></extensions></trkpt>
      <trkpt lon="35.012529" lat="31.895337"><ele>236.909739</ele><time>2026-04-23T05:59:16Z</time><extensions><speed>2.577627</speed><course>278.567898</course><hAcc>1.605268</hAcc><vAcc>0.761031</vAcc></extensions></trkpt>
      <trkpt lon="35.012503" lat="31.895339"><ele>236.909621</ele><time>2026-04-23T05:59:17Z</time><extensions><speed>2.353140</speed><course>272.409219</course><hAcc>1.611985</hAcc><vAcc>0.762039</vAcc></extensions></trkpt>
      <trkpt lon="35.012479" lat="31.895340"><ele>236.881718</ele><time>2026-04-23T05:59:18Z</time><extensions><speed>2.246762</speed><course>274.761708</course><hAcc>1.618350</hAcc><vAcc>0.763091</vAcc></extensions></trkpt>
      <trkpt lon="35.012454" lat="31.895343"><ele>236.870267</ele><time>2026-04-23T05:59:19Z</time><extensions><speed>2.508673</speed><course>276.964749</course><hAcc>1.630945</hAcc><vAcc>0.764122</vAcc></extensions></trkpt>
      <trkpt lon="35.012426" lat="31.895346"><ele>236.875535</ele><time>2026-04-23T05:59:20Z</time><extensions><speed>2.756579</speed><course>278.030721</course><hAcc>1.645172</hAcc><vAcc>0.765037</vAcc></extensions></trkpt>
      <trkpt lon="35.012397" lat="31.895349"><ele>236.865115</ele><time>2026-04-23T05:59:21Z</time><extensions><speed>2.734488</speed><course>278.253739</course><hAcc>1.659386</hAcc><vAcc>0.765714</vAcc></extensions></trkpt>
      <trkpt lon="35.012367" lat="31.895353"><ele>236.862787</ele><time>2026-04-23T05:59:22Z</time><extensions><speed>2.837154</speed><course>278.700998</course><hAcc>1.668711</hAcc><vAcc>0.766033</vAcc></extensions></trkpt>
      <trkpt lon="35.012337" lat="31.895357"><ele>236.838080</ele><time>2026-04-23T05:59:23Z</time><extensions><speed>2.872131</speed><course>278.065433</course><hAcc>1.677255</hAcc><vAcc>0.765923</vAcc></extensions></trkpt>
      <trkpt lon="35.012308" lat="31.895361"><ele>236.803244</ele><time>2026-04-23T05:59:24Z</time><extensions><speed>2.634708</speed><course>278.912322</course><hAcc>1.686032</hAcc><vAcc>0.765399</vAcc></extensions></trkpt>
      <trkpt lon="35.012279" lat="31.895365"><ele>236.775641</ele><time>2026-04-23T05:59:25Z</time><extensions><speed>2.765407</speed><course>280.517660</course><hAcc>1.676778</hAcc><vAcc>0.764551</vAcc></extensions></trkpt>
      <trkpt lon="35.012249" lat="31.895371"><ele>236.755479</ele><time>2026-04-23T05:59:26Z</time><extensions><speed>3.059464</speed><course>284.564471</course><hAcc>1.671777</hAcc><vAcc>0.763579</vAcc></extensions></trkpt>
      <trkpt lon="35.012218" lat="31.895379"><ele>236.717208</ele><time>2026-04-23T05:59:27Z</time><extensions><speed>3.036250</speed><course>288.085699</course><hAcc>1.674024</hAcc><vAcc>0.762508</vAcc></extensions></trkpt>
      <trkpt lon="35.012187" lat="31.895389"><ele>236.658307</ele><time>2026-04-23T05:59:28Z</time><extensions><speed>3.100401</speed><course>291.498509</course><hAcc>1.675127</hAcc><vAcc>0.761472</vAcc></extensions></trkpt>
      <trkpt lon="35.012156" lat="31.895400"><ele>236.636227</ele><time>2026-04-23T05:59:29Z</time><extensions><speed>3.283284</speed><course>293.287401</course><hAcc>1.670930</hAcc><vAcc>0.760534</vAcc></extensions></trkpt>
      <trkpt lon="35.012122" lat="31.895412"><ele>236.618854</ele><time>2026-04-23T05:59:30Z</time><extensions><speed>3.521220</speed><course>290.889164</course><hAcc>1.669228</hAcc><vAcc>0.759729</vAcc></extensions></trkpt>
      <trkpt lon="35.012087" lat="31.895423"><ele>236.563758</ele><time>2026-04-23T05:59:31Z</time><extensions><speed>3.608136</speed><course>290.214493</course><hAcc>1.666588</hAcc><vAcc>0.759068</vAcc></extensions></trkpt>
      <trkpt lon="35.012052" lat="31.895435"><ele>236.513993</ele><time>2026-04-23T05:59:32Z</time><extensions><speed>3.462009</speed><course>292.188015</course><hAcc>1.659909</hAcc><vAcc>0.758547</vAcc></extensions></trkpt>
      <trkpt lon="35.012019" lat="31.895447"><ele>236.427625</ele><time>2026-04-23T05:59:33Z</time><extensions><speed>3.237399</speed><course>295.179025</course><hAcc>1.655230</hAcc><vAcc>0.758181</vAcc></extensions></trkpt>
      <trkpt lon="35.011988" lat="31.895460"><ele>236.347892</ele><time>2026-04-23T05:59:34Z</time><extensions><speed>3.188571</speed><course>297.463706</course><hAcc>1.647922</hAcc><vAcc>0.757947</vAcc></extensions></trkpt>
      <trkpt lon="35.011958" lat="31.895474"><ele>236.282874</ele><time>2026-04-23T05:59:35Z</time><extensions><speed>3.304629</speed><course>299.219922</course><hAcc>1.640054</hAcc><vAcc>0.757847</vAcc></extensions></trkpt>
      <trkpt lon="35.011929" lat="31.895490"><ele>236.205145</ele><time>2026-04-23T05:59:36Z</time><extensions><speed>3.361738</speed><course>306.473751</course><hAcc>1.629651</hAcc><vAcc>0.758106</vAcc></extensions></trkpt>
      <trkpt lon="35.011901" lat="31.895508"><ele>236.126037</ele><time>2026-04-23T05:59:37Z</time><extensions><speed>3.220988</speed><course>309.853685</course><hAcc>1.618329</hAcc><vAcc>0.758533</vAcc></extensions></trkpt>
      <trkpt lon="35.011875" lat="31.895526"><ele>236.040399</ele><time>2026-04-23T05:59:38Z</time><extensions><speed>3.028861</speed><course>308.354988</course><hAcc>1.612979</hAcc><vAcc>0.759450</vAcc></extensions></trkpt>
      <trkpt lon="35.011850" lat="31.895542"><ele>235.936695</ele><time>2026-04-23T05:59:39Z</time><extensions><speed>3.043141</speed><course>305.789355</course><hAcc>1.600208</hAcc><vAcc>0.760818</vAcc></extensions></trkpt>
      <trkpt lon="35.011823" lat="31.895558"><ele>235.845237</ele><time>2026-04-23T05:59:40Z</time><extensions><speed>3.170941</speed><course>304.489911</course><hAcc>1.591478</hAcc><vAcc>0.762035</vAcc></extensions></trkpt>
      <trkpt lon="35.011793" lat="31.895575"><ele>235.727662</ele><time>2026-04-23T05:59:41Z</time><extensions><speed>3.438106</speed><course>302.570887</course><hAcc>1.588922</hAcc><vAcc>0.763940</vAcc></extensions></trkpt>
      <trkpt lon="35.011762" lat="31.895591"><ele>235.596806</ele><time>2026-04-23T05:59:42Z</time><extensions><speed>3.359749</speed><course>299.448630</course><hAcc>1.587812</hAcc><vAcc>0.765587</vAcc></extensions></trkpt>
      <trkpt lon="35.011731" lat="31.895605"><ele>235.479686</ele><time>2026-04-23T05:59:43Z</time><extensions><speed>3.313516</speed><course>296.727910</course><hAcc>1.590538</hAcc><vAcc>0.767911</vAcc></extensions></trkpt>
      <trkpt lon="35.011701" lat="31.895619"><ele>235.361392</ele><time>2026-04-23T05:59:44Z</time><extensions><speed>3.166123</speed><course>299.741059</course><hAcc>1.588052</hAcc><vAcc>0.769894</vAcc></extensions></trkpt>
      <trkpt lon="35.011674" lat="31.895634"><ele>235.263103</ele><time>2026-04-23T05:59:45Z</time><extensions><speed>2.924841</speed><course>305.977450</course><hAcc>1.593586</hAcc><vAcc>0.771813</vAcc></extensions></trkpt>
      <trkpt lon="35.011649" lat="31.895649"><ele>235.159850</ele><time>2026-04-23T05:59:46Z</time><extensions><speed>2.843781</speed><course>307.653054</course><hAcc>1.598747</hAcc><vAcc>0.773851</vAcc></extensions></trkpt>
      <trkpt lon="35.011626" lat="31.895665"><ele>235.073710</ele><time>2026-04-23T05:59:47Z</time><extensions><speed>2.789941</speed><course>306.988918</course><hAcc>1.600161</hAcc><vAcc>0.775651</vAcc></extensions></trkpt>
      <trkpt lon="35.011602" lat="31.895680"><ele>234.966272</ele><time>2026-04-23T05:59:48Z</time><extensions><speed>2.876452</speed><course>305.030634</course><hAcc>1.595971</hAcc><vAcc>0.776731</vAcc></extensions></trkpt>
      <trkpt lon="35.011577" lat="31.895694"><ele>234.876434</ele><time>2026-04-23T05:59:49Z</time><extensions><speed>2.822404</speed><course>304.391976</course><hAcc>1.596449</hAcc><vAcc>0.777483</vAcc></extensions></trkpt>
      <trkpt lon="35.011551" lat="31.895709"><ele>234.779552</ele><time>2026-04-23T05:59:50Z</time><extensions><speed>3.036939</speed><course>305.027782</course><hAcc>1.595061</hAcc><vAcc>0.777989</vAcc></extensions></trkpt>
      <trkpt lon="35.011524" lat="31.895726"><ele>234.690201</ele><time>2026-04-23T05:59:51Z</time><extensions><speed>3.290985</speed><course>305.238960</course><hAcc>1.598060</hAcc><vAcc>0.778818</vAcc></extensions></trkpt>
      <trkpt lon="35.011496" lat="31.895743"><ele>234.622871</ele><time>2026-04-23T05:59:52Z</time><extensions><speed>3.300376</speed><course>306.030725</course><hAcc>1.597584</hAcc><vAcc>0.778564</vAcc></extensions></trkpt>
      <trkpt lon="35.011469" lat="31.895762"><ele>234.576179</ele><time>2026-04-23T05:59:53Z</time><extensions><speed>3.267681</speed><course>311.185447</course><hAcc>1.596368</hAcc><vAcc>0.778467</vAcc></extensions></trkpt>
      <trkpt lon="35.011444" lat="31.895782"><ele>234.535212</ele><time>2026-04-23T05:59:54Z</time><extensions><speed>3.259616</speed><course>315.607839</course><hAcc>1.590676</hAcc><vAcc>0.778785</vAcc></extensions></trkpt>
      <trkpt lon="35.011421" lat="31.895803"><ele>234.504431</ele><time>2026-04-23T05:59:55Z</time><extensions><speed>3.182964</speed><course>321.763539</course><hAcc>1.587486</hAcc><vAcc>0.779322</vAcc></extensions></trkpt>
      <trkpt lon="35.011402" lat="31.895825"><ele>234.474491</ele><time>2026-04-23T05:59:56Z</time><extensions><speed>2.885324</speed><course>324.884329</course><hAcc>1.585563</hAcc><vAcc>0.779775</vAcc></extensions></trkpt>
      <trkpt lon="35.011385" lat="31.895847"><ele>234.492393</ele><time>2026-04-23T05:59:57Z</time><extensions><speed>2.874623</speed><course>328.918816</course><hAcc>1.580114</hAcc><vAcc>0.780152</vAcc></extensions></trkpt>
      <trkpt lon="35.011369" lat="31.895869"><ele>234.505034</ele><time>2026-04-23T05:59:58Z</time><extensions><speed>2.971568</speed><course>327.047987</course><hAcc>1.572380</hAcc><vAcc>0.780699</vAcc></extensions></trkpt>
      <trkpt lon="35.011350" lat="31.895892"><ele>234.516911</ele><time>2026-04-23T05:59:59Z</time><extensions><speed>3.097008</speed><course>322.352970</course><hAcc>1.565953</hAcc><vAcc>0.781336</vAcc></extensions></trkpt>
      <trkpt lon="35.011329" lat="31.895914"><ele>234.501984</ele><time>2026-04-23T06:00:00Z</time><extensions><speed>3.224862</speed><course>320.621165</course><hAcc>1.564778</hAcc><vAcc>0.781935</vAcc></extensions></trkpt>
      <trkpt lon="35.011306" lat="31.895936"><ele>234.505108</ele><time>2026-04-23T06:00:01Z</time><extensions><speed>3.263790</speed><course>315.237666</course><hAcc>1.565579</hAcc><vAcc>0.782197</vAcc></extensions></trkpt>
      <trkpt lon="35.011282" lat="31.895956"><ele>234.478750</ele><time>2026-04-23T06:00:02Z</time><extensions><speed>3.181973</speed><course>312.697782</course><hAcc>1.567112</hAcc><vAcc>0.782173</vAcc></extensions></trkpt>
      <trkpt lon="35.011259" lat="31.895974"><ele>234.487221</ele><time>2026-04-23T06:00:03Z</time><extensions><speed>2.809099</speed><course>312.508812</course><hAcc>1.578689</hAcc><vAcc>0.782085</vAcc></extensions></trkpt>
      <trkpt lon="35.011238" lat="31.895991"><ele>234.484978</ele><time>2026-04-23T06:00:04Z</time><extensions><speed>2.622819</speed><course>314.600456</course><hAcc>1.589899</hAcc><vAcc>0.782173</vAcc></extensions></trkpt>
      <trkpt lon="35.011218" lat="31.896008"><ele>234.482201</ele><time>2026-04-23T06:00:06Z</time><extensions><speed>2.641183</speed><course>317.601918</course><hAcc>1.595847</hAcc><vAcc>0.782015</vAcc></extensions></trkpt>
      <trkpt lon="35.011199" lat="31.896027"><ele>234.496602</ele><time>2026-04-23T06:00:07Z</time><extensions><speed>2.810879</speed><course>319.313354</course><hAcc>1.605439</hAcc><vAcc>0.781291</vAcc></extensions></trkpt>
      <trkpt lon="35.011179" lat="31.896047"><ele>234.493815</ele><time>2026-04-23T06:00:08Z</time><extensions><speed>2.942199</speed><course>320.536068</course><hAcc>1.617226</hAcc><vAcc>0.780656</vAcc></extensions></trkpt>
      <trkpt lon="35.011160" lat="31.896068"><ele>234.487747</ele><time>2026-04-23T06:00:09Z</time><extensions><speed>3.058398</speed><course>323.258013</course><hAcc>1.629747</hAcc><vAcc>0.780445</vAcc></extensions></trkpt>
      <trkpt lon="35.011142" lat="31.896091"><ele>234.468256</ele><time>2026-04-23T06:00:10Z</time><extensions><speed>2.962160</speed><course>326.355831</course><hAcc>1.642900</hAcc><vAcc>0.780807</vAcc></extensions></trkpt>
      <trkpt lon="35.011125" lat="31.896113"><ele>234.454171</ele><time>2026-04-23T06:00:11Z</time><extensions><speed>2.965902</speed><course>328.282654</course><hAcc>1.660809</hAcc><vAcc>0.781510</vAcc></extensions></trkpt>
      <trkpt lon="35.011109" lat="31.896136"><ele>234.415239</ele><time>2026-04-23T06:00:12Z</time><extensions><speed>2.878469</speed><course>328.441992</course><hAcc>1.674644</hAcc><vAcc>0.782671</vAcc></extensions></trkpt>
      <trkpt lon="35.011092" lat="31.896158"><ele>234.398544</ele><time>2026-04-23T06:00:13Z</time><extensions><speed>2.966799</speed><course>326.811970</course><hAcc>1.698010</hAcc><vAcc>0.784273</vAcc></extensions></trkpt>
      <trkpt lon="35.011075" lat="31.896179"><ele>234.356955</ele><time>2026-04-23T06:00:14Z</time><extensions><speed>2.808931</speed><course>325.028924</course><hAcc>1.718527</hAcc><vAcc>0.786488</vAcc></extensions></trkpt>
      <trkpt lon="35.011056" lat="31.896199"><ele>234.341520</ele><time>2026-04-23T06:00:15Z</time><extensions><speed>2.892477</speed><course>315.822350</course><hAcc>1.732965</hAcc><vAcc>0.788078</vAcc></extensions></trkpt>
      <trkpt lon="35.011032" lat="31.896217"><ele>234.339681</ele><time>2026-04-23T06:00:16Z</time><extensions><speed>3.234926</speed><course>308.557330</course><hAcc>1.743878</hAcc><vAcc>0.789166</vAcc></extensions></trkpt>
      <trkpt lon="35.011003" lat="31.896236"><ele>234.322950</ele><time>2026-04-23T06:00:17Z</time><extensions><speed>3.556669</speed><course>306.566553</course><hAcc>1.748696</hAcc><vAcc>0.790364</vAcc></extensions></trkpt>
      <trkpt lon="35.010975" lat="31.896257"><ele>234.296699</ele><time>2026-04-23T06:00:18Z</time><extensions><speed>3.537494</speed><course>314.504863</course><hAcc>1.752864</hAcc><vAcc>0.792126</vAcc></extensions></trkpt>
      <trkpt lon="35.010951" lat="31.896281"><ele>234.290765</ele><time>2026-04-23T06:00:19Z</time><extensions><speed>3.526204</speed><course>326.182570</course><hAcc>1.756473</hAcc><vAcc>0.794451</vAcc></extensions></trkpt>
      <trkpt lon="35.010931" lat="31.896307"><ele>234.289310</ele><time>2026-04-23T06:00:20Z</time><extensions><speed>3.286313</speed><course>326.223223</course><hAcc>1.754076</hAcc><vAcc>0.796818</vAcc></extensions></trkpt>
      <trkpt lon="35.010911" lat="31.896332"><ele>234.286988</ele><time>2026-04-23T06:00:21Z</time><extensions><speed>3.284651</speed><course>326.079411</course><hAcc>1.741487</hAcc><vAcc>0.799182</vAcc></extensions></trkpt>
      <trkpt lon="35.010893" lat="31.896356"><ele>234.302814</ele><time>2026-04-23T06:00:22Z</time><extensions><speed>3.135815</speed><course>326.362357</course><hAcc>1.730027</hAcc><vAcc>0.801590</vAcc></extensions></trkpt>
      <trkpt lon="35.010875" lat="31.896379"><ele>234.355409</ele><time>2026-04-23T06:00:23Z</time><extensions><speed>3.070555</speed><course>329.401539</course><hAcc>1.719425</hAcc><vAcc>0.803673</vAcc></extensions></trkpt>
      <trkpt lon="35.010860" lat="31.896403"><ele>234.361911</ele><time>2026-04-23T06:00:24Z</time><extensions><speed>3.027315</speed><course>334.980579</course><hAcc>1.709781</hAcc><vAcc>0.805466</vAcc></extensions></trkpt>
      <trkpt lon="35.010847" lat="31.896428"><ele>234.343053</ele><time>2026-04-23T06:00:25Z</time><extensions><speed>2.924918</speed><course>336.603028</course><hAcc>1.701028</hAcc><vAcc>0.807098</vAcc></extensions></trkpt>
      <trkpt lon="35.010834" lat="31.896451"><ele>234.295338</ele><time>2026-04-23T06:00:26Z</time><extensions><speed>2.839252</speed><course>331.188840</course><hAcc>1.702459</hAcc><vAcc>0.809429</vAcc></extensions></trkpt>
      <trkpt lon="35.010817" lat="31.896473"><ele>234.288729</ele><time>2026-04-23T06:00:27Z</time><extensions><speed>3.059331</speed><course>325.313736</course><hAcc>1.694662</hAcc><vAcc>0.812150</vAcc></extensions></trkpt>
      <trkpt lon="35.010797" lat="31.896496"><ele>234.259200</ele><time>2026-04-23T06:00:28Z</time><extensions><speed>3.133882</speed><course>320.339395</course><hAcc>1.690617</hAcc><vAcc>0.815260</vAcc></extensions></trkpt>
      <trkpt lon="35.010777" lat="31.896517"><ele>234.248889</ele><time>2026-04-23T06:00:29Z</time><extensions><speed>2.936354</speed><course>319.251397</course><hAcc>1.688211</hAcc><vAcc>0.818329</vAcc></extensions></trkpt>
      <trkpt lon="35.010756" lat="31.896537"><ele>234.220193</ele><time>2026-04-23T06:00:30Z</time><extensions><speed>2.946798</speed><course>318.123903</course><hAcc>1.683078</hAcc><vAcc>0.820391</vAcc></extensions></trkpt>
      <trkpt lon="35.010734" lat="31.896557"><ele>234.192239</ele><time>2026-04-23T06:00:31Z</time><extensions><speed>3.152689</speed><course>314.899426</course><hAcc>1.674882</hAcc><vAcc>0.822287</vAcc></extensions></trkpt>
      <trkpt lon="35.010710" lat="31.896576"><ele>234.154583</ele><time>2026-04-23T06:00:32Z</time><extensions><speed>3.063363</speed><course>313.966793</course><hAcc>1.668757</hAcc><vAcc>0.823747</vAcc></extensions></trkpt>
      <trkpt lon="35.010689" lat="31.896594"><ele>234.096012</ele><time>2026-04-23T06:00:33Z</time><extensions><speed>2.717209</speed><course>316.108171</course><hAcc>1.665185</hAcc><vAcc>0.824217</vAcc></extensions></trkpt>
      <trkpt lon="35.010670" lat="31.896613"><ele>234.033367</ele><time>2026-04-23T06:00:34Z</time><extensions><speed>2.600946</speed><course>322.242529</course><hAcc>1.661124</hAcc><vAcc>0.823821</vAcc></extensions></trkpt>
      <trkpt lon="35.010654" lat="31.896630"><ele>233.939464</ele><time>2026-04-23T06:00:35Z</time><extensions><speed>2.345969</speed><course>323.786458</course><hAcc>1.669760</hAcc><vAcc>0.823436</vAcc></extensions></trkpt>
      <trkpt lon="35.010640" lat="31.896649"><ele>233.838738</ele><time>2026-04-23T06:00:36Z</time><extensions><speed>2.597241</speed><course>328.152110</course><hAcc>1.668647</hAcc><vAcc>0.822241</vAcc></extensions></trkpt>
      <trkpt lon="35.010625" lat="31.896671"><ele>233.760486</ele><time>2026-04-23T06:00:37Z</time><extensions><speed>2.924907</speed><course>330.976694</course><hAcc>1.658483</hAcc><vAcc>0.820726</vAcc></extensions></trkpt>
      <trkpt lon="35.010610" lat="31.896695"><ele>233.662315</ele><time>2026-04-23T06:00:38Z</time><extensions><speed>3.090496</speed><course>333.646828</course><hAcc>1.655655</hAcc><vAcc>0.818466</vAcc></extensions></trkpt>
      <trkpt lon="35.010597" lat="31.896719"><ele>233.570776</ele><time>2026-04-23T06:00:39Z</time><extensions><speed>2.764043</speed><course>337.424198</course><hAcc>1.658169</hAcc><vAcc>0.815441</vAcc></extensions></trkpt>
      <trkpt lon="35.010586" lat="31.896741"><ele>233.453486</ele><time>2026-04-23T06:00:40Z</time><extensions><speed>2.629707</speed><course>335.630958</course><hAcc>1.655403</hAcc><vAcc>0.812415</vAcc></extensions></trkpt>
      <trkpt lon="35.010572" lat="31.896762"><ele>233.338775</ele><time>2026-04-23T06:00:41Z</time><extensions><speed>2.666494</speed><course>326.239675</course><hAcc>1.654330</hAcc><vAcc>0.809512</vAcc></extensions></trkpt>
      <trkpt lon="35.010555" lat="31.896781"><ele>233.213493</ele><time>2026-04-23T06:00:42Z</time><extensions><speed>2.589601</speed><course>319.221261</course><hAcc>1.653117</hAcc><vAcc>0.806679</vAcc></extensions></trkpt>
      <trkpt lon="35.010537" lat="31.896799"><ele>233.090181</ele><time>2026-04-23T06:00:43Z</time><extensions><speed>2.513545</speed><course>317.998411</course><hAcc>1.655136</hAcc><vAcc>0.803624</vAcc></extensions></trkpt>
      <trkpt lon="35.010518" lat="31.896817"><ele>232.978509</ele><time>2026-04-23T06:00:44Z</time><extensions><speed>2.824389</speed><course>321.597161</course><hAcc>1.657846</hAcc><vAcc>0.800782</vAcc></extensions></trkpt>
      <trkpt lon="35.010500" lat="31.896838"><ele>232.843178</ele><time>2026-04-23T06:00:45Z</time><extensions><speed>2.911711</speed><course>324.151058</course><hAcc>1.662055</hAcc><vAcc>0.798107</vAcc></extensions></trkpt>
      <trkpt lon="35.010481" lat="31.896860"><ele>232.731022</ele><time>2026-04-23T06:00:45Z</time><extensions><speed>3.135666</speed><course>324.858313</course><hAcc>1.659594</hAcc><vAcc>0.795853</vAcc></extensions></trkpt>
      <trkpt lon="35.010462" lat="31.896883"><ele>232.656632</ele><time>2026-04-23T06:00:46Z</time><extensions><speed>3.096726</speed><course>322.419577</course><hAcc>1.656860</hAcc><vAcc>0.793514</vAcc></extensions></trkpt>
      <trkpt lon="35.010441" lat="31.896904"><ele>232.568475</ele><time>2026-04-23T06:00:47Z</time><extensions><speed>2.986976</speed><course>320.366075</course><hAcc>1.658902</hAcc><vAcc>0.791447</vAcc></extensions></trkpt>
      <trkpt lon="35.010421" lat="31.896925"><ele>232.507024</ele><time>2026-04-23T06:00:48Z</time><extensions><speed>3.020346</speed><course>319.840055</course><hAcc>1.660975</hAcc><vAcc>0.789139</vAcc></extensions></trkpt>
      <trkpt lon="35.010400" lat="31.896946"><ele>232.424070</ele><time>2026-04-23T06:00:49Z</time><extensions><speed>3.154671</speed><course>319.436031</course><hAcc>1.659075</hAcc><vAcc>0.786627</vAcc></extensions></trkpt>
      <trkpt lon="35.010378" lat="31.896967"><ele>232.351224</ele><time>2026-04-23T06:00:50Z</time><extensions><speed>3.030585</speed><course>317.185121</course><hAcc>1.654130</hAcc><vAcc>0.784058</vAcc></extensions></trkpt>
      <trkpt lon="35.010357" lat="31.896986"><ele>232.303575</ele><time>2026-04-23T06:00:51Z</time><extensions><speed>2.787739</speed><course>317.172196</course><hAcc>1.646864</hAcc><vAcc>0.781608</vAcc></extensions></trkpt>
      <trkpt lon="35.010338" lat="31.897006"><ele>232.255853</ele><time>2026-04-23T06:00:52Z</time><extensions><speed>3.020964</speed><course>321.969343</course><hAcc>1.641832</hAcc><vAcc>0.779444</vAcc></extensions></trkpt>
      <trkpt lon="35.010318" lat="31.897029"><ele>232.220212</ele><time>2026-04-23T06:00:53Z</time><extensions><speed>3.380196</speed><course>328.342248</course><hAcc>1.635621</hAcc><vAcc>0.777914</vAcc></extensions></trkpt>
      <trkpt lon="35.010300" lat="31.897056"><ele>232.201254</ele><time>2026-04-23T06:00:54Z</time><extensions><speed>3.458108</speed><course>331.147298</course><hAcc>1.626901</hAcc><vAcc>0.776819</vAcc></extensions></trkpt>
      <trkpt lon="35.010281" lat="31.897081"><ele>232.208038</ele><time>2026-04-23T06:00:55Z</time><extensions><speed>3.288941</speed><course>321.971824</course><hAcc>1.619530</hAcc><vAcc>0.776387</vAcc></extensions></trkpt>
      <trkpt lon="35.010258" lat="31.897104"><ele>232.172669</ele><time>2026-04-23T06:00:56Z</time><extensions><speed>3.173730</speed><course>317.118391</course><hAcc>1.612303</hAcc><vAcc>0.776299</vAcc></extensions></trkpt>
      <trkpt lon="35.010236" lat="31.897125"><ele>232.165896</ele><time>2026-04-23T06:00:57Z</time><extensions><speed>3.007762</speed><course>318.684844</course><hAcc>1.608590</hAcc><vAcc>0.776524</vAcc></extensions></trkpt>
      <trkpt lon="35.010215" lat="31.897145"><ele>232.157710</ele><time>2026-04-23T06:00:58Z</time><extensions><speed>2.964888</speed><course>319.266905</course><hAcc>1.603927</hAcc><vAcc>0.777209</vAcc></extensions></trkpt>
      <trkpt lon="35.010194" lat="31.897166"><ele>232.144225</ele><time>2026-04-23T06:00:59Z</time><extensions><speed>3.017447</speed><course>318.722220</course><hAcc>1.600599</hAcc><vAcc>0.778063</vAcc></extensions></trkpt>
      <trkpt lon="35.010174" lat="31.897187"><ele>232.127351</ele><time>2026-04-23T06:01:00Z</time><extensions><speed>2.847149</speed><course>322.969165</course><hAcc>1.601831</hAcc><vAcc>0.779283</vAcc></extensions></trkpt>
      <trkpt lon="35.010157" lat="31.897207"><ele>232.101285</ele><time>2026-04-23T06:01:01Z</time><extensions><speed>2.652588</speed><course>328.508649</course><hAcc>1.606786</hAcc><vAcc>0.780345</vAcc></extensions></trkpt>
      <trkpt lon="35.010142" lat="31.897227"><ele>232.068285</ele><time>2026-04-23T06:01:02Z</time><extensions><speed>2.472737</speed><course>326.091319</course><hAcc>1.609336</hAcc><vAcc>0.781423</vAcc></extensions></trkpt>
      <trkpt lon="35.010127" lat="31.897245"><ele>232.054154</ele><time>2026-04-23T06:01:03Z</time><extensions><speed>2.412664</speed><course>322.644174</course><hAcc>1.614244</hAcc><vAcc>0.782755</vAcc></extensions></trkpt>
      <trkpt lon="35.010110" lat="31.897263"><ele>232.033642</ele><time>2026-04-23T06:01:04Z</time><extensions><speed>2.578935</speed><course>320.296482</course><hAcc>1.622034</hAcc><vAcc>0.784059</vAcc></extensions></trkpt>
      <trkpt lon="35.010091" lat="31.897281"><ele>231.989516</ele><time>2026-04-23T06:01:05Z</time><extensions><speed>2.855885</speed><course>317.403011</course><hAcc>1.622135</hAcc><vAcc>0.784884</vAcc></extensions></trkpt>
      <trkpt lon="35.010069" lat="31.897301"><ele>231.945925</ele><time>2026-04-23T06:01:06Z</time><extensions><speed>3.174064</speed><course>314.178124</course><hAcc>1.620173</hAcc><vAcc>0.785538</vAcc></extensions></trkpt>
      <trkpt lon="35.010043" lat="31.897322"><ele>231.904255</ele><time>2026-04-23T06:01:07Z</time><extensions><speed>3.560838</speed><course>312.582946</course><hAcc>1.617022</hAcc><vAcc>0.786303</vAcc></extensions></trkpt>
      <trkpt lon="35.010014" lat="31.897344"><ele>231.874529</ele><time>2026-04-23T06:01:08Z</time><extensions><speed>3.743377</speed><course>313.075806</course><hAcc>1.619259</hAcc><vAcc>0.786995</vAcc></extensions></trkpt>
      <trkpt lon="35.009986" lat="31.897368"><ele>231.847061</ele><time>2026-04-23T06:01:09Z</time><extensions><speed>3.747621</speed><course>314.375520</course><hAcc>1.616309</hAcc><vAcc>0.787395</vAcc></extensions></trkpt>
      <trkpt lon="35.009958" lat="31.897392"><ele>231.809044</ele><time>2026-04-23T06:01:10Z</time><extensions><speed>3.657292</speed><course>317.604518</course><hAcc>1.610319</hAcc><vAcc>0.787320</vAcc></extensions></trkpt>
      <trkpt lon="35.009934" lat="31.897416"><ele>231.775520</ele><time>2026-04-23T06:01:11Z</time><extensions><speed>3.492588</speed><course>320.764418</course><hAcc>1.609792</hAcc><vAcc>0.787291</vAcc></extensions></trkpt>
      <trkpt lon="35.009911" lat="31.897441"><ele>231.752623</ele><time>2026-04-23T06:01:12Z</time><extensions><speed>3.368136</speed><course>322.079697</course><hAcc>1.611866</hAcc><vAcc>0.787747</vAcc></extensions></trkpt>
      <trkpt lon="35.009889" lat="31.897464"><ele>231.672266</ele><time>2026-04-23T06:01:13Z</time><extensions><speed>3.330700</speed><course>320.460753</course><hAcc>1.606057</hAcc><vAcc>0.788217</vAcc></extensions></trkpt>
      <trkpt lon="35.009867" lat="31.897487"><ele>231.630661</ele><time>2026-04-23T06:01:14Z</time><extensions><speed>3.236252</speed><course>320.988327</course><hAcc>1.598690</hAcc><vAcc>0.789013</vAcc></extensions></trkpt>
      <trkpt lon="35.009846" lat="31.897510"><ele>231.586064</ele><time>2026-04-23T06:01:15Z</time><extensions><speed>3.086194</speed><course>320.446319</course><hAcc>1.589880</hAcc><vAcc>0.789446</vAcc></extensions></trkpt>
      <trkpt lon="35.009825" lat="31.897531"><ele>231.529281</ele><time>2026-04-23T06:01:16Z</time><extensions><speed>3.082525</speed><course>319.377180</course><hAcc>1.582514</hAcc><vAcc>0.789205</vAcc></extensions></trkpt>
      <trkpt lon="35.009803" lat="31.897553"><ele>231.474899</ele><time>2026-04-23T06:01:17Z</time><extensions><speed>3.261192</speed><course>321.155254</course><hAcc>1.573826</hAcc><vAcc>0.788532</vAcc></extensions></trkpt>
      <trkpt lon="35.009782" lat="31.897576"><ele>231.386591</ele><time>2026-04-23T06:01:18Z</time><extensions><speed>3.299954</speed><course>324.021095</course><hAcc>1.565453</hAcc><vAcc>0.787436</vAcc></extensions></trkpt>
      <trkpt lon="35.009763" lat="31.897600"><ele>231.296338</ele><time>2026-04-23T06:01:19Z</time><extensions><speed>3.044455</speed><course>325.880116</course><hAcc>1.554367</hAcc><vAcc>0.785762</vAcc></extensions></trkpt>
      <trkpt lon="35.009745" lat="31.897622"><ele>231.183549</ele><time>2026-04-23T06:01:20Z</time><extensions><speed>2.954631</speed><course>327.242585</course><hAcc>1.538981</hAcc><vAcc>0.783901</vAcc></extensions></trkpt>
      <trkpt lon="35.009729" lat="31.897644"><ele>231.076805</ele><time>2026-04-23T06:01:21Z</time><extensions><speed>2.811633</speed><course>327.730674</course><hAcc>1.529634</hAcc><vAcc>0.781826</vAcc></extensions></trkpt>
      <trkpt lon="35.009713" lat="31.897666"><ele>230.943312</ele><time>2026-04-23T06:01:22Z</time><extensions><speed>2.748297</speed><course>328.556708</course><hAcc>1.521033</hAcc><vAcc>0.779706</vAcc></extensions></trkpt>
      <trkpt lon="35.009698" lat="31.897686"><ele>230.819484</ele><time>2026-04-23T06:01:23Z</time><extensions><speed>2.640202</speed><course>328.144689</course><hAcc>1.521082</hAcc><vAcc>0.777554</vAcc></extensions></trkpt>
      <trkpt lon="35.009682" lat="31.897706"><ele>230.689577</ele><time>2026-04-23T06:01:24Z</time><extensions><speed>2.714911</speed><course>322.953311</course><hAcc>1.506757</hAcc><vAcc>0.775356</vAcc></extensions></trkpt>
      <trkpt lon="35.009664" lat="31.897727"><ele>230.563446</ele><time>2026-04-23T06:01:25Z</time><extensions><speed>2.965026</speed><course>321.754910</course><hAcc>1.493991</hAcc><vAcc>0.773115</vAcc></extensions></trkpt>
      <trkpt lon="35.009644" lat="31.897748"><ele>230.458022</ele><time>2026-04-23T06:01:26Z</time><extensions><speed>3.007501</speed><course>320.776396</course><hAcc>1.482597</hAcc><vAcc>0.770885</vAcc></extensions></trkpt>
      <trkpt lon="35.009624" lat="31.897768"><ele>230.339506</ele><time>2026-04-23T06:01:27Z</time><extensions><speed>2.934202</speed><course>317.589588</course><hAcc>1.476932</hAcc><vAcc>0.768745</vAcc></extensions></trkpt>
      <trkpt lon="35.009602" lat="31.897787"><ele>230.216195</ele><time>2026-04-23T06:01:28Z</time><extensions><speed>2.924629</speed><course>316.486099</course><hAcc>1.466963</hAcc><vAcc>0.766750</vAcc></extensions></trkpt>
      <trkpt lon="35.009580" lat="31.897807"><ele>230.108787</ele><time>2026-04-23T06:01:29Z</time><extensions><speed>3.083941</speed><course>315.630252</course><hAcc>1.453895</hAcc><vAcc>0.764935</vAcc></extensions></trkpt>
      <trkpt lon="35.009558" lat="31.897827"><ele>230.001441</ele><time>2026-04-23T06:01:30Z</time><extensions><speed>3.049414</speed><course>319.042811</course><hAcc>1.445901</hAcc><vAcc>0.763319</vAcc></extensions></trkpt>
      <trkpt lon="35.009538" lat="31.897848"><ele>229.896166</ele><time>2026-04-23T06:01:31Z</time><extensions><speed>2.973604</speed><course>323.302620</course><hAcc>1.434874</hAcc><vAcc>0.761913</vAcc></extensions></trkpt>
      <trkpt lon="35.009520" lat="31.897870"><ele>229.802659</ele><time>2026-04-23T06:01:32Z</time><extensions><speed>2.972054</speed><course>322.515601</course><hAcc>1.420882</hAcc><vAcc>0.760722</vAcc></extensions></trkpt>
      <trkpt lon="35.009500" lat="31.897891"><ele>229.702911</ele><time>2026-04-23T06:01:33Z</time><extensions><speed>3.028425</speed><course>320.713176</course><hAcc>1.407905</hAcc><vAcc>0.759740</vAcc></extensions></trkpt>
      <trkpt lon="35.009480" lat="31.897912"><ele>229.618634</ele><time>2026-04-23T06:01:34Z</time><extensions><speed>2.961146</speed><course>322.071695</course><hAcc>1.397000</hAcc><vAcc>0.758952</vAcc></extensions></trkpt>
      <trkpt lon="35.009461" lat="31.897933"><ele>229.542330</ele><time>2026-04-23T06:01:35Z</time><extensions><speed>2.841163</speed><course>323.201289</course><hAcc>1.389646</hAcc><vAcc>0.758336</vAcc></extensions></trkpt>
      <trkpt lon="35.009443" lat="31.897954"><ele>229.468051</ele><time>2026-04-23T06:01:36Z</time><extensions><speed>3.005598</speed><course>324.671144</course><hAcc>1.391726</hAcc><vAcc>0.757867</vAcc></extensions></trkpt>
      <trkpt lon="35.009425" lat="31.897977"><ele>229.379791</ele><time>2026-04-23T06:01:37Z</time><extensions><speed>3.140467</speed><course>326.310347</course><hAcc>1.381007</hAcc><vAcc>0.757888</vAcc></extensions></trkpt>
      <trkpt lon="35.009407" lat="31.898000"><ele>229.318568</ele><time>2026-04-23T06:01:38Z</time><extensions><speed>3.026067</speed><course>327.358910</course><hAcc>1.376083</hAcc><vAcc>0.757805</vAcc></extensions></trkpt>
      <trkpt lon="35.009390" lat="31.898023"><ele>229.224538</ele><time>2026-04-23T06:01:39Z</time><extensions><speed>2.948891</speed><course>325.235086</course><hAcc>1.380500</hAcc><vAcc>0.758232</vAcc></extensions></trkpt>
      <trkpt lon="35.009371" lat="31.898045"><ele>229.169602</ele><time>2026-04-23T06:01:40Z</time><extensions><speed>3.065006</speed><course>324.019190</course><hAcc>1.381840</hAcc><vAcc>0.758673</vAcc></extensions></trkpt>
      <trkpt lon="35.009352" lat="31.898067"><ele>229.112541</ele><time>2026-04-23T06:01:41Z</time><extensions><speed>3.018634</speed><course>321.397557</course><hAcc>1.382040</hAcc><vAcc>0.759412</vAcc></extensions></trkpt>
      <trkpt lon="35.009330" lat="31.898087"><ele>229.065198</ele><time>2026-04-23T06:01:42Z</time><extensions><speed>3.067234</speed><course>315.064226</course><hAcc>1.386324</hAcc><vAcc>0.760107</vAcc></extensions></trkpt>
      <trkpt lon="35.009307" lat="31.898106"><ele>229.023375</ele><time>2026-04-23T06:01:43Z</time><extensions><speed>3.141181</speed><course>313.014350</course><hAcc>1.392655</hAcc><vAcc>0.761094</vAcc></extensions></trkpt>
      <trkpt lon="35.009285" lat="31.898126"><ele>229.007390</ele><time>2026-04-23T06:01:44Z</time><extensions><speed>2.915404</speed><course>319.554127</course><hAcc>1.395939</hAcc><vAcc>0.762164</vAcc></extensions></trkpt>
      <trkpt lon="35.009267" lat="31.898146"><ele>229.008931</ele><time>2026-04-23T06:01:45Z</time><extensions><speed>2.626016</speed><course>326.707029</course><hAcc>1.400725</hAcc><vAcc>0.763319</vAcc></extensions></trkpt>
      <trkpt lon="35.009253" lat="31.898166"><ele>228.996789</ele><time>2026-04-23T06:01:46Z</time><extensions><speed>2.692246</speed><course>331.935596</course><hAcc>1.401014</hAcc><vAcc>0.764349</vAcc></extensions></trkpt>
      <trkpt lon="35.009239" lat="31.898188"><ele>228.997784</ele><time>2026-04-23T06:01:47Z</time><extensions><speed>2.725855</speed><course>331.327464</course><hAcc>1.403161</hAcc><vAcc>0.765259</vAcc></extensions></trkpt>
      <trkpt lon="35.009225" lat="31.898210"><ele>229.026027</ele><time>2026-04-23T06:01:48Z</time><extensions><speed>2.842213</speed><course>330.520307</course><hAcc>1.406064</hAcc><vAcc>0.765958</vAcc></extensions></trkpt>
      <trkpt lon="35.009210" lat="31.898232"><ele>229.062301</ele><time>2026-04-23T06:01:49Z</time><extensions><speed>2.787165</speed><course>332.336615</course><hAcc>1.411968</hAcc><vAcc>0.766382</vAcc></extensions></trkpt>
      <trkpt lon="35.009197" lat="31.898254"><ele>229.077113</ele><time>2026-04-23T06:01:50Z</time><extensions><speed>2.732657</speed><course>332.410111</course><hAcc>1.404867</hAcc><vAcc>0.766494</vAcc></extensions></trkpt>
      <trkpt lon="35.009185" lat="31.898276"><ele>229.104198</ele><time>2026-04-23T06:01:51Z</time><extensions><speed>2.508071</speed><course>336.723169</course><hAcc>1.402793</hAcc><vAcc>0.766296</vAcc></extensions></trkpt>
      <trkpt lon="35.009177" lat="31.898296"><ele>229.158770</ele><time>2026-04-23T06:01:52Z</time><extensions><speed>2.237932</speed><course>346.644354</course><hAcc>1.401919</hAcc><vAcc>0.765822</vAcc></extensions></trkpt>
      <trkpt lon="35.009174" lat="31.898317"><ele>229.209669</ele><time>2026-04-23T06:01:53Z</time><extensions><speed>2.400043</speed><course>357.003280</course><hAcc>1.399331</hAcc><vAcc>0.765123</vAcc></extensions></trkpt>
      <trkpt lon="35.009173" lat="31.898339"><ele>229.292181</ele><time>2026-04-23T06:01:54Z</time><extensions><speed>2.600020</speed><course>0.914650</course><hAcc>1.400341</hAcc><vAcc>0.764253</vAcc></extensions></trkpt>
      <trkpt lon="35.009173" lat="31.898363"><ele>229.361697</ele><time>2026-04-23T06:01:55Z</time><extensions><speed>2.835479</speed><course>359.648464</course><hAcc>1.399884</hAcc><vAcc>0.763268</vAcc></extensions></trkpt>
      <trkpt lon="35.009171" lat="31.898389"><ele>229.432336</ele><time>2026-04-23T06:01:56Z</time><extensions><speed>2.853512</speed><course>351.331209</course><hAcc>1.399457</hAcc><vAcc>0.762241</vAcc></extensions></trkpt>
      <trkpt lon="35.009163" lat="31.898413"><ele>229.491912</ele><time>2026-04-23T06:01:57Z</time><extensions><speed>2.795395</speed><course>338.977180</course><hAcc>1.394683</hAcc><vAcc>0.761239</vAcc></extensions></trkpt>
      <trkpt lon="35.009151" lat="31.898438"><ele>229.559330</ele><time>2026-04-23T06:01:58Z</time><extensions><speed>3.063440</speed><course>334.816122</course><hAcc>1.391193</hAcc><vAcc>0.760317</vAcc></extensions></trkpt>
      <trkpt lon="35.009135" lat="31.898461"><ele>229.639814</ele><time>2026-04-23T06:01:59Z</time><extensions><speed>3.014105</speed><course>323.034630</course><hAcc>1.393643</hAcc><vAcc>0.759508</vAcc></extensions></trkpt>
      <trkpt lon="35.009113" lat="31.898481"><ele>229.701443</ele><time>2026-04-23T06:02:00Z</time><extensions><speed>2.995796</speed><course>310.170354</course><hAcc>1.400528</hAcc><vAcc>0.758825</vAcc></extensions></trkpt>
      <trkpt lon="35.009087" lat="31.898496"><ele>229.756782</ele><time>2026-04-23T06:02:01Z</time><extensions><speed>3.157283</speed><course>299.343447</course><hAcc>1.396560</hAcc><vAcc>0.758271</vAcc></extensions></trkpt>
      <trkpt lon="35.009056" lat="31.898509"><ele>229.801169</ele><time>2026-04-23T06:02:02Z</time><extensions><speed>3.283498</speed><course>293.330107</course><hAcc>1.390531</hAcc><vAcc>0.757835</vAcc></extensions></trkpt>
      <trkpt lon="35.009024" lat="31.898520"><ele>229.821142</ele><time>2026-04-23T06:02:03Z</time><extensions><speed>3.231710</speed><course>289.115244</course><hAcc>1.384145</hAcc><vAcc>0.757652</vAcc></extensions></trkpt>
      <trkpt lon="35.008993" lat="31.898529"><ele>229.836805</ele><time>2026-04-23T06:02:04Z</time><extensions><speed>2.847255</speed><course>287.715740</course><hAcc>1.385052</hAcc><vAcc>0.757477</vAcc></extensions></trkpt>
      <trkpt lon="35.008966" lat="31.898536"><ele>229.838577</ele><time>2026-04-23T06:02:05Z</time><extensions><speed>2.626745</speed><course>290.141760</course><hAcc>1.385711</hAcc><vAcc>0.757387</vAcc></extensions></trkpt>
      <trkpt lon="35.008942" lat="31.898545"><ele>229.835739</ele><time>2026-04-23T06:02:06Z</time><extensions><speed>2.419619</speed><course>295.693562</course><hAcc>1.395132</hAcc><vAcc>0.757365</vAcc></extensions></trkpt>
      <trkpt lon="35.008920" lat="31.898556"><ele>229.823774</ele><time>2026-04-23T06:02:07Z</time><extensions><speed>2.414846</speed><course>304.400561</course><hAcc>1.403091</hAcc><vAcc>0.757398</vAcc></extensions></trkpt>
      <trkpt lon="35.008899" lat="31.898569"><ele>229.827018</ele><time>2026-04-23T06:02:08Z</time><extensions><speed>2.446141</speed><course>309.682582</course><hAcc>1.406808</hAcc><vAcc>0.757472</vAcc></extensions></trkpt>
      <trkpt lon="35.008879" lat="31.898584"><ele>229.807144</ele><time>2026-04-23T06:02:09Z</time><extensions><speed>2.574444</speed><course>312.027202</course><hAcc>1.418398</hAcc><vAcc>0.757573</vAcc></extensions></trkpt>
      <trkpt lon="35.008858" lat="31.898600"><ele>229.798230</ele><time>2026-04-23T06:02:10Z</time><extensions><speed>2.752188</speed><course>312.012636</course><hAcc>1.435186</hAcc><vAcc>0.757688</vAcc></extensions></trkpt>
      <trkpt lon="35.008835" lat="31.898617"><ele>229.789533</ele><time>2026-04-23T06:02:12Z</time><extensions><speed>2.900310</speed><course>310.236478</course><hAcc>1.443830</hAcc><vAcc>0.757786</vAcc></extensions></trkpt>
      <trkpt lon="35.008811" lat="31.898634"><ele>229.761943</ele><time>2026-04-23T06:02:13Z</time><extensions><speed>2.950560</speed><course>309.416914</course><hAcc>1.449178</hAcc><vAcc>0.757831</vAcc></extensions></trkpt>
      <trkpt lon="35.008788" lat="31.898652"><ele>229.705569</ele><time>2026-04-23T06:02:14Z</time><extensions><speed>2.874823</speed><course>311.823841</course><hAcc>1.453826</hAcc><vAcc>0.757835</vAcc></extensions></trkpt>
      <trkpt lon="35.008765" lat="31.898669"><ele>229.666463</ele><time>2026-04-23T06:02:15Z</time><extensions><speed>2.796301</speed><course>313.517049</course><hAcc>1.454097</hAcc><vAcc>0.757787</vAcc></extensions></trkpt>
      <trkpt lon="35.008744" lat="31.898685"><ele>229.633929</ele><time>2026-04-23T06:02:16Z</time><extensions><speed>2.673034</speed><course>310.697720</course><hAcc>1.450032</hAcc><vAcc>0.757694</vAcc></extensions></trkpt>
      <trkpt lon="35.008722" lat="31.898701"><ele>229.601596</ele><time>2026-04-23T06:02:17Z</time><extensions><speed>2.616022</speed><course>307.786606</course><hAcc>1.444271</hAcc><vAcc>0.757575</vAcc></extensions></trkpt>
      <trkpt lon="35.008699" lat="31.898715"><ele>229.562115</ele><time>2026-04-23T06:02:18Z</time><extensions><speed>2.839739</speed><course>304.718207</course><hAcc>1.438779</hAcc><vAcc>0.757446</vAcc></extensions></trkpt>
      <trkpt lon="35.008673" lat="31.898730"><ele>229.517154</ele><time>2026-04-23T06:02:19Z</time><extensions><speed>3.086223</speed><course>301.909112</course><hAcc>1.431827</hAcc><vAcc>0.757318</vAcc></extensions></trkpt>
      <trkpt lon="35.008645" lat="31.898744"><ele>229.487292</ele><time>2026-04-23T06:02:20Z</time><extensions><speed>3.063303</speed><course>301.304037</course><hAcc>1.425878</hAcc><vAcc>0.757199</vAcc></extensions></trkpt>
      <trkpt lon="35.008617" lat="31.898759"><ele>229.453536</ele><time>2026-04-23T06:02:21Z</time><extensions><speed>3.161270</speed><course>301.889863</course><hAcc>1.424818</hAcc><vAcc>0.757094</vAcc></extensions></trkpt>
      <trkpt lon="35.008589" lat="31.898774"><ele>229.429383</ele><time>2026-04-23T06:02:22Z</time><extensions><speed>3.161848</speed><course>300.275872</course><hAcc>1.415595</hAcc><vAcc>0.757006</vAcc></extensions></trkpt>
      <trkpt lon="35.008559" lat="31.898787"><ele>229.401987</ele><time>2026-04-23T06:02:23Z</time><extensions><speed>3.162030</speed><course>297.926055</course><hAcc>1.406359</hAcc><vAcc>0.756934</vAcc></extensions></trkpt>
      <trkpt lon="35.008530" lat="31.898801"><ele>229.378374</ele><time>2026-04-23T06:02:24Z</time><extensions><speed>3.237169</speed><course>300.311411</course><hAcc>1.399283</hAcc><vAcc>0.756877</vAcc></extensions></trkpt>
      <trkpt lon="35.008502" lat="31.898817"><ele>229.366881</ele><time>2026-04-23T06:02:25Z</time><extensions><speed>3.104431</speed><course>304.329697</course><hAcc>1.387393</hAcc><vAcc>0.756833</vAcc></extensions></trkpt>
      <trkpt lon="35.008476" lat="31.898833"><ele>229.370072</ele><time>2026-04-23T06:02:26Z</time><extensions><speed>2.918154</speed><course>307.909050</course><hAcc>1.383324</hAcc><vAcc>0.756800</vAcc></extensions></trkpt>
      <trkpt lon="35.008454" lat="31.898848"><ele>229.376393</ele><time>2026-04-23T06:02:27Z</time><extensions><speed>2.653645</speed><course>309.122155</course><hAcc>1.396093</hAcc><vAcc>0.756777</vAcc></extensions></trkpt>
      <trkpt lon="35.008431" lat="31.898862"><ele>229.400100</ele><time>2026-04-23T06:02:28Z</time><extensions><speed>2.560149</speed><course>302.649652</course><hAcc>1.388448</hAcc><vAcc>0.756761</vAcc></extensions></trkpt>
      <trkpt lon="35.008408" lat="31.898874"><ele>229.410556</ele><time>2026-04-23T06:02:29Z</time><extensions><speed>2.618667</speed><course>299.714311</course><hAcc>1.393815</hAcc><vAcc>0.756751</vAcc></extensions></trkpt>
      <trkpt lon="35.008383" lat="31.898886"><ele>229.452638</ele><time>2026-04-23T06:02:30Z</time><extensions><speed>2.764427</speed><course>299.068089</course><hAcc>1.415158</hAcc><vAcc>0.756744</vAcc></extensions></trkpt>
      <trkpt lon="35.008357" lat="31.898899"><ele>229.506049</ele><time>2026-04-23T06:02:31Z</time><extensions><speed>2.887427</speed><course>301.513117</course><hAcc>1.441961</hAcc><vAcc>0.756740</vAcc></extensions></trkpt>
      <trkpt lon="35.008332" lat="31.898912"><ele>229.570698</ele><time>2026-04-23T06:02:32Z</time><extensions><speed>2.713044</speed><course>303.176544</course><hAcc>1.470483</hAcc><vAcc>0.756738</vAcc></extensions></trkpt>
      <trkpt lon="35.008310" lat="31.898926"><ele>229.652805</ele><time>2026-04-23T06:02:33Z</time><extensions><speed>2.541191</speed><course>306.821190</course><hAcc>1.490882</hAcc><vAcc>0.756737</vAcc></extensions></trkpt>
      <trkpt lon="35.008290" lat="31.898940"><ele>229.715090</ele><time>2026-04-23T06:02:34Z</time><extensions><speed>2.360305</speed><course>313.835427</course><hAcc>1.508406</hAcc><vAcc>0.756736</vAcc></extensions></trkpt>
      <trkpt lon="35.008272" lat="31.898955"><ele>229.819349</ele><time>2026-04-23T06:02:35Z</time><extensions><speed>2.404909</speed><course>316.106165</course><hAcc>1.530827</hAcc><vAcc>0.756736</vAcc></extensions></trkpt>
      <trkpt lon="35.008254" lat="31.898970"><ele>229.885666</ele><time>2026-04-23T06:02:36Z</time><extensions><speed>2.410023</speed><course>310.333366</course><hAcc>1.553363</hAcc><vAcc>0.756736</vAcc></extensions></trkpt>
      <trkpt lon="35.008233" lat="31.898983"><ele>229.941573</ele><time>2026-04-23T06:02:37Z</time><extensions><speed>2.440639</speed><course>304.835712</course><hAcc>1.575735</hAcc><vAcc>0.756777</vAcc></extensions></trkpt>
      <trkpt lon="35.008211" lat="31.898996"><ele>230.005493</ele><time>2026-04-23T06:02:38Z</time><extensions><speed>2.603538</speed><course>302.024199</course><hAcc>1.593802</hAcc><vAcc>0.757392</vAcc></extensions></trkpt>
      <trkpt lon="35.008188" lat="31.899008"><ele>230.075865</ele><time>2026-04-23T06:02:39Z</time><extensions><speed>2.663192</speed><course>303.477233</course><hAcc>1.609160</hAcc><vAcc>0.758624</vAcc></extensions></trkpt>
      <trkpt lon="35.008165" lat="31.899022"><ele>230.146959</ele><time>2026-04-23T06:02:40Z</time><extensions><speed>2.654402</speed><course>307.537185</course><hAcc>1.622365</hAcc><vAcc>0.760681</vAcc></extensions></trkpt>
      <trkpt lon="35.008143" lat="31.899036"><ele>230.222476</ele><time>2026-04-23T06:02:41Z</time><extensions><speed>2.550470</speed><course>307.355924</course><hAcc>1.636021</hAcc><vAcc>0.763964</vAcc></extensions></trkpt>
      <trkpt lon="35.008121" lat="31.899050"><ele>230.289733</ele><time>2026-04-23T06:02:42Z</time><extensions><speed>2.647295</speed><course>306.475483</course><hAcc>1.645655</hAcc><vAcc>0.768394</vAcc></extensions></trkpt>
      <trkpt lon="35.008098" lat="31.899065"><ele>230.366027</ele><time>2026-04-23T06:02:43Z</time><extensions><speed>2.719959</speed><course>309.226580</course><hAcc>1.654094</hAcc><vAcc>0.773798</vAcc></extensions></trkpt>
      <trkpt lon="35.008077" lat="31.899081"><ele>230.439380</ele><time>2026-04-23T06:02:44Z</time><extensions><speed>2.675079</speed><course>313.893577</course><hAcc>1.658712</hAcc><vAcc>0.780286</vAcc></extensions></trkpt>
      <trkpt lon="35.008056" lat="31.899097"><ele>230.465752</ele><time>2026-04-23T06:02:45Z</time><extensions><speed>2.668460</speed><course>313.487023</course><hAcc>1.664457</hAcc><vAcc>0.788863</vAcc></extensions></trkpt>
      <trkpt lon="35.008034" lat="31.899112"><ele>230.472908</ele><time>2026-04-23T06:02:46Z</time><extensions><speed>2.738662</speed><course>305.620907</course><hAcc>1.668814</hAcc><vAcc>0.798387</vAcc></extensions></trkpt>
      <trkpt lon="35.008010" lat="31.899125"><ele>230.450889</ele><time>2026-04-23T06:02:47Z</time><extensions><speed>2.482164</speed><course>298.087519</course><hAcc>1.677430</hAcc><vAcc>0.807846</vAcc></extensions></trkpt>
      <trkpt lon="35.007987" lat="31.899135"><ele>230.413899</ele><time>2026-04-23T06:02:48Z</time><extensions><speed>2.412724</speed><course>297.885381</course><hAcc>1.691029</hAcc><vAcc>0.816475</vAcc></extensions></trkpt>
      <trkpt lon="35.007963" lat="31.899146"><ele>230.347752</ele><time>2026-04-23T06:02:49Z</time><extensions><speed>2.617511</speed><course>300.981376</course><hAcc>1.701327</hAcc><vAcc>0.823196</vAcc></extensions></trkpt>
      <trkpt lon="35.007939" lat="31.899158"><ele>230.283002</ele><time>2026-04-23T06:02:49Z</time><extensions><speed>2.710388</speed><course>300.110141</course><hAcc>1.712052</hAcc><vAcc>0.829052</vAcc></extensions></trkpt>
      <trkpt lon="35.007913" lat="31.899169"><ele>230.210850</ele><time>2026-04-23T06:02:50Z</time><extensions><speed>2.638488</speed><course>293.523906</course><hAcc>1.726197</hAcc><vAcc>0.833523</vAcc></extensions></trkpt>
      <trkpt lon="35.007886" lat="31.899177"><ele>230.136122</ele><time>2026-04-23T06:02:51Z</time><extensions><speed>2.811270</speed><course>285.483142</course><hAcc>1.734311</hAcc><vAcc>0.836203</vAcc></extensions></trkpt>
      <trkpt lon="35.007856" lat="31.899183"><ele>230.052144</ele><time>2026-04-23T06:02:52Z</time><extensions><speed>2.985324</speed><course>281.080533</course><hAcc>1.745204</hAcc><vAcc>0.836836</vAcc></extensions></trkpt>
      <trkpt lon="35.007825" lat="31.899187"><ele>229.955890</ele><time>2026-04-23T06:02:53Z</time><extensions><speed>2.980393</speed><course>274.661053</course><hAcc>1.755922</hAcc><vAcc>0.836444</vAcc></extensions></trkpt>
      <trkpt lon="35.007794" lat="31.899188"><ele>229.846474</ele><time>2026-04-23T06:02:54Z</time><extensions><speed>2.927361</speed><course>267.782955</course><hAcc>1.765678</hAcc><vAcc>0.834303</vAcc></extensions></trkpt>
      <trkpt lon="35.007763" lat="31.899188"><ele>229.716729</ele><time>2026-04-23T06:02:55Z</time><extensions><speed>2.812012</speed><course>267.589870</course><hAcc>1.772038</hAcc><vAcc>0.830511</vAcc></extensions></trkpt>
      <trkpt lon="35.007734" lat="31.899187"><ele>229.564224</ele><time>2026-04-23T06:02:56Z</time><extensions><speed>2.748834</speed><course>270.349041</course><hAcc>1.775642</hAcc><vAcc>0.826087</vAcc></extensions></trkpt>
      <trkpt lon="35.007705" lat="31.899189"><ele>229.442992</ele><time>2026-04-23T06:02:57Z</time><extensions><speed>2.670449</speed><course>274.330066</course><hAcc>1.777000</hAcc><vAcc>0.822185</vAcc></extensions></trkpt>
      <trkpt lon="35.007677" lat="31.899192"><ele>229.322226</ele><time>2026-04-23T06:02:58Z</time><extensions><speed>2.678932</speed><course>278.328378</course><hAcc>1.778798</hAcc><vAcc>0.819568</vAcc></extensions></trkpt>
      <trkpt lon="35.007649" lat="31.899197"><ele>229.201757</ele><time>2026-04-23T06:02:59Z</time><extensions><speed>2.684987</speed><course>284.728281</course><hAcc>1.784704</hAcc><vAcc>0.818487</vAcc></extensions></trkpt>
      <trkpt lon="35.007622" lat="31.899204"><ele>229.061660</ele><time>2026-04-23T06:03:00Z</time><extensions><speed>2.605199</speed><course>288.497896</course><hAcc>1.792352</hAcc><vAcc>0.819393</vAcc></extensions></trkpt>
      <trkpt lon="35.007595" lat="31.899213"><ele>228.931693</ele><time>2026-04-23T06:03:01Z</time><extensions><speed>2.797023</speed><course>295.264039</course><hAcc>1.797234</hAcc><vAcc>0.822570</vAcc></extensions></trkpt>
      <trkpt lon="35.007567" lat="31.899225"><ele>228.793382</ele><time>2026-04-23T06:03:02Z</time><extensions><speed>2.937980</speed><course>299.202360</course><hAcc>1.803677</hAcc><vAcc>0.827423</vAcc></extensions></trkpt>
      <trkpt lon="35.007540" lat="31.899239"><ele>228.642638</ele><time>2026-04-23T06:03:03Z</time><extensions><speed>2.978560</speed><course>301.710428</course><hAcc>1.806104</hAcc><vAcc>0.831338</vAcc></extensions></trkpt>
      <trkpt lon="35.007513" lat="31.899253"><ele>228.495353</ele><time>2026-04-23T06:03:04Z</time><extensions><speed>2.879993</speed><course>300.401967</course><hAcc>1.801530</hAcc><vAcc>0.834905</vAcc></extensions></trkpt>
      <trkpt lon="35.007487" lat="31.899266"><ele>228.295438</ele><time>2026-04-23T06:03:05Z</time><extensions><speed>2.717649</speed><course>299.472196</course><hAcc>1.796522</hAcc><vAcc>0.838725</vAcc></extensions></trkpt>
      <trkpt lon="35.007461" lat="31.899278"><ele>228.128101</ele><time>2026-04-23T06:03:06Z</time><extensions><speed>2.720134</speed><course>300.626888</course><hAcc>1.797057</hAcc><vAcc>0.841906</vAcc></extensions></trkpt>
      <trkpt lon="35.007436" lat="31.899291"><ele>227.944135</ele><time>2026-04-23T06:03:07Z</time><extensions><speed>2.760566</speed><course>299.898816</course><hAcc>1.798191</hAcc><vAcc>0.843795</vAcc></extensions></trkpt>
      <trkpt lon="35.007410" lat="31.899303"><ele>227.787447</ele><time>2026-04-23T06:03:08Z</time><extensions><speed>2.753161</speed><course>298.832018</course><hAcc>1.801198</hAcc><vAcc>0.844010</vAcc></extensions></trkpt>
      <trkpt lon="35.007385" lat="31.899315"><ele>227.638896</ele><time>2026-04-23T06:03:09Z</time><extensions><speed>2.689515</speed><course>300.064431</course><hAcc>1.798431</hAcc><vAcc>0.842133</vAcc></extensions></trkpt>
      <trkpt lon="35.007360" lat="31.899327"><ele>227.511325</ele><time>2026-04-23T06:03:10Z</time><extensions><speed>2.722095</speed><course>298.817548</course><hAcc>1.800542</hAcc><vAcc>0.838268</vAcc></extensions></trkpt>
      <trkpt lon="35.007333" lat="31.899339"><ele>227.388118</ele><time>2026-04-23T06:03:11Z</time><extensions><speed>2.956787</speed><course>295.570945</course><hAcc>1.801843</hAcc><vAcc>0.832364</vAcc></extensions></trkpt>
      <trkpt lon="35.007303" lat="31.899351"><ele>227.279809</ele><time>2026-04-23T06:03:12Z</time><extensions><speed>3.269581</speed><course>293.542592</course><hAcc>1.808862</hAcc><vAcc>0.824909</vAcc></extensions></trkpt>
      <trkpt lon="35.007271" lat="31.899362"><ele>227.175417</ele><time>2026-04-23T06:03:13Z</time><extensions><speed>3.259699</speed><course>290.999969</course><hAcc>1.816012</hAcc><vAcc>0.816390</vAcc></extensions></trkpt>
      <trkpt lon="35.007239" lat="31.899372"><ele>227.068314</ele><time>2026-04-23T06:03:14Z</time><extensions><speed>3.176878</speed><course>288.223723</course><hAcc>1.813122</hAcc><vAcc>0.807833</vAcc></extensions></trkpt>
      <trkpt lon="35.007207" lat="31.899382"><ele>226.960823</ele><time>2026-04-23T06:03:15Z</time><extensions><speed>3.166169</speed><course>290.345462</course><hAcc>1.811429</hAcc><vAcc>0.800079</vAcc></extensions></trkpt>
      <trkpt lon="35.007176" lat="31.899392"><ele>226.860185</ele><time>2026-04-23T06:03:16Z</time><extensions><speed>3.214598</speed><course>292.152116</course><hAcc>1.802084</hAcc><vAcc>0.793217</vAcc></extensions></trkpt>
      <trkpt lon="35.007146" lat="31.899404"><ele>226.766855</ele><time>2026-04-23T06:03:17Z</time><extensions><speed>3.120930</speed><course>297.089047</course><hAcc>1.786266</hAcc><vAcc>0.787098</vAcc></extensions></trkpt>
      <trkpt lon="35.007118" lat="31.899416"><ele>226.687114</ele><time>2026-04-23T06:03:18Z</time><extensions><speed>2.861182</speed><course>298.194487</course><hAcc>1.767360</hAcc><vAcc>0.782187</vAcc></extensions></trkpt>
      <trkpt lon="35.007092" lat="31.899427"><ele>226.635325</ele><time>2026-04-23T06:03:19Z</time><extensions><speed>2.771706</speed><course>294.346453</course><hAcc>1.747919</hAcc><vAcc>0.778462</vAcc></extensions></trkpt>
      <trkpt lon="35.007066" lat="31.899437"><ele>226.579486</ele><time>2026-04-23T06:03:20Z</time><extensions><speed>2.788536</speed><course>291.686758</course><hAcc>1.730962</hAcc><vAcc>0.775800</vAcc></extensions></trkpt>
      <trkpt lon="35.007040" lat="31.899447"><ele>226.526319</ele><time>2026-04-23T06:03:21Z</time><extensions><speed>2.735212</speed><course>296.152237</course><hAcc>1.712142</hAcc><vAcc>0.774004</vAcc></extensions></trkpt>
      <trkpt lon="35.007016" lat="31.899459"><ele>226.503513</ele><time>2026-04-23T06:03:22Z</time><extensions><speed>2.685971</speed><course>302.341833</course><hAcc>1.698113</hAcc><vAcc>0.772839</vAcc></extensions></trkpt>
      <trkpt lon="35.006994" lat="31.899473"><ele>226.470324</ele><time>2026-04-23T06:03:23Z</time><extensions><speed>2.509968</speed><course>308.080467</course><hAcc>1.687664</hAcc><vAcc>0.772050</vAcc></extensions></trkpt>
      <trkpt lon="35.006975" lat="31.899487"><ele>226.452065</ele><time>2026-04-23T06:03:24Z</time><extensions><speed>2.396146</speed><course>312.820892</course><hAcc>1.681997</hAcc><vAcc>0.771370</vAcc></extensions></trkpt>
      <trkpt lon="35.006956" lat="31.899500"><ele>226.422733</ele><time>2026-04-23T06:03:25Z</time><extensions><speed>2.321220</speed><course>305.601603</course><hAcc>1.677096</hAcc><vAcc>0.770551</vAcc></extensions></trkpt>
      <trkpt lon="35.006935" lat="31.899511"><ele>226.387597</ele><time>2026-04-23T06:03:26Z</time><extensions><speed>2.351827</speed><course>294.807633</course><hAcc>1.662970</hAcc><vAcc>0.769444</vAcc></extensions></trkpt>
      <trkpt lon="35.006914" lat="31.899520"><ele>226.369268</ele><time>2026-04-23T06:03:27Z</time><extensions><speed>2.121898</speed><course>295.061256</course><hAcc>1.645783</hAcc><vAcc>0.768054</vAcc></extensions></trkpt>
      <trkpt lon="35.006898" lat="31.899529"><ele>226.374607</ele><time>2026-04-23T06:03:28Z</time><extensions><speed>1.682743</speed><course>319.132200</course><hAcc>1.639461</hAcc><vAcc>0.766497</vAcc></extensions></trkpt>
      <trkpt lon="35.006890" lat="31.899543"><ele>226.369766</ele><time>2026-04-23T06:03:29Z</time><extensions><speed>1.745505</speed><course>348.167509</course><hAcc>1.639254</hAcc><vAcc>0.765371</vAcc></extensions></trkpt>
      <trkpt lon="35.006890" lat="31.899560"><ele>226.354400</ele><time>2026-04-23T06:03:30Z</time><extensions><speed>2.137881</speed><course>11.199863</course><hAcc>1.647021</hAcc><vAcc>0.764929</vAcc></extensions></trkpt>
      <trkpt lon="35.006896" lat="31.899581"><ele>226.363470</ele><time>2026-04-23T06:03:31Z</time><extensions><speed>2.607991</speed><course>18.947372</course><hAcc>1.658841</hAcc><vAcc>0.764942</vAcc></extensions></trkpt>
      <trkpt lon="35.006908" lat="31.899604"><ele>226.356968</ele><time>2026-04-23T06:03:32Z</time><extensions><speed>2.902728</speed><course>28.416915</course><hAcc>1.664109</hAcc><vAcc>0.765778</vAcc></extensions></trkpt>
      <trkpt lon="35.006923" lat="31.899627"><ele>226.353832</ele><time>2026-04-23T06:03:33Z</time><extensions><speed>2.940286</speed><course>31.999726</course><hAcc>1.678763</hAcc><vAcc>0.767667</vAcc></extensions></trkpt>
      <trkpt lon="35.006938" lat="31.899649"><ele>226.344236</ele><time>2026-04-23T06:03:34Z</time><extensions><speed>2.857340</speed><course>28.202181</course><hAcc>1.697571</hAcc><vAcc>0.769918</vAcc></extensions></trkpt>
      <trkpt lon="35.006950" lat="31.899673"><ele>226.327888</ele><time>2026-04-23T06:03:35Z</time><extensions><speed>2.722856</speed><course>21.429320</course><hAcc>1.716831</hAcc><vAcc>0.773098</vAcc></extensions></trkpt>
      <trkpt lon="35.006958" lat="31.899696"><ele>226.320188</ele><time>2026-04-23T06:03:36Z</time><extensions><speed>2.555153</speed><course>12.042993</course><hAcc>1.731262</hAcc><vAcc>0.777703</vAcc></extensions></trkpt>
      <trkpt lon="35.006961" lat="31.899719"><ele>226.308654</ele><time>2026-04-23T06:03:37Z</time><extensions><speed>2.572124</speed><course>359.239624</course><hAcc>1.735869</hAcc><vAcc>0.782380</vAcc></extensions></trkpt>
      <trkpt lon="35.006957" lat="31.899742"><ele>226.259420</ele><time>2026-04-23T06:03:38Z</time><extensions><speed>2.651483</speed><course>347.451323</course><hAcc>1.745416</hAcc><vAcc>0.786984</vAcc></extensions></trkpt>
      <trkpt lon="35.006949" lat="31.899767"><ele>226.206748</ele><time>2026-04-23T06:03:39Z</time><extensions><speed>2.893290</speed><course>341.327148</course><hAcc>1.748658</hAcc><vAcc>0.791898</vAcc></extensions></trkpt>
      <trkpt lon="35.006937" lat="31.899792"><ele>226.157224</ele><time>2026-04-23T06:03:40Z</time><extensions><speed>3.055649</speed><course>335.931689</course><hAcc>1.738196</hAcc><vAcc>0.796454</vAcc></extensions></trkpt>
      <trkpt lon="35.006923" lat="31.899818"><ele>226.082548</ele><time>2026-04-23T06:03:41Z</time><extensions><speed>3.112191</speed><course>335.256515</course><hAcc>1.729857</hAcc><vAcc>0.800888</vAcc></extensions></trkpt>
      <trkpt lon="35.006910" lat="31.899843"><ele>226.031535</ele><time>2026-04-23T06:03:42Z</time><extensions><speed>3.047899</speed><course>336.175568</course><hAcc>1.727848</hAcc><vAcc>0.805176</vAcc></extensions></trkpt>
      <trkpt lon="35.006897" lat="31.899868"><ele>225.974840</ele><time>2026-04-23T06:03:43Z</time><extensions><speed>2.955717</speed><course>339.208742</course><hAcc>1.723964</hAcc><vAcc>0.809516</vAcc></extensions></trkpt>
      <trkpt lon="35.006886" lat="31.899894"><ele>225.910520</ele><time>2026-04-23T06:03:44Z</time><extensions><speed>3.036276</speed><course>338.931010</course><hAcc>1.714669</hAcc><vAcc>0.813610</vAcc></extensions></trkpt>
      <trkpt lon="35.006873" lat="31.899920"><ele>225.842686</ele><time>2026-04-23T06:03:45Z</time><extensions><speed>3.122818</speed><course>335.603851</course><hAcc>1.710923</hAcc><vAcc>0.817974</vAcc></extensions></trkpt>
      <trkpt lon="35.006858" lat="31.899945"><ele>225.798808</ele><time>2026-04-23T06:03:46Z</time><extensions><speed>3.105746</speed><course>333.596044</course><hAcc>1.704205</hAcc><vAcc>0.820489</vAcc></extensions></trkpt>
      <trkpt lon="35.006844" lat="31.899970"><ele>225.768321</ele><time>2026-04-23T06:03:47Z</time><extensions><speed>3.071685</speed><course>333.202873</course><hAcc>1.703398</hAcc><vAcc>0.823871</vAcc></extensions></trkpt>
      <trkpt lon="35.006829" lat="31.899994"><ele>225.698642</ele><time>2026-04-23T06:03:48Z</time><extensions><speed>2.911689</speed><course>332.807881</course><hAcc>1.718765</hAcc><vAcc>0.827705</vAcc></extensions></trkpt>
      <trkpt lon="35.006815" lat="31.900017"><ele>225.622243</ele><time>2026-04-23T06:03:49Z</time><extensions><speed>2.751820</speed><course>332.650605</course><hAcc>1.736234</hAcc><vAcc>0.832259</vAcc></extensions></trkpt>
      <trkpt lon="35.006801" lat="31.900040"><ele>225.569927</ele><time>2026-04-23T06:03:50Z</time><extensions><speed>2.868047</speed><course>331.631814</course><hAcc>1.728097</hAcc><vAcc>0.838067</vAcc></extensions></trkpt>
      <trkpt lon="35.006786" lat="31.900063"><ele>225.529434</ele><time>2026-04-23T06:03:51Z</time><extensions><speed>2.873775</speed><course>331.415112</course><hAcc>1.731198</hAcc><vAcc>0.845026</vAcc></extensions></trkpt>
      <trkpt lon="35.006771" lat="31.900086"><ele>225.526067</ele><time>2026-04-23T06:03:52Z</time><extensions><speed>2.868487</speed><course>327.348867</course><hAcc>1.742072</hAcc><vAcc>0.853594</vAcc></extensions></trkpt>
      <trkpt lon="35.006754" lat="31.900107"><ele>225.529593</ele><time>2026-04-23T06:03:53Z</time><extensions><speed>2.735370</speed><course>323.144112</course><hAcc>1.760898</hAcc><vAcc>0.863859</vAcc></extensions></trkpt>
      <trkpt lon="35.006735" lat="31.900128"><ele>225.517535</ele><time>2026-04-23T06:03:54Z</time><extensions><speed>2.895121</speed><course>320.411243</course><hAcc>1.774607</hAcc><vAcc>0.875332</vAcc></extensions></trkpt>
      <trkpt lon="35.006715" lat="31.900149"><ele>225.498932</ele><time>2026-04-23T06:03:55Z</time><extensions><speed>2.978263</speed><course>321.030873</course><hAcc>1.780074</hAcc><vAcc>0.888112</vAcc></extensions></trkpt>
      <trkpt lon="35.006696" lat="31.900170"><ele>225.519258</ele><time>2026-04-23T06:03:56Z</time><extensions><speed>2.937934</speed><course>325.117745</course><hAcc>1.780431</hAcc><vAcc>0.901948</vAcc></extensions></trkpt>
      <trkpt lon="35.006679" lat="31.900192"><ele>225.550956</ele><time>2026-04-23T06:03:57Z</time><extensions><speed>2.729584</speed><course>327.290705</course><hAcc>1.788457</hAcc><vAcc>0.916150</vAcc></extensions></trkpt>
      <trkpt lon="35.006664" lat="31.900213"><ele>225.623661</ele><time>2026-04-23T06:03:58Z</time><extensions><speed>2.568356</speed><course>328.641359</course><hAcc>1.803498</hAcc><vAcc>0.930768</vAcc></extensions></trkpt>
      <trkpt lon="35.006649" lat="31.900235"><ele>225.693132</ele><time>2026-04-23T06:03:59Z</time><extensions><speed>2.887490</speed><course>330.995524</course><hAcc>1.812345</hAcc><vAcc>0.943124</vAcc></extensions></trkpt>
      <trkpt lon="35.006636" lat="31.900259"><ele>225.780007</ele><time>2026-04-23T06:04:00Z</time><extensions><speed>2.988828</speed><course>337.371788</course><hAcc>1.825133</hAcc><vAcc>0.953275</vAcc></extensions></trkpt>
      <trkpt lon="35.006624" lat="31.900285"><ele>225.863121</ele><time>2026-04-23T06:04:01Z</time><extensions><speed>3.106880</speed><course>339.140916</course><hAcc>1.834573</hAcc><vAcc>0.964937</vAcc></extensions></trkpt>
      <trkpt lon="35.006610" lat="31.900310"><ele>225.957934</ele><time>2026-04-23T06:04:02Z</time><extensions><speed>2.972745</speed><course>331.405673</course><hAcc>1.839429</hAcc><vAcc>0.975308</vAcc></extensions></trkpt>
      <trkpt lon="35.006593" lat="31.900333"><ele>226.033777</ele><time>2026-04-23T06:04:03Z</time><extensions><speed>3.052484</speed><course>323.863405</course><hAcc>1.841458</hAcc><vAcc>0.982926</vAcc></extensions></trkpt>
      <trkpt lon="35.006573" lat="31.900354"><ele>226.093822</ele><time>2026-04-23T06:04:04Z</time><extensions><speed>3.016031</speed><course>318.088071</course><hAcc>1.839135</hAcc><vAcc>0.985878</vAcc></extensions></trkpt>
      <trkpt lon="35.006551" lat="31.900374"><ele>226.125783</ele><time>2026-04-23T06:04:05Z</time><extensions><speed>3.015856</speed><course>312.395952</course><hAcc>1.836510</hAcc><vAcc>0.989027</vAcc></extensions></trkpt>
      <trkpt lon="35.006528" lat="31.900391"><ele>226.138456</ele><time>2026-04-23T06:04:06Z</time><extensions><speed>2.908133</speed><course>311.796592</course><hAcc>1.825641</hAcc><vAcc>0.990298</vAcc></extensions></trkpt>
      <trkpt lon="35.006507" lat="31.900409"><ele>226.137832</ele><time>2026-04-23T06:04:07Z</time><extensions><speed>2.878199</speed><course>316.038793</course><hAcc>1.811379</hAcc><vAcc>0.988658</vAcc></extensions></trkpt>
      <trkpt lon="35.006487" lat="31.900428"><ele>226.143896</ele><time>2026-04-23T06:04:08Z</time><extensions><speed>2.831180</speed><course>318.895201</course><hAcc>1.803324</hAcc><vAcc>0.984244</vAcc></extensions></trkpt>
      <trkpt lon="35.006468" lat="31.900448"><ele>226.149106</ele><time>2026-04-23T06:04:09Z</time><extensions><speed>2.850832</speed><course>324.131676</course><hAcc>1.785291</hAcc><vAcc>0.978617</vAcc></extensions></trkpt>
      <trkpt lon="35.006451" lat="31.900470"><ele>226.121882</ele><time>2026-04-23T06:04:10Z</time><extensions><speed>2.876523</speed><course>326.229617</course><hAcc>1.766831</hAcc><vAcc>0.972336</vAcc></extensions></trkpt>
      <trkpt lon="35.006435" lat="31.900489"><ele>226.050483</ele><time>2026-04-23T06:04:11Z</time><extensions><speed>2.545850</speed><course>323.270429</course><hAcc>1.750955</hAcc><vAcc>0.965342</vAcc></extensions></trkpt>
      <trkpt lon="35.006419" lat="31.900507"><ele>225.943145</ele><time>2026-04-23T06:04:12Z</time><extensions><speed>2.315311</speed><course>323.259128</course><hAcc>1.728612</hAcc><vAcc>0.958173</vAcc></extensions></trkpt>
      <trkpt lon="35.006405" lat="31.900522"><ele>225.794547</ele><time>2026-04-23T06:04:13Z</time><extensions><speed>2.145563</speed><course>322.149472</course><hAcc>1.709047</hAcc><vAcc>0.952537</vAcc></extensions></trkpt>
      <trkpt lon="35.006392" lat="31.900537"><ele>225.620617</ele><time>2026-04-23T06:04:14Z</time><extensions><speed>1.988313</speed><course>325.280625</course><hAcc>1.689939</hAcc><vAcc>0.947528</vAcc></extensions></trkpt>
      <trkpt lon="35.006382" lat="31.900551"><ele>225.476707</ele><time>2026-04-23T06:04:15Z</time><extensions><speed>1.538489</speed><course>335.164731</course><hAcc>1.692256</hAcc><vAcc>0.945098</vAcc></extensions></trkpt>
      <trkpt lon="35.006378" lat="31.900562"><ele>225.339390</ele><time>2026-04-23T06:04:16Z</time><extensions><speed>1.082046</speed><course>359.942692</course><hAcc>1.704203</hAcc><vAcc>0.944952</vAcc></extensions></trkpt>
      <trkpt lon="35.006377" lat="31.900572"><ele>225.208025</ele><time>2026-04-23T06:04:18Z</time><extensions><speed>1.106827</speed><course>353.366672</course><hAcc>1.690027</hAcc><vAcc>0.947360</vAcc></extensions></trkpt>
      <trkpt lon="35.006372" lat="31.900585"><ele>225.064818</ele><time>2026-04-23T06:04:19Z</time><extensions><speed>1.782759</speed><course>339.447521</course><hAcc>1.660112</hAcc><vAcc>0.951539</vAcc></extensions></trkpt>
      <trkpt lon="35.006362" lat="31.900600"><ele>224.915169</ele><time>2026-04-23T06:04:20Z</time><extensions><speed>2.046407</speed><course>330.494266</course><hAcc>1.660902</hAcc><vAcc>0.956940</vAcc></extensions></trkpt>
      <trkpt lon="35.006349" lat="31.900614"><ele>224.812489</ele><time>2026-04-23T06:04:21Z</time><extensions><speed>1.832494</speed><course>319.317274</course><hAcc>1.680006</hAcc><vAcc>0.964053</vAcc></extensions></trkpt>
      <trkpt lon="35.006334" lat="31.900624"><ele>224.740108</ele><time>2026-04-23T06:04:22Z</time><extensions><speed>1.555397</speed><course>302.995326</course><hAcc>1.711078</hAcc><vAcc>0.973907</vAcc></extensions></trkpt>
      <trkpt lon="35.006319" lat="31.900630"><ele>224.725992</ele><time>2026-04-23T06:04:23Z</time><extensions><speed>1.438107</speed><course>285.140334</course><hAcc>1.731675</hAcc><vAcc>0.984874</vAcc></extensions></trkpt>
      <trkpt lon="35.006304" lat="31.900632"><ele>224.710142</ele><time>2026-04-23T06:04:24Z</time><extensions><speed>1.361697</speed><course>280.229480</course><hAcc>1.749383</hAcc><vAcc>0.996365</vAcc></extensions></trkpt>
      <trkpt lon="35.006288" lat="31.900635"><ele>224.716708</ele><time>2026-04-23T06:04:25Z</time><extensions><speed>1.496629</speed><course>286.701199</course><hAcc>1.756364</hAcc><vAcc>1.007310</vAcc></extensions></trkpt>
      <trkpt lon="35.006268" lat="31.900640"><ele>224.741324</ele><time>2026-04-23T06:04:26Z</time><extensions><speed>2.072992</speed><course>288.955366</course><hAcc>1.766146</hAcc><vAcc>1.015599</vAcc></extensions></trkpt>
      <trkpt lon="35.006245" lat="31.900647"><ele>224.788522</ele><time>2026-04-23T06:04:27Z</time><extensions><speed>2.289121</speed><course>290.317709</course><hAcc>1.804510</hAcc><vAcc>1.022374</vAcc></extensions></trkpt>
      <trkpt lon="35.006218" lat="31.900653"><ele>224.852201</ele><time>2026-04-23T06:04:28Z</time><extensions><speed>2.819871</speed><course>284.029447</course><hAcc>1.822787</hAcc><vAcc>1.028860</vAcc></extensions></trkpt>
      <trkpt lon="35.006184" lat="31.900659"><ele>224.937271</ele><time>2026-04-23T06:04:29Z</time><extensions><speed>3.618618</speed><course>281.392191</course><hAcc>1.843403</hAcc><vAcc>1.033478</vAcc></extensions></trkpt>
      <trkpt lon="35.006145" lat="31.900665"><ele>225.044835</ele><time>2026-04-23T06:04:30Z</time><extensions><speed>3.772752</speed><course>279.518801</course><hAcc>1.865951</hAcc><vAcc>1.037152</vAcc></extensions></trkpt>
      <trkpt lon="35.006106" lat="31.900670"><ele>225.155120</ele><time>2026-04-23T06:04:31Z</time><extensions><speed>3.528353</speed><course>278.289462</course><hAcc>1.885409</hAcc><vAcc>1.038584</vAcc></extensions></trkpt>
      <trkpt lon="35.006070" lat="31.900674"><ele>225.311206</ele><time>2026-04-23T06:04:32Z</time><extensions><speed>3.146248</speed><course>278.333322</course><hAcc>1.895237</hAcc><vAcc>1.038215</vAcc></extensions></trkpt>
      <trkpt lon="35.006038" lat="31.900678"><ele>225.486741</ele><time>2026-04-23T06:04:33Z</time><extensions><speed>2.780268</speed><course>276.339025</course><hAcc>1.903684</hAcc><vAcc>1.036122</vAcc></extensions></trkpt>
      <trkpt lon="35.006007" lat="31.900680"><ele>225.653982</ele><time>2026-04-23T06:04:34Z</time><extensions><speed>2.949462</speed><course>273.672786</course><hAcc>1.899570</hAcc><vAcc>1.032636</vAcc></extensions></trkpt>
      <trkpt lon="35.005974" lat="31.900682"><ele>225.818010</ele><time>2026-04-23T06:04:35Z</time><extensions><speed>3.260457</speed><course>274.131950</course><hAcc>1.898970</hAcc><vAcc>1.029038</vAcc></extensions></trkpt>
      <trkpt lon="35.005938" lat="31.900684"><ele>225.963128</ele><time>2026-04-23T06:04:36Z</time><extensions><speed>3.442063</speed><course>274.463446</course><hAcc>1.885454</hAcc><vAcc>1.023534</vAcc></extensions></trkpt>
      <trkpt lon="35.005901" lat="31.900686"><ele>226.109868</ele><time>2026-04-23T06:04:37Z</time><extensions><speed>3.443246</speed><course>275.344889</course><hAcc>1.876372</hAcc><vAcc>1.017150</vAcc></extensions></trkpt>
      <trkpt lon="35.005866" lat="31.900687"><ele>226.275165</ele><time>2026-04-23T06:04:38Z</time><extensions><speed>3.135759</speed><course>269.159396</course><hAcc>1.868795</hAcc><vAcc>1.010214</vAcc></extensions></trkpt>
      <trkpt lon="35.005833" lat="31.900686"><ele>226.428143</ele><time>2026-04-23T06:04:39Z</time><extensions><speed>3.110353</speed><course>264.832883</course><hAcc>1.856838</hAcc><vAcc>1.001937</vAcc></extensions></trkpt>
      <trkpt lon="35.005800" lat="31.900683"><ele>226.578202</ele><time>2026-04-23T06:04:40Z</time><extensions><speed>3.079692</speed><course>266.008538</course><hAcc>1.848684</hAcc><vAcc>0.994604</vAcc></extensions></trkpt>
      <trkpt lon="35.005767" lat="31.900681"><ele>226.730004</ele><time>2026-04-23T06:04:41Z</time><extensions><speed>3.118384</speed><course>268.580049</course><hAcc>1.837173</hAcc><vAcc>0.987523</vAcc></extensions></trkpt>
      <trkpt lon="35.005735" lat="31.900680"><ele>226.892193</ele><time>2026-04-23T06:04:42Z</time><extensions><speed>2.982620</speed><course>268.258059</course><hAcc>1.825716</hAcc><vAcc>0.980628</vAcc></extensions></trkpt>
      <trkpt lon="35.005704" lat="31.900679"><ele>227.042836</ele><time>2026-04-23T06:04:43Z</time><extensions><speed>2.849216</speed><course>267.647702</course><hAcc>1.814437</hAcc><vAcc>0.973936</vAcc></extensions></trkpt>
      <trkpt lon="35.005674" lat="31.900677"><ele>227.164930</ele><time>2026-04-23T06:04:44Z</time><extensions><speed>2.801080</speed><course>264.117460</course><hAcc>1.799310</hAcc><vAcc>0.967434</vAcc></extensions></trkpt>
      <trkpt lon="35.005643" lat="31.900673"><ele>227.289455</ele><time>2026-04-23T06:04:45Z</time><extensions><speed>3.010059</speed><course>260.789993</course><hAcc>1.791544</hAcc><vAcc>0.960344</vAcc></extensions></trkpt>
      <trkpt lon="35.005611" lat="31.900668"><ele>227.426784</ele><time>2026-04-23T06:04:46Z</time><extensions><speed>3.119087</speed><course>256.690788</course><hAcc>1.777622</hAcc><vAcc>0.953549</vAcc></extensions></trkpt>
      <trkpt lon="35.005578" lat="31.900661"><ele>227.568423</ele><time>2026-04-23T06:04:47Z</time><extensions><speed>3.216843</speed><course>256.087952</course><hAcc>1.765310</hAcc><vAcc>0.947147</vAcc></extensions></trkpt>
      <trkpt lon="35.005547" lat="31.900651"><ele>227.673625</ele><time>2026-04-23T06:04:48Z</time><extensions><speed>3.050381</speed><course>246.357154</course><hAcc>1.752002</hAcc><vAcc>0.940770</vAcc></extensions></trkpt>
      <trkpt lon="35.005519" lat="31.900638"><ele>227.770650</ele><time>2026-04-23T06:04:49Z</time><extensions><speed>3.083320</speed><course>236.436600</course><hAcc>1.738908</hAcc><vAcc>0.935168</vAcc></extensions></trkpt>
      <trkpt lon="35.005492" lat="31.900621"><ele>227.849567</ele><time>2026-04-23T06:04:50Z</time><extensions><speed>3.159527</speed><course>229.915350</course><hAcc>1.728206</hAcc><vAcc>0.929744</vAcc></extensions></trkpt>
      <trkpt lon="35.005466" lat="31.900604"><ele>227.942828</ele><time>2026-04-23T06:04:51Z</time><extensions><speed>3.052049</speed><course>233.662683</course><hAcc>1.716036</hAcc><vAcc>0.924400</vAcc></extensions></trkpt>
      <trkpt lon="35.005440" lat="31.900588"><ele>228.040058</ele><time>2026-04-23T06:04:52Z</time><extensions><speed>2.935981</speed><course>238.319340</course><hAcc>1.704323</hAcc><vAcc>0.918817</vAcc></extensions></trkpt>
      <trkpt lon="35.005413" lat="31.900575"><ele>228.111155</ele><time>2026-04-23T06:04:53Z</time><extensions><speed>2.868011</speed><course>241.057235</course><hAcc>1.693955</hAcc><vAcc>0.912022</vAcc></extensions></trkpt>
      <trkpt lon="35.005386" lat="31.900563"><ele>228.168968</ele><time>2026-04-23T06:04:54Z</time><extensions><speed>2.947362</speed><course>244.380494</course><hAcc>1.681650</hAcc><vAcc>0.905326</vAcc></extensions></trkpt>
      <trkpt lon="35.005358" lat="31.900552"><ele>228.230552</ele><time>2026-04-23T06:04:55Z</time><extensions><speed>2.918475</speed><course>247.003887</course><hAcc>1.660942</hAcc><vAcc>0.898449</vAcc></extensions></trkpt>
      <trkpt lon="35.005330" lat="31.900542"><ele>228.294921</ele><time>2026-04-23T06:04:56Z</time><extensions><speed>2.741718</speed><course>248.124487</course><hAcc>1.647121</hAcc><vAcc>0.890704</vAcc></extensions></trkpt>
      <trkpt lon="35.005304" lat="31.900533"><ele>228.353405</ele><time>2026-04-23T06:04:57Z</time><extensions><speed>2.620597</speed><course>244.984866</course><hAcc>1.634862</hAcc><vAcc>0.883035</vAcc></extensions></trkpt>
      <trkpt lon="35.005279" lat="31.900522"><ele>228.411567</ele><time>2026-04-23T06:04:58Z</time><extensions><speed>2.619020</speed><course>242.137501</course><hAcc>1.624989</hAcc><vAcc>0.875003</vAcc></extensions></trkpt>
      <trkpt lon="35.005254" lat="31.900511"><ele>228.460429</ele><time>2026-04-23T06:04:59Z</time><extensions><speed>2.769696</speed><course>243.477341</course><hAcc>1.622117</hAcc><vAcc>0.866862</vAcc></extensions></trkpt>
      <trkpt lon="35.005226" lat="31.900500"><ele>228.496886</ele><time>2026-04-23T06:05:00Z</time><extensions><speed>2.955137</speed><course>245.047945</course><hAcc>1.604700</hAcc><vAcc>0.858503</vAcc></extensions></trkpt>
      <trkpt lon="35.005198" lat="31.900489"><ele>228.535453</ele><time>2026-04-23T06:05:01Z</time><extensions><speed>2.902548</speed><course>247.586041</course><hAcc>1.589149</hAcc><vAcc>0.849610</vAcc></extensions></trkpt>
      <trkpt lon="35.005170" lat="31.900479"><ele>228.546302</ele><time>2026-04-23T06:05:01Z</time><extensions><speed>2.863804</speed><course>247.649961</course><hAcc>1.575502</hAcc><vAcc>0.840679</vAcc></extensions></trkpt>
      <trkpt lon="35.005142" lat="31.900469"><ele>228.562848</ele><time>2026-04-23T06:05:02Z</time><extensions><speed>2.781425</speed><course>245.484999</course><hAcc>1.566949</hAcc><vAcc>0.831862</vAcc></extensions></trkpt>
      <trkpt lon="35.005115" lat="31.900458"><ele>228.546742</ele><time>2026-04-23T06:05:03Z</time><extensions><speed>2.870203</speed><course>243.997009</course><hAcc>1.559026</hAcc><vAcc>0.823316</vAcc></extensions></trkpt>
      <trkpt lon="35.005088" lat="31.900447"><ele>228.537676</ele><time>2026-04-23T06:05:04Z</time><extensions><speed>2.902411</speed><course>245.156549</course><hAcc>1.548468</hAcc><vAcc>0.815154</vAcc></extensions></trkpt>
      <trkpt lon="35.005060" lat="31.900435"><ele>228.532907</ele><time>2026-04-23T06:05:05Z</time><extensions><speed>2.920164</speed><course>244.517751</course><hAcc>1.533863</hAcc><vAcc>0.807452</vAcc></extensions></trkpt>
      <trkpt lon="35.005032" lat="31.900423"><ele>228.523284</ele><time>2026-04-23T06:05:06Z</time><extensions><speed>2.876781</speed><course>240.736002</course><hAcc>1.516408</hAcc><vAcc>0.800264</vAcc></extensions></trkpt>
      <trkpt lon="35.005006" lat="31.900411"><ele>228.495043</ele><time>2026-04-23T06:05:07Z</time><extensions><speed>2.741129</speed><course>243.090988</course><hAcc>1.507052</hAcc><vAcc>0.793602</vAcc></extensions></trkpt>
      <trkpt lon="35.004982" lat="31.900400"><ele>228.452499</ele><time>2026-04-23T06:05:08Z</time><extensions><speed>2.585566</speed><course>238.101937</course><hAcc>1.511194</hAcc><vAcc>0.787471</vAcc></extensions></trkpt>
      <trkpt lon="35.004959" lat="31.900386"><ele>228.386613</ele><time>2026-04-23T06:05:09Z</time><extensions><speed>2.648657</speed><course>232.586948</course><hAcc>1.489564</hAcc><vAcc>0.781889</vAcc></extensions></trkpt>
      <trkpt lon="35.004937" lat="31.900371"><ele>228.315398</ele><time>2026-04-23T06:05:10Z</time><extensions><speed>2.711594</speed><course>231.800862</course><hAcc>1.476980</hAcc><vAcc>0.776901</vAcc></extensions></trkpt>
      <trkpt lon="35.004914" lat="31.900355"><ele>228.231893</ele><time>2026-04-23T06:05:11Z</time><extensions><speed>2.885645</speed><course>229.487872</course><hAcc>1.474807</hAcc><vAcc>0.772561</vAcc></extensions></trkpt>
      <trkpt lon="35.004891" lat="31.900338"><ele>228.122274</ele><time>2026-04-23T06:05:12Z</time><extensions><speed>2.916755</speed><course>228.102818</course><hAcc>1.470074</hAcc><vAcc>0.768896</vAcc></extensions></trkpt>
      <trkpt lon="35.004868" lat="31.900321"><ele>228.011344</ele><time>2026-04-23T06:05:13Z</time><extensions><speed>2.803715</speed><course>227.522290</course><hAcc>1.465100</hAcc><vAcc>0.765886</vAcc></extensions></trkpt>
      <trkpt lon="35.004847" lat="31.900304"><ele>227.889266</ele><time>2026-04-23T06:05:14Z</time><extensions><speed>2.732261</speed><course>226.431303</course><hAcc>1.455933</hAcc><vAcc>0.763478</vAcc></extensions></trkpt>
      <trkpt lon="35.004826" lat="31.900287"><ele>227.750879</ele><time>2026-04-23T06:05:15Z</time><extensions><speed>2.700435</speed><course>227.201356</course><hAcc>1.446925</hAcc><vAcc>0.761601</vAcc></extensions></trkpt>
      <trkpt lon="35.004806" lat="31.900270"><ele>227.615727</ele><time>2026-04-23T06:05:16Z</time><extensions><speed>2.641050</speed><course>225.236933</course><hAcc>1.438563</hAcc><vAcc>0.760175</vAcc></extensions></trkpt>
      <trkpt lon="35.004786" lat="31.900254"><ele>227.474106</ele><time>2026-04-23T06:05:17Z</time><extensions><speed>2.514298</speed><course>223.981051</course><hAcc>1.432112</hAcc><vAcc>0.759118</vAcc></extensions></trkpt>
      <trkpt lon="35.004768" lat="31.900238"><ele>227.340059</ele><time>2026-04-23T06:05:18Z</time><extensions><speed>2.549926</speed><course>226.348989</course><hAcc>1.414071</hAcc><vAcc>0.758353</vAcc></extensions></trkpt>
      <trkpt lon="35.004747" lat="31.900223"><ele>227.209370</ele><time>2026-04-23T06:05:19Z</time><extensions><speed>2.509292</speed><course>233.366777</course><hAcc>1.402235</hAcc><vAcc>0.757815</vAcc></extensions></trkpt>
      <trkpt lon="35.004725" lat="31.900210"><ele>227.076515</ele><time>2026-04-23T06:05:20Z</time><extensions><speed>2.667541</speed><course>239.053133</course><hAcc>1.400231</hAcc><vAcc>0.757446</vAcc></extensions></trkpt>
      <trkpt lon="35.004698" lat="31.900199"><ele>226.957195</ele><time>2026-04-23T06:05:21Z</time><extensions><speed>2.894921</speed><course>247.264383</course><hAcc>1.393127</hAcc><vAcc>0.757199</vAcc></extensions></trkpt>
      <trkpt lon="35.004670" lat="31.900190"><ele>226.840816</ele><time>2026-04-23T06:05:22Z</time><extensions><speed>2.849076</speed><course>252.823195</course><hAcc>1.390517</hAcc><vAcc>0.757040</vAcc></extensions></trkpt>
      <trkpt lon="35.004641" lat="31.900184"><ele>226.751035</ele><time>2026-04-23T06:05:23Z</time><extensions><speed>2.820302</speed><course>258.711005</course><hAcc>1.382087</hAcc><vAcc>0.756940</vAcc></extensions></trkpt>
      <trkpt lon="35.004612" lat="31.900180"><ele>226.664272</ele><time>2026-04-23T06:05:24Z</time><extensions><speed>2.736439</speed><course>261.590635</course><hAcc>1.373574</hAcc><vAcc>0.756879</vAcc></extensions></trkpt>
      <trkpt lon="35.004584" lat="31.900178"><ele>226.585269</ele><time>2026-04-23T06:05:25Z</time><extensions><speed>2.664734</speed><course>270.231903</course><hAcc>1.372631</hAcc><vAcc>0.756843</vAcc></extensions></trkpt>
      <trkpt lon="35.004555" lat="31.900180"><ele>226.521851</ele><time>2026-04-23T06:05:26Z</time><extensions><speed>2.753223</speed><course>280.816560</course><hAcc>1.362165</hAcc><vAcc>0.756821</vAcc></extensions></trkpt>
      <trkpt lon="35.004528" lat="31.900188"><ele>226.475101</ele><time>2026-04-23T06:05:27Z</time><extensions><speed>2.660776</speed><course>294.667858</course><hAcc>1.355958</hAcc><vAcc>0.756807</vAcc></extensions></trkpt>
      <trkpt lon="35.004504" lat="31.900199"><ele>226.443824</ele><time>2026-04-23T06:05:28Z</time><extensions><speed>2.672383</speed><course>304.404959</course><hAcc>1.355562</hAcc><vAcc>0.756798</vAcc></extensions></trkpt>
      <trkpt lon="35.004481" lat="31.900213"><ele>226.453618</ele><time>2026-04-23T06:05:29Z</time><extensions><speed>2.598677</speed><course>305.599856</course><hAcc>1.357442</hAcc><vAcc>0.756791</vAcc></extensions></trkpt>
      <trkpt lon="35.004458" lat="31.900226"><ele>226.470859</ele><time>2026-04-23T06:05:30Z</time><extensions><speed>2.534638</speed><course>302.210850</course><hAcc>1.355225</hAcc><vAcc>0.756785</vAcc></extensions></trkpt>
      <trkpt lon="35.004435" lat="31.900238"><ele>226.463880</ele><time>2026-04-23T06:05:31Z</time><extensions><speed>2.575774</speed><course>300.491762</course><hAcc>1.354226</hAcc><vAcc>0.756779</vAcc></extensions></trkpt>
      <trkpt lon="35.004411" lat="31.900250"><ele>226.482039</ele><time>2026-04-23T06:05:32Z</time><extensions><speed>2.736543</speed><course>297.900431</course><hAcc>1.348882</hAcc><vAcc>0.756773</vAcc></extensions></trkpt>
      <trkpt lon="35.004385" lat="31.900260"><ele>226.497101</ele><time>2026-04-23T06:05:33Z</time><extensions><speed>2.639241</speed><course>295.199361</course><hAcc>1.344528</hAcc><vAcc>0.756767</vAcc></extensions></trkpt>
      <trkpt lon="35.004359" lat="31.900270"><ele>226.535548</ele><time>2026-04-23T06:05:34Z</time><extensions><speed>2.750845</speed><course>293.126702</course><hAcc>1.343105</hAcc><vAcc>0.756762</vAcc></extensions></trkpt>
      <trkpt lon="35.004332" lat="31.900280"><ele>226.569305</ele><time>2026-04-23T06:05:35Z</time><extensions><speed>2.858447</speed><course>293.976954</course><hAcc>1.341045</hAcc><vAcc>0.756757</vAcc></extensions></trkpt>
      <trkpt lon="35.004304" lat="31.900292"><ele>226.620086</ele><time>2026-04-23T06:05:36Z</time><extensions><speed>3.016042</speed><course>297.357465</course><hAcc>1.341440</hAcc><vAcc>0.756753</vAcc></extensions></trkpt>
      <trkpt lon="35.004275" lat="31.900305"><ele>226.703997</ele><time>2026-04-23T06:05:37Z</time><extensions><speed>3.183836</speed><course>297.353615</course><hAcc>1.335611</hAcc><vAcc>0.756749</vAcc></extensions></trkpt>
      <trkpt lon="35.004245" lat="31.900317"><ele>226.776602</ele><time>2026-04-23T06:05:38Z</time><extensions><speed>3.107146</speed><course>295.044912</course><hAcc>1.333825</hAcc><vAcc>0.756746</vAcc></extensions></trkpt>
      <trkpt lon="35.004216" lat="31.900328"><ele>226.856978</ele><time>2026-04-23T06:05:39Z</time><extensions><speed>2.858452</speed><course>291.510753</course><hAcc>1.332994</hAcc><vAcc>0.756744</vAcc></extensions></trkpt>
      <trkpt lon="35.004188" lat="31.900337"><ele>226.923860</ele><time>2026-04-23T06:05:40Z</time><extensions><speed>2.882335</speed><course>288.175080</course><hAcc>1.325645</hAcc><vAcc>0.756742</vAcc></extensions></trkpt>
      <trkpt lon="35.004159" lat="31.900345"><ele>226.985361</ele><time>2026-04-23T06:05:41Z</time><extensions><speed>2.904704</speed><course>287.788473</course><hAcc>1.321369</hAcc><vAcc>0.756740</vAcc></extensions></trkpt>
      <trkpt lon="35.004129" lat="31.900353"><ele>227.062410</ele><time>2026-04-23T06:05:42Z</time><extensions><speed>3.071130</speed><course>289.956789</course><hAcc>1.311928</hAcc><vAcc>0.756739</vAcc></extensions></trkpt>
      <trkpt lon="35.004098" lat="31.900364"><ele>227.112126</ele><time>2026-04-23T06:05:43Z</time><extensions><speed>3.194697</speed><course>292.325320</course><hAcc>1.303068</hAcc><vAcc>0.756738</vAcc></extensions></trkpt>
      <trkpt lon="35.004067" lat="31.900374"><ele>227.164956</ele><time>2026-04-23T06:05:44Z</time><extensions><speed>3.016718</speed><course>291.068308</course><hAcc>1.294761</hAcc><vAcc>0.756737</vAcc></extensions></trkpt>
      <trkpt lon="35.004038" lat="31.900383"><ele>227.218278</ele><time>2026-04-23T06:05:45Z</time><extensions><speed>2.935152</speed><course>289.108130</course><hAcc>1.284215</hAcc><vAcc>0.756737</vAcc></extensions></trkpt>
      <trkpt lon="35.004009" lat="31.900392"><ele>227.295410</ele><time>2026-04-23T06:05:46Z</time><extensions><speed>2.857934</speed><course>291.690212</course><hAcc>1.276248</hAcc><vAcc>0.756737</vAcc></extensions></trkpt>
      <trkpt lon="35.003982" lat="31.900401"><ele>227.357131</ele><time>2026-04-23T06:05:47Z</time><extensions><speed>2.736840</speed><course>290.731408</course><hAcc>1.268871</hAcc><vAcc>0.756736</vAcc></extensions></trkpt>
      <trkpt lon="35.003954" lat="31.900410"><ele>227.427800</ele><time>2026-04-23T06:05:48Z</time><extensions><speed>2.786624</speed><course>289.092293</course><hAcc>1.255961</hAcc><vAcc>0.756736</vAcc></extensions></trkpt>
      <trkpt lon="35.003926" lat="31.900418"><ele>227.482080</ele><time>2026-04-23T06:05:49Z</time><extensions><speed>2.842360</speed><course>289.201191</course><hAcc>1.252557</hAcc><vAcc>0.756736</vAcc></extensions></trkpt>
      <trkpt lon="35.003897" lat="31.900427"><ele>227.546240</ele><time>2026-04-23T06:05:50Z</time><extensions><speed>3.087181</speed><course>291.307989</course><hAcc>1.254303</hAcc><vAcc>0.756736</vAcc></extensions></trkpt>
      <trkpt lon="35.003867" lat="31.900439"><ele>227.618261</ele><time>2026-04-23T06:05:51Z</time><extensions><speed>3.183439</speed><course>296.022537</course><hAcc>1.247776</hAcc><vAcc>0.756736</vAcc></extensions></trkpt>
      <trkpt lon="35.003838" lat="31.900450"><ele>227.701937</ele><time>2026-04-23T06:05:52Z</time><extensions><speed>2.743821</speed><course>295.101534</course><hAcc>1.249605</hAcc><vAcc>0.756736</vAcc></extensions></trkpt>
      <trkpt lon="35.003812" lat="31.900461"><ele>227.808550</ele><time>2026-04-23T06:05:53Z</time><extensions><speed>2.773665</speed><course>293.737258</course><hAcc>1.251781</hAcc><vAcc>0.756736</vAcc></extensions></trkpt>
      <trkpt lon="35.003785" lat="31.900471"><ele>227.900211</ele><time>2026-04-23T06:05:54Z</time><extensions><speed>2.829662</speed><course>293.315970</course><hAcc>1.251595</hAcc><vAcc>0.756736</vAcc></extensions></trkpt>
      <trkpt lon="35.003757" lat="31.900480"><ele>228.005373</ele><time>2026-04-23T06:05:55Z</time><extensions><speed>2.841522</speed><course>291.314275</course><hAcc>1.248141</hAcc><vAcc>0.756736</vAcc></extensions></trkpt>
      <trkpt lon="35.003728" lat="31.900489"><ele>228.159821</ele><time>2026-04-23T06:05:56Z</time><extensions><speed>2.896838</speed><course>287.361831</course><hAcc>1.245446</hAcc><vAcc>0.756736</vAcc></extensions></trkpt>
      <trkpt lon="35.003699" lat="31.900496"><ele>228.329910</ele><time>2026-04-23T06:05:57Z</time><extensions><speed>2.894447</speed><course>285.960105</course><hAcc>1.239940</hAcc><vAcc>0.756736</vAcc></extensions></trkpt>
      <trkpt lon="35.003670" lat="31.900504"><ele>228.509865</ele><time>2026-04-23T06:05:58Z</time><extensions><speed>2.881788</speed><course>286.949972</course><hAcc>1.236337</hAcc><vAcc>0.756736</vAcc></extensions></trkpt>
      <trkpt lon="35.003641" lat="31.900512"><ele>228.717560</ele><time>2026-04-23T06:05:59Z</time><extensions><speed>2.874447</speed><course>289.317263</course><hAcc>1.230724</hAcc><vAcc>0.756736</vAcc></extensions></trkpt>
      <trkpt lon="35.003613" lat="31.900521"><ele>228.933685</ele><time>2026-04-23T06:06:00Z</time><extensions><speed>2.746098</speed><course>293.156215</course><hAcc>1.226656</hAcc><vAcc>0.756736</vAcc></extensions></trkpt>
      <trkpt lon="35.003586" lat="31.900531"><ele>229.180341</ele><time>2026-04-23T06:06:01Z</time><extensions><speed>2.787904</speed><course>294.714475</course><hAcc>1.221177</hAcc><vAcc>0.756736</vAcc></extensions></trkpt>
      <trkpt lon="35.003560" lat="31.900542"><ele>229.430085</ele><time>2026-04-23T06:06:02Z</time><extensions><speed>2.847993</speed><course>295.761414</course><hAcc>1.220239</hAcc><vAcc>0.756736</vAcc></extensions></trkpt>
      <trkpt lon="35.003532" lat="31.900553"><ele>229.715150</ele><time>2026-04-23T06:06:03Z</time><extensions><speed>2.898102</speed><course>297.404858</course><hAcc>1.221514</hAcc><vAcc>0.756736</vAcc></extensions></trkpt>
      <trkpt lon="35.003505" lat="31.900566"><ele>230.021112</ele><time>2026-04-23T06:06:04Z</time><extensions><speed>3.034367</speed><course>297.039926</course><hAcc>1.230813</hAcc><vAcc>0.756736</vAcc></extensions></trkpt>
      <trkpt lon="35.003477" lat="31.900579"><ele>230.338280</ele><time>2026-04-23T06:06:05Z</time><extensions><speed>2.963158</speed><course>300.084338</course><hAcc>1.232412</hAcc><vAcc>0.756736</vAcc></extensions></trkpt>
      <trkpt lon="35.003450" lat="31.900592"><ele>230.671894</ele><time>2026-04-23T06:06:06Z</time><extensions><speed>2.889158</speed><course>301.695119</course><hAcc>1.231753</hAcc><vAcc>0.756736</vAcc></extensions></trkpt>
      <trkpt lon="35.003425" lat="31.900605"><ele>231.005125</ele><time>2026-04-23T06:06:07Z</time><extensions><speed>2.754766</speed><course>299.030745</course><hAcc>1.229266</hAcc><vAcc>0.756736</vAcc></extensions></trkpt>
      <trkpt lon="35.003399" lat="31.900616"><ele>231.342113</ele><time>2026-04-23T06:06:08Z</time><extensions><speed>2.657515</speed><course>296.655242</course><hAcc>1.227980</hAcc><vAcc>0.756736</vAcc></extensions></trkpt>
      <trkpt lon="35.003374" lat="31.900627"><ele>231.676133</ele><time>2026-04-23T06:06:09Z</time><extensions><speed>2.745193</speed><course>294.421957</course><hAcc>1.226253</hAcc><vAcc>0.756736</vAcc></extensions></trkpt>
      <trkpt lon="35.003348" lat="31.900637"><ele>232.014376</ele><time>2026-04-23T06:06:10Z</time><extensions><speed>2.695715</speed><course>296.397669</course><hAcc>1.215779</hAcc><vAcc>0.756736</vAcc></extensions></trkpt>
      <trkpt lon="35.003323" lat="31.900648"><ele>232.317804</ele><time>2026-04-23T06:06:11Z</time><extensions><speed>2.551615</speed><course>297.762906</course><hAcc>1.222336</hAcc><vAcc>0.756736</vAcc></extensions></trkpt>
      <trkpt lon="35.003298" lat="31.900658"><ele>232.603732</ele><time>2026-04-23T06:06:12Z</time><extensions><speed>2.601196</speed><course>293.968266</course><hAcc>1.213325</hAcc><vAcc>0.756736</vAcc></extensions></trkpt>
      <trkpt lon="35.003273" lat="31.900668"><ele>232.890588</ele><time>2026-04-23T06:06:13Z</time><extensions><speed>2.596944</speed><course>295.098828</course><hAcc>1.209810</hAcc><vAcc>0.756739</vAcc></extensions></trkpt>
      <trkpt lon="35.003248" lat="31.900679"><ele>233.151624</ele><time>2026-04-23T06:06:14Z</time><extensions><speed>2.785697</speed><course>296.434478</course><hAcc>1.214482</hAcc><vAcc>0.756743</vAcc></extensions></trkpt>
      <trkpt lon="35.003222" lat="31.900690"><ele>233.404648</ele><time>2026-04-23T06:06:15Z</time><extensions><speed>2.789001</speed><course>298.326486</course><hAcc>1.217872</hAcc><vAcc>0.756747</vAcc></extensions></trkpt>
      <trkpt lon="35.003197" lat="31.900702"><ele>233.619910</ele><time>2026-04-23T06:06:16Z</time><extensions><speed>2.549432</speed><course>300.043351</course><hAcc>1.227507</hAcc><vAcc>0.756752</vAcc></extensions></trkpt>
      <trkpt lon="35.003174" lat="31.900712"><ele>233.831814</ele><time>2026-04-23T06:06:17Z</time><extensions><speed>2.344554</speed><course>297.583415</course><hAcc>1.237497</hAcc><vAcc>0.756758</vAcc></extensions></trkpt>
      <trkpt lon="35.003152" lat="31.900722"><ele>234.019285</ele><time>2026-04-23T06:06:18Z</time><extensions><speed>2.479163</speed><course>294.643021</course><hAcc>1.235631</hAcc><vAcc>0.756765</vAcc></extensions></trkpt>
      <trkpt lon="35.003126" lat="31.900732"><ele>234.177442</ele><time>2026-04-23T06:06:19Z</time><extensions><speed>2.835169</speed><course>293.212789</course><hAcc>1.241508</hAcc><vAcc>0.756773</vAcc></extensions></trkpt>
      <trkpt lon="35.003096" lat="31.900742"><ele>234.319982</ele><time>2026-04-23T06:06:20Z</time><extensions><speed>3.201067</speed><course>292.291377</course><hAcc>1.243846</hAcc><vAcc>0.756784</vAcc></extensions></trkpt>
      <trkpt lon="35.003066" lat="31.900752"><ele>234.446818</ele><time>2026-04-23T06:06:21Z</time><extensions><speed>3.071150</speed><course>290.136918</course><hAcc>1.242242</hAcc><vAcc>0.756797</vAcc></extensions></trkpt>
      <trkpt lon="35.003036" lat="31.900762"><ele>234.556624</ele><time>2026-04-23T06:06:22Z</time><extensions><speed>2.926621</speed><course>291.306679</course><hAcc>1.243798</hAcc><vAcc>0.756816</vAcc></extensions></trkpt>
      <trkpt lon="35.003009" lat="31.900772"><ele>234.668350</ele><time>2026-04-23T06:06:24Z</time><extensions><speed>2.652889</speed><course>294.417508</course><hAcc>1.253029</hAcc><vAcc>0.756823</vAcc></extensions></trkpt>
      <trkpt lon="35.002983" lat="31.900782"><ele>234.744570</ele><time>2026-04-23T06:06:25Z</time><extensions><speed>2.693316</speed><course>294.812716</course><hAcc>1.242925</hAcc><vAcc>0.756805</vAcc></extensions></trkpt>
      <trkpt lon="35.002958" lat="31.900791"><ele>234.806830</ele><time>2026-04-23T06:06:26Z</time><extensions><speed>2.565149</speed><course>293.156034</course><hAcc>1.237982</hAcc><vAcc>0.756791</vAcc></extensions></trkpt>
      <trkpt lon="35.002933" lat="31.900800"><ele>234.867139</ele><time>2026-04-23T06:06:27Z</time><extensions><speed>2.547684</speed><course>290.507059</course><hAcc>1.236966</hAcc><vAcc>0.756781</vAcc></extensions></trkpt>
      <trkpt lon="35.002905" lat="31.900809"><ele>234.941109</ele><time>2026-04-23T06:06:28Z</time><extensions><speed>2.944300</speed><course>290.845813</course><hAcc>1.232876</hAcc><vAcc>0.756773</vAcc></extensions></trkpt>
      <trkpt lon="35.002876" lat="31.900818"><ele>235.013345</ele><time>2026-04-23T06:06:29Z</time><extensions><speed>2.939769</speed><course>289.837962</course><hAcc>1.229148</hAcc><vAcc>0.756767</vAcc></extensions></trkpt>
      <trkpt lon="35.002848" lat="31.900825"><ele>235.074790</ele><time>2026-04-23T06:06:30Z</time><extensions><speed>2.754575</speed><course>283.217704</course><hAcc>1.228174</hAcc><vAcc>0.756762</vAcc></extensions></trkpt>
      <trkpt lon="35.002820" lat="31.900831"><ele>235.146670</ele><time>2026-04-23T06:06:31Z</time><extensions><speed>2.648586</speed><course>281.564073</course><hAcc>1.219252</hAcc><vAcc>0.756757</vAcc></extensions></trkpt>
      <trkpt lon="35.002792" lat="31.900836"><ele>235.195992</ele><time>2026-04-23T06:06:32Z</time><extensions><speed>2.760975</speed><course>282.778789</course><hAcc>1.217294</hAcc><vAcc>0.756754</vAcc></extensions></trkpt>
      <trkpt lon="35.002763" lat="31.900842"><ele>235.277873</ele><time>2026-04-23T06:06:33Z</time><extensions><speed>2.878443</speed><course>287.519075</course><hAcc>1.213652</hAcc><vAcc>0.756751</vAcc></extensions></trkpt>
      <trkpt lon="35.002734" lat="31.900852"><ele>235.360329</ele><time>2026-04-23T06:06:34Z</time><extensions><speed>3.015006</speed><course>294.374439</course><hAcc>1.219158</hAcc><vAcc>0.756748</vAcc></extensions></trkpt>
      <trkpt lon="35.002705" lat="31.900864"><ele>235.450554</ele><time>2026-04-23T06:06:35Z</time><extensions><speed>3.159170</speed><course>298.747668</course><hAcc>1.216429</hAcc><vAcc>0.756746</vAcc></extensions></trkpt>
      <trkpt lon="35.002677" lat="31.900877"><ele>235.564454</ele><time>2026-04-23T06:06:36Z</time><extensions><speed>2.807668</speed><course>297.469114</course><hAcc>1.222273</hAcc><vAcc>0.756744</vAcc></extensions></trkpt>
      <trkpt lon="35.002651" lat="31.900888"><ele>235.673912</ele><time>2026-04-23T06:06:37Z</time><extensions><speed>2.642555</speed><course>293.559155</course><hAcc>1.233771</hAcc><vAcc>0.756742</vAcc></extensions></trkpt>
      <trkpt lon="35.002625" lat="31.900897"><ele>235.805883</ele><time>2026-04-23T06:06:38Z</time><extensions><speed>2.659813</speed><course>291.363118</course><hAcc>1.241851</hAcc><vAcc>0.756740</vAcc></extensions></trkpt>
      <trkpt lon="35.002599" lat="31.900905"><ele>235.942435</ele><time>2026-04-23T06:06:39Z</time><extensions><speed>2.530423</speed><course>288.772947</course><hAcc>1.250970</hAcc><vAcc>0.756739</vAcc></extensions></trkpt>
      <trkpt lon="35.002574" lat="31.900912"><ele>236.084277</ele><time>2026-04-23T06:06:40Z</time><extensions><speed>2.607271</speed><course>287.460499</course><hAcc>1.258188</hAcc><vAcc>0.756738</vAcc></extensions></trkpt>
      <trkpt lon="35.002547" lat="31.900920"><ele>236.218185</ele><time>2026-04-23T06:06:41Z</time><extensions><speed>2.773464</speed><course>291.603905</course><hAcc>1.267093</hAcc><vAcc>0.756737</vAcc></extensions></trkpt>
      <trkpt lon="35.002519" lat="31.900931"><ele>236.353005</ele><time>2026-04-23T06:06:42Z</time><extensions><speed>2.908756</speed><course>296.851911</course><hAcc>1.267886</hAcc><vAcc>0.756736</vAcc></extensions></trkpt>
      <trkpt lon="35.002492" lat="31.900943"><ele>236.498569</ele><time>2026-04-23T06:06:43Z</time><extensions><speed>2.906519</speed><course>299.416852</course><hAcc>1.275069</hAcc><vAcc>0.756736</vAcc></extensions></trkpt>
      <trkpt lon="35.002466" lat="31.900956"><ele>236.632673</ele><time>2026-04-23T06:06:44Z</time><extensions><speed>2.916614</speed><course>301.099025</course><hAcc>1.280411</hAcc><vAcc>0.756736</vAcc></extensions></trkpt>
      <trkpt lon="35.002440" lat="31.900970"><ele>236.767892</ele><time>2026-04-23T06:06:45Z</time><extensions><speed>2.825752</speed><course>304.757309</course><hAcc>1.283250</hAcc><vAcc>0.756735</vAcc></extensions></trkpt>
      <trkpt lon="35.002417" lat="31.900985"><ele>236.872678</ele><time>2026-04-23T06:06:46Z</time><extensions><speed>2.772643</speed><course>308.637437</course><hAcc>1.289318</hAcc><vAcc>0.756735</vAcc></extensions></trkpt>
      <trkpt lon="35.002393" lat="31.901001"><ele>236.966440</ele><time>2026-04-23T06:06:47Z</time><extensions><speed>2.797329</speed><course>307.578736</course><hAcc>1.290486</hAcc><vAcc>0.756735</vAcc></extensions></trkpt>
      <trkpt lon="35.002369" lat="31.901014"><ele>237.065550</ele><time>2026-04-23T06:06:48Z</time><extensions><speed>2.652687</speed><course>299.028635</course><hAcc>1.293047</hAcc><vAcc>0.756735</vAcc></extensions></trkpt>
      <trkpt lon="35.002345" lat="31.901024"><ele>237.144835</ele><time>2026-04-23T06:06:49Z</time><extensions><speed>2.481801</speed><course>291.210365</course><hAcc>1.294486</hAcc><vAcc>0.756735</vAcc></extensions></trkpt>
      <trkpt lon="35.002319" lat="31.901031"><ele>237.200981</ele><time>2026-04-23T06:06:50Z</time><extensions><speed>2.645636</speed><course>285.752631</course><hAcc>1.295442</hAcc><vAcc>0.756735</vAcc></extensions></trkpt>
      <trkpt lon="35.002291" lat="31.901038"><ele>237.219007</ele><time>2026-04-23T06:06:51Z</time><extensions><speed>2.899018</speed><course>285.202624</course><hAcc>1.294204</hAcc><vAcc>0.756735</vAcc></extensions></trkpt>
      <trkpt lon="35.002262" lat="31.901045"><ele>237.211349</ele><time>2026-04-23T06:06:52Z</time><extensions><speed>2.892653</speed><course>287.507208</course><hAcc>1.294736</hAcc><vAcc>0.756735</vAcc></extensions></trkpt>
      <trkpt lon="35.002233" lat="31.901054"><ele>237.209240</ele><time>2026-04-23T06:06:53Z</time><extensions><speed>2.776927</speed><course>289.702978</course><hAcc>1.292041</hAcc><vAcc>0.756735</vAcc></extensions></trkpt>
      <trkpt lon="35.002206" lat="31.901063"><ele>237.217409</ele><time>2026-04-23T06:06:54Z</time><extensions><speed>2.710912</speed><course>293.434113</course><hAcc>1.290558</hAcc><vAcc>0.756735</vAcc></extensions></trkpt>
      <trkpt lon="35.002181" lat="31.901072"><ele>237.212432</ele><time>2026-04-23T06:06:55Z</time><extensions><speed>2.528495</speed><course>293.178261</course><hAcc>1.287803</hAcc><vAcc>0.756735</vAcc></extensions></trkpt>
      <trkpt lon="35.002156" lat="31.901081"><ele>237.205367</ele><time>2026-04-23T06:06:56Z</time><extensions><speed>2.660828</speed><course>292.281512</course><hAcc>1.283564</hAcc><vAcc>0.756735</vAcc></extensions></trkpt>
      <trkpt lon="35.002130" lat="31.901090"><ele>237.176362</ele><time>2026-04-23T06:06:57Z</time><extensions><speed>2.665419</speed><course>290.870169</course><hAcc>1.277155</hAcc><vAcc>0.756735</vAcc></extensions></trkpt>
      <trkpt lon="35.002103" lat="31.901099"><ele>237.140680</ele><time>2026-04-23T06:06:58Z</time><extensions><speed>2.696015</speed><course>292.999801</course><hAcc>1.276851</hAcc><vAcc>0.756735</vAcc></extensions></trkpt>
      <trkpt lon="35.002076" lat="31.901109"><ele>237.118464</ele><time>2026-04-23T06:06:59Z</time><extensions><speed>2.857400</speed><course>293.005474</course><hAcc>1.259499</hAcc><vAcc>0.756735</vAcc></extensions></trkpt>
      <trkpt lon="35.002049" lat="31.901119"><ele>237.118145</ele><time>2026-04-23T06:07:00Z</time><extensions><speed>2.888569</speed><course>295.690049</course><hAcc>1.250858</hAcc><vAcc>0.756735</vAcc></extensions></trkpt>
      <trkpt lon="35.002021" lat="31.901132"><ele>237.124880</ele><time>2026-04-23T06:07:01Z</time><extensions><speed>3.073607</speed><course>298.811558</course><hAcc>1.253511</hAcc><vAcc>0.756735</vAcc></extensions></trkpt>
      <trkpt lon="35.001993" lat="31.901144"><ele>237.138783</ele><time>2026-04-23T06:07:02Z</time><extensions><speed>2.798973</speed><course>294.813939</course><hAcc>1.245295</hAcc><vAcc>0.756735</vAcc></extensions></trkpt>
      <trkpt lon="35.001967" lat="31.901153"><ele>237.178456</ele><time>2026-04-23T06:07:02Z</time><extensions><speed>2.592397</speed><course>291.365969</course><hAcc>1.240045</hAcc><vAcc>0.756736</vAcc></extensions></trkpt>
      <trkpt lon="35.001942" lat="31.901161"><ele>237.232458</ele><time>2026-04-23T06:07:03Z</time><extensions><speed>2.518717</speed><course>290.198392</course><hAcc>1.239330</hAcc><vAcc>0.756736</vAcc></extensions></trkpt>
      <trkpt lon="35.001917" lat="31.901169"><ele>237.309761</ele><time>2026-04-23T06:07:04Z</time><extensions><speed>2.491746</speed><course>289.568524</course><hAcc>1.242454</hAcc><vAcc>0.756736</vAcc></extensions></trkpt>
      <trkpt lon="35.001893" lat="31.901177"><ele>237.392082</ele><time>2026-04-23T06:07:05Z</time><extensions><speed>2.401562</speed><course>290.923079</course><hAcc>1.235460</hAcc><vAcc>0.756736</vAcc></extensions></trkpt>
      <trkpt lon="35.001870" lat="31.901184"><ele>237.486320</ele><time>2026-04-23T06:07:06Z</time><extensions><speed>2.281094</speed><course>291.699788</course><hAcc>1.235503</hAcc><vAcc>0.756736</vAcc></extensions></trkpt>
      <trkpt lon="35.001847" lat="31.901192"><ele>237.591437</ele><time>2026-04-23T06:07:07Z</time><extensions><speed>2.409997</speed><course>292.807870</course><hAcc>1.235826</hAcc><vAcc>0.756736</vAcc></extensions></trkpt>
      <trkpt lon="35.001823" lat="31.901202"><ele>237.701978</ele><time>2026-04-23T06:07:08Z</time><extensions><speed>2.577991</speed><course>297.897967</course><hAcc>1.235779</hAcc><vAcc>0.756736</vAcc></extensions></trkpt>
      <trkpt lon="35.001799" lat="31.901214"><ele>237.810472</ele><time>2026-04-23T06:07:09Z</time><extensions><speed>2.660121</speed><course>301.455426</course><hAcc>1.233732</hAcc><vAcc>0.756736</vAcc></extensions></trkpt>
      <trkpt lon="35.001775" lat="31.901225"><ele>237.918053</ele><time>2026-04-23T06:07:10Z</time><extensions><speed>2.539909</speed><course>298.084104</course><hAcc>1.232380</hAcc><vAcc>0.756736</vAcc></extensions></trkpt>
      <trkpt lon="35.001750" lat="31.901235"><ele>238.015372</ele><time>2026-04-23T06:07:11Z</time><extensions><speed>2.555273</speed><course>289.491939</course><hAcc>1.226206</hAcc><vAcc>0.756736</vAcc></extensions></trkpt>
      <trkpt lon="35.001724" lat="31.901241"><ele>238.114626</ele><time>2026-04-23T06:07:12Z</time><extensions><speed>2.663659</speed><course>280.518532</course><hAcc>1.218119</hAcc><vAcc>0.756736</vAcc></extensions></trkpt>
      <trkpt lon="35.001696" lat="31.901244"><ele>238.216509</ele><time>2026-04-23T06:07:13Z</time><extensions><speed>2.668252</speed><course>274.345590</course><hAcc>1.212866</hAcc><vAcc>0.756736</vAcc></extensions></trkpt>
      <trkpt lon="35.001669" lat="31.901245"><ele>238.296788</ele><time>2026-04-23T06:07:14Z</time><extensions><speed>2.510643</speed><course>270.847765</course><hAcc>1.209738</hAcc><vAcc>0.756736</vAcc></extensions></trkpt>
      <trkpt lon="35.001642" lat="31.901245"><ele>238.353766</ele><time>2026-04-23T06:07:15Z</time><extensions><speed>2.449183</speed><course>269.065373</course><hAcc>1.214557</hAcc><vAcc>0.756736</vAcc></extensions></trkpt>
      <trkpt lon="35.001616" lat="31.901244"><ele>238.431429</ele><time>2026-04-23T06:07:16Z</time><extensions><speed>2.507161</speed><course>264.807196</course><hAcc>1.213141</hAcc><vAcc>0.756736</vAcc></extensions></trkpt>
      <trkpt lon="35.001590" lat="31.901240"><ele>238.482209</ele><time>2026-04-23T06:07:17Z</time><extensions><speed>2.576491</speed><course>257.515117</course><hAcc>1.219232</hAcc><vAcc>0.756736</vAcc></extensions></trkpt>
      <trkpt lon="35.001563" lat="31.901233"><ele>238.547077</ele><time>2026-04-23T06:07:18Z</time><extensions><speed>2.646939</speed><course>250.294745</course><hAcc>1.222436</hAcc><vAcc>0.756736</vAcc></extensions></trkpt>
      <trkpt lon="35.001536" lat="31.901226"><ele>238.597324</ele><time>2026-04-23T06:07:19Z</time><extensions><speed>2.711389</speed><course>255.057766</course><hAcc>1.224012</hAcc><vAcc>0.756736</vAcc></extensions></trkpt>
      <trkpt lon="35.001508" lat="31.901222"><ele>238.647978</ele><time>2026-04-23T06:07:20Z</time><extensions><speed>2.765400</speed><course>262.848511</course><hAcc>1.227822</hAcc><vAcc>0.756736</vAcc></extensions></trkpt>
      <trkpt lon="35.001480" lat="31.901220"><ele>238.701766</ele><time>2026-04-23T06:07:21Z</time><extensions><speed>2.539066</speed><course>270.124089</course><hAcc>1.231428</hAcc><vAcc>0.756736</vAcc></extensions></trkpt>
      <trkpt lon="35.001453" lat="31.901221"><ele>238.759633</ele><time>2026-04-23T06:07:22Z</time><extensions><speed>2.636884</speed><course>272.237839</course><hAcc>1.235405</hAcc><vAcc>0.756736</vAcc></extensions></trkpt>
      <trkpt lon="35.001425" lat="31.901222"><ele>238.818347</ele><time>2026-04-23T06:07:23Z</time><extensions><speed>2.666065</speed><course>273.877690</course><hAcc>1.241091</hAcc><vAcc>0.756736</vAcc></extensions></trkpt>
      <trkpt lon="35.001396" lat="31.901223"><ele>238.871030</ele><time>2026-04-23T06:07:24Z</time><extensions><speed>2.716222</speed><course>273.384948</course><hAcc>1.250082</hAcc><vAcc>0.756736</vAcc></extensions></trkpt>
      <trkpt lon="35.001368" lat="31.901226"><ele>238.938087</ele><time>2026-04-23T06:07:25Z</time><extensions><speed>2.722527</speed><course>277.709580</course><hAcc>1.252008</hAcc><vAcc>0.756736</vAcc></extensions></trkpt>
      <trkpt lon="35.001339" lat="31.901229"><ele>239.022847</ele><time>2026-04-23T06:07:26Z</time><extensions><speed>2.709036</speed><course>279.374079</course><hAcc>1.248848</hAcc><vAcc>0.756736</vAcc></extensions></trkpt>
      <trkpt lon="35.001312" lat="31.901233"><ele>239.104921</ele><time>2026-04-23T06:07:27Z</time><extensions><speed>2.617170</speed><course>280.448781</course><hAcc>1.253275</hAcc><vAcc>0.756736</vAcc></extensions></trkpt>
      <trkpt lon="35.001285" lat="31.901238"><ele>239.178961</ele><time>2026-04-23T06:07:28Z</time><extensions><speed>2.553037</speed><course>281.121965</course><hAcc>1.260897</hAcc><vAcc>0.756736</vAcc></extensions></trkpt>
      <trkpt lon="35.001259" lat="31.901242"><ele>239.239522</ele><time>2026-04-23T06:07:29Z</time><extensions><speed>2.531804</speed><course>282.488710</course><hAcc>1.268065</hAcc><vAcc>0.756736</vAcc></extensions></trkpt>
      <trkpt lon="35.001233" lat="31.901248"><ele>239.313343</ele><time>2026-04-23T06:07:30Z</time><extensions><speed>2.421099</speed><course>287.067032</course><hAcc>1.273821</hAcc><vAcc>0.756736</vAcc></extensions></trkpt>
      <trkpt lon="35.001209" lat="31.901255"><ele>239.381913</ele><time>2026-04-23T06:07:31Z</time><extensions><speed>2.370206</speed><course>291.052732</course><hAcc>1.275115</hAcc><vAcc>0.756736</vAcc></extensions></trkpt>
      <trkpt lon="35.001186" lat="31.901263"><ele>239.468882</ele><time>2026-04-23T06:07:32Z</time><extensions><speed>2.449527</speed><course>290.547288</course><hAcc>1.286775</hAcc><vAcc>0.756736</vAcc></extensions></trkpt>
      <trkpt lon="35.001161" lat="31.901271"><ele>239.570385</ele><time>2026-04-23T06:07:33Z</time><extensions><speed>2.599438</speed><course>288.738362</course><hAcc>1.304971</hAcc><vAcc>0.756736</vAcc></extensions></trkpt>
      <trkpt lon="35.001133" lat="31.901277"><ele>239.673616</ele><time>2026-04-23T06:07:34Z</time><extensions><speed>2.781121</speed><course>283.609222</course><hAcc>1.317919</hAcc><vAcc>0.756736</vAcc></extensions></trkpt>
      <trkpt lon="35.001103" lat="31.901282"><ele>239.785676</ele><time>2026-04-23T06:07:35Z</time><extensions><speed>2.990933</speed><course>278.667438</course><hAcc>1.326941</hAcc><vAcc>0.756736</vAcc></extensions></trkpt>
      <trkpt lon="35.001073" lat="31.901286"><ele>239.898221</ele><time>2026-04-23T06:07:36Z</time><extensions><speed>2.902447</speed><course>276.720740</course><hAcc>1.331911</hAcc><vAcc>0.756736</vAcc></extensions></trkpt>
      <trkpt lon="35.001043" lat="31.901289"><ele>240.016926</ele><time>2026-04-23T06:07:37Z</time><extensions><speed>2.678231</speed><course>276.693554</course><hAcc>1.335878</hAcc><vAcc>0.756736</vAcc></extensions></trkpt>
      <trkpt lon="35.001016" lat="31.901292"><ele>240.128559</ele><time>2026-04-23T06:07:38Z</time><extensions><speed>2.533589</speed><course>280.278736</course><hAcc>1.347696</hAcc><vAcc>0.756736</vAcc></extensions></trkpt>
      <trkpt lon="35.000990" lat="31.901297"><ele>240.241653</ele><time>2026-04-23T06:07:39Z</time><extensions><speed>2.469021</speed><course>283.926535</course><hAcc>1.362742</hAcc><vAcc>0.756736</vAcc></extensions></trkpt>
      <trkpt lon="35.000965" lat="31.901303"><ele>240.333258</ele><time>2026-04-23T06:07:40Z</time><extensions><speed>2.519370</speed><course>285.951883</course><hAcc>1.379535</hAcc><vAcc>0.756736</vAcc></extensions></trkpt>
      <trkpt lon="35.000939" lat="31.901309"><ele>240.399167</ele><time>2026-04-23T06:07:41Z</time><extensions><speed>2.575072</speed><course>287.551157</course><hAcc>1.391136</hAcc><vAcc>0.756736</vAcc></extensions></trkpt>
      <trkpt lon="35.000913" lat="31.901316"><ele>240.462167</ele><time>2026-04-23T06:07:42Z</time><extensions><speed>2.506451</speed><course>285.658589</course><hAcc>1.403635</hAcc><vAcc>0.756736</vAcc></extensions></trkpt>
      <trkpt lon="35.000888" lat="31.901322"><ele>240.524689</ele><time>2026-04-23T06:07:43Z</time><extensions><speed>2.427862</speed><course>283.741811</course><hAcc>1.425178</hAcc><vAcc>0.756736</vAcc></extensions></trkpt>
      <trkpt lon="35.000863" lat="31.901327"><ele>240.599476</ele><time>2026-04-23T06:07:44Z</time><extensions><speed>2.530895</speed><course>283.227646</course><hAcc>1.435625</hAcc><vAcc>0.756736</vAcc></extensions></trkpt>
      <trkpt lon="35.000836" lat="31.901332"><ele>240.680066</ele><time>2026-04-23T06:07:45Z</time><extensions><speed>2.566140</speed><course>283.735487</course><hAcc>1.445623</hAcc><vAcc>0.756736</vAcc></extensions></trkpt>
      <trkpt lon="35.000810" lat="31.901338"><ele>240.772206</ele><time>2026-04-23T06:07:46Z</time><extensions><speed>2.604589</speed><course>283.688103</course><hAcc>1.456995</hAcc><vAcc>0.756736</vAcc></extensions></trkpt>
      <trkpt lon="35.000783" lat="31.901344"><ele>240.859215</ele><time>2026-04-23T06:07:47Z</time><extensions><speed>2.605563</speed><course>286.002987</course><hAcc>1.458687</hAcc><vAcc>0.756736</vAcc></extensions></trkpt>
      <trkpt lon="35.000757" lat="31.901350"><ele>240.941783</ele><time>2026-04-23T06:07:48Z</time><extensions><speed>2.575693</speed><course>286.708077</course><hAcc>1.464242</hAcc><vAcc>0.756736</vAcc></extensions></trkpt>
      <trkpt lon="35.000731" lat="31.901357"><ele>241.037048</ele><time>2026-04-23T06:07:49Z</time><extensions><speed>2.610268</speed><course>286.962686</course><hAcc>1.476842</hAcc><vAcc>0.756736</vAcc></extensions></trkpt>
      <trkpt lon="35.000704" lat="31.901363"><ele>241.121378</ele><time>2026-04-23T06:07:50Z</time><extensions><speed>2.548036</speed><course>284.634351</course><hAcc>1.486019</hAcc><vAcc>0.756736</vAcc></extensions></trkpt>
      <trkpt lon="35.000678" lat="31.901368"><ele>241.238255</ele><time>2026-04-23T06:07:51Z</time><extensions><speed>2.515594</speed><course>280.231140</course><hAcc>1.490284</hAcc><vAcc>0.756736</vAcc></extensions></trkpt>
      <trkpt lon="35.000651" lat="31.901372"><ele>241.354692</ele><time>2026-04-23T06:07:52Z</time><extensions><speed>2.642590</speed><course>279.947255</course><hAcc>1.489132</hAcc><vAcc>0.756736</vAcc></extensions></trkpt>
      <trkpt lon="35.000623" lat="31.901377"><ele>241.500170</ele><time>2026-04-23T06:07:53Z</time><extensions><speed>2.763208</speed><course>284.366257</course><hAcc>1.486145</hAcc><vAcc>0.756736</vAcc></extensions></trkpt>
      <trkpt lon="35.000595" lat="31.901385"><ele>241.652929</ele><time>2026-04-23T06:07:54Z</time><extensions><speed>2.816699</speed><course>289.392576</course><hAcc>1.487223</hAcc><vAcc>0.756736</vAcc></extensions></trkpt>
      <trkpt lon="35.000568" lat="31.901393"><ele>241.804802</ele><time>2026-04-23T06:07:55Z</time><extensions><speed>2.770507</speed><course>291.323199</course><hAcc>1.476590</hAcc><vAcc>0.756736</vAcc></extensions></trkpt>
      <trkpt lon="35.000541" lat="31.901402"><ele>241.967372</ele><time>2026-04-23T06:07:56Z</time><extensions><speed>2.696804</speed><course>290.851653</course><hAcc>1.474798</hAcc><vAcc>0.756736</vAcc></extensions></trkpt>
      <trkpt lon="35.000514" lat="31.901410"><ele>242.114991</ele><time>2026-04-23T06:07:57Z</time><extensions><speed>2.584883</speed><course>286.076433</course><hAcc>1.475108</hAcc><vAcc>0.756736</vAcc></extensions></trkpt>
      <trkpt lon="35.000487" lat="31.901416"><ele>242.254630</ele><time>2026-04-23T06:07:58Z</time><extensions><speed>2.651556</speed><course>282.208743</course><hAcc>1.464203</hAcc><vAcc>0.756736</vAcc></extensions></trkpt>
      <trkpt lon="35.000459" lat="31.901420"><ele>242.375368</ele><time>2026-04-23T06:07:59Z</time><extensions><speed>2.694580</speed><course>280.538360</course><hAcc>1.452844</hAcc><vAcc>0.756736</vAcc></extensions></trkpt>
      <trkpt lon="35.000431" lat="31.901425"><ele>242.493372</ele><time>2026-04-23T06:08:00Z</time><extensions><speed>2.800629</speed><course>279.561666</course><hAcc>1.447874</hAcc><vAcc>0.756736</vAcc></extensions></trkpt>
      <trkpt lon="35.000402" lat="31.901428"><ele>242.611867</ele><time>2026-04-23T06:08:01Z</time><extensions><speed>2.724375</speed><course>276.441194</course><hAcc>1.446948</hAcc><vAcc>0.756736</vAcc></extensions></trkpt>
      <trkpt lon="35.000373" lat="31.901431"><ele>242.708446</ele><time>2026-04-23T06:08:02Z</time><extensions><speed>2.741963</speed><course>274.650076</course><hAcc>1.434999</hAcc><vAcc>0.756736</vAcc></extensions></trkpt>
      <trkpt lon="35.000345" lat="31.901433"><ele>242.792142</ele><time>2026-04-23T06:08:03Z</time><extensions><speed>2.683239</speed><course>275.136744</course><hAcc>1.427902</hAcc><vAcc>0.756736</vAcc></extensions></trkpt>
      <trkpt lon="35.000317" lat="31.901436"><ele>242.881704</ele><time>2026-04-23T06:08:04Z</time><extensions><speed>2.559175</speed><course>278.755956</course><hAcc>1.420228</hAcc><vAcc>0.756736</vAcc></extensions></trkpt>
      <trkpt lon="35.000292" lat="31.901440"><ele>242.961929</ele><time>2026-04-23T06:08:05Z</time><extensions><speed>2.425185</speed><course>283.266949</course><hAcc>1.417805</hAcc><vAcc>0.756736</vAcc></extensions></trkpt>
      <trkpt lon="35.000267" lat="31.901445"><ele>243.031338</ele><time>2026-04-23T06:08:06Z</time><extensions><speed>2.402937</speed><course>285.727589</course><hAcc>1.410518</hAcc><vAcc>0.756736</vAcc></extensions></trkpt>
      <trkpt lon="35.000241" lat="31.901451"><ele>243.082091</ele><time>2026-04-23T06:08:07Z</time><extensions><speed>2.648326</speed><course>285.550845</course><hAcc>1.407835</hAcc><vAcc>0.756736</vAcc></extensions></trkpt>
      <trkpt lon="35.000213" lat="31.901458"><ele>243.110782</ele><time>2026-04-23T06:08:08Z</time><extensions><speed>2.889660</speed><course>285.635767</course><hAcc>1.405253</hAcc><vAcc>0.756736</vAcc></extensions></trkpt>
      <trkpt lon="35.000185" lat="31.901465"><ele>243.125906</ele><time>2026-04-23T06:08:09Z</time><extensions><speed>2.753352</speed><course>287.491232</course><hAcc>1.402186</hAcc><vAcc>0.756736</vAcc></extensions></trkpt>
      <trkpt lon="35.000158" lat="31.901473"><ele>243.132368</ele><time>2026-04-23T06:08:10Z</time><extensions><speed>2.570221</speed><course>287.663910</course><hAcc>1.392067</hAcc><vAcc>0.756736</vAcc></extensions></trkpt>
      <trkpt lon="35.000132" lat="31.901479"><ele>243.119040</ele><time>2026-04-23T06:08:11Z</time><extensions><speed>2.524421</speed><course>285.111792</course><hAcc>1.391159</hAcc><vAcc>0.756736</vAcc></extensions></trkpt>
      <trkpt lon="35.000106" lat="31.901485"><ele>243.104579</ele><time>2026-04-23T06:08:12Z</time><extensions><speed>2.570387</speed><course>284.073802</course><hAcc>1.381108</hAcc><vAcc>0.756736</vAcc></extensions></trkpt>
      <trkpt lon="35.000079" lat="31.901491"><ele>243.069147</ele><time>2026-04-23T06:08:13Z</time><extensions><speed>2.617800</speed><course>284.981094</course><hAcc>1.366582</hAcc><vAcc>0.756736</vAcc></extensions></trkpt>
      <trkpt lon="35.000053" lat="31.901497"><ele>243.032815</ele><time>2026-04-23T06:08:14Z</time><extensions><speed>2.595465</speed><course>283.856814</course><hAcc>1.361567</hAcc><vAcc>0.756736</vAcc></extensions></trkpt>
      <trkpt lon="35.000026" lat="31.901503"><ele>242.990438</ele><time>2026-04-23T06:08:15Z</time><extensions><speed>2.610269</speed><course>285.191727</course><hAcc>1.353518</hAcc><vAcc>0.756736</vAcc></extensions></trkpt>
      <trkpt lon="35.000000" lat="31.901508"><ele>242.937829</ele><time>2026-04-23T06:08:16Z</time><extensions><speed>2.483519</speed><course>284.471666</course><hAcc>1.354954</hAcc><vAcc>0.756736</vAcc></extensions></trkpt>
      <trkpt lon="34.999975" lat="31.901513"><ele>242.881864</ele><time>2026-04-23T06:08:17Z</time><extensions><speed>2.465433</speed><course>280.939086</course><hAcc>1.349193</hAcc><vAcc>0.756736</vAcc></extensions></trkpt>
      <trkpt lon="34.999949" lat="31.901517"><ele>242.831425</ele><time>2026-04-23T06:08:18Z</time><extensions><speed>2.512867</speed><course>278.761150</course><hAcc>1.347230</hAcc><vAcc>0.756736</vAcc></extensions></trkpt>
      <trkpt lon="34.999923" lat="31.901520"><ele>242.786018</ele><time>2026-04-23T06:08:19Z</time><extensions><speed>2.497334</speed><course>278.273681</course><hAcc>1.351573</hAcc><vAcc>0.756739</vAcc></extensions></trkpt>
      <trkpt lon="34.999896" lat="31.901523"><ele>242.739084</ele><time>2026-04-23T06:08:20Z</time><extensions><speed>2.666001</speed><course>276.458417</course><hAcc>1.357089</hAcc><vAcc>0.756743</vAcc></extensions></trkpt>
      <trkpt lon="34.999867" lat="31.901526"><ele>242.688784</ele><time>2026-04-23T06:08:21Z</time><extensions><speed>2.788586</speed><course>276.659111</course><hAcc>1.363789</hAcc><vAcc>0.756747</vAcc></extensions></trkpt>
      <trkpt lon="34.999837" lat="31.901529"><ele>242.646266</ele><time>2026-04-23T06:08:22Z</time><extensions><speed>2.922692</speed><course>277.821093</course><hAcc>1.371491</hAcc><vAcc>0.756752</vAcc></extensions></trkpt>
      <trkpt lon="34.999808" lat="31.901532"><ele>242.624146</ele><time>2026-04-23T06:08:23Z</time><extensions><speed>2.648080</speed><course>274.673588</course><hAcc>1.376380</hAcc><vAcc>0.756758</vAcc></extensions></trkpt>
      <trkpt lon="34.999781" lat="31.901533"><ele>242.618345</ele><time>2026-04-23T06:08:24Z</time><extensions><speed>2.482041</speed><course>270.662259</course><hAcc>1.379399</hAcc><vAcc>0.756765</vAcc></extensions></trkpt>
      <trkpt lon="34.999756" lat="31.901531"><ele>242.618085</ele><time>2026-04-23T06:08:25Z</time><extensions><speed>2.332573</speed><course>261.636110</course><hAcc>1.381139</hAcc><vAcc>0.756774</vAcc></extensions></trkpt>
      <trkpt lon="34.999732" lat="31.901525"><ele>242.647143</ele><time>2026-04-23T06:08:26Z</time><extensions><speed>2.282597</speed><course>244.049958</course><hAcc>1.387098</hAcc><vAcc>0.756784</vAcc></extensions></trkpt>
      <trkpt lon="34.999712" lat="31.901513"><ele>242.694282</ele><time>2026-04-23T06:08:27Z</time><extensions><speed>2.508002</speed><course>224.566415</course><hAcc>1.391914</hAcc><vAcc>0.756798</vAcc></extensions></trkpt>
      <trkpt lon="34.999696" lat="31.901493"><ele>242.757850</ele><time>2026-04-23T06:08:28Z</time><extensions><speed>2.935443</speed><course>208.054616</course><hAcc>1.396864</hAcc><vAcc>0.756817</vAcc></extensions></trkpt>
      <trkpt lon="34.999683" lat="31.901467"><ele>242.843490</ele><time>2026-04-23T06:08:30Z</time><extensions><speed>3.303088</speed><course>198.828987</course><hAcc>1.400728</hAcc><vAcc>0.756824</vAcc></extensions></trkpt>
      <trkpt lon="34.999672" lat="31.901438"><ele>242.929278</ele><time>2026-04-23T06:08:31Z</time><extensions><speed>3.370770</speed><course>196.773155</course><hAcc>1.405257</hAcc><vAcc>0.756806</vAcc></extensions></trkpt>
      <trkpt lon="34.999662" lat="31.901410"><ele>243.029087</ele><time>2026-04-23T06:08:32Z</time><extensions><speed>3.256802</speed><course>194.766339</course><hAcc>1.411703</hAcc><vAcc>0.756792</vAcc></extensions></trkpt>
      <trkpt lon="34.999653" lat="31.901383"><ele>243.121068</ele><time>2026-04-23T06:08:33Z</time><extensions><speed>2.995203</speed><course>197.769420</course><hAcc>1.412163</hAcc><vAcc>0.756782</vAcc></extensions></trkpt>
      <trkpt lon="34.999644" lat="31.901358"><ele>243.207469</ele><time>2026-04-23T06:08:34Z</time><extensions><speed>2.848906</speed><course>199.062713</course><hAcc>1.410035</hAcc><vAcc>0.756774</vAcc></extensions></trkpt>
      <trkpt lon="34.999633" lat="31.901334"><ele>243.312959</ele><time>2026-04-23T06:08:35Z</time><extensions><speed>2.873316</speed><course>199.858419</course><hAcc>1.409800</hAcc><vAcc>0.756768</vAcc></extensions></trkpt>
      <trkpt lon="34.999623" lat="31.901309"><ele>243.422005</ele><time>2026-04-23T06:08:36Z</time><extensions><speed>2.926975</speed><course>201.137840</course><hAcc>1.409168</hAcc><vAcc>0.756763</vAcc></extensions></trkpt>
      <trkpt lon="34.999612" lat="31.901285"><ele>243.539717</ele><time>2026-04-23T06:08:37Z</time><extensions><speed>2.759273</speed><course>202.851303</course><hAcc>1.405665</hAcc><vAcc>0.756759</vAcc></extensions></trkpt>
      <trkpt lon="34.999599" lat="31.901264"><ele>243.647506</ele><time>2026-04-23T06:08:38Z</time><extensions><speed>2.596072</speed><course>208.050867</course><hAcc>1.402405</hAcc><vAcc>0.756755</vAcc></extensions></trkpt>
      <trkpt lon="34.999586" lat="31.901244"><ele>243.754890</ele><time>2026-04-23T06:08:39Z</time><extensions><speed>2.534147</speed><course>213.303136</course><hAcc>1.402136</hAcc><vAcc>0.756752</vAcc></extensions></trkpt>
      <trkpt lon="34.999569" lat="31.901226"><ele>243.861384</ele><time>2026-04-23T06:08:40Z</time><extensions><speed>2.532285</speed><course>221.794029</course><hAcc>1.397679</hAcc><vAcc>0.756750</vAcc></extensions></trkpt>
      <trkpt lon="34.999549" lat="31.901211"><ele>243.940415</ele><time>2026-04-23T06:08:41Z</time><extensions><speed>2.528377</speed><course>238.149294</course><hAcc>1.402523</hAcc><vAcc>0.756747</vAcc></extensions></trkpt>
      <trkpt lon="34.999527" lat="31.901200"><ele>244.025016</ele><time>2026-04-23T06:08:42Z</time><extensions><speed>2.365684</speed><course>240.085377</course><hAcc>1.412718</hAcc><vAcc>0.756746</vAcc></extensions></trkpt>
      <trkpt lon="34.999507" lat="31.901187"><ele>244.121544</ele><time>2026-04-23T06:08:43Z</time><extensions><speed>2.346618</speed><course>227.866565</course><hAcc>1.428305</hAcc><vAcc>0.756744</vAcc></extensions></trkpt>
      <trkpt lon="34.999490" lat="31.901170"><ele>244.198864</ele><time>2026-04-23T06:08:44Z</time><extensions><speed>2.562843</speed><course>211.896725</course><hAcc>1.443473</hAcc><vAcc>0.756742</vAcc></extensions></trkpt>
      <trkpt lon="34.999477" lat="31.901149"><ele>244.248830</ele><time>2026-04-23T06:08:45Z</time><extensions><speed>2.814827</speed><course>204.692849</course><hAcc>1.457832</hAcc><vAcc>0.756741</vAcc></extensions></trkpt>
      <trkpt lon="34.999465" lat="31.901125"><ele>244.285014</ele><time>2026-04-23T06:08:46Z</time><extensions><speed>2.899854</speed><course>203.560595</course><hAcc>1.472551</hAcc><vAcc>0.756740</vAcc></extensions></trkpt>
      <trkpt lon="34.999452" lat="31.901102"><ele>244.318156</ele><time>2026-04-23T06:08:47Z</time><extensions><speed>2.849235</speed><course>208.170858</course><hAcc>1.493334</hAcc><vAcc>0.756739</vAcc></extensions></trkpt>
      <trkpt lon="34.999436" lat="31.901080"><ele>244.343131</ele><time>2026-04-23T06:08:48Z</time><extensions><speed>2.903147</speed><course>212.069494</course><hAcc>1.511053</hAcc><vAcc>0.756738</vAcc></extensions></trkpt>
      <trkpt lon="34.999419" lat="31.901058"><ele>244.368248</ele><time>2026-04-23T06:08:49Z</time><extensions><speed>2.937181</speed><course>216.362609</course><hAcc>1.527100</hAcc><vAcc>0.756738</vAcc></extensions></trkpt>
      <trkpt lon="34.999400" lat="31.901036"><ele>244.404620</ele><time>2026-04-23T06:08:50Z</time><extensions><speed>3.126512</speed><course>218.428269</course><hAcc>1.538033</hAcc><vAcc>0.756737</vAcc></extensions></trkpt>
      <trkpt lon="34.999381" lat="31.901014"><ele>244.434202</ele><time>2026-04-23T06:08:51Z</time><extensions><speed>3.059821</speed><course>211.685874</course><hAcc>1.553339</hAcc><vAcc>0.756737</vAcc></extensions></trkpt>
      <trkpt lon="34.999365" lat="31.900990"><ele>244.457472</ele><time>2026-04-23T06:08:52Z</time><extensions><speed>2.955298</speed><course>210.750412</course><hAcc>1.570424</hAcc><vAcc>0.756737</vAcc></extensions></trkpt>
      <trkpt lon="34.999349" lat="31.900968"><ele>244.467192</ele><time>2026-04-23T06:08:53Z</time><extensions><speed>2.770770</speed><course>211.808560</course><hAcc>1.587451</hAcc><vAcc>0.756737</vAcc></extensions></trkpt>
      <trkpt lon="34.999334" lat="31.900948"><ele>244.475533</ele><time>2026-04-23T06:08:54Z</time><extensions><speed>2.587004</speed><course>212.918577</course><hAcc>1.601037</hAcc><vAcc>0.756736</vAcc></extensions></trkpt>
      <trkpt lon="34.999320" lat="31.900928"><ele>244.466271</ele><time>2026-04-23T06:08:55Z</time><extensions><speed>2.523258</speed><course>214.164883</course><hAcc>1.612349</hAcc><vAcc>0.756736</vAcc></extensions></trkpt>
      <trkpt lon="34.999304" lat="31.900909"><ele>244.449168</ele><time>2026-04-23T06:08:56Z</time><extensions><speed>2.622665</speed><course>216.150518</course><hAcc>1.615862</hAcc><vAcc>0.756736</vAcc></extensions></trkpt>
      <trkpt lon="34.999286" lat="31.900890"><ele>244.439808</ele><time>2026-04-23T06:08:57Z</time><extensions><speed>2.732919</speed><course>220.973106</course><hAcc>1.614742</hAcc><vAcc>0.756736</vAcc></extensions></trkpt>
      <trkpt lon="34.999266" lat="31.900873"><ele>244.437779</ele><time>2026-04-23T06:08:58Z</time><extensions><speed>2.733088</speed><course>228.574561</course><hAcc>1.620132</hAcc><vAcc>0.756736</vAcc></extensions></trkpt>
      <trkpt lon="34.999243" lat="31.900858"><ele>244.424190</ele><time>2026-04-23T06:08:59Z</time><extensions><speed>2.730600</speed><course>236.753219</course><hAcc>1.623815</hAcc><vAcc>0.756736</vAcc></extensions></trkpt>
      <trkpt lon="34.999220" lat="31.900844"><ele>244.399717</ele><time>2026-04-23T06:09:00Z</time><extensions><speed>2.603837</speed><course>233.253281</course><hAcc>1.624846</hAcc><vAcc>0.756736</vAcc></extensions></trkpt>
      <trkpt lon="34.999200" lat="31.900828"><ele>244.363791</ele><time>2026-04-23T06:09:01Z</time><extensions><speed>2.548529</speed><course>220.228117</course><hAcc>1.622833</hAcc><vAcc>0.756736</vAcc></extensions></trkpt>
      <trkpt lon="34.999184" lat="31.900807"><ele>244.338920</ele><time>2026-04-23T06:09:02Z</time><extensions><speed>2.963064</speed><course>205.413582</course><hAcc>1.622891</hAcc><vAcc>0.756736</vAcc></extensions></trkpt>
      <trkpt lon="34.999171" lat="31.900784"><ele>244.331935</ele><time>2026-04-23T06:09:03Z</time><extensions><speed>2.883215</speed><course>206.652851</course><hAcc>1.625882</hAcc><vAcc>0.756736</vAcc></extensions></trkpt>
      <trkpt lon="34.999156" lat="31.900763"><ele>244.323789</ele><time>2026-04-23T06:09:04Z</time><extensions><speed>2.429825</speed><course>216.609899</course><hAcc>1.632640</hAcc><vAcc>0.756736</vAcc></extensions></trkpt>
      <trkpt lon="34.999141" lat="31.900747"><ele>244.300193</ele><time>2026-04-23T06:09:05Z</time><extensions><speed>2.093896</speed><course>221.956490</course><hAcc>1.639955</hAcc><vAcc>0.756736</vAcc></extensions></trkpt>
      <trkpt lon="34.999125" lat="31.900731"><ele>244.287537</ele><time>2026-04-23T06:09:06Z</time><extensions><speed>2.583187</speed><course>219.788878</course><hAcc>1.618947</hAcc><vAcc>0.756736</vAcc></extensions></trkpt>
      <trkpt lon="34.999106" lat="31.900713"><ele>244.279738</ele><time>2026-04-23T06:09:07Z</time><extensions><speed>2.871142</speed><course>223.217322</course><hAcc>1.620338</hAcc><vAcc>0.756736</vAcc></extensions></trkpt>
      <trkpt lon="34.999084" lat="31.900694"><ele>244.261855</ele><time>2026-04-23T06:09:08Z</time><extensions><speed>2.927234</speed><course>227.910184</course><hAcc>1.626052</hAcc><vAcc>0.756736</vAcc></extensions></trkpt>
      <trkpt lon="34.999061" lat="31.900677"><ele>244.241533</ele><time>2026-04-23T06:09:09Z</time><extensions><speed>2.789327</speed><course>230.905554</course><hAcc>1.619220</hAcc><vAcc>0.756736</vAcc></extensions></trkpt>
      <trkpt lon="34.999038" lat="31.900663"><ele>244.203566</ele><time>2026-04-23T06:09:10Z</time><extensions><speed>2.708891</speed><course>235.264759</course><hAcc>1.616271</hAcc><vAcc>0.756736</vAcc></extensions></trkpt>
      <trkpt lon="34.999014" lat="31.900649"><ele>244.161888</ele><time>2026-04-23T06:09:10Z</time><extensions><speed>2.698606</speed><course>236.373164</course><hAcc>1.616819</hAcc><vAcc>0.756736</vAcc></extensions></trkpt>
      <trkpt lon="34.998990" lat="31.900635"><ele>244.097348</ele><time>2026-04-23T06:09:11Z</time><extensions><speed>2.783037</speed><course>234.256049</course><hAcc>1.620690</hAcc><vAcc>0.756736</vAcc></extensions></trkpt>
      <trkpt lon="34.998966" lat="31.900620"><ele>244.024692</ele><time>2026-04-23T06:09:12Z</time><extensions><speed>2.845846</speed><course>234.318693</course><hAcc>1.615838</hAcc><vAcc>0.756736</vAcc></extensions></trkpt>
      <trkpt lon="34.998942" lat="31.900605"><ele>243.947693</ele><time>2026-04-23T06:09:13Z</time><extensions><speed>2.814518</speed><course>232.788426</course><hAcc>1.613591</hAcc><vAcc>0.756736</vAcc></extensions></trkpt>
      <trkpt lon="34.998919" lat="31.900589"><ele>243.856720</ele><time>2026-04-23T06:09:14Z</time><extensions><speed>2.702956</speed><course>230.920098</course><hAcc>1.614770</hAcc><vAcc>0.756736</vAcc></extensions></trkpt>
      <trkpt lon="34.998897" lat="31.900574"><ele>243.743325</ele><time>2026-04-23T06:09:15Z</time><extensions><speed>2.747091</speed><course>231.917136</course><hAcc>1.614699</hAcc><vAcc>0.756736</vAcc></extensions></trkpt>
      <trkpt lon="34.998873" lat="31.900559"><ele>243.607357</ele><time>2026-04-23T06:09:16Z</time><extensions><speed>2.835866</speed><course>233.168807</course><hAcc>1.613614</hAcc><vAcc>0.756736</vAcc></extensions></trkpt>
      <trkpt lon="34.998850" lat="31.900544"><ele>243.473886</ele><time>2026-04-23T06:09:17Z</time><extensions><speed>2.808497</speed><course>233.248680</course><hAcc>1.616823</hAcc><vAcc>0.756736</vAcc></extensions></trkpt>
      <trkpt lon="34.998826" lat="31.900530"><ele>243.328612</ele><time>2026-04-23T06:09:18Z</time><extensions><speed>2.662395</speed><course>235.534389</course><hAcc>1.619212</hAcc><vAcc>0.756736</vAcc></extensions></trkpt>
      <trkpt lon="34.998803" lat="31.900517"><ele>243.167327</ele><time>2026-04-23T06:09:19Z</time><extensions><speed>2.653105</speed><course>237.914751</course><hAcc>1.615012</hAcc><vAcc>0.756736</vAcc></extensions></trkpt>
      <trkpt lon="34.998780" lat="31.900503"><ele>243.006101</ele><time>2026-04-23T06:09:20Z</time><extensions><speed>2.753590</speed><course>232.151096</course><hAcc>1.610228</hAcc><vAcc>0.756736</vAcc></extensions></trkpt>
      <trkpt lon="34.998757" lat="31.900488"><ele>242.857245</ele><time>2026-04-23T06:09:21Z</time><extensions><speed>2.720845</speed><course>231.271669</course><hAcc>1.607970</hAcc><vAcc>0.756736</vAcc></extensions></trkpt>
      <trkpt lon="34.998734" lat="31.900474"><ele>242.707713</ele><time>2026-04-23T06:09:22Z</time><extensions><speed>2.623355</speed><course>239.729216</course><hAcc>1.603087</hAcc><vAcc>0.756736</vAcc></extensions></trkpt>
      <trkpt lon="34.998710" lat="31.900464"><ele>242.561674</ele><time>2026-04-23T06:09:23Z</time><extensions><speed>2.471265</speed><course>248.828943</course><hAcc>1.597862</hAcc><vAcc>0.756736</vAcc></extensions></trkpt>
      <trkpt lon="34.998685" lat="31.900458"><ele>242.417840</ele><time>2026-04-23T06:09:24Z</time><extensions><speed>2.446725</speed><course>256.117343</course><hAcc>1.592350</hAcc><vAcc>0.756736</vAcc></extensions></trkpt>
      <trkpt lon="34.998660" lat="31.900453"><ele>242.272029</ele><time>2026-04-23T06:09:25Z</time><extensions><speed>2.481961</speed><course>257.673961</course><hAcc>1.589716</hAcc><vAcc>0.756736</vAcc></extensions></trkpt>
      <trkpt lon="34.998634" lat="31.900448"><ele>242.142445</ele><time>2026-04-23T06:09:26Z</time><extensions><speed>2.587231</speed><course>257.071457</course><hAcc>1.582087</hAcc><vAcc>0.756736</vAcc></extensions></trkpt>
      <trkpt lon="34.998608" lat="31.900443"><ele>242.030521</ele><time>2026-04-23T06:09:27Z</time><extensions><speed>2.519963</speed><course>258.749509</course><hAcc>1.576596</hAcc><vAcc>0.756736</vAcc></extensions></trkpt>
      <trkpt lon="34.998583" lat="31.900439"><ele>241.927703</ele><time>2026-04-23T06:09:28Z</time><extensions><speed>2.313705</speed><course>261.051554</course><hAcc>1.573096</hAcc><vAcc>0.756736</vAcc></extensions></trkpt>
      <trkpt lon="34.998559" lat="31.900436"><ele>241.862062</ele><time>2026-04-23T06:09:29Z</time><extensions><speed>2.310762</speed><course>261.209669</course><hAcc>1.558980</hAcc><vAcc>0.756736</vAcc></extensions></trkpt>
      <trkpt lon="34.998535" lat="31.900432"><ele>241.760161</ele><time>2026-04-23T06:09:30Z</time><extensions><speed>2.334471</speed><course>257.281776</course><hAcc>1.546025</hAcc><vAcc>0.756736</vAcc></extensions></trkpt>
      <trkpt lon="34.998511" lat="31.900427"><ele>241.687837</ele><time>2026-04-23T06:09:31Z</time><extensions><speed>2.364650</speed><course>253.760774</course><hAcc>1.538947</hAcc><vAcc>0.756736</vAcc></extensions></trkpt>
      <trkpt lon="34.998487" lat="31.900421"><ele>241.627902</ele><time>2026-04-23T06:09:32Z</time><extensions><speed>2.400221</speed><course>255.091481</course><hAcc>1.536902</hAcc><vAcc>0.756736</vAcc></extensions></trkpt>
      <trkpt lon="34.998462" lat="31.900415"><ele>241.568621</ele><time>2026-04-23T06:09:33Z</time><extensions><speed>2.373785</speed><course>253.299070</course><hAcc>1.533565</hAcc><vAcc>0.756736</vAcc></extensions></trkpt>
      <trkpt lon="34.998439" lat="31.900409"><ele>241.524533</ele><time>2026-04-23T06:09:34Z</time><extensions><speed>2.322959</speed><course>253.627601</course><hAcc>1.530073</hAcc><vAcc>0.756736</vAcc></extensions></trkpt>
      <trkpt lon="34.998415" lat="31.900404"><ele>241.488584</ele><time>2026-04-23T06:09:35Z</time><extensions><speed>2.313306</speed><course>257.049066</course><hAcc>1.529903</hAcc><vAcc>0.756736</vAcc></extensions></trkpt>
      <trkpt lon="34.998392" lat="31.900399"><ele>241.451942</ele><time>2026-04-23T06:09:36Z</time><extensions><speed>2.206031</speed><course>253.539933</course><hAcc>1.526329</hAcc><vAcc>0.756736</vAcc></extensions></trkpt>
      <trkpt lon="34.998370" lat="31.900392"><ele>241.408548</ele><time>2026-04-23T06:09:37Z</time><extensions><speed>2.253240</speed><course>246.323808</course><hAcc>1.523639</hAcc><vAcc>0.756736</vAcc></extensions></trkpt>
      <trkpt lon="34.998348" lat="31.900384"><ele>241.362371</ele><time>2026-04-23T06:09:38Z</time><extensions><speed>2.342850</speed><course>246.869871</course><hAcc>1.523269</hAcc><vAcc>0.756736</vAcc></extensions></trkpt>
      <trkpt lon="34.998324" lat="31.900376"><ele>241.318883</ele><time>2026-04-23T06:09:39Z</time><extensions><speed>2.487519</speed><course>250.147819</course><hAcc>1.524148</hAcc><vAcc>0.756736</vAcc></extensions></trkpt>
      <trkpt lon="34.998299" lat="31.900370"><ele>241.288309</ele><time>2026-04-23T06:09:40Z</time><extensions><speed>2.575212</speed><course>256.759314</course><hAcc>1.520193</hAcc><vAcc>0.756736</vAcc></extensions></trkpt>
      <trkpt lon="34.998272" lat="31.900366"><ele>241.235103</ele><time>2026-04-23T06:09:41Z</time><extensions><speed>2.478971</speed><course>265.113261</course><hAcc>1.512067</hAcc><vAcc>0.756736</vAcc></extensions></trkpt>
      <trkpt lon="34.998247" lat="31.900366"><ele>241.177741</ele><time>2026-04-23T06:09:42Z</time><extensions><speed>2.421438</speed><course>272.658011</course><hAcc>1.504213</hAcc><vAcc>0.756736</vAcc></extensions></trkpt>
      <trkpt lon="34.998222" lat="31.900369"><ele>241.135423</ele><time>2026-04-23T06:09:43Z</time><extensions><speed>2.430211</speed><course>283.438185</course><hAcc>1.500650</hAcc><vAcc>0.756736</vAcc></extensions></trkpt>
      <trkpt lon="34.998197" lat="31.900375"><ele>241.085736</ele><time>2026-04-23T06:09:44Z</time><extensions><speed>2.536474</speed><course>289.363984</course><hAcc>1.501407</hAcc><vAcc>0.756736</vAcc></extensions></trkpt>
      <trkpt lon="34.998172" lat="31.900381"><ele>241.011562</ele><time>2026-04-23T06:09:45Z</time><extensions><speed>2.290033</speed><course>280.577769</course><hAcc>1.499142</hAcc><vAcc>0.756736</vAcc></extensions></trkpt>
      <trkpt lon="34.998149" lat="31.900383"><ele>240.942533</ele><time>2026-04-23T06:09:46Z</time><extensions><speed>2.098189</speed><course>270.304954</course><hAcc>1.503609</hAcc><vAcc>0.756736</vAcc></extensions></trkpt>
      <trkpt lon="34.998127" lat="31.900381"><ele>240.857595</ele><time>2026-04-23T06:09:47Z</time><extensions><speed>2.192809</speed><course>261.075911</course><hAcc>1.509335</hAcc><vAcc>0.756736</vAcc></extensions></trkpt>
      <trkpt lon="34.998103" lat="31.900377"><ele>240.774772</ele><time>2026-04-23T06:09:48Z</time><extensions><speed>2.435175</speed><course>259.128745</course><hAcc>1.515834</hAcc><vAcc>0.756736</vAcc></extensions></trkpt>
      <trkpt lon="34.998076" lat="31.900375"><ele>240.682804</ele><time>2026-04-23T06:09:49Z</time><extensions><speed>2.751516</speed><course>270.202308</course><hAcc>1.522342</hAcc><vAcc>0.756736</vAcc></extensions></trkpt>
      <trkpt lon="34.998045" lat="31.900379"><ele>240.580580</ele><time>2026-04-23T06:09:50Z</time><extensions><speed>3.181825</speed><course>282.890999</course><hAcc>1.522087</hAcc><vAcc>0.756736</vAcc></extensions></trkpt>
      <trkpt lon="34.998014" lat="31.900385"><ele>240.469470</ele><time>2026-04-23T06:09:51Z</time><extensions><speed>2.881208</speed><course>283.706223</course><hAcc>1.519785</hAcc><vAcc>0.756736</vAcc></extensions></trkpt>
      <trkpt lon="34.997985" lat="31.900389"><ele>240.355789</ele><time>2026-04-23T06:09:52Z</time><extensions><speed>2.527205</speed><course>273.540573</course><hAcc>1.516045</hAcc><vAcc>0.756736</vAcc></extensions></trkpt>
      <trkpt lon="34.997959" lat="31.900389"><ele>240.216055</ele><time>2026-04-23T06:09:53Z</time><extensions><speed>2.524056</speed><course>265.348235</course><hAcc>1.510969</hAcc><vAcc>0.756736</vAcc></extensions></trkpt>
      <trkpt lon="34.997932" lat="31.900386"><ele>240.084923</ele><time>2026-04-23T06:09:54Z</time><extensions><speed>2.571884</speed><course>263.750342</course><hAcc>1.510965</hAcc><vAcc>0.756736</vAcc></extensions></trkpt>
      <trkpt lon="34.997905" lat="31.900384"><ele>239.972034</ele><time>2026-04-23T06:09:55Z</time><extensions><speed>2.525372</speed><course>265.847657</course><hAcc>1.511398</hAcc><vAcc>0.756736</vAcc></extensions></trkpt>
      <trkpt lon="34.997879" lat="31.900383"><ele>239.856691</ele><time>2026-04-23T06:09:56Z</time><extensions><speed>2.417865</speed><course>269.143038</course><hAcc>1.511373</hAcc><vAcc>0.756736</vAcc></extensions></trkpt>
      <trkpt lon="34.997854" lat="31.900384"><ele>239.754988</ele><time>2026-04-23T06:09:57Z</time><extensions><speed>2.382222</speed><course>273.882728</course><hAcc>1.511672</hAcc><vAcc>0.756736</vAcc></extensions></trkpt>
      <trkpt lon="34.997830" lat="31.900386"><ele>239.658812</ele><time>2026-04-23T06:09:58Z</time><extensions><speed>2.240011</speed><course>277.369367</course><hAcc>1.511861</hAcc><vAcc>0.756736</vAcc></extensions></trkpt>
      <trkpt lon="34.997806" lat="31.900389"><ele>239.564754</ele><time>2026-04-23T06:09:59Z</time><extensions><speed>2.317472</speed><course>278.543086</course><hAcc>1.512468</hAcc><vAcc>0.756736</vAcc></extensions></trkpt>
      <trkpt lon="34.997780" lat="31.900392"><ele>239.465884</ele><time>2026-04-23T06:10:00Z</time><extensions><speed>2.515958</speed><course>279.629314</course><hAcc>1.511090</hAcc><vAcc>0.756736</vAcc></extensions></trkpt>
      <trkpt lon="34.997753" lat="31.900395"><ele>239.377635</ele><time>2026-04-23T06:10:01Z</time><extensions><speed>2.719003</speed><course>276.827083</course><hAcc>1.510811</hAcc><vAcc>0.756736</vAcc></extensions></trkpt>
      <trkpt lon="34.997724" lat="31.900398"><ele>239.303967</ele><time>2026-04-23T06:10:02Z</time><extensions><speed>2.842577</speed><course>275.538820</course><hAcc>1.511220</hAcc><vAcc>0.756736</vAcc></extensions></trkpt>
      <trkpt lon="34.997695" lat="31.900399"><ele>239.239086</ele><time>2026-04-23T06:10:03Z</time><extensions><speed>2.672504</speed><course>273.700840</course><hAcc>1.516469</hAcc><vAcc>0.756736</vAcc></extensions></trkpt>
      <trkpt lon="34.997667" lat="31.900402"><ele>239.183673</ele><time>2026-04-23T06:10:04Z</time><extensions><speed>2.568475</speed><course>277.999834</course><hAcc>1.520309</hAcc><vAcc>0.756736</vAcc></extensions></trkpt>
      <trkpt lon="34.997642" lat="31.900405"><ele>239.117705</ele><time>2026-04-23T06:10:05Z</time><extensions><speed>2.401787</speed><course>279.616380</course><hAcc>1.522562</hAcc><vAcc>0.756736</vAcc></extensions></trkpt>
      <trkpt lon="34.997617" lat="31.900408"><ele>239.028835</ele><time>2026-04-23T06:10:06Z</time><extensions><speed>2.383801</speed><course>276.371487</course><hAcc>1.529999</hAcc><vAcc>0.756736</vAcc></extensions></trkpt>
      <trkpt lon="34.997590" lat="31.900410"><ele>238.935249</ele><time>2026-04-23T06:10:07Z</time><extensions><speed>2.627867</speed><course>273.731574</course><hAcc>1.535411</hAcc><vAcc>0.756736</vAcc></extensions></trkpt>
      <trkpt lon="34.997561" lat="31.900411"><ele>238.820825</ele><time>2026-04-23T06:10:08Z</time><extensions><speed>2.904330</speed><course>269.800911</course><hAcc>1.536233</hAcc><vAcc>0.756736</vAcc></extensions></trkpt>
      <trkpt lon="34.997530" lat="31.900410"><ele>238.711316</ele><time>2026-04-23T06:10:09Z</time><extensions><speed>2.983989</speed><course>266.760753</course><hAcc>1.538888</hAcc><vAcc>0.756736</vAcc></extensions></trkpt>
      <trkpt lon="34.997500" lat="31.900409"><ele>238.595984</ele><time>2026-04-23T06:10:10Z</time><extensions><speed>2.795633</speed><course>267.823929</course><hAcc>1.543825</hAcc><vAcc>0.756736</vAcc></extensions></trkpt>
      <trkpt lon="34.997470" lat="31.900409"><ele>238.485940</ele><time>2026-04-23T06:10:11Z</time><extensions><speed>2.847260</speed><course>273.404838</course><hAcc>1.545097</hAcc><vAcc>0.756736</vAcc></extensions></trkpt>
      <trkpt lon="34.997440" lat="31.900410"><ele>238.353761</ele><time>2026-04-23T06:10:12Z</time><extensions><speed>2.765316</speed><course>271.563618</course><hAcc>1.541381</hAcc><vAcc>0.756736</vAcc></extensions></trkpt>
      <trkpt lon="34.997412" lat="31.900411"><ele>238.214088</ele><time>2026-04-23T06:10:13Z</time><extensions><speed>2.637629</speed><course>272.643335</course><hAcc>1.539681</hAcc><vAcc>0.756736</vAcc></extensions></trkpt>
      <trkpt lon="34.997385" lat="31.900412"><ele>238.083436</ele><time>2026-04-23T06:10:14Z</time><extensions><speed>2.539701</speed><course>274.913749</course><hAcc>1.536451</hAcc><vAcc>0.756736</vAcc></extensions></trkpt>
      <trkpt lon="34.997359" lat="31.900414"><ele>237.953377</ele><time>2026-04-23T06:10:15Z</time><extensions><speed>2.394426</speed><course>275.959785</course><hAcc>1.528302</hAcc><vAcc>0.756736</vAcc></extensions></trkpt>
      <trkpt lon="34.997333" lat="31.900418"><ele>237.833097</ele><time>2026-04-23T06:10:16Z</time><extensions><speed>2.466296</speed><course>282.421903</course><hAcc>1.522579</hAcc><vAcc>0.756736</vAcc></extensions></trkpt>
      <trkpt lon="34.997308" lat="31.900424"><ele>237.709147</ele><time>2026-04-23T06:10:17Z</time><extensions><speed>2.555317</speed><course>287.076908</course><hAcc>1.510109</hAcc><vAcc>0.756736</vAcc></extensions></trkpt>
      <trkpt lon="34.997282" lat="31.900433"><ele>237.613643</ele><time>2026-04-23T06:10:18Z</time><extensions><speed>2.731517</speed><course>296.970742</course><hAcc>1.502868</hAcc><vAcc>0.756736</vAcc></extensions></trkpt>
      <trkpt lon="34.997256" lat="31.900445"><ele>237.528111</ele><time>2026-04-23T06:10:19Z</time><extensions><speed>2.830448</speed><course>302.055248</course><hAcc>1.494544</hAcc><vAcc>0.756736</vAcc></extensions></trkpt>
      <trkpt lon="34.997232" lat="31.900457"><ele>237.469499</ele><time>2026-04-23T06:10:20Z</time><extensions><speed>2.457854</speed><course>297.926021</course><hAcc>1.484307</hAcc><vAcc>0.756736</vAcc></extensions></trkpt>
      <trkpt lon="34.997210" lat="31.900466"><ele>237.411289</ele><time>2026-04-23T06:10:21Z</time><extensions><speed>2.324178</speed><course>294.617708</course><hAcc>1.477035</hAcc><vAcc>0.756736</vAcc></extensions></trkpt>
      <trkpt lon="34.997187" lat="31.900475"><ele>237.393090</ele><time>2026-04-23T06:10:22Z</time><extensions><speed>2.373059</speed><course>293.292591</course><hAcc>1.472631</hAcc><vAcc>0.756736</vAcc></extensions></trkpt>
      <trkpt lon="34.997163" lat="31.900484"><ele>237.379738</ele><time>2026-04-23T06:10:23Z</time><extensions><speed>2.497032</speed><course>295.710645</course><hAcc>1.471689</hAcc><vAcc>0.756736</vAcc></extensions></trkpt>
      <trkpt lon="34.997139" lat="31.900494"><ele>237.382659</ele><time>2026-04-23T06:10:24Z</time><extensions><speed>2.643895</speed><course>297.761294</course><hAcc>1.471427</hAcc><vAcc>0.756772</vAcc></extensions></trkpt>
      <trkpt lon="34.997115" lat="31.900505"><ele>237.404736</ele><time>2026-04-23T06:10:25Z</time><extensions><speed>2.585162</speed><course>298.562198</course><hAcc>1.475846</hAcc><vAcc>0.756949</vAcc></extensions></trkpt>
      <trkpt lon="34.997090" lat="31.900516"><ele>237.427393</ele><time>2026-04-23T06:10:26Z</time><extensions><speed>2.639060</speed><course>295.799665</course><hAcc>1.477375</hAcc><vAcc>0.757045</vAcc></extensions></trkpt>
      <trkpt lon="34.997065" lat="31.900527"><ele>237.466673</ele><time>2026-04-23T06:10:27Z</time><extensions><speed>2.770456</speed><course>295.680177</course><hAcc>1.480736</hAcc><vAcc>0.757159</vAcc></extensions></trkpt>
      <trkpt lon="34.997039" lat="31.900537"><ele>237.511755</ele><time>2026-04-23T06:10:28Z</time><extensions><speed>2.703066</speed><course>295.685850</course><hAcc>1.486591</hAcc><vAcc>0.757291</vAcc></extensions></trkpt>
      <trkpt lon="34.997013" lat="31.900548"><ele>237.573835</ele><time>2026-04-23T06:10:29Z</time><extensions><speed>2.687594</speed><course>295.599824</course><hAcc>1.490390</hAcc><vAcc>0.757438</vAcc></extensions></trkpt>
      <trkpt lon="34.996988" lat="31.900559"><ele>237.633522</ele><time>2026-04-23T06:10:30Z</time><extensions><speed>2.697571</speed><course>297.923436</course><hAcc>1.496018</hAcc><vAcc>0.757596</vAcc></extensions></trkpt>
      <trkpt lon="34.996963" lat="31.900571"><ele>237.697710</ele><time>2026-04-23T06:10:31Z</time><extensions><speed>2.737273</speed><course>301.904934</course><hAcc>1.499281</hAcc><vAcc>0.757759</vAcc></extensions></trkpt>
      <trkpt lon="34.996939" lat="31.900585"><ele>237.759145</ele><time>2026-04-23T06:10:32Z</time><extensions><speed>2.787685</speed><course>306.121847</course><hAcc>1.510008</hAcc><vAcc>0.757915</vAcc></extensions></trkpt>
      <trkpt lon="34.996916" lat="31.900599"><ele>237.851328</ele><time>2026-04-23T06:10:33Z</time><extensions><speed>2.622716</speed><course>306.485106</course><hAcc>1.510215</hAcc><vAcc>0.758048</vAcc></extensions></trkpt>
      <trkpt lon="34.996894" lat="31.900613"><ele>237.963496</ele><time>2026-04-23T06:10:34Z</time><extensions><speed>2.620297</speed><course>306.703394</course><hAcc>1.511471</hAcc><vAcc>0.758142</vAcc></extensions></trkpt>
      <trkpt lon="34.996871" lat="31.900628"><ele>238.064485</ele><time>2026-04-23T06:10:36Z</time><extensions><speed>2.808695</speed><course>305.947395</course><hAcc>1.520486</hAcc><vAcc>0.758160</vAcc></extensions></trkpt>
      <trkpt lon="34.996847" lat="31.900643"><ele>238.162948</ele><time>2026-04-23T06:10:37Z</time><extensions><speed>2.701802</speed><course>308.460927</course><hAcc>1.524750</hAcc><vAcc>0.758079</vAcc></extensions></trkpt>
      <trkpt lon="34.996826" lat="31.900658"><ele>238.255392</ele><time>2026-04-23T06:10:38Z</time><extensions><speed>2.484697</speed><course>310.258533</course><hAcc>1.525301</hAcc><vAcc>0.757948</vAcc></extensions></trkpt>
      <trkpt lon="34.996806" lat="31.900671"><ele>238.352773</ele><time>2026-04-23T06:10:39Z</time><extensions><speed>2.354419</speed><course>307.703752</course><hAcc>1.521836</hAcc><vAcc>0.757788</vAcc></extensions></trkpt>
      <trkpt lon="34.996787" lat="31.900684"><ele>238.466009</ele><time>2026-04-23T06:10:40Z</time><extensions><speed>2.352402</speed><course>306.857023</course><hAcc>1.522608</hAcc><vAcc>0.757619</vAcc></extensions></trkpt>
      <trkpt lon="34.996768" lat="31.900697"><ele>238.575044</ele><time>2026-04-23T06:10:41Z</time><extensions><speed>2.306368</speed><course>312.174648</course><hAcc>1.519467</hAcc><vAcc>0.757455</vAcc></extensions></trkpt>
      <trkpt lon="34.996751" lat="31.900712"><ele>238.689570</ele><time>2026-04-23T06:10:42Z</time><extensions><speed>2.260864</speed><course>320.242920</course><hAcc>1.501821</hAcc><vAcc>0.757304</vAcc></extensions></trkpt>
      <trkpt lon="34.996735" lat="31.900728"><ele>238.795665</ele><time>2026-04-23T06:10:43Z</time><extensions><speed>2.399966</speed><course>318.955733</course><hAcc>1.490448</hAcc><vAcc>0.757172</vAcc></extensions></trkpt>
      <trkpt lon="34.996717" lat="31.900744"><ele>238.896551</ele><time>2026-04-23T06:10:44Z</time><extensions><speed>2.575957</speed><course>312.582325</course><hAcc>1.484837</hAcc><vAcc>0.757184</vAcc></extensions></trkpt>
      <trkpt lon="34.996698" lat="31.900760"><ele>239.018251</ele><time>2026-04-23T06:10:45Z</time><extensions><speed>2.436090</speed><course>315.946743</course><hAcc>1.484033</hAcc><vAcc>0.757169</vAcc></extensions></trkpt>
      <trkpt lon="34.996680" lat="31.900776"><ele>239.149550</ele><time>2026-04-23T06:10:46Z</time><extensions><speed>2.593065</speed><course>318.451809</course><hAcc>1.473828</hAcc><vAcc>0.757203</vAcc></extensions></trkpt>
      <trkpt lon="34.996662" lat="31.900795"><ele>239.266139</ele><time>2026-04-23T06:10:47Z</time><extensions><speed>2.611794</speed><course>323.329733</course><hAcc>1.467495</hAcc><vAcc>0.757251</vAcc></extensions></trkpt>
      <trkpt lon="34.996648" lat="31.900814"><ele>239.405043</ele><time>2026-04-23T06:10:48Z</time><extensions><speed>2.583180</speed><course>330.429789</course><hAcc>1.464141</hAcc><vAcc>0.757327</vAcc></extensions></trkpt>
      <trkpt lon="34.996636" lat="31.900835"><ele>239.514460</ele><time>2026-04-23T06:10:49Z</time><extensions><speed>2.544673</speed><course>340.176450</course><hAcc>1.464950</hAcc><vAcc>0.757425</vAcc></extensions></trkpt>
      <trkpt lon="34.996626" lat="31.900855"><ele>239.646073</ele><time>2026-04-23T06:10:50Z</time><extensions><speed>2.323548</speed><course>333.630668</course><hAcc>1.470092</hAcc><vAcc>0.757537</vAcc></extensions></trkpt>
      <trkpt lon="34.996614" lat="31.900873"><ele>239.761970</ele><time>2026-04-23T06:10:51Z</time><extensions><speed>2.264854</speed><course>326.832646</course><hAcc>1.475195</hAcc><vAcc>0.757737</vAcc></extensions></trkpt>
      <trkpt lon="34.996600" lat="31.900891"><ele>239.902113</ele><time>2026-04-23T06:10:52Z</time><extensions><speed>2.422616</speed><course>323.715803</course><hAcc>1.486569</hAcc><vAcc>0.757884</vAcc></extensions></trkpt>
      <trkpt lon="34.996585" lat="31.900909"><ele>240.063405</ele><time>2026-04-23T06:10:53Z</time><extensions><speed>2.542901</speed><course>324.907731</course><hAcc>1.503492</hAcc><vAcc>0.758012</vAcc></extensions></trkpt>
      <trkpt lon="34.996568" lat="31.900928"><ele>240.228486</ele><time>2026-04-23T06:10:54Z</time><extensions><speed>2.846848</speed><course>324.327949</course><hAcc>1.525338</hAcc><vAcc>0.758103</vAcc></extensions></trkpt>
      <trkpt lon="34.996550" lat="31.900949"><ele>240.391616</ele><time>2026-04-23T06:10:55Z</time><extensions><speed>2.831992</speed><course>321.902298</course><hAcc>1.531673</hAcc><vAcc>0.758144</vAcc></extensions></trkpt>
      <trkpt lon="34.996532" lat="31.900969"><ele>240.537828</ele><time>2026-04-23T06:10:56Z</time><extensions><speed>2.691574</speed><course>321.658117</course><hAcc>1.541531</hAcc><vAcc>0.758136</vAcc></extensions></trkpt>
      <trkpt lon="34.996514" lat="31.900988"><ele>240.673188</ele><time>2026-04-23T06:10:57Z</time><extensions><speed>2.771315</speed><course>319.777388</course><hAcc>1.547762</hAcc><vAcc>0.758091</vAcc></extensions></trkpt>
      <trkpt lon="34.996494" lat="31.901006"><ele>240.793448</ele><time>2026-04-23T06:10:58Z</time><extensions><speed>2.795247</speed><course>315.365869</course><hAcc>1.555136</hAcc><vAcc>0.758023</vAcc></extensions></trkpt>
      <trkpt lon="34.996471" lat="31.901024"><ele>240.936450</ele><time>2026-04-23T06:10:59Z</time><extensions><speed>3.148284</speed><course>310.818018</course><hAcc>1.551839</hAcc><vAcc>0.757940</vAcc></extensions></trkpt>
      <trkpt lon="34.996446" lat="31.901043"><ele>241.065593</ele><time>2026-04-23T06:11:00Z</time><extensions><speed>3.149753</speed><course>313.938673</course><hAcc>1.548486</hAcc><vAcc>0.757845</vAcc></extensions></trkpt>
      <trkpt lon="34.996424" lat="31.901063"><ele>241.177261</ele><time>2026-04-23T06:11:01Z</time><extensions><speed>2.910130</speed><course>319.599515</course><hAcc>1.545014</hAcc><vAcc>0.757735</vAcc></extensions></trkpt>
      <trkpt lon="34.996406" lat="31.901083"><ele>241.284272</ele><time>2026-04-23T06:11:02Z</time><extensions><speed>2.595191</speed><course>326.006464</course><hAcc>1.550207</hAcc><vAcc>0.757610</vAcc></extensions></trkpt>
      <trkpt lon="34.996391" lat="31.901102"><ele>241.382486</ele><time>2026-04-23T06:11:03Z</time><extensions><speed>2.511493</speed><course>327.174057</course><hAcc>1.542549</hAcc><vAcc>0.757478</vAcc></extensions></trkpt>
      <trkpt lon="34.996376" lat="31.901121"><ele>241.471401</ele><time>2026-04-23T06:11:04Z</time><extensions><speed>2.686783</speed><course>323.813916</course><hAcc>1.533607</hAcc><vAcc>0.757347</vAcc></extensions></trkpt>
      <trkpt lon="34.996358" lat="31.901141"><ele>241.520036</ele><time>2026-04-23T06:11:05Z</time><extensions><speed>2.876468</speed><course>323.191937</course><hAcc>1.531379</hAcc><vAcc>0.757226</vAcc></extensions></trkpt>
      <trkpt lon="34.996340" lat="31.901163"><ele>241.571506</ele><time>2026-04-23T06:11:06Z</time><extensions><speed>2.964710</speed><course>324.495946</course><hAcc>1.538315</hAcc><vAcc>0.757119</vAcc></extensions></trkpt>
      <trkpt lon="34.996322" lat="31.901184"><ele>241.617287</ele><time>2026-04-23T06:11:07Z</time><extensions><speed>2.822056</speed><course>323.407674</course><hAcc>1.539048</hAcc><vAcc>0.757027</vAcc></extensions></trkpt>
      <trkpt lon="34.996304" lat="31.901204"><ele>241.651051</ele><time>2026-04-23T06:11:08Z</time><extensions><speed>2.937794</speed><course>322.191469</course><hAcc>1.538881</hAcc><vAcc>0.756952</vAcc></extensions></trkpt>
      <trkpt lon="34.996284" lat="31.901225"><ele>241.691115</ele><time>2026-04-23T06:11:09Z</time><extensions><speed>2.981893</speed><course>321.051429</course><hAcc>1.539540</hAcc><vAcc>0.756892</vAcc></extensions></trkpt>
      <trkpt lon="34.996266" lat="31.901247"><ele>241.746600</ele><time>2026-04-23T06:11:10Z</time><extensions><speed>2.981020</speed><course>325.413434</course><hAcc>1.541148</hAcc><vAcc>0.756845</vAcc></extensions></trkpt>
      <trkpt lon="34.996249" lat="31.901268"><ele>241.787138</ele><time>2026-04-23T06:11:11Z</time><extensions><speed>2.815818</speed><course>327.012910</course><hAcc>1.535811</hAcc><vAcc>0.756810</vAcc></extensions></trkpt>
      <trkpt lon="34.996232" lat="31.901289"><ele>241.845705</ele><time>2026-04-23T06:11:12Z</time><extensions><speed>2.721735</speed><course>326.232131</course><hAcc>1.533780</hAcc><vAcc>0.756785</vAcc></extensions></trkpt>
      <trkpt lon="34.996216" lat="31.901309"><ele>241.857471</ele><time>2026-04-23T06:11:13Z</time><extensions><speed>2.647132</speed><course>325.291780</course><hAcc>1.541982</hAcc><vAcc>0.756767</vAcc></extensions></trkpt>
      <trkpt lon="34.996201" lat="31.901329"><ele>241.877498</ele><time>2026-04-23T06:11:14Z</time><extensions><speed>2.662132</speed><course>327.425419</course><hAcc>1.535636</hAcc><vAcc>0.756755</vAcc></extensions></trkpt>
      <trkpt lon="34.996187" lat="31.901350"><ele>241.897531</ele><time>2026-04-23T06:11:14Z</time><extensions><speed>2.673671</speed><course>332.120955</course><hAcc>1.532791</hAcc><vAcc>0.756747</vAcc></extensions></trkpt>
      <trkpt lon="34.996173" lat="31.901372"><ele>241.925913</ele><time>2026-04-23T06:11:15Z</time><extensions><speed>2.729009</speed><course>331.740420</course><hAcc>1.528882</hAcc><vAcc>0.756742</vAcc></extensions></trkpt>
      <trkpt lon="34.996159" lat="31.901393"><ele>241.956181</ele><time>2026-04-23T06:11:16Z</time><extensions><speed>2.610284</speed><course>330.600661</course><hAcc>1.526772</hAcc><vAcc>0.756851</vAcc></extensions></trkpt>
      <trkpt lon="34.996146" lat="31.901413"><ele>241.963647</ele><time>2026-04-23T06:11:17Z</time><extensions><speed>2.578894</speed><course>329.739037</course><hAcc>1.525891</hAcc><vAcc>0.756901</vAcc></extensions></trkpt>
      <trkpt lon="34.996131" lat="31.901433"><ele>242.002153</ele><time>2026-04-23T06:11:18Z</time><extensions><speed>2.613758</speed><course>327.247770</course><hAcc>1.522393</hAcc><vAcc>0.756962</vAcc></extensions></trkpt>
      <trkpt lon="34.996115" lat="31.901452"><ele>242.045869</ele><time>2026-04-23T06:11:19Z</time><extensions><speed>2.601583</speed><course>322.237466</course><hAcc>1.517393</hAcc><vAcc>0.757254</vAcc></extensions></trkpt>
      <trkpt lon="34.996098" lat="31.901471"><ele>242.081466</ele><time>2026-04-23T06:11:20Z</time><extensions><speed>2.720151</speed><course>319.923847</course><hAcc>1.512196</hAcc><vAcc>0.757534</vAcc></extensions></trkpt>
      <trkpt lon="34.996079" lat="31.901491"><ele>242.108358</ele><time>2026-04-23T06:11:21Z</time><extensions><speed>3.012683</speed><course>322.789837</course><hAcc>1.515047</hAcc><vAcc>0.757786</vAcc></extensions></trkpt>
      <trkpt lon="34.996060" lat="31.901515"><ele>242.128226</ele><time>2026-04-23T06:11:22Z</time><extensions><speed>3.314025</speed><course>328.884993</course><hAcc>1.516442</hAcc><vAcc>0.758068</vAcc></extensions></trkpt>
      <trkpt lon="34.996043" lat="31.901539"><ele>242.167144</ele><time>2026-04-23T06:11:23Z</time><extensions><speed>3.029001</speed><course>330.167521</course><hAcc>1.510089</hAcc><vAcc>0.758726</vAcc></extensions></trkpt>
      <trkpt lon="34.996028" lat="31.901562"><ele>242.213188</ele><time>2026-04-23T06:11:24Z</time><extensions><speed>2.800590</speed><course>328.761396</course><hAcc>1.507679</hAcc><vAcc>0.759642</vAcc></extensions></trkpt>
      <trkpt lon="34.996011" lat="31.901583"><ele>242.273086</ele><time>2026-04-23T06:11:25Z</time><extensions><speed>2.771970</speed><course>325.115380</course><hAcc>1.507158</hAcc><vAcc>0.760819</vAcc></extensions></trkpt>
      <trkpt lon="34.995994" lat="31.901603"><ele>242.354528</ele><time>2026-04-23T06:11:26Z</time><extensions><speed>2.828733</speed><course>324.352186</course><hAcc>1.506382</hAcc><vAcc>0.761894</vAcc></extensions></trkpt>
      <trkpt lon="34.995977" lat="31.901624"><ele>242.436802</ele><time>2026-04-23T06:11:27Z</time><extensions><speed>2.811842</speed><course>324.554703</course><hAcc>1.503016</hAcc><vAcc>0.762898</vAcc></extensions></trkpt>
      <trkpt lon="34.995960" lat="31.901644"><ele>242.522299</ele><time>2026-04-23T06:11:28Z</time><extensions><speed>2.692575</speed><course>324.269531</course><hAcc>1.497421</hAcc><vAcc>0.763913</vAcc></extensions></trkpt>
      <trkpt lon="34.995943" lat="31.901665"><ele>242.606030</ele><time>2026-04-23T06:11:29Z</time><extensions><speed>2.883668</speed><course>324.955933</course><hAcc>1.492640</hAcc><vAcc>0.764896</vAcc></extensions></trkpt>
      <trkpt lon="34.995926" lat="31.901686"><ele>242.680373</ele><time>2026-04-23T06:11:30Z</time><extensions><speed>2.898068</speed><course>326.392952</course><hAcc>1.483196</hAcc><vAcc>0.765791</vAcc></extensions></trkpt>
      <trkpt lon="34.995908" lat="31.901707"><ele>242.734739</ele><time>2026-04-23T06:11:31Z</time><extensions><speed>2.743372</speed><course>322.357988</course><hAcc>1.475304</hAcc><vAcc>0.766551</vAcc></extensions></trkpt>
      <trkpt lon="34.995890" lat="31.901725"><ele>242.791387</ele><time>2026-04-23T06:11:32Z</time><extensions><speed>2.633309</speed><course>316.842233</course><hAcc>1.473314</hAcc><vAcc>0.767120</vAcc></extensions></trkpt>
      <trkpt lon="34.995870" lat="31.901742"><ele>242.829589</ele><time>2026-04-23T06:11:33Z</time><extensions><speed>2.580196</speed><course>313.509205</course><hAcc>1.479517</hAcc><vAcc>0.767413</vAcc></extensions></trkpt>
      <trkpt lon="34.995849" lat="31.901758"><ele>242.860694</ele><time>2026-04-23T06:11:34Z</time><extensions><speed>2.719718</speed><course>310.813865</course><hAcc>1.467156</hAcc><vAcc>0.767337</vAcc></extensions></trkpt>
      <trkpt lon="34.995827" lat="31.901775"><ele>242.882545</ele><time>2026-04-23T06:11:35Z</time><extensions><speed>2.830884</speed><course>312.377657</course><hAcc>1.460741</hAcc><vAcc>0.766848</vAcc></extensions></trkpt>
      <trkpt lon="34.995806" lat="31.901791"><ele>242.889996</ele><time>2026-04-23T06:11:36Z</time><extensions><speed>2.654930</speed><course>311.393849</course><hAcc>1.460244</hAcc><vAcc>0.765988</vAcc></extensions></trkpt>
      <trkpt lon="34.995783" lat="31.901806"><ele>242.872952</ele><time>2026-04-23T06:11:37Z</time><extensions><speed>2.719831</speed><course>305.561843</course><hAcc>1.459367</hAcc><vAcc>0.765078</vAcc></extensions></trkpt>
      <trkpt lon="34.995759" lat="31.901820"><ele>242.845609</ele><time>2026-04-23T06:11:38Z</time><extensions><speed>2.771078</speed><course>299.806880</course><hAcc>1.459559</hAcc><vAcc>0.764088</vAcc></extensions></trkpt>
      <trkpt lon="34.995733" lat="31.901831"><ele>242.825182</ele><time>2026-04-23T06:11:39Z</time><extensions><speed>2.667460</speed><course>294.526315</course><hAcc>1.456592</hAcc><vAcc>0.763174</vAcc></extensions></trkpt>
      <trkpt lon="34.995707" lat="31.901840"><ele>242.765079</ele><time>2026-04-23T06:11:40Z</time><extensions><speed>2.759270</speed><course>289.084463</course><hAcc>1.456744</hAcc><vAcc>0.762305</vAcc></extensions></trkpt>
      <trkpt lon="34.995679" lat="31.901847"><ele>242.717711</ele><time>2026-04-23T06:11:41Z</time><extensions><speed>2.755128</speed><course>285.195209</course><hAcc>1.455592</hAcc><vAcc>0.761603</vAcc></extensions></trkpt>
      <trkpt lon="34.995650" lat="31.901853"><ele>242.661732</ele><time>2026-04-23T06:11:42Z</time><extensions><speed>2.852003</speed><course>283.354286</course><hAcc>1.451904</hAcc><vAcc>0.761090</vAcc></extensions></trkpt>
      <trkpt lon="34.995620" lat="31.901859"><ele>242.605006</ele><time>2026-04-23T06:11:43Z</time><extensions><speed>3.041253</speed><course>281.038294</course><hAcc>1.451411</hAcc><vAcc>0.760759</vAcc></extensions></trkpt>
      <trkpt lon="34.995588" lat="31.901864"><ele>242.572742</ele><time>2026-04-23T06:11:44Z</time><extensions><speed>3.110345</speed><course>280.407070</course><hAcc>1.450491</hAcc><vAcc>0.760582</vAcc></extensions></trkpt>
      <trkpt lon="34.995555" lat="31.901870"><ele>242.563197</ele><time>2026-04-23T06:11:45Z</time><extensions><speed>3.284081</speed><course>281.503843</course><hAcc>1.451239</hAcc><vAcc>0.760514</vAcc></extensions></trkpt>
      <trkpt lon="34.995522" lat="31.901875"><ele>242.577781</ele><time>2026-04-23T06:11:46Z</time><extensions><speed>3.144039</speed><course>280.472056</course><hAcc>1.450712</hAcc><vAcc>0.760493</vAcc></extensions></trkpt>
      <trkpt lon="34.995491" lat="31.901881"><ele>242.568175</ele><time>2026-04-23T06:11:47Z</time><extensions><speed>2.870619</speed><course>283.012536</course><hAcc>1.443324</hAcc><vAcc>0.760450</vAcc></extensions></trkpt>
      <trkpt lon="34.995463" lat="31.901888"><ele>242.579451</ele><time>2026-04-23T06:11:48Z</time><extensions><speed>2.693103</speed><course>293.330819</course><hAcc>1.440913</hAcc><vAcc>0.760322</vAcc></extensions></trkpt>
      <trkpt lon="34.995438" lat="31.901899"><ele>242.610193</ele><time>2026-04-23T06:11:49Z</time><extensions><speed>2.544580</speed><course>301.088709</course><hAcc>1.439997</hAcc><vAcc>0.760083</vAcc></extensions></trkpt>
      <trkpt lon="34.995415" lat="31.901912"><ele>242.665467</ele><time>2026-04-23T06:11:50Z</time><extensions><speed>2.671876</speed><course>306.033304</course><hAcc>1.428097</hAcc><vAcc>0.759746</vAcc></extensions></trkpt>
      <trkpt lon="34.995392" lat="31.901926"><ele>242.736214</ele><time>2026-04-23T06:11:51Z</time><extensions><speed>2.669668</speed><course>304.432644</course><hAcc>1.423150</hAcc><vAcc>0.759348</vAcc></extensions></trkpt>
      <trkpt lon="34.995368" lat="31.901939"><ele>242.824224</ele><time>2026-04-23T06:11:52Z</time><extensions><speed>2.816915</speed><course>299.639395</course><hAcc>1.423146</hAcc><vAcc>0.758931</vAcc></extensions></trkpt>
      <trkpt lon="34.995341" lat="31.901951"><ele>242.927568</ele><time>2026-04-23T06:11:53Z</time><extensions><speed>2.833539</speed><course>298.015205</course><hAcc>1.420341</hAcc><vAcc>0.758527</vAcc></extensions></trkpt>
      <trkpt lon="34.995315" lat="31.901963"><ele>243.033815</ele><time>2026-04-23T06:11:54Z</time><extensions><speed>2.824283</speed><course>295.203073</course><hAcc>1.421019</hAcc><vAcc>0.758156</vAcc></extensions></trkpt>
      <trkpt lon="34.995288" lat="31.901973"><ele>243.142145</ele><time>2026-04-23T06:11:55Z</time><extensions><speed>2.660479</speed><course>293.954896</course><hAcc>1.423502</hAcc><vAcc>0.757831</vAcc></extensions></trkpt>
      <trkpt lon="34.995263" lat="31.901983"><ele>243.236312</ele><time>2026-04-23T06:11:56Z</time><extensions><speed>2.664985</speed><course>297.465651</course><hAcc>1.422966</hAcc><vAcc>0.757558</vAcc></extensions></trkpt>
      <trkpt lon="34.995238" lat="31.901994"><ele>243.325082</ele><time>2026-04-23T06:11:57Z</time><extensions><speed>2.643185</speed><course>296.220121</course><hAcc>1.423849</hAcc><vAcc>0.757337</vAcc></extensions></trkpt>
      <trkpt lon="34.995213" lat="31.902004"><ele>243.421254</ele><time>2026-04-23T06:11:58Z</time><extensions><speed>2.642290</speed><course>292.510555</course><hAcc>1.429725</hAcc><vAcc>0.757163</vAcc></extensions></trkpt>
      <trkpt lon="34.995186" lat="31.902012"><ele>243.523612</ele><time>2026-04-23T06:11:59Z</time><extensions><speed>2.719849</speed><course>287.459574</course><hAcc>1.445038</hAcc><vAcc>0.757030</vAcc></extensions></trkpt>
      <trkpt lon="34.995158" lat="31.902019"><ele>243.607184</ele><time>2026-04-23T06:12:00Z</time><extensions><speed>2.779349</speed><course>283.170264</course><hAcc>1.463469</hAcc><vAcc>0.756932</vAcc></extensions></trkpt>
      <trkpt lon="34.995129" lat="31.902024"><ele>243.675085</ele><time>2026-04-23T06:12:01Z</time><extensions><speed>2.900520</speed><course>279.819226</course><hAcc>1.478284</hAcc><vAcc>0.756862</vAcc></extensions></trkpt>
      <trkpt lon="34.995099" lat="31.902028"><ele>243.779098</ele><time>2026-04-23T06:12:02Z</time><extensions><speed>2.877085</speed><course>279.411061</course><hAcc>1.494177</hAcc><vAcc>0.756814</vAcc></extensions></trkpt>
      <trkpt lon="34.995070" lat="31.902033"><ele>243.864416</ele><time>2026-04-23T06:12:03Z</time><extensions><speed>2.676228</speed><course>283.768220</course><hAcc>1.514088</hAcc><vAcc>0.756782</vAcc></extensions></trkpt>
      <trkpt lon="34.995043" lat="31.902039"><ele>243.905675</ele><time>2026-04-23T06:12:04Z</time><extensions><speed>2.553045</speed><course>286.608386</course><hAcc>1.531621</hAcc><vAcc>0.756762</vAcc></extensions></trkpt>
      <trkpt lon="34.995018" lat="31.902045"><ele>243.928093</ele><time>2026-04-23T06:12:05Z</time><extensions><speed>2.440326</speed><course>285.148382</course><hAcc>1.552409</hAcc><vAcc>0.756750</vAcc></extensions></trkpt>
      <trkpt lon="34.994993" lat="31.902051"><ele>243.964705</ele><time>2026-04-23T06:12:06Z</time><extensions><speed>2.448871</speed><course>284.890799</course><hAcc>1.570772</hAcc><vAcc>0.756743</vAcc></extensions></trkpt>
      <trkpt lon="34.994967" lat="31.902057"><ele>243.949542</ele><time>2026-04-23T06:12:07Z</time><extensions><speed>2.620346</speed><course>287.047259</course><hAcc>1.584851</hAcc><vAcc>0.756740</vAcc></extensions></trkpt>
      <trkpt lon="34.994940" lat="31.902063"><ele>243.918355</ele><time>2026-04-23T06:12:08Z</time><extensions><speed>2.786064</speed><course>283.272139</course><hAcc>1.600062</hAcc><vAcc>0.756739</vAcc></extensions></trkpt>
      <trkpt lon="34.994912" lat="31.902069"><ele>243.894948</ele><time>2026-04-23T06:12:09Z</time><extensions><speed>2.762256</speed><course>282.077847</course><hAcc>1.617553</hAcc><vAcc>0.756738</vAcc></extensions></trkpt>
      <trkpt lon="34.994883" lat="31.902074"><ele>243.883095</ele><time>2026-04-23T06:12:10Z</time><extensions><speed>2.799528</speed><course>281.953985</course><hAcc>1.630059</hAcc><vAcc>0.756738</vAcc></extensions></trkpt>
      <trkpt lon="34.994855" lat="31.902078"><ele>243.880982</ele><time>2026-04-23T06:12:11Z</time><extensions><speed>2.815307</speed><course>279.365576</course><hAcc>1.644156</hAcc><vAcc>0.756739</vAcc></extensions></trkpt>
      <trkpt lon="34.994825" lat="31.902082"><ele>243.874063</ele><time>2026-04-23T06:12:12Z</time><extensions><speed>2.849205</speed><course>279.248201</course><hAcc>1.656851</hAcc><vAcc>0.756739</vAcc></extensions></trkpt>
      <trkpt lon="34.994795" lat="31.902086"><ele>243.860820</ele><time>2026-04-23T06:12:13Z</time><extensions><speed>2.903537</speed><course>278.200311</course><hAcc>1.663863</hAcc><vAcc>0.756739</vAcc></extensions></trkpt>
      <trkpt lon="34.994764" lat="31.902090"><ele>243.831308</ele><time>2026-04-23T06:12:14Z</time><extensions><speed>3.111500</speed><course>279.464129</course><hAcc>1.665725</hAcc><vAcc>0.757211</vAcc></extensions></trkpt>
      <trkpt lon="34.994733" lat="31.902095"><ele>243.823200</ele><time>2026-04-23T06:12:15Z</time><extensions><speed>2.879951</speed><course>282.654224</course><hAcc>1.666997</hAcc><vAcc>0.758281</vAcc></extensions></trkpt>
      <trkpt lon="34.994704" lat="31.902101"><ele>243.789518</ele><time>2026-04-23T06:12:16Z</time><extensions><speed>2.802679</speed><course>284.600201</course><hAcc>1.671977</hAcc><vAcc>0.759300</vAcc></extensions></trkpt>
      <trkpt lon="34.994675" lat="31.902108"><ele>243.764062</ele><time>2026-04-23T06:12:17Z</time><extensions><speed>2.968598</speed><course>287.255067</course><hAcc>1.680260</hAcc><vAcc>0.760416</vAcc></extensions></trkpt>
      <trkpt lon="34.994646" lat="31.902116"><ele>243.756914</ele><time>2026-04-23T06:12:18Z</time><extensions><speed>2.741812</speed><course>286.059152</course><hAcc>1.686192</hAcc><vAcc>0.762377</vAcc></extensions></trkpt>
      <trkpt lon="34.994620" lat="31.902123"><ele>243.746248</ele><time>2026-04-23T06:12:19Z</time><extensions><speed>2.473674</speed><course>289.735022</course><hAcc>1.690624</hAcc><vAcc>0.765326</vAcc></extensions></trkpt>
      <trkpt lon="34.994596" lat="31.902132"><ele>243.729860</ele><time>2026-04-23T06:12:20Z</time><extensions><speed>2.300234</speed><course>297.165141</course><hAcc>1.697958</hAcc><vAcc>0.768796</vAcc></extensions></trkpt>
      <trkpt lon="34.994575" lat="31.902142"><ele>243.714283</ele><time>2026-04-23T06:12:21Z</time><extensions><speed>2.386415</speed><course>300.637161</course><hAcc>1.707957</hAcc><vAcc>0.771578</vAcc></extensions></trkpt>
      <trkpt lon="34.994552" lat="31.902153"><ele>243.695912</ele><time>2026-04-23T06:12:22Z</time><extensions><speed>2.515801</speed><course>301.581626</course><hAcc>1.719349</hAcc><vAcc>0.774515</vAcc></extensions></trkpt>
      <trkpt lon="34.994531" lat="31.902164"><ele>243.678666</ele><time>2026-04-23T06:12:23Z</time><extensions><speed>2.199748</speed><course>296.905431</course><hAcc>1.741457</hAcc><vAcc>0.777497</vAcc></extensions></trkpt>
      <trkpt lon="34.994508" lat="31.902172"><ele>243.660982</ele><time>2026-04-23T06:12:24Z</time><extensions><speed>2.479874</speed><course>291.706653</course><hAcc>1.754003</hAcc><vAcc>0.780231</vAcc></extensions></trkpt>
      <trkpt lon="34.994482" lat="31.902180"><ele>243.630679</ele><time>2026-04-23T06:12:25Z</time><extensions><speed>2.645437</speed><course>287.010296</course><hAcc>1.767243</hAcc><vAcc>0.782489</vAcc></extensions></trkpt>
      <trkpt lon="34.994454" lat="31.902185"><ele>243.583156</ele><time>2026-04-23T06:12:26Z</time><extensions><speed>2.842157</speed><course>280.397860</course><hAcc>1.785139</hAcc><vAcc>0.784057</vAcc></extensions></trkpt>
      <trkpt lon="34.994424" lat="31.902189"><ele>243.491864</ele><time>2026-04-23T06:12:27Z</time><extensions><speed>2.942784</speed><course>276.756535</course><hAcc>1.802647</hAcc><vAcc>0.785435</vAcc></extensions></trkpt>
      <trkpt lon="34.994394" lat="31.902192"><ele>243.382708</ele><time>2026-04-23T06:12:28Z</time><extensions><speed>2.745807</speed><course>275.800065</course><hAcc>1.821638</hAcc><vAcc>0.786314</vAcc></extensions></trkpt>
      <trkpt lon="34.994364" lat="31.902194"><ele>243.270968</ele><time>2026-04-23T06:12:29Z</time><extensions><speed>2.840676</speed><course>278.081224</course><hAcc>1.839204</hAcc><vAcc>0.786364</vAcc></extensions></trkpt>
      <trkpt lon="34.994334" lat="31.902198"><ele>243.143313</ele><time>2026-04-23T06:12:30Z</time><extensions><speed>2.991056</speed><course>279.413942</course><hAcc>1.848396</hAcc><vAcc>0.785942</vAcc></extensions></trkpt>
      <trkpt lon="34.994303" lat="31.902202"><ele>243.014583</ele><time>2026-04-23T06:12:31Z</time><extensions><speed>2.945011</speed><course>279.992634</course><hAcc>1.852471</hAcc><vAcc>0.785114</vAcc></extensions></trkpt>
      <trkpt lon="34.994274" lat="31.902208"><ele>242.881331</ele><time>2026-04-23T06:12:32Z</time><extensions><speed>2.728446</speed><course>283.507644</course><hAcc>1.853804</hAcc><vAcc>0.783975</vAcc></extensions></trkpt>
      <trkpt lon="34.994246" lat="31.902213"><ele>242.746659</ele><time>2026-04-23T06:12:33Z</time><extensions><speed>2.651358</speed><course>282.760366</course><hAcc>1.852914</hAcc><vAcc>0.783143</vAcc></extensions></trkpt>
      <trkpt lon="34.994218" lat="31.902218"><ele>242.615637</ele><time>2026-04-23T06:12:34Z</time><extensions><speed>2.758917</speed><course>281.086210</course><hAcc>1.850116</hAcc><vAcc>0.782751</vAcc></extensions></trkpt>
      <trkpt lon="34.994189" lat="31.902221"><ele>242.463294</ele><time>2026-04-23T06:12:35Z</time><extensions><speed>2.835788</speed><course>277.269393</course><hAcc>1.845554</hAcc><vAcc>0.783004</vAcc></extensions></trkpt>
      <trkpt lon="34.994159" lat="31.902225"><ele>242.319497</ele><time>2026-04-23T06:12:36Z</time><extensions><speed>2.808640</speed><course>277.996564</course><hAcc>1.844415</hAcc><vAcc>0.783436</vAcc></extensions></trkpt>
      <trkpt lon="34.994128" lat="31.902228"><ele>242.173317</ele><time>2026-04-23T06:12:37Z</time><extensions><speed>3.028014</speed><course>278.654064</course><hAcc>1.845071</hAcc><vAcc>0.783973</vAcc></extensions></trkpt>
      <trkpt lon="34.994097" lat="31.902232"><ele>242.049983</ele><time>2026-04-23T06:12:38Z</time><extensions><speed>2.883389</speed><course>277.074186</course><hAcc>1.837818</hAcc><vAcc>0.784312</vAcc></extensions></trkpt>
      <trkpt lon="34.994068" lat="31.902235"><ele>241.927152</ele><time>2026-04-23T06:12:39Z</time><extensions><speed>2.588746</speed><course>276.471258</course><hAcc>1.831100</hAcc><vAcc>0.784336</vAcc></extensions></trkpt>
      <trkpt lon="34.994041" lat="31.902238"><ele>241.800529</ele><time>2026-04-23T06:12:40Z</time><extensions><speed>2.702148</speed><course>280.118824</course><hAcc>1.827760</hAcc><vAcc>0.783917</vAcc></extensions></trkpt>
      <trkpt lon="34.994012" lat="31.902244"><ele>241.673085</ele><time>2026-04-23T06:12:42Z</time><extensions><speed>2.767703</speed><course>285.410957</course><hAcc>1.825223</hAcc><vAcc>0.782993</vAcc></extensions></trkpt>
      <trkpt lon="34.993985" lat="31.902250"><ele>241.551282</ele><time>2026-04-23T06:12:43Z</time><extensions><speed>2.731512</speed><course>285.493806</course><hAcc>1.825144</hAcc><vAcc>0.780765</vAcc></extensions></trkpt>
      <trkpt lon="34.993956" lat="31.902255"><ele>241.420065</ele><time>2026-04-23T06:12:44Z</time><extensions><speed>2.790936</speed><course>279.076676</course><hAcc>1.827019</hAcc><vAcc>0.777204</vAcc></extensions></trkpt>
      <trkpt lon="34.993927" lat="31.902258"><ele>241.313470</ele><time>2026-04-23T06:12:45Z</time><extensions><speed>2.742714</speed><course>273.919199</course><hAcc>1.828121</hAcc><vAcc>0.773324</vAcc></extensions></trkpt>
      <trkpt lon="34.993898" lat="31.902260"><ele>241.210964</ele><time>2026-04-23T06:12:46Z</time><extensions><speed>2.773804</speed><course>274.985890</course><hAcc>1.828912</hAcc><vAcc>0.768723</vAcc></extensions></trkpt>
      <trkpt lon="34.993868" lat="31.902263"><ele>241.102535</ele><time>2026-04-23T06:12:47Z</time><extensions><speed>2.946696</speed><course>280.663954</course><hAcc>1.823264</hAcc><vAcc>0.764189</vAcc></extensions></trkpt>
      <trkpt lon="34.993838" lat="31.902267"><ele>240.992801</ele><time>2026-04-23T06:12:48Z</time><extensions><speed>2.761698</speed><course>275.510159</course><hAcc>1.815084</hAcc><vAcc>0.760058</vAcc></extensions></trkpt>
      <trkpt lon="34.993809" lat="31.902270"><ele>240.877036</ele><time>2026-04-23T06:12:49Z</time><extensions><speed>2.767752</speed><course>277.102597</course><hAcc>1.805936</hAcc><vAcc>0.756471</vAcc></extensions></trkpt>
      <trkpt lon="34.993780" lat="31.902274"><ele>240.773448</ele><time>2026-04-23T06:12:50Z</time><extensions><speed>2.834187</speed><course>285.619716</course><hAcc>1.794325</hAcc><vAcc>0.753673</vAcc></extensions></trkpt>
      <trkpt lon="34.993752" lat="31.902281"><ele>240.663695</ele><time>2026-04-23T06:12:51Z</time><extensions><speed>2.604207</speed><course>288.460497</course><hAcc>1.790259</hAcc><vAcc>0.752119</vAcc></extensions></trkpt>
      <trkpt lon="34.993726" lat="31.902289"><ele>240.576837</ele><time>2026-04-23T06:12:52Z</time><extensions><speed>2.652032</speed><course>290.898187</course><hAcc>1.804544</hAcc><vAcc>0.750293</vAcc></extensions></trkpt>
      <trkpt lon="34.993709" lat="31.902294"><ele>240.512554</ele><time>2026-04-23T06:12:52Z</time><extensions><speed>2.598805</speed><course>291.889476</course><hAcc>1.809650</hAcc><vAcc>0.746871</vAcc></extensions></trkpt>
      <trkpt lon="34.993700" lat="31.902297"><ele>240.489775</ele><time>2026-04-23T06:12:53Z</time><extensions><speed>2.550746</speed><course>291.601786</course><hAcc>1.809173</hAcc><vAcc>0.745019</vAcc></extensions></trkpt>
      <trkpt lon="34.993676" lat="31.902306"><ele>240.417377</ele><time>2026-04-23T06:12:54Z</time><extensions><speed>2.443925</speed><course>295.272818</course><hAcc>1.806789</hAcc><vAcc>0.752216</vAcc></extensions></trkpt>
      <trkpt lon="34.993653" lat="31.902317"><ele>240.332276</ele><time>2026-04-23T06:12:55Z</time><extensions><speed>2.584400</speed><course>299.871032</course><hAcc>1.826100</hAcc><vAcc>0.758537</vAcc></extensions></trkpt>
      <trkpt lon="34.993630" lat="31.902328"><ele>240.254038</ele><time>2026-04-23T06:12:56Z</time><extensions><speed>2.539659</speed><course>302.498231</course><hAcc>1.864213</hAcc><vAcc>0.764397</vAcc></extensions></trkpt>
      <trkpt lon="34.993607" lat="31.902341"><ele>240.195118</ele><time>2026-04-23T06:12:57Z</time><extensions><speed>2.639294</speed><course>301.273750</course><hAcc>1.898773</hAcc><vAcc>0.769589</vAcc></extensions></trkpt>
      <trkpt lon="34.993582" lat="31.902352"><ele>240.115725</ele><time>2026-04-23T06:12:58Z</time><extensions><speed>2.725251</speed><course>293.936933</course><hAcc>1.921980</hAcc><vAcc>0.773840</vAcc></extensions></trkpt>
      <trkpt lon="34.993554" lat="31.902360"><ele>240.035430</ele><time>2026-04-23T06:12:59Z</time><extensions><speed>2.876326</speed><course>284.961609</course><hAcc>1.933185</hAcc><vAcc>0.776918</vAcc></extensions></trkpt>
      <trkpt lon="34.993525" lat="31.902365"><ele>239.968190</ele><time>2026-04-23T06:13:00Z</time><extensions><speed>2.861525</speed><course>278.997503</course><hAcc>1.938242</hAcc><vAcc>0.778689</vAcc></extensions></trkpt>
      <trkpt lon="34.993495" lat="31.902370"><ele>239.917621</ele><time>2026-04-23T06:13:01Z</time><extensions><speed>2.896093</speed><course>279.739271</course><hAcc>1.940320</hAcc><vAcc>0.779168</vAcc></extensions></trkpt>
      <trkpt lon="34.993466" lat="31.902374"><ele>239.840404</ele><time>2026-04-23T06:13:02Z</time><extensions><speed>2.738755</speed><course>282.489485</course><hAcc>1.942880</hAcc><vAcc>0.778531</vAcc></extensions></trkpt>
      <trkpt lon="34.993440" lat="31.902381"><ele>239.769920</ele><time>2026-04-23T06:13:03Z</time><extensions><speed>2.598697</speed><course>293.150810</course><hAcc>1.944934</hAcc><vAcc>0.777024</vAcc></extensions></trkpt>
      <trkpt lon="34.993416" lat="31.902391"><ele>239.705549</ele><time>2026-04-23T06:13:04Z</time><extensions><speed>2.432974</speed><course>296.573123</course><hAcc>1.939095</hAcc><vAcc>0.775067</vAcc></extensions></trkpt>
      <trkpt lon="34.993394" lat="31.902401"><ele>239.644141</ele><time>2026-04-23T06:13:05Z</time><extensions><speed>2.428673</speed><course>299.194511</course><hAcc>1.934543</hAcc><vAcc>0.772938</vAcc></extensions></trkpt>
      <trkpt lon="34.993372" lat="31.902412"><ele>239.610064</ele><time>2026-04-23T06:13:06Z</time><extensions><speed>2.476297</speed><course>302.865862</course><hAcc>1.937960</hAcc><vAcc>0.771003</vAcc></extensions></trkpt>
      <trkpt lon="34.993350" lat="31.902425"><ele>239.550758</ele><time>2026-04-23T06:13:07Z</time><extensions><speed>2.570224</speed><course>307.045737</course><hAcc>1.940573</hAcc><vAcc>0.769509</vAcc></extensions></trkpt>
      <trkpt lon="34.993329" lat="31.902439"><ele>239.497408</ele><time>2026-04-23T06:13:08Z</time><extensions><speed>2.493232</speed><course>311.813021</course><hAcc>1.937987</hAcc><vAcc>0.768410</vAcc></extensions></trkpt>
      <trkpt lon="34.993309" lat="31.902454"><ele>239.429719</ele><time>2026-04-23T06:13:09Z</time><extensions><speed>2.529590</speed><course>310.188126</course><hAcc>1.927869</hAcc><vAcc>0.767507</vAcc></extensions></trkpt>
      <trkpt lon="34.993289" lat="31.902468"><ele>239.389064</ele><time>2026-04-23T06:13:10Z</time><extensions><speed>2.547390</speed><course>310.272082</course><hAcc>1.914552</hAcc><vAcc>0.767067</vAcc></extensions></trkpt>
      <trkpt lon="34.993270" lat="31.902483"><ele>239.360721</ele><time>2026-04-23T06:13:11Z</time><extensions><speed>2.315263</speed><course>316.302584</course><hAcc>1.897718</hAcc><vAcc>0.767050</vAcc></extensions></trkpt>
      <trkpt lon="34.993253" lat="31.902499"><ele>239.305188</ele><time>2026-04-23T06:13:12Z</time><extensions><speed>2.412790</speed><course>320.674833</course><hAcc>1.881722</hAcc><vAcc>0.767366</vAcc></extensions></trkpt>
      <trkpt lon="34.993237" lat="31.902516"><ele>239.264727</ele><time>2026-04-23T06:13:13Z</time><extensions><speed>2.472989</speed><course>323.867172</course><hAcc>1.865868</hAcc><vAcc>0.767884</vAcc></extensions></trkpt>
      <trkpt lon="34.993220" lat="31.902534"><ele>239.215282</ele><time>2026-04-23T06:13:14Z</time><extensions><speed>2.699880</speed><course>317.628245</course><hAcc>1.850580</hAcc><vAcc>0.768598</vAcc></extensions></trkpt>
      <trkpt lon="34.993201" lat="31.902551"><ele>239.147748</ele><time>2026-04-23T06:13:15Z</time><extensions><speed>2.607125</speed><course>313.715855</course><hAcc>1.831209</hAcc><vAcc>0.769175</vAcc></extensions></trkpt>
      <trkpt lon="34.993182" lat="31.902568"><ele>239.105605</ele><time>2026-04-23T06:13:16Z</time><extensions><speed>2.667294</speed><course>316.338940</course><hAcc>1.821402</hAcc><vAcc>0.769419</vAcc></extensions></trkpt>
      <trkpt lon="34.993163" lat="31.902586"><ele>239.065909</ele><time>2026-04-23T06:13:17Z</time><extensions><speed>2.630683</speed><course>321.089054</course><hAcc>1.807538</hAcc><vAcc>0.769562</vAcc></extensions></trkpt>
      <trkpt lon="34.993147" lat="31.902604"><ele>239.023711</ele><time>2026-04-23T06:13:18Z</time><extensions><speed>2.456900</speed><course>324.060489</course><hAcc>1.791380</hAcc><vAcc>0.769709</vAcc></extensions></trkpt>
      <trkpt lon="34.993132" lat="31.902622"><ele>238.973934</ele><time>2026-04-23T06:13:19Z</time><extensions><speed>2.503001</speed><course>323.945432</course><hAcc>1.781673</hAcc><vAcc>0.770282</vAcc></extensions></trkpt>
      <trkpt lon="34.993118" lat="31.902641"><ele>238.919326</ele><time>2026-04-23T06:13:20Z</time><extensions><speed>2.467411</speed><course>330.044191</course><hAcc>1.772430</hAcc><vAcc>0.770829</vAcc></extensions></trkpt>
      <trkpt lon="34.993107" lat="31.902660"><ele>238.882111</ele><time>2026-04-23T06:13:21Z</time><extensions><speed>2.339368</speed><course>335.188674</course><hAcc>1.754433</hAcc><vAcc>0.771834</vAcc></extensions></trkpt>
      <trkpt lon="34.993096" lat="31.902679"><ele>238.834768</ele><time>2026-04-23T06:13:22Z</time><extensions><speed>2.328587</speed><course>334.135398</course><hAcc>1.747292</hAcc><vAcc>0.773201</vAcc></extensions></trkpt>
      <trkpt lon="34.993084" lat="31.902700"><ele>238.758874</ele><time>2026-04-23T06:13:23Z</time><extensions><speed>2.808703</speed><course>335.379838</course><hAcc>1.735908</hAcc><vAcc>0.774419</vAcc></extensions></trkpt>
      <trkpt lon="34.993075" lat="31.902725"><ele>238.684938</ele><time>2026-04-23T06:13:23Z</time><extensions><speed>3.067451</speed><course>349.251846</course><hAcc>1.725227</hAcc><vAcc>0.775918</vAcc></extensions></trkpt>
      <trkpt lon="34.993073" lat="31.902753"><ele>238.622629</ele><time>2026-04-23T06:13:24Z</time><extensions><speed>3.082274</speed><course>1.217023</course><hAcc>1.712979</hAcc><vAcc>0.777581</vAcc></extensions></trkpt>
      <trkpt lon="34.993074" lat="31.902780"><ele>238.578214</ele><time>2026-04-23T06:13:25Z</time><extensions><speed>3.042595</speed><course>2.397881</course><hAcc>1.699316</hAcc><vAcc>0.779241</vAcc></extensions></trkpt>
      <trkpt lon="34.993074" lat="31.902808"><ele>238.497728</ele><time>2026-04-23T06:13:26Z</time><extensions><speed>3.001512</speed><course>357.623526</course><hAcc>1.688261</hAcc><vAcc>0.780677</vAcc></extensions></trkpt>
      <trkpt lon="34.993072" lat="31.902834"><ele>238.408193</ele><time>2026-04-23T06:13:27Z</time><extensions><speed>2.797862</speed><course>357.619779</course><hAcc>1.679962</hAcc><vAcc>0.781629</vAcc></extensions></trkpt>
      <trkpt lon="34.993072" lat="31.902858"><ele>238.298918</ele><time>2026-04-23T06:13:28Z</time><extensions><speed>2.573958</speed><course>2.167095</course><hAcc>1.673159</hAcc><vAcc>0.781853</vAcc></extensions></trkpt>
      <trkpt lon="34.993073" lat="31.902881"><ele>238.220408</ele><time>2026-04-23T06:13:29Z</time><extensions><speed>2.482398</speed><course>359.543687</course><hAcc>1.668031</hAcc><vAcc>0.781213</vAcc></extensions></trkpt>
      <trkpt lon="34.993072" lat="31.902903"><ele>238.130758</ele><time>2026-04-23T06:13:30Z</time><extensions><speed>2.578036</speed><course>356.052346</course><hAcc>1.662460</hAcc><vAcc>0.779722</vAcc></extensions></trkpt>
      <trkpt lon="34.993070" lat="31.902926"><ele>238.061191</ele><time>2026-04-23T06:13:31Z</time><extensions><speed>2.655327</speed><course>353.075019</course><hAcc>1.657213</hAcc><vAcc>0.777526</vAcc></extensions></trkpt>
      <trkpt lon="34.993066" lat="31.902950"><ele>238.002243</ele><time>2026-04-23T06:13:32Z</time><extensions><speed>2.763235</speed><course>350.803382</course><hAcc>1.655793</hAcc><vAcc>0.774865</vAcc></extensions></trkpt>
      <trkpt lon="34.993062" lat="31.902975"><ele>237.918101</ele><time>2026-04-23T06:13:33Z</time><extensions><speed>2.719516</speed><course>354.433723</course><hAcc>1.651079</hAcc><vAcc>0.772018</vAcc></extensions></trkpt>
      <trkpt lon="34.993060" lat="31.902998"><ele>237.829824</ele><time>2026-04-23T06:13:34Z</time><extensions><speed>2.601846</speed><course>358.467235</course><hAcc>1.645293</hAcc><vAcc>0.769224</vAcc></extensions></trkpt>
      <trkpt lon="34.993060" lat="31.903021"><ele>237.753612</ele><time>2026-04-23T06:13:35Z</time><extensions><speed>2.491408</speed><course>0.583252</course><hAcc>1.637051</hAcc><vAcc>0.766644</vAcc></extensions></trkpt>
      <trkpt lon="34.993060" lat="31.903044"><ele>237.693128</ele><time>2026-04-23T06:13:36Z</time><extensions><speed>2.558213</speed><course>358.383871</course><hAcc>1.630444</hAcc><vAcc>0.764377</vAcc></extensions></trkpt>
      <trkpt lon="34.993062" lat="31.903068"><ele>237.597533</ele><time>2026-04-23T06:13:37Z</time><extensions><speed>2.798898</speed><course>9.079416</course><hAcc>1.620840</hAcc><vAcc>0.762465</vAcc></extensions></trkpt>
      <trkpt lon="34.993070" lat="31.903092"><ele>237.491361</ele><time>2026-04-23T06:13:38Z</time><extensions><speed>2.773862</speed><course>23.112116</course><hAcc>1.604758</hAcc><vAcc>0.760910</vAcc></extensions></trkpt>
      <trkpt lon="34.993084" lat="31.903114"><ele>237.413344</ele><time>2026-04-23T06:13:39Z</time><extensions><speed>2.698865</speed><course>33.378280</course><hAcc>1.588136</hAcc><vAcc>0.759688</vAcc></extensions></trkpt>
      <trkpt lon="34.993100" lat="31.903133"><ele>237.348201</ele><time>2026-04-23T06:13:40Z</time><extensions><speed>2.627839</speed><course>36.349286</course><hAcc>1.573267</hAcc><vAcc>0.758759</vAcc></extensions></trkpt>
      <trkpt lon="34.993115" lat="31.903154"><ele>237.285804</ele><time>2026-04-23T06:13:41Z</time><extensions><speed>2.778894</speed><course>30.885066</course><hAcc>1.565858</hAcc><vAcc>0.758075</vAcc></extensions></trkpt>
      <trkpt lon="34.993128" lat="31.903175"><ele>237.204753</ele><time>2026-04-23T06:13:42Z</time><extensions><speed>2.529058</speed><course>27.302738</course><hAcc>1.558094</hAcc><vAcc>0.757878</vAcc></extensions></trkpt>
      <trkpt lon="34.993138" lat="31.903194"><ele>237.113257</ele><time>2026-04-23T06:13:43Z</time><extensions><speed>2.090942</speed><course>27.075843</course><hAcc>1.555811</hAcc><vAcc>0.758274</vAcc></extensions></trkpt>
      <trkpt lon="34.993147" lat="31.903211"><ele>237.035497</ele><time>2026-04-23T06:13:44Z</time><extensions><speed>2.107686</speed><course>20.198981</course><hAcc>1.553823</hAcc><vAcc>0.759060</vAcc></extensions></trkpt>
      <trkpt lon="34.993152" lat="31.903232"><ele>236.977764</ele><time>2026-04-23T06:13:45Z</time><extensions><speed>2.508971</speed><course>10.016989</course><hAcc>1.550623</hAcc><vAcc>0.760468</vAcc></extensions></trkpt>
      <trkpt lon="34.993155" lat="31.903254"><ele>236.901942</ele><time>2026-04-23T06:13:46Z</time><extensions><speed>2.403292</speed><course>4.562928</course><hAcc>1.554458</hAcc><vAcc>0.762465</vAcc></extensions></trkpt>
      <trkpt lon="34.993156" lat="31.903275"><ele>236.840977</ele><time>2026-04-23T06:13:47Z</time><extensions><speed>2.186305</speed><course>3.036576</course><hAcc>1.571272</hAcc><vAcc>0.764661</vAcc></extensions></trkpt>
      <trkpt lon="34.993154" lat="31.903296"><ele>236.759320</ele><time>2026-04-23T06:13:48Z</time><extensions><speed>2.533872</speed><course>350.407845</course><hAcc>1.573569</hAcc><vAcc>0.766727</vAcc></extensions></trkpt>
      <trkpt lon="34.993144" lat="31.903320"><ele>236.689261</ele><time>2026-04-23T06:13:49Z</time><extensions><speed>2.989708</speed><course>331.957628</course><hAcc>1.571504</hAcc><vAcc>0.768974</vAcc></extensions></trkpt>
      <trkpt lon="34.993124" lat="31.903343"><ele>236.643704</ele><time>2026-04-23T06:13:50Z</time><extensions><speed>3.474188</speed><course>316.913937</course><hAcc>1.577320</hAcc><vAcc>0.771321</vAcc></extensions></trkpt>
      <trkpt lon="34.993096" lat="31.903365"><ele>236.604310</ele><time>2026-04-23T06:13:51Z</time><extensions><speed>3.725385</speed><course>308.815605</course><hAcc>1.592151</hAcc><vAcc>0.773623</vAcc></extensions></trkpt>
      <trkpt lon="34.993064" lat="31.903386"><ele>236.540642</ele><time>2026-04-23T06:13:52Z</time><extensions><speed>3.772998</speed><course>304.362692</course><hAcc>1.603965</hAcc><vAcc>0.775673</vAcc></extensions></trkpt>
      <trkpt lon="34.993030" lat="31.903405"><ele>236.485364</ele><time>2026-04-23T06:13:53Z</time><extensions><speed>3.934559</speed><course>303.635246</course><hAcc>1.609711</hAcc><vAcc>0.777225</vAcc></extensions></trkpt>
      <trkpt lon="34.992995" lat="31.903425"><ele>236.406649</ele><time>2026-04-23T06:13:54Z</time><extensions><speed>3.906227</speed><course>303.231814</course><hAcc>1.607148</hAcc><vAcc>0.778060</vAcc></extensions></trkpt>
      <trkpt lon="34.992961" lat="31.903443"><ele>236.364837</ele><time>2026-04-23T06:13:55Z</time><extensions><speed>3.680806</speed><course>299.915428</course><hAcc>1.602969</hAcc><vAcc>0.778042</vAcc></extensions></trkpt>
      <trkpt lon="34.992928" lat="31.903458"><ele>236.307709</ele><time>2026-04-23T06:13:56Z</time><extensions><speed>3.367065</speed><course>295.685687</course><hAcc>1.595545</hAcc><vAcc>0.777149</vAcc></extensions></trkpt>
      <trkpt lon="34.992897" lat="31.903470"><ele>236.235477</ele><time>2026-04-23T06:13:57Z</time><extensions><speed>3.086989</speed><course>295.974569</course><hAcc>1.586339</hAcc><vAcc>0.775491</vAcc></extensions></trkpt>
      <trkpt lon="34.992870" lat="31.903483"><ele>236.147597</ele><time>2026-04-23T06:13:58Z</time><extensions><speed>2.834309</speed><course>301.049477</course><hAcc>1.577827</hAcc><vAcc>0.773296</vAcc></extensions></trkpt>
      <trkpt lon="34.992845" lat="31.903498"><ele>236.068186</ele><time>2026-04-23T06:13:59Z</time><extensions><speed>2.780111</speed><course>307.761273</course><hAcc>1.573830</hAcc><vAcc>0.770840</vAcc></extensions></trkpt>
      <trkpt lon="34.992823" lat="31.903514"><ele>236.009155</ele><time>2026-04-23T06:14:00Z</time><extensions><speed>2.819575</speed><course>314.452503</course><hAcc>1.571145</hAcc><vAcc>0.768362</vAcc></extensions></trkpt>
      <trkpt lon="34.992802" lat="31.903533"><ele>235.940054</ele><time>2026-04-23T06:14:01Z</time><extensions><speed>2.813828</speed><course>317.557759</course><hAcc>1.574661</hAcc><vAcc>0.766031</vAcc></extensions></trkpt>
      <trkpt lon="34.992782" lat="31.903551"><ele>235.861072</ele><time>2026-04-23T06:14:02Z</time><extensions><speed>2.808143</speed><course>315.425890</course><hAcc>1.581484</hAcc><vAcc>0.763953</vAcc></extensions></trkpt>
      <trkpt lon="34.992760" lat="31.903568"><ele>235.788360</ele><time>2026-04-23T06:14:03Z</time><extensions><speed>2.798669</speed><course>311.416938</course><hAcc>1.587406</hAcc><vAcc>0.762180</vAcc></extensions></trkpt>
      <trkpt lon="34.992739" lat="31.903585"><ele>235.713705</ele><time>2026-04-23T06:14:04Z</time><extensions><speed>2.657379</speed><course>311.064025</course><hAcc>1.594900</hAcc><vAcc>0.760725</vAcc></extensions></trkpt>
      <trkpt lon="34.992718" lat="31.903601"><ele>235.662386</ele><time>2026-04-23T06:14:05Z</time><extensions><speed>2.713403</speed><course>313.098413</course><hAcc>1.600215</hAcc><vAcc>0.759573</vAcc></extensions></trkpt>
      <trkpt lon="34.992698" lat="31.903618"><ele>235.617270</ele><time>2026-04-23T06:14:06Z</time><extensions><speed>2.650912</speed><course>319.080116</course><hAcc>1.607398</hAcc><vAcc>0.758689</vAcc></extensions></trkpt>
      <trkpt lon="34.992682" lat="31.903636"><ele>235.575955</ele><time>2026-04-23T06:14:07Z</time><extensions><speed>2.476992</speed><course>328.130297</course><hAcc>1.619059</hAcc><vAcc>0.758035</vAcc></extensions></trkpt>
      <trkpt lon="34.992669" lat="31.903656"><ele>235.521272</ele><time>2026-04-23T06:14:08Z</time><extensions><speed>2.635889</speed><course>331.074699</course><hAcc>1.626669</hAcc><vAcc>0.757895</vAcc></extensions></trkpt>
      <trkpt lon="34.992655" lat="31.903678"><ele>235.465762</ele><time>2026-04-23T06:14:09Z</time><extensions><speed>3.007290</speed><course>332.769336</course><hAcc>1.627157</hAcc><vAcc>0.757724</vAcc></extensions></trkpt>
      <trkpt lon="34.992639" lat="31.903705"><ele>235.410144</ele><time>2026-04-23T06:14:10Z</time><extensions><speed>3.508001</speed><course>334.118332</course><hAcc>1.624546</hAcc><vAcc>0.758560</vAcc></extensions></trkpt>
      <trkpt lon="34.992622" lat="31.903733"><ele>235.366993</ele><time>2026-04-23T06:14:11Z</time><extensions><speed>3.500712</speed><course>331.007009</course><hAcc>1.626943</hAcc><vAcc>0.759723</vAcc></extensions></trkpt>
      <trkpt lon="34.992605" lat="31.903757"><ele>235.337548</ele><time>2026-04-23T06:14:12Z</time><extensions><speed>2.860981</speed><course>325.257226</course><hAcc>1.635126</hAcc><vAcc>0.761615</vAcc></extensions></trkpt>
      <trkpt lon="34.992588" lat="31.903776"><ele>235.323272</ele><time>2026-04-23T06:14:13Z</time><extensions><speed>2.442216</speed><course>323.479195</course><hAcc>1.645098</hAcc><vAcc>0.764243</vAcc></extensions></trkpt>
      <trkpt lon="34.992573" lat="31.903793"><ele>235.308577</ele><time>2026-04-23T06:14:14Z</time><extensions><speed>2.333613</speed><course>321.251467</course><hAcc>1.652260</hAcc><vAcc>0.767690</vAcc></extensions></trkpt>
      <trkpt lon="34.992557" lat="31.903810"><ele>235.307732</ele><time>2026-04-23T06:14:15Z</time><extensions><speed>2.327274</speed><course>320.036072</course><hAcc>1.660521</hAcc><vAcc>0.772281</vAcc></extensions></trkpt>
      <trkpt lon="34.992541" lat="31.903826"><ele>235.294875</ele><time>2026-04-23T06:14:16Z</time><extensions><speed>2.421225</speed><course>321.010919</course><hAcc>1.669686</hAcc><vAcc>0.777855</vAcc></extensions></trkpt>
      <trkpt lon="34.992525" lat="31.903844"><ele>235.259442</ele><time>2026-04-23T06:14:17Z</time><extensions><speed>2.420651</speed><course>324.643802</course><hAcc>1.681413</hAcc><vAcc>0.783886</vAcc></extensions></trkpt>
      <trkpt lon="34.992512" lat="31.903862"><ele>235.233220</ele><time>2026-04-23T06:14:18Z</time><extensions><speed>2.445698</speed><course>331.626699</course><hAcc>1.689578</hAcc><vAcc>0.790380</vAcc></extensions></trkpt>
      <trkpt lon="34.992499" lat="31.903882"><ele>235.217571</ele><time>2026-04-23T06:14:19Z</time><extensions><speed>2.572537</speed><course>333.008397</course><hAcc>1.695262</hAcc><vAcc>0.796274</vAcc></extensions></trkpt>
      <trkpt lon="34.992485" lat="31.903903"><ele>235.228857</ele><time>2026-04-23T06:14:20Z</time><extensions><speed>2.657167</speed><course>326.185041</course><hAcc>1.702181</hAcc><vAcc>0.802350</vAcc></extensions></trkpt>
      <trkpt lon="34.992468" lat="31.903923"><ele>235.238256</ele><time>2026-04-23T06:14:21Z</time><extensions><speed>2.820118</speed><course>322.015411</course><hAcc>1.701496</hAcc><vAcc>0.807232</vAcc></extensions></trkpt>
      <trkpt lon="34.992449" lat="31.903943"><ele>235.262936</ele><time>2026-04-23T06:14:22Z</time><extensions><speed>2.847487</speed><course>320.021553</course><hAcc>1.700093</hAcc><vAcc>0.811047</vAcc></extensions></trkpt>
      <trkpt lon="34.992429" lat="31.903962"><ele>235.293203</ele><time>2026-04-23T06:14:23Z</time><extensions><speed>2.868785</speed><course>318.675652</course><hAcc>1.694538</hAcc><vAcc>0.813741</vAcc></extensions></trkpt>
      <trkpt lon="34.992408" lat="31.903981"><ele>235.311058</ele><time>2026-04-23T06:14:24Z</time><extensions><speed>2.837442</speed><course>315.509794</course><hAcc>1.686646</hAcc><vAcc>0.815084</vAcc></extensions></trkpt>
      <trkpt lon="34.992386" lat="31.903999"><ele>235.335581</ele><time>2026-04-23T06:14:25Z</time><extensions><speed>2.867835</speed><course>312.092591</course><hAcc>1.676693</hAcc><vAcc>0.814921</vAcc></extensions></trkpt>
      <trkpt lon="34.992364" lat="31.904015"><ele>235.314171</ele><time>2026-04-23T06:14:26Z</time><extensions><speed>2.767108</speed><course>310.730074</course><hAcc>1.664773</hAcc><vAcc>0.813197</vAcc></extensions></trkpt>
      <trkpt lon="34.992341" lat="31.904031"><ele>235.301888</ele><time>2026-04-23T06:14:27Z</time><extensions><speed>2.765442</speed><course>307.407269</course><hAcc>1.651447</hAcc><vAcc>0.809996</vAcc></extensions></trkpt>
      <trkpt lon="34.992316" lat="31.904045"><ele>235.305570</ele><time>2026-04-23T06:14:28Z</time><extensions><speed>2.945581</speed><course>302.799815</course><hAcc>1.631474</hAcc><vAcc>0.805544</vAcc></extensions></trkpt>
      <trkpt lon="34.992289" lat="31.904059"><ele>235.309788</ele><time>2026-04-23T06:14:29Z</time><extensions><speed>3.059724</speed><course>297.474118</course><hAcc>1.615742</hAcc><vAcc>0.800173</vAcc></extensions></trkpt>
      <trkpt lon="34.992259" lat="31.904070"><ele>235.293157</ele><time>2026-04-23T06:14:30Z</time><extensions><speed>3.069194</speed><course>288.758042</course><hAcc>1.601283</hAcc><vAcc>0.794274</vAcc></extensions></trkpt>
      <trkpt lon="34.992228" lat="31.904076"><ele>235.287947</ele><time>2026-04-23T06:14:31Z</time><extensions><speed>3.021060</speed><course>280.065936</course><hAcc>1.586173</hAcc><vAcc>0.788236</vAcc></extensions></trkpt>
      <trkpt lon="34.992197" lat="31.904078"><ele>235.280041</ele><time>2026-04-23T06:14:32Z</time><extensions><speed>2.784453</speed><course>267.145919</course><hAcc>1.571670</hAcc><vAcc>0.782416</vAcc></extensions></trkpt>
      <trkpt lon="34.992168" lat="31.904075"><ele>235.268854</ele><time>2026-04-23T06:14:33Z</time><extensions><speed>2.758893</speed><course>259.469320</course><hAcc>1.559917</hAcc><vAcc>0.777097</vAcc></extensions></trkpt>
      <trkpt lon="34.992139" lat="31.904069"><ele>235.266252</ele><time>2026-04-23T06:14:34Z</time><extensions><speed>2.821673</speed><course>251.846665</course><hAcc>1.550644</hAcc><vAcc>0.772446</vAcc></extensions></trkpt>
      <trkpt lon="34.992110" lat="31.904059"><ele>235.249234</ele><time>2026-04-23T06:14:35Z</time><extensions><speed>3.122936</speed><course>244.118108</course><hAcc>1.544181</hAcc><vAcc>0.768534</vAcc></extensions></trkpt>
      <trkpt lon="34.992081" lat="31.904045"><ele>235.217051</ele><time>2026-04-23T06:14:36Z</time><extensions><speed>3.143117</speed><course>239.000379</course><hAcc>1.534220</hAcc><vAcc>0.765358</vAcc></extensions></trkpt>
      <trkpt lon="34.992053" lat="31.904029"><ele>235.158889</ele><time>2026-04-23T06:14:37Z</time><extensions><speed>3.237377</speed><course>233.636259</course><hAcc>1.516719</hAcc><vAcc>0.762864</vAcc></extensions></trkpt>
      <trkpt lon="34.992026" lat="31.904012"><ele>235.136226</ele><time>2026-04-23T06:14:38Z</time><extensions><speed>3.160577</speed><course>233.035311</course><hAcc>1.507590</hAcc><vAcc>0.760967</vAcc></extensions></trkpt>
      <trkpt lon="34.992001" lat="31.903996"><ele>235.120817</ele><time>2026-04-23T06:14:39Z</time><extensions><speed>2.722695</speed><course>231.059891</course><hAcc>1.511063</hAcc><vAcc>0.759569</vAcc></extensions></trkpt>
      <trkpt lon="34.991980" lat="31.903981"><ele>235.094607</ele><time>2026-04-23T06:14:40Z</time><extensions><speed>2.368759</speed><course>231.987819</course><hAcc>1.513575</hAcc><vAcc>0.758573</vAcc></extensions></trkpt>
      <trkpt lon="34.991959" lat="31.903968"><ele>235.092492</ele><time>2026-04-23T06:14:41Z</time><extensions><speed>2.563805</speed><course>233.600610</course><hAcc>1.501785</hAcc><vAcc>0.757889</vAcc></extensions></trkpt>
      <trkpt lon="34.991936" lat="31.903954"><ele>235.098728</ele><time>2026-04-23T06:14:42Z</time><extensions><speed>2.831761</speed><course>237.184042</course><hAcc>1.497087</hAcc><vAcc>0.757438</vAcc></extensions></trkpt>
      <trkpt lon="34.991910" lat="31.903940"><ele>235.111504</ele><time>2026-04-23T06:14:43Z</time><extensions><speed>2.961236</speed><course>239.341669</course><hAcc>1.502324</hAcc><vAcc>0.757156</vAcc></extensions></trkpt>
      <trkpt lon="34.991882" lat="31.903927"><ele>235.107087</ele><time>2026-04-23T06:14:44Z</time><extensions><speed>2.989794</speed><course>243.070207</course><hAcc>1.511707</hAcc><vAcc>0.756993</vAcc></extensions></trkpt>
      <trkpt lon="34.991856" lat="31.903915"><ele>235.121366</ele><time>2026-04-23T06:14:45Z</time><extensions><speed>2.703947</speed><course>240.305433</course><hAcc>1.520890</hAcc><vAcc>0.756993</vAcc></extensions></trkpt>
      <trkpt lon="34.991833" lat="31.903902"><ele>235.123400</ele><time>2026-04-23T06:14:46Z</time><extensions><speed>2.657567</speed><course>233.863238</course><hAcc>1.521500</hAcc><vAcc>0.757323</vAcc></extensions></trkpt>
      <trkpt lon="34.991811" lat="31.903888"><ele>235.108854</ele><time>2026-04-23T06:14:48Z</time><extensions><speed>2.702853</speed><course>230.359012</course><hAcc>1.522879</hAcc><vAcc>0.758017</vAcc></extensions></trkpt>
      <trkpt lon="34.991789" lat="31.903872"><ele>235.095046</ele><time>2026-04-23T06:14:49Z</time><extensions><speed>2.729203</speed><course>231.259424</course><hAcc>1.517137</hAcc><vAcc>0.758951</vAcc></extensions></trkpt>
      <trkpt lon="34.991766" lat="31.903857"><ele>235.062404</ele><time>2026-04-23T06:14:50Z</time><extensions><speed>2.722280</speed><course>232.564666</course><hAcc>1.521154</hAcc><vAcc>0.759901</vAcc></extensions></trkpt>
      <trkpt lon="34.991744" lat="31.903843"><ele>235.016983</ele><time>2026-04-23T06:14:51Z</time><extensions><speed>2.686516</speed><course>234.258978</course><hAcc>1.530004</hAcc><vAcc>0.760835</vAcc></extensions></trkpt>
      <trkpt lon="34.991721" lat="31.903830"><ele>234.961145</ele><time>2026-04-23T06:14:52Z</time><extensions><speed>2.492276</speed><course>236.212575</course><hAcc>1.512805</hAcc><vAcc>0.761885</vAcc></extensions></trkpt>
      <trkpt lon="34.991701" lat="31.903818"><ele>234.884219</ele><time>2026-04-23T06:14:53Z</time><extensions><speed>2.246823</speed><course>233.709352</course><hAcc>1.498518</hAcc><vAcc>0.763020</vAcc></extensions></trkpt>
      <trkpt lon="34.991684" lat="31.903805"><ele>234.808289</ele><time>2026-04-23T06:14:54Z</time><extensions><speed>1.907590</speed><course>224.966198</course><hAcc>1.488977</hAcc><vAcc>0.764189</vAcc></extensions></trkpt>
      <trkpt lon="34.991674" lat="31.903793"><ele>234.715175</ele><time>2026-04-23T06:14:55Z</time><extensions><speed>1.513402</speed><course>203.594718</course><hAcc>1.477253</hAcc><vAcc>0.765312</vAcc></extensions></trkpt>
      <trkpt lon="34.991674" lat="31.903782"><ele>234.636248</ele><time>2026-04-23T06:14:56Z</time><extensions><speed>1.184883</speed><course>149.755624</course><hAcc>1.470495</hAcc><vAcc>0.766275</vAcc></extensions></trkpt>
      <trkpt lon="34.991686" lat="31.903778"><ele>234.545260</ele><time>2026-04-23T06:14:57Z</time><extensions><speed>1.659149</speed><course>86.074123</course><hAcc>1.462192</hAcc><vAcc>0.766945</vAcc></extensions></trkpt>
      <trkpt lon="34.991705" lat="31.903784"><ele>234.470688</ele><time>2026-04-23T06:14:58Z</time><extensions><speed>2.296129</speed><course>60.239701</course><hAcc>1.453904</hAcc><vAcc>0.767190</vAcc></extensions></trkpt>
      <trkpt lon="34.991727" lat="31.903796"><ele>234.387639</ele><time>2026-04-23T06:14:59Z</time><extensions><speed>2.627558</speed><course>52.440158</course><hAcc>1.446977</hAcc><vAcc>0.766947</vAcc></extensions></trkpt>
      <trkpt lon="34.991749" lat="31.903811"><ele>234.304069</ele><time>2026-04-23T06:15:00Z</time><extensions><speed>2.785016</speed><course>50.961254</course><hAcc>1.443766</hAcc><vAcc>0.766252</vAcc></extensions></trkpt>
      <trkpt lon="34.991773" lat="31.903827"><ele>234.250077</ele><time>2026-04-23T06:15:01Z</time><extensions><speed>2.844529</speed><course>53.424649</course><hAcc>1.443842</hAcc><vAcc>0.765229</vAcc></extensions></trkpt>
      <trkpt lon="34.991798" lat="31.903841"><ele>234.209870</ele><time>2026-04-23T06:15:02Z</time><extensions><speed>2.881748</speed><course>58.507466</course><hAcc>1.443700</hAcc><vAcc>0.764032</vAcc></extensions></trkpt>
      <trkpt lon="34.991825" lat="31.903855"><ele>234.191960</ele><time>2026-04-23T06:15:03Z</time><extensions><speed>3.067774</speed><course>61.871779</course><hAcc>1.446532</hAcc><vAcc>0.762794</vAcc></extensions></trkpt>
      <trkpt lon="34.991853" lat="31.903867"><ele>234.191959</ele><time>2026-04-23T06:15:04Z</time><extensions><speed>2.891532</speed><course>64.123219</course><hAcc>1.443351</hAcc><vAcc>0.761610</vAcc></extensions></trkpt>
      <trkpt lon="34.991879" lat="31.903878"><ele>234.196260</ele><time>2026-04-23T06:15:05Z</time><extensions><speed>2.685042</speed><course>64.166240</course><hAcc>1.441236</hAcc><vAcc>0.760543</vAcc></extensions></trkpt>
      <trkpt lon="34.991904" lat="31.903889"><ele>234.184323</ele><time>2026-04-23T06:15:06Z</time><extensions><speed>2.566009</speed><course>60.760748</course><hAcc>1.440524</hAcc><vAcc>0.759624</vAcc></extensions></trkpt>
      <trkpt lon="34.991927" lat="31.903900"><ele>234.207261</ele><time>2026-04-23T06:15:07Z</time><extensions><speed>2.572058</speed><course>58.240004</course><hAcc>1.448755</hAcc><vAcc>0.758863</vAcc></extensions></trkpt>
      <trkpt lon="34.991950" lat="31.903913"><ele>234.230950</ele><time>2026-04-23T06:15:08Z</time><extensions><speed>2.653599</speed><course>54.349778</course><hAcc>1.457854</hAcc><vAcc>0.758257</vAcc></extensions></trkpt>
      <trkpt lon="34.991973" lat="31.903928"><ele>234.246735</ele><time>2026-04-23T06:15:09Z</time><extensions><speed>2.682585</speed><course>50.914049</course><hAcc>1.466861</hAcc><vAcc>0.757789</vAcc></extensions></trkpt>
      <trkpt lon="34.991994" lat="31.903943"><ele>234.291570</ele><time>2026-04-23T06:15:10Z</time><extensions><speed>2.494688</speed><course>51.052511</course><hAcc>1.481268</hAcc><vAcc>0.757440</vAcc></extensions></trkpt>
      <trkpt lon="34.992015" lat="31.903957"><ele>234.330817</ele><time>2026-04-23T06:15:11Z</time><extensions><speed>2.526048</speed><course>53.050950</course><hAcc>1.500779</hAcc><vAcc>0.757188</vAcc></extensions></trkpt>
      <trkpt lon="34.992037" lat="31.903970"><ele>234.368977</ele><time>2026-04-23T06:15:12Z</time><extensions><speed>2.638743</speed><course>56.217525</course><hAcc>1.525260</hAcc><vAcc>0.757013</vAcc></extensions></trkpt>
      <trkpt lon="34.992060" lat="31.903983"><ele>234.395617</ele><time>2026-04-23T06:15:13Z</time><extensions><speed>2.677792</speed><course>56.835100</course><hAcc>1.543709</hAcc><vAcc>0.756972</vAcc></extensions></trkpt>
      <trkpt lon="34.992083" lat="31.903997"><ele>234.408990</ele><time>2026-04-23T06:15:14Z</time><extensions><speed>2.622039</speed><course>53.086926</course><hAcc>1.558626</hAcc><vAcc>0.757260</vAcc></extensions></trkpt>
      <trkpt lon="34.992104" lat="31.904012"><ele>234.424221</ele><time>2026-04-23T06:15:15Z</time><extensions><speed>2.630993</speed><course>50.520875</course><hAcc>1.570969</hAcc><vAcc>0.757522</vAcc></extensions></trkpt>
      <trkpt lon="34.992126" lat="31.904027"><ele>234.444678</ele><time>2026-04-23T06:15:16Z</time><extensions><speed>2.645020</speed><course>49.446966</course><hAcc>1.579233</hAcc><vAcc>0.757775</vAcc></extensions></trkpt>
      <trkpt lon="34.992146" lat="31.904043"><ele>234.455143</ele><time>2026-04-23T06:15:17Z</time><extensions><speed>2.632179</speed><course>47.952857</course><hAcc>1.574613</hAcc><vAcc>0.758488</vAcc></extensions></trkpt>
      <trkpt lon="34.992167" lat="31.904059"><ele>234.451878</ele><time>2026-04-23T06:15:18Z</time><extensions><speed>2.624481</speed><course>44.806293</course><hAcc>1.566914</hAcc><vAcc>0.759586</vAcc></extensions></trkpt>
      <trkpt lon="34.992183" lat="31.904077"><ele>234.436506</ele><time>2026-04-23T06:15:19Z</time><extensions><speed>2.416088</speed><course>31.517754</course><hAcc>1.559670</hAcc><vAcc>0.760422</vAcc></extensions></trkpt>
      <trkpt lon="34.992191" lat="31.904097"><ele>234.419497</ele><time>2026-04-23T06:15:20Z</time><extensions><speed>2.531792</speed><course>7.337803</course><hAcc>1.546769</hAcc><vAcc>0.761699</vAcc></extensions></trkpt>
      <trkpt lon="34.992190" lat="31.904121"><ele>234.377132</ele><time>2026-04-23T06:15:21Z</time><extensions><speed>2.933844</speed><course>346.565176</course><hAcc>1.535535</hAcc><vAcc>0.763213</vAcc></extensions></trkpt>
      <trkpt lon="34.992180" lat="31.904148"><ele>234.338464</ele><time>2026-04-23T06:15:22Z</time><extensions><speed>3.162896</speed><course>337.886574</course><hAcc>1.528326</hAcc><vAcc>0.764524</vAcc></extensions></trkpt>
      <trkpt lon="34.992167" lat="31.904174"><ele>234.282751</ele><time>2026-04-23T06:15:23Z</time><extensions><speed>3.280028</speed><course>336.428349</course><hAcc>1.524546</hAcc><vAcc>0.765823</vAcc></extensions></trkpt>
      <trkpt lon="34.992154" lat="31.904201"><ele>234.212532</ele><time>2026-04-23T06:15:24Z</time><extensions><speed>3.055929</speed><course>340.323855</course><hAcc>1.515791</hAcc><vAcc>0.767015</vAcc></extensions></trkpt>
      <trkpt lon="34.992146" lat="31.904226"><ele>234.140596</ele><time>2026-04-23T06:15:25Z</time><extensions><speed>2.660485</speed><course>350.773013</course><hAcc>1.503122</hAcc><vAcc>0.768009</vAcc></extensions></trkpt>
      <trkpt lon="34.992145" lat="31.904248"><ele>234.065863</ele><time>2026-04-23T06:15:26Z</time><extensions><speed>2.282289</speed><course>6.324953</course><hAcc>1.495821</hAcc><vAcc>0.768735</vAcc></extensions></trkpt>
      <trkpt lon="34.992151" lat="31.904267"><ele>233.977561</ele><time>2026-04-23T06:15:27Z</time><extensions><speed>2.266879</speed><course>22.013028</course><hAcc>1.500171</hAcc><vAcc>0.769128</vAcc></extensions></trkpt>
      <trkpt lon="34.992162" lat="31.904286"><ele>233.893593</ele><time>2026-04-23T06:15:27Z</time><extensions><speed>2.400743</speed><course>33.344904</course><hAcc>1.502233</hAcc><vAcc>0.769119</vAcc></extensions></trkpt>
      <trkpt lon="34.992177" lat="31.904302"><ele>233.778493</ele><time>2026-04-23T06:15:28Z</time><extensions><speed>2.197653</speed><course>41.168912</course><hAcc>1.504765</hAcc><vAcc>0.768694</vAcc></extensions></trkpt>
      <trkpt lon="34.992192" lat="31.904317"><ele>233.646599</ele><time>2026-04-23T06:15:29Z</time><extensions><speed>2.191127</speed><course>40.387681</course><hAcc>1.513613</hAcc><vAcc>0.768325</vAcc></extensions></trkpt>
      <trkpt lon="34.992206" lat="31.904334"><ele>233.529211</ele><time>2026-04-23T06:15:30Z</time><extensions><speed>2.357505</speed><course>33.890506</course><hAcc>1.513786</hAcc><vAcc>0.767998</vAcc></extensions></trkpt>
      <trkpt lon="34.992217" lat="31.904353"><ele>233.390413</ele><time>2026-04-23T06:15:31Z</time><extensions><speed>2.491915</speed><course>17.152287</course><hAcc>1.509225</hAcc><vAcc>0.767735</vAcc></extensions></trkpt>
      <trkpt lon="34.992219" lat="31.904375"><ele>233.242978</ele><time>2026-04-23T06:15:32Z</time><extensions><speed>2.505982</speed><course>353.824228</course><hAcc>1.506862</hAcc><vAcc>0.767832</vAcc></extensions></trkpt>
      <trkpt lon="34.992212" lat="31.904398"><ele>233.081061</ele><time>2026-04-23T06:15:33Z</time><extensions><speed>2.676199</speed><course>335.135102</course><hAcc>1.514659</hAcc><vAcc>0.768485</vAcc></extensions></trkpt>
      <trkpt lon="34.992196" lat="31.904420"><ele>232.908098</ele><time>2026-04-23T06:15:34Z</time><extensions><speed>3.027030</speed><course>324.033253</course><hAcc>1.519719</hAcc><vAcc>0.768898</vAcc></extensions></trkpt>
      <trkpt lon="34.992176" lat="31.904441"><ele>232.727586</ele><time>2026-04-23T06:15:35Z</time><extensions><speed>3.015755</speed><course>320.653081</course><hAcc>1.521592</hAcc><vAcc>0.769650</vAcc></extensions></trkpt>
      <trkpt lon="34.992156" lat="31.904463"><ele>232.523597</ele><time>2026-04-23T06:15:36Z</time><extensions><speed>3.046725</speed><course>320.963328</course><hAcc>1.525789</hAcc><vAcc>0.770704</vAcc></extensions></trkpt>
      <trkpt lon="34.992137" lat="31.904484"><ele>232.349574</ele><time>2026-04-23T06:15:37Z</time><extensions><speed>2.873734</speed><course>323.241231</course><hAcc>1.527673</hAcc><vAcc>0.771963</vAcc></extensions></trkpt>
      <trkpt lon="34.992120" lat="31.904504"><ele>232.158433</ele><time>2026-04-23T06:15:38Z</time><extensions><speed>2.671363</speed><course>323.284576</course><hAcc>1.530816</hAcc><vAcc>0.773268</vAcc></extensions></trkpt>
      <trkpt lon="34.992103" lat="31.904522"><ele>231.974017</ele><time>2026-04-23T06:15:39Z</time><extensions><speed>2.557517</speed><course>321.607543</course><hAcc>1.532534</hAcc><vAcc>0.774401</vAcc></extensions></trkpt>
      <trkpt lon="34.992086" lat="31.904540"><ele>231.803739</ele><time>2026-04-23T06:15:40Z</time><extensions><speed>2.541861</speed><course>320.986051</course><hAcc>1.526520</hAcc><vAcc>0.775119</vAcc></extensions></trkpt>
      <trkpt lon="34.992068" lat="31.904559"><ele>231.652118</ele><time>2026-04-23T06:15:41Z</time><extensions><speed>2.868631</speed><course>318.798714</course><hAcc>1.522266</hAcc><vAcc>0.775232</vAcc></extensions></trkpt>
      <trkpt lon="34.992046" lat="31.904579"><ele>231.509628</ele><time>2026-04-23T06:15:42Z</time><extensions><speed>3.228293</speed><course>314.236121</course><hAcc>1.518932</hAcc><vAcc>0.774652</vAcc></extensions></trkpt>
      <trkpt lon="34.992018" lat="31.904599"><ele>231.374265</ele><time>2026-04-23T06:15:43Z</time><extensions><speed>3.512171</speed><course>306.494063</course><hAcc>1.516332</hAcc><vAcc>0.773402</vAcc></extensions></trkpt>
      <trkpt lon="34.991989" lat="31.904617"><ele>231.227043</ele><time>2026-04-23T06:15:44Z</time><extensions><speed>3.359367</speed><course>304.700299</course><hAcc>1.515161</hAcc><vAcc>0.771628</vAcc></extensions></trkpt>
      <trkpt lon="34.991960" lat="31.904633"><ele>231.097960</ele><time>2026-04-23T06:15:45Z</time><extensions><speed>3.277861</speed><course>302.565295</course><hAcc>1.521520</hAcc><vAcc>0.769560</vAcc></extensions></trkpt>
      <trkpt lon="34.991934" lat="31.904648"><ele>230.973083</ele><time>2026-04-23T06:15:46Z</time><extensions><speed>2.670537</speed><course>304.504561</course><hAcc>1.528261</hAcc><vAcc>0.767418</vAcc></extensions></trkpt>
      <trkpt lon="34.991913" lat="31.904662"><ele>230.854477</ele><time>2026-04-23T06:15:47Z</time><extensions><speed>2.427806</speed><course>314.563397</course><hAcc>1.530819</hAcc><vAcc>0.765364</vAcc></extensions></trkpt>
      <trkpt lon="34.991896" lat="31.904680"><ele>230.741774</ele><time>2026-04-23T06:15:48Z</time><extensions><speed>2.643680</speed><course>325.531158</course><hAcc>1.537248</hAcc><vAcc>0.763504</vAcc></extensions></trkpt>
      <trkpt lon="34.991881" lat="31.904701"><ele>230.636616</ele><time>2026-04-23T06:15:49Z</time><extensions><speed>2.925419</speed><course>330.175889</course><hAcc>1.546294</hAcc><vAcc>0.761895</vAcc></extensions></trkpt>
      <trkpt lon="34.991864" lat="31.904725"><ele>230.540405</ele><time>2026-04-23T06:15:50Z</time><extensions><speed>3.342113</speed><course>330.085463</course><hAcc>1.546748</hAcc><vAcc>0.760559</vAcc></extensions></trkpt>
      <trkpt lon="34.991847" lat="31.904751"><ele>230.452660</ele><time>2026-04-23T06:15:51Z</time><extensions><speed>3.206836</speed><course>328.695834</course><hAcc>1.541961</hAcc><vAcc>0.759486</vAcc></extensions></trkpt>
      <trkpt lon="34.991830" lat="31.904774"><ele>230.374582</ele><time>2026-04-23T06:15:52Z</time><extensions><speed>2.969287</speed><course>329.484156</course><hAcc>1.536465</hAcc><vAcc>0.758655</vAcc></extensions></trkpt>
      <trkpt lon="34.991815" lat="31.904797"><ele>230.296239</ele><time>2026-04-23T06:15:53Z</time><extensions><speed>2.722303</speed><course>331.501564</course><hAcc>1.528966</hAcc><vAcc>0.758031</vAcc></extensions></trkpt>
      <trkpt lon="34.991803" lat="31.904817"><ele>230.209426</ele><time>2026-04-23T06:15:54Z</time><extensions><speed>2.436129</speed><course>331.186931</course><hAcc>1.523664</hAcc><vAcc>0.757578</vAcc></extensions></trkpt>
      <trkpt lon="34.991791" lat="31.904835"><ele>230.126275</ele><time>2026-04-23T06:15:55Z</time><extensions><speed>2.004601</speed><course>331.353734</course><hAcc>1.515168</hAcc><vAcc>0.757525</vAcc></extensions></trkpt>
      <trkpt lon="34.991782" lat="31.904848"><ele>230.045044</ele><time>2026-04-23T06:15:56Z</time><extensions><speed>1.540071</speed><course>326.324379</course><hAcc>1.519809</hAcc><vAcc>0.757883</vAcc></extensions></trkpt>
      <trkpt lon="34.991774" lat="31.904859"><ele>229.965474</ele><time>2026-04-23T06:15:57Z</time><extensions><speed>1.260284</speed><course>324.632043</course><hAcc>1.520941</hAcc><vAcc>0.758971</vAcc></extensions></trkpt>
      <trkpt lon="34.991767" lat="31.904868"><ele>229.877701</ele><time>2026-04-23T06:15:58Z</time><extensions><speed>1.060200</speed><course>330.163923</course><hAcc>1.523269</hAcc><vAcc>0.760897</vAcc></extensions></trkpt>
      <trkpt lon="34.991762" lat="31.904876"><ele>229.793120</ele><time>2026-04-23T06:15:59Z</time><extensions><speed>0.954481</speed><course>335.506666</course><hAcc>1.534183</hAcc><vAcc>0.763467</vAcc></extensions></trkpt>
      <trkpt lon="34.991759" lat="31.904884"><ele>229.713053</ele><time>2026-04-23T06:16:00Z</time><extensions><speed>0.941664</speed><course>345.820933</course><hAcc>1.551009</hAcc><vAcc>0.766648</vAcc></extensions></trkpt>
      <trkpt lon="34.991758" lat="31.904892"><ele>229.640491</ele><time>2026-04-23T06:16:01Z</time><extensions><speed>0.923455</speed><course>355.844973</course><hAcc>1.565660</hAcc><vAcc>0.770259</vAcc></extensions></trkpt>
      <trkpt lon="34.991758" lat="31.904899"><ele>229.566867</ele><time>2026-04-23T06:16:02Z</time><extensions><speed>0.761005</speed><course>16.121205</course><hAcc>1.560429</hAcc><vAcc>0.775436</vAcc></extensions></trkpt>
      <trkpt lon="34.991760" lat="31.904907"><ele>229.485100</ele><time>2026-04-23T06:16:03Z</time><extensions><speed>1.056474</speed><course>7.216925</course><hAcc>1.572007</hAcc><vAcc>0.781578</vAcc></extensions></trkpt>
      <trkpt lon="34.991760" lat="31.904918"><ele>229.411270</ele><time>2026-04-23T06:16:04Z</time><extensions><speed>1.441835</speed><course>351.848820</course><hAcc>1.601059</hAcc><vAcc>0.795575</vAcc></extensions></trkpt>
      <trkpt lon="34.991756" lat="31.904932"><ele>229.337734</ele><time>2026-04-23T06:16:05Z</time><extensions><speed>1.734432</speed><course>343.186603</course><hAcc>1.595394</hAcc><vAcc>0.815237</vAcc></extensions></trkpt>
      <trkpt lon="34.991750" lat="31.904947"><ele>229.264856</ele><time>2026-04-23T06:16:06Z</time><extensions><speed>1.811743</speed><course>336.776659</course><hAcc>1.577965</hAcc><vAcc>0.842608</vAcc></extensions></trkpt>
      <trkpt lon="34.991742" lat="31.904961"><ele>229.192992</ele><time>2026-04-23T06:16:07Z</time><extensions><speed>1.672158</speed><course>330.335233</course><hAcc>1.563331</hAcc><vAcc>0.880166</vAcc></extensions></trkpt>
      <trkpt lon="34.991733" lat="31.904974"><ele>229.122512</ele><time>2026-04-23T06:16:08Z</time><extensions><speed>1.498630</speed><course>328.766414</course><hAcc>1.564729</hAcc><vAcc>0.930741</vAcc></extensions></trkpt>
      <trkpt lon="34.991725" lat="31.904985"><ele>229.053676</ele><time>2026-04-23T06:16:09Z</time><extensions><speed>1.328651</speed><course>329.244229</course><hAcc>1.583269</hAcc><vAcc>0.997344</vAcc></extensions></trkpt>
      <trkpt lon="34.991719" lat="31.904994"><ele>228.986456</ele><time>2026-04-23T06:16:10Z</time><extensions><speed>1.141419</speed><course>332.555827</course><hAcc>1.617775</hAcc><vAcc>1.082885</vAcc></extensions></trkpt>
      <trkpt lon="34.991715" lat="31.905003"><ele>228.920547</ele><time>2026-04-23T06:16:11Z</time><extensions><speed>1.066160</speed><course>341.170857</course><hAcc>1.704509</hAcc><vAcc>1.189839</vAcc></extensions></trkpt>
      <trkpt lon="34.991711" lat="31.905012"><ele>228.855548</ele><time>2026-04-23T06:16:12Z</time><extensions><speed>1.003236</speed><course>346.580931</course><hAcc>1.847188</hAcc><vAcc>1.319963</vAcc></extensions></trkpt>
      <trkpt lon="34.991709" lat="31.905021"><ele>228.791105</ele><time>2026-04-23T06:16:13Z</time><extensions><speed>0.906933</speed><course>346.108250</course><hAcc>2.040252</hAcc><vAcc>1.474188</vAcc></extensions></trkpt>
    </trkseg>
  </trk>
</gpx>